event_ticker,target_date,checkpoint_id,checkpoint_as_of,model,selected_run_init,available_at,run_id,forecast_high_f,model_remaining_day_high_f,observed_high_so_far_f,projected_final_high_f,actual_high_f,residual_f,target_regime,replay_mode,actual_source,winning_bucket_label,month,season,lead_hours,source,provenance
KXHIGHNY-26APR02,2026-04-02,d0_0600,2026-04-02T10:00:00+00:00,gfs_operational_latest,2026-04-02T00:00:00+00:00,2026-04-02T06:00:00+00:00,day_00z,55.1,55.1,,55.1,51.0,-4.100000000000001,nws_cli_knyc,MODEL_ONLY_REPLAY,iem_nws_cli,53° or below,4,spring,0.0,open-meteo:single-runs:ncep_gfs_global:operational_latest,policy=latest_available_by_latency;latency_h=6;replay_mode=MODEL_ONLY_REPLAY;residual_convention=residual_f = actual_high_f - forecast_high_f
KXHIGHNY-26APR02,2026-04-02,d0_0900,2026-04-02T13:00:00+00:00,gfs_operational_latest,2026-04-02T06:00:00+00:00,2026-04-02T12:00:00+00:00,day_06z,51.0,51.0,,51.0,51.0,0.0,nws_cli_knyc,MODEL_ONLY_REPLAY,iem_nws_cli,53° or below,4,spring,-6.0,open-meteo:single-runs:ncep_gfs_global:operational_latest,policy=latest_available_by_latency;latency_h=6;replay_mode=MODEL_ONLY_REPLAY;residual_convention=residual_f = actual_high_f - forecast_high_f
KXHIGHNY-26APR02,2026-04-02,d0_1200,2026-04-02T16:00:00+00:00,gfs_operational_latest,2026-04-02T06:00:00+00:00,2026-04-02T12:00:00+00:00,day_06z,51.0,51.0,,51.0,51.0,0.0,nws_cli_knyc,MODEL_ONLY_REPLAY,iem_nws_cli,53° or below,4,spring,-6.0,open-meteo:single-runs:ncep_gfs_global:operational_latest,policy=latest_available_by_latency;latency_h=6;replay_mode=MODEL_ONLY_REPLAY;residual_convention=residual_f = actual_high_f - forecast_high_f
KXHIGHNY-26APR02,2026-04-02,d0_1500,2026-04-02T19:00:00+00:00,gfs_operational_latest,2026-04-02T06:00:00+00:00,2026-04-02T12:00:00+00:00,day_06z,51.0,51.0,,51.0,51.0,0.0,nws_cli_knyc,MODEL_ONLY_REPLAY,iem_nws_cli,53° or below,4,spring,-6.0,open-meteo:single-runs:ncep_gfs_global:operational_latest,policy=latest_available_by_latency;latency_h=6;replay_mode=MODEL_ONLY_REPLAY;residual_convention=residual_f = actual_high_f - forecast_high_f
KXHIGHNY-26APR03,2026-04-03,dminus1_1800,2026-04-02T22:00:00+00:00,gfs_operational_latest,2026-04-02T12:00:00+00:00,2026-04-02T18:00:00+00:00,prev_12z,71.7,71.7,,71.7,66.0,-5.700000000000003,nws_cli_knyc,FULL_OPERATIONAL_REPLAY,iem_nws_cli,65° to 66°,4,spring,12.0,open-meteo:single-runs:ncep_gfs_global:operational_latest,policy=latest_available_by_latency;latency_h=6;replay_mode=FULL_OPERATIONAL_REPLAY;residual_convention=residual_f = actual_high_f - forecast_high_f
KXHIGHNY-26APR03,2026-04-03,d0_0600,2026-04-03T10:00:00+00:00,gfs_operational_latest,2026-04-03T00:00:00+00:00,2026-04-03T06:00:00+00:00,day_00z,72.3,72.3,,72.3,66.0,-6.299999999999997,nws_cli_knyc,MODEL_ONLY_REPLAY,iem_nws_cli,65° to 66°,4,spring,0.0,open-meteo:single-runs:ncep_gfs_global:operational_latest,policy=latest_available_by_latency;latency_h=6;replay_mode=MODEL_ONLY_REPLAY;residual_convention=residual_f = actual_high_f - forecast_high_f
KXHIGHNY-26APR03,2026-04-03,d0_0900,2026-04-03T13:00:00+00:00,gfs_operational_latest,2026-04-03T06:00:00+00:00,2026-04-03T12:00:00+00:00,day_06z,72.1,72.1,,72.1,66.0,-6.099999999999994,nws_cli_knyc,MODEL_ONLY_REPLAY,iem_nws_cli,65° to 66°,4,spring,-6.0,open-meteo:single-runs:ncep_gfs_global:operational_latest,policy=latest_available_by_latency;latency_h=6;replay_mode=MODEL_ONLY_REPLAY;residual_convention=residual_f = actual_high_f - forecast_high_f
KXHIGHNY-26APR03,2026-04-03,d0_1200,2026-04-03T16:00:00+00:00,gfs_operational_latest,2026-04-03T06:00:00+00:00,2026-04-03T12:00:00+00:00,day_06z,72.1,72.1,,72.1,66.0,-6.099999999999994,nws_cli_knyc,MODEL_ONLY_REPLAY,iem_nws_cli,65° to 66°,4,spring,-6.0,open-meteo:single-runs:ncep_gfs_global:operational_latest,policy=latest_available_by_latency;latency_h=6;replay_mode=MODEL_ONLY_REPLAY;residual_convention=residual_f = actual_high_f - forecast_high_f
KXHIGHNY-26APR03,2026-04-03,d0_1500,2026-04-03T19:00:00+00:00,gfs_operational_latest,2026-04-03T06:00:00+00:00,2026-04-03T12:00:00+00:00,day_06z,72.1,72.1,,72.1,66.0,-6.099999999999994,nws_cli_knyc,MODEL_ONLY_REPLAY,iem_nws_cli,65° to 66°,4,spring,-6.0,open-meteo:single-runs:ncep_gfs_global:operational_latest,policy=latest_available_by_latency;latency_h=6;replay_mode=MODEL_ONLY_REPLAY;residual_convention=residual_f = actual_high_f - forecast_high_f
KXHIGHNY-26APR04,2026-04-04,dminus1_1800,2026-04-03T22:00:00+00:00,gfs_operational_latest,2026-04-03T12:00:00+00:00,2026-04-03T18:00:00+00:00,prev_12z,67.7,67.7,,67.7,73.0,5.299999999999997,nws_cli_knyc,FULL_OPERATIONAL_REPLAY,iem_nws_cli,72° to 73°,4,spring,12.0,open-meteo:single-runs:ncep_gfs_global:operational_latest,policy=latest_available_by_latency;latency_h=6;replay_mode=FULL_OPERATIONAL_REPLAY;residual_convention=residual_f = actual_high_f - forecast_high_f
KXHIGHNY-26APR04,2026-04-04,d0_0600,2026-04-04T10:00:00+00:00,gfs_operational_latest,2026-04-04T00:00:00+00:00,2026-04-04T06:00:00+00:00,day_00z,70.4,70.4,,70.4,73.0,2.5999999999999943,nws_cli_knyc,MODEL_ONLY_REPLAY,iem_nws_cli,72° to 73°,4,spring,0.0,open-meteo:single-runs:ncep_gfs_global:operational_latest,policy=latest_available_by_latency;latency_h=6;replay_mode=MODEL_ONLY_REPLAY;residual_convention=residual_f = actual_high_f - forecast_high_f
KXHIGHNY-26APR04,2026-04-04,d0_0900,2026-04-04T13:00:00+00:00,gfs_operational_latest,2026-04-04T06:00:00+00:00,2026-04-04T12:00:00+00:00,day_06z,70.3,70.3,,70.3,73.0,2.700000000000003,nws_cli_knyc,MODEL_ONLY_REPLAY,iem_nws_cli,72° to 73°,4,spring,-6.0,open-meteo:single-runs:ncep_gfs_global:operational_latest,policy=latest_available_by_latency;latency_h=6;replay_mode=MODEL_ONLY_REPLAY;residual_convention=residual_f = actual_high_f - forecast_high_f
KXHIGHNY-26APR04,2026-04-04,d0_1200,2026-04-04T16:00:00+00:00,gfs_operational_latest,2026-04-04T06:00:00+00:00,2026-04-04T12:00:00+00:00,day_06z,70.3,70.3,,70.3,73.0,2.700000000000003,nws_cli_knyc,MODEL_ONLY_REPLAY,iem_nws_cli,72° to 73°,4,spring,-6.0,open-meteo:single-runs:ncep_gfs_global:operational_latest,policy=latest_available_by_latency;latency_h=6;replay_mode=MODEL_ONLY_REPLAY;residual_convention=residual_f = actual_high_f - forecast_high_f
KXHIGHNY-26APR04,2026-04-04,d0_1500,2026-04-04T19:00:00+00:00,gfs_operational_latest,2026-04-04T06:00:00+00:00,2026-04-04T12:00:00+00:00,day_06z,70.3,70.3,,70.3,73.0,2.700000000000003,nws_cli_knyc,MODEL_ONLY_REPLAY,iem_nws_cli,72° to 73°,4,spring,-6.0,open-meteo:single-runs:ncep_gfs_global:operational_latest,policy=latest_available_by_latency;latency_h=6;replay_mode=MODEL_ONLY_REPLAY;residual_convention=residual_f = actual_high_f - forecast_high_f
KXHIGHNY-26APR05,2026-04-05,dminus1_1800,2026-04-04T22:00:00+00:00,gfs_operational_latest,2026-04-04T12:00:00+00:00,2026-04-04T18:00:00+00:00,prev_12z,60.7,60.7,,60.7,57.0,-3.700000000000003,nws_cli_knyc,FULL_OPERATIONAL_REPLAY,iem_nws_cli,59° or below,4,spring,12.0,open-meteo:single-runs:ncep_gfs_global:operational_latest,policy=latest_available_by_latency;latency_h=6;replay_mode=FULL_OPERATIONAL_REPLAY;residual_convention=residual_f = actual_high_f - forecast_high_f
KXHIGHNY-26APR05,2026-04-05,d0_0600,2026-04-05T10:00:00+00:00,gfs_operational_latest,2026-04-05T00:00:00+00:00,2026-04-05T06:00:00+00:00,day_00z,57.3,57.3,,57.3,57.0,-0.29999999999999716,nws_cli_knyc,MODEL_ONLY_REPLAY,iem_nws_cli,59° or below,4,spring,0.0,open-meteo:single-runs:ncep_gfs_global:operational_latest,policy=latest_available_by_latency;latency_h=6;replay_mode=MODEL_ONLY_REPLAY;residual_convention=residual_f = actual_high_f - forecast_high_f
KXHIGHNY-26APR05,2026-04-05,d0_0900,2026-04-05T13:00:00+00:00,gfs_operational_latest,2026-04-05T06:00:00+00:00,2026-04-05T12:00:00+00:00,day_06z,56.2,56.2,,56.2,57.0,0.7999999999999972,nws_cli_knyc,MODEL_ONLY_REPLAY,iem_nws_cli,59° or below,4,spring,-6.0,open-meteo:single-runs:ncep_gfs_global:operational_latest,policy=latest_available_by_latency;latency_h=6;replay_mode=MODEL_ONLY_REPLAY;residual_convention=residual_f = actual_high_f - forecast_high_f
KXHIGHNY-26APR05,2026-04-05,d0_1200,2026-04-05T16:00:00+00:00,gfs_operational_latest,2026-04-05T06:00:00+00:00,2026-04-05T12:00:00+00:00,day_06z,56.2,56.2,,56.2,57.0,0.7999999999999972,nws_cli_knyc,MODEL_ONLY_REPLAY,iem_nws_cli,59° or below,4,spring,-6.0,open-meteo:single-runs:ncep_gfs_global:operational_latest,policy=latest_available_by_latency;latency_h=6;replay_mode=MODEL_ONLY_REPLAY;residual_convention=residual_f = actual_high_f - forecast_high_f
KXHIGHNY-26APR05,2026-04-05,d0_1500,2026-04-05T19:00:00+00:00,gfs_operational_latest,2026-04-05T06:00:00+00:00,2026-04-05T12:00:00+00:00,day_06z,56.2,56.2,,56.2,57.0,0.7999999999999972,nws_cli_knyc,MODEL_ONLY_REPLAY,iem_nws_cli,59° or below,4,spring,-6.0,open-meteo:single-runs:ncep_gfs_global:operational_latest,policy=latest_available_by_latency;latency_h=6;replay_mode=MODEL_ONLY_REPLAY;residual_convention=residual_f = actual_high_f - forecast_high_f
KXHIGHNY-26APR06,2026-04-06,dminus1_1800,2026-04-05T22:00:00+00:00,gfs_operational_latest,2026-04-05T12:00:00+00:00,2026-04-05T18:00:00+00:00,prev_12z,55.7,55.7,,55.7,56.0,0.29999999999999716,nws_cli_knyc,FULL_OPERATIONAL_REPLAY,iem_nws_cli,56° to 57°,4,spring,12.0,open-meteo:single-runs:ncep_gfs_global:operational_latest,policy=latest_available_by_latency;latency_h=6;replay_mode=FULL_OPERATIONAL_REPLAY;residual_convention=residual_f = actual_high_f - forecast_high_f
KXHIGHNY-26APR06,2026-04-06,d0_0600,2026-04-06T10:00:00+00:00,gfs_operational_latest,2026-04-06T00:00:00+00:00,2026-04-06T06:00:00+00:00,day_00z,55.5,55.5,,55.5,56.0,0.5,nws_cli_knyc,MODEL_ONLY_REPLAY,iem_nws_cli,56° to 57°,4,spring,0.0,open-meteo:single-runs:ncep_gfs_global:operational_latest,policy=latest_available_by_latency;latency_h=6;replay_mode=MODEL_ONLY_REPLAY;residual_convention=residual_f = actual_high_f - forecast_high_f
KXHIGHNY-26APR06,2026-04-06,d0_0900,2026-04-06T13:00:00+00:00,gfs_operational_latest,2026-04-06T06:00:00+00:00,2026-04-06T12:00:00+00:00,day_06z,55.7,55.7,,55.7,56.0,0.29999999999999716,nws_cli_knyc,MODEL_ONLY_REPLAY,iem_nws_cli,56° to 57°,4,spring,-6.0,open-meteo:single-runs:ncep_gfs_global:operational_latest,policy=latest_available_by_latency;latency_h=6;replay_mode=MODEL_ONLY_REPLAY;residual_convention=residual_f = actual_high_f - forecast_high_f
KXHIGHNY-26APR06,2026-04-06,d0_1200,2026-04-06T16:00:00+00:00,gfs_operational_latest,2026-04-06T06:00:00+00:00,2026-04-06T12:00:00+00:00,day_06z,55.7,55.7,,55.7,56.0,0.29999999999999716,nws_cli_knyc,MODEL_ONLY_REPLAY,iem_nws_cli,56° to 57°,4,spring,-6.0,open-meteo:single-runs:ncep_gfs_global:operational_latest,policy=latest_available_by_latency;latency_h=6;replay_mode=MODEL_ONLY_REPLAY;residual_convention=residual_f = actual_high_f - forecast_high_f
KXHIGHNY-26APR06,2026-04-06,d0_1500,2026-04-06T19:00:00+00:00,gfs_operational_latest,2026-04-06T06:00:00+00:00,2026-04-06T12:00:00+00:00,day_06z,55.7,55.7,,55.7,56.0,0.29999999999999716,nws_cli_knyc,MODEL_ONLY_REPLAY,iem_nws_cli,56° to 57°,4,spring,-6.0,open-meteo:single-runs:ncep_gfs_global:operational_latest,policy=latest_available_by_latency;latency_h=6;replay_mode=MODEL_ONLY_REPLAY;residual_convention=residual_f = actual_high_f - forecast_high_f
KXHIGHNY-26APR07,2026-04-07,dminus1_1800,2026-04-06T22:00:00+00:00,gfs_operational_latest,2026-04-06T12:00:00+00:00,2026-04-06T18:00:00+00:00,prev_12z,51.5,51.5,,51.5,56.0,4.5,nws_cli_knyc,FULL_OPERATIONAL_REPLAY,iem_nws_cli,56° or above,4,spring,12.0,open-meteo:single-runs:ncep_gfs_global:operational_latest,policy=latest_available_by_latency;latency_h=6;replay_mode=FULL_OPERATIONAL_REPLAY;residual_convention=residual_f = actual_high_f - forecast_high_f
KXHIGHNY-26APR07,2026-04-07,d0_0600,2026-04-07T10:00:00+00:00,gfs_operational_latest,2026-04-07T00:00:00+00:00,2026-04-07T06:00:00+00:00,day_00z,51.5,51.5,,51.5,56.0,4.5,nws_cli_knyc,MODEL_ONLY_REPLAY,iem_nws_cli,56° or above,4,spring,0.0,open-meteo:single-runs:ncep_gfs_global:operational_latest,policy=latest_available_by_latency;latency_h=6;replay_mode=MODEL_ONLY_REPLAY;residual_convention=residual_f = actual_high_f - forecast_high_f
KXHIGHNY-26APR07,2026-04-07,d0_0900,2026-04-07T13:00:00+00:00,gfs_operational_latest,2026-04-07T06:00:00+00:00,2026-04-07T12:00:00+00:00,day_06z,51.5,51.5,,51.5,56.0,4.5,nws_cli_knyc,MODEL_ONLY_REPLAY,iem_nws_cli,56° or above,4,spring,-6.0,open-meteo:single-runs:ncep_gfs_global:operational_latest,policy=latest_available_by_latency;latency_h=6;replay_mode=MODEL_ONLY_REPLAY;residual_convention=residual_f = actual_high_f - forecast_high_f
KXHIGHNY-26APR07,2026-04-07,d0_1200,2026-04-07T16:00:00+00:00,gfs_operational_latest,2026-04-07T06:00:00+00:00,2026-04-07T12:00:00+00:00,day_06z,51.5,51.5,,51.5,56.0,4.5,nws_cli_knyc,MODEL_ONLY_REPLAY,iem_nws_cli,56° or above,4,spring,-6.0,open-meteo:single-runs:ncep_gfs_global:operational_latest,policy=latest_available_by_latency;latency_h=6;replay_mode=MODEL_ONLY_REPLAY;residual_convention=residual_f = actual_high_f - forecast_high_f
KXHIGHNY-26APR07,2026-04-07,d0_1500,2026-04-07T19:00:00+00:00,gfs_operational_latest,2026-04-07T06:00:00+00:00,2026-04-07T12:00:00+00:00,day_06z,51.5,51.5,,51.5,56.0,4.5,nws_cli_knyc,MODEL_ONLY_REPLAY,iem_nws_cli,56° or above,4,spring,-6.0,open-meteo:single-runs:ncep_gfs_global:operational_latest,policy=latest_available_by_latency;latency_h=6;replay_mode=MODEL_ONLY_REPLAY;residual_convention=residual_f = actual_high_f - forecast_high_f
KXHIGHNY-26APR08,2026-04-08,dminus1_1800,2026-04-07T22:00:00+00:00,gfs_operational_latest,2026-04-07T12:00:00+00:00,2026-04-07T18:00:00+00:00,prev_12z,51.2,51.2,,51.2,51.0,-0.20000000000000284,nws_cli_knyc,FULL_OPERATIONAL_REPLAY,iem_nws_cli,50° to 51°,4,spring,12.0,open-meteo:single-runs:ncep_gfs_global:operational_latest,policy=latest_available_by_latency;latency_h=6;replay_mode=FULL_OPERATIONAL_REPLAY;residual_convention=residual_f = actual_high_f - forecast_high_f
KXHIGHNY-26APR08,2026-04-08,d0_0600,2026-04-08T10:00:00+00:00,gfs_operational_latest,2026-04-08T00:00:00+00:00,2026-04-08T06:00:00+00:00,day_00z,50.3,50.3,,50.3,51.0,0.7000000000000028,nws_cli_knyc,MODEL_ONLY_REPLAY,iem_nws_cli,50° to 51°,4,spring,0.0,open-meteo:single-runs:ncep_gfs_global:operational_latest,policy=latest_available_by_latency;latency_h=6;replay_mode=MODEL_ONLY_REPLAY;residual_convention=residual_f = actual_high_f - forecast_high_f
KXHIGHNY-26APR08,2026-04-08,d0_0900,2026-04-08T13:00:00+00:00,gfs_operational_latest,2026-04-08T06:00:00+00:00,2026-04-08T12:00:00+00:00,day_06z,50.3,50.3,,50.3,51.0,0.7000000000000028,nws_cli_knyc,MODEL_ONLY_REPLAY,iem_nws_cli,50° to 51°,4,spring,-6.0,open-meteo:single-runs:ncep_gfs_global:operational_latest,policy=latest_available_by_latency;latency_h=6;replay_mode=MODEL_ONLY_REPLAY;residual_convention=residual_f = actual_high_f - forecast_high_f
KXHIGHNY-26APR08,2026-04-08,d0_1200,2026-04-08T16:00:00+00:00,gfs_operational_latest,2026-04-08T06:00:00+00:00,2026-04-08T12:00:00+00:00,day_06z,50.3,50.3,,50.3,51.0,0.7000000000000028,nws_cli_knyc,MODEL_ONLY_REPLAY,iem_nws_cli,50° to 51°,4,spring,-6.0,open-meteo:single-runs:ncep_gfs_global:operational_latest,policy=latest_available_by_latency;latency_h=6;replay_mode=MODEL_ONLY_REPLAY;residual_convention=residual_f = actual_high_f - forecast_high_f
KXHIGHNY-26APR08,2026-04-08,d0_1500,2026-04-08T19:00:00+00:00,gfs_operational_latest,2026-04-08T06:00:00+00:00,2026-04-08T12:00:00+00:00,day_06z,50.3,50.3,,50.3,51.0,0.7000000000000028,nws_cli_knyc,MODEL_ONLY_REPLAY,iem_nws_cli,50° to 51°,4,spring,-6.0,open-meteo:single-runs:ncep_gfs_global:operational_latest,policy=latest_available_by_latency;latency_h=6;replay_mode=MODEL_ONLY_REPLAY;residual_convention=residual_f = actual_high_f - forecast_high_f
KXHIGHNY-26APR09,2026-04-09,dminus1_1800,2026-04-08T22:00:00+00:00,gfs_operational_latest,2026-04-08T12:00:00+00:00,2026-04-08T18:00:00+00:00,prev_12z,51.7,51.7,,51.7,51.0,-0.7000000000000028,nws_cli_knyc,FULL_OPERATIONAL_REPLAY,iem_nws_cli,52° or below,4,spring,12.0,open-meteo:single-runs:ncep_gfs_global:operational_latest,policy=latest_available_by_latency;latency_h=6;replay_mode=FULL_OPERATIONAL_REPLAY;residual_convention=residual_f = actual_high_f - forecast_high_f
KXHIGHNY-26APR09,2026-04-09,d0_0600,2026-04-09T10:00:00+00:00,gfs_operational_latest,2026-04-09T00:00:00+00:00,2026-04-09T06:00:00+00:00,day_00z,52.3,52.3,,52.3,51.0,-1.2999999999999972,nws_cli_knyc,MODEL_ONLY_REPLAY,iem_nws_cli,52° or below,4,spring,0.0,open-meteo:single-runs:ncep_gfs_global:operational_latest,policy=latest_available_by_latency;latency_h=6;replay_mode=MODEL_ONLY_REPLAY;residual_convention=residual_f = actual_high_f - forecast_high_f
KXHIGHNY-26APR09,2026-04-09,d0_0900,2026-04-09T13:00:00+00:00,gfs_operational_latest,2026-04-09T06:00:00+00:00,2026-04-09T12:00:00+00:00,day_06z,51.5,51.5,,51.5,51.0,-0.5,nws_cli_knyc,MODEL_ONLY_REPLAY,iem_nws_cli,52° or below,4,spring,-6.0,open-meteo:single-runs:ncep_gfs_global:operational_latest,policy=latest_available_by_latency;latency_h=6;replay_mode=MODEL_ONLY_REPLAY;residual_convention=residual_f = actual_high_f - forecast_high_f
KXHIGHNY-26APR09,2026-04-09,d0_1200,2026-04-09T16:00:00+00:00,gfs_operational_latest,2026-04-09T06:00:00+00:00,2026-04-09T12:00:00+00:00,day_06z,51.5,51.5,,51.5,51.0,-0.5,nws_cli_knyc,MODEL_ONLY_REPLAY,iem_nws_cli,52° or below,4,spring,-6.0,open-meteo:single-runs:ncep_gfs_global:operational_latest,policy=latest_available_by_latency;latency_h=6;replay_mode=MODEL_ONLY_REPLAY;residual_convention=residual_f = actual_high_f - forecast_high_f
KXHIGHNY-26APR09,2026-04-09,d0_1500,2026-04-09T19:00:00+00:00,gfs_operational_latest,2026-04-09T06:00:00+00:00,2026-04-09T12:00:00+00:00,day_06z,51.5,51.5,,51.5,51.0,-0.5,nws_cli_knyc,MODEL_ONLY_REPLAY,iem_nws_cli,52° or below,4,spring,-6.0,open-meteo:single-runs:ncep_gfs_global:operational_latest,policy=latest_available_by_latency;latency_h=6;replay_mode=MODEL_ONLY_REPLAY;residual_convention=residual_f = actual_high_f - forecast_high_f
KXHIGHNY-26APR10,2026-04-10,dminus1_1800,2026-04-09T22:00:00+00:00,gfs_operational_latest,2026-04-09T12:00:00+00:00,2026-04-09T18:00:00+00:00,prev_12z,64.5,64.5,,64.5,63.0,-1.5,nws_cli_knyc,FULL_OPERATIONAL_REPLAY,iem_nws_cli,63° to 64°,4,spring,12.0,open-meteo:single-runs:ncep_gfs_global:operational_latest,policy=latest_available_by_latency;latency_h=6;replay_mode=FULL_OPERATIONAL_REPLAY;residual_convention=residual_f = actual_high_f - forecast_high_f
KXHIGHNY-26APR10,2026-04-10,d0_0600,2026-04-10T10:00:00+00:00,gfs_operational_latest,2026-04-10T00:00:00+00:00,2026-04-10T06:00:00+00:00,day_00z,63.2,63.2,,63.2,63.0,-0.20000000000000284,nws_cli_knyc,MODEL_ONLY_REPLAY,iem_nws_cli,63° to 64°,4,spring,0.0,open-meteo:single-runs:ncep_gfs_global:operational_latest,policy=latest_available_by_latency;latency_h=6;replay_mode=MODEL_ONLY_REPLAY;residual_convention=residual_f = actual_high_f - forecast_high_f
KXHIGHNY-26APR10,2026-04-10,d0_0900,2026-04-10T13:00:00+00:00,gfs_operational_latest,2026-04-10T06:00:00+00:00,2026-04-10T12:00:00+00:00,day_06z,63.6,63.6,,63.6,63.0,-0.6000000000000014,nws_cli_knyc,MODEL_ONLY_REPLAY,iem_nws_cli,63° to 64°,4,spring,-6.0,open-meteo:single-runs:ncep_gfs_global:operational_latest,policy=latest_available_by_latency;latency_h=6;replay_mode=MODEL_ONLY_REPLAY;residual_convention=residual_f = actual_high_f - forecast_high_f
KXHIGHNY-26APR10,2026-04-10,d0_1200,2026-04-10T16:00:00+00:00,gfs_operational_latest,2026-04-10T06:00:00+00:00,2026-04-10T12:00:00+00:00,day_06z,63.6,63.6,,63.6,63.0,-0.6000000000000014,nws_cli_knyc,MODEL_ONLY_REPLAY,iem_nws_cli,63° to 64°,4,spring,-6.0,open-meteo:single-runs:ncep_gfs_global:operational_latest,policy=latest_available_by_latency;latency_h=6;replay_mode=MODEL_ONLY_REPLAY;residual_convention=residual_f = actual_high_f - forecast_high_f
KXHIGHNY-26APR10,2026-04-10,d0_1500,2026-04-10T19:00:00+00:00,gfs_operational_latest,2026-04-10T06:00:00+00:00,2026-04-10T12:00:00+00:00,day_06z,63.6,63.6,,63.6,63.0,-0.6000000000000014,nws_cli_knyc,MODEL_ONLY_REPLAY,iem_nws_cli,63° to 64°,4,spring,-6.0,open-meteo:single-runs:ncep_gfs_global:operational_latest,policy=latest_available_by_latency;latency_h=6;replay_mode=MODEL_ONLY_REPLAY;residual_convention=residual_f = actual_high_f - forecast_high_f
KXHIGHNY-26APR11,2026-04-11,dminus1_1800,2026-04-10T22:00:00+00:00,gfs_operational_latest,2026-04-10T12:00:00+00:00,2026-04-10T18:00:00+00:00,prev_12z,61.3,61.3,,61.3,63.0,1.7000000000000028,nws_cli_knyc,FULL_OPERATIONAL_REPLAY,iem_nws_cli,63° to 64°,4,spring,12.0,open-meteo:single-runs:ncep_gfs_global:operational_latest,policy=latest_available_by_latency;latency_h=6;replay_mode=FULL_OPERATIONAL_REPLAY;residual_convention=residual_f = actual_high_f - forecast_high_f
KXHIGHNY-26APR11,2026-04-11,d0_0600,2026-04-11T10:00:00+00:00,gfs_operational_latest,2026-04-11T00:00:00+00:00,2026-04-11T06:00:00+00:00,day_00z,61.3,61.3,,61.3,63.0,1.7000000000000028,nws_cli_knyc,MODEL_ONLY_REPLAY,iem_nws_cli,63° to 64°,4,spring,0.0,open-meteo:single-runs:ncep_gfs_global:operational_latest,policy=latest_available_by_latency;latency_h=6;replay_mode=MODEL_ONLY_REPLAY;residual_convention=residual_f = actual_high_f - forecast_high_f
KXHIGHNY-26APR11,2026-04-11,d0_0900,2026-04-11T13:00:00+00:00,gfs_operational_latest,2026-04-11T06:00:00+00:00,2026-04-11T12:00:00+00:00,day_06z,61.4,61.4,,61.4,63.0,1.6000000000000014,nws_cli_knyc,MODEL_ONLY_REPLAY,iem_nws_cli,63° to 64°,4,spring,-6.0,open-meteo:single-runs:ncep_gfs_global:operational_latest,policy=latest_available_by_latency;latency_h=6;replay_mode=MODEL_ONLY_REPLAY;residual_convention=residual_f = actual_high_f - forecast_high_f
KXHIGHNY-26APR11,2026-04-11,d0_1200,2026-04-11T16:00:00+00:00,gfs_operational_latest,2026-04-11T06:00:00+00:00,2026-04-11T12:00:00+00:00,day_06z,61.4,61.4,,61.4,63.0,1.6000000000000014,nws_cli_knyc,MODEL_ONLY_REPLAY,iem_nws_cli,63° to 64°,4,spring,-6.0,open-meteo:single-runs:ncep_gfs_global:operational_latest,policy=latest_available_by_latency;latency_h=6;replay_mode=MODEL_ONLY_REPLAY;residual_convention=residual_f = actual_high_f - forecast_high_f
KXHIGHNY-26APR11,2026-04-11,d0_1500,2026-04-11T19:00:00+00:00,gfs_operational_latest,2026-04-11T06:00:00+00:00,2026-04-11T12:00:00+00:00,day_06z,61.4,61.4,,61.4,63.0,1.6000000000000014,nws_cli_knyc,MODEL_ONLY_REPLAY,iem_nws_cli,63° to 64°,4,spring,-6.0,open-meteo:single-runs:ncep_gfs_global:operational_latest,policy=latest_available_by_latency;latency_h=6;replay_mode=MODEL_ONLY_REPLAY;residual_convention=residual_f = actual_high_f - forecast_high_f
KXHIGHNY-26APR12,2026-04-12,dminus1_1800,2026-04-11T22:00:00+00:00,gfs_operational_latest,2026-04-11T12:00:00+00:00,2026-04-11T18:00:00+00:00,prev_12z,56.0,56.0,,56.0,55.0,-1.0,nws_cli_knyc,FULL_OPERATIONAL_REPLAY,iem_nws_cli,55° or below,4,spring,12.0,open-meteo:single-runs:ncep_gfs_global:operational_latest,policy=latest_available_by_latency;latency_h=6;replay_mode=FULL_OPERATIONAL_REPLAY;residual_convention=residual_f = actual_high_f - forecast_high_f
KXHIGHNY-26APR12,2026-04-12,d0_0600,2026-04-12T10:00:00+00:00,gfs_operational_latest,2026-04-12T00:00:00+00:00,2026-04-12T06:00:00+00:00,day_00z,56.2,56.2,,56.2,55.0,-1.2000000000000028,nws_cli_knyc,MODEL_ONLY_REPLAY,iem_nws_cli,55° or below,4,spring,0.0,open-meteo:single-runs:ncep_gfs_global:operational_latest,policy=latest_available_by_latency;latency_h=6;replay_mode=MODEL_ONLY_REPLAY;residual_convention=residual_f = actual_high_f - forecast_high_f
KXHIGHNY-26APR12,2026-04-12,d0_0900,2026-04-12T13:00:00+00:00,gfs_operational_latest,2026-04-12T06:00:00+00:00,2026-04-12T12:00:00+00:00,day_06z,56.0,56.0,,56.0,55.0,-1.0,nws_cli_knyc,MODEL_ONLY_REPLAY,iem_nws_cli,55° or below,4,spring,-6.0,open-meteo:single-runs:ncep_gfs_global:operational_latest,policy=latest_available_by_latency;latency_h=6;replay_mode=MODEL_ONLY_REPLAY;residual_convention=residual_f = actual_high_f - forecast_high_f
KXHIGHNY-26APR12,2026-04-12,d0_1200,2026-04-12T16:00:00+00:00,gfs_operational_latest,2026-04-12T06:00:00+00:00,2026-04-12T12:00:00+00:00,day_06z,56.0,56.0,,56.0,55.0,-1.0,nws_cli_knyc,MODEL_ONLY_REPLAY,iem_nws_cli,55° or below,4,spring,-6.0,open-meteo:single-runs:ncep_gfs_global:operational_latest,policy=latest_available_by_latency;latency_h=6;replay_mode=MODEL_ONLY_REPLAY;residual_convention=residual_f = actual_high_f - forecast_high_f
KXHIGHNY-26APR12,2026-04-12,d0_1500,2026-04-12T19:00:00+00:00,gfs_operational_latest,2026-04-12T06:00:00+00:00,2026-04-12T12:00:00+00:00,day_06z,56.0,56.0,,56.0,55.0,-1.0,nws_cli_knyc,MODEL_ONLY_REPLAY,iem_nws_cli,55° or below,4,spring,-6.0,open-meteo:single-runs:ncep_gfs_global:operational_latest,policy=latest_available_by_latency;latency_h=6;replay_mode=MODEL_ONLY_REPLAY;residual_convention=residual_f = actual_high_f - forecast_high_f
KXHIGHNY-26APR13,2026-04-13,dminus1_1800,2026-04-12T22:00:00+00:00,gfs_operational_latest,2026-04-12T12:00:00+00:00,2026-04-12T18:00:00+00:00,prev_12z,78.2,78.2,,78.2,79.0,0.7999999999999972,nws_cli_knyc,FULL_OPERATIONAL_REPLAY,iem_nws_cli,78° to 79°,4,spring,12.0,open-meteo:single-runs:ncep_gfs_global:operational_latest,policy=latest_available_by_latency;latency_h=6;replay_mode=FULL_OPERATIONAL_REPLAY;residual_convention=residual_f = actual_high_f - forecast_high_f
KXHIGHNY-26APR13,2026-04-13,d0_0600,2026-04-13T10:00:00+00:00,gfs_operational_latest,2026-04-13T00:00:00+00:00,2026-04-13T06:00:00+00:00,day_00z,79.6,79.6,,79.6,79.0,-0.5999999999999943,nws_cli_knyc,MODEL_ONLY_REPLAY,iem_nws_cli,78° to 79°,4,spring,0.0,open-meteo:single-runs:ncep_gfs_global:operational_latest,policy=latest_available_by_latency;latency_h=6;replay_mode=MODEL_ONLY_REPLAY;residual_convention=residual_f = actual_high_f - forecast_high_f
KXHIGHNY-26APR13,2026-04-13,d0_0900,2026-04-13T13:00:00+00:00,gfs_operational_latest,2026-04-13T06:00:00+00:00,2026-04-13T12:00:00+00:00,day_06z,79.4,79.4,,79.4,79.0,-0.4000000000000057,nws_cli_knyc,MODEL_ONLY_REPLAY,iem_nws_cli,78° to 79°,4,spring,-6.0,open-meteo:single-runs:ncep_gfs_global:operational_latest,policy=latest_available_by_latency;latency_h=6;replay_mode=MODEL_ONLY_REPLAY;residual_convention=residual_f = actual_high_f - forecast_high_f
KXHIGHNY-26APR13,2026-04-13,d0_1200,2026-04-13T16:00:00+00:00,gfs_operational_latest,2026-04-13T06:00:00+00:00,2026-04-13T12:00:00+00:00,day_06z,79.4,79.4,,79.4,79.0,-0.4000000000000057,nws_cli_knyc,MODEL_ONLY_REPLAY,iem_nws_cli,78° to 79°,4,spring,-6.0,open-meteo:single-runs:ncep_gfs_global:operational_latest,policy=latest_available_by_latency;latency_h=6;replay_mode=MODEL_ONLY_REPLAY;residual_convention=residual_f = actual_high_f - forecast_high_f
KXHIGHNY-26APR13,2026-04-13,d0_1500,2026-04-13T19:00:00+00:00,gfs_operational_latest,2026-04-13T06:00:00+00:00,2026-04-13T12:00:00+00:00,day_06z,79.4,79.4,,79.4,79.0,-0.4000000000000057,nws_cli_knyc,MODEL_ONLY_REPLAY,iem_nws_cli,78° to 79°,4,spring,-6.0,open-meteo:single-runs:ncep_gfs_global:operational_latest,policy=latest_available_by_latency;latency_h=6;replay_mode=MODEL_ONLY_REPLAY;residual_convention=residual_f = actual_high_f - forecast_high_f
KXHIGHNY-26APR14,2026-04-14,dminus1_1800,2026-04-13T22:00:00+00:00,gfs_operational_latest,2026-04-13T12:00:00+00:00,2026-04-13T18:00:00+00:00,prev_12z,83.8,83.8,,83.8,87.0,3.200000000000003,nws_cli_knyc,FULL_OPERATIONAL_REPLAY,iem_nws_cli,87° or above,4,spring,12.0,open-meteo:single-runs:ncep_gfs_global:operational_latest,policy=latest_available_by_latency;latency_h=6;replay_mode=FULL_OPERATIONAL_REPLAY;residual_convention=residual_f = actual_high_f - forecast_high_f
KXHIGHNY-26APR14,2026-04-14,d0_0600,2026-04-14T10:00:00+00:00,gfs_operational_latest,2026-04-14T00:00:00+00:00,2026-04-14T06:00:00+00:00,day_00z,83.4,83.4,,83.4,87.0,3.5999999999999943,nws_cli_knyc,MODEL_ONLY_REPLAY,iem_nws_cli,87° or above,4,spring,0.0,open-meteo:single-runs:ncep_gfs_global:operational_latest,policy=latest_available_by_latency;latency_h=6;replay_mode=MODEL_ONLY_REPLAY;residual_convention=residual_f = actual_high_f - forecast_high_f
KXHIGHNY-26APR14,2026-04-14,d0_0900,2026-04-14T13:00:00+00:00,gfs_operational_latest,2026-04-14T06:00:00+00:00,2026-04-14T12:00:00+00:00,day_06z,84.3,84.3,,84.3,87.0,2.700000000000003,nws_cli_knyc,MODEL_ONLY_REPLAY,iem_nws_cli,87° or above,4,spring,-6.0,open-meteo:single-runs:ncep_gfs_global:operational_latest,policy=latest_available_by_latency;latency_h=6;replay_mode=MODEL_ONLY_REPLAY;residual_convention=residual_f = actual_high_f - forecast_high_f
KXHIGHNY-26APR14,2026-04-14,d0_1200,2026-04-14T16:00:00+00:00,gfs_operational_latest,2026-04-14T06:00:00+00:00,2026-04-14T12:00:00+00:00,day_06z,84.3,84.3,,84.3,87.0,2.700000000000003,nws_cli_knyc,MODEL_ONLY_REPLAY,iem_nws_cli,87° or above,4,spring,-6.0,open-meteo:single-runs:ncep_gfs_global:operational_latest,policy=latest_available_by_latency;latency_h=6;replay_mode=MODEL_ONLY_REPLAY;residual_convention=residual_f = actual_high_f - forecast_high_f
KXHIGHNY-26APR14,2026-04-14,d0_1500,2026-04-14T19:00:00+00:00,gfs_operational_latest,2026-04-14T06:00:00+00:00,2026-04-14T12:00:00+00:00,day_06z,84.3,84.3,,84.3,87.0,2.700000000000003,nws_cli_knyc,MODEL_ONLY_REPLAY,iem_nws_cli,87° or above,4,spring,-6.0,open-meteo:single-runs:ncep_gfs_global:operational_latest,policy=latest_available_by_latency;latency_h=6;replay_mode=MODEL_ONLY_REPLAY;residual_convention=residual_f = actual_high_f - forecast_high_f
KXHIGHNY-26APR15,2026-04-15,dminus1_1800,2026-04-14T22:00:00+00:00,gfs_operational_latest,2026-04-14T12:00:00+00:00,2026-04-14T18:00:00+00:00,prev_12z,88.4,88.4,,88.4,90.0,1.5999999999999943,nws_cli_knyc,FULL_OPERATIONAL_REPLAY,iem_nws_cli,89° to 90°,4,spring,12.0,open-meteo:single-runs:ncep_gfs_global:operational_latest,policy=latest_available_by_latency;latency_h=6;replay_mode=FULL_OPERATIONAL_REPLAY;residual_convention=residual_f = actual_high_f - forecast_high_f
KXHIGHNY-26APR15,2026-04-15,d0_0600,2026-04-15T10:00:00+00:00,gfs_operational_latest,2026-04-15T00:00:00+00:00,2026-04-15T06:00:00+00:00,day_00z,88.6,88.6,,88.6,90.0,1.4000000000000057,nws_cli_knyc,MODEL_ONLY_REPLAY,iem_nws_cli,89° to 90°,4,spring,0.0,open-meteo:single-runs:ncep_gfs_global:operational_latest,policy=latest_available_by_latency;latency_h=6;replay_mode=MODEL_ONLY_REPLAY;residual_convention=residual_f = actual_high_f - forecast_high_f
KXHIGHNY-26APR15,2026-04-15,d0_0900,2026-04-15T13:00:00+00:00,gfs_operational_latest,2026-04-15T06:00:00+00:00,2026-04-15T12:00:00+00:00,day_06z,87.9,87.9,,87.9,90.0,2.0999999999999943,nws_cli_knyc,MODEL_ONLY_REPLAY,iem_nws_cli,89° to 90°,4,spring,-6.0,open-meteo:single-runs:ncep_gfs_global:operational_latest,policy=latest_available_by_latency;latency_h=6;replay_mode=MODEL_ONLY_REPLAY;residual_convention=residual_f = actual_high_f - forecast_high_f
KXHIGHNY-26APR15,2026-04-15,d0_1200,2026-04-15T16:00:00+00:00,gfs_operational_latest,2026-04-15T06:00:00+00:00,2026-04-15T12:00:00+00:00,day_06z,87.9,87.9,,87.9,90.0,2.0999999999999943,nws_cli_knyc,MODEL_ONLY_REPLAY,iem_nws_cli,89° to 90°,4,spring,-6.0,open-meteo:single-runs:ncep_gfs_global:operational_latest,policy=latest_available_by_latency;latency_h=6;replay_mode=MODEL_ONLY_REPLAY;residual_convention=residual_f = actual_high_f - forecast_high_f
KXHIGHNY-26APR15,2026-04-15,d0_1500,2026-04-15T19:00:00+00:00,gfs_operational_latest,2026-04-15T06:00:00+00:00,2026-04-15T12:00:00+00:00,day_06z,87.9,87.9,,87.9,90.0,2.0999999999999943,nws_cli_knyc,MODEL_ONLY_REPLAY,iem_nws_cli,89° to 90°,4,spring,-6.0,open-meteo:single-runs:ncep_gfs_global:operational_latest,policy=latest_available_by_latency;latency_h=6;replay_mode=MODEL_ONLY_REPLAY;residual_convention=residual_f = actual_high_f - forecast_high_f
KXHIGHNY-26APR16,2026-04-16,dminus1_1800,2026-04-15T22:00:00+00:00,gfs_operational_latest,2026-04-15T12:00:00+00:00,2026-04-15T18:00:00+00:00,prev_12z,87.9,87.9,,87.9,89.0,1.0999999999999943,nws_cli_knyc,FULL_OPERATIONAL_REPLAY,iem_nws_cli,88° to 89°,4,spring,12.0,open-meteo:single-runs:ncep_gfs_global:operational_latest,policy=latest_available_by_latency;latency_h=6;replay_mode=FULL_OPERATIONAL_REPLAY;residual_convention=residual_f = actual_high_f - forecast_high_f
KXHIGHNY-26APR16,2026-04-16,d0_0600,2026-04-16T10:00:00+00:00,gfs_operational_latest,2026-04-16T00:00:00+00:00,2026-04-16T06:00:00+00:00,day_00z,88.6,88.6,,88.6,89.0,0.4000000000000057,nws_cli_knyc,MODEL_ONLY_REPLAY,iem_nws_cli,88° to 89°,4,spring,0.0,open-meteo:single-runs:ncep_gfs_global:operational_latest,policy=latest_available_by_latency;latency_h=6;replay_mode=MODEL_ONLY_REPLAY;residual_convention=residual_f = actual_high_f - forecast_high_f
KXHIGHNY-26APR16,2026-04-16,d0_0900,2026-04-16T13:00:00+00:00,gfs_operational_latest,2026-04-16T06:00:00+00:00,2026-04-16T12:00:00+00:00,day_06z,89.3,89.3,,89.3,89.0,-0.29999999999999716,nws_cli_knyc,MODEL_ONLY_REPLAY,iem_nws_cli,88° to 89°,4,spring,-6.0,open-meteo:single-runs:ncep_gfs_global:operational_latest,policy=latest_available_by_latency;latency_h=6;replay_mode=MODEL_ONLY_REPLAY;residual_convention=residual_f = actual_high_f - forecast_high_f
KXHIGHNY-26APR16,2026-04-16,d0_1200,2026-04-16T16:00:00+00:00,gfs_operational_latest,2026-04-16T06:00:00+00:00,2026-04-16T12:00:00+00:00,day_06z,89.3,89.3,,89.3,89.0,-0.29999999999999716,nws_cli_knyc,MODEL_ONLY_REPLAY,iem_nws_cli,88° to 89°,4,spring,-6.0,open-meteo:single-runs:ncep_gfs_global:operational_latest,policy=latest_available_by_latency;latency_h=6;replay_mode=MODEL_ONLY_REPLAY;residual_convention=residual_f = actual_high_f - forecast_high_f
KXHIGHNY-26APR16,2026-04-16,d0_1500,2026-04-16T19:00:00+00:00,gfs_operational_latest,2026-04-16T06:00:00+00:00,2026-04-16T12:00:00+00:00,day_06z,89.3,89.3,,89.3,89.0,-0.29999999999999716,nws_cli_knyc,MODEL_ONLY_REPLAY,iem_nws_cli,88° to 89°,4,spring,-6.0,open-meteo:single-runs:ncep_gfs_global:operational_latest,policy=latest_available_by_latency;latency_h=6;replay_mode=MODEL_ONLY_REPLAY;residual_convention=residual_f = actual_high_f - forecast_high_f
KXHIGHNY-26APR17,2026-04-17,dminus1_1800,2026-04-16T22:00:00+00:00,gfs_operational_latest,2026-04-16T12:00:00+00:00,2026-04-16T18:00:00+00:00,prev_12z,76.4,76.4,,76.4,81.0,4.599999999999994,nws_cli_knyc,FULL_OPERATIONAL_REPLAY,iem_nws_cli,81° to 82°,4,spring,12.0,open-meteo:single-runs:ncep_gfs_global:operational_latest,policy=latest_available_by_latency;latency_h=6;replay_mode=FULL_OPERATIONAL_REPLAY;residual_convention=residual_f = actual_high_f - forecast_high_f
KXHIGHNY-26APR17,2026-04-17,d0_0600,2026-04-17T10:00:00+00:00,gfs_operational_latest,2026-04-17T00:00:00+00:00,2026-04-17T06:00:00+00:00,day_00z,78.9,78.9,,78.9,81.0,2.0999999999999943,nws_cli_knyc,MODEL_ONLY_REPLAY,iem_nws_cli,81° to 82°,4,spring,0.0,open-meteo:single-runs:ncep_gfs_global:operational_latest,policy=latest_available_by_latency;latency_h=6;replay_mode=MODEL_ONLY_REPLAY;residual_convention=residual_f = actual_high_f - forecast_high_f
KXHIGHNY-26APR17,2026-04-17,d0_0900,2026-04-17T13:00:00+00:00,gfs_operational_latest,2026-04-17T06:00:00+00:00,2026-04-17T12:00:00+00:00,day_06z,77.5,77.5,,77.5,81.0,3.5,nws_cli_knyc,MODEL_ONLY_REPLAY,iem_nws_cli,81° to 82°,4,spring,-6.0,open-meteo:single-runs:ncep_gfs_global:operational_latest,policy=latest_available_by_latency;latency_h=6;replay_mode=MODEL_ONLY_REPLAY;residual_convention=residual_f = actual_high_f - forecast_high_f
KXHIGHNY-26APR17,2026-04-17,d0_1200,2026-04-17T16:00:00+00:00,gfs_operational_latest,2026-04-17T06:00:00+00:00,2026-04-17T12:00:00+00:00,day_06z,77.5,77.5,,77.5,81.0,3.5,nws_cli_knyc,MODEL_ONLY_REPLAY,iem_nws_cli,81° to 82°,4,spring,-6.0,open-meteo:single-runs:ncep_gfs_global:operational_latest,policy=latest_available_by_latency;latency_h=6;replay_mode=MODEL_ONLY_REPLAY;residual_convention=residual_f = actual_high_f - forecast_high_f
KXHIGHNY-26APR17,2026-04-17,d0_1500,2026-04-17T19:00:00+00:00,gfs_operational_latest,2026-04-17T06:00:00+00:00,2026-04-17T12:00:00+00:00,day_06z,77.5,77.5,,77.5,81.0,3.5,nws_cli_knyc,MODEL_ONLY_REPLAY,iem_nws_cli,81° to 82°,4,spring,-6.0,open-meteo:single-runs:ncep_gfs_global:operational_latest,policy=latest_available_by_latency;latency_h=6;replay_mode=MODEL_ONLY_REPLAY;residual_convention=residual_f = actual_high_f - forecast_high_f
KXHIGHNY-26APR18,2026-04-18,dminus1_1800,2026-04-17T22:00:00+00:00,gfs_operational_latest,2026-04-17T12:00:00+00:00,2026-04-17T18:00:00+00:00,prev_12z,69.9,69.9,,69.9,66.0,-3.9000000000000057,nws_cli_knyc,FULL_OPERATIONAL_REPLAY,iem_nws_cli,65° to 66°,4,spring,12.0,open-meteo:single-runs:ncep_gfs_global:operational_latest,policy=latest_available_by_latency;latency_h=6;replay_mode=FULL_OPERATIONAL_REPLAY;residual_convention=residual_f = actual_high_f - forecast_high_f
KXHIGHNY-26APR18,2026-04-18,d0_0600,2026-04-18T10:00:00+00:00,gfs_operational_latest,2026-04-18T00:00:00+00:00,2026-04-18T06:00:00+00:00,day_00z,71.0,71.0,,71.0,66.0,-5.0,nws_cli_knyc,MODEL_ONLY_REPLAY,iem_nws_cli,65° to 66°,4,spring,0.0,open-meteo:single-runs:ncep_gfs_global:operational_latest,policy=latest_available_by_latency;latency_h=6;replay_mode=MODEL_ONLY_REPLAY;residual_convention=residual_f = actual_high_f - forecast_high_f
KXHIGHNY-26APR18,2026-04-18,d0_0900,2026-04-18T13:00:00+00:00,gfs_operational_latest,2026-04-18T06:00:00+00:00,2026-04-18T12:00:00+00:00,day_06z,71.2,71.2,,71.2,66.0,-5.200000000000003,nws_cli_knyc,MODEL_ONLY_REPLAY,iem_nws_cli,65° to 66°,4,spring,-6.0,open-meteo:single-runs:ncep_gfs_global:operational_latest,policy=latest_available_by_latency;latency_h=6;replay_mode=MODEL_ONLY_REPLAY;residual_convention=residual_f = actual_high_f - forecast_high_f
KXHIGHNY-26APR18,2026-04-18,d0_1200,2026-04-18T16:00:00+00:00,gfs_operational_latest,2026-04-18T06:00:00+00:00,2026-04-18T12:00:00+00:00,day_06z,71.2,71.2,,71.2,66.0,-5.200000000000003,nws_cli_knyc,MODEL_ONLY_REPLAY,iem_nws_cli,65° to 66°,4,spring,-6.0,open-meteo:single-runs:ncep_gfs_global:operational_latest,policy=latest_available_by_latency;latency_h=6;replay_mode=MODEL_ONLY_REPLAY;residual_convention=residual_f = actual_high_f - forecast_high_f
KXHIGHNY-26APR18,2026-04-18,d0_1500,2026-04-18T19:00:00+00:00,gfs_operational_latest,2026-04-18T06:00:00+00:00,2026-04-18T12:00:00+00:00,day_06z,71.2,71.2,,71.2,66.0,-5.200000000000003,nws_cli_knyc,MODEL_ONLY_REPLAY,iem_nws_cli,65° to 66°,4,spring,-6.0,open-meteo:single-runs:ncep_gfs_global:operational_latest,policy=latest_available_by_latency;latency_h=6;replay_mode=MODEL_ONLY_REPLAY;residual_convention=residual_f = actual_high_f - forecast_high_f
KXHIGHNY-26APR19,2026-04-19,dminus1_1800,2026-04-18T22:00:00+00:00,gfs_operational_latest,2026-04-18T12:00:00+00:00,2026-04-18T18:00:00+00:00,prev_12z,55.5,55.5,,55.5,53.0,-2.5,nws_cli_knyc,FULL_OPERATIONAL_REPLAY,iem_nws_cli,53° or below,4,spring,12.0,open-meteo:single-runs:ncep_gfs_global:operational_latest,policy=latest_available_by_latency;latency_h=6;replay_mode=FULL_OPERATIONAL_REPLAY;residual_convention=residual_f = actual_high_f - forecast_high_f
KXHIGHNY-26APR19,2026-04-19,d0_0600,2026-04-19T10:00:00+00:00,gfs_operational_latest,2026-04-19T00:00:00+00:00,2026-04-19T06:00:00+00:00,day_00z,56.0,56.0,,56.0,53.0,-3.0,nws_cli_knyc,MODEL_ONLY_REPLAY,iem_nws_cli,53° or below,4,spring,0.0,open-meteo:single-runs:ncep_gfs_global:operational_latest,policy=latest_available_by_latency;latency_h=6;replay_mode=MODEL_ONLY_REPLAY;residual_convention=residual_f = actual_high_f - forecast_high_f
KXHIGHNY-26APR19,2026-04-19,d0_0900,2026-04-19T13:00:00+00:00,gfs_operational_latest,2026-04-19T06:00:00+00:00,2026-04-19T12:00:00+00:00,day_06z,55.5,55.5,,55.5,53.0,-2.5,nws_cli_knyc,MODEL_ONLY_REPLAY,iem_nws_cli,53° or below,4,spring,-6.0,open-meteo:single-runs:ncep_gfs_global:operational_latest,policy=latest_available_by_latency;latency_h=6;replay_mode=MODEL_ONLY_REPLAY;residual_convention=residual_f = actual_high_f - forecast_high_f
KXHIGHNY-26APR19,2026-04-19,d0_1200,2026-04-19T16:00:00+00:00,gfs_operational_latest,2026-04-19T06:00:00+00:00,2026-04-19T12:00:00+00:00,day_06z,55.5,55.5,,55.5,53.0,-2.5,nws_cli_knyc,MODEL_ONLY_REPLAY,iem_nws_cli,53° or below,4,spring,-6.0,open-meteo:single-runs:ncep_gfs_global:operational_latest,policy=latest_available_by_latency;latency_h=6;replay_mode=MODEL_ONLY_REPLAY;residual_convention=residual_f = actual_high_f - forecast_high_f
KXHIGHNY-26APR19,2026-04-19,d0_1500,2026-04-19T19:00:00+00:00,gfs_operational_latest,2026-04-19T06:00:00+00:00,2026-04-19T12:00:00+00:00,day_06z,55.5,55.5,,55.5,53.0,-2.5,nws_cli_knyc,MODEL_ONLY_REPLAY,iem_nws_cli,53° or below,4,spring,-6.0,open-meteo:single-runs:ncep_gfs_global:operational_latest,policy=latest_available_by_latency;latency_h=6;replay_mode=MODEL_ONLY_REPLAY;residual_convention=residual_f = actual_high_f - forecast_high_f
KXHIGHNY-26APR20,2026-04-20,dminus1_1800,2026-04-19T22:00:00+00:00,gfs_operational_latest,2026-04-19T12:00:00+00:00,2026-04-19T18:00:00+00:00,prev_12z,50.8,50.8,,50.8,51.0,0.20000000000000284,nws_cli_knyc,FULL_OPERATIONAL_REPLAY,iem_nws_cli,51° to 52°,4,spring,12.0,open-meteo:single-runs:ncep_gfs_global:operational_latest,policy=latest_available_by_latency;latency_h=6;replay_mode=FULL_OPERATIONAL_REPLAY;residual_convention=residual_f = actual_high_f - forecast_high_f
KXHIGHNY-26APR20,2026-04-20,d0_0600,2026-04-20T10:00:00+00:00,gfs_operational_latest,2026-04-20T00:00:00+00:00,2026-04-20T06:00:00+00:00,day_00z,52.3,52.3,,52.3,51.0,-1.2999999999999972,nws_cli_knyc,MODEL_ONLY_REPLAY,iem_nws_cli,51° to 52°,4,spring,0.0,open-meteo:single-runs:ncep_gfs_global:operational_latest,policy=latest_available_by_latency;latency_h=6;replay_mode=MODEL_ONLY_REPLAY;residual_convention=residual_f = actual_high_f - forecast_high_f
KXHIGHNY-26APR20,2026-04-20,d0_0900,2026-04-20T13:00:00+00:00,gfs_operational_latest,2026-04-20T06:00:00+00:00,2026-04-20T12:00:00+00:00,day_06z,51.2,51.2,,51.2,51.0,-0.20000000000000284,nws_cli_knyc,MODEL_ONLY_REPLAY,iem_nws_cli,51° to 52°,4,spring,-6.0,open-meteo:single-runs:ncep_gfs_global:operational_latest,policy=latest_available_by_latency;latency_h=6;replay_mode=MODEL_ONLY_REPLAY;residual_convention=residual_f = actual_high_f - forecast_high_f
KXHIGHNY-26APR20,2026-04-20,d0_1200,2026-04-20T16:00:00+00:00,gfs_operational_latest,2026-04-20T06:00:00+00:00,2026-04-20T12:00:00+00:00,day_06z,51.2,51.2,,51.2,51.0,-0.20000000000000284,nws_cli_knyc,MODEL_ONLY_REPLAY,iem_nws_cli,51° to 52°,4,spring,-6.0,open-meteo:single-runs:ncep_gfs_global:operational_latest,policy=latest_available_by_latency;latency_h=6;replay_mode=MODEL_ONLY_REPLAY;residual_convention=residual_f = actual_high_f - forecast_high_f
KXHIGHNY-26APR20,2026-04-20,d0_1500,2026-04-20T19:00:00+00:00,gfs_operational_latest,2026-04-20T06:00:00+00:00,2026-04-20T12:00:00+00:00,day_06z,51.2,51.2,,51.2,51.0,-0.20000000000000284,nws_cli_knyc,MODEL_ONLY_REPLAY,iem_nws_cli,51° to 52°,4,spring,-6.0,open-meteo:single-runs:ncep_gfs_global:operational_latest,policy=latest_available_by_latency;latency_h=6;replay_mode=MODEL_ONLY_REPLAY;residual_convention=residual_f = actual_high_f - forecast_high_f
KXHIGHNY-26APR21,2026-04-21,dminus1_1800,2026-04-20T22:00:00+00:00,gfs_operational_latest,2026-04-20T12:00:00+00:00,2026-04-20T18:00:00+00:00,prev_12z,53.9,53.9,,53.9,54.0,0.10000000000000142,nws_cli_knyc,FULL_OPERATIONAL_REPLAY,iem_nws_cli,53° to 54°,4,spring,12.0,open-meteo:single-runs:ncep_gfs_global:operational_latest,policy=latest_available_by_latency;latency_h=6;replay_mode=FULL_OPERATIONAL_REPLAY;residual_convention=residual_f = actual_high_f - forecast_high_f
KXHIGHNY-26APR21,2026-04-21,d0_0600,2026-04-21T10:00:00+00:00,gfs_operational_latest,2026-04-21T00:00:00+00:00,2026-04-21T06:00:00+00:00,day_00z,54.2,54.2,,54.2,54.0,-0.20000000000000284,nws_cli_knyc,MODEL_ONLY_REPLAY,iem_nws_cli,53° to 54°,4,spring,0.0,open-meteo:single-runs:ncep_gfs_global:operational_latest,policy=latest_available_by_latency;latency_h=6;replay_mode=MODEL_ONLY_REPLAY;residual_convention=residual_f = actual_high_f - forecast_high_f
KXHIGHNY-26APR21,2026-04-21,d0_0900,2026-04-21T13:00:00+00:00,gfs_operational_latest,2026-04-21T06:00:00+00:00,2026-04-21T12:00:00+00:00,day_06z,54.1,54.1,,54.1,54.0,-0.10000000000000142,nws_cli_knyc,MODEL_ONLY_REPLAY,iem_nws_cli,53° to 54°,4,spring,-6.0,open-meteo:single-runs:ncep_gfs_global:operational_latest,policy=latest_available_by_latency;latency_h=6;replay_mode=MODEL_ONLY_REPLAY;residual_convention=residual_f = actual_high_f - forecast_high_f
KXHIGHNY-26APR21,2026-04-21,d0_1200,2026-04-21T16:00:00+00:00,gfs_operational_latest,2026-04-21T06:00:00+00:00,2026-04-21T12:00:00+00:00,day_06z,54.1,54.1,,54.1,54.0,-0.10000000000000142,nws_cli_knyc,MODEL_ONLY_REPLAY,iem_nws_cli,53° to 54°,4,spring,-6.0,open-meteo:single-runs:ncep_gfs_global:operational_latest,policy=latest_available_by_latency;latency_h=6;replay_mode=MODEL_ONLY_REPLAY;residual_convention=residual_f = actual_high_f - forecast_high_f
KXHIGHNY-26APR21,2026-04-21,d0_1500,2026-04-21T19:00:00+00:00,gfs_operational_latest,2026-04-21T06:00:00+00:00,2026-04-21T12:00:00+00:00,day_06z,54.1,54.1,,54.1,54.0,-0.10000000000000142,nws_cli_knyc,MODEL_ONLY_REPLAY,iem_nws_cli,53° to 54°,4,spring,-6.0,open-meteo:single-runs:ncep_gfs_global:operational_latest,policy=latest_available_by_latency;latency_h=6;replay_mode=MODEL_ONLY_REPLAY;residual_convention=residual_f = actual_high_f - forecast_high_f
KXHIGHNY-26APR22,2026-04-22,dminus1_1800,2026-04-21T22:00:00+00:00,gfs_operational_latest,2026-04-21T12:00:00+00:00,2026-04-21T18:00:00+00:00,prev_12z,55.0,55.0,,55.0,56.0,1.0,nws_cli_knyc,FULL_OPERATIONAL_REPLAY,iem_nws_cli,56° or below,4,spring,12.0,open-meteo:single-runs:ncep_gfs_global:operational_latest,policy=latest_available_by_latency;latency_h=6;replay_mode=FULL_OPERATIONAL_REPLAY;residual_convention=residual_f = actual_high_f - forecast_high_f
KXHIGHNY-26APR22,2026-04-22,d0_0600,2026-04-22T10:00:00+00:00,gfs_operational_latest,2026-04-22T00:00:00+00:00,2026-04-22T06:00:00+00:00,day_00z,50.8,50.8,,50.8,56.0,5.200000000000003,nws_cli_knyc,MODEL_ONLY_REPLAY,iem_nws_cli,56° or below,4,spring,0.0,open-meteo:single-runs:ncep_gfs_global:operational_latest,policy=latest_available_by_latency;latency_h=6;replay_mode=MODEL_ONLY_REPLAY;residual_convention=residual_f = actual_high_f - forecast_high_f
KXHIGHNY-26APR22,2026-04-22,d0_0900,2026-04-22T13:00:00+00:00,gfs_operational_latest,2026-04-22T06:00:00+00:00,2026-04-22T12:00:00+00:00,day_06z,52.3,52.3,,52.3,56.0,3.700000000000003,nws_cli_knyc,MODEL_ONLY_REPLAY,iem_nws_cli,56° or below,4,spring,-6.0,open-meteo:single-runs:ncep_gfs_global:operational_latest,policy=latest_available_by_latency;latency_h=6;replay_mode=MODEL_ONLY_REPLAY;residual_convention=residual_f = actual_high_f - forecast_high_f
KXHIGHNY-26APR22,2026-04-22,d0_1200,2026-04-22T16:00:00+00:00,gfs_operational_latest,2026-04-22T06:00:00+00:00,2026-04-22T12:00:00+00:00,day_06z,52.3,52.3,,52.3,56.0,3.700000000000003,nws_cli_knyc,MODEL_ONLY_REPLAY,iem_nws_cli,56° or below,4,spring,-6.0,open-meteo:single-runs:ncep_gfs_global:operational_latest,policy=latest_available_by_latency;latency_h=6;replay_mode=MODEL_ONLY_REPLAY;residual_convention=residual_f = actual_high_f - forecast_high_f
KXHIGHNY-26APR22,2026-04-22,d0_1500,2026-04-22T19:00:00+00:00,gfs_operational_latest,2026-04-22T06:00:00+00:00,2026-04-22T12:00:00+00:00,day_06z,52.3,52.3,,52.3,56.0,3.700000000000003,nws_cli_knyc,MODEL_ONLY_REPLAY,iem_nws_cli,56° or below,4,spring,-6.0,open-meteo:single-runs:ncep_gfs_global:operational_latest,policy=latest_available_by_latency;latency_h=6;replay_mode=MODEL_ONLY_REPLAY;residual_convention=residual_f = actual_high_f - forecast_high_f
KXHIGHNY-26APR23,2026-04-23,dminus1_1800,2026-04-22T22:00:00+00:00,gfs_operational_latest,2026-04-22T12:00:00+00:00,2026-04-22T18:00:00+00:00,prev_12z,71.9,71.9,,71.9,73.0,1.0999999999999943,nws_cli_knyc,FULL_OPERATIONAL_REPLAY,iem_nws_cli,72° to 73°,4,spring,12.0,open-meteo:single-runs:ncep_gfs_global:operational_latest,policy=latest_available_by_latency;latency_h=6;replay_mode=FULL_OPERATIONAL_REPLAY;residual_convention=residual_f = actual_high_f - forecast_high_f
KXHIGHNY-26APR23,2026-04-23,d0_0600,2026-04-23T10:00:00+00:00,gfs_operational_latest,2026-04-23T00:00:00+00:00,2026-04-23T06:00:00+00:00,day_00z,71.2,71.2,,71.2,73.0,1.7999999999999972,nws_cli_knyc,MODEL_ONLY_REPLAY,iem_nws_cli,72° to 73°,4,spring,0.0,open-meteo:single-runs:ncep_gfs_global:operational_latest,policy=latest_available_by_latency;latency_h=6;replay_mode=MODEL_ONLY_REPLAY;residual_convention=residual_f = actual_high_f - forecast_high_f
KXHIGHNY-26APR23,2026-04-23,d0_0900,2026-04-23T13:00:00+00:00,gfs_operational_latest,2026-04-23T06:00:00+00:00,2026-04-23T12:00:00+00:00,day_06z,71.0,71.0,,71.0,73.0,2.0,nws_cli_knyc,MODEL_ONLY_REPLAY,iem_nws_cli,72° to 73°,4,spring,-6.0,open-meteo:single-runs:ncep_gfs_global:operational_latest,policy=latest_available_by_latency;latency_h=6;replay_mode=MODEL_ONLY_REPLAY;residual_convention=residual_f = actual_high_f - forecast_high_f
KXHIGHNY-26APR23,2026-04-23,d0_1200,2026-04-23T16:00:00+00:00,gfs_operational_latest,2026-04-23T06:00:00+00:00,2026-04-23T12:00:00+00:00,day_06z,71.0,71.0,,71.0,73.0,2.0,nws_cli_knyc,MODEL_ONLY_REPLAY,iem_nws_cli,72° to 73°,4,spring,-6.0,open-meteo:single-runs:ncep_gfs_global:operational_latest,policy=latest_available_by_latency;latency_h=6;replay_mode=MODEL_ONLY_REPLAY;residual_convention=residual_f = actual_high_f - forecast_high_f
KXHIGHNY-26APR23,2026-04-23,d0_1500,2026-04-23T19:00:00+00:00,gfs_operational_latest,2026-04-23T06:00:00+00:00,2026-04-23T12:00:00+00:00,day_06z,71.0,71.0,,71.0,73.0,2.0,nws_cli_knyc,MODEL_ONLY_REPLAY,iem_nws_cli,72° to 73°,4,spring,-6.0,open-meteo:single-runs:ncep_gfs_global:operational_latest,policy=latest_available_by_latency;latency_h=6;replay_mode=MODEL_ONLY_REPLAY;residual_convention=residual_f = actual_high_f - forecast_high_f
KXHIGHNY-26APR24,2026-04-24,dminus1_1800,2026-04-23T22:00:00+00:00,gfs_operational_latest,2026-04-23T12:00:00+00:00,2026-04-23T18:00:00+00:00,prev_12z,63.8,63.8,,63.8,68.0,4.200000000000003,nws_cli_knyc,FULL_OPERATIONAL_REPLAY,iem_nws_cli,68° or above,4,spring,12.0,open-meteo:single-runs:ncep_gfs_global:operational_latest,policy=latest_available_by_latency;latency_h=6;replay_mode=FULL_OPERATIONAL_REPLAY;residual_convention=residual_f = actual_high_f - forecast_high_f
KXHIGHNY-26APR24,2026-04-24,d0_0600,2026-04-24T10:00:00+00:00,gfs_operational_latest,2026-04-24T00:00:00+00:00,2026-04-24T06:00:00+00:00,day_00z,70.1,70.1,,70.1,68.0,-2.0999999999999943,nws_cli_knyc,MODEL_ONLY_REPLAY,iem_nws_cli,68° or above,4,spring,0.0,open-meteo:single-runs:ncep_gfs_global:operational_latest,policy=latest_available_by_latency;latency_h=6;replay_mode=MODEL_ONLY_REPLAY;residual_convention=residual_f = actual_high_f - forecast_high_f
KXHIGHNY-26APR24,2026-04-24,d0_0900,2026-04-24T13:00:00+00:00,gfs_operational_latest,2026-04-24T06:00:00+00:00,2026-04-24T12:00:00+00:00,day_06z,69.5,69.5,,69.5,68.0,-1.5,nws_cli_knyc,MODEL_ONLY_REPLAY,iem_nws_cli,68° or above,4,spring,-6.0,open-meteo:single-runs:ncep_gfs_global:operational_latest,policy=latest_available_by_latency;latency_h=6;replay_mode=MODEL_ONLY_REPLAY;residual_convention=residual_f = actual_high_f - forecast_high_f
KXHIGHNY-26APR24,2026-04-24,d0_1200,2026-04-24T16:00:00+00:00,gfs_operational_latest,2026-04-24T06:00:00+00:00,2026-04-24T12:00:00+00:00,day_06z,69.5,69.5,,69.5,68.0,-1.5,nws_cli_knyc,MODEL_ONLY_REPLAY,iem_nws_cli,68° or above,4,spring,-6.0,open-meteo:single-runs:ncep_gfs_global:operational_latest,policy=latest_available_by_latency;latency_h=6;replay_mode=MODEL_ONLY_REPLAY;residual_convention=residual_f = actual_high_f - forecast_high_f
KXHIGHNY-26APR24,2026-04-24,d0_1500,2026-04-24T19:00:00+00:00,gfs_operational_latest,2026-04-24T06:00:00+00:00,2026-04-24T12:00:00+00:00,day_06z,69.5,69.5,,69.5,68.0,-1.5,nws_cli_knyc,MODEL_ONLY_REPLAY,iem_nws_cli,68° or above,4,spring,-6.0,open-meteo:single-runs:ncep_gfs_global:operational_latest,policy=latest_available_by_latency;latency_h=6;replay_mode=MODEL_ONLY_REPLAY;residual_convention=residual_f = actual_high_f - forecast_high_f
KXHIGHNY-26APR25,2026-04-25,dminus1_1800,2026-04-24T22:00:00+00:00,gfs_operational_latest,2026-04-24T12:00:00+00:00,2026-04-24T18:00:00+00:00,prev_12z,53.3,53.3,,53.3,50.0,-3.299999999999997,nws_cli_knyc,FULL_OPERATIONAL_REPLAY,iem_nws_cli,50° or below,4,spring,12.0,open-meteo:single-runs:ncep_gfs_global:operational_latest,policy=latest_available_by_latency;latency_h=6;replay_mode=FULL_OPERATIONAL_REPLAY;residual_convention=residual_f = actual_high_f - forecast_high_f
KXHIGHNY-26APR25,2026-04-25,d0_0600,2026-04-25T10:00:00+00:00,gfs_operational_latest,2026-04-25T00:00:00+00:00,2026-04-25T06:00:00+00:00,day_00z,52.6,52.6,,52.6,50.0,-2.6000000000000014,nws_cli_knyc,MODEL_ONLY_REPLAY,iem_nws_cli,50° or below,4,spring,0.0,open-meteo:single-runs:ncep_gfs_global:operational_latest,policy=latest_available_by_latency;latency_h=6;replay_mode=MODEL_ONLY_REPLAY;residual_convention=residual_f = actual_high_f - forecast_high_f
KXHIGHNY-26APR25,2026-04-25,d0_0900,2026-04-25T13:00:00+00:00,gfs_operational_latest,2026-04-25T06:00:00+00:00,2026-04-25T12:00:00+00:00,day_06z,51.0,51.0,,51.0,50.0,-1.0,nws_cli_knyc,MODEL_ONLY_REPLAY,iem_nws_cli,50° or below,4,spring,-6.0,open-meteo:single-runs:ncep_gfs_global:operational_latest,policy=latest_available_by_latency;latency_h=6;replay_mode=MODEL_ONLY_REPLAY;residual_convention=residual_f = actual_high_f - forecast_high_f
KXHIGHNY-26APR25,2026-04-25,d0_1200,2026-04-25T16:00:00+00:00,gfs_operational_latest,2026-04-25T06:00:00+00:00,2026-04-25T12:00:00+00:00,day_06z,51.0,51.0,,51.0,50.0,-1.0,nws_cli_knyc,MODEL_ONLY_REPLAY,iem_nws_cli,50° or below,4,spring,-6.0,open-meteo:single-runs:ncep_gfs_global:operational_latest,policy=latest_available_by_latency;latency_h=6;replay_mode=MODEL_ONLY_REPLAY;residual_convention=residual_f = actual_high_f - forecast_high_f
KXHIGHNY-26APR25,2026-04-25,d0_1500,2026-04-25T19:00:00+00:00,gfs_operational_latest,2026-04-25T06:00:00+00:00,2026-04-25T12:00:00+00:00,day_06z,51.0,51.0,,51.0,50.0,-1.0,nws_cli_knyc,MODEL_ONLY_REPLAY,iem_nws_cli,50° or below,4,spring,-6.0,open-meteo:single-runs:ncep_gfs_global:operational_latest,policy=latest_available_by_latency;latency_h=6;replay_mode=MODEL_ONLY_REPLAY;residual_convention=residual_f = actual_high_f - forecast_high_f
KXHIGHNY-26APR26,2026-04-26,dminus1_1800,2026-04-25T22:00:00+00:00,gfs_operational_latest,2026-04-25T12:00:00+00:00,2026-04-25T18:00:00+00:00,prev_12z,55.1,55.1,,55.1,57.0,1.8999999999999986,nws_cli_knyc,FULL_OPERATIONAL_REPLAY,iem_nws_cli,57° to 58°,4,spring,12.0,open-meteo:single-runs:ncep_gfs_global:operational_latest,policy=latest_available_by_latency;latency_h=6;replay_mode=FULL_OPERATIONAL_REPLAY;residual_convention=residual_f = actual_high_f - forecast_high_f
KXHIGHNY-26APR26,2026-04-26,d0_0600,2026-04-26T10:00:00+00:00,gfs_operational_latest,2026-04-26T00:00:00+00:00,2026-04-26T06:00:00+00:00,day_00z,55.7,55.7,,55.7,57.0,1.2999999999999972,nws_cli_knyc,MODEL_ONLY_REPLAY,iem_nws_cli,57° to 58°,4,spring,0.0,open-meteo:single-runs:ncep_gfs_global:operational_latest,policy=latest_available_by_latency;latency_h=6;replay_mode=MODEL_ONLY_REPLAY;residual_convention=residual_f = actual_high_f - forecast_high_f
KXHIGHNY-26APR26,2026-04-26,d0_0900,2026-04-26T13:00:00+00:00,gfs_operational_latest,2026-04-26T06:00:00+00:00,2026-04-26T12:00:00+00:00,day_06z,55.3,55.3,,55.3,57.0,1.7000000000000028,nws_cli_knyc,MODEL_ONLY_REPLAY,iem_nws_cli,57° to 58°,4,spring,-6.0,open-meteo:single-runs:ncep_gfs_global:operational_latest,policy=latest_available_by_latency;latency_h=6;replay_mode=MODEL_ONLY_REPLAY;residual_convention=residual_f = actual_high_f - forecast_high_f
KXHIGHNY-26APR26,2026-04-26,d0_1200,2026-04-26T16:00:00+00:00,gfs_operational_latest,2026-04-26T06:00:00+00:00,2026-04-26T12:00:00+00:00,day_06z,55.3,55.3,,55.3,57.0,1.7000000000000028,nws_cli_knyc,MODEL_ONLY_REPLAY,iem_nws_cli,57° to 58°,4,spring,-6.0,open-meteo:single-runs:ncep_gfs_global:operational_latest,policy=latest_available_by_latency;latency_h=6;replay_mode=MODEL_ONLY_REPLAY;residual_convention=residual_f = actual_high_f - forecast_high_f
KXHIGHNY-26APR26,2026-04-26,d0_1500,2026-04-26T19:00:00+00:00,gfs_operational_latest,2026-04-26T06:00:00+00:00,2026-04-26T12:00:00+00:00,day_06z,55.3,55.3,,55.3,57.0,1.7000000000000028,nws_cli_knyc,MODEL_ONLY_REPLAY,iem_nws_cli,57° to 58°,4,spring,-6.0,open-meteo:single-runs:ncep_gfs_global:operational_latest,policy=latest_available_by_latency;latency_h=6;replay_mode=MODEL_ONLY_REPLAY;residual_convention=residual_f = actual_high_f - forecast_high_f
KXHIGHNY-26APR27,2026-04-27,dminus1_1800,2026-04-26T22:00:00+00:00,gfs_operational_latest,2026-04-26T12:00:00+00:00,2026-04-26T18:00:00+00:00,prev_12z,66.1,66.1,,66.1,68.0,1.9000000000000057,nws_cli_knyc,FULL_OPERATIONAL_REPLAY,iem_nws_cli,68° to 69°,4,spring,12.0,open-meteo:single-runs:ncep_gfs_global:operational_latest,policy=latest_available_by_latency;latency_h=6;replay_mode=FULL_OPERATIONAL_REPLAY;residual_convention=residual_f = actual_high_f - forecast_high_f
KXHIGHNY-26APR27,2026-04-27,d0_0600,2026-04-27T10:00:00+00:00,gfs_operational_latest,2026-04-27T00:00:00+00:00,2026-04-27T06:00:00+00:00,day_00z,67.7,67.7,,67.7,68.0,0.29999999999999716,nws_cli_knyc,MODEL_ONLY_REPLAY,iem_nws_cli,68° to 69°,4,spring,0.0,open-meteo:single-runs:ncep_gfs_global:operational_latest,policy=latest_available_by_latency;latency_h=6;replay_mode=MODEL_ONLY_REPLAY;residual_convention=residual_f = actual_high_f - forecast_high_f
KXHIGHNY-26APR27,2026-04-27,d0_0900,2026-04-27T13:00:00+00:00,gfs_operational_latest,2026-04-27T06:00:00+00:00,2026-04-27T12:00:00+00:00,day_06z,67.9,67.9,,67.9,68.0,0.09999999999999432,nws_cli_knyc,MODEL_ONLY_REPLAY,iem_nws_cli,68° to 69°,4,spring,-6.0,open-meteo:single-runs:ncep_gfs_global:operational_latest,policy=latest_available_by_latency;latency_h=6;replay_mode=MODEL_ONLY_REPLAY;residual_convention=residual_f = actual_high_f - forecast_high_f
KXHIGHNY-26APR27,2026-04-27,d0_1200,2026-04-27T16:00:00+00:00,gfs_operational_latest,2026-04-27T06:00:00+00:00,2026-04-27T12:00:00+00:00,day_06z,67.9,67.9,,67.9,68.0,0.09999999999999432,nws_cli_knyc,MODEL_ONLY_REPLAY,iem_nws_cli,68° to 69°,4,spring,-6.0,open-meteo:single-runs:ncep_gfs_global:operational_latest,policy=latest_available_by_latency;latency_h=6;replay_mode=MODEL_ONLY_REPLAY;residual_convention=residual_f = actual_high_f - forecast_high_f
KXHIGHNY-26APR27,2026-04-27,d0_1500,2026-04-27T19:00:00+00:00,gfs_operational_latest,2026-04-27T06:00:00+00:00,2026-04-27T12:00:00+00:00,day_06z,67.9,67.9,,67.9,68.0,0.09999999999999432,nws_cli_knyc,MODEL_ONLY_REPLAY,iem_nws_cli,68° to 69°,4,spring,-6.0,open-meteo:single-runs:ncep_gfs_global:operational_latest,policy=latest_available_by_latency;latency_h=6;replay_mode=MODEL_ONLY_REPLAY;residual_convention=residual_f = actual_high_f - forecast_high_f
KXHIGHNY-26APR28,2026-04-28,dminus1_1800,2026-04-27T22:00:00+00:00,gfs_operational_latest,2026-04-27T12:00:00+00:00,2026-04-27T18:00:00+00:00,prev_12z,64.5,64.5,,64.5,65.0,0.5,nws_cli_knyc,FULL_OPERATIONAL_REPLAY,iem_nws_cli,65° to 66°,4,spring,12.0,open-meteo:single-runs:ncep_gfs_global:operational_latest,policy=latest_available_by_latency;latency_h=6;replay_mode=FULL_OPERATIONAL_REPLAY;residual_convention=residual_f = actual_high_f - forecast_high_f
KXHIGHNY-26APR28,2026-04-28,d0_0600,2026-04-28T10:00:00+00:00,gfs_operational_latest,2026-04-28T00:00:00+00:00,2026-04-28T06:00:00+00:00,day_00z,66.3,66.3,,66.3,65.0,-1.2999999999999972,nws_cli_knyc,MODEL_ONLY_REPLAY,iem_nws_cli,65° to 66°,4,spring,0.0,open-meteo:single-runs:ncep_gfs_global:operational_latest,policy=latest_available_by_latency;latency_h=6;replay_mode=MODEL_ONLY_REPLAY;residual_convention=residual_f = actual_high_f - forecast_high_f
KXHIGHNY-26APR28,2026-04-28,d0_0900,2026-04-28T13:00:00+00:00,gfs_operational_latest,2026-04-28T06:00:00+00:00,2026-04-28T12:00:00+00:00,day_06z,66.3,66.3,,66.3,65.0,-1.2999999999999972,nws_cli_knyc,MODEL_ONLY_REPLAY,iem_nws_cli,65° to 66°,4,spring,-6.0,open-meteo:single-runs:ncep_gfs_global:operational_latest,policy=latest_available_by_latency;latency_h=6;replay_mode=MODEL_ONLY_REPLAY;residual_convention=residual_f = actual_high_f - forecast_high_f
KXHIGHNY-26APR28,2026-04-28,d0_1200,2026-04-28T16:00:00+00:00,gfs_operational_latest,2026-04-28T06:00:00+00:00,2026-04-28T12:00:00+00:00,day_06z,66.3,66.3,,66.3,65.0,-1.2999999999999972,nws_cli_knyc,MODEL_ONLY_REPLAY,iem_nws_cli,65° to 66°,4,spring,-6.0,open-meteo:single-runs:ncep_gfs_global:operational_latest,policy=latest_available_by_latency;latency_h=6;replay_mode=MODEL_ONLY_REPLAY;residual_convention=residual_f = actual_high_f - forecast_high_f
KXHIGHNY-26APR28,2026-04-28,d0_1500,2026-04-28T19:00:00+00:00,gfs_operational_latest,2026-04-28T06:00:00+00:00,2026-04-28T12:00:00+00:00,day_06z,66.3,66.3,,66.3,65.0,-1.2999999999999972,nws_cli_knyc,MODEL_ONLY_REPLAY,iem_nws_cli,65° to 66°,4,spring,-6.0,open-meteo:single-runs:ncep_gfs_global:operational_latest,policy=latest_available_by_latency;latency_h=6;replay_mode=MODEL_ONLY_REPLAY;residual_convention=residual_f = actual_high_f - forecast_high_f
KXHIGHNY-26APR29,2026-04-29,dminus1_1800,2026-04-28T22:00:00+00:00,gfs_operational_latest,2026-04-28T12:00:00+00:00,2026-04-28T18:00:00+00:00,prev_12z,62.7,62.7,,62.7,62.0,-0.7000000000000028,nws_cli_knyc,FULL_OPERATIONAL_REPLAY,iem_nws_cli,62° to 63°,4,spring,12.0,open-meteo:single-runs:ncep_gfs_global:operational_latest,policy=latest_available_by_latency;latency_h=6;replay_mode=FULL_OPERATIONAL_REPLAY;residual_convention=residual_f = actual_high_f - forecast_high_f
KXHIGHNY-26APR29,2026-04-29,d0_0600,2026-04-29T10:00:00+00:00,gfs_operational_latest,2026-04-29T00:00:00+00:00,2026-04-29T06:00:00+00:00,day_00z,62.3,62.3,,62.3,62.0,-0.29999999999999716,nws_cli_knyc,MODEL_ONLY_REPLAY,iem_nws_cli,62° to 63°,4,spring,0.0,open-meteo:single-runs:ncep_gfs_global:operational_latest,policy=latest_available_by_latency;latency_h=6;replay_mode=MODEL_ONLY_REPLAY;residual_convention=residual_f = actual_high_f - forecast_high_f
KXHIGHNY-26APR29,2026-04-29,d0_0900,2026-04-29T13:00:00+00:00,gfs_operational_latest,2026-04-29T06:00:00+00:00,2026-04-29T12:00:00+00:00,day_06z,62.0,62.0,,62.0,62.0,0.0,nws_cli_knyc,MODEL_ONLY_REPLAY,iem_nws_cli,62° to 63°,4,spring,-6.0,open-meteo:single-runs:ncep_gfs_global:operational_latest,policy=latest_available_by_latency;latency_h=6;replay_mode=MODEL_ONLY_REPLAY;residual_convention=residual_f = actual_high_f - forecast_high_f
KXHIGHNY-26APR29,2026-04-29,d0_1200,2026-04-29T16:00:00+00:00,gfs_operational_latest,2026-04-29T06:00:00+00:00,2026-04-29T12:00:00+00:00,day_06z,62.0,62.0,,62.0,62.0,0.0,nws_cli_knyc,MODEL_ONLY_REPLAY,iem_nws_cli,62° to 63°,4,spring,-6.0,open-meteo:single-runs:ncep_gfs_global:operational_latest,policy=latest_available_by_latency;latency_h=6;replay_mode=MODEL_ONLY_REPLAY;residual_convention=residual_f = actual_high_f - forecast_high_f
KXHIGHNY-26APR29,2026-04-29,d0_1500,2026-04-29T19:00:00+00:00,gfs_operational_latest,2026-04-29T06:00:00+00:00,2026-04-29T12:00:00+00:00,day_06z,62.0,62.0,,62.0,62.0,0.0,nws_cli_knyc,MODEL_ONLY_REPLAY,iem_nws_cli,62° to 63°,4,spring,-6.0,open-meteo:single-runs:ncep_gfs_global:operational_latest,policy=latest_available_by_latency;latency_h=6;replay_mode=MODEL_ONLY_REPLAY;residual_convention=residual_f = actual_high_f - forecast_high_f
KXHIGHNY-26APR30,2026-04-30,dminus1_1800,2026-04-29T22:00:00+00:00,gfs_operational_latest,2026-04-29T12:00:00+00:00,2026-04-29T18:00:00+00:00,prev_12z,63.6,63.6,,63.6,60.0,-3.6000000000000014,nws_cli_knyc,FULL_OPERATIONAL_REPLAY,iem_nws_cli,60° or below,4,spring,12.0,open-meteo:single-runs:ncep_gfs_global:operational_latest,policy=latest_available_by_latency;latency_h=6;replay_mode=FULL_OPERATIONAL_REPLAY;residual_convention=residual_f = actual_high_f - forecast_high_f
KXHIGHNY-26APR30,2026-04-30,d0_0600,2026-04-30T10:00:00+00:00,gfs_operational_latest,2026-04-30T00:00:00+00:00,2026-04-30T06:00:00+00:00,day_00z,60.4,60.4,,60.4,60.0,-0.3999999999999986,nws_cli_knyc,MODEL_ONLY_REPLAY,iem_nws_cli,60° or below,4,spring,0.0,open-meteo:single-runs:ncep_gfs_global:operational_latest,policy=latest_available_by_latency;latency_h=6;replay_mode=MODEL_ONLY_REPLAY;residual_convention=residual_f = actual_high_f - forecast_high_f
KXHIGHNY-26APR30,2026-04-30,d0_0900,2026-04-30T13:00:00+00:00,gfs_operational_latest,2026-04-30T06:00:00+00:00,2026-04-30T12:00:00+00:00,day_06z,61.3,61.3,,61.3,60.0,-1.2999999999999972,nws_cli_knyc,MODEL_ONLY_REPLAY,iem_nws_cli,60° or below,4,spring,-6.0,open-meteo:single-runs:ncep_gfs_global:operational_latest,policy=latest_available_by_latency;latency_h=6;replay_mode=MODEL_ONLY_REPLAY;residual_convention=residual_f = actual_high_f - forecast_high_f
KXHIGHNY-26APR30,2026-04-30,d0_1200,2026-04-30T16:00:00+00:00,gfs_operational_latest,2026-04-30T06:00:00+00:00,2026-04-30T12:00:00+00:00,day_06z,61.3,61.3,,61.3,60.0,-1.2999999999999972,nws_cli_knyc,MODEL_ONLY_REPLAY,iem_nws_cli,60° or below,4,spring,-6.0,open-meteo:single-runs:ncep_gfs_global:operational_latest,policy=latest_available_by_latency;latency_h=6;replay_mode=MODEL_ONLY_REPLAY;residual_convention=residual_f = actual_high_f - forecast_high_f
KXHIGHNY-26APR30,2026-04-30,d0_1500,2026-04-30T19:00:00+00:00,gfs_operational_latest,2026-04-30T06:00:00+00:00,2026-04-30T12:00:00+00:00,day_06z,61.3,61.3,,61.3,60.0,-1.2999999999999972,nws_cli_knyc,MODEL_ONLY_REPLAY,iem_nws_cli,60° or below,4,spring,-6.0,open-meteo:single-runs:ncep_gfs_global:operational_latest,policy=latest_available_by_latency;latency_h=6;replay_mode=MODEL_ONLY_REPLAY;residual_convention=residual_f = actual_high_f - forecast_high_f
KXHIGHNY-26MAY01,2026-05-01,dminus1_1800,2026-04-30T22:00:00+00:00,gfs_operational_latest,2026-04-30T12:00:00+00:00,2026-04-30T18:00:00+00:00,prev_12z,66.1,66.1,,66.1,64.0,-2.0999999999999943,nws_cli_knyc,FULL_OPERATIONAL_REPLAY,iem_nws_cli,64° to 65°,5,spring,12.0,open-meteo:single-runs:ncep_gfs_global:operational_latest,policy=latest_available_by_latency;latency_h=6;replay_mode=FULL_OPERATIONAL_REPLAY;residual_convention=residual_f = actual_high_f - forecast_high_f
KXHIGHNY-26MAY01,2026-05-01,d0_0600,2026-05-01T10:00:00+00:00,gfs_operational_latest,2026-05-01T00:00:00+00:00,2026-05-01T06:00:00+00:00,day_00z,65.8,65.8,,65.8,64.0,-1.7999999999999972,nws_cli_knyc,MODEL_ONLY_REPLAY,iem_nws_cli,64° to 65°,5,spring,0.0,open-meteo:single-runs:ncep_gfs_global:operational_latest,policy=latest_available_by_latency;latency_h=6;replay_mode=MODEL_ONLY_REPLAY;residual_convention=residual_f = actual_high_f - forecast_high_f
KXHIGHNY-26MAY01,2026-05-01,d0_0900,2026-05-01T13:00:00+00:00,gfs_operational_latest,2026-05-01T06:00:00+00:00,2026-05-01T12:00:00+00:00,day_06z,66.1,66.1,,66.1,64.0,-2.0999999999999943,nws_cli_knyc,MODEL_ONLY_REPLAY,iem_nws_cli,64° to 65°,5,spring,-6.0,open-meteo:single-runs:ncep_gfs_global:operational_latest,policy=latest_available_by_latency;latency_h=6;replay_mode=MODEL_ONLY_REPLAY;residual_convention=residual_f = actual_high_f - forecast_high_f
KXHIGHNY-26MAY01,2026-05-01,d0_1200,2026-05-01T16:00:00+00:00,gfs_operational_latest,2026-05-01T06:00:00+00:00,2026-05-01T12:00:00+00:00,day_06z,66.1,66.1,,66.1,64.0,-2.0999999999999943,nws_cli_knyc,MODEL_ONLY_REPLAY,iem_nws_cli,64° to 65°,5,spring,-6.0,open-meteo:single-runs:ncep_gfs_global:operational_latest,policy=latest_available_by_latency;latency_h=6;replay_mode=MODEL_ONLY_REPLAY;residual_convention=residual_f = actual_high_f - forecast_high_f
KXHIGHNY-26MAY01,2026-05-01,d0_1500,2026-05-01T19:00:00+00:00,gfs_operational_latest,2026-05-01T06:00:00+00:00,2026-05-01T12:00:00+00:00,day_06z,66.1,66.1,,66.1,64.0,-2.0999999999999943,nws_cli_knyc,MODEL_ONLY_REPLAY,iem_nws_cli,64° to 65°,5,spring,-6.0,open-meteo:single-runs:ncep_gfs_global:operational_latest,policy=latest_available_by_latency;latency_h=6;replay_mode=MODEL_ONLY_REPLAY;residual_convention=residual_f = actual_high_f - forecast_high_f
KXHIGHNY-26MAY02,2026-05-02,dminus1_1800,2026-05-01T22:00:00+00:00,gfs_operational_latest,2026-05-01T12:00:00+00:00,2026-05-01T18:00:00+00:00,prev_12z,59.1,59.1,,59.1,61.0,1.8999999999999986,nws_cli_knyc,FULL_OPERATIONAL_REPLAY,iem_nws_cli,60° to 61°,5,spring,12.0,open-meteo:single-runs:ncep_gfs_global:operational_latest,policy=latest_available_by_latency;latency_h=6;replay_mode=FULL_OPERATIONAL_REPLAY;residual_convention=residual_f = actual_high_f - forecast_high_f
KXHIGHNY-26MAY02,2026-05-02,d0_0600,2026-05-02T10:00:00+00:00,gfs_operational_latest,2026-05-02T00:00:00+00:00,2026-05-02T06:00:00+00:00,day_00z,59.8,59.8,,59.8,61.0,1.2000000000000028,nws_cli_knyc,MODEL_ONLY_REPLAY,iem_nws_cli,60° to 61°,5,spring,0.0,open-meteo:single-runs:ncep_gfs_global:operational_latest,policy=latest_available_by_latency;latency_h=6;replay_mode=MODEL_ONLY_REPLAY;residual_convention=residual_f = actual_high_f - forecast_high_f
KXHIGHNY-26MAY02,2026-05-02,d0_0900,2026-05-02T13:00:00+00:00,gfs_operational_latest,2026-05-02T06:00:00+00:00,2026-05-02T12:00:00+00:00,day_06z,59.5,59.5,,59.5,61.0,1.5,nws_cli_knyc,MODEL_ONLY_REPLAY,iem_nws_cli,60° to 61°,5,spring,-6.0,open-meteo:single-runs:ncep_gfs_global:operational_latest,policy=latest_available_by_latency;latency_h=6;replay_mode=MODEL_ONLY_REPLAY;residual_convention=residual_f = actual_high_f - forecast_high_f
KXHIGHNY-26MAY02,2026-05-02,d0_1200,2026-05-02T16:00:00+00:00,gfs_operational_latest,2026-05-02T06:00:00+00:00,2026-05-02T12:00:00+00:00,day_06z,59.5,59.5,,59.5,61.0,1.5,nws_cli_knyc,MODEL_ONLY_REPLAY,iem_nws_cli,60° to 61°,5,spring,-6.0,open-meteo:single-runs:ncep_gfs_global:operational_latest,policy=latest_available_by_latency;latency_h=6;replay_mode=MODEL_ONLY_REPLAY;residual_convention=residual_f = actual_high_f - forecast_high_f
KXHIGHNY-26MAY02,2026-05-02,d0_1500,2026-05-02T19:00:00+00:00,gfs_operational_latest,2026-05-02T06:00:00+00:00,2026-05-02T12:00:00+00:00,day_06z,59.5,59.5,,59.5,61.0,1.5,nws_cli_knyc,MODEL_ONLY_REPLAY,iem_nws_cli,60° to 61°,5,spring,-6.0,open-meteo:single-runs:ncep_gfs_global:operational_latest,policy=latest_available_by_latency;latency_h=6;replay_mode=MODEL_ONLY_REPLAY;residual_convention=residual_f = actual_high_f - forecast_high_f
KXHIGHNY-26MAY03,2026-05-03,dminus1_1800,2026-05-02T22:00:00+00:00,gfs_operational_latest,2026-05-02T12:00:00+00:00,2026-05-02T18:00:00+00:00,prev_12z,60.2,60.2,,60.2,59.0,-1.2000000000000028,nws_cli_knyc,FULL_OPERATIONAL_REPLAY,iem_nws_cli,59° to 60°,5,spring,12.0,open-meteo:single-runs:ncep_gfs_global:operational_latest,policy=latest_available_by_latency;latency_h=6;replay_mode=FULL_OPERATIONAL_REPLAY;residual_convention=residual_f = actual_high_f - forecast_high_f
KXHIGHNY-26MAY03,2026-05-03,d0_0600,2026-05-03T10:00:00+00:00,gfs_operational_latest,2026-05-03T00:00:00+00:00,2026-05-03T06:00:00+00:00,day_00z,59.8,59.8,,59.8,59.0,-0.7999999999999972,nws_cli_knyc,MODEL_ONLY_REPLAY,iem_nws_cli,59° to 60°,5,spring,0.0,open-meteo:single-runs:ncep_gfs_global:operational_latest,policy=latest_available_by_latency;latency_h=6;replay_mode=MODEL_ONLY_REPLAY;residual_convention=residual_f = actual_high_f - forecast_high_f
KXHIGHNY-26MAY03,2026-05-03,d0_0900,2026-05-03T13:00:00+00:00,gfs_operational_latest,2026-05-03T06:00:00+00:00,2026-05-03T12:00:00+00:00,day_06z,60.2,60.2,,60.2,59.0,-1.2000000000000028,nws_cli_knyc,MODEL_ONLY_REPLAY,iem_nws_cli,59° to 60°,5,spring,-6.0,open-meteo:single-runs:ncep_gfs_global:operational_latest,policy=latest_available_by_latency;latency_h=6;replay_mode=MODEL_ONLY_REPLAY;residual_convention=residual_f = actual_high_f - forecast_high_f
KXHIGHNY-26MAY03,2026-05-03,d0_1200,2026-05-03T16:00:00+00:00,gfs_operational_latest,2026-05-03T06:00:00+00:00,2026-05-03T12:00:00+00:00,day_06z,60.2,60.2,,60.2,59.0,-1.2000000000000028,nws_cli_knyc,MODEL_ONLY_REPLAY,iem_nws_cli,59° to 60°,5,spring,-6.0,open-meteo:single-runs:ncep_gfs_global:operational_latest,policy=latest_available_by_latency;latency_h=6;replay_mode=MODEL_ONLY_REPLAY;residual_convention=residual_f = actual_high_f - forecast_high_f
KXHIGHNY-26MAY03,2026-05-03,d0_1500,2026-05-03T19:00:00+00:00,gfs_operational_latest,2026-05-03T06:00:00+00:00,2026-05-03T12:00:00+00:00,day_06z,60.2,60.2,,60.2,59.0,-1.2000000000000028,nws_cli_knyc,MODEL_ONLY_REPLAY,iem_nws_cli,59° to 60°,5,spring,-6.0,open-meteo:single-runs:ncep_gfs_global:operational_latest,policy=latest_available_by_latency;latency_h=6;replay_mode=MODEL_ONLY_REPLAY;residual_convention=residual_f = actual_high_f - forecast_high_f
KXHIGHNY-26MAY04,2026-05-04,dminus1_1800,2026-05-03T22:00:00+00:00,gfs_operational_latest,2026-05-03T12:00:00+00:00,2026-05-03T18:00:00+00:00,prev_12z,71.0,71.0,,71.0,72.0,1.0,nws_cli_knyc,FULL_OPERATIONAL_REPLAY,iem_nws_cli,72° to 73°,5,spring,12.0,open-meteo:single-runs:ncep_gfs_global:operational_latest,policy=latest_available_by_latency;latency_h=6;replay_mode=FULL_OPERATIONAL_REPLAY;residual_convention=residual_f = actual_high_f - forecast_high_f
KXHIGHNY-26MAY04,2026-05-04,d0_0600,2026-05-04T10:00:00+00:00,gfs_operational_latest,2026-05-04T00:00:00+00:00,2026-05-04T06:00:00+00:00,day_00z,71.5,71.5,,71.5,72.0,0.5,nws_cli_knyc,MODEL_ONLY_REPLAY,iem_nws_cli,72° to 73°,5,spring,0.0,open-meteo:single-runs:ncep_gfs_global:operational_latest,policy=latest_available_by_latency;latency_h=6;replay_mode=MODEL_ONLY_REPLAY;residual_convention=residual_f = actual_high_f - forecast_high_f
KXHIGHNY-26MAY04,2026-05-04,d0_0900,2026-05-04T13:00:00+00:00,gfs_operational_latest,2026-05-04T06:00:00+00:00,2026-05-04T12:00:00+00:00,day_06z,71.9,71.9,,71.9,72.0,0.09999999999999432,nws_cli_knyc,MODEL_ONLY_REPLAY,iem_nws_cli,72° to 73°,5,spring,-6.0,open-meteo:single-runs:ncep_gfs_global:operational_latest,policy=latest_available_by_latency;latency_h=6;replay_mode=MODEL_ONLY_REPLAY;residual_convention=residual_f = actual_high_f - forecast_high_f
KXHIGHNY-26MAY04,2026-05-04,d0_1200,2026-05-04T16:00:00+00:00,gfs_operational_latest,2026-05-04T06:00:00+00:00,2026-05-04T12:00:00+00:00,day_06z,71.9,71.9,,71.9,72.0,0.09999999999999432,nws_cli_knyc,MODEL_ONLY_REPLAY,iem_nws_cli,72° to 73°,5,spring,-6.0,open-meteo:single-runs:ncep_gfs_global:operational_latest,policy=latest_available_by_latency;latency_h=6;replay_mode=MODEL_ONLY_REPLAY;residual_convention=residual_f = actual_high_f - forecast_high_f
KXHIGHNY-26MAY04,2026-05-04,d0_1500,2026-05-04T19:00:00+00:00,gfs_operational_latest,2026-05-04T06:00:00+00:00,2026-05-04T12:00:00+00:00,day_06z,71.9,71.9,,71.9,72.0,0.09999999999999432,nws_cli_knyc,MODEL_ONLY_REPLAY,iem_nws_cli,72° to 73°,5,spring,-6.0,open-meteo:single-runs:ncep_gfs_global:operational_latest,policy=latest_available_by_latency;latency_h=6;replay_mode=MODEL_ONLY_REPLAY;residual_convention=residual_f = actual_high_f - forecast_high_f
KXHIGHNY-26MAY05,2026-05-05,dminus1_1800,2026-05-04T22:00:00+00:00,gfs_operational_latest,2026-05-04T12:00:00+00:00,2026-05-04T18:00:00+00:00,prev_12z,83.0,83.0,,83.0,81.0,-2.0,nws_cli_knyc,FULL_OPERATIONAL_REPLAY,iem_nws_cli,81° to 82°,5,spring,12.0,open-meteo:single-runs:ncep_gfs_global:operational_latest,policy=latest_available_by_latency;latency_h=6;replay_mode=FULL_OPERATIONAL_REPLAY;residual_convention=residual_f = actual_high_f - forecast_high_f
KXHIGHNY-26MAY05,2026-05-05,d0_0600,2026-05-05T10:00:00+00:00,gfs_operational_latest,2026-05-05T00:00:00+00:00,2026-05-05T06:00:00+00:00,day_00z,83.4,83.4,,83.4,81.0,-2.4000000000000057,nws_cli_knyc,MODEL_ONLY_REPLAY,iem_nws_cli,81° to 82°,5,spring,0.0,open-meteo:single-runs:ncep_gfs_global:operational_latest,policy=latest_available_by_latency;latency_h=6;replay_mode=MODEL_ONLY_REPLAY;residual_convention=residual_f = actual_high_f - forecast_high_f
KXHIGHNY-26MAY05,2026-05-05,d0_0900,2026-05-05T13:00:00+00:00,gfs_operational_latest,2026-05-05T06:00:00+00:00,2026-05-05T12:00:00+00:00,day_06z,83.2,83.2,,83.2,81.0,-2.200000000000003,nws_cli_knyc,MODEL_ONLY_REPLAY,iem_nws_cli,81° to 82°,5,spring,-6.0,open-meteo:single-runs:ncep_gfs_global:operational_latest,policy=latest_available_by_latency;latency_h=6;replay_mode=MODEL_ONLY_REPLAY;residual_convention=residual_f = actual_high_f - forecast_high_f
KXHIGHNY-26MAY05,2026-05-05,d0_1200,2026-05-05T16:00:00+00:00,gfs_operational_latest,2026-05-05T06:00:00+00:00,2026-05-05T12:00:00+00:00,day_06z,83.2,83.2,,83.2,81.0,-2.200000000000003,nws_cli_knyc,MODEL_ONLY_REPLAY,iem_nws_cli,81° to 82°,5,spring,-6.0,open-meteo:single-runs:ncep_gfs_global:operational_latest,policy=latest_available_by_latency;latency_h=6;replay_mode=MODEL_ONLY_REPLAY;residual_convention=residual_f = actual_high_f - forecast_high_f
KXHIGHNY-26MAY05,2026-05-05,d0_1500,2026-05-05T19:00:00+00:00,gfs_operational_latest,2026-05-05T06:00:00+00:00,2026-05-05T12:00:00+00:00,day_06z,83.2,83.2,,83.2,81.0,-2.200000000000003,nws_cli_knyc,MODEL_ONLY_REPLAY,iem_nws_cli,81° to 82°,5,spring,-6.0,open-meteo:single-runs:ncep_gfs_global:operational_latest,policy=latest_available_by_latency;latency_h=6;replay_mode=MODEL_ONLY_REPLAY;residual_convention=residual_f = actual_high_f - forecast_high_f
KXHIGHNY-26MAY06,2026-05-06,dminus1_1800,2026-05-05T22:00:00+00:00,gfs_operational_latest,2026-05-05T12:00:00+00:00,2026-05-05T18:00:00+00:00,prev_12z,73.9,73.9,,73.9,71.0,-2.9000000000000057,nws_cli_knyc,FULL_OPERATIONAL_REPLAY,iem_nws_cli,71° to 72°,5,spring,12.0,open-meteo:single-runs:ncep_gfs_global:operational_latest,policy=latest_available_by_latency;latency_h=6;replay_mode=FULL_OPERATIONAL_REPLAY;residual_convention=residual_f = actual_high_f - forecast_high_f
KXHIGHNY-26MAY06,2026-05-06,d0_0600,2026-05-06T10:00:00+00:00,gfs_operational_latest,2026-05-06T00:00:00+00:00,2026-05-06T06:00:00+00:00,day_00z,71.9,71.9,,71.9,71.0,-0.9000000000000057,nws_cli_knyc,MODEL_ONLY_REPLAY,iem_nws_cli,71° to 72°,5,spring,0.0,open-meteo:single-runs:ncep_gfs_global:operational_latest,policy=latest_available_by_latency;latency_h=6;replay_mode=MODEL_ONLY_REPLAY;residual_convention=residual_f = actual_high_f - forecast_high_f
KXHIGHNY-26MAY06,2026-05-06,d0_0900,2026-05-06T13:00:00+00:00,gfs_operational_latest,2026-05-06T06:00:00+00:00,2026-05-06T12:00:00+00:00,day_06z,72.4,72.4,,72.4,71.0,-1.4000000000000057,nws_cli_knyc,MODEL_ONLY_REPLAY,iem_nws_cli,71° to 72°,5,spring,-6.0,open-meteo:single-runs:ncep_gfs_global:operational_latest,policy=latest_available_by_latency;latency_h=6;replay_mode=MODEL_ONLY_REPLAY;residual_convention=residual_f = actual_high_f - forecast_high_f
KXHIGHNY-26MAY06,2026-05-06,d0_1200,2026-05-06T16:00:00+00:00,gfs_operational_latest,2026-05-06T06:00:00+00:00,2026-05-06T12:00:00+00:00,day_06z,72.4,72.4,,72.4,71.0,-1.4000000000000057,nws_cli_knyc,MODEL_ONLY_REPLAY,iem_nws_cli,71° to 72°,5,spring,-6.0,open-meteo:single-runs:ncep_gfs_global:operational_latest,policy=latest_available_by_latency;latency_h=6;replay_mode=MODEL_ONLY_REPLAY;residual_convention=residual_f = actual_high_f - forecast_high_f
KXHIGHNY-26MAY06,2026-05-06,d0_1500,2026-05-06T19:00:00+00:00,gfs_operational_latest,2026-05-06T06:00:00+00:00,2026-05-06T12:00:00+00:00,day_06z,72.4,72.4,,72.4,71.0,-1.4000000000000057,nws_cli_knyc,MODEL_ONLY_REPLAY,iem_nws_cli,71° to 72°,5,spring,-6.0,open-meteo:single-runs:ncep_gfs_global:operational_latest,policy=latest_available_by_latency;latency_h=6;replay_mode=MODEL_ONLY_REPLAY;residual_convention=residual_f = actual_high_f - forecast_high_f
KXHIGHNY-26MAY07,2026-05-07,dminus1_1800,2026-05-06T22:00:00+00:00,gfs_operational_latest,2026-05-06T12:00:00+00:00,2026-05-06T18:00:00+00:00,prev_12z,67.7,67.7,,67.7,64.0,-3.700000000000003,nws_cli_knyc,FULL_OPERATIONAL_REPLAY,iem_nws_cli,64° to 65°,5,spring,12.0,open-meteo:single-runs:ncep_gfs_global:operational_latest,policy=latest_available_by_latency;latency_h=6;replay_mode=FULL_OPERATIONAL_REPLAY;residual_convention=residual_f = actual_high_f - forecast_high_f
KXHIGHNY-26MAY07,2026-05-07,d0_0600,2026-05-07T10:00:00+00:00,gfs_operational_latest,2026-05-07T00:00:00+00:00,2026-05-07T06:00:00+00:00,day_00z,66.3,66.3,,66.3,64.0,-2.299999999999997,nws_cli_knyc,MODEL_ONLY_REPLAY,iem_nws_cli,64° to 65°,5,spring,0.0,open-meteo:single-runs:ncep_gfs_global:operational_latest,policy=latest_available_by_latency;latency_h=6;replay_mode=MODEL_ONLY_REPLAY;residual_convention=residual_f = actual_high_f - forecast_high_f
KXHIGHNY-26MAY07,2026-05-07,d0_0900,2026-05-07T13:00:00+00:00,gfs_operational_latest,2026-05-07T06:00:00+00:00,2026-05-07T12:00:00+00:00,day_06z,66.5,66.5,,66.5,64.0,-2.5,nws_cli_knyc,MODEL_ONLY_REPLAY,iem_nws_cli,64° to 65°,5,spring,-6.0,open-meteo:single-runs:ncep_gfs_global:operational_latest,policy=latest_available_by_latency;latency_h=6;replay_mode=MODEL_ONLY_REPLAY;residual_convention=residual_f = actual_high_f - forecast_high_f
KXHIGHNY-26MAY07,2026-05-07,d0_1200,2026-05-07T16:00:00+00:00,gfs_operational_latest,2026-05-07T06:00:00+00:00,2026-05-07T12:00:00+00:00,day_06z,66.5,66.5,,66.5,64.0,-2.5,nws_cli_knyc,MODEL_ONLY_REPLAY,iem_nws_cli,64° to 65°,5,spring,-6.0,open-meteo:single-runs:ncep_gfs_global:operational_latest,policy=latest_available_by_latency;latency_h=6;replay_mode=MODEL_ONLY_REPLAY;residual_convention=residual_f = actual_high_f - forecast_high_f
KXHIGHNY-26MAY07,2026-05-07,d0_1500,2026-05-07T19:00:00+00:00,gfs_operational_latest,2026-05-07T06:00:00+00:00,2026-05-07T12:00:00+00:00,day_06z,66.5,66.5,,66.5,64.0,-2.5,nws_cli_knyc,MODEL_ONLY_REPLAY,iem_nws_cli,64° to 65°,5,spring,-6.0,open-meteo:single-runs:ncep_gfs_global:operational_latest,policy=latest_available_by_latency;latency_h=6;replay_mode=MODEL_ONLY_REPLAY;residual_convention=residual_f = actual_high_f - forecast_high_f
KXHIGHNY-26MAY08,2026-05-08,dminus1_1800,2026-05-07T22:00:00+00:00,gfs_operational_latest,2026-05-07T12:00:00+00:00,2026-05-07T18:00:00+00:00,prev_12z,64.0,64.0,,64.0,63.0,-1.0,nws_cli_knyc,FULL_OPERATIONAL_REPLAY,iem_nws_cli,63° or below,5,spring,12.0,open-meteo:single-runs:ncep_gfs_global:operational_latest,policy=latest_available_by_latency;latency_h=6;replay_mode=FULL_OPERATIONAL_REPLAY;residual_convention=residual_f = actual_high_f - forecast_high_f
KXHIGHNY-26MAY08,2026-05-08,d0_0600,2026-05-08T10:00:00+00:00,gfs_operational_latest,2026-05-08T00:00:00+00:00,2026-05-08T06:00:00+00:00,day_00z,64.0,64.0,,64.0,63.0,-1.0,nws_cli_knyc,MODEL_ONLY_REPLAY,iem_nws_cli,63° or below,5,spring,0.0,open-meteo:single-runs:ncep_gfs_global:operational_latest,policy=latest_available_by_latency;latency_h=6;replay_mode=MODEL_ONLY_REPLAY;residual_convention=residual_f = actual_high_f - forecast_high_f
KXHIGHNY-26MAY08,2026-05-08,d0_0900,2026-05-08T13:00:00+00:00,gfs_operational_latest,2026-05-08T06:00:00+00:00,2026-05-08T12:00:00+00:00,day_06z,63.8,63.8,,63.8,63.0,-0.7999999999999972,nws_cli_knyc,MODEL_ONLY_REPLAY,iem_nws_cli,63° or below,5,spring,-6.0,open-meteo:single-runs:ncep_gfs_global:operational_latest,policy=latest_available_by_latency;latency_h=6;replay_mode=MODEL_ONLY_REPLAY;residual_convention=residual_f = actual_high_f - forecast_high_f
KXHIGHNY-26MAY08,2026-05-08,d0_1200,2026-05-08T16:00:00+00:00,gfs_operational_latest,2026-05-08T06:00:00+00:00,2026-05-08T12:00:00+00:00,day_06z,63.8,63.8,,63.8,63.0,-0.7999999999999972,nws_cli_knyc,MODEL_ONLY_REPLAY,iem_nws_cli,63° or below,5,spring,-6.0,open-meteo:single-runs:ncep_gfs_global:operational_latest,policy=latest_available_by_latency;latency_h=6;replay_mode=MODEL_ONLY_REPLAY;residual_convention=residual_f = actual_high_f - forecast_high_f
KXHIGHNY-26MAY08,2026-05-08,d0_1500,2026-05-08T19:00:00+00:00,gfs_operational_latest,2026-05-08T06:00:00+00:00,2026-05-08T12:00:00+00:00,day_06z,63.8,63.8,,63.8,63.0,-0.7999999999999972,nws_cli_knyc,MODEL_ONLY_REPLAY,iem_nws_cli,63° or below,5,spring,-6.0,open-meteo:single-runs:ncep_gfs_global:operational_latest,policy=latest_available_by_latency;latency_h=6;replay_mode=MODEL_ONLY_REPLAY;residual_convention=residual_f = actual_high_f - forecast_high_f
KXHIGHNY-26MAY09,2026-05-09,dminus1_1800,2026-05-08T22:00:00+00:00,gfs_operational_latest,2026-05-08T12:00:00+00:00,2026-05-08T18:00:00+00:00,prev_12z,59.6,59.6,,59.6,65.0,5.399999999999999,nws_cli_knyc,FULL_OPERATIONAL_REPLAY,iem_nws_cli,65° to 66°,5,spring,12.0,open-meteo:single-runs:ncep_gfs_global:operational_latest,policy=latest_available_by_latency;latency_h=6;replay_mode=FULL_OPERATIONAL_REPLAY;residual_convention=residual_f = actual_high_f - forecast_high_f
KXHIGHNY-26MAY09,2026-05-09,d0_0600,2026-05-09T10:00:00+00:00,gfs_operational_latest,2026-05-09T00:00:00+00:00,2026-05-09T06:00:00+00:00,day_00z,65.8,65.8,,65.8,65.0,-0.7999999999999972,nws_cli_knyc,MODEL_ONLY_REPLAY,iem_nws_cli,65° to 66°,5,spring,0.0,open-meteo:single-runs:ncep_gfs_global:operational_latest,policy=latest_available_by_latency;latency_h=6;replay_mode=MODEL_ONLY_REPLAY;residual_convention=residual_f = actual_high_f - forecast_high_f
KXHIGHNY-26MAY09,2026-05-09,d0_0900,2026-05-09T13:00:00+00:00,gfs_operational_latest,2026-05-09T06:00:00+00:00,2026-05-09T12:00:00+00:00,day_06z,65.4,65.4,,65.4,65.0,-0.4000000000000057,nws_cli_knyc,MODEL_ONLY_REPLAY,iem_nws_cli,65° to 66°,5,spring,-6.0,open-meteo:single-runs:ncep_gfs_global:operational_latest,policy=latest_available_by_latency;latency_h=6;replay_mode=MODEL_ONLY_REPLAY;residual_convention=residual_f = actual_high_f - forecast_high_f
KXHIGHNY-26MAY09,2026-05-09,d0_1200,2026-05-09T16:00:00+00:00,gfs_operational_latest,2026-05-09T06:00:00+00:00,2026-05-09T12:00:00+00:00,day_06z,65.4,65.4,,65.4,65.0,-0.4000000000000057,nws_cli_knyc,MODEL_ONLY_REPLAY,iem_nws_cli,65° to 66°,5,spring,-6.0,open-meteo:single-runs:ncep_gfs_global:operational_latest,policy=latest_available_by_latency;latency_h=6;replay_mode=MODEL_ONLY_REPLAY;residual_convention=residual_f = actual_high_f - forecast_high_f
KXHIGHNY-26MAY09,2026-05-09,d0_1500,2026-05-09T19:00:00+00:00,gfs_operational_latest,2026-05-09T06:00:00+00:00,2026-05-09T12:00:00+00:00,day_06z,65.4,65.4,,65.4,65.0,-0.4000000000000057,nws_cli_knyc,MODEL_ONLY_REPLAY,iem_nws_cli,65° to 66°,5,spring,-6.0,open-meteo:single-runs:ncep_gfs_global:operational_latest,policy=latest_available_by_latency;latency_h=6;replay_mode=MODEL_ONLY_REPLAY;residual_convention=residual_f = actual_high_f - forecast_high_f
KXHIGHNY-26MAY10,2026-05-10,dminus1_1800,2026-05-09T22:00:00+00:00,gfs_operational_latest,2026-05-09T12:00:00+00:00,2026-05-09T18:00:00+00:00,prev_12z,77.5,77.5,,77.5,73.0,-4.5,nws_cli_knyc,FULL_OPERATIONAL_REPLAY,iem_nws_cli,72° to 73°,5,spring,12.0,open-meteo:single-runs:ncep_gfs_global:operational_latest,policy=latest_available_by_latency;latency_h=6;replay_mode=FULL_OPERATIONAL_REPLAY;residual_convention=residual_f = actual_high_f - forecast_high_f
KXHIGHNY-26MAY10,2026-05-10,d0_0600,2026-05-10T10:00:00+00:00,gfs_operational_latest,2026-05-10T00:00:00+00:00,2026-05-10T06:00:00+00:00,day_00z,76.6,76.6,,76.6,73.0,-3.5999999999999943,nws_cli_knyc,MODEL_ONLY_REPLAY,iem_nws_cli,72° to 73°,5,spring,0.0,open-meteo:single-runs:ncep_gfs_global:operational_latest,policy=latest_available_by_latency;latency_h=6;replay_mode=MODEL_ONLY_REPLAY;residual_convention=residual_f = actual_high_f - forecast_high_f
KXHIGHNY-26MAY10,2026-05-10,d0_0900,2026-05-10T13:00:00+00:00,gfs_operational_latest,2026-05-10T06:00:00+00:00,2026-05-10T12:00:00+00:00,day_06z,76.6,76.6,,76.6,73.0,-3.5999999999999943,nws_cli_knyc,MODEL_ONLY_REPLAY,iem_nws_cli,72° to 73°,5,spring,-6.0,open-meteo:single-runs:ncep_gfs_global:operational_latest,policy=latest_available_by_latency;latency_h=6;replay_mode=MODEL_ONLY_REPLAY;residual_convention=residual_f = actual_high_f - forecast_high_f
KXHIGHNY-26MAY10,2026-05-10,d0_1200,2026-05-10T16:00:00+00:00,gfs_operational_latest,2026-05-10T06:00:00+00:00,2026-05-10T12:00:00+00:00,day_06z,76.6,76.6,,76.6,73.0,-3.5999999999999943,nws_cli_knyc,MODEL_ONLY_REPLAY,iem_nws_cli,72° to 73°,5,spring,-6.0,open-meteo:single-runs:ncep_gfs_global:operational_latest,policy=latest_available_by_latency;latency_h=6;replay_mode=MODEL_ONLY_REPLAY;residual_convention=residual_f = actual_high_f - forecast_high_f
KXHIGHNY-26MAY10,2026-05-10,d0_1500,2026-05-10T19:00:00+00:00,gfs_operational_latest,2026-05-10T06:00:00+00:00,2026-05-10T12:00:00+00:00,day_06z,76.6,76.6,,76.6,73.0,-3.5999999999999943,nws_cli_knyc,MODEL_ONLY_REPLAY,iem_nws_cli,72° to 73°,5,spring,-6.0,open-meteo:single-runs:ncep_gfs_global:operational_latest,policy=latest_available_by_latency;latency_h=6;replay_mode=MODEL_ONLY_REPLAY;residual_convention=residual_f = actual_high_f - forecast_high_f
KXHIGHNY-26MAY11,2026-05-11,dminus1_1800,2026-05-10T22:00:00+00:00,gfs_operational_latest,2026-05-10T12:00:00+00:00,2026-05-10T18:00:00+00:00,prev_12z,64.5,64.5,,64.5,61.0,-3.5,nws_cli_knyc,FULL_OPERATIONAL_REPLAY,iem_nws_cli,61° or below,5,spring,12.0,open-meteo:single-runs:ncep_gfs_global:operational_latest,policy=latest_available_by_latency;latency_h=6;replay_mode=FULL_OPERATIONAL_REPLAY;residual_convention=residual_f = actual_high_f - forecast_high_f
KXHIGHNY-26MAY11,2026-05-11,d0_0600,2026-05-11T10:00:00+00:00,gfs_operational_latest,2026-05-11T00:00:00+00:00,2026-05-11T06:00:00+00:00,day_00z,62.7,62.7,,62.7,61.0,-1.7000000000000028,nws_cli_knyc,MODEL_ONLY_REPLAY,iem_nws_cli,61° or below,5,spring,0.0,open-meteo:single-runs:ncep_gfs_global:operational_latest,policy=latest_available_by_latency;latency_h=6;replay_mode=MODEL_ONLY_REPLAY;residual_convention=residual_f = actual_high_f - forecast_high_f
KXHIGHNY-26MAY11,2026-05-11,d0_0900,2026-05-11T13:00:00+00:00,gfs_operational_latest,2026-05-11T06:00:00+00:00,2026-05-11T12:00:00+00:00,day_06z,64.0,64.0,,64.0,61.0,-3.0,nws_cli_knyc,MODEL_ONLY_REPLAY,iem_nws_cli,61° or below,5,spring,-6.0,open-meteo:single-runs:ncep_gfs_global:operational_latest,policy=latest_available_by_latency;latency_h=6;replay_mode=MODEL_ONLY_REPLAY;residual_convention=residual_f = actual_high_f - forecast_high_f
KXHIGHNY-26MAY11,2026-05-11,d0_1200,2026-05-11T16:00:00+00:00,gfs_operational_latest,2026-05-11T06:00:00+00:00,2026-05-11T12:00:00+00:00,day_06z,64.0,64.0,,64.0,61.0,-3.0,nws_cli_knyc,MODEL_ONLY_REPLAY,iem_nws_cli,61° or below,5,spring,-6.0,open-meteo:single-runs:ncep_gfs_global:operational_latest,policy=latest_available_by_latency;latency_h=6;replay_mode=MODEL_ONLY_REPLAY;residual_convention=residual_f = actual_high_f - forecast_high_f
KXHIGHNY-26MAY11,2026-05-11,d0_1500,2026-05-11T19:00:00+00:00,gfs_operational_latest,2026-05-11T06:00:00+00:00,2026-05-11T12:00:00+00:00,day_06z,64.0,64.0,,64.0,61.0,-3.0,nws_cli_knyc,MODEL_ONLY_REPLAY,iem_nws_cli,61° or below,5,spring,-6.0,open-meteo:single-runs:ncep_gfs_global:operational_latest,policy=latest_available_by_latency;latency_h=6;replay_mode=MODEL_ONLY_REPLAY;residual_convention=residual_f = actual_high_f - forecast_high_f
KXHIGHNY-26MAY12,2026-05-12,dminus1_1800,2026-05-11T22:00:00+00:00,gfs_operational_latest,2026-05-11T12:00:00+00:00,2026-05-11T18:00:00+00:00,prev_12z,67.6,67.6,,67.6,66.0,-1.5999999999999943,nws_cli_knyc,FULL_OPERATIONAL_REPLAY,iem_nws_cli,66° to 67°,5,spring,12.0,open-meteo:single-runs:ncep_gfs_global:operational_latest,policy=latest_available_by_latency;latency_h=6;replay_mode=FULL_OPERATIONAL_REPLAY;residual_convention=residual_f = actual_high_f - forecast_high_f
KXHIGHNY-26MAY12,2026-05-12,d0_0600,2026-05-12T10:00:00+00:00,gfs_operational_latest,2026-05-12T00:00:00+00:00,2026-05-12T06:00:00+00:00,day_00z,67.7,67.7,,67.7,66.0,-1.7000000000000028,nws_cli_knyc,MODEL_ONLY_REPLAY,iem_nws_cli,66° to 67°,5,spring,0.0,open-meteo:single-runs:ncep_gfs_global:operational_latest,policy=latest_available_by_latency;latency_h=6;replay_mode=MODEL_ONLY_REPLAY;residual_convention=residual_f = actual_high_f - forecast_high_f
KXHIGHNY-26MAY12,2026-05-12,d0_0900,2026-05-12T13:00:00+00:00,gfs_operational_latest,2026-05-12T06:00:00+00:00,2026-05-12T12:00:00+00:00,day_06z,67.9,67.9,,67.9,66.0,-1.9000000000000057,nws_cli_knyc,MODEL_ONLY_REPLAY,iem_nws_cli,66° to 67°,5,spring,-6.0,open-meteo:single-runs:ncep_gfs_global:operational_latest,policy=latest_available_by_latency;latency_h=6;replay_mode=MODEL_ONLY_REPLAY;residual_convention=residual_f = actual_high_f - forecast_high_f
KXHIGHNY-26MAY12,2026-05-12,d0_1200,2026-05-12T16:00:00+00:00,gfs_operational_latest,2026-05-12T06:00:00+00:00,2026-05-12T12:00:00+00:00,day_06z,67.9,67.9,,67.9,66.0,-1.9000000000000057,nws_cli_knyc,MODEL_ONLY_REPLAY,iem_nws_cli,66° to 67°,5,spring,-6.0,open-meteo:single-runs:ncep_gfs_global:operational_latest,policy=latest_available_by_latency;latency_h=6;replay_mode=MODEL_ONLY_REPLAY;residual_convention=residual_f = actual_high_f - forecast_high_f
KXHIGHNY-26MAY12,2026-05-12,d0_1500,2026-05-12T19:00:00+00:00,gfs_operational_latest,2026-05-12T06:00:00+00:00,2026-05-12T12:00:00+00:00,day_06z,67.9,67.9,,67.9,66.0,-1.9000000000000057,nws_cli_knyc,MODEL_ONLY_REPLAY,iem_nws_cli,66° to 67°,5,spring,-6.0,open-meteo:single-runs:ncep_gfs_global:operational_latest,policy=latest_available_by_latency;latency_h=6;replay_mode=MODEL_ONLY_REPLAY;residual_convention=residual_f = actual_high_f - forecast_high_f
KXHIGHNY-26MAY13,2026-05-13,dminus1_1800,2026-05-12T22:00:00+00:00,gfs_operational_latest,2026-05-12T12:00:00+00:00,2026-05-12T18:00:00+00:00,prev_12z,74.2,74.2,,74.2,72.0,-2.200000000000003,nws_cli_knyc,FULL_OPERATIONAL_REPLAY,iem_nws_cli,72° to 73°,5,spring,12.0,open-meteo:single-runs:ncep_gfs_global:operational_latest,policy=latest_available_by_latency;latency_h=6;replay_mode=FULL_OPERATIONAL_REPLAY;residual_convention=residual_f = actual_high_f - forecast_high_f
KXHIGHNY-26MAY13,2026-05-13,d0_0600,2026-05-13T10:00:00+00:00,gfs_operational_latest,2026-05-13T00:00:00+00:00,2026-05-13T06:00:00+00:00,day_00z,73.9,73.9,,73.9,72.0,-1.9000000000000057,nws_cli_knyc,MODEL_ONLY_REPLAY,iem_nws_cli,72° to 73°,5,spring,0.0,open-meteo:single-runs:ncep_gfs_global:operational_latest,policy=latest_available_by_latency;latency_h=6;replay_mode=MODEL_ONLY_REPLAY;residual_convention=residual_f = actual_high_f - forecast_high_f
KXHIGHNY-26MAY13,2026-05-13,d0_0900,2026-05-13T13:00:00+00:00,gfs_operational_latest,2026-05-13T06:00:00+00:00,2026-05-13T12:00:00+00:00,day_06z,74.4,74.4,,74.4,72.0,-2.4000000000000057,nws_cli_knyc,MODEL_ONLY_REPLAY,iem_nws_cli,72° to 73°,5,spring,-6.0,open-meteo:single-runs:ncep_gfs_global:operational_latest,policy=latest_available_by_latency;latency_h=6;replay_mode=MODEL_ONLY_REPLAY;residual_convention=residual_f = actual_high_f - forecast_high_f
KXHIGHNY-26MAY13,2026-05-13,d0_1200,2026-05-13T16:00:00+00:00,gfs_operational_latest,2026-05-13T06:00:00+00:00,2026-05-13T12:00:00+00:00,day_06z,74.4,74.4,,74.4,72.0,-2.4000000000000057,nws_cli_knyc,MODEL_ONLY_REPLAY,iem_nws_cli,72° to 73°,5,spring,-6.0,open-meteo:single-runs:ncep_gfs_global:operational_latest,policy=latest_available_by_latency;latency_h=6;replay_mode=MODEL_ONLY_REPLAY;residual_convention=residual_f = actual_high_f - forecast_high_f
KXHIGHNY-26MAY13,2026-05-13,d0_1500,2026-05-13T19:00:00+00:00,gfs_operational_latest,2026-05-13T06:00:00+00:00,2026-05-13T12:00:00+00:00,day_06z,74.4,74.4,,74.4,72.0,-2.4000000000000057,nws_cli_knyc,MODEL_ONLY_REPLAY,iem_nws_cli,72° to 73°,5,spring,-6.0,open-meteo:single-runs:ncep_gfs_global:operational_latest,policy=latest_available_by_latency;latency_h=6;replay_mode=MODEL_ONLY_REPLAY;residual_convention=residual_f = actual_high_f - forecast_high_f
KXHIGHNY-26MAY14,2026-05-14,dminus1_1800,2026-05-13T22:00:00+00:00,gfs_operational_latest,2026-05-13T12:00:00+00:00,2026-05-13T18:00:00+00:00,prev_12z,65.8,65.8,,65.8,66.0,0.20000000000000284,nws_cli_knyc,FULL_OPERATIONAL_REPLAY,iem_nws_cli,65° to 66°,5,spring,12.0,open-meteo:single-runs:ncep_gfs_global:operational_latest,policy=latest_available_by_latency;latency_h=6;replay_mode=FULL_OPERATIONAL_REPLAY;residual_convention=residual_f = actual_high_f - forecast_high_f
KXHIGHNY-26MAY14,2026-05-14,d0_0600,2026-05-14T10:00:00+00:00,gfs_operational_latest,2026-05-14T00:00:00+00:00,2026-05-14T06:00:00+00:00,day_00z,62.7,62.7,,62.7,66.0,3.299999999999997,nws_cli_knyc,MODEL_ONLY_REPLAY,iem_nws_cli,65° to 66°,5,spring,0.0,open-meteo:single-runs:ncep_gfs_global:operational_latest,policy=latest_available_by_latency;latency_h=6;replay_mode=MODEL_ONLY_REPLAY;residual_convention=residual_f = actual_high_f - forecast_high_f
KXHIGHNY-26MAY14,2026-05-14,d0_0900,2026-05-14T13:00:00+00:00,gfs_operational_latest,2026-05-14T06:00:00+00:00,2026-05-14T12:00:00+00:00,day_06z,66.5,66.5,,66.5,66.0,-0.5,nws_cli_knyc,MODEL_ONLY_REPLAY,iem_nws_cli,65° to 66°,5,spring,-6.0,open-meteo:single-runs:ncep_gfs_global:operational_latest,policy=latest_available_by_latency;latency_h=6;replay_mode=MODEL_ONLY_REPLAY;residual_convention=residual_f = actual_high_f - forecast_high_f
KXHIGHNY-26MAY14,2026-05-14,d0_1200,2026-05-14T16:00:00+00:00,gfs_operational_latest,2026-05-14T06:00:00+00:00,2026-05-14T12:00:00+00:00,day_06z,66.5,66.5,,66.5,66.0,-0.5,nws_cli_knyc,MODEL_ONLY_REPLAY,iem_nws_cli,65° to 66°,5,spring,-6.0,open-meteo:single-runs:ncep_gfs_global:operational_latest,policy=latest_available_by_latency;latency_h=6;replay_mode=MODEL_ONLY_REPLAY;residual_convention=residual_f = actual_high_f - forecast_high_f
KXHIGHNY-26MAY14,2026-05-14,d0_1500,2026-05-14T19:00:00+00:00,gfs_operational_latest,2026-05-14T06:00:00+00:00,2026-05-14T12:00:00+00:00,day_06z,66.5,66.5,,66.5,66.0,-0.5,nws_cli_knyc,MODEL_ONLY_REPLAY,iem_nws_cli,65° to 66°,5,spring,-6.0,open-meteo:single-runs:ncep_gfs_global:operational_latest,policy=latest_available_by_latency;latency_h=6;replay_mode=MODEL_ONLY_REPLAY;residual_convention=residual_f = actual_high_f - forecast_high_f
KXHIGHNY-26MAY15,2026-05-15,dminus1_1800,2026-05-14T22:00:00+00:00,gfs_operational_latest,2026-05-14T12:00:00+00:00,2026-05-14T18:00:00+00:00,prev_12z,67.2,67.2,,67.2,66.0,-1.2000000000000028,nws_cli_knyc,FULL_OPERATIONAL_REPLAY,iem_nws_cli,65° to 66°,5,spring,12.0,open-meteo:single-runs:ncep_gfs_global:operational_latest,policy=latest_available_by_latency;latency_h=6;replay_mode=FULL_OPERATIONAL_REPLAY;residual_convention=residual_f = actual_high_f - forecast_high_f
KXHIGHNY-26MAY15,2026-05-15,d0_0600,2026-05-15T10:00:00+00:00,gfs_operational_latest,2026-05-15T00:00:00+00:00,2026-05-15T06:00:00+00:00,day_00z,65.2,65.2,,65.2,66.0,0.7999999999999972,nws_cli_knyc,MODEL_ONLY_REPLAY,iem_nws_cli,65° to 66°,5,spring,0.0,open-meteo:single-runs:ncep_gfs_global:operational_latest,policy=latest_available_by_latency;latency_h=6;replay_mode=MODEL_ONLY_REPLAY;residual_convention=residual_f = actual_high_f - forecast_high_f
KXHIGHNY-26MAY15,2026-05-15,d0_0900,2026-05-15T13:00:00+00:00,gfs_operational_latest,2026-05-15T06:00:00+00:00,2026-05-15T12:00:00+00:00,day_06z,67.6,67.6,,67.6,66.0,-1.5999999999999943,nws_cli_knyc,MODEL_ONLY_REPLAY,iem_nws_cli,65° to 66°,5,spring,-6.0,open-meteo:single-runs:ncep_gfs_global:operational_latest,policy=latest_available_by_latency;latency_h=6;replay_mode=MODEL_ONLY_REPLAY;residual_convention=residual_f = actual_high_f - forecast_high_f
KXHIGHNY-26MAY15,2026-05-15,d0_1200,2026-05-15T16:00:00+00:00,gfs_operational_latest,2026-05-15T06:00:00+00:00,2026-05-15T12:00:00+00:00,day_06z,67.6,67.6,,67.6,66.0,-1.5999999999999943,nws_cli_knyc,MODEL_ONLY_REPLAY,iem_nws_cli,65° to 66°,5,spring,-6.0,open-meteo:single-runs:ncep_gfs_global:operational_latest,policy=latest_available_by_latency;latency_h=6;replay_mode=MODEL_ONLY_REPLAY;residual_convention=residual_f = actual_high_f - forecast_high_f
KXHIGHNY-26MAY15,2026-05-15,d0_1500,2026-05-15T19:00:00+00:00,gfs_operational_latest,2026-05-15T06:00:00+00:00,2026-05-15T12:00:00+00:00,day_06z,67.6,67.6,,67.6,66.0,-1.5999999999999943,nws_cli_knyc,MODEL_ONLY_REPLAY,iem_nws_cli,65° to 66°,5,spring,-6.0,open-meteo:single-runs:ncep_gfs_global:operational_latest,policy=latest_available_by_latency;latency_h=6;replay_mode=MODEL_ONLY_REPLAY;residual_convention=residual_f = actual_high_f - forecast_high_f
KXHIGHNY-26MAY16,2026-05-16,dminus1_1800,2026-05-15T22:00:00+00:00,gfs_operational_latest,2026-05-15T12:00:00+00:00,2026-05-15T18:00:00+00:00,prev_12z,78.7,78.7,,78.7,80.0,1.2999999999999972,nws_cli_knyc,FULL_OPERATIONAL_REPLAY,iem_nws_cli,80° to 81°,5,spring,12.0,open-meteo:single-runs:ncep_gfs_global:operational_latest,policy=latest_available_by_latency;latency_h=6;replay_mode=FULL_OPERATIONAL_REPLAY;residual_convention=residual_f = actual_high_f - forecast_high_f
KXHIGHNY-26MAY16,2026-05-16,d0_0600,2026-05-16T10:00:00+00:00,gfs_operational_latest,2026-05-16T00:00:00+00:00,2026-05-16T06:00:00+00:00,day_00z,82.0,82.0,,82.0,80.0,-2.0,nws_cli_knyc,MODEL_ONLY_REPLAY,iem_nws_cli,80° to 81°,5,spring,0.0,open-meteo:single-runs:ncep_gfs_global:operational_latest,policy=latest_available_by_latency;latency_h=6;replay_mode=MODEL_ONLY_REPLAY;residual_convention=residual_f = actual_high_f - forecast_high_f
KXHIGHNY-26MAY16,2026-05-16,d0_0900,2026-05-16T13:00:00+00:00,gfs_operational_latest,2026-05-16T06:00:00+00:00,2026-05-16T12:00:00+00:00,day_06z,82.1,82.1,,82.1,80.0,-2.0999999999999943,nws_cli_knyc,MODEL_ONLY_REPLAY,iem_nws_cli,80° to 81°,5,spring,-6.0,open-meteo:single-runs:ncep_gfs_global:operational_latest,policy=latest_available_by_latency;latency_h=6;replay_mode=MODEL_ONLY_REPLAY;residual_convention=residual_f = actual_high_f - forecast_high_f
KXHIGHNY-26MAY16,2026-05-16,d0_1200,2026-05-16T16:00:00+00:00,gfs_operational_latest,2026-05-16T06:00:00+00:00,2026-05-16T12:00:00+00:00,day_06z,82.1,82.1,,82.1,80.0,-2.0999999999999943,nws_cli_knyc,MODEL_ONLY_REPLAY,iem_nws_cli,80° to 81°,5,spring,-6.0,open-meteo:single-runs:ncep_gfs_global:operational_latest,policy=latest_available_by_latency;latency_h=6;replay_mode=MODEL_ONLY_REPLAY;residual_convention=residual_f = actual_high_f - forecast_high_f
KXHIGHNY-26MAY16,2026-05-16,d0_1500,2026-05-16T19:00:00+00:00,gfs_operational_latest,2026-05-16T06:00:00+00:00,2026-05-16T12:00:00+00:00,day_06z,82.1,82.1,,82.1,80.0,-2.0999999999999943,nws_cli_knyc,MODEL_ONLY_REPLAY,iem_nws_cli,80° to 81°,5,spring,-6.0,open-meteo:single-runs:ncep_gfs_global:operational_latest,policy=latest_available_by_latency;latency_h=6;replay_mode=MODEL_ONLY_REPLAY;residual_convention=residual_f = actual_high_f - forecast_high_f
KXHIGHNY-26MAY17,2026-05-17,dminus1_1800,2026-05-16T22:00:00+00:00,gfs_operational_latest,2026-05-16T12:00:00+00:00,2026-05-16T18:00:00+00:00,prev_12z,91.0,91.0,,91.0,87.0,-4.0,nws_cli_knyc,FULL_OPERATIONAL_REPLAY,iem_nws_cli,87° to 88°,5,spring,12.0,open-meteo:single-runs:ncep_gfs_global:operational_latest,policy=latest_available_by_latency;latency_h=6;replay_mode=FULL_OPERATIONAL_REPLAY;residual_convention=residual_f = actual_high_f - forecast_high_f
KXHIGHNY-26MAY17,2026-05-17,d0_0600,2026-05-17T10:00:00+00:00,gfs_operational_latest,2026-05-17T00:00:00+00:00,2026-05-17T06:00:00+00:00,day_00z,90.4,90.4,,90.4,87.0,-3.4000000000000057,nws_cli_knyc,MODEL_ONLY_REPLAY,iem_nws_cli,87° to 88°,5,spring,0.0,open-meteo:single-runs:ncep_gfs_global:operational_latest,policy=latest_available_by_latency;latency_h=6;replay_mode=MODEL_ONLY_REPLAY;residual_convention=residual_f = actual_high_f - forecast_high_f
KXHIGHNY-26MAY17,2026-05-17,d0_0900,2026-05-17T13:00:00+00:00,gfs_operational_latest,2026-05-17T06:00:00+00:00,2026-05-17T12:00:00+00:00,day_06z,90.8,90.8,,90.8,87.0,-3.799999999999997,nws_cli_knyc,MODEL_ONLY_REPLAY,iem_nws_cli,87° to 88°,5,spring,-6.0,open-meteo:single-runs:ncep_gfs_global:operational_latest,policy=latest_available_by_latency;latency_h=6;replay_mode=MODEL_ONLY_REPLAY;residual_convention=residual_f = actual_high_f - forecast_high_f
KXHIGHNY-26MAY17,2026-05-17,d0_1200,2026-05-17T16:00:00+00:00,gfs_operational_latest,2026-05-17T06:00:00+00:00,2026-05-17T12:00:00+00:00,day_06z,90.8,90.8,,90.8,87.0,-3.799999999999997,nws_cli_knyc,MODEL_ONLY_REPLAY,iem_nws_cli,87° to 88°,5,spring,-6.0,open-meteo:single-runs:ncep_gfs_global:operational_latest,policy=latest_available_by_latency;latency_h=6;replay_mode=MODEL_ONLY_REPLAY;residual_convention=residual_f = actual_high_f - forecast_high_f
KXHIGHNY-26MAY17,2026-05-17,d0_1500,2026-05-17T19:00:00+00:00,gfs_operational_latest,2026-05-17T06:00:00+00:00,2026-05-17T12:00:00+00:00,day_06z,90.8,90.8,,90.8,87.0,-3.799999999999997,nws_cli_knyc,MODEL_ONLY_REPLAY,iem_nws_cli,87° to 88°,5,spring,-6.0,open-meteo:single-runs:ncep_gfs_global:operational_latest,policy=latest_available_by_latency;latency_h=6;replay_mode=MODEL_ONLY_REPLAY;residual_convention=residual_f = actual_high_f - forecast_high_f
KXHIGHNY-26MAY18,2026-05-18,dminus1_1800,2026-05-17T22:00:00+00:00,gfs_operational_latest,2026-05-17T12:00:00+00:00,2026-05-17T18:00:00+00:00,prev_12z,88.8,88.8,,88.8,88.0,-0.7999999999999972,nws_cli_knyc,FULL_OPERATIONAL_REPLAY,iem_nws_cli,85° or above,5,spring,12.0,open-meteo:single-runs:ncep_gfs_global:operational_latest,policy=latest_available_by_latency;latency_h=6;replay_mode=FULL_OPERATIONAL_REPLAY;residual_convention=residual_f = actual_high_f - forecast_high_f
KXHIGHNY-26MAY18,2026-05-18,d0_0600,2026-05-18T10:00:00+00:00,gfs_operational_latest,2026-05-18T00:00:00+00:00,2026-05-18T06:00:00+00:00,day_00z,90.6,90.6,,90.6,88.0,-2.5999999999999943,nws_cli_knyc,MODEL_ONLY_REPLAY,iem_nws_cli,85° or above,5,spring,0.0,open-meteo:single-runs:ncep_gfs_global:operational_latest,policy=latest_available_by_latency;latency_h=6;replay_mode=MODEL_ONLY_REPLAY;residual_convention=residual_f = actual_high_f - forecast_high_f
KXHIGHNY-26MAY18,2026-05-18,d0_0900,2026-05-18T13:00:00+00:00,gfs_operational_latest,2026-05-18T06:00:00+00:00,2026-05-18T12:00:00+00:00,day_06z,91.5,91.5,,91.5,88.0,-3.5,nws_cli_knyc,MODEL_ONLY_REPLAY,iem_nws_cli,85° or above,5,spring,-6.0,open-meteo:single-runs:ncep_gfs_global:operational_latest,policy=latest_available_by_latency;latency_h=6;replay_mode=MODEL_ONLY_REPLAY;residual_convention=residual_f = actual_high_f - forecast_high_f
KXHIGHNY-26MAY18,2026-05-18,d0_1200,2026-05-18T16:00:00+00:00,gfs_operational_latest,2026-05-18T06:00:00+00:00,2026-05-18T12:00:00+00:00,day_06z,91.5,91.5,,91.5,88.0,-3.5,nws_cli_knyc,MODEL_ONLY_REPLAY,iem_nws_cli,85° or above,5,spring,-6.0,open-meteo:single-runs:ncep_gfs_global:operational_latest,policy=latest_available_by_latency;latency_h=6;replay_mode=MODEL_ONLY_REPLAY;residual_convention=residual_f = actual_high_f - forecast_high_f
KXHIGHNY-26MAY18,2026-05-18,d0_1500,2026-05-18T19:00:00+00:00,gfs_operational_latest,2026-05-18T06:00:00+00:00,2026-05-18T12:00:00+00:00,day_06z,91.5,91.5,,91.5,88.0,-3.5,nws_cli_knyc,MODEL_ONLY_REPLAY,iem_nws_cli,85° or above,5,spring,-6.0,open-meteo:single-runs:ncep_gfs_global:operational_latest,policy=latest_available_by_latency;latency_h=6;replay_mode=MODEL_ONLY_REPLAY;residual_convention=residual_f = actual_high_f - forecast_high_f
KXHIGHNY-26MAY19,2026-05-19,dminus1_1800,2026-05-18T22:00:00+00:00,gfs_operational_latest,2026-05-18T12:00:00+00:00,2026-05-18T18:00:00+00:00,prev_12z,97.3,97.3,,97.3,93.0,-4.299999999999997,nws_cli_knyc,FULL_OPERATIONAL_REPLAY,iem_nws_cli,93° to 94°,5,spring,12.0,open-meteo:single-runs:ncep_gfs_global:operational_latest,policy=latest_available_by_latency;latency_h=6;replay_mode=FULL_OPERATIONAL_REPLAY;residual_convention=residual_f = actual_high_f - forecast_high_f
KXHIGHNY-26MAY19,2026-05-19,d0_0600,2026-05-19T10:00:00+00:00,gfs_operational_latest,2026-05-19T00:00:00+00:00,2026-05-19T06:00:00+00:00,day_00z,96.5,96.5,,96.5,93.0,-3.5,nws_cli_knyc,MODEL_ONLY_REPLAY,iem_nws_cli,93° to 94°,5,spring,0.0,open-meteo:single-runs:ncep_gfs_global:operational_latest,policy=latest_available_by_latency;latency_h=6;replay_mode=MODEL_ONLY_REPLAY;residual_convention=residual_f = actual_high_f - forecast_high_f
KXHIGHNY-26MAY19,2026-05-19,d0_0900,2026-05-19T13:00:00+00:00,gfs_operational_latest,2026-05-19T06:00:00+00:00,2026-05-19T12:00:00+00:00,day_06z,96.7,96.7,,96.7,93.0,-3.700000000000003,nws_cli_knyc,MODEL_ONLY_REPLAY,iem_nws_cli,93° to 94°,5,spring,-6.0,open-meteo:single-runs:ncep_gfs_global:operational_latest,policy=latest_available_by_latency;latency_h=6;replay_mode=MODEL_ONLY_REPLAY;residual_convention=residual_f = actual_high_f - forecast_high_f
KXHIGHNY-26MAY19,2026-05-19,d0_1200,2026-05-19T16:00:00+00:00,gfs_operational_latest,2026-05-19T06:00:00+00:00,2026-05-19T12:00:00+00:00,day_06z,96.7,96.7,,96.7,93.0,-3.700000000000003,nws_cli_knyc,MODEL_ONLY_REPLAY,iem_nws_cli,93° to 94°,5,spring,-6.0,open-meteo:single-runs:ncep_gfs_global:operational_latest,policy=latest_available_by_latency;latency_h=6;replay_mode=MODEL_ONLY_REPLAY;residual_convention=residual_f = actual_high_f - forecast_high_f
KXHIGHNY-26MAY19,2026-05-19,d0_1500,2026-05-19T19:00:00+00:00,gfs_operational_latest,2026-05-19T06:00:00+00:00,2026-05-19T12:00:00+00:00,day_06z,96.7,96.7,,96.7,93.0,-3.700000000000003,nws_cli_knyc,MODEL_ONLY_REPLAY,iem_nws_cli,93° to 94°,5,spring,-6.0,open-meteo:single-runs:ncep_gfs_global:operational_latest,policy=latest_available_by_latency;latency_h=6;replay_mode=MODEL_ONLY_REPLAY;residual_convention=residual_f = actual_high_f - forecast_high_f
KXHIGHNY-26MAY20,2026-05-20,dminus1_1800,2026-05-19T22:00:00+00:00,gfs_operational_latest,2026-05-19T12:00:00+00:00,2026-05-19T18:00:00+00:00,prev_12z,95.5,95.5,,95.5,92.0,-3.5,nws_cli_knyc,FULL_OPERATIONAL_REPLAY,iem_nws_cli,91° to 92°,5,spring,12.0,open-meteo:single-runs:ncep_gfs_global:operational_latest,policy=latest_available_by_latency;latency_h=6;replay_mode=FULL_OPERATIONAL_REPLAY;residual_convention=residual_f = actual_high_f - forecast_high_f
KXHIGHNY-26MAY20,2026-05-20,d0_0600,2026-05-20T10:00:00+00:00,gfs_operational_latest,2026-05-20T00:00:00+00:00,2026-05-20T06:00:00+00:00,day_00z,95.5,95.5,,95.5,92.0,-3.5,nws_cli_knyc,MODEL_ONLY_REPLAY,iem_nws_cli,91° to 92°,5,spring,0.0,open-meteo:single-runs:ncep_gfs_global:operational_latest,policy=latest_available_by_latency;latency_h=6;replay_mode=MODEL_ONLY_REPLAY;residual_convention=residual_f = actual_high_f - forecast_high_f
KXHIGHNY-26MAY20,2026-05-20,d0_0900,2026-05-20T13:00:00+00:00,gfs_operational_latest,2026-05-20T06:00:00+00:00,2026-05-20T12:00:00+00:00,day_06z,95.6,95.6,,95.6,92.0,-3.5999999999999943,nws_cli_knyc,MODEL_ONLY_REPLAY,iem_nws_cli,91° to 92°,5,spring,-6.0,open-meteo:single-runs:ncep_gfs_global:operational_latest,policy=latest_available_by_latency;latency_h=6;replay_mode=MODEL_ONLY_REPLAY;residual_convention=residual_f = actual_high_f - forecast_high_f
KXHIGHNY-26MAY20,2026-05-20,d0_1200,2026-05-20T16:00:00+00:00,gfs_operational_latest,2026-05-20T06:00:00+00:00,2026-05-20T12:00:00+00:00,day_06z,95.6,95.6,,95.6,92.0,-3.5999999999999943,nws_cli_knyc,MODEL_ONLY_REPLAY,iem_nws_cli,91° to 92°,5,spring,-6.0,open-meteo:single-runs:ncep_gfs_global:operational_latest,policy=latest_available_by_latency;latency_h=6;replay_mode=MODEL_ONLY_REPLAY;residual_convention=residual_f = actual_high_f - forecast_high_f
KXHIGHNY-26MAY20,2026-05-20,d0_1500,2026-05-20T19:00:00+00:00,gfs_operational_latest,2026-05-20T06:00:00+00:00,2026-05-20T12:00:00+00:00,day_06z,95.6,95.6,,95.6,92.0,-3.5999999999999943,nws_cli_knyc,MODEL_ONLY_REPLAY,iem_nws_cli,91° to 92°,5,spring,-6.0,open-meteo:single-runs:ncep_gfs_global:operational_latest,policy=latest_available_by_latency;latency_h=6;replay_mode=MODEL_ONLY_REPLAY;residual_convention=residual_f = actual_high_f - forecast_high_f
KXHIGHNY-26MAY21,2026-05-21,dminus1_1800,2026-05-20T22:00:00+00:00,gfs_operational_latest,2026-05-20T12:00:00+00:00,2026-05-20T18:00:00+00:00,prev_12z,65.9,65.9,,65.9,66.0,0.09999999999999432,nws_cli_knyc,FULL_OPERATIONAL_REPLAY,iem_nws_cli,67° or below,5,spring,12.0,open-meteo:single-runs:ncep_gfs_global:operational_latest,policy=latest_available_by_latency;latency_h=6;replay_mode=FULL_OPERATIONAL_REPLAY;residual_convention=residual_f = actual_high_f - forecast_high_f
KXHIGHNY-26MAY21,2026-05-21,d0_0600,2026-05-21T10:00:00+00:00,gfs_operational_latest,2026-05-21T00:00:00+00:00,2026-05-21T06:00:00+00:00,day_00z,68.1,68.1,,68.1,66.0,-2.0999999999999943,nws_cli_knyc,MODEL_ONLY_REPLAY,iem_nws_cli,67° or below,5,spring,0.0,open-meteo:single-runs:ncep_gfs_global:operational_latest,policy=latest_available_by_latency;latency_h=6;replay_mode=MODEL_ONLY_REPLAY;residual_convention=residual_f = actual_high_f - forecast_high_f
KXHIGHNY-26MAY21,2026-05-21,d0_0900,2026-05-21T13:00:00+00:00,gfs_operational_latest,2026-05-21T06:00:00+00:00,2026-05-21T12:00:00+00:00,day_06z,66.1,66.1,,66.1,66.0,-0.09999999999999432,nws_cli_knyc,MODEL_ONLY_REPLAY,iem_nws_cli,67° or below,5,spring,-6.0,open-meteo:single-runs:ncep_gfs_global:operational_latest,policy=latest_available_by_latency;latency_h=6;replay_mode=MODEL_ONLY_REPLAY;residual_convention=residual_f = actual_high_f - forecast_high_f
KXHIGHNY-26MAY21,2026-05-21,d0_1200,2026-05-21T16:00:00+00:00,gfs_operational_latest,2026-05-21T06:00:00+00:00,2026-05-21T12:00:00+00:00,day_06z,66.1,66.1,,66.1,66.0,-0.09999999999999432,nws_cli_knyc,MODEL_ONLY_REPLAY,iem_nws_cli,67° or below,5,spring,-6.0,open-meteo:single-runs:ncep_gfs_global:operational_latest,policy=latest_available_by_latency;latency_h=6;replay_mode=MODEL_ONLY_REPLAY;residual_convention=residual_f = actual_high_f - forecast_high_f
KXHIGHNY-26MAY21,2026-05-21,d0_1500,2026-05-21T19:00:00+00:00,gfs_operational_latest,2026-05-21T06:00:00+00:00,2026-05-21T12:00:00+00:00,day_06z,66.1,66.1,,66.1,66.0,-0.09999999999999432,nws_cli_knyc,MODEL_ONLY_REPLAY,iem_nws_cli,67° or below,5,spring,-6.0,open-meteo:single-runs:ncep_gfs_global:operational_latest,policy=latest_available_by_latency;latency_h=6;replay_mode=MODEL_ONLY_REPLAY;residual_convention=residual_f = actual_high_f - forecast_high_f
KXHIGHNY-26MAY22,2026-05-22,dminus1_1800,2026-05-21T22:00:00+00:00,gfs_operational_latest,2026-05-21T12:00:00+00:00,2026-05-21T18:00:00+00:00,prev_12z,70.4,70.4,,70.4,68.0,-2.4000000000000057,nws_cli_knyc,FULL_OPERATIONAL_REPLAY,iem_nws_cli,67° to 68°,5,spring,12.0,open-meteo:single-runs:ncep_gfs_global:operational_latest,policy=latest_available_by_latency;latency_h=6;replay_mode=FULL_OPERATIONAL_REPLAY;residual_convention=residual_f = actual_high_f - forecast_high_f
KXHIGHNY-26MAY22,2026-05-22,d0_0600,2026-05-22T10:00:00+00:00,gfs_operational_latest,2026-05-22T00:00:00+00:00,2026-05-22T06:00:00+00:00,day_00z,70.3,70.3,,70.3,68.0,-2.299999999999997,nws_cli_knyc,MODEL_ONLY_REPLAY,iem_nws_cli,67° to 68°,5,spring,0.0,open-meteo:single-runs:ncep_gfs_global:operational_latest,policy=latest_available_by_latency;latency_h=6;replay_mode=MODEL_ONLY_REPLAY;residual_convention=residual_f = actual_high_f - forecast_high_f
KXHIGHNY-26MAY22,2026-05-22,d0_0900,2026-05-22T13:00:00+00:00,gfs_operational_latest,2026-05-22T06:00:00+00:00,2026-05-22T12:00:00+00:00,day_06z,70.3,70.3,,70.3,68.0,-2.299999999999997,nws_cli_knyc,MODEL_ONLY_REPLAY,iem_nws_cli,67° to 68°,5,spring,-6.0,open-meteo:single-runs:ncep_gfs_global:operational_latest,policy=latest_available_by_latency;latency_h=6;replay_mode=MODEL_ONLY_REPLAY;residual_convention=residual_f = actual_high_f - forecast_high_f
KXHIGHNY-26MAY22,2026-05-22,d0_1200,2026-05-22T16:00:00+00:00,gfs_operational_latest,2026-05-22T06:00:00+00:00,2026-05-22T12:00:00+00:00,day_06z,70.3,70.3,,70.3,68.0,-2.299999999999997,nws_cli_knyc,MODEL_ONLY_REPLAY,iem_nws_cli,67° to 68°,5,spring,-6.0,open-meteo:single-runs:ncep_gfs_global:operational_latest,policy=latest_available_by_latency;latency_h=6;replay_mode=MODEL_ONLY_REPLAY;residual_convention=residual_f = actual_high_f - forecast_high_f
KXHIGHNY-26MAY22,2026-05-22,d0_1500,2026-05-22T19:00:00+00:00,gfs_operational_latest,2026-05-22T06:00:00+00:00,2026-05-22T12:00:00+00:00,day_06z,70.3,70.3,,70.3,68.0,-2.299999999999997,nws_cli_knyc,MODEL_ONLY_REPLAY,iem_nws_cli,67° to 68°,5,spring,-6.0,open-meteo:single-runs:ncep_gfs_global:operational_latest,policy=latest_available_by_latency;latency_h=6;replay_mode=MODEL_ONLY_REPLAY;residual_convention=residual_f = actual_high_f - forecast_high_f
KXHIGHNY-26MAY23,2026-05-23,dminus1_1800,2026-05-22T22:00:00+00:00,gfs_operational_latest,2026-05-22T12:00:00+00:00,2026-05-22T18:00:00+00:00,prev_12z,59.3,59.3,,59.3,57.0,-2.299999999999997,nws_cli_knyc,FULL_OPERATIONAL_REPLAY,iem_nws_cli,56° to 57°,5,spring,12.0,open-meteo:single-runs:ncep_gfs_global:operational_latest,policy=latest_available_by_latency;latency_h=6;replay_mode=FULL_OPERATIONAL_REPLAY;residual_convention=residual_f = actual_high_f - forecast_high_f
KXHIGHNY-26MAY23,2026-05-23,d0_0600,2026-05-23T10:00:00+00:00,gfs_operational_latest,2026-05-23T00:00:00+00:00,2026-05-23T06:00:00+00:00,day_00z,60.4,60.4,,60.4,57.0,-3.3999999999999986,nws_cli_knyc,MODEL_ONLY_REPLAY,iem_nws_cli,56° to 57°,5,spring,0.0,open-meteo:single-runs:ncep_gfs_global:operational_latest,policy=latest_available_by_latency;latency_h=6;replay_mode=MODEL_ONLY_REPLAY;residual_convention=residual_f = actual_high_f - forecast_high_f
KXHIGHNY-26MAY23,2026-05-23,d0_0900,2026-05-23T13:00:00+00:00,gfs_operational_latest,2026-05-23T06:00:00+00:00,2026-05-23T12:00:00+00:00,day_06z,59.3,59.3,,59.3,57.0,-2.299999999999997,nws_cli_knyc,MODEL_ONLY_REPLAY,iem_nws_cli,56° to 57°,5,spring,-6.0,open-meteo:single-runs:ncep_gfs_global:operational_latest,policy=latest_available_by_latency;latency_h=6;replay_mode=MODEL_ONLY_REPLAY;residual_convention=residual_f = actual_high_f - forecast_high_f
KXHIGHNY-26MAY23,2026-05-23,d0_1200,2026-05-23T16:00:00+00:00,gfs_operational_latest,2026-05-23T06:00:00+00:00,2026-05-23T12:00:00+00:00,day_06z,59.3,59.3,,59.3,57.0,-2.299999999999997,nws_cli_knyc,MODEL_ONLY_REPLAY,iem_nws_cli,56° to 57°,5,spring,-6.0,open-meteo:single-runs:ncep_gfs_global:operational_latest,policy=latest_available_by_latency;latency_h=6;replay_mode=MODEL_ONLY_REPLAY;residual_convention=residual_f = actual_high_f - forecast_high_f
KXHIGHNY-26MAY23,2026-05-23,d0_1500,2026-05-23T19:00:00+00:00,gfs_operational_latest,2026-05-23T06:00:00+00:00,2026-05-23T12:00:00+00:00,day_06z,59.3,59.3,,59.3,57.0,-2.299999999999997,nws_cli_knyc,MODEL_ONLY_REPLAY,iem_nws_cli,56° to 57°,5,spring,-6.0,open-meteo:single-runs:ncep_gfs_global:operational_latest,policy=latest_available_by_latency;latency_h=6;replay_mode=MODEL_ONLY_REPLAY;residual_convention=residual_f = actual_high_f - forecast_high_f
KXHIGHNY-26MAY24,2026-05-24,dminus1_1800,2026-05-23T22:00:00+00:00,gfs_operational_latest,2026-05-23T12:00:00+00:00,2026-05-23T18:00:00+00:00,prev_12z,54.4,54.4,,54.4,56.0,1.6000000000000014,nws_cli_knyc,FULL_OPERATIONAL_REPLAY,iem_nws_cli,59° or below,5,spring,12.0,open-meteo:single-runs:ncep_gfs_global:operational_latest,policy=latest_available_by_latency;latency_h=6;replay_mode=FULL_OPERATIONAL_REPLAY;residual_convention=residual_f = actual_high_f - forecast_high_f
KXHIGHNY-26MAY24,2026-05-24,d0_0600,2026-05-24T10:00:00+00:00,gfs_operational_latest,2026-05-24T00:00:00+00:00,2026-05-24T06:00:00+00:00,day_00z,55.5,55.5,,55.5,56.0,0.5,nws_cli_knyc,MODEL_ONLY_REPLAY,iem_nws_cli,59° or below,5,spring,0.0,open-meteo:single-runs:ncep_gfs_global:operational_latest,policy=latest_available_by_latency;latency_h=6;replay_mode=MODEL_ONLY_REPLAY;residual_convention=residual_f = actual_high_f - forecast_high_f
KXHIGHNY-26MAY24,2026-05-24,d0_0900,2026-05-24T13:00:00+00:00,gfs_operational_latest,2026-05-24T06:00:00+00:00,2026-05-24T12:00:00+00:00,day_06z,55.1,55.1,,55.1,56.0,0.8999999999999986,nws_cli_knyc,MODEL_ONLY_REPLAY,iem_nws_cli,59° or below,5,spring,-6.0,open-meteo:single-runs:ncep_gfs_global:operational_latest,policy=latest_available_by_latency;latency_h=6;replay_mode=MODEL_ONLY_REPLAY;residual_convention=residual_f = actual_high_f - forecast_high_f
KXHIGHNY-26MAY24,2026-05-24,d0_1200,2026-05-24T16:00:00+00:00,gfs_operational_latest,2026-05-24T06:00:00+00:00,2026-05-24T12:00:00+00:00,day_06z,55.1,55.1,,55.1,56.0,0.8999999999999986,nws_cli_knyc,MODEL_ONLY_REPLAY,iem_nws_cli,59° or below,5,spring,-6.0,open-meteo:single-runs:ncep_gfs_global:operational_latest,policy=latest_available_by_latency;latency_h=6;replay_mode=MODEL_ONLY_REPLAY;residual_convention=residual_f = actual_high_f - forecast_high_f
KXHIGHNY-26MAY24,2026-05-24,d0_1500,2026-05-24T19:00:00+00:00,gfs_operational_latest,2026-05-24T06:00:00+00:00,2026-05-24T12:00:00+00:00,day_06z,55.1,55.1,,55.1,56.0,0.8999999999999986,nws_cli_knyc,MODEL_ONLY_REPLAY,iem_nws_cli,59° or below,5,spring,-6.0,open-meteo:single-runs:ncep_gfs_global:operational_latest,policy=latest_available_by_latency;latency_h=6;replay_mode=MODEL_ONLY_REPLAY;residual_convention=residual_f = actual_high_f - forecast_high_f
KXHIGHNY-26MAY25,2026-05-25,dminus1_1800,2026-05-24T22:00:00+00:00,gfs_operational_latest,2026-05-24T12:00:00+00:00,2026-05-24T18:00:00+00:00,prev_12z,71.2,71.2,,71.2,73.0,1.7999999999999972,nws_cli_knyc,FULL_OPERATIONAL_REPLAY,iem_nws_cli,72° to 73°,5,spring,12.0,open-meteo:single-runs:ncep_gfs_global:operational_latest,policy=latest_available_by_latency;latency_h=6;replay_mode=FULL_OPERATIONAL_REPLAY;residual_convention=residual_f = actual_high_f - forecast_high_f
KXHIGHNY-26MAY25,2026-05-25,d0_0600,2026-05-25T10:00:00+00:00,gfs_operational_latest,2026-05-25T00:00:00+00:00,2026-05-25T06:00:00+00:00,day_00z,73.1,73.1,,73.1,73.0,-0.09999999999999432,nws_cli_knyc,MODEL_ONLY_REPLAY,iem_nws_cli,72° to 73°,5,spring,0.0,open-meteo:single-runs:ncep_gfs_global:operational_latest,policy=latest_available_by_latency;latency_h=6;replay_mode=MODEL_ONLY_REPLAY;residual_convention=residual_f = actual_high_f - forecast_high_f
KXHIGHNY-26MAY25,2026-05-25,d0_0900,2026-05-25T13:00:00+00:00,gfs_operational_latest,2026-05-25T06:00:00+00:00,2026-05-25T12:00:00+00:00,day_06z,77.3,77.3,,77.3,73.0,-4.299999999999997,nws_cli_knyc,MODEL_ONLY_REPLAY,iem_nws_cli,72° to 73°,5,spring,-6.0,open-meteo:single-runs:ncep_gfs_global:operational_latest,policy=latest_available_by_latency;latency_h=6;replay_mode=MODEL_ONLY_REPLAY;residual_convention=residual_f = actual_high_f - forecast_high_f
KXHIGHNY-26MAY25,2026-05-25,d0_1200,2026-05-25T16:00:00+00:00,gfs_operational_latest,2026-05-25T06:00:00+00:00,2026-05-25T12:00:00+00:00,day_06z,77.3,77.3,,77.3,73.0,-4.299999999999997,nws_cli_knyc,MODEL_ONLY_REPLAY,iem_nws_cli,72° to 73°,5,spring,-6.0,open-meteo:single-runs:ncep_gfs_global:operational_latest,policy=latest_available_by_latency;latency_h=6;replay_mode=MODEL_ONLY_REPLAY;residual_convention=residual_f = actual_high_f - forecast_high_f
KXHIGHNY-26MAY25,2026-05-25,d0_1500,2026-05-25T19:00:00+00:00,gfs_operational_latest,2026-05-25T06:00:00+00:00,2026-05-25T12:00:00+00:00,day_06z,77.3,77.3,,77.3,73.0,-4.299999999999997,nws_cli_knyc,MODEL_ONLY_REPLAY,iem_nws_cli,72° to 73°,5,spring,-6.0,open-meteo:single-runs:ncep_gfs_global:operational_latest,policy=latest_available_by_latency;latency_h=6;replay_mode=MODEL_ONLY_REPLAY;residual_convention=residual_f = actual_high_f - forecast_high_f
KXHIGHNY-26MAY26,2026-05-26,dminus1_1800,2026-05-25T22:00:00+00:00,gfs_operational_latest,2026-05-25T12:00:00+00:00,2026-05-25T18:00:00+00:00,prev_12z,80.0,80.0,,80.0,79.0,-1.0,nws_cli_knyc,FULL_OPERATIONAL_REPLAY,iem_nws_cli,79° to 80°,5,spring,12.0,open-meteo:single-runs:ncep_gfs_global:operational_latest,policy=latest_available_by_latency;latency_h=6;replay_mode=FULL_OPERATIONAL_REPLAY;residual_convention=residual_f = actual_high_f - forecast_high_f
KXHIGHNY-26MAY26,2026-05-26,d0_0600,2026-05-26T10:00:00+00:00,gfs_operational_latest,2026-05-26T00:00:00+00:00,2026-05-26T06:00:00+00:00,day_00z,83.2,83.2,,83.2,79.0,-4.200000000000003,nws_cli_knyc,MODEL_ONLY_REPLAY,iem_nws_cli,79° to 80°,5,spring,0.0,open-meteo:single-runs:ncep_gfs_global:operational_latest,policy=latest_available_by_latency;latency_h=6;replay_mode=MODEL_ONLY_REPLAY;residual_convention=residual_f = actual_high_f - forecast_high_f
KXHIGHNY-26MAY26,2026-05-26,d0_0900,2026-05-26T13:00:00+00:00,gfs_operational_latest,2026-05-26T06:00:00+00:00,2026-05-26T12:00:00+00:00,day_06z,83.8,83.8,,83.8,79.0,-4.799999999999997,nws_cli_knyc,MODEL_ONLY_REPLAY,iem_nws_cli,79° to 80°,5,spring,-6.0,open-meteo:single-runs:ncep_gfs_global:operational_latest,policy=latest_available_by_latency;latency_h=6;replay_mode=MODEL_ONLY_REPLAY;residual_convention=residual_f = actual_high_f - forecast_high_f
KXHIGHNY-26MAY26,2026-05-26,d0_1200,2026-05-26T16:00:00+00:00,gfs_operational_latest,2026-05-26T06:00:00+00:00,2026-05-26T12:00:00+00:00,day_06z,83.8,83.8,,83.8,79.0,-4.799999999999997,nws_cli_knyc,MODEL_ONLY_REPLAY,iem_nws_cli,79° to 80°,5,spring,-6.0,open-meteo:single-runs:ncep_gfs_global:operational_latest,policy=latest_available_by_latency;latency_h=6;replay_mode=MODEL_ONLY_REPLAY;residual_convention=residual_f = actual_high_f - forecast_high_f
KXHIGHNY-26MAY26,2026-05-26,d0_1500,2026-05-26T19:00:00+00:00,gfs_operational_latest,2026-05-26T06:00:00+00:00,2026-05-26T12:00:00+00:00,day_06z,83.8,83.8,,83.8,79.0,-4.799999999999997,nws_cli_knyc,MODEL_ONLY_REPLAY,iem_nws_cli,79° to 80°,5,spring,-6.0,open-meteo:single-runs:ncep_gfs_global:operational_latest,policy=latest_available_by_latency;latency_h=6;replay_mode=MODEL_ONLY_REPLAY;residual_convention=residual_f = actual_high_f - forecast_high_f
KXHIGHNY-26MAY27,2026-05-27,dminus1_1800,2026-05-26T22:00:00+00:00,gfs_operational_latest,2026-05-26T12:00:00+00:00,2026-05-26T18:00:00+00:00,prev_12z,83.9,83.9,,83.9,81.0,-2.9000000000000057,nws_cli_knyc,FULL_OPERATIONAL_REPLAY,iem_nws_cli,81° to 82°,5,spring,12.0,open-meteo:single-runs:ncep_gfs_global:operational_latest,policy=latest_available_by_latency;latency_h=6;replay_mode=FULL_OPERATIONAL_REPLAY;residual_convention=residual_f = actual_high_f - forecast_high_f
KXHIGHNY-26MAY27,2026-05-27,d0_0600,2026-05-27T10:00:00+00:00,gfs_operational_latest,2026-05-27T00:00:00+00:00,2026-05-27T06:00:00+00:00,day_00z,85.2,85.2,,85.2,81.0,-4.200000000000003,nws_cli_knyc,MODEL_ONLY_REPLAY,iem_nws_cli,81° to 82°,5,spring,0.0,open-meteo:single-runs:ncep_gfs_global:operational_latest,policy=latest_available_by_latency;latency_h=6;replay_mode=MODEL_ONLY_REPLAY;residual_convention=residual_f = actual_high_f - forecast_high_f
KXHIGHNY-26MAY27,2026-05-27,d0_0900,2026-05-27T13:00:00+00:00,gfs_operational_latest,2026-05-27T06:00:00+00:00,2026-05-27T12:00:00+00:00,day_06z,87.7,87.7,,87.7,81.0,-6.700000000000003,nws_cli_knyc,MODEL_ONLY_REPLAY,iem_nws_cli,81° to 82°,5,spring,-6.0,open-meteo:single-runs:ncep_gfs_global:operational_latest,policy=latest_available_by_latency;latency_h=6;replay_mode=MODEL_ONLY_REPLAY;residual_convention=residual_f = actual_high_f - forecast_high_f
KXHIGHNY-26MAY27,2026-05-27,d0_1200,2026-05-27T16:00:00+00:00,gfs_operational_latest,2026-05-27T06:00:00+00:00,2026-05-27T12:00:00+00:00,day_06z,87.7,87.7,,87.7,81.0,-6.700000000000003,nws_cli_knyc,MODEL_ONLY_REPLAY,iem_nws_cli,81° to 82°,5,spring,-6.0,open-meteo:single-runs:ncep_gfs_global:operational_latest,policy=latest_available_by_latency;latency_h=6;replay_mode=MODEL_ONLY_REPLAY;residual_convention=residual_f = actual_high_f - forecast_high_f
KXHIGHNY-26MAY27,2026-05-27,d0_1500,2026-05-27T19:00:00+00:00,gfs_operational_latest,2026-05-27T06:00:00+00:00,2026-05-27T12:00:00+00:00,day_06z,87.7,87.7,,87.7,81.0,-6.700000000000003,nws_cli_knyc,MODEL_ONLY_REPLAY,iem_nws_cli,81° to 82°,5,spring,-6.0,open-meteo:single-runs:ncep_gfs_global:operational_latest,policy=latest_available_by_latency;latency_h=6;replay_mode=MODEL_ONLY_REPLAY;residual_convention=residual_f = actual_high_f - forecast_high_f
KXHIGHNY-26MAY28,2026-05-28,dminus1_1800,2026-05-27T22:00:00+00:00,gfs_operational_latest,2026-05-27T12:00:00+00:00,2026-05-27T18:00:00+00:00,prev_12z,75.8,75.8,,75.8,75.0,-0.7999999999999972,nws_cli_knyc,FULL_OPERATIONAL_REPLAY,iem_nws_cli,75° or below,5,spring,12.0,open-meteo:single-runs:ncep_gfs_global:operational_latest,policy=latest_available_by_latency;latency_h=6;replay_mode=FULL_OPERATIONAL_REPLAY;residual_convention=residual_f = actual_high_f - forecast_high_f
KXHIGHNY-26MAY28,2026-05-28,d0_0600,2026-05-28T10:00:00+00:00,gfs_operational_latest,2026-05-28T00:00:00+00:00,2026-05-28T06:00:00+00:00,day_00z,76.2,76.2,,76.2,75.0,-1.2000000000000028,nws_cli_knyc,MODEL_ONLY_REPLAY,iem_nws_cli,75° or below,5,spring,0.0,open-meteo:single-runs:ncep_gfs_global:operational_latest,policy=latest_available_by_latency;latency_h=6;replay_mode=MODEL_ONLY_REPLAY;residual_convention=residual_f = actual_high_f - forecast_high_f
KXHIGHNY-26MAY28,2026-05-28,d0_0900,2026-05-28T13:00:00+00:00,gfs_operational_latest,2026-05-28T06:00:00+00:00,2026-05-28T12:00:00+00:00,day_06z,75.8,75.8,,75.8,75.0,-0.7999999999999972,nws_cli_knyc,MODEL_ONLY_REPLAY,iem_nws_cli,75° or below,5,spring,-6.0,open-meteo:single-runs:ncep_gfs_global:operational_latest,policy=latest_available_by_latency;latency_h=6;replay_mode=MODEL_ONLY_REPLAY;residual_convention=residual_f = actual_high_f - forecast_high_f
KXHIGHNY-26MAY28,2026-05-28,d0_1200,2026-05-28T16:00:00+00:00,gfs_operational_latest,2026-05-28T06:00:00+00:00,2026-05-28T12:00:00+00:00,day_06z,75.8,75.8,,75.8,75.0,-0.7999999999999972,nws_cli_knyc,MODEL_ONLY_REPLAY,iem_nws_cli,75° or below,5,spring,-6.0,open-meteo:single-runs:ncep_gfs_global:operational_latest,policy=latest_available_by_latency;latency_h=6;replay_mode=MODEL_ONLY_REPLAY;residual_convention=residual_f = actual_high_f - forecast_high_f
KXHIGHNY-26MAY28,2026-05-28,d0_1500,2026-05-28T19:00:00+00:00,gfs_operational_latest,2026-05-28T06:00:00+00:00,2026-05-28T12:00:00+00:00,day_06z,75.8,75.8,,75.8,75.0,-0.7999999999999972,nws_cli_knyc,MODEL_ONLY_REPLAY,iem_nws_cli,75° or below,5,spring,-6.0,open-meteo:single-runs:ncep_gfs_global:operational_latest,policy=latest_available_by_latency;latency_h=6;replay_mode=MODEL_ONLY_REPLAY;residual_convention=residual_f = actual_high_f - forecast_high_f
KXHIGHNY-26MAY29,2026-05-29,dminus1_1800,2026-05-28T22:00:00+00:00,gfs_operational_latest,2026-05-28T12:00:00+00:00,2026-05-28T18:00:00+00:00,prev_12z,79.6,79.6,,79.6,75.0,-4.599999999999994,nws_cli_knyc,FULL_OPERATIONAL_REPLAY,iem_nws_cli,77° or below,5,spring,12.0,open-meteo:single-runs:ncep_gfs_global:operational_latest,policy=latest_available_by_latency;latency_h=6;replay_mode=FULL_OPERATIONAL_REPLAY;residual_convention=residual_f = actual_high_f - forecast_high_f
KXHIGHNY-26MAY29,2026-05-29,d0_0600,2026-05-29T10:00:00+00:00,gfs_operational_latest,2026-05-29T00:00:00+00:00,2026-05-29T06:00:00+00:00,day_00z,80.2,80.2,,80.2,75.0,-5.200000000000003,nws_cli_knyc,MODEL_ONLY_REPLAY,iem_nws_cli,77° or below,5,spring,0.0,open-meteo:single-runs:ncep_gfs_global:operational_latest,policy=latest_available_by_latency;latency_h=6;replay_mode=MODEL_ONLY_REPLAY;residual_convention=residual_f = actual_high_f - forecast_high_f
KXHIGHNY-26MAY29,2026-05-29,d0_0900,2026-05-29T13:00:00+00:00,gfs_operational_latest,2026-05-29T06:00:00+00:00,2026-05-29T12:00:00+00:00,day_06z,80.3,80.3,,80.3,75.0,-5.299999999999997,nws_cli_knyc,MODEL_ONLY_REPLAY,iem_nws_cli,77° or below,5,spring,-6.0,open-meteo:single-runs:ncep_gfs_global:operational_latest,policy=latest_available_by_latency;latency_h=6;replay_mode=MODEL_ONLY_REPLAY;residual_convention=residual_f = actual_high_f - forecast_high_f
KXHIGHNY-26MAY29,2026-05-29,d0_1200,2026-05-29T16:00:00+00:00,gfs_operational_latest,2026-05-29T06:00:00+00:00,2026-05-29T12:00:00+00:00,day_06z,80.3,80.3,,80.3,75.0,-5.299999999999997,nws_cli_knyc,MODEL_ONLY_REPLAY,iem_nws_cli,77° or below,5,spring,-6.0,open-meteo:single-runs:ncep_gfs_global:operational_latest,policy=latest_available_by_latency;latency_h=6;replay_mode=MODEL_ONLY_REPLAY;residual_convention=residual_f = actual_high_f - forecast_high_f
KXHIGHNY-26MAY29,2026-05-29,d0_1500,2026-05-29T19:00:00+00:00,gfs_operational_latest,2026-05-29T06:00:00+00:00,2026-05-29T12:00:00+00:00,day_06z,80.3,80.3,,80.3,75.0,-5.299999999999997,nws_cli_knyc,MODEL_ONLY_REPLAY,iem_nws_cli,77° or below,5,spring,-6.0,open-meteo:single-runs:ncep_gfs_global:operational_latest,policy=latest_available_by_latency;latency_h=6;replay_mode=MODEL_ONLY_REPLAY;residual_convention=residual_f = actual_high_f - forecast_high_f
KXHIGHNY-26MAY30,2026-05-30,dminus1_1800,2026-05-29T22:00:00+00:00,gfs_operational_latest,2026-05-29T12:00:00+00:00,2026-05-29T18:00:00+00:00,prev_12z,69.5,69.5,,69.5,69.0,-0.5,nws_cli_knyc,FULL_OPERATIONAL_REPLAY,iem_nws_cli,68° to 69°,5,spring,12.0,open-meteo:single-runs:ncep_gfs_global:operational_latest,policy=latest_available_by_latency;latency_h=6;replay_mode=FULL_OPERATIONAL_REPLAY;residual_convention=residual_f = actual_high_f - forecast_high_f
KXHIGHNY-26MAY30,2026-05-30,d0_0600,2026-05-30T10:00:00+00:00,gfs_operational_latest,2026-05-30T00:00:00+00:00,2026-05-30T06:00:00+00:00,day_00z,67.2,67.2,,67.2,69.0,1.7999999999999972,nws_cli_knyc,MODEL_ONLY_REPLAY,iem_nws_cli,68° to 69°,5,spring,0.0,open-meteo:single-runs:ncep_gfs_global:operational_latest,policy=latest_available_by_latency;latency_h=6;replay_mode=MODEL_ONLY_REPLAY;residual_convention=residual_f = actual_high_f - forecast_high_f
KXHIGHNY-26MAY30,2026-05-30,d0_0900,2026-05-30T13:00:00+00:00,gfs_operational_latest,2026-05-30T06:00:00+00:00,2026-05-30T12:00:00+00:00,day_06z,61.8,61.8,,61.8,69.0,7.200000000000003,nws_cli_knyc,MODEL_ONLY_REPLAY,iem_nws_cli,68° to 69°,5,spring,-6.0,open-meteo:single-runs:ncep_gfs_global:operational_latest,policy=latest_available_by_latency;latency_h=6;replay_mode=MODEL_ONLY_REPLAY;residual_convention=residual_f = actual_high_f - forecast_high_f
KXHIGHNY-26MAY30,2026-05-30,d0_1200,2026-05-30T16:00:00+00:00,gfs_operational_latest,2026-05-30T06:00:00+00:00,2026-05-30T12:00:00+00:00,day_06z,61.8,61.8,,61.8,69.0,7.200000000000003,nws_cli_knyc,MODEL_ONLY_REPLAY,iem_nws_cli,68° to 69°,5,spring,-6.0,open-meteo:single-runs:ncep_gfs_global:operational_latest,policy=latest_available_by_latency;latency_h=6;replay_mode=MODEL_ONLY_REPLAY;residual_convention=residual_f = actual_high_f - forecast_high_f
KXHIGHNY-26MAY30,2026-05-30,d0_1500,2026-05-30T19:00:00+00:00,gfs_operational_latest,2026-05-30T06:00:00+00:00,2026-05-30T12:00:00+00:00,day_06z,61.8,61.8,,61.8,69.0,7.200000000000003,nws_cli_knyc,MODEL_ONLY_REPLAY,iem_nws_cli,68° to 69°,5,spring,-6.0,open-meteo:single-runs:ncep_gfs_global:operational_latest,policy=latest_available_by_latency;latency_h=6;replay_mode=MODEL_ONLY_REPLAY;residual_convention=residual_f = actual_high_f - forecast_high_f
KXHIGHNY-26MAY31,2026-05-31,dminus1_1800,2026-05-30T22:00:00+00:00,gfs_operational_latest,2026-05-30T12:00:00+00:00,2026-05-30T18:00:00+00:00,prev_12z,75.8,75.8,,75.8,75.0,-0.7999999999999972,nws_cli_knyc,FULL_OPERATIONAL_REPLAY,iem_nws_cli,74° to 75°,5,spring,12.0,open-meteo:single-runs:ncep_gfs_global:operational_latest,policy=latest_available_by_latency;latency_h=6;replay_mode=FULL_OPERATIONAL_REPLAY;residual_convention=residual_f = actual_high_f - forecast_high_f
KXHIGHNY-26MAY31,2026-05-31,d0_0600,2026-05-31T10:00:00+00:00,gfs_operational_latest,2026-05-31T00:00:00+00:00,2026-05-31T06:00:00+00:00,day_00z,77.1,77.1,,77.1,75.0,-2.0999999999999943,nws_cli_knyc,MODEL_ONLY_REPLAY,iem_nws_cli,74° to 75°,5,spring,0.0,open-meteo:single-runs:ncep_gfs_global:operational_latest,policy=latest_available_by_latency;latency_h=6;replay_mode=MODEL_ONLY_REPLAY;residual_convention=residual_f = actual_high_f - forecast_high_f
KXHIGHNY-26MAY31,2026-05-31,d0_0900,2026-05-31T13:00:00+00:00,gfs_operational_latest,2026-05-31T06:00:00+00:00,2026-05-31T12:00:00+00:00,day_06z,76.9,76.9,,76.9,75.0,-1.9000000000000057,nws_cli_knyc,MODEL_ONLY_REPLAY,iem_nws_cli,74° to 75°,5,spring,-6.0,open-meteo:single-runs:ncep_gfs_global:operational_latest,policy=latest_available_by_latency;latency_h=6;replay_mode=MODEL_ONLY_REPLAY;residual_convention=residual_f = actual_high_f - forecast_high_f
KXHIGHNY-26MAY31,2026-05-31,d0_1200,2026-05-31T16:00:00+00:00,gfs_operational_latest,2026-05-31T06:00:00+00:00,2026-05-31T12:00:00+00:00,day_06z,76.9,76.9,,76.9,75.0,-1.9000000000000057,nws_cli_knyc,MODEL_ONLY_REPLAY,iem_nws_cli,74° to 75°,5,spring,-6.0,open-meteo:single-runs:ncep_gfs_global:operational_latest,policy=latest_available_by_latency;latency_h=6;replay_mode=MODEL_ONLY_REPLAY;residual_convention=residual_f = actual_high_f - forecast_high_f
KXHIGHNY-26MAY31,2026-05-31,d0_1500,2026-05-31T19:00:00+00:00,gfs_operational_latest,2026-05-31T06:00:00+00:00,2026-05-31T12:00:00+00:00,day_06z,76.9,76.9,,76.9,75.0,-1.9000000000000057,nws_cli_knyc,MODEL_ONLY_REPLAY,iem_nws_cli,74° to 75°,5,spring,-6.0,open-meteo:single-runs:ncep_gfs_global:operational_latest,policy=latest_available_by_latency;latency_h=6;replay_mode=MODEL_ONLY_REPLAY;residual_convention=residual_f = actual_high_f - forecast_high_f
KXHIGHNY-26JUN01,2026-06-01,dminus1_1800,2026-05-31T22:00:00+00:00,gfs_operational_latest,2026-05-31T12:00:00+00:00,2026-05-31T18:00:00+00:00,prev_12z,74.9,74.9,,74.9,71.0,-3.9000000000000057,nws_cli_knyc,FULL_OPERATIONAL_REPLAY,iem_nws_cli,70° to 71°,6,summer,12.0,open-meteo:single-runs:ncep_gfs_global:operational_latest,policy=latest_available_by_latency;latency_h=6;replay_mode=FULL_OPERATIONAL_REPLAY;residual_convention=residual_f = actual_high_f - forecast_high_f
KXHIGHNY-26JUN01,2026-06-01,d0_0600,2026-06-01T10:00:00+00:00,gfs_operational_latest,2026-06-01T00:00:00+00:00,2026-06-01T06:00:00+00:00,day_00z,75.1,75.1,,75.1,71.0,-4.099999999999994,nws_cli_knyc,MODEL_ONLY_REPLAY,iem_nws_cli,70° to 71°,6,summer,0.0,open-meteo:single-runs:ncep_gfs_global:operational_latest,policy=latest_available_by_latency;latency_h=6;replay_mode=MODEL_ONLY_REPLAY;residual_convention=residual_f = actual_high_f - forecast_high_f
KXHIGHNY-26JUN01,2026-06-01,d0_0900,2026-06-01T13:00:00+00:00,gfs_operational_latest,2026-06-01T06:00:00+00:00,2026-06-01T12:00:00+00:00,day_06z,74.9,74.9,,74.9,71.0,-3.9000000000000057,nws_cli_knyc,MODEL_ONLY_REPLAY,iem_nws_cli,70° to 71°,6,summer,-6.0,open-meteo:single-runs:ncep_gfs_global:operational_latest,policy=latest_available_by_latency;latency_h=6;replay_mode=MODEL_ONLY_REPLAY;residual_convention=residual_f = actual_high_f - forecast_high_f
KXHIGHNY-26JUN01,2026-06-01,d0_1200,2026-06-01T16:00:00+00:00,gfs_operational_latest,2026-06-01T06:00:00+00:00,2026-06-01T12:00:00+00:00,day_06z,74.9,74.9,,74.9,71.0,-3.9000000000000057,nws_cli_knyc,MODEL_ONLY_REPLAY,iem_nws_cli,70° to 71°,6,summer,-6.0,open-meteo:single-runs:ncep_gfs_global:operational_latest,policy=latest_available_by_latency;latency_h=6;replay_mode=MODEL_ONLY_REPLAY;residual_convention=residual_f = actual_high_f - forecast_high_f
KXHIGHNY-26JUN01,2026-06-01,d0_1500,2026-06-01T19:00:00+00:00,gfs_operational_latest,2026-06-01T06:00:00+00:00,2026-06-01T12:00:00+00:00,day_06z,74.9,74.9,,74.9,71.0,-3.9000000000000057,nws_cli_knyc,MODEL_ONLY_REPLAY,iem_nws_cli,70° to 71°,6,summer,-6.0,open-meteo:single-runs:ncep_gfs_global:operational_latest,policy=latest_available_by_latency;latency_h=6;replay_mode=MODEL_ONLY_REPLAY;residual_convention=residual_f = actual_high_f - forecast_high_f
KXHIGHNY-26JUN02,2026-06-02,dminus1_1800,2026-06-01T22:00:00+00:00,gfs_operational_latest,2026-06-01T12:00:00+00:00,2026-06-01T18:00:00+00:00,prev_12z,78.4,78.4,,78.4,76.0,-2.4000000000000057,nws_cli_knyc,FULL_OPERATIONAL_REPLAY,iem_nws_cli,75° to 76°,6,summer,12.0,open-meteo:single-runs:ncep_gfs_global:operational_latest,policy=latest_available_by_latency;latency_h=6;replay_mode=FULL_OPERATIONAL_REPLAY;residual_convention=residual_f = actual_high_f - forecast_high_f
KXHIGHNY-26JUN02,2026-06-02,d0_0600,2026-06-02T10:00:00+00:00,gfs_operational_latest,2026-06-02T00:00:00+00:00,2026-06-02T06:00:00+00:00,day_00z,78.7,78.7,,78.7,76.0,-2.700000000000003,nws_cli_knyc,MODEL_ONLY_REPLAY,iem_nws_cli,75° to 76°,6,summer,0.0,open-meteo:single-runs:ncep_gfs_global:operational_latest,policy=latest_available_by_latency;latency_h=6;replay_mode=MODEL_ONLY_REPLAY;residual_convention=residual_f = actual_high_f - forecast_high_f
KXHIGHNY-26JUN02,2026-06-02,d0_0900,2026-06-02T13:00:00+00:00,gfs_operational_latest,2026-06-02T06:00:00+00:00,2026-06-02T12:00:00+00:00,day_06z,78.7,78.7,,78.7,76.0,-2.700000000000003,nws_cli_knyc,MODEL_ONLY_REPLAY,iem_nws_cli,75° to 76°,6,summer,-6.0,open-meteo:single-runs:ncep_gfs_global:operational_latest,policy=latest_available_by_latency;latency_h=6;replay_mode=MODEL_ONLY_REPLAY;residual_convention=residual_f = actual_high_f - forecast_high_f
KXHIGHNY-26JUN02,2026-06-02,d0_1200,2026-06-02T16:00:00+00:00,gfs_operational_latest,2026-06-02T06:00:00+00:00,2026-06-02T12:00:00+00:00,day_06z,78.7,78.7,,78.7,76.0,-2.700000000000003,nws_cli_knyc,MODEL_ONLY_REPLAY,iem_nws_cli,75° to 76°,6,summer,-6.0,open-meteo:single-runs:ncep_gfs_global:operational_latest,policy=latest_available_by_latency;latency_h=6;replay_mode=MODEL_ONLY_REPLAY;residual_convention=residual_f = actual_high_f - forecast_high_f
KXHIGHNY-26JUN02,2026-06-02,d0_1500,2026-06-02T19:00:00+00:00,gfs_operational_latest,2026-06-02T06:00:00+00:00,2026-06-02T12:00:00+00:00,day_06z,78.7,78.7,,78.7,76.0,-2.700000000000003,nws_cli_knyc,MODEL_ONLY_REPLAY,iem_nws_cli,75° to 76°,6,summer,-6.0,open-meteo:single-runs:ncep_gfs_global:operational_latest,policy=latest_available_by_latency;latency_h=6;replay_mode=MODEL_ONLY_REPLAY;residual_convention=residual_f = actual_high_f - forecast_high_f
KXHIGHNY-26JUN03,2026-06-03,dminus1_1800,2026-06-02T22:00:00+00:00,gfs_operational_latest,2026-06-02T12:00:00+00:00,2026-06-02T18:00:00+00:00,prev_12z,83.0,83.0,,83.0,83.0,0.0,nws_cli_knyc,FULL_OPERATIONAL_REPLAY,iem_nws_cli,82° to 83°,6,summer,12.0,open-meteo:single-runs:ncep_gfs_global:operational_latest,policy=latest_available_by_latency;latency_h=6;replay_mode=FULL_OPERATIONAL_REPLAY;residual_convention=residual_f = actual_high_f - forecast_high_f
KXHIGHNY-26JUN03,2026-06-03,d0_0600,2026-06-03T10:00:00+00:00,gfs_operational_latest,2026-06-03T00:00:00+00:00,2026-06-03T06:00:00+00:00,day_00z,84.5,84.5,,84.5,83.0,-1.5,nws_cli_knyc,MODEL_ONLY_REPLAY,iem_nws_cli,82° to 83°,6,summer,0.0,open-meteo:single-runs:ncep_gfs_global:operational_latest,policy=latest_available_by_latency;latency_h=6;replay_mode=MODEL_ONLY_REPLAY;residual_convention=residual_f = actual_high_f - forecast_high_f
KXHIGHNY-26JUN03,2026-06-03,d0_0900,2026-06-03T13:00:00+00:00,gfs_operational_latest,2026-06-03T06:00:00+00:00,2026-06-03T12:00:00+00:00,day_06z,84.8,84.8,,84.8,83.0,-1.7999999999999972,nws_cli_knyc,MODEL_ONLY_REPLAY,iem_nws_cli,82° to 83°,6,summer,-6.0,open-meteo:single-runs:ncep_gfs_global:operational_latest,policy=latest_available_by_latency;latency_h=6;replay_mode=MODEL_ONLY_REPLAY;residual_convention=residual_f = actual_high_f - forecast_high_f
KXHIGHNY-26JUN03,2026-06-03,d0_1200,2026-06-03T16:00:00+00:00,gfs_operational_latest,2026-06-03T06:00:00+00:00,2026-06-03T12:00:00+00:00,day_06z,84.8,84.8,,84.8,83.0,-1.7999999999999972,nws_cli_knyc,MODEL_ONLY_REPLAY,iem_nws_cli,82° to 83°,6,summer,-6.0,open-meteo:single-runs:ncep_gfs_global:operational_latest,policy=latest_available_by_latency;latency_h=6;replay_mode=MODEL_ONLY_REPLAY;residual_convention=residual_f = actual_high_f - forecast_high_f
KXHIGHNY-26JUN03,2026-06-03,d0_1500,2026-06-03T19:00:00+00:00,gfs_operational_latest,2026-06-03T06:00:00+00:00,2026-06-03T12:00:00+00:00,day_06z,84.8,84.8,,84.8,83.0,-1.7999999999999972,nws_cli_knyc,MODEL_ONLY_REPLAY,iem_nws_cli,82° to 83°,6,summer,-6.0,open-meteo:single-runs:ncep_gfs_global:operational_latest,policy=latest_available_by_latency;latency_h=6;replay_mode=MODEL_ONLY_REPLAY;residual_convention=residual_f = actual_high_f - forecast_high_f
KXHIGHNY-26JUN04,2026-06-04,dminus1_1800,2026-06-03T22:00:00+00:00,gfs_operational_latest,2026-06-03T12:00:00+00:00,2026-06-03T18:00:00+00:00,prev_12z,86.8,86.8,,86.8,86.0,-0.7999999999999972,nws_cli_knyc,FULL_OPERATIONAL_REPLAY,iem_nws_cli,86° to 87°,6,summer,12.0,open-meteo:single-runs:ncep_gfs_global:operational_latest,policy=latest_available_by_latency;latency_h=6;replay_mode=FULL_OPERATIONAL_REPLAY;residual_convention=residual_f = actual_high_f - forecast_high_f
KXHIGHNY-26JUN04,2026-06-04,d0_0600,2026-06-04T10:00:00+00:00,gfs_operational_latest,2026-06-04T00:00:00+00:00,2026-06-04T06:00:00+00:00,day_00z,88.1,88.1,,88.1,86.0,-2.0999999999999943,nws_cli_knyc,MODEL_ONLY_REPLAY,iem_nws_cli,86° to 87°,6,summer,0.0,open-meteo:single-runs:ncep_gfs_global:operational_latest,policy=latest_available_by_latency;latency_h=6;replay_mode=MODEL_ONLY_REPLAY;residual_convention=residual_f = actual_high_f - forecast_high_f
KXHIGHNY-26JUN04,2026-06-04,d0_0900,2026-06-04T13:00:00+00:00,gfs_operational_latest,2026-06-04T06:00:00+00:00,2026-06-04T12:00:00+00:00,day_06z,88.8,88.8,,88.8,86.0,-2.799999999999997,nws_cli_knyc,MODEL_ONLY_REPLAY,iem_nws_cli,86° to 87°,6,summer,-6.0,open-meteo:single-runs:ncep_gfs_global:operational_latest,policy=latest_available_by_latency;latency_h=6;replay_mode=MODEL_ONLY_REPLAY;residual_convention=residual_f = actual_high_f - forecast_high_f
KXHIGHNY-26JUN04,2026-06-04,d0_1200,2026-06-04T16:00:00+00:00,gfs_operational_latest,2026-06-04T06:00:00+00:00,2026-06-04T12:00:00+00:00,day_06z,88.8,88.8,,88.8,86.0,-2.799999999999997,nws_cli_knyc,MODEL_ONLY_REPLAY,iem_nws_cli,86° to 87°,6,summer,-6.0,open-meteo:single-runs:ncep_gfs_global:operational_latest,policy=latest_available_by_latency;latency_h=6;replay_mode=MODEL_ONLY_REPLAY;residual_convention=residual_f = actual_high_f - forecast_high_f
KXHIGHNY-26JUN04,2026-06-04,d0_1500,2026-06-04T19:00:00+00:00,gfs_operational_latest,2026-06-04T06:00:00+00:00,2026-06-04T12:00:00+00:00,day_06z,88.8,88.8,,88.8,86.0,-2.799999999999997,nws_cli_knyc,MODEL_ONLY_REPLAY,iem_nws_cli,86° to 87°,6,summer,-6.0,open-meteo:single-runs:ncep_gfs_global:operational_latest,policy=latest_available_by_latency;latency_h=6;replay_mode=MODEL_ONLY_REPLAY;residual_convention=residual_f = actual_high_f - forecast_high_f
KXHIGHNY-26JUN05,2026-06-05,dminus1_1800,2026-06-04T22:00:00+00:00,gfs_operational_latest,2026-06-04T12:00:00+00:00,2026-06-04T18:00:00+00:00,prev_12z,91.5,91.5,,91.5,88.0,-3.5,nws_cli_knyc,FULL_OPERATIONAL_REPLAY,iem_nws_cli,87° to 88°,6,summer,12.0,open-meteo:single-runs:ncep_gfs_global:operational_latest,policy=latest_available_by_latency;latency_h=6;replay_mode=FULL_OPERATIONAL_REPLAY;residual_convention=residual_f = actual_high_f - forecast_high_f
KXHIGHNY-26JUN05,2026-06-05,d0_0600,2026-06-05T10:00:00+00:00,gfs_operational_latest,2026-06-05T00:00:00+00:00,2026-06-05T06:00:00+00:00,day_00z,92.2,92.2,,92.2,88.0,-4.200000000000003,nws_cli_knyc,MODEL_ONLY_REPLAY,iem_nws_cli,87° to 88°,6,summer,0.0,open-meteo:single-runs:ncep_gfs_global:operational_latest,policy=latest_available_by_latency;latency_h=6;replay_mode=MODEL_ONLY_REPLAY;residual_convention=residual_f = actual_high_f - forecast_high_f
KXHIGHNY-26JUN05,2026-06-05,d0_0900,2026-06-05T13:00:00+00:00,gfs_operational_latest,2026-06-05T06:00:00+00:00,2026-06-05T12:00:00+00:00,day_06z,92.6,92.6,,92.6,88.0,-4.599999999999994,nws_cli_knyc,MODEL_ONLY_REPLAY,iem_nws_cli,87° to 88°,6,summer,-6.0,open-meteo:single-runs:ncep_gfs_global:operational_latest,policy=latest_available_by_latency;latency_h=6;replay_mode=MODEL_ONLY_REPLAY;residual_convention=residual_f = actual_high_f - forecast_high_f
KXHIGHNY-26JUN05,2026-06-05,d0_1200,2026-06-05T16:00:00+00:00,gfs_operational_latest,2026-06-05T06:00:00+00:00,2026-06-05T12:00:00+00:00,day_06z,92.6,92.6,,92.6,88.0,-4.599999999999994,nws_cli_knyc,MODEL_ONLY_REPLAY,iem_nws_cli,87° to 88°,6,summer,-6.0,open-meteo:single-runs:ncep_gfs_global:operational_latest,policy=latest_available_by_latency;latency_h=6;replay_mode=MODEL_ONLY_REPLAY;residual_convention=residual_f = actual_high_f - forecast_high_f
KXHIGHNY-26JUN05,2026-06-05,d0_1500,2026-06-05T19:00:00+00:00,gfs_operational_latest,2026-06-05T06:00:00+00:00,2026-06-05T12:00:00+00:00,day_06z,92.6,92.6,,92.6,88.0,-4.599999999999994,nws_cli_knyc,MODEL_ONLY_REPLAY,iem_nws_cli,87° to 88°,6,summer,-6.0,open-meteo:single-runs:ncep_gfs_global:operational_latest,policy=latest_available_by_latency;latency_h=6;replay_mode=MODEL_ONLY_REPLAY;residual_convention=residual_f = actual_high_f - forecast_high_f
KXHIGHNY-26JUN06,2026-06-06,dminus1_1800,2026-06-05T22:00:00+00:00,gfs_operational_latest,2026-06-05T12:00:00+00:00,2026-06-05T18:00:00+00:00,prev_12z,92.4,92.4,,92.4,87.0,-5.400000000000006,nws_cli_knyc,FULL_OPERATIONAL_REPLAY,iem_nws_cli,87° to 88°,6,summer,12.0,open-meteo:single-runs:ncep_gfs_global:operational_latest,policy=latest_available_by_latency;latency_h=6;replay_mode=FULL_OPERATIONAL_REPLAY;residual_convention=residual_f = actual_high_f - forecast_high_f
KXHIGHNY-26JUN06,2026-06-06,d0_0600,2026-06-06T10:00:00+00:00,gfs_operational_latest,2026-06-06T00:00:00+00:00,2026-06-06T06:00:00+00:00,day_00z,91.7,91.7,,91.7,87.0,-4.700000000000003,nws_cli_knyc,MODEL_ONLY_REPLAY,iem_nws_cli,87° to 88°,6,summer,0.0,open-meteo:single-runs:ncep_gfs_global:operational_latest,policy=latest_available_by_latency;latency_h=6;replay_mode=MODEL_ONLY_REPLAY;residual_convention=residual_f = actual_high_f - forecast_high_f
KXHIGHNY-26JUN06,2026-06-06,d0_0900,2026-06-06T13:00:00+00:00,gfs_operational_latest,2026-06-06T06:00:00+00:00,2026-06-06T12:00:00+00:00,day_06z,91.7,91.7,,91.7,87.0,-4.700000000000003,nws_cli_knyc,MODEL_ONLY_REPLAY,iem_nws_cli,87° to 88°,6,summer,-6.0,open-meteo:single-runs:ncep_gfs_global:operational_latest,policy=latest_available_by_latency;latency_h=6;replay_mode=MODEL_ONLY_REPLAY;residual_convention=residual_f = actual_high_f - forecast_high_f
KXHIGHNY-26JUN06,2026-06-06,d0_1200,2026-06-06T16:00:00+00:00,gfs_operational_latest,2026-06-06T06:00:00+00:00,2026-06-06T12:00:00+00:00,day_06z,91.7,91.7,,91.7,87.0,-4.700000000000003,nws_cli_knyc,MODEL_ONLY_REPLAY,iem_nws_cli,87° to 88°,6,summer,-6.0,open-meteo:single-runs:ncep_gfs_global:operational_latest,policy=latest_available_by_latency;latency_h=6;replay_mode=MODEL_ONLY_REPLAY;residual_convention=residual_f = actual_high_f - forecast_high_f
KXHIGHNY-26JUN06,2026-06-06,d0_1500,2026-06-06T19:00:00+00:00,gfs_operational_latest,2026-06-06T06:00:00+00:00,2026-06-06T12:00:00+00:00,day_06z,91.7,91.7,,91.7,87.0,-4.700000000000003,nws_cli_knyc,MODEL_ONLY_REPLAY,iem_nws_cli,87° to 88°,6,summer,-6.0,open-meteo:single-runs:ncep_gfs_global:operational_latest,policy=latest_available_by_latency;latency_h=6;replay_mode=MODEL_ONLY_REPLAY;residual_convention=residual_f = actual_high_f - forecast_high_f
KXHIGHNY-26JUN07,2026-06-07,dminus1_1800,2026-06-06T22:00:00+00:00,gfs_operational_latest,2026-06-06T12:00:00+00:00,2026-06-06T18:00:00+00:00,prev_12z,85.6,85.6,,85.6,81.0,-4.599999999999994,nws_cli_knyc,FULL_OPERATIONAL_REPLAY,iem_nws_cli,86° or below,6,summer,12.0,open-meteo:single-runs:ncep_gfs_global:operational_latest,policy=latest_available_by_latency;latency_h=6;replay_mode=FULL_OPERATIONAL_REPLAY;residual_convention=residual_f = actual_high_f - forecast_high_f
KXHIGHNY-26JUN07,2026-06-07,d0_0600,2026-06-07T10:00:00+00:00,gfs_operational_latest,2026-06-07T00:00:00+00:00,2026-06-07T06:00:00+00:00,day_00z,83.4,83.4,,83.4,81.0,-2.4000000000000057,nws_cli_knyc,MODEL_ONLY_REPLAY,iem_nws_cli,86° or below,6,summer,0.0,open-meteo:single-runs:ncep_gfs_global:operational_latest,policy=latest_available_by_latency;latency_h=6;replay_mode=MODEL_ONLY_REPLAY;residual_convention=residual_f = actual_high_f - forecast_high_f
KXHIGHNY-26JUN07,2026-06-07,d0_0900,2026-06-07T13:00:00+00:00,gfs_operational_latest,2026-06-07T06:00:00+00:00,2026-06-07T12:00:00+00:00,day_06z,85.2,85.2,,85.2,81.0,-4.200000000000003,nws_cli_knyc,MODEL_ONLY_REPLAY,iem_nws_cli,86° or below,6,summer,-6.0,open-meteo:single-runs:ncep_gfs_global:operational_latest,policy=latest_available_by_latency;latency_h=6;replay_mode=MODEL_ONLY_REPLAY;residual_convention=residual_f = actual_high_f - forecast_high_f
KXHIGHNY-26JUN07,2026-06-07,d0_1200,2026-06-07T16:00:00+00:00,gfs_operational_latest,2026-06-07T06:00:00+00:00,2026-06-07T12:00:00+00:00,day_06z,85.2,85.2,,85.2,81.0,-4.200000000000003,nws_cli_knyc,MODEL_ONLY_REPLAY,iem_nws_cli,86° or below,6,summer,-6.0,open-meteo:single-runs:ncep_gfs_global:operational_latest,policy=latest_available_by_latency;latency_h=6;replay_mode=MODEL_ONLY_REPLAY;residual_convention=residual_f = actual_high_f - forecast_high_f
KXHIGHNY-26JUN07,2026-06-07,d0_1500,2026-06-07T19:00:00+00:00,gfs_operational_latest,2026-06-07T06:00:00+00:00,2026-06-07T12:00:00+00:00,day_06z,85.2,85.2,,85.2,81.0,-4.200000000000003,nws_cli_knyc,MODEL_ONLY_REPLAY,iem_nws_cli,86° or below,6,summer,-6.0,open-meteo:single-runs:ncep_gfs_global:operational_latest,policy=latest_available_by_latency;latency_h=6;replay_mode=MODEL_ONLY_REPLAY;residual_convention=residual_f = actual_high_f - forecast_high_f
KXHIGHNY-26JUN08,2026-06-08,dminus1_1800,2026-06-07T22:00:00+00:00,gfs_operational_latest,2026-06-07T12:00:00+00:00,2026-06-07T18:00:00+00:00,prev_12z,80.5,80.5,,80.5,75.0,-5.5,nws_cli_knyc,FULL_OPERATIONAL_REPLAY,iem_nws_cli,74° to 75°,6,summer,12.0,open-meteo:single-runs:ncep_gfs_global:operational_latest,policy=latest_available_by_latency;latency_h=6;replay_mode=FULL_OPERATIONAL_REPLAY;residual_convention=residual_f = actual_high_f - forecast_high_f
KXHIGHNY-26JUN08,2026-06-08,d0_0600,2026-06-08T10:00:00+00:00,gfs_operational_latest,2026-06-08T00:00:00+00:00,2026-06-08T06:00:00+00:00,day_00z,79.8,79.8,,79.8,75.0,-4.799999999999997,nws_cli_knyc,MODEL_ONLY_REPLAY,iem_nws_cli,74° to 75°,6,summer,0.0,open-meteo:single-runs:ncep_gfs_global:operational_latest,policy=latest_available_by_latency;latency_h=6;replay_mode=MODEL_ONLY_REPLAY;residual_convention=residual_f = actual_high_f - forecast_high_f
KXHIGHNY-26JUN08,2026-06-08,d0_0900,2026-06-08T13:00:00+00:00,gfs_operational_latest,2026-06-08T06:00:00+00:00,2026-06-08T12:00:00+00:00,day_06z,80.0,80.0,,80.0,75.0,-5.0,nws_cli_knyc,MODEL_ONLY_REPLAY,iem_nws_cli,74° to 75°,6,summer,-6.0,open-meteo:single-runs:ncep_gfs_global:operational_latest,policy=latest_available_by_latency;latency_h=6;replay_mode=MODEL_ONLY_REPLAY;residual_convention=residual_f = actual_high_f - forecast_high_f
KXHIGHNY-26JUN08,2026-06-08,d0_1200,2026-06-08T16:00:00+00:00,gfs_operational_latest,2026-06-08T06:00:00+00:00,2026-06-08T12:00:00+00:00,day_06z,80.0,80.0,,80.0,75.0,-5.0,nws_cli_knyc,MODEL_ONLY_REPLAY,iem_nws_cli,74° to 75°,6,summer,-6.0,open-meteo:single-runs:ncep_gfs_global:operational_latest,policy=latest_available_by_latency;latency_h=6;replay_mode=MODEL_ONLY_REPLAY;residual_convention=residual_f = actual_high_f - forecast_high_f
KXHIGHNY-26JUN08,2026-06-08,d0_1500,2026-06-08T19:00:00+00:00,gfs_operational_latest,2026-06-08T06:00:00+00:00,2026-06-08T12:00:00+00:00,day_06z,80.0,80.0,,80.0,75.0,-5.0,nws_cli_knyc,MODEL_ONLY_REPLAY,iem_nws_cli,74° to 75°,6,summer,-6.0,open-meteo:single-runs:ncep_gfs_global:operational_latest,policy=latest_available_by_latency;latency_h=6;replay_mode=MODEL_ONLY_REPLAY;residual_convention=residual_f = actual_high_f - forecast_high_f
KXHIGHNY-26JUN09,2026-06-09,dminus1_1800,2026-06-08T22:00:00+00:00,gfs_operational_latest,2026-06-08T12:00:00+00:00,2026-06-08T18:00:00+00:00,prev_12z,85.7,85.7,,85.7,79.0,-6.700000000000003,nws_cli_knyc,FULL_OPERATIONAL_REPLAY,iem_nws_cli,78° to 79°,6,summer,12.0,open-meteo:single-runs:ncep_gfs_global:operational_latest,policy=latest_available_by_latency;latency_h=6;replay_mode=FULL_OPERATIONAL_REPLAY;residual_convention=residual_f = actual_high_f - forecast_high_f
KXHIGHNY-26JUN09,2026-06-09,d0_0600,2026-06-09T10:00:00+00:00,gfs_operational_latest,2026-06-09T00:00:00+00:00,2026-06-09T06:00:00+00:00,day_00z,84.3,84.3,,84.3,79.0,-5.299999999999997,nws_cli_knyc,MODEL_ONLY_REPLAY,iem_nws_cli,78° to 79°,6,summer,0.0,open-meteo:single-runs:ncep_gfs_global:operational_latest,policy=latest_available_by_latency;latency_h=6;replay_mode=MODEL_ONLY_REPLAY;residual_convention=residual_f = actual_high_f - forecast_high_f
KXHIGHNY-26JUN09,2026-06-09,d0_0900,2026-06-09T13:00:00+00:00,gfs_operational_latest,2026-06-09T06:00:00+00:00,2026-06-09T12:00:00+00:00,day_06z,84.5,84.5,,84.5,79.0,-5.5,nws_cli_knyc,MODEL_ONLY_REPLAY,iem_nws_cli,78° to 79°,6,summer,-6.0,open-meteo:single-runs:ncep_gfs_global:operational_latest,policy=latest_available_by_latency;latency_h=6;replay_mode=MODEL_ONLY_REPLAY;residual_convention=residual_f = actual_high_f - forecast_high_f
KXHIGHNY-26JUN09,2026-06-09,d0_1200,2026-06-09T16:00:00+00:00,gfs_operational_latest,2026-06-09T06:00:00+00:00,2026-06-09T12:00:00+00:00,day_06z,84.5,84.5,,84.5,79.0,-5.5,nws_cli_knyc,MODEL_ONLY_REPLAY,iem_nws_cli,78° to 79°,6,summer,-6.0,open-meteo:single-runs:ncep_gfs_global:operational_latest,policy=latest_available_by_latency;latency_h=6;replay_mode=MODEL_ONLY_REPLAY;residual_convention=residual_f = actual_high_f - forecast_high_f
KXHIGHNY-26JUN09,2026-06-09,d0_1500,2026-06-09T19:00:00+00:00,gfs_operational_latest,2026-06-09T06:00:00+00:00,2026-06-09T12:00:00+00:00,day_06z,84.5,84.5,,84.5,79.0,-5.5,nws_cli_knyc,MODEL_ONLY_REPLAY,iem_nws_cli,78° to 79°,6,summer,-6.0,open-meteo:single-runs:ncep_gfs_global:operational_latest,policy=latest_available_by_latency;latency_h=6;replay_mode=MODEL_ONLY_REPLAY;residual_convention=residual_f = actual_high_f - forecast_high_f
KXHIGHNY-26JUN10,2026-06-10,dminus1_1800,2026-06-09T22:00:00+00:00,gfs_operational_latest,2026-06-09T12:00:00+00:00,2026-06-09T18:00:00+00:00,prev_12z,84.5,84.5,,84.5,82.0,-2.5,nws_cli_knyc,FULL_OPERATIONAL_REPLAY,iem_nws_cli,81° to 82°,6,summer,12.0,open-meteo:single-runs:ncep_gfs_global:operational_latest,policy=latest_available_by_latency;latency_h=6;replay_mode=FULL_OPERATIONAL_REPLAY;residual_convention=residual_f = actual_high_f - forecast_high_f
KXHIGHNY-26JUN10,2026-06-10,d0_0600,2026-06-10T10:00:00+00:00,gfs_operational_latest,2026-06-10T00:00:00+00:00,2026-06-10T06:00:00+00:00,day_00z,87.9,87.9,,87.9,82.0,-5.900000000000006,nws_cli_knyc,MODEL_ONLY_REPLAY,iem_nws_cli,81° to 82°,6,summer,0.0,open-meteo:single-runs:ncep_gfs_global:operational_latest,policy=latest_available_by_latency;latency_h=6;replay_mode=MODEL_ONLY_REPLAY;residual_convention=residual_f = actual_high_f - forecast_high_f
KXHIGHNY-26JUN10,2026-06-10,d0_0900,2026-06-10T13:00:00+00:00,gfs_operational_latest,2026-06-10T06:00:00+00:00,2026-06-10T12:00:00+00:00,day_06z,87.2,87.2,,87.2,82.0,-5.200000000000003,nws_cli_knyc,MODEL_ONLY_REPLAY,iem_nws_cli,81° to 82°,6,summer,-6.0,open-meteo:single-runs:ncep_gfs_global:operational_latest,policy=latest_available_by_latency;latency_h=6;replay_mode=MODEL_ONLY_REPLAY;residual_convention=residual_f = actual_high_f - forecast_high_f
KXHIGHNY-26JUN10,2026-06-10,d0_1200,2026-06-10T16:00:00+00:00,gfs_operational_latest,2026-06-10T06:00:00+00:00,2026-06-10T12:00:00+00:00,day_06z,87.2,87.2,,87.2,82.0,-5.200000000000003,nws_cli_knyc,MODEL_ONLY_REPLAY,iem_nws_cli,81° to 82°,6,summer,-6.0,open-meteo:single-runs:ncep_gfs_global:operational_latest,policy=latest_available_by_latency;latency_h=6;replay_mode=MODEL_ONLY_REPLAY;residual_convention=residual_f = actual_high_f - forecast_high_f
KXHIGHNY-26JUN10,2026-06-10,d0_1500,2026-06-10T19:00:00+00:00,gfs_operational_latest,2026-06-10T06:00:00+00:00,2026-06-10T12:00:00+00:00,day_06z,87.2,87.2,,87.2,82.0,-5.200000000000003,nws_cli_knyc,MODEL_ONLY_REPLAY,iem_nws_cli,81° to 82°,6,summer,-6.0,open-meteo:single-runs:ncep_gfs_global:operational_latest,policy=latest_available_by_latency;latency_h=6;replay_mode=MODEL_ONLY_REPLAY;residual_convention=residual_f = actual_high_f - forecast_high_f
KXHIGHNY-26JUN12,2026-06-12,dminus1_1800,2026-06-11T22:00:00+00:00,gfs_operational_latest,2026-06-11T12:00:00+00:00,2026-06-11T18:00:00+00:00,prev_12z,100.0,100.0,,100.0,90.0,-10.0,nws_cli_knyc,FULL_OPERATIONAL_REPLAY,iem_nws_cli,90° to 91°,6,summer,12.0,open-meteo:single-runs:ncep_gfs_global:operational_latest,policy=latest_available_by_latency;latency_h=6;replay_mode=FULL_OPERATIONAL_REPLAY;residual_convention=residual_f = actual_high_f - forecast_high_f
KXHIGHNY-26JUN12,2026-06-12,d0_0600,2026-06-12T10:00:00+00:00,gfs_operational_latest,2026-06-12T00:00:00+00:00,2026-06-12T06:00:00+00:00,day_00z,99.2,99.2,,99.2,90.0,-9.200000000000003,nws_cli_knyc,MODEL_ONLY_REPLAY,iem_nws_cli,90° to 91°,6,summer,0.0,open-meteo:single-runs:ncep_gfs_global:operational_latest,policy=latest_available_by_latency;latency_h=6;replay_mode=MODEL_ONLY_REPLAY;residual_convention=residual_f = actual_high_f - forecast_high_f
KXHIGHNY-26JUN12,2026-06-12,d0_0900,2026-06-12T13:00:00+00:00,gfs_operational_latest,2026-06-12T06:00:00+00:00,2026-06-12T12:00:00+00:00,day_06z,97.4,97.4,,97.4,90.0,-7.400000000000006,nws_cli_knyc,MODEL_ONLY_REPLAY,iem_nws_cli,90° to 91°,6,summer,-6.0,open-meteo:single-runs:ncep_gfs_global:operational_latest,policy=latest_available_by_latency;latency_h=6;replay_mode=MODEL_ONLY_REPLAY;residual_convention=residual_f = actual_high_f - forecast_high_f
KXHIGHNY-26JUN12,2026-06-12,d0_1200,2026-06-12T16:00:00+00:00,gfs_operational_latest,2026-06-12T06:00:00+00:00,2026-06-12T12:00:00+00:00,day_06z,97.4,97.4,,97.4,90.0,-7.400000000000006,nws_cli_knyc,MODEL_ONLY_REPLAY,iem_nws_cli,90° to 91°,6,summer,-6.0,open-meteo:single-runs:ncep_gfs_global:operational_latest,policy=latest_available_by_latency;latency_h=6;replay_mode=MODEL_ONLY_REPLAY;residual_convention=residual_f = actual_high_f - forecast_high_f
KXHIGHNY-26JUN12,2026-06-12,d0_1500,2026-06-12T19:00:00+00:00,gfs_operational_latest,2026-06-12T06:00:00+00:00,2026-06-12T12:00:00+00:00,day_06z,97.4,97.4,,97.4,90.0,-7.400000000000006,nws_cli_knyc,MODEL_ONLY_REPLAY,iem_nws_cli,90° to 91°,6,summer,-6.0,open-meteo:single-runs:ncep_gfs_global:operational_latest,policy=latest_available_by_latency;latency_h=6;replay_mode=MODEL_ONLY_REPLAY;residual_convention=residual_f = actual_high_f - forecast_high_f
KXHIGHNY-26JUN13,2026-06-13,dminus1_1800,2026-06-12T22:00:00+00:00,gfs_operational_latest,2026-06-12T12:00:00+00:00,2026-06-12T18:00:00+00:00,prev_12z,91.0,91.0,,91.0,85.0,-6.0,nws_cli_knyc,FULL_OPERATIONAL_REPLAY,iem_nws_cli,86° or below,6,summer,12.0,open-meteo:single-runs:ncep_gfs_global:operational_latest,policy=latest_available_by_latency;latency_h=6;replay_mode=FULL_OPERATIONAL_REPLAY;residual_convention=residual_f = actual_high_f - forecast_high_f
KXHIGHNY-26JUN13,2026-06-13,d0_0600,2026-06-13T10:00:00+00:00,gfs_operational_latest,2026-06-13T00:00:00+00:00,2026-06-13T06:00:00+00:00,day_00z,91.7,91.7,,91.7,85.0,-6.700000000000003,nws_cli_knyc,MODEL_ONLY_REPLAY,iem_nws_cli,86° or below,6,summer,0.0,open-meteo:single-runs:ncep_gfs_global:operational_latest,policy=latest_available_by_latency;latency_h=6;replay_mode=MODEL_ONLY_REPLAY;residual_convention=residual_f = actual_high_f - forecast_high_f
KXHIGHNY-26JUN13,2026-06-13,d0_0900,2026-06-13T13:00:00+00:00,gfs_operational_latest,2026-06-13T06:00:00+00:00,2026-06-13T12:00:00+00:00,day_06z,91.9,91.9,,91.9,85.0,-6.900000000000006,nws_cli_knyc,MODEL_ONLY_REPLAY,iem_nws_cli,86° or below,6,summer,-6.0,open-meteo:single-runs:ncep_gfs_global:operational_latest,policy=latest_available_by_latency;latency_h=6;replay_mode=MODEL_ONLY_REPLAY;residual_convention=residual_f = actual_high_f - forecast_high_f
KXHIGHNY-26JUN13,2026-06-13,d0_1200,2026-06-13T16:00:00+00:00,gfs_operational_latest,2026-06-13T06:00:00+00:00,2026-06-13T12:00:00+00:00,day_06z,91.9,91.9,,91.9,85.0,-6.900000000000006,nws_cli_knyc,MODEL_ONLY_REPLAY,iem_nws_cli,86° or below,6,summer,-6.0,open-meteo:single-runs:ncep_gfs_global:operational_latest,policy=latest_available_by_latency;latency_h=6;replay_mode=MODEL_ONLY_REPLAY;residual_convention=residual_f = actual_high_f - forecast_high_f
KXHIGHNY-26JUN13,2026-06-13,d0_1500,2026-06-13T19:00:00+00:00,gfs_operational_latest,2026-06-13T06:00:00+00:00,2026-06-13T12:00:00+00:00,day_06z,91.9,91.9,,91.9,85.0,-6.900000000000006,nws_cli_knyc,MODEL_ONLY_REPLAY,iem_nws_cli,86° or below,6,summer,-6.0,open-meteo:single-runs:ncep_gfs_global:operational_latest,policy=latest_available_by_latency;latency_h=6;replay_mode=MODEL_ONLY_REPLAY;residual_convention=residual_f = actual_high_f - forecast_high_f
KXHIGHNY-26JUN14,2026-06-14,dminus1_1800,2026-06-13T22:00:00+00:00,gfs_operational_latest,2026-06-13T12:00:00+00:00,2026-06-13T18:00:00+00:00,prev_12z,92.8,92.8,,92.8,87.0,-5.799999999999997,nws_cli_knyc,FULL_OPERATIONAL_REPLAY,iem_nws_cli,87° to 88°,6,summer,12.0,open-meteo:single-runs:ncep_gfs_global:operational_latest,policy=latest_available_by_latency;latency_h=6;replay_mode=FULL_OPERATIONAL_REPLAY;residual_convention=residual_f = actual_high_f - forecast_high_f
KXHIGHNY-26JUN14,2026-06-14,d0_0600,2026-06-14T10:00:00+00:00,gfs_operational_latest,2026-06-14T00:00:00+00:00,2026-06-14T06:00:00+00:00,day_00z,93.3,93.3,,93.3,87.0,-6.299999999999997,nws_cli_knyc,MODEL_ONLY_REPLAY,iem_nws_cli,87° to 88°,6,summer,0.0,open-meteo:single-runs:ncep_gfs_global:operational_latest,policy=latest_available_by_latency;latency_h=6;replay_mode=MODEL_ONLY_REPLAY;residual_convention=residual_f = actual_high_f - forecast_high_f
KXHIGHNY-26JUN14,2026-06-14,d0_0900,2026-06-14T13:00:00+00:00,gfs_operational_latest,2026-06-14T06:00:00+00:00,2026-06-14T12:00:00+00:00,day_06z,92.6,92.6,,92.6,87.0,-5.599999999999994,nws_cli_knyc,MODEL_ONLY_REPLAY,iem_nws_cli,87° to 88°,6,summer,-6.0,open-meteo:single-runs:ncep_gfs_global:operational_latest,policy=latest_available_by_latency;latency_h=6;replay_mode=MODEL_ONLY_REPLAY;residual_convention=residual_f = actual_high_f - forecast_high_f
KXHIGHNY-26JUN14,2026-06-14,d0_1200,2026-06-14T16:00:00+00:00,gfs_operational_latest,2026-06-14T06:00:00+00:00,2026-06-14T12:00:00+00:00,day_06z,92.6,92.6,,92.6,87.0,-5.599999999999994,nws_cli_knyc,MODEL_ONLY_REPLAY,iem_nws_cli,87° to 88°,6,summer,-6.0,open-meteo:single-runs:ncep_gfs_global:operational_latest,policy=latest_available_by_latency;latency_h=6;replay_mode=MODEL_ONLY_REPLAY;residual_convention=residual_f = actual_high_f - forecast_high_f
KXHIGHNY-26JUN14,2026-06-14,d0_1500,2026-06-14T19:00:00+00:00,gfs_operational_latest,2026-06-14T06:00:00+00:00,2026-06-14T12:00:00+00:00,day_06z,92.6,92.6,,92.6,87.0,-5.599999999999994,nws_cli_knyc,MODEL_ONLY_REPLAY,iem_nws_cli,87° to 88°,6,summer,-6.0,open-meteo:single-runs:ncep_gfs_global:operational_latest,policy=latest_available_by_latency;latency_h=6;replay_mode=MODEL_ONLY_REPLAY;residual_convention=residual_f = actual_high_f - forecast_high_f
KXHIGHNY-26JUN15,2026-06-15,dminus1_1800,2026-06-14T22:00:00+00:00,gfs_operational_latest,2026-06-14T12:00:00+00:00,2026-06-14T18:00:00+00:00,prev_12z,81.2,81.2,,81.2,74.0,-7.200000000000003,nws_cli_knyc,FULL_OPERATIONAL_REPLAY,iem_nws_cli,77° or below,6,summer,12.0,open-meteo:single-runs:ncep_gfs_global:operational_latest,policy=latest_available_by_latency;latency_h=6;replay_mode=FULL_OPERATIONAL_REPLAY;residual_convention=residual_f = actual_high_f - forecast_high_f
KXHIGHNY-26JUN15,2026-06-15,d0_0600,2026-06-15T10:00:00+00:00,gfs_operational_latest,2026-06-15T00:00:00+00:00,2026-06-15T06:00:00+00:00,day_00z,81.2,81.2,,81.2,74.0,-7.200000000000003,nws_cli_knyc,MODEL_ONLY_REPLAY,iem_nws_cli,77° or below,6,summer,0.0,open-meteo:single-runs:ncep_gfs_global:operational_latest,policy=latest_available_by_latency;latency_h=6;replay_mode=MODEL_ONLY_REPLAY;residual_convention=residual_f = actual_high_f - forecast_high_f
KXHIGHNY-26JUN15,2026-06-15,d0_0900,2026-06-15T13:00:00+00:00,gfs_operational_latest,2026-06-15T06:00:00+00:00,2026-06-15T12:00:00+00:00,day_06z,80.9,80.9,,80.9,74.0,-6.900000000000006,nws_cli_knyc,MODEL_ONLY_REPLAY,iem_nws_cli,77° or below,6,summer,-6.0,open-meteo:single-runs:ncep_gfs_global:operational_latest,policy=latest_available_by_latency;latency_h=6;replay_mode=MODEL_ONLY_REPLAY;residual_convention=residual_f = actual_high_f - forecast_high_f
KXHIGHNY-26JUN15,2026-06-15,d0_1200,2026-06-15T16:00:00+00:00,gfs_operational_latest,2026-06-15T06:00:00+00:00,2026-06-15T12:00:00+00:00,day_06z,80.9,80.9,,80.9,74.0,-6.900000000000006,nws_cli_knyc,MODEL_ONLY_REPLAY,iem_nws_cli,77° or below,6,summer,-6.0,open-meteo:single-runs:ncep_gfs_global:operational_latest,policy=latest_available_by_latency;latency_h=6;replay_mode=MODEL_ONLY_REPLAY;residual_convention=residual_f = actual_high_f - forecast_high_f
KXHIGHNY-26JUN15,2026-06-15,d0_1500,2026-06-15T19:00:00+00:00,gfs_operational_latest,2026-06-15T06:00:00+00:00,2026-06-15T12:00:00+00:00,day_06z,80.9,80.9,,80.9,74.0,-6.900000000000006,nws_cli_knyc,MODEL_ONLY_REPLAY,iem_nws_cli,77° or below,6,summer,-6.0,open-meteo:single-runs:ncep_gfs_global:operational_latest,policy=latest_available_by_latency;latency_h=6;replay_mode=MODEL_ONLY_REPLAY;residual_convention=residual_f = actual_high_f - forecast_high_f
KXHIGHNY-26JUN16,2026-06-16,dminus1_1800,2026-06-15T22:00:00+00:00,gfs_operational_latest,2026-06-15T12:00:00+00:00,2026-06-15T18:00:00+00:00,prev_12z,81.4,81.4,,81.4,76.0,-5.400000000000006,nws_cli_knyc,FULL_OPERATIONAL_REPLAY,iem_nws_cli,75° to 76°,6,summer,12.0,open-meteo:single-runs:ncep_gfs_global:operational_latest,policy=latest_available_by_latency;latency_h=6;replay_mode=FULL_OPERATIONAL_REPLAY;residual_convention=residual_f = actual_high_f - forecast_high_f
KXHIGHNY-26JUN16,2026-06-16,d0_0600,2026-06-16T10:00:00+00:00,gfs_operational_latest,2026-06-16T00:00:00+00:00,2026-06-16T06:00:00+00:00,day_00z,80.7,80.7,,80.7,76.0,-4.700000000000003,nws_cli_knyc,MODEL_ONLY_REPLAY,iem_nws_cli,75° to 76°,6,summer,0.0,open-meteo:single-runs:ncep_gfs_global:operational_latest,policy=latest_available_by_latency;latency_h=6;replay_mode=MODEL_ONLY_REPLAY;residual_convention=residual_f = actual_high_f - forecast_high_f
KXHIGHNY-26JUN16,2026-06-16,d0_0900,2026-06-16T13:00:00+00:00,gfs_operational_latest,2026-06-16T06:00:00+00:00,2026-06-16T12:00:00+00:00,day_06z,80.9,80.9,,80.9,76.0,-4.900000000000006,nws_cli_knyc,MODEL_ONLY_REPLAY,iem_nws_cli,75° to 76°,6,summer,-6.0,open-meteo:single-runs:ncep_gfs_global:operational_latest,policy=latest_available_by_latency;latency_h=6;replay_mode=MODEL_ONLY_REPLAY;residual_convention=residual_f = actual_high_f - forecast_high_f
KXHIGHNY-26JUN16,2026-06-16,d0_1200,2026-06-16T16:00:00+00:00,gfs_operational_latest,2026-06-16T06:00:00+00:00,2026-06-16T12:00:00+00:00,day_06z,80.9,80.9,,80.9,76.0,-4.900000000000006,nws_cli_knyc,MODEL_ONLY_REPLAY,iem_nws_cli,75° to 76°,6,summer,-6.0,open-meteo:single-runs:ncep_gfs_global:operational_latest,policy=latest_available_by_latency;latency_h=6;replay_mode=MODEL_ONLY_REPLAY;residual_convention=residual_f = actual_high_f - forecast_high_f
KXHIGHNY-26JUN16,2026-06-16,d0_1500,2026-06-16T19:00:00+00:00,gfs_operational_latest,2026-06-16T06:00:00+00:00,2026-06-16T12:00:00+00:00,day_06z,80.9,80.9,,80.9,76.0,-4.900000000000006,nws_cli_knyc,MODEL_ONLY_REPLAY,iem_nws_cli,75° to 76°,6,summer,-6.0,open-meteo:single-runs:ncep_gfs_global:operational_latest,policy=latest_available_by_latency;latency_h=6;replay_mode=MODEL_ONLY_REPLAY;residual_convention=residual_f = actual_high_f - forecast_high_f
KXHIGHNY-26JUN17,2026-06-17,dminus1_1800,2026-06-16T22:00:00+00:00,gfs_operational_latest,2026-06-16T12:00:00+00:00,2026-06-16T18:00:00+00:00,prev_12z,80.5,80.5,,80.5,78.0,-2.5,nws_cli_knyc,FULL_OPERATIONAL_REPLAY,iem_nws_cli,78° to 79°,6,summer,12.0,open-meteo:single-runs:ncep_gfs_global:operational_latest,policy=latest_available_by_latency;latency_h=6;replay_mode=FULL_OPERATIONAL_REPLAY;residual_convention=residual_f = actual_high_f - forecast_high_f
KXHIGHNY-26JUN17,2026-06-17,d0_0600,2026-06-17T10:00:00+00:00,gfs_operational_latest,2026-06-17T00:00:00+00:00,2026-06-17T06:00:00+00:00,day_00z,82.7,82.7,,82.7,78.0,-4.700000000000003,nws_cli_knyc,MODEL_ONLY_REPLAY,iem_nws_cli,78° to 79°,6,summer,0.0,open-meteo:single-runs:ncep_gfs_global:operational_latest,policy=latest_available_by_latency;latency_h=6;replay_mode=MODEL_ONLY_REPLAY;residual_convention=residual_f = actual_high_f - forecast_high_f
KXHIGHNY-26JUN17,2026-06-17,d0_0900,2026-06-17T13:00:00+00:00,gfs_operational_latest,2026-06-17T06:00:00+00:00,2026-06-17T12:00:00+00:00,day_06z,81.6,81.6,,81.6,78.0,-3.5999999999999943,nws_cli_knyc,MODEL_ONLY_REPLAY,iem_nws_cli,78° to 79°,6,summer,-6.0,open-meteo:single-runs:ncep_gfs_global:operational_latest,policy=latest_available_by_latency;latency_h=6;replay_mode=MODEL_ONLY_REPLAY;residual_convention=residual_f = actual_high_f - forecast_high_f
KXHIGHNY-26JUN17,2026-06-17,d0_1200,2026-06-17T16:00:00+00:00,gfs_operational_latest,2026-06-17T06:00:00+00:00,2026-06-17T12:00:00+00:00,day_06z,81.6,81.6,,81.6,78.0,-3.5999999999999943,nws_cli_knyc,MODEL_ONLY_REPLAY,iem_nws_cli,78° to 79°,6,summer,-6.0,open-meteo:single-runs:ncep_gfs_global:operational_latest,policy=latest_available_by_latency;latency_h=6;replay_mode=MODEL_ONLY_REPLAY;residual_convention=residual_f = actual_high_f - forecast_high_f
KXHIGHNY-26JUN17,2026-06-17,d0_1500,2026-06-17T19:00:00+00:00,gfs_operational_latest,2026-06-17T06:00:00+00:00,2026-06-17T12:00:00+00:00,day_06z,81.6,81.6,,81.6,78.0,-3.5999999999999943,nws_cli_knyc,MODEL_ONLY_REPLAY,iem_nws_cli,78° to 79°,6,summer,-6.0,open-meteo:single-runs:ncep_gfs_global:operational_latest,policy=latest_available_by_latency;latency_h=6;replay_mode=MODEL_ONLY_REPLAY;residual_convention=residual_f = actual_high_f - forecast_high_f
KXHIGHNY-26JUN18,2026-06-18,dminus1_1800,2026-06-17T22:00:00+00:00,gfs_operational_latest,2026-06-17T12:00:00+00:00,2026-06-17T18:00:00+00:00,prev_12z,93.7,93.7,,93.7,86.0,-7.700000000000003,nws_cli_knyc,FULL_OPERATIONAL_REPLAY,iem_nws_cli,85° to 86°,6,summer,12.0,open-meteo:single-runs:ncep_gfs_global:operational_latest,policy=latest_available_by_latency;latency_h=6;replay_mode=FULL_OPERATIONAL_REPLAY;residual_convention=residual_f = actual_high_f - forecast_high_f
KXHIGHNY-26JUN18,2026-06-18,d0_0600,2026-06-18T10:00:00+00:00,gfs_operational_latest,2026-06-18T00:00:00+00:00,2026-06-18T06:00:00+00:00,day_00z,89.0,89.0,,89.0,86.0,-3.0,nws_cli_knyc,MODEL_ONLY_REPLAY,iem_nws_cli,85° to 86°,6,summer,0.0,open-meteo:single-runs:ncep_gfs_global:operational_latest,policy=latest_available_by_latency;latency_h=6;replay_mode=MODEL_ONLY_REPLAY;residual_convention=residual_f = actual_high_f - forecast_high_f
KXHIGHNY-26JUN18,2026-06-18,d0_0900,2026-06-18T13:00:00+00:00,gfs_operational_latest,2026-06-18T06:00:00+00:00,2026-06-18T12:00:00+00:00,day_06z,89.7,89.7,,89.7,86.0,-3.700000000000003,nws_cli_knyc,MODEL_ONLY_REPLAY,iem_nws_cli,85° to 86°,6,summer,-6.0,open-meteo:single-runs:ncep_gfs_global:operational_latest,policy=latest_available_by_latency;latency_h=6;replay_mode=MODEL_ONLY_REPLAY;residual_convention=residual_f = actual_high_f - forecast_high_f
KXHIGHNY-26JUN18,2026-06-18,d0_1200,2026-06-18T16:00:00+00:00,gfs_operational_latest,2026-06-18T06:00:00+00:00,2026-06-18T12:00:00+00:00,day_06z,89.7,89.7,,89.7,86.0,-3.700000000000003,nws_cli_knyc,MODEL_ONLY_REPLAY,iem_nws_cli,85° to 86°,6,summer,-6.0,open-meteo:single-runs:ncep_gfs_global:operational_latest,policy=latest_available_by_latency;latency_h=6;replay_mode=MODEL_ONLY_REPLAY;residual_convention=residual_f = actual_high_f - forecast_high_f
KXHIGHNY-26JUN18,2026-06-18,d0_1500,2026-06-18T19:00:00+00:00,gfs_operational_latest,2026-06-18T06:00:00+00:00,2026-06-18T12:00:00+00:00,day_06z,89.7,89.7,,89.7,86.0,-3.700000000000003,nws_cli_knyc,MODEL_ONLY_REPLAY,iem_nws_cli,85° to 86°,6,summer,-6.0,open-meteo:single-runs:ncep_gfs_global:operational_latest,policy=latest_available_by_latency;latency_h=6;replay_mode=MODEL_ONLY_REPLAY;residual_convention=residual_f = actual_high_f - forecast_high_f
KXHIGHNY-26JUN19,2026-06-19,dminus1_1800,2026-06-18T22:00:00+00:00,gfs_operational_latest,2026-06-18T12:00:00+00:00,2026-06-18T18:00:00+00:00,prev_12z,86.3,86.3,,86.3,81.0,-5.299999999999997,nws_cli_knyc,FULL_OPERATIONAL_REPLAY,iem_nws_cli,81° to 82°,6,summer,12.0,open-meteo:single-runs:ncep_gfs_global:operational_latest,policy=latest_available_by_latency;latency_h=6;replay_mode=FULL_OPERATIONAL_REPLAY;residual_convention=residual_f = actual_high_f - forecast_high_f
KXHIGHNY-26JUN19,2026-06-19,d0_0600,2026-06-19T10:00:00+00:00,gfs_operational_latest,2026-06-19T00:00:00+00:00,2026-06-19T06:00:00+00:00,day_00z,85.6,85.6,,85.6,81.0,-4.599999999999994,nws_cli_knyc,MODEL_ONLY_REPLAY,iem_nws_cli,81° to 82°,6,summer,0.0,open-meteo:single-runs:ncep_gfs_global:operational_latest,policy=latest_available_by_latency;latency_h=6;replay_mode=MODEL_ONLY_REPLAY;residual_convention=residual_f = actual_high_f - forecast_high_f
KXHIGHNY-26JUN19,2026-06-19,d0_0900,2026-06-19T13:00:00+00:00,gfs_operational_latest,2026-06-19T06:00:00+00:00,2026-06-19T12:00:00+00:00,day_06z,85.7,85.7,,85.7,81.0,-4.700000000000003,nws_cli_knyc,MODEL_ONLY_REPLAY,iem_nws_cli,81° to 82°,6,summer,-6.0,open-meteo:single-runs:ncep_gfs_global:operational_latest,policy=latest_available_by_latency;latency_h=6;replay_mode=MODEL_ONLY_REPLAY;residual_convention=residual_f = actual_high_f - forecast_high_f
KXHIGHNY-26JUN19,2026-06-19,d0_1200,2026-06-19T16:00:00+00:00,gfs_operational_latest,2026-06-19T06:00:00+00:00,2026-06-19T12:00:00+00:00,day_06z,85.7,85.7,,85.7,81.0,-4.700000000000003,nws_cli_knyc,MODEL_ONLY_REPLAY,iem_nws_cli,81° to 82°,6,summer,-6.0,open-meteo:single-runs:ncep_gfs_global:operational_latest,policy=latest_available_by_latency;latency_h=6;replay_mode=MODEL_ONLY_REPLAY;residual_convention=residual_f = actual_high_f - forecast_high_f
KXHIGHNY-26JUN19,2026-06-19,d0_1500,2026-06-19T19:00:00+00:00,gfs_operational_latest,2026-06-19T06:00:00+00:00,2026-06-19T12:00:00+00:00,day_06z,85.7,85.7,,85.7,81.0,-4.700000000000003,nws_cli_knyc,MODEL_ONLY_REPLAY,iem_nws_cli,81° to 82°,6,summer,-6.0,open-meteo:single-runs:ncep_gfs_global:operational_latest,policy=latest_available_by_latency;latency_h=6;replay_mode=MODEL_ONLY_REPLAY;residual_convention=residual_f = actual_high_f - forecast_high_f
KXHIGHNY-26JUN20,2026-06-20,dminus1_1800,2026-06-19T22:00:00+00:00,gfs_operational_latest,2026-06-19T12:00:00+00:00,2026-06-19T18:00:00+00:00,prev_12z,84.5,84.5,,84.5,81.0,-3.5,nws_cli_knyc,FULL_OPERATIONAL_REPLAY,iem_nws_cli,81° or below,6,summer,12.0,open-meteo:single-runs:ncep_gfs_global:operational_latest,policy=latest_available_by_latency;latency_h=6;replay_mode=FULL_OPERATIONAL_REPLAY;residual_convention=residual_f = actual_high_f - forecast_high_f
KXHIGHNY-26JUN20,2026-06-20,d0_0600,2026-06-20T10:00:00+00:00,gfs_operational_latest,2026-06-20T00:00:00+00:00,2026-06-20T06:00:00+00:00,day_00z,84.5,84.5,,84.5,81.0,-3.5,nws_cli_knyc,MODEL_ONLY_REPLAY,iem_nws_cli,81° or below,6,summer,0.0,open-meteo:single-runs:ncep_gfs_global:operational_latest,policy=latest_available_by_latency;latency_h=6;replay_mode=MODEL_ONLY_REPLAY;residual_convention=residual_f = actual_high_f - forecast_high_f
KXHIGHNY-26JUN20,2026-06-20,d0_0900,2026-06-20T13:00:00+00:00,gfs_operational_latest,2026-06-20T06:00:00+00:00,2026-06-20T12:00:00+00:00,day_06z,84.7,84.7,,84.7,81.0,-3.700000000000003,nws_cli_knyc,MODEL_ONLY_REPLAY,iem_nws_cli,81° or below,6,summer,-6.0,open-meteo:single-runs:ncep_gfs_global:operational_latest,policy=latest_available_by_latency;latency_h=6;replay_mode=MODEL_ONLY_REPLAY;residual_convention=residual_f = actual_high_f - forecast_high_f
KXHIGHNY-26JUN20,2026-06-20,d0_1200,2026-06-20T16:00:00+00:00,gfs_operational_latest,2026-06-20T06:00:00+00:00,2026-06-20T12:00:00+00:00,day_06z,84.7,84.7,,84.7,81.0,-3.700000000000003,nws_cli_knyc,MODEL_ONLY_REPLAY,iem_nws_cli,81° or below,6,summer,-6.0,open-meteo:single-runs:ncep_gfs_global:operational_latest,policy=latest_available_by_latency;latency_h=6;replay_mode=MODEL_ONLY_REPLAY;residual_convention=residual_f = actual_high_f - forecast_high_f
KXHIGHNY-26JUN20,2026-06-20,d0_1500,2026-06-20T19:00:00+00:00,gfs_operational_latest,2026-06-20T06:00:00+00:00,2026-06-20T12:00:00+00:00,day_06z,84.7,84.7,,84.7,81.0,-3.700000000000003,nws_cli_knyc,MODEL_ONLY_REPLAY,iem_nws_cli,81° or below,6,summer,-6.0,open-meteo:single-runs:ncep_gfs_global:operational_latest,policy=latest_available_by_latency;latency_h=6;replay_mode=MODEL_ONLY_REPLAY;residual_convention=residual_f = actual_high_f - forecast_high_f
KXHIGHNY-26JUN21,2026-06-21,dminus1_1800,2026-06-20T22:00:00+00:00,gfs_operational_latest,2026-06-20T12:00:00+00:00,2026-06-20T18:00:00+00:00,prev_12z,83.6,83.6,,83.6,82.0,-1.5999999999999943,nws_cli_knyc,FULL_OPERATIONAL_REPLAY,iem_nws_cli,82° to 83°,6,summer,12.0,open-meteo:single-runs:ncep_gfs_global:operational_latest,policy=latest_available_by_latency;latency_h=6;replay_mode=FULL_OPERATIONAL_REPLAY;residual_convention=residual_f = actual_high_f - forecast_high_f
KXHIGHNY-26JUN21,2026-06-21,d0_0600,2026-06-21T10:00:00+00:00,gfs_operational_latest,2026-06-21T00:00:00+00:00,2026-06-21T06:00:00+00:00,day_00z,83.0,83.0,,83.0,82.0,-1.0,nws_cli_knyc,MODEL_ONLY_REPLAY,iem_nws_cli,82° to 83°,6,summer,0.0,open-meteo:single-runs:ncep_gfs_global:operational_latest,policy=latest_available_by_latency;latency_h=6;replay_mode=MODEL_ONLY_REPLAY;residual_convention=residual_f = actual_high_f - forecast_high_f
KXHIGHNY-26JUN21,2026-06-21,d0_0900,2026-06-21T13:00:00+00:00,gfs_operational_latest,2026-06-21T06:00:00+00:00,2026-06-21T12:00:00+00:00,day_06z,82.0,82.0,,82.0,82.0,0.0,nws_cli_knyc,MODEL_ONLY_REPLAY,iem_nws_cli,82° to 83°,6,summer,-6.0,open-meteo:single-runs:ncep_gfs_global:operational_latest,policy=latest_available_by_latency;latency_h=6;replay_mode=MODEL_ONLY_REPLAY;residual_convention=residual_f = actual_high_f - forecast_high_f
KXHIGHNY-26JUN21,2026-06-21,d0_1200,2026-06-21T16:00:00+00:00,gfs_operational_latest,2026-06-21T06:00:00+00:00,2026-06-21T12:00:00+00:00,day_06z,82.0,82.0,,82.0,82.0,0.0,nws_cli_knyc,MODEL_ONLY_REPLAY,iem_nws_cli,82° to 83°,6,summer,-6.0,open-meteo:single-runs:ncep_gfs_global:operational_latest,policy=latest_available_by_latency;latency_h=6;replay_mode=MODEL_ONLY_REPLAY;residual_convention=residual_f = actual_high_f - forecast_high_f
KXHIGHNY-26JUN21,2026-06-21,d0_1500,2026-06-21T19:00:00+00:00,gfs_operational_latest,2026-06-21T06:00:00+00:00,2026-06-21T12:00:00+00:00,day_06z,82.0,82.0,,82.0,82.0,0.0,nws_cli_knyc,MODEL_ONLY_REPLAY,iem_nws_cli,82° to 83°,6,summer,-6.0,open-meteo:single-runs:ncep_gfs_global:operational_latest,policy=latest_available_by_latency;latency_h=6;replay_mode=MODEL_ONLY_REPLAY;residual_convention=residual_f = actual_high_f - forecast_high_f
KXHIGHNY-26JUN22,2026-06-22,dminus1_1800,2026-06-21T22:00:00+00:00,gfs_operational_latest,2026-06-21T12:00:00+00:00,2026-06-21T18:00:00+00:00,prev_12z,77.1,77.1,,77.1,73.0,-4.099999999999994,nws_cli_knyc,FULL_OPERATIONAL_REPLAY,iem_nws_cli,72° to 73°,6,summer,12.0,open-meteo:single-runs:ncep_gfs_global:operational_latest,policy=latest_available_by_latency;latency_h=6;replay_mode=FULL_OPERATIONAL_REPLAY;residual_convention=residual_f = actual_high_f - forecast_high_f
KXHIGHNY-26JUN22,2026-06-22,d0_0600,2026-06-22T10:00:00+00:00,gfs_operational_latest,2026-06-22T00:00:00+00:00,2026-06-22T06:00:00+00:00,day_00z,78.9,78.9,,78.9,73.0,-5.900000000000006,nws_cli_knyc,MODEL_ONLY_REPLAY,iem_nws_cli,72° to 73°,6,summer,0.0,open-meteo:single-runs:ncep_gfs_global:operational_latest,policy=latest_available_by_latency;latency_h=6;replay_mode=MODEL_ONLY_REPLAY;residual_convention=residual_f = actual_high_f - forecast_high_f
KXHIGHNY-26JUN22,2026-06-22,d0_0900,2026-06-22T13:00:00+00:00,gfs_operational_latest,2026-06-22T06:00:00+00:00,2026-06-22T12:00:00+00:00,day_06z,77.3,77.3,,77.3,73.0,-4.299999999999997,nws_cli_knyc,MODEL_ONLY_REPLAY,iem_nws_cli,72° to 73°,6,summer,-6.0,open-meteo:single-runs:ncep_gfs_global:operational_latest,policy=latest_available_by_latency;latency_h=6;replay_mode=MODEL_ONLY_REPLAY;residual_convention=residual_f = actual_high_f - forecast_high_f
KXHIGHNY-26JUN22,2026-06-22,d0_1200,2026-06-22T16:00:00+00:00,gfs_operational_latest,2026-06-22T06:00:00+00:00,2026-06-22T12:00:00+00:00,day_06z,77.3,77.3,,77.3,73.0,-4.299999999999997,nws_cli_knyc,MODEL_ONLY_REPLAY,iem_nws_cli,72° to 73°,6,summer,-6.0,open-meteo:single-runs:ncep_gfs_global:operational_latest,policy=latest_available_by_latency;latency_h=6;replay_mode=MODEL_ONLY_REPLAY;residual_convention=residual_f = actual_high_f - forecast_high_f
KXHIGHNY-26JUN22,2026-06-22,d0_1500,2026-06-22T19:00:00+00:00,gfs_operational_latest,2026-06-22T06:00:00+00:00,2026-06-22T12:00:00+00:00,day_06z,77.3,77.3,,77.3,73.0,-4.299999999999997,nws_cli_knyc,MODEL_ONLY_REPLAY,iem_nws_cli,72° to 73°,6,summer,-6.0,open-meteo:single-runs:ncep_gfs_global:operational_latest,policy=latest_available_by_latency;latency_h=6;replay_mode=MODEL_ONLY_REPLAY;residual_convention=residual_f = actual_high_f - forecast_high_f
KXHIGHNY-26JUN23,2026-06-23,dminus1_1800,2026-06-22T22:00:00+00:00,gfs_operational_latest,2026-06-22T12:00:00+00:00,2026-06-22T18:00:00+00:00,prev_12z,71.0,71.0,,71.0,71.0,0.0,nws_cli_knyc,FULL_OPERATIONAL_REPLAY,iem_nws_cli,77° or below,6,summer,12.0,open-meteo:single-runs:ncep_gfs_global:operational_latest,policy=latest_available_by_latency;latency_h=6;replay_mode=FULL_OPERATIONAL_REPLAY;residual_convention=residual_f = actual_high_f - forecast_high_f
KXHIGHNY-26JUN23,2026-06-23,d0_0600,2026-06-23T10:00:00+00:00,gfs_operational_latest,2026-06-23T00:00:00+00:00,2026-06-23T06:00:00+00:00,day_00z,71.5,71.5,,71.5,71.0,-0.5,nws_cli_knyc,MODEL_ONLY_REPLAY,iem_nws_cli,77° or below,6,summer,0.0,open-meteo:single-runs:ncep_gfs_global:operational_latest,policy=latest_available_by_latency;latency_h=6;replay_mode=MODEL_ONLY_REPLAY;residual_convention=residual_f = actual_high_f - forecast_high_f
KXHIGHNY-26JUN23,2026-06-23,d0_0900,2026-06-23T13:00:00+00:00,gfs_operational_latest,2026-06-23T06:00:00+00:00,2026-06-23T12:00:00+00:00,day_06z,70.6,70.6,,70.6,71.0,0.4000000000000057,nws_cli_knyc,MODEL_ONLY_REPLAY,iem_nws_cli,77° or below,6,summer,-6.0,open-meteo:single-runs:ncep_gfs_global:operational_latest,policy=latest_available_by_latency;latency_h=6;replay_mode=MODEL_ONLY_REPLAY;residual_convention=residual_f = actual_high_f - forecast_high_f
KXHIGHNY-26JUN23,2026-06-23,d0_1200,2026-06-23T16:00:00+00:00,gfs_operational_latest,2026-06-23T06:00:00+00:00,2026-06-23T12:00:00+00:00,day_06z,70.6,70.6,,70.6,71.0,0.4000000000000057,nws_cli_knyc,MODEL_ONLY_REPLAY,iem_nws_cli,77° or below,6,summer,-6.0,open-meteo:single-runs:ncep_gfs_global:operational_latest,policy=latest_available_by_latency;latency_h=6;replay_mode=MODEL_ONLY_REPLAY;residual_convention=residual_f = actual_high_f - forecast_high_f
KXHIGHNY-26JUN23,2026-06-23,d0_1500,2026-06-23T19:00:00+00:00,gfs_operational_latest,2026-06-23T06:00:00+00:00,2026-06-23T12:00:00+00:00,day_06z,70.6,70.6,,70.6,71.0,0.4000000000000057,nws_cli_knyc,MODEL_ONLY_REPLAY,iem_nws_cli,77° or below,6,summer,-6.0,open-meteo:single-runs:ncep_gfs_global:operational_latest,policy=latest_available_by_latency;latency_h=6;replay_mode=MODEL_ONLY_REPLAY;residual_convention=residual_f = actual_high_f - forecast_high_f
KXHIGHNY-26JUN24,2026-06-24,dminus1_1800,2026-06-23T22:00:00+00:00,gfs_operational_latest,2026-06-23T12:00:00+00:00,2026-06-23T18:00:00+00:00,prev_12z,84.5,84.5,,84.5,82.0,-2.5,nws_cli_knyc,FULL_OPERATIONAL_REPLAY,iem_nws_cli,82° to 83°,6,summer,12.0,open-meteo:single-runs:ncep_gfs_global:operational_latest,policy=latest_available_by_latency;latency_h=6;replay_mode=FULL_OPERATIONAL_REPLAY;residual_convention=residual_f = actual_high_f - forecast_high_f
KXHIGHNY-26JUN24,2026-06-24,d0_0600,2026-06-24T10:00:00+00:00,gfs_operational_latest,2026-06-24T00:00:00+00:00,2026-06-24T06:00:00+00:00,day_00z,84.8,84.8,,84.8,82.0,-2.799999999999997,nws_cli_knyc,MODEL_ONLY_REPLAY,iem_nws_cli,82° to 83°,6,summer,0.0,open-meteo:single-runs:ncep_gfs_global:operational_latest,policy=latest_available_by_latency;latency_h=6;replay_mode=MODEL_ONLY_REPLAY;residual_convention=residual_f = actual_high_f - forecast_high_f
KXHIGHNY-26JUN24,2026-06-24,d0_0900,2026-06-24T13:00:00+00:00,gfs_operational_latest,2026-06-24T06:00:00+00:00,2026-06-24T12:00:00+00:00,day_06z,85.0,85.0,,85.0,82.0,-3.0,nws_cli_knyc,MODEL_ONLY_REPLAY,iem_nws_cli,82° to 83°,6,summer,-6.0,open-meteo:single-runs:ncep_gfs_global:operational_latest,policy=latest_available_by_latency;latency_h=6;replay_mode=MODEL_ONLY_REPLAY;residual_convention=residual_f = actual_high_f - forecast_high_f
KXHIGHNY-26JUN24,2026-06-24,d0_1200,2026-06-24T16:00:00+00:00,gfs_operational_latest,2026-06-24T06:00:00+00:00,2026-06-24T12:00:00+00:00,day_06z,85.0,85.0,,85.0,82.0,-3.0,nws_cli_knyc,MODEL_ONLY_REPLAY,iem_nws_cli,82° to 83°,6,summer,-6.0,open-meteo:single-runs:ncep_gfs_global:operational_latest,policy=latest_available_by_latency;latency_h=6;replay_mode=MODEL_ONLY_REPLAY;residual_convention=residual_f = actual_high_f - forecast_high_f
KXHIGHNY-26JUN24,2026-06-24,d0_1500,2026-06-24T19:00:00+00:00,gfs_operational_latest,2026-06-24T06:00:00+00:00,2026-06-24T12:00:00+00:00,day_06z,85.0,85.0,,85.0,82.0,-3.0,nws_cli_knyc,MODEL_ONLY_REPLAY,iem_nws_cli,82° to 83°,6,summer,-6.0,open-meteo:single-runs:ncep_gfs_global:operational_latest,policy=latest_available_by_latency;latency_h=6;replay_mode=MODEL_ONLY_REPLAY;residual_convention=residual_f = actual_high_f - forecast_high_f
KXHIGHNY-26JUN25,2026-06-25,dminus1_1800,2026-06-24T22:00:00+00:00,gfs_operational_latest,2026-06-24T12:00:00+00:00,2026-06-24T18:00:00+00:00,prev_12z,85.7,85.7,,85.7,83.0,-2.700000000000003,nws_cli_knyc,FULL_OPERATIONAL_REPLAY,iem_nws_cli,83° to 84°,6,summer,12.0,open-meteo:single-runs:ncep_gfs_global:operational_latest,policy=latest_available_by_latency;latency_h=6;replay_mode=FULL_OPERATIONAL_REPLAY;residual_convention=residual_f = actual_high_f - forecast_high_f
KXHIGHNY-26JUN25,2026-06-25,d0_0600,2026-06-25T10:00:00+00:00,gfs_operational_latest,2026-06-25T00:00:00+00:00,2026-06-25T06:00:00+00:00,day_00z,85.7,85.7,,85.7,83.0,-2.700000000000003,nws_cli_knyc,MODEL_ONLY_REPLAY,iem_nws_cli,83° to 84°,6,summer,0.0,open-meteo:single-runs:ncep_gfs_global:operational_latest,policy=latest_available_by_latency;latency_h=6;replay_mode=MODEL_ONLY_REPLAY;residual_convention=residual_f = actual_high_f - forecast_high_f
KXHIGHNY-26JUN25,2026-06-25,d0_0900,2026-06-25T13:00:00+00:00,gfs_operational_latest,2026-06-25T06:00:00+00:00,2026-06-25T12:00:00+00:00,day_06z,86.1,86.1,,86.1,83.0,-3.0999999999999943,nws_cli_knyc,MODEL_ONLY_REPLAY,iem_nws_cli,83° to 84°,6,summer,-6.0,open-meteo:single-runs:ncep_gfs_global:operational_latest,policy=latest_available_by_latency;latency_h=6;replay_mode=MODEL_ONLY_REPLAY;residual_convention=residual_f = actual_high_f - forecast_high_f
KXHIGHNY-26JUN25,2026-06-25,d0_1200,2026-06-25T16:00:00+00:00,gfs_operational_latest,2026-06-25T06:00:00+00:00,2026-06-25T12:00:00+00:00,day_06z,86.1,86.1,,86.1,83.0,-3.0999999999999943,nws_cli_knyc,MODEL_ONLY_REPLAY,iem_nws_cli,83° to 84°,6,summer,-6.0,open-meteo:single-runs:ncep_gfs_global:operational_latest,policy=latest_available_by_latency;latency_h=6;replay_mode=MODEL_ONLY_REPLAY;residual_convention=residual_f = actual_high_f - forecast_high_f
KXHIGHNY-26JUN25,2026-06-25,d0_1500,2026-06-25T19:00:00+00:00,gfs_operational_latest,2026-06-25T06:00:00+00:00,2026-06-25T12:00:00+00:00,day_06z,86.1,86.1,,86.1,83.0,-3.0999999999999943,nws_cli_knyc,MODEL_ONLY_REPLAY,iem_nws_cli,83° to 84°,6,summer,-6.0,open-meteo:single-runs:ncep_gfs_global:operational_latest,policy=latest_available_by_latency;latency_h=6;replay_mode=MODEL_ONLY_REPLAY;residual_convention=residual_f = actual_high_f - forecast_high_f
KXHIGHNY-26JUN26,2026-06-26,dminus1_1800,2026-06-25T22:00:00+00:00,gfs_operational_latest,2026-06-25T12:00:00+00:00,2026-06-25T18:00:00+00:00,prev_12z,84.8,84.8,,84.8,80.0,-4.799999999999997,nws_cli_knyc,FULL_OPERATIONAL_REPLAY,iem_nws_cli,80° or below,6,summer,12.0,open-meteo:single-runs:ncep_gfs_global:operational_latest,policy=latest_available_by_latency;latency_h=6;replay_mode=FULL_OPERATIONAL_REPLAY;residual_convention=residual_f = actual_high_f - forecast_high_f
KXHIGHNY-26JUN26,2026-06-26,d0_0600,2026-06-26T10:00:00+00:00,gfs_operational_latest,2026-06-26T00:00:00+00:00,2026-06-26T06:00:00+00:00,day_00z,87.7,87.7,,87.7,80.0,-7.700000000000003,nws_cli_knyc,MODEL_ONLY_REPLAY,iem_nws_cli,80° or below,6,summer,0.0,open-meteo:single-runs:ncep_gfs_global:operational_latest,policy=latest_available_by_latency;latency_h=6;replay_mode=MODEL_ONLY_REPLAY;residual_convention=residual_f = actual_high_f - forecast_high_f
KXHIGHNY-26JUN26,2026-06-26,d0_0900,2026-06-26T13:00:00+00:00,gfs_operational_latest,2026-06-26T06:00:00+00:00,2026-06-26T12:00:00+00:00,day_06z,87.4,87.4,,87.4,80.0,-7.400000000000006,nws_cli_knyc,MODEL_ONLY_REPLAY,iem_nws_cli,80° or below,6,summer,-6.0,open-meteo:single-runs:ncep_gfs_global:operational_latest,policy=latest_available_by_latency;latency_h=6;replay_mode=MODEL_ONLY_REPLAY;residual_convention=residual_f = actual_high_f - forecast_high_f
KXHIGHNY-26JUN26,2026-06-26,d0_1200,2026-06-26T16:00:00+00:00,gfs_operational_latest,2026-06-26T06:00:00+00:00,2026-06-26T12:00:00+00:00,day_06z,87.4,87.4,,87.4,80.0,-7.400000000000006,nws_cli_knyc,MODEL_ONLY_REPLAY,iem_nws_cli,80° or below,6,summer,-6.0,open-meteo:single-runs:ncep_gfs_global:operational_latest,policy=latest_available_by_latency;latency_h=6;replay_mode=MODEL_ONLY_REPLAY;residual_convention=residual_f = actual_high_f - forecast_high_f
KXHIGHNY-26JUN26,2026-06-26,d0_1500,2026-06-26T19:00:00+00:00,gfs_operational_latest,2026-06-26T06:00:00+00:00,2026-06-26T12:00:00+00:00,day_06z,87.4,87.4,,87.4,80.0,-7.400000000000006,nws_cli_knyc,MODEL_ONLY_REPLAY,iem_nws_cli,80° or below,6,summer,-6.0,open-meteo:single-runs:ncep_gfs_global:operational_latest,policy=latest_available_by_latency;latency_h=6;replay_mode=MODEL_ONLY_REPLAY;residual_convention=residual_f = actual_high_f - forecast_high_f
KXHIGHNY-26JUN27,2026-06-27,dminus1_1800,2026-06-26T22:00:00+00:00,gfs_operational_latest,2026-06-26T12:00:00+00:00,2026-06-26T18:00:00+00:00,prev_12z,82.3,82.3,,82.3,78.0,-4.299999999999997,nws_cli_knyc,FULL_OPERATIONAL_REPLAY,iem_nws_cli,78° to 79°,6,summer,12.0,open-meteo:single-runs:ncep_gfs_global:operational_latest,policy=latest_available_by_latency;latency_h=6;replay_mode=FULL_OPERATIONAL_REPLAY;residual_convention=residual_f = actual_high_f - forecast_high_f
KXHIGHNY-26JUN27,2026-06-27,d0_0600,2026-06-27T10:00:00+00:00,gfs_operational_latest,2026-06-27T00:00:00+00:00,2026-06-27T06:00:00+00:00,day_00z,83.2,83.2,,83.2,78.0,-5.200000000000003,nws_cli_knyc,MODEL_ONLY_REPLAY,iem_nws_cli,78° to 79°,6,summer,0.0,open-meteo:single-runs:ncep_gfs_global:operational_latest,policy=latest_available_by_latency;latency_h=6;replay_mode=MODEL_ONLY_REPLAY;residual_convention=residual_f = actual_high_f - forecast_high_f
KXHIGHNY-26JUN27,2026-06-27,d0_0900,2026-06-27T13:00:00+00:00,gfs_operational_latest,2026-06-27T06:00:00+00:00,2026-06-27T12:00:00+00:00,day_06z,79.4,79.4,,79.4,78.0,-1.4000000000000057,nws_cli_knyc,MODEL_ONLY_REPLAY,iem_nws_cli,78° to 79°,6,summer,-6.0,open-meteo:single-runs:ncep_gfs_global:operational_latest,policy=latest_available_by_latency;latency_h=6;replay_mode=MODEL_ONLY_REPLAY;residual_convention=residual_f = actual_high_f - forecast_high_f
KXHIGHNY-26JUN27,2026-06-27,d0_1200,2026-06-27T16:00:00+00:00,gfs_operational_latest,2026-06-27T06:00:00+00:00,2026-06-27T12:00:00+00:00,day_06z,79.4,79.4,,79.4,78.0,-1.4000000000000057,nws_cli_knyc,MODEL_ONLY_REPLAY,iem_nws_cli,78° to 79°,6,summer,-6.0,open-meteo:single-runs:ncep_gfs_global:operational_latest,policy=latest_available_by_latency;latency_h=6;replay_mode=MODEL_ONLY_REPLAY;residual_convention=residual_f = actual_high_f - forecast_high_f
KXHIGHNY-26JUN27,2026-06-27,d0_1500,2026-06-27T19:00:00+00:00,gfs_operational_latest,2026-06-27T06:00:00+00:00,2026-06-27T12:00:00+00:00,day_06z,79.4,79.4,,79.4,78.0,-1.4000000000000057,nws_cli_knyc,MODEL_ONLY_REPLAY,iem_nws_cli,78° to 79°,6,summer,-6.0,open-meteo:single-runs:ncep_gfs_global:operational_latest,policy=latest_available_by_latency;latency_h=6;replay_mode=MODEL_ONLY_REPLAY;residual_convention=residual_f = actual_high_f - forecast_high_f
KXHIGHNY-26JUN28,2026-06-28,dminus1_1800,2026-06-27T22:00:00+00:00,gfs_operational_latest,2026-06-27T12:00:00+00:00,2026-06-27T18:00:00+00:00,prev_12z,85.7,85.7,,85.7,82.0,-3.700000000000003,nws_cli_knyc,FULL_OPERATIONAL_REPLAY,iem_nws_cli,81° to 82°,6,summer,12.0,open-meteo:single-runs:ncep_gfs_global:operational_latest,policy=latest_available_by_latency;latency_h=6;replay_mode=FULL_OPERATIONAL_REPLAY;residual_convention=residual_f = actual_high_f - forecast_high_f
KXHIGHNY-26JUN28,2026-06-28,d0_0600,2026-06-28T10:00:00+00:00,gfs_operational_latest,2026-06-28T00:00:00+00:00,2026-06-28T06:00:00+00:00,day_00z,87.4,87.4,,87.4,82.0,-5.400000000000006,nws_cli_knyc,MODEL_ONLY_REPLAY,iem_nws_cli,81° to 82°,6,summer,0.0,open-meteo:single-runs:ncep_gfs_global:operational_latest,policy=latest_available_by_latency;latency_h=6;replay_mode=MODEL_ONLY_REPLAY;residual_convention=residual_f = actual_high_f - forecast_high_f
KXHIGHNY-26JUN28,2026-06-28,d0_0900,2026-06-28T13:00:00+00:00,gfs_operational_latest,2026-06-28T06:00:00+00:00,2026-06-28T12:00:00+00:00,day_06z,85.9,85.9,,85.9,82.0,-3.9000000000000057,nws_cli_knyc,MODEL_ONLY_REPLAY,iem_nws_cli,81° to 82°,6,summer,-6.0,open-meteo:single-runs:ncep_gfs_global:operational_latest,policy=latest_available_by_latency;latency_h=6;replay_mode=MODEL_ONLY_REPLAY;residual_convention=residual_f = actual_high_f - forecast_high_f
KXHIGHNY-26JUN28,2026-06-28,d0_1200,2026-06-28T16:00:00+00:00,gfs_operational_latest,2026-06-28T06:00:00+00:00,2026-06-28T12:00:00+00:00,day_06z,85.9,85.9,,85.9,82.0,-3.9000000000000057,nws_cli_knyc,MODEL_ONLY_REPLAY,iem_nws_cli,81° to 82°,6,summer,-6.0,open-meteo:single-runs:ncep_gfs_global:operational_latest,policy=latest_available_by_latency;latency_h=6;replay_mode=MODEL_ONLY_REPLAY;residual_convention=residual_f = actual_high_f - forecast_high_f
KXHIGHNY-26JUN28,2026-06-28,d0_1500,2026-06-28T19:00:00+00:00,gfs_operational_latest,2026-06-28T06:00:00+00:00,2026-06-28T12:00:00+00:00,day_06z,85.9,85.9,,85.9,82.0,-3.9000000000000057,nws_cli_knyc,MODEL_ONLY_REPLAY,iem_nws_cli,81° to 82°,6,summer,-6.0,open-meteo:single-runs:ncep_gfs_global:operational_latest,policy=latest_available_by_latency;latency_h=6;replay_mode=MODEL_ONLY_REPLAY;residual_convention=residual_f = actual_high_f - forecast_high_f
KXHIGHNY-26JUN29,2026-06-29,dminus1_1800,2026-06-28T22:00:00+00:00,gfs_operational_latest,2026-06-28T12:00:00+00:00,2026-06-28T18:00:00+00:00,prev_12z,91.3,91.3,,91.3,88.0,-3.299999999999997,nws_cli_knyc,FULL_OPERATIONAL_REPLAY,iem_nws_cli,87° or above,6,summer,12.0,open-meteo:single-runs:ncep_gfs_global:operational_latest,policy=latest_available_by_latency;latency_h=6;replay_mode=FULL_OPERATIONAL_REPLAY;residual_convention=residual_f = actual_high_f - forecast_high_f
KXHIGHNY-26JUN29,2026-06-29,d0_0600,2026-06-29T10:00:00+00:00,gfs_operational_latest,2026-06-29T00:00:00+00:00,2026-06-29T06:00:00+00:00,day_00z,90.6,90.6,,90.6,88.0,-2.5999999999999943,nws_cli_knyc,MODEL_ONLY_REPLAY,iem_nws_cli,87° or above,6,summer,0.0,open-meteo:single-runs:ncep_gfs_global:operational_latest,policy=latest_available_by_latency;latency_h=6;replay_mode=MODEL_ONLY_REPLAY;residual_convention=residual_f = actual_high_f - forecast_high_f
KXHIGHNY-26JUN29,2026-06-29,d0_0900,2026-06-29T13:00:00+00:00,gfs_operational_latest,2026-06-29T06:00:00+00:00,2026-06-29T12:00:00+00:00,day_06z,92.0,92.0,,92.0,88.0,-4.0,nws_cli_knyc,MODEL_ONLY_REPLAY,iem_nws_cli,87° or above,6,summer,-6.0,open-meteo:single-runs:ncep_gfs_global:operational_latest,policy=latest_available_by_latency;latency_h=6;replay_mode=MODEL_ONLY_REPLAY;residual_convention=residual_f = actual_high_f - forecast_high_f
KXHIGHNY-26JUN29,2026-06-29,d0_1200,2026-06-29T16:00:00+00:00,gfs_operational_latest,2026-06-29T06:00:00+00:00,2026-06-29T12:00:00+00:00,day_06z,92.0,92.0,,92.0,88.0,-4.0,nws_cli_knyc,MODEL_ONLY_REPLAY,iem_nws_cli,87° or above,6,summer,-6.0,open-meteo:single-runs:ncep_gfs_global:operational_latest,policy=latest_available_by_latency;latency_h=6;replay_mode=MODEL_ONLY_REPLAY;residual_convention=residual_f = actual_high_f - forecast_high_f
KXHIGHNY-26JUN29,2026-06-29,d0_1500,2026-06-29T19:00:00+00:00,gfs_operational_latest,2026-06-29T06:00:00+00:00,2026-06-29T12:00:00+00:00,day_06z,92.0,92.0,,92.0,88.0,-4.0,nws_cli_knyc,MODEL_ONLY_REPLAY,iem_nws_cli,87° or above,6,summer,-6.0,open-meteo:single-runs:ncep_gfs_global:operational_latest,policy=latest_available_by_latency;latency_h=6;replay_mode=MODEL_ONLY_REPLAY;residual_convention=residual_f = actual_high_f - forecast_high_f
KXHIGHNY-26JUN30,2026-06-30,dminus1_1800,2026-06-29T22:00:00+00:00,gfs_operational_latest,2026-06-29T12:00:00+00:00,2026-06-29T18:00:00+00:00,prev_12z,93.7,93.7,,93.7,87.0,-6.700000000000003,nws_cli_knyc,FULL_OPERATIONAL_REPLAY,iem_nws_cli,87° to 88°,6,summer,12.0,open-meteo:single-runs:ncep_gfs_global:operational_latest,policy=latest_available_by_latency;latency_h=6;replay_mode=FULL_OPERATIONAL_REPLAY;residual_convention=residual_f = actual_high_f - forecast_high_f
KXHIGHNY-26JUN30,2026-06-30,d0_0600,2026-06-30T10:00:00+00:00,gfs_operational_latest,2026-06-30T00:00:00+00:00,2026-06-30T06:00:00+00:00,day_00z,92.4,92.4,,92.4,87.0,-5.400000000000006,nws_cli_knyc,MODEL_ONLY_REPLAY,iem_nws_cli,87° to 88°,6,summer,0.0,open-meteo:single-runs:ncep_gfs_global:operational_latest,policy=latest_available_by_latency;latency_h=6;replay_mode=MODEL_ONLY_REPLAY;residual_convention=residual_f = actual_high_f - forecast_high_f
KXHIGHNY-26JUN30,2026-06-30,d0_0900,2026-06-30T13:00:00+00:00,gfs_operational_latest,2026-06-30T06:00:00+00:00,2026-06-30T12:00:00+00:00,day_06z,92.9,92.9,,92.9,87.0,-5.900000000000006,nws_cli_knyc,MODEL_ONLY_REPLAY,iem_nws_cli,87° to 88°,6,summer,-6.0,open-meteo:single-runs:ncep_gfs_global:operational_latest,policy=latest_available_by_latency;latency_h=6;replay_mode=MODEL_ONLY_REPLAY;residual_convention=residual_f = actual_high_f - forecast_high_f
KXHIGHNY-26JUN30,2026-06-30,d0_1200,2026-06-30T16:00:00+00:00,gfs_operational_latest,2026-06-30T06:00:00+00:00,2026-06-30T12:00:00+00:00,day_06z,92.9,92.9,,92.9,87.0,-5.900000000000006,nws_cli_knyc,MODEL_ONLY_REPLAY,iem_nws_cli,87° to 88°,6,summer,-6.0,open-meteo:single-runs:ncep_gfs_global:operational_latest,policy=latest_available_by_latency;latency_h=6;replay_mode=MODEL_ONLY_REPLAY;residual_convention=residual_f = actual_high_f - forecast_high_f
KXHIGHNY-26JUN30,2026-06-30,d0_1500,2026-06-30T19:00:00+00:00,gfs_operational_latest,2026-06-30T06:00:00+00:00,2026-06-30T12:00:00+00:00,day_06z,92.9,92.9,,92.9,87.0,-5.900000000000006,nws_cli_knyc,MODEL_ONLY_REPLAY,iem_nws_cli,87° to 88°,6,summer,-6.0,open-meteo:single-runs:ncep_gfs_global:operational_latest,policy=latest_available_by_latency;latency_h=6;replay_mode=MODEL_ONLY_REPLAY;residual_convention=residual_f = actual_high_f - forecast_high_f
KXHIGHNY-26JUL01,2026-07-01,dminus1_1800,2026-06-30T22:00:00+00:00,gfs_operational_latest,2026-06-30T12:00:00+00:00,2026-06-30T18:00:00+00:00,prev_12z,100.7,100.7,,100.7,93.0,-7.700000000000003,nws_cli_knyc,FULL_OPERATIONAL_REPLAY,iem_nws_cli,92° to 93°,7,summer,12.0,open-meteo:single-runs:ncep_gfs_global:operational_latest,policy=latest_available_by_latency;latency_h=6;replay_mode=FULL_OPERATIONAL_REPLAY;residual_convention=residual_f = actual_high_f - forecast_high_f
KXHIGHNY-26JUL01,2026-07-01,d0_0600,2026-07-01T10:00:00+00:00,gfs_operational_latest,2026-07-01T00:00:00+00:00,2026-07-01T06:00:00+00:00,day_00z,98.0,98.0,,98.0,93.0,-5.0,nws_cli_knyc,MODEL_ONLY_REPLAY,iem_nws_cli,92° to 93°,7,summer,0.0,open-meteo:single-runs:ncep_gfs_global:operational_latest,policy=latest_available_by_latency;latency_h=6;replay_mode=MODEL_ONLY_REPLAY;residual_convention=residual_f = actual_high_f - forecast_high_f
KXHIGHNY-26JUL01,2026-07-01,d0_0900,2026-07-01T13:00:00+00:00,gfs_operational_latest,2026-07-01T06:00:00+00:00,2026-07-01T12:00:00+00:00,day_06z,98.3,98.3,,98.3,93.0,-5.299999999999997,nws_cli_knyc,MODEL_ONLY_REPLAY,iem_nws_cli,92° to 93°,7,summer,-6.0,open-meteo:single-runs:ncep_gfs_global:operational_latest,policy=latest_available_by_latency;latency_h=6;replay_mode=MODEL_ONLY_REPLAY;residual_convention=residual_f = actual_high_f - forecast_high_f
KXHIGHNY-26JUL01,2026-07-01,d0_1200,2026-07-01T16:00:00+00:00,gfs_operational_latest,2026-07-01T06:00:00+00:00,2026-07-01T12:00:00+00:00,day_06z,98.3,98.3,,98.3,93.0,-5.299999999999997,nws_cli_knyc,MODEL_ONLY_REPLAY,iem_nws_cli,92° to 93°,7,summer,-6.0,open-meteo:single-runs:ncep_gfs_global:operational_latest,policy=latest_available_by_latency;latency_h=6;replay_mode=MODEL_ONLY_REPLAY;residual_convention=residual_f = actual_high_f - forecast_high_f
KXHIGHNY-26JUL01,2026-07-01,d0_1500,2026-07-01T19:00:00+00:00,gfs_operational_latest,2026-07-01T06:00:00+00:00,2026-07-01T12:00:00+00:00,day_06z,98.3,98.3,,98.3,93.0,-5.299999999999997,nws_cli_knyc,MODEL_ONLY_REPLAY,iem_nws_cli,92° to 93°,7,summer,-6.0,open-meteo:single-runs:ncep_gfs_global:operational_latest,policy=latest_available_by_latency;latency_h=6;replay_mode=MODEL_ONLY_REPLAY;residual_convention=residual_f = actual_high_f - forecast_high_f
KXHIGHNY-26JUL02,2026-07-02,dminus1_1800,2026-07-01T22:00:00+00:00,gfs_operational_latest,2026-07-01T12:00:00+00:00,2026-07-01T18:00:00+00:00,prev_12z,105.5,105.5,,105.5,100.0,-5.5,nws_cli_knyc,FULL_OPERATIONAL_REPLAY,iem_nws_cli,99° to 100°,7,summer,12.0,open-meteo:single-runs:ncep_gfs_global:operational_latest,policy=latest_available_by_latency;latency_h=6;replay_mode=FULL_OPERATIONAL_REPLAY;residual_convention=residual_f = actual_high_f - forecast_high_f
KXHIGHNY-26JUL02,2026-07-02,d0_0600,2026-07-02T10:00:00+00:00,gfs_operational_latest,2026-07-02T00:00:00+00:00,2026-07-02T06:00:00+00:00,day_00z,105.4,105.4,,105.4,100.0,-5.400000000000006,nws_cli_knyc,MODEL_ONLY_REPLAY,iem_nws_cli,99° to 100°,7,summer,0.0,open-meteo:single-runs:ncep_gfs_global:operational_latest,policy=latest_available_by_latency;latency_h=6;replay_mode=MODEL_ONLY_REPLAY;residual_convention=residual_f = actual_high_f - forecast_high_f
KXHIGHNY-26JUL02,2026-07-02,d0_0900,2026-07-02T13:00:00+00:00,gfs_operational_latest,2026-07-02T06:00:00+00:00,2026-07-02T12:00:00+00:00,day_06z,104.8,104.8,,104.8,100.0,-4.799999999999997,nws_cli_knyc,MODEL_ONLY_REPLAY,iem_nws_cli,99° to 100°,7,summer,-6.0,open-meteo:single-runs:ncep_gfs_global:operational_latest,policy=latest_available_by_latency;latency_h=6;replay_mode=MODEL_ONLY_REPLAY;residual_convention=residual_f = actual_high_f - forecast_high_f
KXHIGHNY-26JUL02,2026-07-02,d0_1200,2026-07-02T16:00:00+00:00,gfs_operational_latest,2026-07-02T06:00:00+00:00,2026-07-02T12:00:00+00:00,day_06z,104.8,104.8,,104.8,100.0,-4.799999999999997,nws_cli_knyc,MODEL_ONLY_REPLAY,iem_nws_cli,99° to 100°,7,summer,-6.0,open-meteo:single-runs:ncep_gfs_global:operational_latest,policy=latest_available_by_latency;latency_h=6;replay_mode=MODEL_ONLY_REPLAY;residual_convention=residual_f = actual_high_f - forecast_high_f
KXHIGHNY-26JUL02,2026-07-02,d0_1500,2026-07-02T19:00:00+00:00,gfs_operational_latest,2026-07-02T06:00:00+00:00,2026-07-02T12:00:00+00:00,day_06z,104.8,104.8,,104.8,100.0,-4.799999999999997,nws_cli_knyc,MODEL_ONLY_REPLAY,iem_nws_cli,99° to 100°,7,summer,-6.0,open-meteo:single-runs:ncep_gfs_global:operational_latest,policy=latest_available_by_latency;latency_h=6;replay_mode=MODEL_ONLY_REPLAY;residual_convention=residual_f = actual_high_f - forecast_high_f
KXHIGHNY-26JUL03,2026-07-03,dminus1_1800,2026-07-02T22:00:00+00:00,gfs_operational_latest,2026-07-02T12:00:00+00:00,2026-07-02T18:00:00+00:00,prev_12z,105.0,105.0,,105.0,98.0,-7.0,nws_cli_knyc,FULL_OPERATIONAL_REPLAY,iem_nws_cli,98° to 99°,7,summer,12.0,open-meteo:single-runs:ncep_gfs_global:operational_latest,policy=latest_available_by_latency;latency_h=6;replay_mode=FULL_OPERATIONAL_REPLAY;residual_convention=residual_f = actual_high_f - forecast_high_f
KXHIGHNY-26JUL03,2026-07-03,d0_0600,2026-07-03T10:00:00+00:00,gfs_operational_latest,2026-07-03T00:00:00+00:00,2026-07-03T06:00:00+00:00,day_00z,104.3,104.3,,104.3,98.0,-6.299999999999997,nws_cli_knyc,MODEL_ONLY_REPLAY,iem_nws_cli,98° to 99°,7,summer,0.0,open-meteo:single-runs:ncep_gfs_global:operational_latest,policy=latest_available_by_latency;latency_h=6;replay_mode=MODEL_ONLY_REPLAY;residual_convention=residual_f = actual_high_f - forecast_high_f
KXHIGHNY-26JUL03,2026-07-03,d0_0900,2026-07-03T13:00:00+00:00,gfs_operational_latest,2026-07-03T06:00:00+00:00,2026-07-03T12:00:00+00:00,day_06z,104.8,104.8,,104.8,98.0,-6.799999999999997,nws_cli_knyc,MODEL_ONLY_REPLAY,iem_nws_cli,98° to 99°,7,summer,-6.0,open-meteo:single-runs:ncep_gfs_global:operational_latest,policy=latest_available_by_latency;latency_h=6;replay_mode=MODEL_ONLY_REPLAY;residual_convention=residual_f = actual_high_f - forecast_high_f
KXHIGHNY-26JUL03,2026-07-03,d0_1200,2026-07-03T16:00:00+00:00,gfs_operational_latest,2026-07-03T06:00:00+00:00,2026-07-03T12:00:00+00:00,day_06z,104.8,104.8,,104.8,98.0,-6.799999999999997,nws_cli_knyc,MODEL_ONLY_REPLAY,iem_nws_cli,98° to 99°,7,summer,-6.0,open-meteo:single-runs:ncep_gfs_global:operational_latest,policy=latest_available_by_latency;latency_h=6;replay_mode=MODEL_ONLY_REPLAY;residual_convention=residual_f = actual_high_f - forecast_high_f
KXHIGHNY-26JUL03,2026-07-03,d0_1500,2026-07-03T19:00:00+00:00,gfs_operational_latest,2026-07-03T06:00:00+00:00,2026-07-03T12:00:00+00:00,day_06z,104.8,104.8,,104.8,98.0,-6.799999999999997,nws_cli_knyc,MODEL_ONLY_REPLAY,iem_nws_cli,98° to 99°,7,summer,-6.0,open-meteo:single-runs:ncep_gfs_global:operational_latest,policy=latest_available_by_latency;latency_h=6;replay_mode=MODEL_ONLY_REPLAY;residual_convention=residual_f = actual_high_f - forecast_high_f
KXHIGHNY-26JUL04,2026-07-04,dminus1_1800,2026-07-03T22:00:00+00:00,gfs_operational_latest,2026-07-03T12:00:00+00:00,2026-07-03T18:00:00+00:00,prev_12z,101.8,101.8,,101.8,94.0,-7.799999999999997,nws_cli_knyc,FULL_OPERATIONAL_REPLAY,iem_nws_cli,97° or below,7,summer,12.0,open-meteo:single-runs:ncep_gfs_global:operational_latest,policy=latest_available_by_latency;latency_h=6;replay_mode=FULL_OPERATIONAL_REPLAY;residual_convention=residual_f = actual_high_f - forecast_high_f
KXHIGHNY-26JUL04,2026-07-04,d0_0600,2026-07-04T10:00:00+00:00,gfs_operational_latest,2026-07-04T00:00:00+00:00,2026-07-04T06:00:00+00:00,day_00z,103.0,103.0,,103.0,94.0,-9.0,nws_cli_knyc,MODEL_ONLY_REPLAY,iem_nws_cli,97° or below,7,summer,0.0,open-meteo:single-runs:ncep_gfs_global:operational_latest,policy=latest_available_by_latency;latency_h=6;replay_mode=MODEL_ONLY_REPLAY;residual_convention=residual_f = actual_high_f - forecast_high_f
KXHIGHNY-26JUL04,2026-07-04,d0_0900,2026-07-04T13:00:00+00:00,gfs_operational_latest,2026-07-04T06:00:00+00:00,2026-07-04T12:00:00+00:00,day_06z,103.4,103.4,,103.4,94.0,-9.400000000000006,nws_cli_knyc,MODEL_ONLY_REPLAY,iem_nws_cli,97° or below,7,summer,-6.0,open-meteo:single-runs:ncep_gfs_global:operational_latest,policy=latest_available_by_latency;latency_h=6;replay_mode=MODEL_ONLY_REPLAY;residual_convention=residual_f = actual_high_f - forecast_high_f
KXHIGHNY-26JUL04,2026-07-04,d0_1200,2026-07-04T16:00:00+00:00,gfs_operational_latest,2026-07-04T06:00:00+00:00,2026-07-04T12:00:00+00:00,day_06z,103.4,103.4,,103.4,94.0,-9.400000000000006,nws_cli_knyc,MODEL_ONLY_REPLAY,iem_nws_cli,97° or below,7,summer,-6.0,open-meteo:single-runs:ncep_gfs_global:operational_latest,policy=latest_available_by_latency;latency_h=6;replay_mode=MODEL_ONLY_REPLAY;residual_convention=residual_f = actual_high_f - forecast_high_f
KXHIGHNY-26JUL04,2026-07-04,d0_1500,2026-07-04T19:00:00+00:00,gfs_operational_latest,2026-07-04T06:00:00+00:00,2026-07-04T12:00:00+00:00,day_06z,103.4,103.4,,103.4,94.0,-9.400000000000006,nws_cli_knyc,MODEL_ONLY_REPLAY,iem_nws_cli,97° or below,7,summer,-6.0,open-meteo:single-runs:ncep_gfs_global:operational_latest,policy=latest_available_by_latency;latency_h=6;replay_mode=MODEL_ONLY_REPLAY;residual_convention=residual_f = actual_high_f - forecast_high_f
KXHIGHNY-26JUL05,2026-07-05,dminus1_1800,2026-07-04T22:00:00+00:00,gfs_operational_latest,2026-07-04T12:00:00+00:00,2026-07-04T18:00:00+00:00,prev_12z,88.6,88.6,,88.6,81.0,-7.599999999999994,nws_cli_knyc,FULL_OPERATIONAL_REPLAY,iem_nws_cli,83° or below,7,summer,12.0,open-meteo:single-runs:ncep_gfs_global:operational_latest,policy=latest_available_by_latency;latency_h=6;replay_mode=FULL_OPERATIONAL_REPLAY;residual_convention=residual_f = actual_high_f - forecast_high_f
KXHIGHNY-26JUL05,2026-07-05,d0_0600,2026-07-05T10:00:00+00:00,gfs_operational_latest,2026-07-05T00:00:00+00:00,2026-07-05T06:00:00+00:00,day_00z,88.4,88.4,,88.4,81.0,-7.400000000000006,nws_cli_knyc,MODEL_ONLY_REPLAY,iem_nws_cli,83° or below,7,summer,0.0,open-meteo:single-runs:ncep_gfs_global:operational_latest,policy=latest_available_by_latency;latency_h=6;replay_mode=MODEL_ONLY_REPLAY;residual_convention=residual_f = actual_high_f - forecast_high_f
KXHIGHNY-26JUL05,2026-07-05,d0_0900,2026-07-05T13:00:00+00:00,gfs_operational_latest,2026-07-05T06:00:00+00:00,2026-07-05T12:00:00+00:00,day_06z,87.2,87.2,,87.2,81.0,-6.200000000000003,nws_cli_knyc,MODEL_ONLY_REPLAY,iem_nws_cli,83° or below,7,summer,-6.0,open-meteo:single-runs:ncep_gfs_global:operational_latest,policy=latest_available_by_latency;latency_h=6;replay_mode=MODEL_ONLY_REPLAY;residual_convention=residual_f = actual_high_f - forecast_high_f
KXHIGHNY-26JUL05,2026-07-05,d0_1200,2026-07-05T16:00:00+00:00,gfs_operational_latest,2026-07-05T06:00:00+00:00,2026-07-05T12:00:00+00:00,day_06z,87.2,87.2,,87.2,81.0,-6.200000000000003,nws_cli_knyc,MODEL_ONLY_REPLAY,iem_nws_cli,83° or below,7,summer,-6.0,open-meteo:single-runs:ncep_gfs_global:operational_latest,policy=latest_available_by_latency;latency_h=6;replay_mode=MODEL_ONLY_REPLAY;residual_convention=residual_f = actual_high_f - forecast_high_f
KXHIGHNY-26JUL05,2026-07-05,d0_1500,2026-07-05T19:00:00+00:00,gfs_operational_latest,2026-07-05T06:00:00+00:00,2026-07-05T12:00:00+00:00,day_06z,87.2,87.2,,87.2,81.0,-6.200000000000003,nws_cli_knyc,MODEL_ONLY_REPLAY,iem_nws_cli,83° or below,7,summer,-6.0,open-meteo:single-runs:ncep_gfs_global:operational_latest,policy=latest_available_by_latency;latency_h=6;replay_mode=MODEL_ONLY_REPLAY;residual_convention=residual_f = actual_high_f - forecast_high_f
KXHIGHNY-26JUL06,2026-07-06,dminus1_1800,2026-07-05T22:00:00+00:00,gfs_operational_latest,2026-07-05T12:00:00+00:00,2026-07-05T18:00:00+00:00,prev_12z,74.6,74.6,,74.6,69.0,-5.599999999999994,nws_cli_knyc,FULL_OPERATIONAL_REPLAY,iem_nws_cli,74° or below,7,summer,12.0,open-meteo:single-runs:ncep_gfs_global:operational_latest,policy=latest_available_by_latency;latency_h=6;replay_mode=FULL_OPERATIONAL_REPLAY;residual_convention=residual_f = actual_high_f - forecast_high_f
KXHIGHNY-26JUL06,2026-07-06,d0_0600,2026-07-06T10:00:00+00:00,gfs_operational_latest,2026-07-06T00:00:00+00:00,2026-07-06T06:00:00+00:00,day_00z,74.6,74.6,,74.6,69.0,-5.599999999999994,nws_cli_knyc,MODEL_ONLY_REPLAY,iem_nws_cli,74° or below,7,summer,0.0,open-meteo:single-runs:ncep_gfs_global:operational_latest,policy=latest_available_by_latency;latency_h=6;replay_mode=MODEL_ONLY_REPLAY;residual_convention=residual_f = actual_high_f - forecast_high_f
KXHIGHNY-26JUL06,2026-07-06,d0_0900,2026-07-06T13:00:00+00:00,gfs_operational_latest,2026-07-06T06:00:00+00:00,2026-07-06T12:00:00+00:00,day_06z,72.8,72.8,,72.8,69.0,-3.799999999999997,nws_cli_knyc,MODEL_ONLY_REPLAY,iem_nws_cli,74° or below,7,summer,-6.0,open-meteo:single-runs:ncep_gfs_global:operational_latest,policy=latest_available_by_latency;latency_h=6;replay_mode=MODEL_ONLY_REPLAY;residual_convention=residual_f = actual_high_f - forecast_high_f
KXHIGHNY-26JUL06,2026-07-06,d0_1200,2026-07-06T16:00:00+00:00,gfs_operational_latest,2026-07-06T06:00:00+00:00,2026-07-06T12:00:00+00:00,day_06z,72.8,72.8,,72.8,69.0,-3.799999999999997,nws_cli_knyc,MODEL_ONLY_REPLAY,iem_nws_cli,74° or below,7,summer,-6.0,open-meteo:single-runs:ncep_gfs_global:operational_latest,policy=latest_available_by_latency;latency_h=6;replay_mode=MODEL_ONLY_REPLAY;residual_convention=residual_f = actual_high_f - forecast_high_f
KXHIGHNY-26JUL06,2026-07-06,d0_1500,2026-07-06T19:00:00+00:00,gfs_operational_latest,2026-07-06T06:00:00+00:00,2026-07-06T12:00:00+00:00,day_06z,72.8,72.8,,72.8,69.0,-3.799999999999997,nws_cli_knyc,MODEL_ONLY_REPLAY,iem_nws_cli,74° or below,7,summer,-6.0,open-meteo:single-runs:ncep_gfs_global:operational_latest,policy=latest_available_by_latency;latency_h=6;replay_mode=MODEL_ONLY_REPLAY;residual_convention=residual_f = actual_high_f - forecast_high_f
KXHIGHNY-26JUL07,2026-07-07,dminus1_1800,2026-07-06T22:00:00+00:00,gfs_operational_latest,2026-07-06T12:00:00+00:00,2026-07-06T18:00:00+00:00,prev_12z,67.7,67.7,,67.7,70.0,2.299999999999997,nws_cli_knyc,FULL_OPERATIONAL_REPLAY,iem_nws_cli,74° or below,7,summer,12.0,open-meteo:single-runs:ncep_gfs_global:operational_latest,policy=latest_available_by_latency;latency_h=6;replay_mode=FULL_OPERATIONAL_REPLAY;residual_convention=residual_f = actual_high_f - forecast_high_f
KXHIGHNY-26JUL07,2026-07-07,d0_0600,2026-07-07T10:00:00+00:00,gfs_operational_latest,2026-07-07T00:00:00+00:00,2026-07-07T06:00:00+00:00,day_00z,69.7,69.7,,69.7,70.0,0.29999999999999716,nws_cli_knyc,MODEL_ONLY_REPLAY,iem_nws_cli,74° or below,7,summer,0.0,open-meteo:single-runs:ncep_gfs_global:operational_latest,policy=latest_available_by_latency;latency_h=6;replay_mode=MODEL_ONLY_REPLAY;residual_convention=residual_f = actual_high_f - forecast_high_f
KXHIGHNY-26JUL07,2026-07-07,d0_0900,2026-07-07T13:00:00+00:00,gfs_operational_latest,2026-07-07T06:00:00+00:00,2026-07-07T12:00:00+00:00,day_06z,69.0,69.0,,69.0,70.0,1.0,nws_cli_knyc,MODEL_ONLY_REPLAY,iem_nws_cli,74° or below,7,summer,-6.0,open-meteo:single-runs:ncep_gfs_global:operational_latest,policy=latest_available_by_latency;latency_h=6;replay_mode=MODEL_ONLY_REPLAY;residual_convention=residual_f = actual_high_f - forecast_high_f
KXHIGHNY-26JUL07,2026-07-07,d0_1200,2026-07-07T16:00:00+00:00,gfs_operational_latest,2026-07-07T06:00:00+00:00,2026-07-07T12:00:00+00:00,day_06z,69.0,69.0,,69.0,70.0,1.0,nws_cli_knyc,MODEL_ONLY_REPLAY,iem_nws_cli,74° or below,7,summer,-6.0,open-meteo:single-runs:ncep_gfs_global:operational_latest,policy=latest_available_by_latency;latency_h=6;replay_mode=MODEL_ONLY_REPLAY;residual_convention=residual_f = actual_high_f - forecast_high_f
KXHIGHNY-26JUL07,2026-07-07,d0_1500,2026-07-07T19:00:00+00:00,gfs_operational_latest,2026-07-07T06:00:00+00:00,2026-07-07T12:00:00+00:00,day_06z,69.0,69.0,,69.0,70.0,1.0,nws_cli_knyc,MODEL_ONLY_REPLAY,iem_nws_cli,74° or below,7,summer,-6.0,open-meteo:single-runs:ncep_gfs_global:operational_latest,policy=latest_available_by_latency;latency_h=6;replay_mode=MODEL_ONLY_REPLAY;residual_convention=residual_f = actual_high_f - forecast_high_f
KXHIGHNY-26JUL08,2026-07-08,dminus1_1800,2026-07-07T22:00:00+00:00,gfs_operational_latest,2026-07-07T12:00:00+00:00,2026-07-07T18:00:00+00:00,prev_12z,87.2,87.2,,87.2,85.0,-2.200000000000003,nws_cli_knyc,FULL_OPERATIONAL_REPLAY,iem_nws_cli,84° or above,7,summer,12.0,open-meteo:single-runs:ncep_gfs_global:operational_latest,policy=latest_available_by_latency;latency_h=6;replay_mode=FULL_OPERATIONAL_REPLAY;residual_convention=residual_f = actual_high_f - forecast_high_f
KXHIGHNY-26JUL08,2026-07-08,d0_0600,2026-07-08T10:00:00+00:00,gfs_operational_latest,2026-07-08T00:00:00+00:00,2026-07-08T06:00:00+00:00,day_00z,88.4,88.4,,88.4,85.0,-3.4000000000000057,nws_cli_knyc,MODEL_ONLY_REPLAY,iem_nws_cli,84° or above,7,summer,0.0,open-meteo:single-runs:ncep_gfs_global:operational_latest,policy=latest_available_by_latency;latency_h=6;replay_mode=MODEL_ONLY_REPLAY;residual_convention=residual_f = actual_high_f - forecast_high_f
KXHIGHNY-26JUL08,2026-07-08,d0_0900,2026-07-08T13:00:00+00:00,gfs_operational_latest,2026-07-08T06:00:00+00:00,2026-07-08T12:00:00+00:00,day_06z,88.6,88.6,,88.6,85.0,-3.5999999999999943,nws_cli_knyc,MODEL_ONLY_REPLAY,iem_nws_cli,84° or above,7,summer,-6.0,open-meteo:single-runs:ncep_gfs_global:operational_latest,policy=latest_available_by_latency;latency_h=6;replay_mode=MODEL_ONLY_REPLAY;residual_convention=residual_f = actual_high_f - forecast_high_f
KXHIGHNY-26JUL08,2026-07-08,d0_1200,2026-07-08T16:00:00+00:00,gfs_operational_latest,2026-07-08T06:00:00+00:00,2026-07-08T12:00:00+00:00,day_06z,88.6,88.6,,88.6,85.0,-3.5999999999999943,nws_cli_knyc,MODEL_ONLY_REPLAY,iem_nws_cli,84° or above,7,summer,-6.0,open-meteo:single-runs:ncep_gfs_global:operational_latest,policy=latest_available_by_latency;latency_h=6;replay_mode=MODEL_ONLY_REPLAY;residual_convention=residual_f = actual_high_f - forecast_high_f
KXHIGHNY-26JUL08,2026-07-08,d0_1500,2026-07-08T19:00:00+00:00,gfs_operational_latest,2026-07-08T06:00:00+00:00,2026-07-08T12:00:00+00:00,day_06z,88.6,88.6,,88.6,85.0,-3.5999999999999943,nws_cli_knyc,MODEL_ONLY_REPLAY,iem_nws_cli,84° or above,7,summer,-6.0,open-meteo:single-runs:ncep_gfs_global:operational_latest,policy=latest_available_by_latency;latency_h=6;replay_mode=MODEL_ONLY_REPLAY;residual_convention=residual_f = actual_high_f - forecast_high_f
KXHIGHNY-26JUL09,2026-07-09,dminus1_1800,2026-07-08T22:00:00+00:00,gfs_operational_latest,2026-07-08T12:00:00+00:00,2026-07-08T18:00:00+00:00,prev_12z,86.3,86.3,,86.3,82.0,-4.299999999999997,nws_cli_knyc,FULL_OPERATIONAL_REPLAY,iem_nws_cli,82° or below,7,summer,12.0,open-meteo:single-runs:ncep_gfs_global:operational_latest,policy=latest_available_by_latency;latency_h=6;replay_mode=FULL_OPERATIONAL_REPLAY;residual_convention=residual_f = actual_high_f - forecast_high_f
KXHIGHNY-26JUL09,2026-07-09,d0_0600,2026-07-09T10:00:00+00:00,gfs_operational_latest,2026-07-09T00:00:00+00:00,2026-07-09T06:00:00+00:00,day_00z,91.1,91.1,,91.1,82.0,-9.099999999999994,nws_cli_knyc,MODEL_ONLY_REPLAY,iem_nws_cli,82° or below,7,summer,0.0,open-meteo:single-runs:ncep_gfs_global:operational_latest,policy=latest_available_by_latency;latency_h=6;replay_mode=MODEL_ONLY_REPLAY;residual_convention=residual_f = actual_high_f - forecast_high_f
KXHIGHNY-26JUL09,2026-07-09,d0_0900,2026-07-09T13:00:00+00:00,gfs_operational_latest,2026-07-09T06:00:00+00:00,2026-07-09T12:00:00+00:00,day_06z,87.9,87.9,,87.9,82.0,-5.900000000000006,nws_cli_knyc,MODEL_ONLY_REPLAY,iem_nws_cli,82° or below,7,summer,-6.0,open-meteo:single-runs:ncep_gfs_global:operational_latest,policy=latest_available_by_latency;latency_h=6;replay_mode=MODEL_ONLY_REPLAY;residual_convention=residual_f = actual_high_f - forecast_high_f
KXHIGHNY-26JUL09,2026-07-09,d0_1200,2026-07-09T16:00:00+00:00,gfs_operational_latest,2026-07-09T06:00:00+00:00,2026-07-09T12:00:00+00:00,day_06z,87.9,87.9,,87.9,82.0,-5.900000000000006,nws_cli_knyc,MODEL_ONLY_REPLAY,iem_nws_cli,82° or below,7,summer,-6.0,open-meteo:single-runs:ncep_gfs_global:operational_latest,policy=latest_available_by_latency;latency_h=6;replay_mode=MODEL_ONLY_REPLAY;residual_convention=residual_f = actual_high_f - forecast_high_f
KXHIGHNY-26JUL09,2026-07-09,d0_1500,2026-07-09T19:00:00+00:00,gfs_operational_latest,2026-07-09T06:00:00+00:00,2026-07-09T12:00:00+00:00,day_06z,87.9,87.9,,87.9,82.0,-5.900000000000006,nws_cli_knyc,MODEL_ONLY_REPLAY,iem_nws_cli,82° or below,7,summer,-6.0,open-meteo:single-runs:ncep_gfs_global:operational_latest,policy=latest_available_by_latency;latency_h=6;replay_mode=MODEL_ONLY_REPLAY;residual_convention=residual_f = actual_high_f - forecast_high_f
KXHIGHNY-26JUL10,2026-07-10,dminus1_1800,2026-07-09T22:00:00+00:00,gfs_operational_latest,2026-07-09T12:00:00+00:00,2026-07-09T18:00:00+00:00,prev_12z,91.5,91.5,,91.5,85.0,-6.5,nws_cli_knyc,FULL_OPERATIONAL_REPLAY,iem_nws_cli,86° or below,7,summer,12.0,open-meteo:single-runs:ncep_gfs_global:operational_latest,policy=latest_available_by_latency;latency_h=6;replay_mode=FULL_OPERATIONAL_REPLAY;residual_convention=residual_f = actual_high_f - forecast_high_f
KXHIGHNY-26JUL10,2026-07-10,d0_0600,2026-07-10T10:00:00+00:00,gfs_operational_latest,2026-07-10T00:00:00+00:00,2026-07-10T06:00:00+00:00,day_00z,91.9,91.9,,91.9,85.0,-6.900000000000006,nws_cli_knyc,MODEL_ONLY_REPLAY,iem_nws_cli,86° or below,7,summer,0.0,open-meteo:single-runs:ncep_gfs_global:operational_latest,policy=latest_available_by_latency;latency_h=6;replay_mode=MODEL_ONLY_REPLAY;residual_convention=residual_f = actual_high_f - forecast_high_f
KXHIGHNY-26JUL10,2026-07-10,d0_0900,2026-07-10T13:00:00+00:00,gfs_operational_latest,2026-07-10T06:00:00+00:00,2026-07-10T12:00:00+00:00,day_06z,90.8,90.8,,90.8,85.0,-5.799999999999997,nws_cli_knyc,MODEL_ONLY_REPLAY,iem_nws_cli,86° or below,7,summer,-6.0,open-meteo:single-runs:ncep_gfs_global:operational_latest,policy=latest_available_by_latency;latency_h=6;replay_mode=MODEL_ONLY_REPLAY;residual_convention=residual_f = actual_high_f - forecast_high_f
KXHIGHNY-26JUL10,2026-07-10,d0_1200,2026-07-10T16:00:00+00:00,gfs_operational_latest,2026-07-10T06:00:00+00:00,2026-07-10T12:00:00+00:00,day_06z,90.8,90.8,,90.8,85.0,-5.799999999999997,nws_cli_knyc,MODEL_ONLY_REPLAY,iem_nws_cli,86° or below,7,summer,-6.0,open-meteo:single-runs:ncep_gfs_global:operational_latest,policy=latest_available_by_latency;latency_h=6;replay_mode=MODEL_ONLY_REPLAY;residual_convention=residual_f = actual_high_f - forecast_high_f
KXHIGHNY-26JUL10,2026-07-10,d0_1500,2026-07-10T19:00:00+00:00,gfs_operational_latest,2026-07-10T06:00:00+00:00,2026-07-10T12:00:00+00:00,day_06z,90.8,90.8,,90.8,85.0,-5.799999999999997,nws_cli_knyc,MODEL_ONLY_REPLAY,iem_nws_cli,86° or below,7,summer,-6.0,open-meteo:single-runs:ncep_gfs_global:operational_latest,policy=latest_available_by_latency;latency_h=6;replay_mode=MODEL_ONLY_REPLAY;residual_convention=residual_f = actual_high_f - forecast_high_f
KXHIGHNY-26JUL11,2026-07-11,dminus1_1800,2026-07-10T22:00:00+00:00,gfs_operational_latest,2026-07-10T12:00:00+00:00,2026-07-10T18:00:00+00:00,prev_12z,81.4,81.4,,81.4,82.0,0.5999999999999943,nws_cli_knyc,FULL_OPERATIONAL_REPLAY,iem_nws_cli,81° to 82°,7,summer,12.0,open-meteo:single-runs:ncep_gfs_global:operational_latest,policy=latest_available_by_latency;latency_h=6;replay_mode=FULL_OPERATIONAL_REPLAY;residual_convention=residual_f = actual_high_f - forecast_high_f
KXHIGHNY-26JUL11,2026-07-11,d0_0600,2026-07-11T10:00:00+00:00,gfs_operational_latest,2026-07-11T00:00:00+00:00,2026-07-11T06:00:00+00:00,day_00z,87.4,87.4,,87.4,82.0,-5.400000000000006,nws_cli_knyc,MODEL_ONLY_REPLAY,iem_nws_cli,81° to 82°,7,summer,0.0,open-meteo:single-runs:ncep_gfs_global:operational_latest,policy=latest_available_by_latency;latency_h=6;replay_mode=MODEL_ONLY_REPLAY;residual_convention=residual_f = actual_high_f - forecast_high_f
KXHIGHNY-26JUL11,2026-07-11,d0_0900,2026-07-11T13:00:00+00:00,gfs_operational_latest,2026-07-11T06:00:00+00:00,2026-07-11T12:00:00+00:00,day_06z,86.6,86.6,,86.6,82.0,-4.599999999999994,nws_cli_knyc,MODEL_ONLY_REPLAY,iem_nws_cli,81° to 82°,7,summer,-6.0,open-meteo:single-runs:ncep_gfs_global:operational_latest,policy=latest_available_by_latency;latency_h=6;replay_mode=MODEL_ONLY_REPLAY;residual_convention=residual_f = actual_high_f - forecast_high_f
KXHIGHNY-26JUL11,2026-07-11,d0_1200,2026-07-11T16:00:00+00:00,gfs_operational_latest,2026-07-11T06:00:00+00:00,2026-07-11T12:00:00+00:00,day_06z,86.6,86.6,,86.6,82.0,-4.599999999999994,nws_cli_knyc,MODEL_ONLY_REPLAY,iem_nws_cli,81° to 82°,7,summer,-6.0,open-meteo:single-runs:ncep_gfs_global:operational_latest,policy=latest_available_by_latency;latency_h=6;replay_mode=MODEL_ONLY_REPLAY;residual_convention=residual_f = actual_high_f - forecast_high_f
KXHIGHNY-26JUL11,2026-07-11,d0_1500,2026-07-11T19:00:00+00:00,gfs_operational_latest,2026-07-11T06:00:00+00:00,2026-07-11T12:00:00+00:00,day_06z,86.6,86.6,,86.6,82.0,-4.599999999999994,nws_cli_knyc,MODEL_ONLY_REPLAY,iem_nws_cli,81° to 82°,7,summer,-6.0,open-meteo:single-runs:ncep_gfs_global:operational_latest,policy=latest_available_by_latency;latency_h=6;replay_mode=MODEL_ONLY_REPLAY;residual_convention=residual_f = actual_high_f - forecast_high_f
KXHIGHNY-26JUL12,2026-07-12,dminus1_1800,2026-07-11T22:00:00+00:00,gfs_operational_latest,2026-07-11T12:00:00+00:00,2026-07-11T18:00:00+00:00,prev_12z,87.7,87.7,,87.7,84.0,-3.700000000000003,nws_cli_knyc,FULL_OPERATIONAL_REPLAY,iem_nws_cli,84° to 85°,7,summer,12.0,open-meteo:single-runs:ncep_gfs_global:operational_latest,policy=latest_available_by_latency;latency_h=6;replay_mode=FULL_OPERATIONAL_REPLAY;residual_convention=residual_f = actual_high_f - forecast_high_f
KXHIGHNY-26JUL12,2026-07-12,d0_0600,2026-07-12T10:00:00+00:00,gfs_operational_latest,2026-07-12T00:00:00+00:00,2026-07-12T06:00:00+00:00,day_00z,88.3,88.3,,88.3,84.0,-4.299999999999997,nws_cli_knyc,MODEL_ONLY_REPLAY,iem_nws_cli,84° to 85°,7,summer,0.0,open-meteo:single-runs:ncep_gfs_global:operational_latest,policy=latest_available_by_latency;latency_h=6;replay_mode=MODEL_ONLY_REPLAY;residual_convention=residual_f = actual_high_f - forecast_high_f
KXHIGHNY-26JUL12,2026-07-12,d0_0900,2026-07-12T13:00:00+00:00,gfs_operational_latest,2026-07-12T06:00:00+00:00,2026-07-12T12:00:00+00:00,day_06z,88.6,88.6,,88.6,84.0,-4.599999999999994,nws_cli_knyc,MODEL_ONLY_REPLAY,iem_nws_cli,84° to 85°,7,summer,-6.0,open-meteo:single-runs:ncep_gfs_global:operational_latest,policy=latest_available_by_latency;latency_h=6;replay_mode=MODEL_ONLY_REPLAY;residual_convention=residual_f = actual_high_f - forecast_high_f
KXHIGHNY-26JUL12,2026-07-12,d0_1200,2026-07-12T16:00:00+00:00,gfs_operational_latest,2026-07-12T06:00:00+00:00,2026-07-12T12:00:00+00:00,day_06z,88.6,88.6,,88.6,84.0,-4.599999999999994,nws_cli_knyc,MODEL_ONLY_REPLAY,iem_nws_cli,84° to 85°,7,summer,-6.0,open-meteo:single-runs:ncep_gfs_global:operational_latest,policy=latest_available_by_latency;latency_h=6;replay_mode=MODEL_ONLY_REPLAY;residual_convention=residual_f = actual_high_f - forecast_high_f
KXHIGHNY-26JUL12,2026-07-12,d0_1500,2026-07-12T19:00:00+00:00,gfs_operational_latest,2026-07-12T06:00:00+00:00,2026-07-12T12:00:00+00:00,day_06z,88.6,88.6,,88.6,84.0,-4.599999999999994,nws_cli_knyc,MODEL_ONLY_REPLAY,iem_nws_cli,84° to 85°,7,summer,-6.0,open-meteo:single-runs:ncep_gfs_global:operational_latest,policy=latest_available_by_latency;latency_h=6;replay_mode=MODEL_ONLY_REPLAY;residual_convention=residual_f = actual_high_f - forecast_high_f
KXHIGHNY-26JUL13,2026-07-13,dminus1_1800,2026-07-12T22:00:00+00:00,gfs_operational_latest,2026-07-12T12:00:00+00:00,2026-07-12T18:00:00+00:00,prev_12z,87.4,87.4,,87.4,84.0,-3.4000000000000057,nws_cli_knyc,FULL_OPERATIONAL_REPLAY,iem_nws_cli,84° to 85°,7,summer,12.0,open-meteo:single-runs:ncep_gfs_global:operational_latest,policy=latest_available_by_latency;latency_h=6;replay_mode=FULL_OPERATIONAL_REPLAY;residual_convention=residual_f = actual_high_f - forecast_high_f
KXHIGHNY-26JUL13,2026-07-13,d0_0600,2026-07-13T10:00:00+00:00,gfs_operational_latest,2026-07-13T00:00:00+00:00,2026-07-13T06:00:00+00:00,day_00z,88.1,88.1,,88.1,84.0,-4.099999999999994,nws_cli_knyc,MODEL_ONLY_REPLAY,iem_nws_cli,84° to 85°,7,summer,0.0,open-meteo:single-runs:ncep_gfs_global:operational_latest,policy=latest_available_by_latency;latency_h=6;replay_mode=MODEL_ONLY_REPLAY;residual_convention=residual_f = actual_high_f - forecast_high_f
KXHIGHNY-26JUL13,2026-07-13,d0_0900,2026-07-13T13:00:00+00:00,gfs_operational_latest,2026-07-13T06:00:00+00:00,2026-07-13T12:00:00+00:00,day_06z,87.7,87.7,,87.7,84.0,-3.700000000000003,nws_cli_knyc,MODEL_ONLY_REPLAY,iem_nws_cli,84° to 85°,7,summer,-6.0,open-meteo:single-runs:ncep_gfs_global:operational_latest,policy=latest_available_by_latency;latency_h=6;replay_mode=MODEL_ONLY_REPLAY;residual_convention=residual_f = actual_high_f - forecast_high_f
KXHIGHNY-26JUL13,2026-07-13,d0_1200,2026-07-13T16:00:00+00:00,gfs_operational_latest,2026-07-13T06:00:00+00:00,2026-07-13T12:00:00+00:00,day_06z,87.7,87.7,,87.7,84.0,-3.700000000000003,nws_cli_knyc,MODEL_ONLY_REPLAY,iem_nws_cli,84° to 85°,7,summer,-6.0,open-meteo:single-runs:ncep_gfs_global:operational_latest,policy=latest_available_by_latency;latency_h=6;replay_mode=MODEL_ONLY_REPLAY;residual_convention=residual_f = actual_high_f - forecast_high_f
KXHIGHNY-26JUL13,2026-07-13,d0_1500,2026-07-13T19:00:00+00:00,gfs_operational_latest,2026-07-13T06:00:00+00:00,2026-07-13T12:00:00+00:00,day_06z,87.7,87.7,,87.7,84.0,-3.700000000000003,nws_cli_knyc,MODEL_ONLY_REPLAY,iem_nws_cli,84° to 85°,7,summer,-6.0,open-meteo:single-runs:ncep_gfs_global:operational_latest,policy=latest_available_by_latency;latency_h=6;replay_mode=MODEL_ONLY_REPLAY;residual_convention=residual_f = actual_high_f - forecast_high_f
KXHIGHNY-26JUL14,2026-07-14,dminus1_1800,2026-07-13T22:00:00+00:00,gfs_operational_latest,2026-07-13T12:00:00+00:00,2026-07-13T18:00:00+00:00,prev_12z,97.3,97.3,,97.3,90.0,-7.299999999999997,nws_cli_knyc,FULL_OPERATIONAL_REPLAY,iem_nws_cli,90° to 91°,7,summer,12.0,open-meteo:single-runs:ncep_gfs_global:operational_latest,policy=latest_available_by_latency;latency_h=6;replay_mode=FULL_OPERATIONAL_REPLAY;residual_convention=residual_f = actual_high_f - forecast_high_f
KXHIGHNY-26JUL14,2026-07-14,d0_0600,2026-07-14T10:00:00+00:00,gfs_operational_latest,2026-07-14T00:00:00+00:00,2026-07-14T06:00:00+00:00,day_00z,98.9,98.9,,98.9,90.0,-8.900000000000006,nws_cli_knyc,MODEL_ONLY_REPLAY,iem_nws_cli,90° to 91°,7,summer,0.0,open-meteo:single-runs:ncep_gfs_global:operational_latest,policy=latest_available_by_latency;latency_h=6;replay_mode=MODEL_ONLY_REPLAY;residual_convention=residual_f = actual_high_f - forecast_high_f
KXHIGHNY-26JUL14,2026-07-14,d0_0900,2026-07-14T13:00:00+00:00,gfs_operational_latest,2026-07-14T06:00:00+00:00,2026-07-14T12:00:00+00:00,day_06z,99.6,99.6,,99.6,90.0,-9.599999999999994,nws_cli_knyc,MODEL_ONLY_REPLAY,iem_nws_cli,90° to 91°,7,summer,-6.0,open-meteo:single-runs:ncep_gfs_global:operational_latest,policy=latest_available_by_latency;latency_h=6;replay_mode=MODEL_ONLY_REPLAY;residual_convention=residual_f = actual_high_f - forecast_high_f
KXHIGHNY-26JUL14,2026-07-14,d0_1200,2026-07-14T16:00:00+00:00,gfs_operational_latest,2026-07-14T06:00:00+00:00,2026-07-14T12:00:00+00:00,day_06z,99.6,99.6,,99.6,90.0,-9.599999999999994,nws_cli_knyc,MODEL_ONLY_REPLAY,iem_nws_cli,90° to 91°,7,summer,-6.0,open-meteo:single-runs:ncep_gfs_global:operational_latest,policy=latest_available_by_latency;latency_h=6;replay_mode=MODEL_ONLY_REPLAY;residual_convention=residual_f = actual_high_f - forecast_high_f
KXHIGHNY-26JUL14,2026-07-14,d0_1500,2026-07-14T19:00:00+00:00,gfs_operational_latest,2026-07-14T06:00:00+00:00,2026-07-14T12:00:00+00:00,day_06z,99.6,99.6,,99.6,90.0,-9.599999999999994,nws_cli_knyc,MODEL_ONLY_REPLAY,iem_nws_cli,90° to 91°,7,summer,-6.0,open-meteo:single-runs:ncep_gfs_global:operational_latest,policy=latest_available_by_latency;latency_h=6;replay_mode=MODEL_ONLY_REPLAY;residual_convention=residual_f = actual_high_f - forecast_high_f
KXHIGHNY-26JUL15,2026-07-15,dminus1_1800,2026-07-14T22:00:00+00:00,gfs_operational_latest,2026-07-14T12:00:00+00:00,2026-07-14T18:00:00+00:00,prev_12z,101.0,101.0,,101.0,95.0,-6.0,nws_cli_knyc,FULL_OPERATIONAL_REPLAY,iem_nws_cli,96° or below,7,summer,12.0,open-meteo:single-runs:ncep_gfs_global:operational_latest,policy=latest_available_by_latency;latency_h=6;replay_mode=FULL_OPERATIONAL_REPLAY;residual_convention=residual_f = actual_high_f - forecast_high_f
KXHIGHNY-26JUL15,2026-07-15,d0_0600,2026-07-15T10:00:00+00:00,gfs_operational_latest,2026-07-15T00:00:00+00:00,2026-07-15T06:00:00+00:00,day_00z,100.9,100.9,,100.9,95.0,-5.900000000000006,nws_cli_knyc,MODEL_ONLY_REPLAY,iem_nws_cli,96° or below,7,summer,0.0,open-meteo:single-runs:ncep_gfs_global:operational_latest,policy=latest_available_by_latency;latency_h=6;replay_mode=MODEL_ONLY_REPLAY;residual_convention=residual_f = actual_high_f - forecast_high_f
KXHIGHNY-26JUL15,2026-07-15,d0_0900,2026-07-15T13:00:00+00:00,gfs_operational_latest,2026-07-15T06:00:00+00:00,2026-07-15T12:00:00+00:00,day_06z,101.8,101.8,,101.8,95.0,-6.799999999999997,nws_cli_knyc,MODEL_ONLY_REPLAY,iem_nws_cli,96° or below,7,summer,-6.0,open-meteo:single-runs:ncep_gfs_global:operational_latest,policy=latest_available_by_latency;latency_h=6;replay_mode=MODEL_ONLY_REPLAY;residual_convention=residual_f = actual_high_f - forecast_high_f
KXHIGHNY-26JUL15,2026-07-15,d0_1200,2026-07-15T16:00:00+00:00,gfs_operational_latest,2026-07-15T06:00:00+00:00,2026-07-15T12:00:00+00:00,day_06z,101.8,101.8,,101.8,95.0,-6.799999999999997,nws_cli_knyc,MODEL_ONLY_REPLAY,iem_nws_cli,96° or below,7,summer,-6.0,open-meteo:single-runs:ncep_gfs_global:operational_latest,policy=latest_available_by_latency;latency_h=6;replay_mode=MODEL_ONLY_REPLAY;residual_convention=residual_f = actual_high_f - forecast_high_f
KXHIGHNY-26JUL15,2026-07-15,d0_1500,2026-07-15T19:00:00+00:00,gfs_operational_latest,2026-07-15T06:00:00+00:00,2026-07-15T12:00:00+00:00,day_06z,101.8,101.8,,101.8,95.0,-6.799999999999997,nws_cli_knyc,MODEL_ONLY_REPLAY,iem_nws_cli,96° or below,7,summer,-6.0,open-meteo:single-runs:ncep_gfs_global:operational_latest,policy=latest_available_by_latency;latency_h=6;replay_mode=MODEL_ONLY_REPLAY;residual_convention=residual_f = actual_high_f - forecast_high_f
KXHIGHNY-26JUL16,2026-07-16,dminus1_1800,2026-07-15T22:00:00+00:00,gfs_operational_latest,2026-07-15T12:00:00+00:00,2026-07-15T18:00:00+00:00,prev_12z,98.3,98.3,,98.3,85.0,-13.299999999999997,nws_cli_knyc,FULL_OPERATIONAL_REPLAY,iem_nws_cli,88° or below,7,summer,12.0,open-meteo:single-runs:ncep_gfs_global:operational_latest,policy=latest_available_by_latency;latency_h=6;replay_mode=FULL_OPERATIONAL_REPLAY;residual_convention=residual_f = actual_high_f - forecast_high_f
KXHIGHNY-26JUL16,2026-07-16,d0_0600,2026-07-16T10:00:00+00:00,gfs_operational_latest,2026-07-16T00:00:00+00:00,2026-07-16T06:00:00+00:00,day_00z,97.6,97.6,,97.6,85.0,-12.599999999999994,nws_cli_knyc,MODEL_ONLY_REPLAY,iem_nws_cli,88° or below,7,summer,0.0,open-meteo:single-runs:ncep_gfs_global:operational_latest,policy=latest_available_by_latency;latency_h=6;replay_mode=MODEL_ONLY_REPLAY;residual_convention=residual_f = actual_high_f - forecast_high_f
KXHIGHNY-26JUL16,2026-07-16,d0_0900,2026-07-16T13:00:00+00:00,gfs_operational_latest,2026-07-16T06:00:00+00:00,2026-07-16T12:00:00+00:00,day_06z,98.2,98.2,,98.2,85.0,-13.200000000000003,nws_cli_knyc,MODEL_ONLY_REPLAY,iem_nws_cli,88° or below,7,summer,-6.0,open-meteo:single-runs:ncep_gfs_global:operational_latest,policy=latest_available_by_latency;latency_h=6;replay_mode=MODEL_ONLY_REPLAY;residual_convention=residual_f = actual_high_f - forecast_high_f
KXHIGHNY-26JUL16,2026-07-16,d0_1200,2026-07-16T16:00:00+00:00,gfs_operational_latest,2026-07-16T06:00:00+00:00,2026-07-16T12:00:00+00:00,day_06z,98.2,98.2,,98.2,85.0,-13.200000000000003,nws_cli_knyc,MODEL_ONLY_REPLAY,iem_nws_cli,88° or below,7,summer,-6.0,open-meteo:single-runs:ncep_gfs_global:operational_latest,policy=latest_available_by_latency;latency_h=6;replay_mode=MODEL_ONLY_REPLAY;residual_convention=residual_f = actual_high_f - forecast_high_f
KXHIGHNY-26JUL16,2026-07-16,d0_1500,2026-07-16T19:00:00+00:00,gfs_operational_latest,2026-07-16T06:00:00+00:00,2026-07-16T12:00:00+00:00,day_06z,98.2,98.2,,98.2,85.0,-13.200000000000003,nws_cli_knyc,MODEL_ONLY_REPLAY,iem_nws_cli,88° or below,7,summer,-6.0,open-meteo:single-runs:ncep_gfs_global:operational_latest,policy=latest_available_by_latency;latency_h=6;replay_mode=MODEL_ONLY_REPLAY;residual_convention=residual_f = actual_high_f - forecast_high_f
KXHIGHNY-26JUL17,2026-07-17,dminus1_1800,2026-07-16T22:00:00+00:00,gfs_operational_latest,2026-07-16T12:00:00+00:00,2026-07-16T18:00:00+00:00,prev_12z,90.4,90.4,,90.4,86.0,-4.400000000000006,nws_cli_knyc,FULL_OPERATIONAL_REPLAY,iem_nws_cli,85° to 86°,7,summer,12.0,open-meteo:single-runs:ncep_gfs_global:operational_latest,policy=latest_available_by_latency;latency_h=6;replay_mode=FULL_OPERATIONAL_REPLAY;residual_convention=residual_f = actual_high_f - forecast_high_f
KXHIGHNY-26JUL17,2026-07-17,d0_0600,2026-07-17T10:00:00+00:00,gfs_operational_latest,2026-07-17T00:00:00+00:00,2026-07-17T06:00:00+00:00,day_00z,90.4,90.4,,90.4,86.0,-4.400000000000006,nws_cli_knyc,MODEL_ONLY_REPLAY,iem_nws_cli,85° to 86°,7,summer,0.0,open-meteo:single-runs:ncep_gfs_global:operational_latest,policy=latest_available_by_latency;latency_h=6;replay_mode=MODEL_ONLY_REPLAY;residual_convention=residual_f = actual_high_f - forecast_high_f
KXHIGHNY-26JUL17,2026-07-17,d0_0900,2026-07-17T13:00:00+00:00,gfs_operational_latest,2026-07-17T06:00:00+00:00,2026-07-17T12:00:00+00:00,day_06z,91.3,91.3,,91.3,86.0,-5.299999999999997,nws_cli_knyc,MODEL_ONLY_REPLAY,iem_nws_cli,85° to 86°,7,summer,-6.0,open-meteo:single-runs:ncep_gfs_global:operational_latest,policy=latest_available_by_latency;latency_h=6;replay_mode=MODEL_ONLY_REPLAY;residual_convention=residual_f = actual_high_f - forecast_high_f
KXHIGHNY-26JUL17,2026-07-17,d0_1200,2026-07-17T16:00:00+00:00,gfs_operational_latest,2026-07-17T06:00:00+00:00,2026-07-17T12:00:00+00:00,day_06z,91.3,91.3,,91.3,86.0,-5.299999999999997,nws_cli_knyc,MODEL_ONLY_REPLAY,iem_nws_cli,85° to 86°,7,summer,-6.0,open-meteo:single-runs:ncep_gfs_global:operational_latest,policy=latest_available_by_latency;latency_h=6;replay_mode=MODEL_ONLY_REPLAY;residual_convention=residual_f = actual_high_f - forecast_high_f
KXHIGHNY-26JUL17,2026-07-17,d0_1500,2026-07-17T19:00:00+00:00,gfs_operational_latest,2026-07-17T06:00:00+00:00,2026-07-17T12:00:00+00:00,day_06z,91.3,91.3,,91.3,86.0,-5.299999999999997,nws_cli_knyc,MODEL_ONLY_REPLAY,iem_nws_cli,85° to 86°,7,summer,-6.0,open-meteo:single-runs:ncep_gfs_global:operational_latest,policy=latest_available_by_latency;latency_h=6;replay_mode=MODEL_ONLY_REPLAY;residual_convention=residual_f = actual_high_f - forecast_high_f
KXHIGHNY-26JUL18,2026-07-18,dminus1_1800,2026-07-17T22:00:00+00:00,gfs_operational_latest,2026-07-17T12:00:00+00:00,2026-07-17T18:00:00+00:00,prev_12z,83.2,83.2,,83.2,76.0,-7.200000000000003,nws_cli_knyc,FULL_OPERATIONAL_REPLAY,iem_nws_cli,78° or below,7,summer,12.0,open-meteo:single-runs:ncep_gfs_global:operational_latest,policy=latest_available_by_latency;latency_h=6;replay_mode=FULL_OPERATIONAL_REPLAY;residual_convention=residual_f = actual_high_f - forecast_high_f
KXHIGHNY-26JUL18,2026-07-18,d0_0600,2026-07-18T10:00:00+00:00,gfs_operational_latest,2026-07-18T00:00:00+00:00,2026-07-18T06:00:00+00:00,day_00z,82.0,82.0,,82.0,76.0,-6.0,nws_cli_knyc,MODEL_ONLY_REPLAY,iem_nws_cli,78° or below,7,summer,0.0,open-meteo:single-runs:ncep_gfs_global:operational_latest,policy=latest_available_by_latency;latency_h=6;replay_mode=MODEL_ONLY_REPLAY;residual_convention=residual_f = actual_high_f - forecast_high_f
KXHIGHNY-26JUL18,2026-07-18,d0_0900,2026-07-18T13:00:00+00:00,gfs_operational_latest,2026-07-18T06:00:00+00:00,2026-07-18T12:00:00+00:00,day_06z,82.0,82.0,,82.0,76.0,-6.0,nws_cli_knyc,MODEL_ONLY_REPLAY,iem_nws_cli,78° or below,7,summer,-6.0,open-meteo:single-runs:ncep_gfs_global:operational_latest,policy=latest_available_by_latency;latency_h=6;replay_mode=MODEL_ONLY_REPLAY;residual_convention=residual_f = actual_high_f - forecast_high_f
KXHIGHNY-26JUL18,2026-07-18,d0_1200,2026-07-18T16:00:00+00:00,gfs_operational_latest,2026-07-18T06:00:00+00:00,2026-07-18T12:00:00+00:00,day_06z,82.0,82.0,,82.0,76.0,-6.0,nws_cli_knyc,MODEL_ONLY_REPLAY,iem_nws_cli,78° or below,7,summer,-6.0,open-meteo:single-runs:ncep_gfs_global:operational_latest,policy=latest_available_by_latency;latency_h=6;replay_mode=MODEL_ONLY_REPLAY;residual_convention=residual_f = actual_high_f - forecast_high_f
KXHIGHNY-26JUL18,2026-07-18,d0_1500,2026-07-18T19:00:00+00:00,gfs_operational_latest,2026-07-18T06:00:00+00:00,2026-07-18T12:00:00+00:00,day_06z,82.0,82.0,,82.0,76.0,-6.0,nws_cli_knyc,MODEL_ONLY_REPLAY,iem_nws_cli,78° or below,7,summer,-6.0,open-meteo:single-runs:ncep_gfs_global:operational_latest,policy=latest_available_by_latency;latency_h=6;replay_mode=MODEL_ONLY_REPLAY;residual_convention=residual_f = actual_high_f - forecast_high_f
KXHIGHNY-26JUL19,2026-07-19,dminus1_1800,2026-07-18T22:00:00+00:00,gfs_operational_latest,2026-07-18T12:00:00+00:00,2026-07-18T18:00:00+00:00,prev_12z,82.5,82.5,,82.5,79.0,-3.5,nws_cli_knyc,FULL_OPERATIONAL_REPLAY,iem_nws_cli,79° or below,7,summer,12.0,open-meteo:single-runs:ncep_gfs_global:operational_latest,policy=latest_available_by_latency;latency_h=6;replay_mode=FULL_OPERATIONAL_REPLAY;residual_convention=residual_f = actual_high_f - forecast_high_f
KXHIGHNY-26JUL19,2026-07-19,d0_0600,2026-07-19T10:00:00+00:00,gfs_operational_latest,2026-07-19T00:00:00+00:00,2026-07-19T06:00:00+00:00,day_00z,83.6,83.6,,83.6,79.0,-4.599999999999994,nws_cli_knyc,MODEL_ONLY_REPLAY,iem_nws_cli,79° or below,7,summer,0.0,open-meteo:single-runs:ncep_gfs_global:operational_latest,policy=latest_available_by_latency;latency_h=6;replay_mode=MODEL_ONLY_REPLAY;residual_convention=residual_f = actual_high_f - forecast_high_f
KXHIGHNY-26JUL19,2026-07-19,d0_0900,2026-07-19T13:00:00+00:00,gfs_operational_latest,2026-07-19T06:00:00+00:00,2026-07-19T12:00:00+00:00,day_06z,84.8,84.8,,84.8,79.0,-5.799999999999997,nws_cli_knyc,MODEL_ONLY_REPLAY,iem_nws_cli,79° or below,7,summer,-6.0,open-meteo:single-runs:ncep_gfs_global:operational_latest,policy=latest_available_by_latency;latency_h=6;replay_mode=MODEL_ONLY_REPLAY;residual_convention=residual_f = actual_high_f - forecast_high_f
KXHIGHNY-26JUL19,2026-07-19,d0_1200,2026-07-19T16:00:00+00:00,gfs_operational_latest,2026-07-19T06:00:00+00:00,2026-07-19T12:00:00+00:00,day_06z,84.8,84.8,,84.8,79.0,-5.799999999999997,nws_cli_knyc,MODEL_ONLY_REPLAY,iem_nws_cli,79° or below,7,summer,-6.0,open-meteo:single-runs:ncep_gfs_global:operational_latest,policy=latest_available_by_latency;latency_h=6;replay_mode=MODEL_ONLY_REPLAY;residual_convention=residual_f = actual_high_f - forecast_high_f
KXHIGHNY-26JUL19,2026-07-19,d0_1500,2026-07-19T19:00:00+00:00,gfs_operational_latest,2026-07-19T06:00:00+00:00,2026-07-19T12:00:00+00:00,day_06z,84.8,84.8,,84.8,79.0,-5.799999999999997,nws_cli_knyc,MODEL_ONLY_REPLAY,iem_nws_cli,79° or below,7,summer,-6.0,open-meteo:single-runs:ncep_gfs_global:operational_latest,policy=latest_available_by_latency;latency_h=6;replay_mode=MODEL_ONLY_REPLAY;residual_convention=residual_f = actual_high_f - forecast_high_f
KXHIGHNY-26JUL20,2026-07-20,dminus1_1800,2026-07-19T22:00:00+00:00,gfs_operational_latest,2026-07-19T12:00:00+00:00,2026-07-19T18:00:00+00:00,prev_12z,86.8,86.8,,86.8,81.0,-5.799999999999997,nws_cli_knyc,FULL_OPERATIONAL_REPLAY,iem_nws_cli,81° to 82°,7,summer,12.0,open-meteo:single-runs:ncep_gfs_global:operational_latest,policy=latest_available_by_latency;latency_h=6;replay_mode=FULL_OPERATIONAL_REPLAY;residual_convention=residual_f = actual_high_f - forecast_high_f
KXHIGHNY-26JUL20,2026-07-20,d0_0600,2026-07-20T10:00:00+00:00,gfs_operational_latest,2026-07-20T00:00:00+00:00,2026-07-20T06:00:00+00:00,day_00z,85.2,85.2,,85.2,81.0,-4.200000000000003,nws_cli_knyc,MODEL_ONLY_REPLAY,iem_nws_cli,81° to 82°,7,summer,0.0,open-meteo:single-runs:ncep_gfs_global:operational_latest,policy=latest_available_by_latency;latency_h=6;replay_mode=MODEL_ONLY_REPLAY;residual_convention=residual_f = actual_high_f - forecast_high_f
KXHIGHNY-26JUL20,2026-07-20,d0_0900,2026-07-20T13:00:00+00:00,gfs_operational_latest,2026-07-20T06:00:00+00:00,2026-07-20T12:00:00+00:00,day_06z,85.7,85.7,,85.7,81.0,-4.700000000000003,nws_cli_knyc,MODEL_ONLY_REPLAY,iem_nws_cli,81° to 82°,7,summer,-6.0,open-meteo:single-runs:ncep_gfs_global:operational_latest,policy=latest_available_by_latency;latency_h=6;replay_mode=MODEL_ONLY_REPLAY;residual_convention=residual_f = actual_high_f - forecast_high_f
KXHIGHNY-26JUL20,2026-07-20,d0_1200,2026-07-20T16:00:00+00:00,gfs_operational_latest,2026-07-20T06:00:00+00:00,2026-07-20T12:00:00+00:00,day_06z,85.7,85.7,,85.7,81.0,-4.700000000000003,nws_cli_knyc,MODEL_ONLY_REPLAY,iem_nws_cli,81° to 82°,7,summer,-6.0,open-meteo:single-runs:ncep_gfs_global:operational_latest,policy=latest_available_by_latency;latency_h=6;replay_mode=MODEL_ONLY_REPLAY;residual_convention=residual_f = actual_high_f - forecast_high_f
KXHIGHNY-26JUL20,2026-07-20,d0_1500,2026-07-20T19:00:00+00:00,gfs_operational_latest,2026-07-20T06:00:00+00:00,2026-07-20T12:00:00+00:00,day_06z,85.7,85.7,,85.7,81.0,-4.700000000000003,nws_cli_knyc,MODEL_ONLY_REPLAY,iem_nws_cli,81° to 82°,7,summer,-6.0,open-meteo:single-runs:ncep_gfs_global:operational_latest,policy=latest_available_by_latency;latency_h=6;replay_mode=MODEL_ONLY_REPLAY;residual_convention=residual_f = actual_high_f - forecast_high_f
KXHIGHNY-26JUL21,2026-07-21,dminus1_1800,2026-07-20T22:00:00+00:00,gfs_operational_latest,2026-07-20T12:00:00+00:00,2026-07-20T18:00:00+00:00,prev_12z,81.8,81.8,,81.8,81.0,-0.7999999999999972,nws_cli_knyc,FULL_OPERATIONAL_REPLAY,iem_nws_cli,81° to 82°,7,summer,12.0,open-meteo:single-runs:ncep_gfs_global:operational_latest,policy=latest_available_by_latency;latency_h=6;replay_mode=FULL_OPERATIONAL_REPLAY;residual_convention=residual_f = actual_high_f - forecast_high_f
KXHIGHNY-26JUL21,2026-07-21,d0_0600,2026-07-21T10:00:00+00:00,gfs_operational_latest,2026-07-21T00:00:00+00:00,2026-07-21T06:00:00+00:00,day_00z,85.4,85.4,,85.4,81.0,-4.400000000000006,nws_cli_knyc,MODEL_ONLY_REPLAY,iem_nws_cli,81° to 82°,7,summer,0.0,open-meteo:single-runs:ncep_gfs_global:operational_latest,policy=latest_available_by_latency;latency_h=6;replay_mode=MODEL_ONLY_REPLAY;residual_convention=residual_f = actual_high_f - forecast_high_f
KXHIGHNY-26JUL21,2026-07-21,d0_0900,2026-07-21T13:00:00+00:00,gfs_operational_latest,2026-07-21T06:00:00+00:00,2026-07-21T12:00:00+00:00,day_06z,87.4,87.4,,87.4,81.0,-6.400000000000006,nws_cli_knyc,MODEL_ONLY_REPLAY,iem_nws_cli,81° to 82°,7,summer,-6.0,open-meteo:single-runs:ncep_gfs_global:operational_latest,policy=latest_available_by_latency;latency_h=6;replay_mode=MODEL_ONLY_REPLAY;residual_convention=residual_f = actual_high_f - forecast_high_f
KXHIGHNY-26JUL21,2026-07-21,d0_1200,2026-07-21T16:00:00+00:00,gfs_operational_latest,2026-07-21T06:00:00+00:00,2026-07-21T12:00:00+00:00,day_06z,87.4,87.4,,87.4,81.0,-6.400000000000006,nws_cli_knyc,MODEL_ONLY_REPLAY,iem_nws_cli,81° to 82°,7,summer,-6.0,open-meteo:single-runs:ncep_gfs_global:operational_latest,policy=latest_available_by_latency;latency_h=6;replay_mode=MODEL_ONLY_REPLAY;residual_convention=residual_f = actual_high_f - forecast_high_f
KXHIGHNY-26JUL21,2026-07-21,d0_1500,2026-07-21T19:00:00+00:00,gfs_operational_latest,2026-07-21T06:00:00+00:00,2026-07-21T12:00:00+00:00,day_06z,87.4,87.4,,87.4,81.0,-6.400000000000006,nws_cli_knyc,MODEL_ONLY_REPLAY,iem_nws_cli,81° to 82°,7,summer,-6.0,open-meteo:single-runs:ncep_gfs_global:operational_latest,policy=latest_available_by_latency;latency_h=6;replay_mode=MODEL_ONLY_REPLAY;residual_convention=residual_f = actual_high_f - forecast_high_f
KXHIGHNY-26JUL22,2026-07-22,dminus1_1800,2026-07-21T22:00:00+00:00,gfs_operational_latest,2026-07-21T12:00:00+00:00,2026-07-21T18:00:00+00:00,prev_12z,87.9,87.9,,87.9,85.0,-2.9000000000000057,nws_cli_knyc,FULL_OPERATIONAL_REPLAY,iem_nws_cli,84° to 85°,7,summer,12.0,open-meteo:single-runs:ncep_gfs_global:operational_latest,policy=latest_available_by_latency;latency_h=6;replay_mode=FULL_OPERATIONAL_REPLAY;residual_convention=residual_f = actual_high_f - forecast_high_f
KXHIGHNY-26JUL22,2026-07-22,d0_0600,2026-07-22T10:00:00+00:00,gfs_operational_latest,2026-07-22T00:00:00+00:00,2026-07-22T06:00:00+00:00,day_00z,85.2,85.2,,85.2,85.0,-0.20000000000000284,nws_cli_knyc,MODEL_ONLY_REPLAY,iem_nws_cli,84° to 85°,7,summer,0.0,open-meteo:single-runs:ncep_gfs_global:operational_latest,policy=latest_available_by_latency;latency_h=6;replay_mode=MODEL_ONLY_REPLAY;residual_convention=residual_f = actual_high_f - forecast_high_f
KXHIGHNY-26JUL22,2026-07-22,d0_0900,2026-07-22T13:00:00+00:00,gfs_operational_latest,2026-07-22T06:00:00+00:00,2026-07-22T12:00:00+00:00,day_06z,85.9,85.9,,85.9,85.0,-0.9000000000000057,nws_cli_knyc,MODEL_ONLY_REPLAY,iem_nws_cli,84° to 85°,7,summer,-6.0,open-meteo:single-runs:ncep_gfs_global:operational_latest,policy=latest_available_by_latency;latency_h=6;replay_mode=MODEL_ONLY_REPLAY;residual_convention=residual_f = actual_high_f - forecast_high_f
KXHIGHNY-26JUL22,2026-07-22,d0_1200,2026-07-22T16:00:00+00:00,gfs_operational_latest,2026-07-22T06:00:00+00:00,2026-07-22T12:00:00+00:00,day_06z,85.9,85.9,,85.9,85.0,-0.9000000000000057,nws_cli_knyc,MODEL_ONLY_REPLAY,iem_nws_cli,84° to 85°,7,summer,-6.0,open-meteo:single-runs:ncep_gfs_global:operational_latest,policy=latest_available_by_latency;latency_h=6;replay_mode=MODEL_ONLY_REPLAY;residual_convention=residual_f = actual_high_f - forecast_high_f
KXHIGHNY-26JUL22,2026-07-22,d0_1500,2026-07-22T19:00:00+00:00,gfs_operational_latest,2026-07-22T06:00:00+00:00,2026-07-22T12:00:00+00:00,day_06z,85.9,85.9,,85.9,85.0,-0.9000000000000057,nws_cli_knyc,MODEL_ONLY_REPLAY,iem_nws_cli,84° to 85°,7,summer,-6.0,open-meteo:single-runs:ncep_gfs_global:operational_latest,policy=latest_available_by_latency;latency_h=6;replay_mode=MODEL_ONLY_REPLAY;residual_convention=residual_f = actual_high_f - forecast_high_f
KXHIGHNY-26JUL23,2026-07-23,dminus1_1800,2026-07-22T22:00:00+00:00,gfs_operational_latest,2026-07-22T12:00:00+00:00,2026-07-22T18:00:00+00:00,prev_12z,85.4,85.4,,85.4,79.0,-6.400000000000006,nws_cli_knyc,FULL_OPERATIONAL_REPLAY,iem_nws_cli,79° to 80°,7,summer,12.0,open-meteo:single-runs:ncep_gfs_global:operational_latest,policy=latest_available_by_latency;latency_h=6;replay_mode=FULL_OPERATIONAL_REPLAY;residual_convention=residual_f = actual_high_f - forecast_high_f
KXHIGHNY-26JUL23,2026-07-23,d0_0600,2026-07-23T10:00:00+00:00,gfs_operational_latest,2026-07-23T00:00:00+00:00,2026-07-23T06:00:00+00:00,day_00z,86.3,86.3,,86.3,79.0,-7.299999999999997,nws_cli_knyc,MODEL_ONLY_REPLAY,iem_nws_cli,79° to 80°,7,summer,0.0,open-meteo:single-runs:ncep_gfs_global:operational_latest,policy=latest_available_by_latency;latency_h=6;replay_mode=MODEL_ONLY_REPLAY;residual_convention=residual_f = actual_high_f - forecast_high_f
KXHIGHNY-26JUL23,2026-07-23,d0_0900,2026-07-23T13:00:00+00:00,gfs_operational_latest,2026-07-23T06:00:00+00:00,2026-07-23T12:00:00+00:00,day_06z,85.7,85.7,,85.7,79.0,-6.700000000000003,nws_cli_knyc,MODEL_ONLY_REPLAY,iem_nws_cli,79° to 80°,7,summer,-6.0,open-meteo:single-runs:ncep_gfs_global:operational_latest,policy=latest_available_by_latency;latency_h=6;replay_mode=MODEL_ONLY_REPLAY;residual_convention=residual_f = actual_high_f - forecast_high_f
KXHIGHNY-26JUL23,2026-07-23,d0_1200,2026-07-23T16:00:00+00:00,gfs_operational_latest,2026-07-23T06:00:00+00:00,2026-07-23T12:00:00+00:00,day_06z,85.7,85.7,,85.7,79.0,-6.700000000000003,nws_cli_knyc,MODEL_ONLY_REPLAY,iem_nws_cli,79° to 80°,7,summer,-6.0,open-meteo:single-runs:ncep_gfs_global:operational_latest,policy=latest_available_by_latency;latency_h=6;replay_mode=MODEL_ONLY_REPLAY;residual_convention=residual_f = actual_high_f - forecast_high_f
KXHIGHNY-26JUL23,2026-07-23,d0_1500,2026-07-23T19:00:00+00:00,gfs_operational_latest,2026-07-23T06:00:00+00:00,2026-07-23T12:00:00+00:00,day_06z,85.7,85.7,,85.7,79.0,-6.700000000000003,nws_cli_knyc,MODEL_ONLY_REPLAY,iem_nws_cli,79° to 80°,7,summer,-6.0,open-meteo:single-runs:ncep_gfs_global:operational_latest,policy=latest_available_by_latency;latency_h=6;replay_mode=MODEL_ONLY_REPLAY;residual_convention=residual_f = actual_high_f - forecast_high_f
KXHIGHNY-26JUL24,2026-07-24,dminus1_1800,2026-07-23T22:00:00+00:00,gfs_operational_latest,2026-07-23T12:00:00+00:00,2026-07-23T18:00:00+00:00,prev_12z,87.2,87.2,,87.2,83.0,-4.200000000000003,nws_cli_knyc,FULL_OPERATIONAL_REPLAY,iem_nws_cli,83° to 84°,7,summer,12.0,open-meteo:single-runs:ncep_gfs_global:operational_latest,policy=latest_available_by_latency;latency_h=6;replay_mode=FULL_OPERATIONAL_REPLAY;residual_convention=residual_f = actual_high_f - forecast_high_f
KXHIGHNY-26JUL24,2026-07-24,d0_0600,2026-07-24T10:00:00+00:00,gfs_operational_latest,2026-07-24T00:00:00+00:00,2026-07-24T06:00:00+00:00,day_00z,87.0,87.0,,87.0,83.0,-4.0,nws_cli_knyc,MODEL_ONLY_REPLAY,iem_nws_cli,83° to 84°,7,summer,0.0,open-meteo:single-runs:ncep_gfs_global:operational_latest,policy=latest_available_by_latency;latency_h=6;replay_mode=MODEL_ONLY_REPLAY;residual_convention=residual_f = actual_high_f - forecast_high_f
KXHIGHNY-26JUL24,2026-07-24,d0_0900,2026-07-24T13:00:00+00:00,gfs_operational_latest,2026-07-24T06:00:00+00:00,2026-07-24T12:00:00+00:00,day_06z,87.0,87.0,,87.0,83.0,-4.0,nws_cli_knyc,MODEL_ONLY_REPLAY,iem_nws_cli,83° to 84°,7,summer,-6.0,open-meteo:single-runs:ncep_gfs_global:operational_latest,policy=latest_available_by_latency;latency_h=6;replay_mode=MODEL_ONLY_REPLAY;residual_convention=residual_f = actual_high_f - forecast_high_f
KXHIGHNY-26JUL24,2026-07-24,d0_1200,2026-07-24T16:00:00+00:00,gfs_operational_latest,2026-07-24T06:00:00+00:00,2026-07-24T12:00:00+00:00,day_06z,87.0,87.0,,87.0,83.0,-4.0,nws_cli_knyc,MODEL_ONLY_REPLAY,iem_nws_cli,83° to 84°,7,summer,-6.0,open-meteo:single-runs:ncep_gfs_global:operational_latest,policy=latest_available_by_latency;latency_h=6;replay_mode=MODEL_ONLY_REPLAY;residual_convention=residual_f = actual_high_f - forecast_high_f
KXHIGHNY-26JUL24,2026-07-24,d0_1500,2026-07-24T19:00:00+00:00,gfs_operational_latest,2026-07-24T06:00:00+00:00,2026-07-24T12:00:00+00:00,day_06z,87.0,87.0,,87.0,83.0,-4.0,nws_cli_knyc,MODEL_ONLY_REPLAY,iem_nws_cli,83° to 84°,7,summer,-6.0,open-meteo:single-runs:ncep_gfs_global:operational_latest,policy=latest_available_by_latency;latency_h=6;replay_mode=MODEL_ONLY_REPLAY;residual_convention=residual_f = actual_high_f - forecast_high_f
KXHIGHNY-26JUL25,2026-07-25,dminus1_1800,2026-07-24T22:00:00+00:00,gfs_operational_latest,2026-07-24T12:00:00+00:00,2026-07-24T18:00:00+00:00,prev_12z,85.2,85.2,,85.2,81.0,-4.200000000000003,nws_cli_knyc,FULL_OPERATIONAL_REPLAY,iem_nws_cli,80° to 81°,7,summer,12.0,open-meteo:single-runs:ncep_gfs_global:operational_latest,policy=latest_available_by_latency;latency_h=6;replay_mode=FULL_OPERATIONAL_REPLAY;residual_convention=residual_f = actual_high_f - forecast_high_f
KXHIGHNY-26JUL25,2026-07-25,d0_0600,2026-07-25T10:00:00+00:00,gfs_operational_latest,2026-07-25T00:00:00+00:00,2026-07-25T06:00:00+00:00,day_00z,85.2,85.2,,85.2,81.0,-4.200000000000003,nws_cli_knyc,MODEL_ONLY_REPLAY,iem_nws_cli,80° to 81°,7,summer,0.0,open-meteo:single-runs:ncep_gfs_global:operational_latest,policy=latest_available_by_latency;latency_h=6;replay_mode=MODEL_ONLY_REPLAY;residual_convention=residual_f = actual_high_f - forecast_high_f
KXHIGHNY-26JUL25,2026-07-25,d0_0900,2026-07-25T13:00:00+00:00,gfs_operational_latest,2026-07-25T06:00:00+00:00,2026-07-25T12:00:00+00:00,day_06z,86.1,86.1,,86.1,81.0,-5.099999999999994,nws_cli_knyc,MODEL_ONLY_REPLAY,iem_nws_cli,80° to 81°,7,summer,-6.0,open-meteo:single-runs:ncep_gfs_global:operational_latest,policy=latest_available_by_latency;latency_h=6;replay_mode=MODEL_ONLY_REPLAY;residual_convention=residual_f = actual_high_f - forecast_high_f
KXHIGHNY-26JUL25,2026-07-25,d0_1200,2026-07-25T16:00:00+00:00,gfs_operational_latest,2026-07-25T06:00:00+00:00,2026-07-25T12:00:00+00:00,day_06z,86.1,86.1,,86.1,81.0,-5.099999999999994,nws_cli_knyc,MODEL_ONLY_REPLAY,iem_nws_cli,80° to 81°,7,summer,-6.0,open-meteo:single-runs:ncep_gfs_global:operational_latest,policy=latest_available_by_latency;latency_h=6;replay_mode=MODEL_ONLY_REPLAY;residual_convention=residual_f = actual_high_f - forecast_high_f
KXHIGHNY-26JUL25,2026-07-25,d0_1500,2026-07-25T19:00:00+00:00,gfs_operational_latest,2026-07-25T06:00:00+00:00,2026-07-25T12:00:00+00:00,day_06z,86.1,86.1,,86.1,81.0,-5.099999999999994,nws_cli_knyc,MODEL_ONLY_REPLAY,iem_nws_cli,80° to 81°,7,summer,-6.0,open-meteo:single-runs:ncep_gfs_global:operational_latest,policy=latest_available_by_latency;latency_h=6;replay_mode=MODEL_ONLY_REPLAY;residual_convention=residual_f = actual_high_f - forecast_high_f
