event_ticker,target_date,checkpoint_id,checkpoint_as_of,model,selected_run_init,available_at,run_id,forecast_high_f,model_remaining_day_high_f,observed_high_so_far_f,projected_final_high_f,actual_high_f,residual_f,target_regime,replay_mode,actual_source,winning_bucket_label,month,season,lead_hours,source,provenance,phase6_version,replay_version,replay_reason,phase5_model_high_f,remaining_window_status,remaining_window_reason,remaining_window_start_utc,remaining_window_end_utc_exclusive,remaining_window_basis,remaining_window_expected_hours,remaining_window_covered_hours,remaining_day_model_high_f,obs_status,obs_reason,obs_n_usable,obs_n_delayed_at_checkpoint,obs_newest_time_utc,obs_newest_age_min,obs_max_gap_min,obs_binding,availability_basis
KXHIGHNY-26APR02,2026-04-02,d0_0600,2026-04-02T10:00:00+00:00,gfs_operational_latest,2026-04-02T00:00:00+00:00,2026-04-02T06:00:00+00:00,day_00z,51.0,47.6,51.0,51.0,51.0,0.0,nws_cli_knyc,FULL_OPERATIONAL_REPLAY,iem_nws_cli,53° or below,4,spring,0.0,open-meteo:single-runs:ncep_gfs_global:operational_latest,policy=latest_available_by_latency;latency_h=6;replay_mode=MODEL_ONLY_REPLAY;residual_convention=residual_f = actual_high_f - forecast_high_f;phase6=v2_1;replay_version=C_remaining_day_max_plus_obs;replay_mode=FULL_OPERATIONAL_REPLAY;obs_availability=assumed_fixed_lag_20m_after_observation_time,v2_1,C_remaining_day_max_plus_obs,,55.1,OK,,2026-04-02T10:00:00+00:00,2026-04-03T05:00:00+00:00,checkpoint_to_nws_cli_climate_day_end_local_standard_time_utc-5,19,19,47.6,OK,,12,1,2026-04-02T09:39:00+00:00,21.0,60.0,True,assumed_fixed_lag_20m_after_observation_time
KXHIGHNY-26APR02,2026-04-02,d0_0900,2026-04-02T13:00:00+00:00,gfs_operational_latest,2026-04-02T06:00:00+00:00,2026-04-02T12:00:00+00:00,day_06z,51.0,46.0,51.0,51.0,51.0,0.0,nws_cli_knyc,FULL_OPERATIONAL_REPLAY,iem_nws_cli,53° or below,4,spring,-6.0,open-meteo:single-runs:ncep_gfs_global:operational_latest,policy=latest_available_by_latency;latency_h=6;replay_mode=MODEL_ONLY_REPLAY;residual_convention=residual_f = actual_high_f - forecast_high_f;phase6=v2_1;replay_version=C_remaining_day_max_plus_obs;replay_mode=FULL_OPERATIONAL_REPLAY;obs_availability=assumed_fixed_lag_20m_after_observation_time,v2_1,C_remaining_day_max_plus_obs,,51.0,OK,,2026-04-02T13:00:00+00:00,2026-04-03T05:00:00+00:00,checkpoint_to_nws_cli_climate_day_end_local_standard_time_utc-5,16,16,46.0,OK,,15,1,2026-04-02T11:51:00+00:00,69.0,60.0,True,assumed_fixed_lag_20m_after_observation_time
KXHIGHNY-26APR02,2026-04-02,d0_1200,2026-04-02T16:00:00+00:00,gfs_operational_latest,2026-04-02T06:00:00+00:00,2026-04-02T12:00:00+00:00,day_06z,51.0,46.0,51.0,51.0,51.0,0.0,nws_cli_knyc,FULL_OPERATIONAL_REPLAY,iem_nws_cli,53° or below,4,spring,-6.0,open-meteo:single-runs:ncep_gfs_global:operational_latest,policy=latest_available_by_latency;latency_h=6;replay_mode=MODEL_ONLY_REPLAY;residual_convention=residual_f = actual_high_f - forecast_high_f;phase6=v2_1;replay_version=C_remaining_day_max_plus_obs;replay_mode=FULL_OPERATIONAL_REPLAY;obs_availability=assumed_fixed_lag_20m_after_observation_time,v2_1,C_remaining_day_max_plus_obs,,51.0,OK,,2026-04-02T16:00:00+00:00,2026-04-03T05:00:00+00:00,checkpoint_to_nws_cli_climate_day_end_local_standard_time_utc-5,13,13,46.0,OK,,20,1,2026-04-02T14:51:00+00:00,69.0,60.0,True,assumed_fixed_lag_20m_after_observation_time
KXHIGHNY-26APR02,2026-04-02,d0_1500,2026-04-02T19:00:00+00:00,gfs_operational_latest,2026-04-02T06:00:00+00:00,2026-04-02T12:00:00+00:00,day_06z,51.0,46.0,51.0,51.0,51.0,0.0,nws_cli_knyc,FULL_OPERATIONAL_REPLAY,iem_nws_cli,53° or below,4,spring,-6.0,open-meteo:single-runs:ncep_gfs_global:operational_latest,policy=latest_available_by_latency;latency_h=6;replay_mode=MODEL_ONLY_REPLAY;residual_convention=residual_f = actual_high_f - forecast_high_f;phase6=v2_1;replay_version=C_remaining_day_max_plus_obs;replay_mode=FULL_OPERATIONAL_REPLAY;obs_availability=assumed_fixed_lag_20m_after_observation_time,v2_1,C_remaining_day_max_plus_obs,,51.0,OK,,2026-04-02T19:00:00+00:00,2026-04-03T05:00:00+00:00,checkpoint_to_nws_cli_climate_day_end_local_standard_time_utc-5,10,10,46.0,OK,,23,1,2026-04-02T17:51:00+00:00,69.0,60.0,True,assumed_fixed_lag_20m_after_observation_time
KXHIGHNY-26APR03,2026-04-03,dminus1_1800,2026-04-02T22:00:00+00:00,gfs_operational_latest,2026-04-02T12:00:00+00:00,2026-04-02T18:00:00+00:00,prev_12z,71.7,71.7,,71.7,66.0,-5.700000000000003,nws_cli_knyc,FULL_OPERATIONAL_REPLAY,iem_nws_cli,65° to 66°,4,spring,12.0,open-meteo:single-runs:ncep_gfs_global:operational_latest,policy=latest_available_by_latency;latency_h=6;replay_mode=FULL_OPERATIONAL_REPLAY;residual_convention=residual_f = actual_high_f - forecast_high_f;phase6=v2_1;replay_version=C_remaining_day_max_plus_obs;replay_mode=FULL_OPERATIONAL_REPLAY;obs_availability=assumed_fixed_lag_20m_after_observation_time,v2_1,C_remaining_day_max_plus_obs,,71.7,OK,,2026-04-03T05:00:00+00:00,2026-04-04T05:00:00+00:00,checkpoint_to_nws_cli_climate_day_end_local_standard_time_utc-5,24,24,71.7,,,,,,,,,
KXHIGHNY-26APR03,2026-04-03,d0_0600,2026-04-03T10:00:00+00:00,gfs_operational_latest,2026-04-03T00:00:00+00:00,2026-04-03T06:00:00+00:00,day_00z,72.3,72.3,41.0,72.3,66.0,-6.299999999999997,nws_cli_knyc,FULL_OPERATIONAL_REPLAY,iem_nws_cli,65° to 66°,4,spring,0.0,open-meteo:single-runs:ncep_gfs_global:operational_latest,policy=latest_available_by_latency;latency_h=6;replay_mode=MODEL_ONLY_REPLAY;residual_convention=residual_f = actual_high_f - forecast_high_f;phase6=v2_1;replay_version=C_remaining_day_max_plus_obs;replay_mode=FULL_OPERATIONAL_REPLAY;obs_availability=assumed_fixed_lag_20m_after_observation_time,v2_1,C_remaining_day_max_plus_obs,,72.3,OK,,2026-04-03T10:00:00+00:00,2026-04-04T05:00:00+00:00,checkpoint_to_nws_cli_climate_day_end_local_standard_time_utc-5,19,19,72.3,OK,,6,1,2026-04-03T08:51:00+00:00,69.0,60.0,False,assumed_fixed_lag_20m_after_observation_time
KXHIGHNY-26APR03,2026-04-03,d0_0900,2026-04-03T13:00:00+00:00,gfs_operational_latest,2026-04-03T06:00:00+00:00,2026-04-03T12:00:00+00:00,day_06z,72.1,72.1,42.0,72.1,66.0,-6.099999999999994,nws_cli_knyc,FULL_OPERATIONAL_REPLAY,iem_nws_cli,65° to 66°,4,spring,-6.0,open-meteo:single-runs:ncep_gfs_global:operational_latest,policy=latest_available_by_latency;latency_h=6;replay_mode=MODEL_ONLY_REPLAY;residual_convention=residual_f = actual_high_f - forecast_high_f;phase6=v2_1;replay_version=C_remaining_day_max_plus_obs;replay_mode=FULL_OPERATIONAL_REPLAY;obs_availability=assumed_fixed_lag_20m_after_observation_time,v2_1,C_remaining_day_max_plus_obs,,72.1,OK,,2026-04-03T13:00:00+00:00,2026-04-04T05:00:00+00:00,checkpoint_to_nws_cli_climate_day_end_local_standard_time_utc-5,16,16,72.1,OK,,10,1,2026-04-03T11:51:00+00:00,69.0,60.0,False,assumed_fixed_lag_20m_after_observation_time
KXHIGHNY-26APR03,2026-04-03,d0_1200,2026-04-03T16:00:00+00:00,gfs_operational_latest,2026-04-03T06:00:00+00:00,2026-04-03T12:00:00+00:00,day_06z,72.1,72.1,50.0,72.1,66.0,-6.099999999999994,nws_cli_knyc,FULL_OPERATIONAL_REPLAY,iem_nws_cli,65° to 66°,4,spring,-6.0,open-meteo:single-runs:ncep_gfs_global:operational_latest,policy=latest_available_by_latency;latency_h=6;replay_mode=MODEL_ONLY_REPLAY;residual_convention=residual_f = actual_high_f - forecast_high_f;phase6=v2_1;replay_version=C_remaining_day_max_plus_obs;replay_mode=FULL_OPERATIONAL_REPLAY;obs_availability=assumed_fixed_lag_20m_after_observation_time,v2_1,C_remaining_day_max_plus_obs,,72.1,OK,,2026-04-03T16:00:00+00:00,2026-04-04T05:00:00+00:00,checkpoint_to_nws_cli_climate_day_end_local_standard_time_utc-5,13,13,72.1,OK,,16,1,2026-04-03T15:29:00+00:00,31.0,60.0,False,assumed_fixed_lag_20m_after_observation_time
KXHIGHNY-26APR03,2026-04-03,d0_1500,2026-04-03T19:00:00+00:00,gfs_operational_latest,2026-04-03T06:00:00+00:00,2026-04-03T12:00:00+00:00,day_06z,72.1,72.1,58.0,72.1,66.0,-6.099999999999994,nws_cli_knyc,FULL_OPERATIONAL_REPLAY,iem_nws_cli,65° to 66°,4,spring,-6.0,open-meteo:single-runs:ncep_gfs_global:operational_latest,policy=latest_available_by_latency;latency_h=6;replay_mode=MODEL_ONLY_REPLAY;residual_convention=residual_f = actual_high_f - forecast_high_f;phase6=v2_1;replay_version=C_remaining_day_max_plus_obs;replay_mode=FULL_OPERATIONAL_REPLAY;obs_availability=assumed_fixed_lag_20m_after_observation_time,v2_1,C_remaining_day_max_plus_obs,,72.1,OK,,2026-04-03T19:00:00+00:00,2026-04-04T05:00:00+00:00,checkpoint_to_nws_cli_climate_day_end_local_standard_time_utc-5,10,10,72.1,OK,,22,2,2026-04-03T18:35:00+00:00,25.0,60.0,False,assumed_fixed_lag_20m_after_observation_time
KXHIGHNY-26APR04,2026-04-04,dminus1_1800,2026-04-03T22:00:00+00:00,gfs_operational_latest,2026-04-03T12:00:00+00:00,2026-04-03T18:00:00+00:00,prev_12z,67.7,67.7,,67.7,73.0,5.299999999999997,nws_cli_knyc,FULL_OPERATIONAL_REPLAY,iem_nws_cli,72° to 73°,4,spring,12.0,open-meteo:single-runs:ncep_gfs_global:operational_latest,policy=latest_available_by_latency;latency_h=6;replay_mode=FULL_OPERATIONAL_REPLAY;residual_convention=residual_f = actual_high_f - forecast_high_f;phase6=v2_1;replay_version=C_remaining_day_max_plus_obs;replay_mode=FULL_OPERATIONAL_REPLAY;obs_availability=assumed_fixed_lag_20m_after_observation_time,v2_1,C_remaining_day_max_plus_obs,,67.7,OK,,2026-04-04T05:00:00+00:00,2026-04-05T05:00:00+00:00,checkpoint_to_nws_cli_climate_day_end_local_standard_time_utc-5,24,24,67.7,,,,,,,,,
KXHIGHNY-26APR04,2026-04-04,d0_0600,2026-04-04T10:00:00+00:00,gfs_operational_latest,2026-04-04T00:00:00+00:00,2026-04-04T06:00:00+00:00,day_00z,70.4,70.4,64.0,70.4,73.0,2.5999999999999943,nws_cli_knyc,FULL_OPERATIONAL_REPLAY,iem_nws_cli,72° to 73°,4,spring,0.0,open-meteo:single-runs:ncep_gfs_global:operational_latest,policy=latest_available_by_latency;latency_h=6;replay_mode=MODEL_ONLY_REPLAY;residual_convention=residual_f = actual_high_f - forecast_high_f;phase6=v2_1;replay_version=C_remaining_day_max_plus_obs;replay_mode=FULL_OPERATIONAL_REPLAY;obs_availability=assumed_fixed_lag_20m_after_observation_time,v2_1,C_remaining_day_max_plus_obs,,70.4,OK,,2026-04-04T10:00:00+00:00,2026-04-05T05:00:00+00:00,checkpoint_to_nws_cli_climate_day_end_local_standard_time_utc-5,19,19,70.4,OK,,4,1,2026-04-04T08:51:00+00:00,69.0,60.0,False,assumed_fixed_lag_20m_after_observation_time
KXHIGHNY-26APR04,2026-04-04,d0_0900,2026-04-04T13:00:00+00:00,gfs_operational_latest,2026-04-04T06:00:00+00:00,2026-04-04T12:00:00+00:00,day_06z,70.3,70.3,64.0,70.3,73.0,2.700000000000003,nws_cli_knyc,FULL_OPERATIONAL_REPLAY,iem_nws_cli,72° to 73°,4,spring,-6.0,open-meteo:single-runs:ncep_gfs_global:operational_latest,policy=latest_available_by_latency;latency_h=6;replay_mode=MODEL_ONLY_REPLAY;residual_convention=residual_f = actual_high_f - forecast_high_f;phase6=v2_1;replay_version=C_remaining_day_max_plus_obs;replay_mode=FULL_OPERATIONAL_REPLAY;obs_availability=assumed_fixed_lag_20m_after_observation_time,v2_1,C_remaining_day_max_plus_obs,,70.3,OK,,2026-04-04T13:00:00+00:00,2026-04-05T05:00:00+00:00,checkpoint_to_nws_cli_climate_day_end_local_standard_time_utc-5,16,16,70.3,OK,,7,1,2026-04-04T11:51:00+00:00,69.0,60.0,False,assumed_fixed_lag_20m_after_observation_time
KXHIGHNY-26APR04,2026-04-04,d0_1200,2026-04-04T16:00:00+00:00,gfs_operational_latest,2026-04-04T06:00:00+00:00,2026-04-04T12:00:00+00:00,day_06z,70.3,70.3,67.0,70.3,73.0,2.700000000000003,nws_cli_knyc,FULL_OPERATIONAL_REPLAY,iem_nws_cli,72° to 73°,4,spring,-6.0,open-meteo:single-runs:ncep_gfs_global:operational_latest,policy=latest_available_by_latency;latency_h=6;replay_mode=MODEL_ONLY_REPLAY;residual_convention=residual_f = actual_high_f - forecast_high_f;phase6=v2_1;replay_version=C_remaining_day_max_plus_obs;replay_mode=FULL_OPERATIONAL_REPLAY;obs_availability=assumed_fixed_lag_20m_after_observation_time,v2_1,C_remaining_day_max_plus_obs,,70.3,OK,,2026-04-04T16:00:00+00:00,2026-04-05T05:00:00+00:00,checkpoint_to_nws_cli_climate_day_end_local_standard_time_utc-5,13,13,70.3,OK,,10,1,2026-04-04T14:51:00+00:00,69.0,60.0,False,assumed_fixed_lag_20m_after_observation_time
KXHIGHNY-26APR04,2026-04-04,d0_1500,2026-04-04T19:00:00+00:00,gfs_operational_latest,2026-04-04T06:00:00+00:00,2026-04-04T12:00:00+00:00,day_06z,71.0,70.3,71.0,71.0,73.0,2.0,nws_cli_knyc,FULL_OPERATIONAL_REPLAY,iem_nws_cli,72° to 73°,4,spring,-6.0,open-meteo:single-runs:ncep_gfs_global:operational_latest,policy=latest_available_by_latency;latency_h=6;replay_mode=MODEL_ONLY_REPLAY;residual_convention=residual_f = actual_high_f - forecast_high_f;phase6=v2_1;replay_version=C_remaining_day_max_plus_obs;replay_mode=FULL_OPERATIONAL_REPLAY;obs_availability=assumed_fixed_lag_20m_after_observation_time,v2_1,C_remaining_day_max_plus_obs,,70.3,OK,,2026-04-04T19:00:00+00:00,2026-04-05T05:00:00+00:00,checkpoint_to_nws_cli_climate_day_end_local_standard_time_utc-5,10,10,70.3,OK,,13,1,2026-04-04T17:51:00+00:00,69.0,60.0,True,assumed_fixed_lag_20m_after_observation_time
KXHIGHNY-26APR05,2026-04-05,dminus1_1800,2026-04-04T22:00:00+00:00,gfs_operational_latest,2026-04-04T12:00:00+00:00,2026-04-04T18:00:00+00:00,prev_12z,60.7,60.7,,60.7,57.0,-3.700000000000003,nws_cli_knyc,FULL_OPERATIONAL_REPLAY,iem_nws_cli,59° or below,4,spring,12.0,open-meteo:single-runs:ncep_gfs_global:operational_latest,policy=latest_available_by_latency;latency_h=6;replay_mode=FULL_OPERATIONAL_REPLAY;residual_convention=residual_f = actual_high_f - forecast_high_f;phase6=v2_1;replay_version=C_remaining_day_max_plus_obs;replay_mode=FULL_OPERATIONAL_REPLAY;obs_availability=assumed_fixed_lag_20m_after_observation_time,v2_1,C_remaining_day_max_plus_obs,,60.7,OK,,2026-04-05T05:00:00+00:00,2026-04-06T05:00:00+00:00,checkpoint_to_nws_cli_climate_day_end_local_standard_time_utc-5,24,24,60.7,,,,,,,,,
KXHIGHNY-26APR05,2026-04-05,d0_0600,2026-04-05T10:00:00+00:00,gfs_operational_latest,2026-04-05T00:00:00+00:00,2026-04-05T06:00:00+00:00,day_00z,57.3,57.3,43.0,57.3,57.0,-0.29999999999999716,nws_cli_knyc,FULL_OPERATIONAL_REPLAY,iem_nws_cli,59° or below,4,spring,0.0,open-meteo:single-runs:ncep_gfs_global:operational_latest,policy=latest_available_by_latency;latency_h=6;replay_mode=MODEL_ONLY_REPLAY;residual_convention=residual_f = actual_high_f - forecast_high_f;phase6=v2_1;replay_version=C_remaining_day_max_plus_obs;replay_mode=FULL_OPERATIONAL_REPLAY;obs_availability=assumed_fixed_lag_20m_after_observation_time,v2_1,C_remaining_day_max_plus_obs,,57.3,OK,,2026-04-05T10:00:00+00:00,2026-04-06T05:00:00+00:00,checkpoint_to_nws_cli_climate_day_end_local_standard_time_utc-5,19,19,57.3,OK,,9,2,2026-04-05T08:51:00+00:00,69.0,51.0,False,assumed_fixed_lag_20m_after_observation_time
KXHIGHNY-26APR05,2026-04-05,d0_0900,2026-04-05T13:00:00+00:00,gfs_operational_latest,2026-04-05T06:00:00+00:00,2026-04-05T12:00:00+00:00,day_06z,56.2,56.2,44.0,56.2,57.0,0.7999999999999972,nws_cli_knyc,FULL_OPERATIONAL_REPLAY,iem_nws_cli,59° or below,4,spring,-6.0,open-meteo:single-runs:ncep_gfs_global:operational_latest,policy=latest_available_by_latency;latency_h=6;replay_mode=MODEL_ONLY_REPLAY;residual_convention=residual_f = actual_high_f - forecast_high_f;phase6=v2_1;replay_version=C_remaining_day_max_plus_obs;replay_mode=FULL_OPERATIONAL_REPLAY;obs_availability=assumed_fixed_lag_20m_after_observation_time,v2_1,C_remaining_day_max_plus_obs,,56.2,OK,,2026-04-05T13:00:00+00:00,2026-04-06T05:00:00+00:00,checkpoint_to_nws_cli_climate_day_end_local_standard_time_utc-5,16,16,56.2,OK,,17,2,2026-04-05T12:05:00+00:00,55.0,52.0,False,assumed_fixed_lag_20m_after_observation_time
KXHIGHNY-26APR05,2026-04-05,d0_1200,2026-04-05T16:00:00+00:00,gfs_operational_latest,2026-04-05T06:00:00+00:00,2026-04-05T12:00:00+00:00,day_06z,56.2,56.2,51.0,56.2,57.0,0.7999999999999972,nws_cli_knyc,FULL_OPERATIONAL_REPLAY,iem_nws_cli,59° or below,4,spring,-6.0,open-meteo:single-runs:ncep_gfs_global:operational_latest,policy=latest_available_by_latency;latency_h=6;replay_mode=MODEL_ONLY_REPLAY;residual_convention=residual_f = actual_high_f - forecast_high_f;phase6=v2_1;replay_version=C_remaining_day_max_plus_obs;replay_mode=FULL_OPERATIONAL_REPLAY;obs_availability=assumed_fixed_lag_20m_after_observation_time,v2_1,C_remaining_day_max_plus_obs,,56.2,OK,,2026-04-05T16:00:00+00:00,2026-04-06T05:00:00+00:00,checkpoint_to_nws_cli_climate_day_end_local_standard_time_utc-5,13,13,56.2,OK,,23,1,2026-04-05T14:51:00+00:00,69.0,52.0,False,assumed_fixed_lag_20m_after_observation_time
KXHIGHNY-26APR05,2026-04-05,d0_1500,2026-04-05T19:00:00+00:00,gfs_operational_latest,2026-04-05T06:00:00+00:00,2026-04-05T12:00:00+00:00,day_06z,57.0,56.0,57.0,57.0,57.0,0.0,nws_cli_knyc,FULL_OPERATIONAL_REPLAY,iem_nws_cli,59° or below,4,spring,-6.0,open-meteo:single-runs:ncep_gfs_global:operational_latest,policy=latest_available_by_latency;latency_h=6;replay_mode=MODEL_ONLY_REPLAY;residual_convention=residual_f = actual_high_f - forecast_high_f;phase6=v2_1;replay_version=C_remaining_day_max_plus_obs;replay_mode=FULL_OPERATIONAL_REPLAY;obs_availability=assumed_fixed_lag_20m_after_observation_time,v2_1,C_remaining_day_max_plus_obs,,56.2,OK,,2026-04-05T19:00:00+00:00,2026-04-06T05:00:00+00:00,checkpoint_to_nws_cli_climate_day_end_local_standard_time_utc-5,10,10,56.0,OK,,35,1,2026-04-05T18:23:00+00:00,37.0,60.0,True,assumed_fixed_lag_20m_after_observation_time
KXHIGHNY-26APR06,2026-04-06,dminus1_1800,2026-04-05T22:00:00+00:00,gfs_operational_latest,2026-04-05T12:00:00+00:00,2026-04-05T18:00:00+00:00,prev_12z,55.7,55.7,,55.7,56.0,0.29999999999999716,nws_cli_knyc,FULL_OPERATIONAL_REPLAY,iem_nws_cli,56° to 57°,4,spring,12.0,open-meteo:single-runs:ncep_gfs_global:operational_latest,policy=latest_available_by_latency;latency_h=6;replay_mode=FULL_OPERATIONAL_REPLAY;residual_convention=residual_f = actual_high_f - forecast_high_f;phase6=v2_1;replay_version=C_remaining_day_max_plus_obs;replay_mode=FULL_OPERATIONAL_REPLAY;obs_availability=assumed_fixed_lag_20m_after_observation_time,v2_1,C_remaining_day_max_plus_obs,,55.7,OK,,2026-04-06T05:00:00+00:00,2026-04-07T05:00:00+00:00,checkpoint_to_nws_cli_climate_day_end_local_standard_time_utc-5,24,24,55.7,,,,,,,,,
KXHIGHNY-26APR06,2026-04-06,d0_0600,2026-04-06T10:00:00+00:00,gfs_operational_latest,2026-04-06T00:00:00+00:00,2026-04-06T06:00:00+00:00,day_00z,55.5,55.5,48.0,55.5,56.0,0.5,nws_cli_knyc,FULL_OPERATIONAL_REPLAY,iem_nws_cli,56° to 57°,4,spring,0.0,open-meteo:single-runs:ncep_gfs_global:operational_latest,policy=latest_available_by_latency;latency_h=6;replay_mode=MODEL_ONLY_REPLAY;residual_convention=residual_f = actual_high_f - forecast_high_f;phase6=v2_1;replay_version=C_remaining_day_max_plus_obs;replay_mode=FULL_OPERATIONAL_REPLAY;obs_availability=assumed_fixed_lag_20m_after_observation_time,v2_1,C_remaining_day_max_plus_obs,,55.5,OK,,2026-04-06T10:00:00+00:00,2026-04-07T05:00:00+00:00,checkpoint_to_nws_cli_climate_day_end_local_standard_time_utc-5,19,19,55.5,OK,,4,1,2026-04-06T08:51:00+00:00,69.0,60.0,False,assumed_fixed_lag_20m_after_observation_time
KXHIGHNY-26APR06,2026-04-06,d0_0900,2026-04-06T13:00:00+00:00,gfs_operational_latest,2026-04-06T06:00:00+00:00,2026-04-06T12:00:00+00:00,day_06z,55.7,55.7,48.0,55.7,56.0,0.29999999999999716,nws_cli_knyc,FULL_OPERATIONAL_REPLAY,iem_nws_cli,56° to 57°,4,spring,-6.0,open-meteo:single-runs:ncep_gfs_global:operational_latest,policy=latest_available_by_latency;latency_h=6;replay_mode=MODEL_ONLY_REPLAY;residual_convention=residual_f = actual_high_f - forecast_high_f;phase6=v2_1;replay_version=C_remaining_day_max_plus_obs;replay_mode=FULL_OPERATIONAL_REPLAY;obs_availability=assumed_fixed_lag_20m_after_observation_time,v2_1,C_remaining_day_max_plus_obs,,55.7,OK,,2026-04-06T13:00:00+00:00,2026-04-07T05:00:00+00:00,checkpoint_to_nws_cli_climate_day_end_local_standard_time_utc-5,16,16,55.7,OK,,7,1,2026-04-06T11:51:00+00:00,69.0,60.0,False,assumed_fixed_lag_20m_after_observation_time
KXHIGHNY-26APR06,2026-04-06,d0_1200,2026-04-06T16:00:00+00:00,gfs_operational_latest,2026-04-06T06:00:00+00:00,2026-04-06T12:00:00+00:00,day_06z,55.7,55.7,48.0,55.7,56.0,0.29999999999999716,nws_cli_knyc,FULL_OPERATIONAL_REPLAY,iem_nws_cli,56° to 57°,4,spring,-6.0,open-meteo:single-runs:ncep_gfs_global:operational_latest,policy=latest_available_by_latency;latency_h=6;replay_mode=MODEL_ONLY_REPLAY;residual_convention=residual_f = actual_high_f - forecast_high_f;phase6=v2_1;replay_version=C_remaining_day_max_plus_obs;replay_mode=FULL_OPERATIONAL_REPLAY;obs_availability=assumed_fixed_lag_20m_after_observation_time,v2_1,C_remaining_day_max_plus_obs,,55.7,OK,,2026-04-06T16:00:00+00:00,2026-04-07T05:00:00+00:00,checkpoint_to_nws_cli_climate_day_end_local_standard_time_utc-5,13,13,55.7,OK,,10,1,2026-04-06T14:51:00+00:00,69.0,60.0,False,assumed_fixed_lag_20m_after_observation_time
KXHIGHNY-26APR06,2026-04-06,d0_1500,2026-04-06T19:00:00+00:00,gfs_operational_latest,2026-04-06T06:00:00+00:00,2026-04-06T12:00:00+00:00,day_06z,55.7,55.7,52.0,55.7,56.0,0.29999999999999716,nws_cli_knyc,FULL_OPERATIONAL_REPLAY,iem_nws_cli,56° to 57°,4,spring,-6.0,open-meteo:single-runs:ncep_gfs_global:operational_latest,policy=latest_available_by_latency;latency_h=6;replay_mode=MODEL_ONLY_REPLAY;residual_convention=residual_f = actual_high_f - forecast_high_f;phase6=v2_1;replay_version=C_remaining_day_max_plus_obs;replay_mode=FULL_OPERATIONAL_REPLAY;obs_availability=assumed_fixed_lag_20m_after_observation_time,v2_1,C_remaining_day_max_plus_obs,,55.7,OK,,2026-04-06T19:00:00+00:00,2026-04-07T05:00:00+00:00,checkpoint_to_nws_cli_climate_day_end_local_standard_time_utc-5,10,10,55.7,OK,,13,1,2026-04-06T17:51:00+00:00,69.0,60.0,False,assumed_fixed_lag_20m_after_observation_time
KXHIGHNY-26APR07,2026-04-07,dminus1_1800,2026-04-06T22:00:00+00:00,gfs_operational_latest,2026-04-06T12:00:00+00:00,2026-04-06T18:00:00+00:00,prev_12z,51.5,51.5,,51.5,56.0,4.5,nws_cli_knyc,FULL_OPERATIONAL_REPLAY,iem_nws_cli,56° or above,4,spring,12.0,open-meteo:single-runs:ncep_gfs_global:operational_latest,policy=latest_available_by_latency;latency_h=6;replay_mode=FULL_OPERATIONAL_REPLAY;residual_convention=residual_f = actual_high_f - forecast_high_f;phase6=v2_1;replay_version=C_remaining_day_max_plus_obs;replay_mode=FULL_OPERATIONAL_REPLAY;obs_availability=assumed_fixed_lag_20m_after_observation_time,v2_1,C_remaining_day_max_plus_obs,,51.5,OK,,2026-04-07T05:00:00+00:00,2026-04-08T05:00:00+00:00,checkpoint_to_nws_cli_climate_day_end_local_standard_time_utc-5,24,24,51.5,,,,,,,,,
KXHIGHNY-26APR07,2026-04-07,d0_0600,2026-04-07T10:00:00+00:00,gfs_operational_latest,2026-04-07T00:00:00+00:00,2026-04-07T06:00:00+00:00,day_00z,51.5,51.5,48.0,51.5,56.0,4.5,nws_cli_knyc,FULL_OPERATIONAL_REPLAY,iem_nws_cli,56° or above,4,spring,0.0,open-meteo:single-runs:ncep_gfs_global:operational_latest,policy=latest_available_by_latency;latency_h=6;replay_mode=MODEL_ONLY_REPLAY;residual_convention=residual_f = actual_high_f - forecast_high_f;phase6=v2_1;replay_version=C_remaining_day_max_plus_obs;replay_mode=FULL_OPERATIONAL_REPLAY;obs_availability=assumed_fixed_lag_20m_after_observation_time,v2_1,C_remaining_day_max_plus_obs,,51.5,OK,,2026-04-07T10:00:00+00:00,2026-04-08T05:00:00+00:00,checkpoint_to_nws_cli_climate_day_end_local_standard_time_utc-5,19,19,51.5,OK,,4,1,2026-04-07T08:51:00+00:00,69.0,60.0,False,assumed_fixed_lag_20m_after_observation_time
KXHIGHNY-26APR07,2026-04-07,d0_0900,2026-04-07T13:00:00+00:00,gfs_operational_latest,2026-04-07T06:00:00+00:00,2026-04-07T12:00:00+00:00,day_06z,51.5,51.5,50.0,51.5,56.0,4.5,nws_cli_knyc,FULL_OPERATIONAL_REPLAY,iem_nws_cli,56° or above,4,spring,-6.0,open-meteo:single-runs:ncep_gfs_global:operational_latest,policy=latest_available_by_latency;latency_h=6;replay_mode=MODEL_ONLY_REPLAY;residual_convention=residual_f = actual_high_f - forecast_high_f;phase6=v2_1;replay_version=C_remaining_day_max_plus_obs;replay_mode=FULL_OPERATIONAL_REPLAY;obs_availability=assumed_fixed_lag_20m_after_observation_time,v2_1,C_remaining_day_max_plus_obs,,51.5,OK,,2026-04-07T13:00:00+00:00,2026-04-08T05:00:00+00:00,checkpoint_to_nws_cli_climate_day_end_local_standard_time_utc-5,16,16,51.5,OK,,7,1,2026-04-07T11:51:00+00:00,69.0,60.0,False,assumed_fixed_lag_20m_after_observation_time
KXHIGHNY-26APR07,2026-04-07,d0_1200,2026-04-07T16:00:00+00:00,gfs_operational_latest,2026-04-07T06:00:00+00:00,2026-04-07T12:00:00+00:00,day_06z,51.5,51.5,51.0,51.5,56.0,4.5,nws_cli_knyc,FULL_OPERATIONAL_REPLAY,iem_nws_cli,56° or above,4,spring,-6.0,open-meteo:single-runs:ncep_gfs_global:operational_latest,policy=latest_available_by_latency;latency_h=6;replay_mode=MODEL_ONLY_REPLAY;residual_convention=residual_f = actual_high_f - forecast_high_f;phase6=v2_1;replay_version=C_remaining_day_max_plus_obs;replay_mode=FULL_OPERATIONAL_REPLAY;obs_availability=assumed_fixed_lag_20m_after_observation_time,v2_1,C_remaining_day_max_plus_obs,,51.5,OK,,2026-04-07T16:00:00+00:00,2026-04-08T05:00:00+00:00,checkpoint_to_nws_cli_climate_day_end_local_standard_time_utc-5,13,13,51.5,OK,,10,1,2026-04-07T14:51:00+00:00,69.0,60.0,False,assumed_fixed_lag_20m_after_observation_time
KXHIGHNY-26APR07,2026-04-07,d0_1500,2026-04-07T19:00:00+00:00,gfs_operational_latest,2026-04-07T06:00:00+00:00,2026-04-07T12:00:00+00:00,day_06z,54.0,49.4,54.0,54.0,56.0,2.0,nws_cli_knyc,FULL_OPERATIONAL_REPLAY,iem_nws_cli,56° or above,4,spring,-6.0,open-meteo:single-runs:ncep_gfs_global:operational_latest,policy=latest_available_by_latency;latency_h=6;replay_mode=MODEL_ONLY_REPLAY;residual_convention=residual_f = actual_high_f - forecast_high_f;phase6=v2_1;replay_version=C_remaining_day_max_plus_obs;replay_mode=FULL_OPERATIONAL_REPLAY;obs_availability=assumed_fixed_lag_20m_after_observation_time,v2_1,C_remaining_day_max_plus_obs,,51.5,OK,,2026-04-07T19:00:00+00:00,2026-04-08T05:00:00+00:00,checkpoint_to_nws_cli_climate_day_end_local_standard_time_utc-5,10,10,49.4,OK,,13,1,2026-04-07T17:51:00+00:00,69.0,60.0,True,assumed_fixed_lag_20m_after_observation_time
KXHIGHNY-26APR08,2026-04-08,dminus1_1800,2026-04-07T22:00:00+00:00,gfs_operational_latest,2026-04-07T12:00:00+00:00,2026-04-07T18:00:00+00:00,prev_12z,51.2,51.2,,51.2,51.0,-0.20000000000000284,nws_cli_knyc,FULL_OPERATIONAL_REPLAY,iem_nws_cli,50° to 51°,4,spring,12.0,open-meteo:single-runs:ncep_gfs_global:operational_latest,policy=latest_available_by_latency;latency_h=6;replay_mode=FULL_OPERATIONAL_REPLAY;residual_convention=residual_f = actual_high_f - forecast_high_f;phase6=v2_1;replay_version=C_remaining_day_max_plus_obs;replay_mode=FULL_OPERATIONAL_REPLAY;obs_availability=assumed_fixed_lag_20m_after_observation_time,v2_1,C_remaining_day_max_plus_obs,,51.2,OK,,2026-04-08T05:00:00+00:00,2026-04-09T05:00:00+00:00,checkpoint_to_nws_cli_climate_day_end_local_standard_time_utc-5,24,24,51.2,,,,,,,,,
KXHIGHNY-26APR08,2026-04-08,d0_0600,2026-04-08T10:00:00+00:00,gfs_operational_latest,2026-04-08T00:00:00+00:00,2026-04-08T06:00:00+00:00,day_00z,50.3,50.3,32.0,50.3,51.0,0.7000000000000028,nws_cli_knyc,FULL_OPERATIONAL_REPLAY,iem_nws_cli,50° to 51°,4,spring,0.0,open-meteo:single-runs:ncep_gfs_global:operational_latest,policy=latest_available_by_latency;latency_h=6;replay_mode=MODEL_ONLY_REPLAY;residual_convention=residual_f = actual_high_f - forecast_high_f;phase6=v2_1;replay_version=C_remaining_day_max_plus_obs;replay_mode=FULL_OPERATIONAL_REPLAY;obs_availability=assumed_fixed_lag_20m_after_observation_time,v2_1,C_remaining_day_max_plus_obs,,50.3,OK,,2026-04-08T10:00:00+00:00,2026-04-09T05:00:00+00:00,checkpoint_to_nws_cli_climate_day_end_local_standard_time_utc-5,19,19,50.3,OK,,4,1,2026-04-08T08:51:00+00:00,69.0,60.0,False,assumed_fixed_lag_20m_after_observation_time
KXHIGHNY-26APR08,2026-04-08,d0_0900,2026-04-08T13:00:00+00:00,gfs_operational_latest,2026-04-08T06:00:00+00:00,2026-04-08T12:00:00+00:00,day_06z,50.3,50.3,32.0,50.3,51.0,0.7000000000000028,nws_cli_knyc,FULL_OPERATIONAL_REPLAY,iem_nws_cli,50° to 51°,4,spring,-6.0,open-meteo:single-runs:ncep_gfs_global:operational_latest,policy=latest_available_by_latency;latency_h=6;replay_mode=MODEL_ONLY_REPLAY;residual_convention=residual_f = actual_high_f - forecast_high_f;phase6=v2_1;replay_version=C_remaining_day_max_plus_obs;replay_mode=FULL_OPERATIONAL_REPLAY;obs_availability=assumed_fixed_lag_20m_after_observation_time,v2_1,C_remaining_day_max_plus_obs,,50.3,OK,,2026-04-08T13:00:00+00:00,2026-04-09T05:00:00+00:00,checkpoint_to_nws_cli_climate_day_end_local_standard_time_utc-5,16,16,50.3,OK,,7,1,2026-04-08T11:51:00+00:00,69.0,60.0,False,assumed_fixed_lag_20m_after_observation_time
KXHIGHNY-26APR08,2026-04-08,d0_1200,2026-04-08T16:00:00+00:00,gfs_operational_latest,2026-04-08T06:00:00+00:00,2026-04-08T12:00:00+00:00,day_06z,50.3,50.3,38.0,50.3,51.0,0.7000000000000028,nws_cli_knyc,FULL_OPERATIONAL_REPLAY,iem_nws_cli,50° to 51°,4,spring,-6.0,open-meteo:single-runs:ncep_gfs_global:operational_latest,policy=latest_available_by_latency;latency_h=6;replay_mode=MODEL_ONLY_REPLAY;residual_convention=residual_f = actual_high_f - forecast_high_f;phase6=v2_1;replay_version=C_remaining_day_max_plus_obs;replay_mode=FULL_OPERATIONAL_REPLAY;obs_availability=assumed_fixed_lag_20m_after_observation_time,v2_1,C_remaining_day_max_plus_obs,,50.3,OK,,2026-04-08T16:00:00+00:00,2026-04-09T05:00:00+00:00,checkpoint_to_nws_cli_climate_day_end_local_standard_time_utc-5,13,13,50.3,OK,,10,1,2026-04-08T14:51:00+00:00,69.0,60.0,False,assumed_fixed_lag_20m_after_observation_time
KXHIGHNY-26APR08,2026-04-08,d0_1500,2026-04-08T19:00:00+00:00,gfs_operational_latest,2026-04-08T06:00:00+00:00,2026-04-08T12:00:00+00:00,day_06z,50.3,50.3,46.0,50.3,51.0,0.7000000000000028,nws_cli_knyc,FULL_OPERATIONAL_REPLAY,iem_nws_cli,50° to 51°,4,spring,-6.0,open-meteo:single-runs:ncep_gfs_global:operational_latest,policy=latest_available_by_latency;latency_h=6;replay_mode=MODEL_ONLY_REPLAY;residual_convention=residual_f = actual_high_f - forecast_high_f;phase6=v2_1;replay_version=C_remaining_day_max_plus_obs;replay_mode=FULL_OPERATIONAL_REPLAY;obs_availability=assumed_fixed_lag_20m_after_observation_time,v2_1,C_remaining_day_max_plus_obs,,50.3,OK,,2026-04-08T19:00:00+00:00,2026-04-09T05:00:00+00:00,checkpoint_to_nws_cli_climate_day_end_local_standard_time_utc-5,10,10,50.3,OK,,13,1,2026-04-08T17:51:00+00:00,69.0,60.0,False,assumed_fixed_lag_20m_after_observation_time
KXHIGHNY-26APR09,2026-04-09,dminus1_1800,2026-04-08T22:00:00+00:00,gfs_operational_latest,2026-04-08T12:00:00+00:00,2026-04-08T18:00:00+00:00,prev_12z,51.7,51.7,,51.7,51.0,-0.7000000000000028,nws_cli_knyc,FULL_OPERATIONAL_REPLAY,iem_nws_cli,52° or below,4,spring,12.0,open-meteo:single-runs:ncep_gfs_global:operational_latest,policy=latest_available_by_latency;latency_h=6;replay_mode=FULL_OPERATIONAL_REPLAY;residual_convention=residual_f = actual_high_f - forecast_high_f;phase6=v2_1;replay_version=C_remaining_day_max_plus_obs;replay_mode=FULL_OPERATIONAL_REPLAY;obs_availability=assumed_fixed_lag_20m_after_observation_time,v2_1,C_remaining_day_max_plus_obs,,51.7,OK,,2026-04-09T05:00:00+00:00,2026-04-10T05:00:00+00:00,checkpoint_to_nws_cli_climate_day_end_local_standard_time_utc-5,24,24,51.7,,,,,,,,,
KXHIGHNY-26APR09,2026-04-09,d0_0600,2026-04-09T10:00:00+00:00,gfs_operational_latest,2026-04-09T00:00:00+00:00,2026-04-09T06:00:00+00:00,day_00z,52.3,52.3,38.0,52.3,51.0,-1.2999999999999972,nws_cli_knyc,FULL_OPERATIONAL_REPLAY,iem_nws_cli,52° or below,4,spring,0.0,open-meteo:single-runs:ncep_gfs_global:operational_latest,policy=latest_available_by_latency;latency_h=6;replay_mode=MODEL_ONLY_REPLAY;residual_convention=residual_f = actual_high_f - forecast_high_f;phase6=v2_1;replay_version=C_remaining_day_max_plus_obs;replay_mode=FULL_OPERATIONAL_REPLAY;obs_availability=assumed_fixed_lag_20m_after_observation_time,v2_1,C_remaining_day_max_plus_obs,,52.3,OK,,2026-04-09T10:00:00+00:00,2026-04-10T05:00:00+00:00,checkpoint_to_nws_cli_climate_day_end_local_standard_time_utc-5,19,19,52.3,OK,,4,1,2026-04-09T08:51:00+00:00,69.0,60.0,False,assumed_fixed_lag_20m_after_observation_time
KXHIGHNY-26APR09,2026-04-09,d0_0900,2026-04-09T13:00:00+00:00,gfs_operational_latest,2026-04-09T06:00:00+00:00,2026-04-09T12:00:00+00:00,day_06z,51.5,51.5,39.0,51.5,51.0,-0.5,nws_cli_knyc,FULL_OPERATIONAL_REPLAY,iem_nws_cli,52° or below,4,spring,-6.0,open-meteo:single-runs:ncep_gfs_global:operational_latest,policy=latest_available_by_latency;latency_h=6;replay_mode=MODEL_ONLY_REPLAY;residual_convention=residual_f = actual_high_f - forecast_high_f;phase6=v2_1;replay_version=C_remaining_day_max_plus_obs;replay_mode=FULL_OPERATIONAL_REPLAY;obs_availability=assumed_fixed_lag_20m_after_observation_time,v2_1,C_remaining_day_max_plus_obs,,51.5,OK,,2026-04-09T13:00:00+00:00,2026-04-10T05:00:00+00:00,checkpoint_to_nws_cli_climate_day_end_local_standard_time_utc-5,16,16,51.5,OK,,7,1,2026-04-09T11:51:00+00:00,69.0,60.0,False,assumed_fixed_lag_20m_after_observation_time
KXHIGHNY-26APR09,2026-04-09,d0_1200,2026-04-09T16:00:00+00:00,gfs_operational_latest,2026-04-09T06:00:00+00:00,2026-04-09T12:00:00+00:00,day_06z,51.5,51.5,46.0,51.5,51.0,-0.5,nws_cli_knyc,FULL_OPERATIONAL_REPLAY,iem_nws_cli,52° or below,4,spring,-6.0,open-meteo:single-runs:ncep_gfs_global:operational_latest,policy=latest_available_by_latency;latency_h=6;replay_mode=MODEL_ONLY_REPLAY;residual_convention=residual_f = actual_high_f - forecast_high_f;phase6=v2_1;replay_version=C_remaining_day_max_plus_obs;replay_mode=FULL_OPERATIONAL_REPLAY;obs_availability=assumed_fixed_lag_20m_after_observation_time,v2_1,C_remaining_day_max_plus_obs,,51.5,OK,,2026-04-09T16:00:00+00:00,2026-04-10T05:00:00+00:00,checkpoint_to_nws_cli_climate_day_end_local_standard_time_utc-5,13,13,51.5,OK,,10,1,2026-04-09T14:51:00+00:00,69.0,60.0,False,assumed_fixed_lag_20m_after_observation_time
KXHIGHNY-26APR09,2026-04-09,d0_1500,2026-04-09T19:00:00+00:00,gfs_operational_latest,2026-04-09T06:00:00+00:00,2026-04-09T12:00:00+00:00,day_06z,51.5,51.5,49.0,51.5,51.0,-0.5,nws_cli_knyc,FULL_OPERATIONAL_REPLAY,iem_nws_cli,52° or below,4,spring,-6.0,open-meteo:single-runs:ncep_gfs_global:operational_latest,policy=latest_available_by_latency;latency_h=6;replay_mode=MODEL_ONLY_REPLAY;residual_convention=residual_f = actual_high_f - forecast_high_f;phase6=v2_1;replay_version=C_remaining_day_max_plus_obs;replay_mode=FULL_OPERATIONAL_REPLAY;obs_availability=assumed_fixed_lag_20m_after_observation_time,v2_1,C_remaining_day_max_plus_obs,,51.5,OK,,2026-04-09T19:00:00+00:00,2026-04-10T05:00:00+00:00,checkpoint_to_nws_cli_climate_day_end_local_standard_time_utc-5,10,10,51.5,OK,,13,1,2026-04-09T17:51:00+00:00,69.0,60.0,False,assumed_fixed_lag_20m_after_observation_time
KXHIGHNY-26APR10,2026-04-10,dminus1_1800,2026-04-09T22:00:00+00:00,gfs_operational_latest,2026-04-09T12:00:00+00:00,2026-04-09T18:00:00+00:00,prev_12z,64.5,64.5,,64.5,63.0,-1.5,nws_cli_knyc,FULL_OPERATIONAL_REPLAY,iem_nws_cli,63° to 64°,4,spring,12.0,open-meteo:single-runs:ncep_gfs_global:operational_latest,policy=latest_available_by_latency;latency_h=6;replay_mode=FULL_OPERATIONAL_REPLAY;residual_convention=residual_f = actual_high_f - forecast_high_f;phase6=v2_1;replay_version=C_remaining_day_max_plus_obs;replay_mode=FULL_OPERATIONAL_REPLAY;obs_availability=assumed_fixed_lag_20m_after_observation_time,v2_1,C_remaining_day_max_plus_obs,,64.5,OK,,2026-04-10T05:00:00+00:00,2026-04-11T05:00:00+00:00,checkpoint_to_nws_cli_climate_day_end_local_standard_time_utc-5,24,24,64.5,,,,,,,,,
KXHIGHNY-26APR10,2026-04-10,d0_0600,2026-04-10T10:00:00+00:00,gfs_operational_latest,2026-04-10T00:00:00+00:00,2026-04-10T06:00:00+00:00,day_00z,63.2,63.2,41.0,63.2,63.0,-0.20000000000000284,nws_cli_knyc,FULL_OPERATIONAL_REPLAY,iem_nws_cli,63° to 64°,4,spring,0.0,open-meteo:single-runs:ncep_gfs_global:operational_latest,policy=latest_available_by_latency;latency_h=6;replay_mode=MODEL_ONLY_REPLAY;residual_convention=residual_f = actual_high_f - forecast_high_f;phase6=v2_1;replay_version=C_remaining_day_max_plus_obs;replay_mode=FULL_OPERATIONAL_REPLAY;obs_availability=assumed_fixed_lag_20m_after_observation_time,v2_1,C_remaining_day_max_plus_obs,,63.2,OK,,2026-04-10T10:00:00+00:00,2026-04-11T05:00:00+00:00,checkpoint_to_nws_cli_climate_day_end_local_standard_time_utc-5,19,19,63.2,OK,,4,1,2026-04-10T08:51:00+00:00,69.0,60.0,False,assumed_fixed_lag_20m_after_observation_time
KXHIGHNY-26APR10,2026-04-10,d0_0900,2026-04-10T13:00:00+00:00,gfs_operational_latest,2026-04-10T06:00:00+00:00,2026-04-10T12:00:00+00:00,day_06z,63.6,63.6,42.0,63.6,63.0,-0.6000000000000014,nws_cli_knyc,FULL_OPERATIONAL_REPLAY,iem_nws_cli,63° to 64°,4,spring,-6.0,open-meteo:single-runs:ncep_gfs_global:operational_latest,policy=latest_available_by_latency;latency_h=6;replay_mode=MODEL_ONLY_REPLAY;residual_convention=residual_f = actual_high_f - forecast_high_f;phase6=v2_1;replay_version=C_remaining_day_max_plus_obs;replay_mode=FULL_OPERATIONAL_REPLAY;obs_availability=assumed_fixed_lag_20m_after_observation_time,v2_1,C_remaining_day_max_plus_obs,,63.6,OK,,2026-04-10T13:00:00+00:00,2026-04-11T05:00:00+00:00,checkpoint_to_nws_cli_climate_day_end_local_standard_time_utc-5,16,16,63.6,OK,,7,1,2026-04-10T11:51:00+00:00,69.0,60.0,False,assumed_fixed_lag_20m_after_observation_time
KXHIGHNY-26APR10,2026-04-10,d0_1200,2026-04-10T16:00:00+00:00,gfs_operational_latest,2026-04-10T06:00:00+00:00,2026-04-10T12:00:00+00:00,day_06z,63.6,63.6,51.0,63.6,63.0,-0.6000000000000014,nws_cli_knyc,FULL_OPERATIONAL_REPLAY,iem_nws_cli,63° to 64°,4,spring,-6.0,open-meteo:single-runs:ncep_gfs_global:operational_latest,policy=latest_available_by_latency;latency_h=6;replay_mode=MODEL_ONLY_REPLAY;residual_convention=residual_f = actual_high_f - forecast_high_f;phase6=v2_1;replay_version=C_remaining_day_max_plus_obs;replay_mode=FULL_OPERATIONAL_REPLAY;obs_availability=assumed_fixed_lag_20m_after_observation_time,v2_1,C_remaining_day_max_plus_obs,,63.6,OK,,2026-04-10T16:00:00+00:00,2026-04-11T05:00:00+00:00,checkpoint_to_nws_cli_climate_day_end_local_standard_time_utc-5,13,13,63.6,OK,,10,1,2026-04-10T14:51:00+00:00,69.0,60.0,False,assumed_fixed_lag_20m_after_observation_time
KXHIGHNY-26APR10,2026-04-10,d0_1500,2026-04-10T19:00:00+00:00,gfs_operational_latest,2026-04-10T06:00:00+00:00,2026-04-10T12:00:00+00:00,day_06z,63.6,63.6,62.0,63.6,63.0,-0.6000000000000014,nws_cli_knyc,FULL_OPERATIONAL_REPLAY,iem_nws_cli,63° to 64°,4,spring,-6.0,open-meteo:single-runs:ncep_gfs_global:operational_latest,policy=latest_available_by_latency;latency_h=6;replay_mode=MODEL_ONLY_REPLAY;residual_convention=residual_f = actual_high_f - forecast_high_f;phase6=v2_1;replay_version=C_remaining_day_max_plus_obs;replay_mode=FULL_OPERATIONAL_REPLAY;obs_availability=assumed_fixed_lag_20m_after_observation_time,v2_1,C_remaining_day_max_plus_obs,,63.6,OK,,2026-04-10T19:00:00+00:00,2026-04-11T05:00:00+00:00,checkpoint_to_nws_cli_climate_day_end_local_standard_time_utc-5,10,10,63.6,OK,,13,1,2026-04-10T17:51:00+00:00,69.0,60.0,False,assumed_fixed_lag_20m_after_observation_time
KXHIGHNY-26APR11,2026-04-11,dminus1_1800,2026-04-10T22:00:00+00:00,gfs_operational_latest,2026-04-10T12:00:00+00:00,2026-04-10T18:00:00+00:00,prev_12z,61.3,61.3,,61.3,63.0,1.7000000000000028,nws_cli_knyc,FULL_OPERATIONAL_REPLAY,iem_nws_cli,63° to 64°,4,spring,12.0,open-meteo:single-runs:ncep_gfs_global:operational_latest,policy=latest_available_by_latency;latency_h=6;replay_mode=FULL_OPERATIONAL_REPLAY;residual_convention=residual_f = actual_high_f - forecast_high_f;phase6=v2_1;replay_version=C_remaining_day_max_plus_obs;replay_mode=FULL_OPERATIONAL_REPLAY;obs_availability=assumed_fixed_lag_20m_after_observation_time,v2_1,C_remaining_day_max_plus_obs,,61.3,OK,,2026-04-11T05:00:00+00:00,2026-04-12T05:00:00+00:00,checkpoint_to_nws_cli_climate_day_end_local_standard_time_utc-5,24,24,61.3,,,,,,,,,
KXHIGHNY-26APR11,2026-04-11,d0_0600,2026-04-11T10:00:00+00:00,gfs_operational_latest,2026-04-11T00:00:00+00:00,2026-04-11T06:00:00+00:00,day_00z,61.3,61.3,59.0,61.3,63.0,1.7000000000000028,nws_cli_knyc,FULL_OPERATIONAL_REPLAY,iem_nws_cli,63° to 64°,4,spring,0.0,open-meteo:single-runs:ncep_gfs_global:operational_latest,policy=latest_available_by_latency;latency_h=6;replay_mode=MODEL_ONLY_REPLAY;residual_convention=residual_f = actual_high_f - forecast_high_f;phase6=v2_1;replay_version=C_remaining_day_max_plus_obs;replay_mode=FULL_OPERATIONAL_REPLAY;obs_availability=assumed_fixed_lag_20m_after_observation_time,v2_1,C_remaining_day_max_plus_obs,,61.3,OK,,2026-04-11T10:00:00+00:00,2026-04-12T05:00:00+00:00,checkpoint_to_nws_cli_climate_day_end_local_standard_time_utc-5,19,19,61.3,OK,,5,1,2026-04-11T08:51:00+00:00,69.0,60.0,False,assumed_fixed_lag_20m_after_observation_time
KXHIGHNY-26APR11,2026-04-11,d0_0900,2026-04-11T13:00:00+00:00,gfs_operational_latest,2026-04-11T06:00:00+00:00,2026-04-11T12:00:00+00:00,day_06z,61.4,61.4,59.0,61.4,63.0,1.6000000000000014,nws_cli_knyc,FULL_OPERATIONAL_REPLAY,iem_nws_cli,63° to 64°,4,spring,-6.0,open-meteo:single-runs:ncep_gfs_global:operational_latest,policy=latest_available_by_latency;latency_h=6;replay_mode=MODEL_ONLY_REPLAY;residual_convention=residual_f = actual_high_f - forecast_high_f;phase6=v2_1;replay_version=C_remaining_day_max_plus_obs;replay_mode=FULL_OPERATIONAL_REPLAY;obs_availability=assumed_fixed_lag_20m_after_observation_time,v2_1,C_remaining_day_max_plus_obs,,61.4,OK,,2026-04-11T13:00:00+00:00,2026-04-12T05:00:00+00:00,checkpoint_to_nws_cli_climate_day_end_local_standard_time_utc-5,16,16,61.4,OK,,8,1,2026-04-11T11:51:00+00:00,69.0,60.0,False,assumed_fixed_lag_20m_after_observation_time
KXHIGHNY-26APR11,2026-04-11,d0_1200,2026-04-11T16:00:00+00:00,gfs_operational_latest,2026-04-11T06:00:00+00:00,2026-04-11T12:00:00+00:00,day_06z,61.4,61.4,59.0,61.4,63.0,1.6000000000000014,nws_cli_knyc,FULL_OPERATIONAL_REPLAY,iem_nws_cli,63° to 64°,4,spring,-6.0,open-meteo:single-runs:ncep_gfs_global:operational_latest,policy=latest_available_by_latency;latency_h=6;replay_mode=MODEL_ONLY_REPLAY;residual_convention=residual_f = actual_high_f - forecast_high_f;phase6=v2_1;replay_version=C_remaining_day_max_plus_obs;replay_mode=FULL_OPERATIONAL_REPLAY;obs_availability=assumed_fixed_lag_20m_after_observation_time,v2_1,C_remaining_day_max_plus_obs,,61.4,OK,,2026-04-11T16:00:00+00:00,2026-04-12T05:00:00+00:00,checkpoint_to_nws_cli_climate_day_end_local_standard_time_utc-5,13,13,61.4,OK,,11,1,2026-04-11T14:51:00+00:00,69.0,60.0,False,assumed_fixed_lag_20m_after_observation_time
KXHIGHNY-26APR11,2026-04-11,d0_1500,2026-04-11T19:00:00+00:00,gfs_operational_latest,2026-04-11T06:00:00+00:00,2026-04-11T12:00:00+00:00,day_06z,62.0,61.4,62.0,62.0,63.0,1.0,nws_cli_knyc,FULL_OPERATIONAL_REPLAY,iem_nws_cli,63° to 64°,4,spring,-6.0,open-meteo:single-runs:ncep_gfs_global:operational_latest,policy=latest_available_by_latency;latency_h=6;replay_mode=MODEL_ONLY_REPLAY;residual_convention=residual_f = actual_high_f - forecast_high_f;phase6=v2_1;replay_version=C_remaining_day_max_plus_obs;replay_mode=FULL_OPERATIONAL_REPLAY;obs_availability=assumed_fixed_lag_20m_after_observation_time,v2_1,C_remaining_day_max_plus_obs,,61.4,OK,,2026-04-11T19:00:00+00:00,2026-04-12T05:00:00+00:00,checkpoint_to_nws_cli_climate_day_end_local_standard_time_utc-5,10,10,61.4,OK,,14,1,2026-04-11T17:51:00+00:00,69.0,60.0,True,assumed_fixed_lag_20m_after_observation_time
KXHIGHNY-26APR12,2026-04-12,dminus1_1800,2026-04-11T22:00:00+00:00,gfs_operational_latest,2026-04-11T12:00:00+00:00,2026-04-11T18:00:00+00:00,prev_12z,56.0,56.0,,56.0,55.0,-1.0,nws_cli_knyc,FULL_OPERATIONAL_REPLAY,iem_nws_cli,55° or below,4,spring,12.0,open-meteo:single-runs:ncep_gfs_global:operational_latest,policy=latest_available_by_latency;latency_h=6;replay_mode=FULL_OPERATIONAL_REPLAY;residual_convention=residual_f = actual_high_f - forecast_high_f;phase6=v2_1;replay_version=C_remaining_day_max_plus_obs;replay_mode=FULL_OPERATIONAL_REPLAY;obs_availability=assumed_fixed_lag_20m_after_observation_time,v2_1,C_remaining_day_max_plus_obs,,56.0,OK,,2026-04-12T05:00:00+00:00,2026-04-13T05:00:00+00:00,checkpoint_to_nws_cli_climate_day_end_local_standard_time_utc-5,24,24,56.0,,,,,,,,,
KXHIGHNY-26APR12,2026-04-12,d0_0600,2026-04-12T10:00:00+00:00,gfs_operational_latest,2026-04-12T00:00:00+00:00,2026-04-12T06:00:00+00:00,day_00z,56.2,56.2,47.0,56.2,55.0,-1.2000000000000028,nws_cli_knyc,FULL_OPERATIONAL_REPLAY,iem_nws_cli,55° or below,4,spring,0.0,open-meteo:single-runs:ncep_gfs_global:operational_latest,policy=latest_available_by_latency;latency_h=6;replay_mode=MODEL_ONLY_REPLAY;residual_convention=residual_f = actual_high_f - forecast_high_f;phase6=v2_1;replay_version=C_remaining_day_max_plus_obs;replay_mode=FULL_OPERATIONAL_REPLAY;obs_availability=assumed_fixed_lag_20m_after_observation_time,v2_1,C_remaining_day_max_plus_obs,,56.2,OK,,2026-04-12T10:00:00+00:00,2026-04-13T05:00:00+00:00,checkpoint_to_nws_cli_climate_day_end_local_standard_time_utc-5,19,19,56.2,OK,,4,1,2026-04-12T08:51:00+00:00,69.0,60.0,False,assumed_fixed_lag_20m_after_observation_time
KXHIGHNY-26APR12,2026-04-12,d0_0900,2026-04-12T13:00:00+00:00,gfs_operational_latest,2026-04-12T06:00:00+00:00,2026-04-12T12:00:00+00:00,day_06z,56.0,56.0,47.0,56.0,55.0,-1.0,nws_cli_knyc,FULL_OPERATIONAL_REPLAY,iem_nws_cli,55° or below,4,spring,-6.0,open-meteo:single-runs:ncep_gfs_global:operational_latest,policy=latest_available_by_latency;latency_h=6;replay_mode=MODEL_ONLY_REPLAY;residual_convention=residual_f = actual_high_f - forecast_high_f;phase6=v2_1;replay_version=C_remaining_day_max_plus_obs;replay_mode=FULL_OPERATIONAL_REPLAY;obs_availability=assumed_fixed_lag_20m_after_observation_time,v2_1,C_remaining_day_max_plus_obs,,56.0,OK,,2026-04-12T13:00:00+00:00,2026-04-13T05:00:00+00:00,checkpoint_to_nws_cli_climate_day_end_local_standard_time_utc-5,16,16,56.0,OK,,7,1,2026-04-12T11:51:00+00:00,69.0,60.0,False,assumed_fixed_lag_20m_after_observation_time
KXHIGHNY-26APR12,2026-04-12,d0_1200,2026-04-12T16:00:00+00:00,gfs_operational_latest,2026-04-12T06:00:00+00:00,2026-04-12T12:00:00+00:00,day_06z,56.0,56.0,53.0,56.0,55.0,-1.0,nws_cli_knyc,FULL_OPERATIONAL_REPLAY,iem_nws_cli,55° or below,4,spring,-6.0,open-meteo:single-runs:ncep_gfs_global:operational_latest,policy=latest_available_by_latency;latency_h=6;replay_mode=MODEL_ONLY_REPLAY;residual_convention=residual_f = actual_high_f - forecast_high_f;phase6=v2_1;replay_version=C_remaining_day_max_plus_obs;replay_mode=FULL_OPERATIONAL_REPLAY;obs_availability=assumed_fixed_lag_20m_after_observation_time,v2_1,C_remaining_day_max_plus_obs,,56.0,OK,,2026-04-12T16:00:00+00:00,2026-04-13T05:00:00+00:00,checkpoint_to_nws_cli_climate_day_end_local_standard_time_utc-5,13,13,56.0,OK,,10,1,2026-04-12T14:51:00+00:00,69.0,60.0,False,assumed_fixed_lag_20m_after_observation_time
KXHIGHNY-26APR12,2026-04-12,d0_1500,2026-04-12T19:00:00+00:00,gfs_operational_latest,2026-04-12T06:00:00+00:00,2026-04-12T12:00:00+00:00,day_06z,56.0,56.0,54.0,56.0,55.0,-1.0,nws_cli_knyc,FULL_OPERATIONAL_REPLAY,iem_nws_cli,55° or below,4,spring,-6.0,open-meteo:single-runs:ncep_gfs_global:operational_latest,policy=latest_available_by_latency;latency_h=6;replay_mode=MODEL_ONLY_REPLAY;residual_convention=residual_f = actual_high_f - forecast_high_f;phase6=v2_1;replay_version=C_remaining_day_max_plus_obs;replay_mode=FULL_OPERATIONAL_REPLAY;obs_availability=assumed_fixed_lag_20m_after_observation_time,v2_1,C_remaining_day_max_plus_obs,,56.0,OK,,2026-04-12T19:00:00+00:00,2026-04-13T05:00:00+00:00,checkpoint_to_nws_cli_climate_day_end_local_standard_time_utc-5,10,10,56.0,OK,,13,1,2026-04-12T17:51:00+00:00,69.0,60.0,False,assumed_fixed_lag_20m_after_observation_time
KXHIGHNY-26APR13,2026-04-13,dminus1_1800,2026-04-12T22:00:00+00:00,gfs_operational_latest,2026-04-12T12:00:00+00:00,2026-04-12T18:00:00+00:00,prev_12z,78.2,78.2,,78.2,79.0,0.7999999999999972,nws_cli_knyc,FULL_OPERATIONAL_REPLAY,iem_nws_cli,78° to 79°,4,spring,12.0,open-meteo:single-runs:ncep_gfs_global:operational_latest,policy=latest_available_by_latency;latency_h=6;replay_mode=FULL_OPERATIONAL_REPLAY;residual_convention=residual_f = actual_high_f - forecast_high_f;phase6=v2_1;replay_version=C_remaining_day_max_plus_obs;replay_mode=FULL_OPERATIONAL_REPLAY;obs_availability=assumed_fixed_lag_20m_after_observation_time,v2_1,C_remaining_day_max_plus_obs,,78.2,OK,,2026-04-13T05:00:00+00:00,2026-04-14T05:00:00+00:00,checkpoint_to_nws_cli_climate_day_end_local_standard_time_utc-5,24,24,78.2,,,,,,,,,
KXHIGHNY-26APR13,2026-04-13,d0_0600,2026-04-13T10:00:00+00:00,gfs_operational_latest,2026-04-13T00:00:00+00:00,2026-04-13T06:00:00+00:00,day_00z,79.6,79.6,51.0,79.6,79.0,-0.5999999999999943,nws_cli_knyc,FULL_OPERATIONAL_REPLAY,iem_nws_cli,78° to 79°,4,spring,0.0,open-meteo:single-runs:ncep_gfs_global:operational_latest,policy=latest_available_by_latency;latency_h=6;replay_mode=MODEL_ONLY_REPLAY;residual_convention=residual_f = actual_high_f - forecast_high_f;phase6=v2_1;replay_version=C_remaining_day_max_plus_obs;replay_mode=FULL_OPERATIONAL_REPLAY;obs_availability=assumed_fixed_lag_20m_after_observation_time,v2_1,C_remaining_day_max_plus_obs,,79.6,OK,,2026-04-13T10:00:00+00:00,2026-04-14T05:00:00+00:00,checkpoint_to_nws_cli_climate_day_end_local_standard_time_utc-5,19,19,79.6,OK,,5,1,2026-04-13T09:28:00+00:00,32.0,60.0,False,assumed_fixed_lag_20m_after_observation_time
KXHIGHNY-26APR13,2026-04-13,d0_0900,2026-04-13T13:00:00+00:00,gfs_operational_latest,2026-04-13T06:00:00+00:00,2026-04-13T12:00:00+00:00,day_06z,79.4,79.4,57.0,79.4,79.0,-0.4000000000000057,nws_cli_knyc,FULL_OPERATIONAL_REPLAY,iem_nws_cli,78° to 79°,4,spring,-6.0,open-meteo:single-runs:ncep_gfs_global:operational_latest,policy=latest_available_by_latency;latency_h=6;replay_mode=MODEL_ONLY_REPLAY;residual_convention=residual_f = actual_high_f - forecast_high_f;phase6=v2_1;replay_version=C_remaining_day_max_plus_obs;replay_mode=FULL_OPERATIONAL_REPLAY;obs_availability=assumed_fixed_lag_20m_after_observation_time,v2_1,C_remaining_day_max_plus_obs,,79.4,OK,,2026-04-13T13:00:00+00:00,2026-04-14T05:00:00+00:00,checkpoint_to_nws_cli_climate_day_end_local_standard_time_utc-5,16,16,79.4,OK,,9,1,2026-04-13T12:17:00+00:00,43.0,60.0,False,assumed_fixed_lag_20m_after_observation_time
KXHIGHNY-26APR13,2026-04-13,d0_1200,2026-04-13T16:00:00+00:00,gfs_operational_latest,2026-04-13T06:00:00+00:00,2026-04-13T12:00:00+00:00,day_06z,79.4,79.4,63.0,79.4,79.0,-0.4000000000000057,nws_cli_knyc,FULL_OPERATIONAL_REPLAY,iem_nws_cli,78° to 79°,4,spring,-6.0,open-meteo:single-runs:ncep_gfs_global:operational_latest,policy=latest_available_by_latency;latency_h=6;replay_mode=MODEL_ONLY_REPLAY;residual_convention=residual_f = actual_high_f - forecast_high_f;phase6=v2_1;replay_version=C_remaining_day_max_plus_obs;replay_mode=FULL_OPERATIONAL_REPLAY;obs_availability=assumed_fixed_lag_20m_after_observation_time,v2_1,C_remaining_day_max_plus_obs,,79.4,OK,,2026-04-13T16:00:00+00:00,2026-04-14T05:00:00+00:00,checkpoint_to_nws_cli_climate_day_end_local_standard_time_utc-5,13,13,79.4,OK,,14,1,2026-04-13T14:51:00+00:00,69.0,60.0,False,assumed_fixed_lag_20m_after_observation_time
KXHIGHNY-26APR13,2026-04-13,d0_1500,2026-04-13T19:00:00+00:00,gfs_operational_latest,2026-04-13T06:00:00+00:00,2026-04-13T12:00:00+00:00,day_06z,79.4,79.4,74.0,79.4,79.0,-0.4000000000000057,nws_cli_knyc,FULL_OPERATIONAL_REPLAY,iem_nws_cli,78° to 79°,4,spring,-6.0,open-meteo:single-runs:ncep_gfs_global:operational_latest,policy=latest_available_by_latency;latency_h=6;replay_mode=MODEL_ONLY_REPLAY;residual_convention=residual_f = actual_high_f - forecast_high_f;phase6=v2_1;replay_version=C_remaining_day_max_plus_obs;replay_mode=FULL_OPERATIONAL_REPLAY;obs_availability=assumed_fixed_lag_20m_after_observation_time,v2_1,C_remaining_day_max_plus_obs,,79.4,OK,,2026-04-13T19:00:00+00:00,2026-04-14T05:00:00+00:00,checkpoint_to_nws_cli_climate_day_end_local_standard_time_utc-5,10,10,79.4,OK,,17,1,2026-04-13T17:51:00+00:00,69.0,60.0,False,assumed_fixed_lag_20m_after_observation_time
KXHIGHNY-26APR14,2026-04-14,dminus1_1800,2026-04-13T22:00:00+00:00,gfs_operational_latest,2026-04-13T12:00:00+00:00,2026-04-13T18:00:00+00:00,prev_12z,83.8,83.8,,83.8,87.0,3.200000000000003,nws_cli_knyc,FULL_OPERATIONAL_REPLAY,iem_nws_cli,87° or above,4,spring,12.0,open-meteo:single-runs:ncep_gfs_global:operational_latest,policy=latest_available_by_latency;latency_h=6;replay_mode=FULL_OPERATIONAL_REPLAY;residual_convention=residual_f = actual_high_f - forecast_high_f;phase6=v2_1;replay_version=C_remaining_day_max_plus_obs;replay_mode=FULL_OPERATIONAL_REPLAY;obs_availability=assumed_fixed_lag_20m_after_observation_time,v2_1,C_remaining_day_max_plus_obs,,83.8,OK,,2026-04-14T05:00:00+00:00,2026-04-15T05:00:00+00:00,checkpoint_to_nws_cli_climate_day_end_local_standard_time_utc-5,24,24,83.8,,,,,,,,,
KXHIGHNY-26APR14,2026-04-14,d0_0600,2026-04-14T10:00:00+00:00,gfs_operational_latest,2026-04-14T00:00:00+00:00,2026-04-14T06:00:00+00:00,day_00z,83.4,83.4,70.0,83.4,87.0,3.5999999999999943,nws_cli_knyc,FULL_OPERATIONAL_REPLAY,iem_nws_cli,87° or above,4,spring,0.0,open-meteo:single-runs:ncep_gfs_global:operational_latest,policy=latest_available_by_latency;latency_h=6;replay_mode=MODEL_ONLY_REPLAY;residual_convention=residual_f = actual_high_f - forecast_high_f;phase6=v2_1;replay_version=C_remaining_day_max_plus_obs;replay_mode=FULL_OPERATIONAL_REPLAY;obs_availability=assumed_fixed_lag_20m_after_observation_time,v2_1,C_remaining_day_max_plus_obs,,83.4,OK,,2026-04-14T10:00:00+00:00,2026-04-15T05:00:00+00:00,checkpoint_to_nws_cli_climate_day_end_local_standard_time_utc-5,19,19,83.4,OK,,4,1,2026-04-14T08:51:00+00:00,69.0,60.0,False,assumed_fixed_lag_20m_after_observation_time
KXHIGHNY-26APR14,2026-04-14,d0_0900,2026-04-14T13:00:00+00:00,gfs_operational_latest,2026-04-14T06:00:00+00:00,2026-04-14T12:00:00+00:00,day_06z,84.3,84.3,70.0,84.3,87.0,2.700000000000003,nws_cli_knyc,FULL_OPERATIONAL_REPLAY,iem_nws_cli,87° or above,4,spring,-6.0,open-meteo:single-runs:ncep_gfs_global:operational_latest,policy=latest_available_by_latency;latency_h=6;replay_mode=MODEL_ONLY_REPLAY;residual_convention=residual_f = actual_high_f - forecast_high_f;phase6=v2_1;replay_version=C_remaining_day_max_plus_obs;replay_mode=FULL_OPERATIONAL_REPLAY;obs_availability=assumed_fixed_lag_20m_after_observation_time,v2_1,C_remaining_day_max_plus_obs,,84.3,OK,,2026-04-14T13:00:00+00:00,2026-04-15T05:00:00+00:00,checkpoint_to_nws_cli_climate_day_end_local_standard_time_utc-5,16,16,84.3,OK,,7,1,2026-04-14T11:51:00+00:00,69.0,60.0,False,assumed_fixed_lag_20m_after_observation_time
KXHIGHNY-26APR14,2026-04-14,d0_1200,2026-04-14T16:00:00+00:00,gfs_operational_latest,2026-04-14T06:00:00+00:00,2026-04-14T12:00:00+00:00,day_06z,84.3,84.3,78.0,84.3,87.0,2.700000000000003,nws_cli_knyc,FULL_OPERATIONAL_REPLAY,iem_nws_cli,87° or above,4,spring,-6.0,open-meteo:single-runs:ncep_gfs_global:operational_latest,policy=latest_available_by_latency;latency_h=6;replay_mode=MODEL_ONLY_REPLAY;residual_convention=residual_f = actual_high_f - forecast_high_f;phase6=v2_1;replay_version=C_remaining_day_max_plus_obs;replay_mode=FULL_OPERATIONAL_REPLAY;obs_availability=assumed_fixed_lag_20m_after_observation_time,v2_1,C_remaining_day_max_plus_obs,,84.3,OK,,2026-04-14T16:00:00+00:00,2026-04-15T05:00:00+00:00,checkpoint_to_nws_cli_climate_day_end_local_standard_time_utc-5,13,13,84.3,OK,,10,1,2026-04-14T14:51:00+00:00,69.0,60.0,False,assumed_fixed_lag_20m_after_observation_time
KXHIGHNY-26APR14,2026-04-14,d0_1500,2026-04-14T19:00:00+00:00,gfs_operational_latest,2026-04-14T06:00:00+00:00,2026-04-14T12:00:00+00:00,day_06z,85.0,84.3,85.0,85.0,87.0,2.0,nws_cli_knyc,FULL_OPERATIONAL_REPLAY,iem_nws_cli,87° or above,4,spring,-6.0,open-meteo:single-runs:ncep_gfs_global:operational_latest,policy=latest_available_by_latency;latency_h=6;replay_mode=MODEL_ONLY_REPLAY;residual_convention=residual_f = actual_high_f - forecast_high_f;phase6=v2_1;replay_version=C_remaining_day_max_plus_obs;replay_mode=FULL_OPERATIONAL_REPLAY;obs_availability=assumed_fixed_lag_20m_after_observation_time,v2_1,C_remaining_day_max_plus_obs,,84.3,OK,,2026-04-14T19:00:00+00:00,2026-04-15T05:00:00+00:00,checkpoint_to_nws_cli_climate_day_end_local_standard_time_utc-5,10,10,84.3,OK,,13,1,2026-04-14T17:51:00+00:00,69.0,60.0,True,assumed_fixed_lag_20m_after_observation_time
KXHIGHNY-26APR15,2026-04-15,dminus1_1800,2026-04-14T22:00:00+00:00,gfs_operational_latest,2026-04-14T12:00:00+00:00,2026-04-14T18:00:00+00:00,prev_12z,88.4,88.4,,88.4,90.0,1.5999999999999943,nws_cli_knyc,FULL_OPERATIONAL_REPLAY,iem_nws_cli,89° to 90°,4,spring,12.0,open-meteo:single-runs:ncep_gfs_global:operational_latest,policy=latest_available_by_latency;latency_h=6;replay_mode=FULL_OPERATIONAL_REPLAY;residual_convention=residual_f = actual_high_f - forecast_high_f;phase6=v2_1;replay_version=C_remaining_day_max_plus_obs;replay_mode=FULL_OPERATIONAL_REPLAY;obs_availability=assumed_fixed_lag_20m_after_observation_time,v2_1,C_remaining_day_max_plus_obs,,88.4,OK,,2026-04-15T05:00:00+00:00,2026-04-16T05:00:00+00:00,checkpoint_to_nws_cli_climate_day_end_local_standard_time_utc-5,24,24,88.4,,,,,,,,,
KXHIGHNY-26APR15,2026-04-15,d0_0600,2026-04-15T10:00:00+00:00,gfs_operational_latest,2026-04-15T00:00:00+00:00,2026-04-15T06:00:00+00:00,day_00z,88.6,88.6,72.0,88.6,90.0,1.4000000000000057,nws_cli_knyc,FULL_OPERATIONAL_REPLAY,iem_nws_cli,89° to 90°,4,spring,0.0,open-meteo:single-runs:ncep_gfs_global:operational_latest,policy=latest_available_by_latency;latency_h=6;replay_mode=MODEL_ONLY_REPLAY;residual_convention=residual_f = actual_high_f - forecast_high_f;phase6=v2_1;replay_version=C_remaining_day_max_plus_obs;replay_mode=FULL_OPERATIONAL_REPLAY;obs_availability=assumed_fixed_lag_20m_after_observation_time,v2_1,C_remaining_day_max_plus_obs,,88.6,OK,,2026-04-15T10:00:00+00:00,2026-04-16T05:00:00+00:00,checkpoint_to_nws_cli_climate_day_end_local_standard_time_utc-5,19,19,88.6,OK,,4,1,2026-04-15T08:51:00+00:00,69.0,60.0,False,assumed_fixed_lag_20m_after_observation_time
KXHIGHNY-26APR15,2026-04-15,d0_0900,2026-04-15T13:00:00+00:00,gfs_operational_latest,2026-04-15T06:00:00+00:00,2026-04-15T12:00:00+00:00,day_06z,87.9,87.9,72.0,87.9,90.0,2.0999999999999943,nws_cli_knyc,FULL_OPERATIONAL_REPLAY,iem_nws_cli,89° to 90°,4,spring,-6.0,open-meteo:single-runs:ncep_gfs_global:operational_latest,policy=latest_available_by_latency;latency_h=6;replay_mode=MODEL_ONLY_REPLAY;residual_convention=residual_f = actual_high_f - forecast_high_f;phase6=v2_1;replay_version=C_remaining_day_max_plus_obs;replay_mode=FULL_OPERATIONAL_REPLAY;obs_availability=assumed_fixed_lag_20m_after_observation_time,v2_1,C_remaining_day_max_plus_obs,,87.9,OK,,2026-04-15T13:00:00+00:00,2026-04-16T05:00:00+00:00,checkpoint_to_nws_cli_climate_day_end_local_standard_time_utc-5,16,16,87.9,OK,,7,1,2026-04-15T11:51:00+00:00,69.0,60.0,False,assumed_fixed_lag_20m_after_observation_time
KXHIGHNY-26APR15,2026-04-15,d0_1200,2026-04-15T16:00:00+00:00,gfs_operational_latest,2026-04-15T06:00:00+00:00,2026-04-15T12:00:00+00:00,day_06z,87.9,87.9,79.0,87.9,90.0,2.0999999999999943,nws_cli_knyc,FULL_OPERATIONAL_REPLAY,iem_nws_cli,89° to 90°,4,spring,-6.0,open-meteo:single-runs:ncep_gfs_global:operational_latest,policy=latest_available_by_latency;latency_h=6;replay_mode=MODEL_ONLY_REPLAY;residual_convention=residual_f = actual_high_f - forecast_high_f;phase6=v2_1;replay_version=C_remaining_day_max_plus_obs;replay_mode=FULL_OPERATIONAL_REPLAY;obs_availability=assumed_fixed_lag_20m_after_observation_time,v2_1,C_remaining_day_max_plus_obs,,87.9,OK,,2026-04-15T16:00:00+00:00,2026-04-16T05:00:00+00:00,checkpoint_to_nws_cli_climate_day_end_local_standard_time_utc-5,13,13,87.9,OK,,10,1,2026-04-15T14:51:00+00:00,69.0,60.0,False,assumed_fixed_lag_20m_after_observation_time
KXHIGHNY-26APR15,2026-04-15,d0_1500,2026-04-15T19:00:00+00:00,gfs_operational_latest,2026-04-15T06:00:00+00:00,2026-04-15T12:00:00+00:00,day_06z,87.9,87.9,86.0,87.9,90.0,2.0999999999999943,nws_cli_knyc,FULL_OPERATIONAL_REPLAY,iem_nws_cli,89° to 90°,4,spring,-6.0,open-meteo:single-runs:ncep_gfs_global:operational_latest,policy=latest_available_by_latency;latency_h=6;replay_mode=MODEL_ONLY_REPLAY;residual_convention=residual_f = actual_high_f - forecast_high_f;phase6=v2_1;replay_version=C_remaining_day_max_plus_obs;replay_mode=FULL_OPERATIONAL_REPLAY;obs_availability=assumed_fixed_lag_20m_after_observation_time,v2_1,C_remaining_day_max_plus_obs,,87.9,OK,,2026-04-15T19:00:00+00:00,2026-04-16T05:00:00+00:00,checkpoint_to_nws_cli_climate_day_end_local_standard_time_utc-5,10,10,87.9,OK,,13,1,2026-04-15T17:51:00+00:00,69.0,60.0,False,assumed_fixed_lag_20m_after_observation_time
KXHIGHNY-26APR16,2026-04-16,dminus1_1800,2026-04-15T22:00:00+00:00,gfs_operational_latest,2026-04-15T12:00:00+00:00,2026-04-15T18:00:00+00:00,prev_12z,87.9,87.9,,87.9,89.0,1.0999999999999943,nws_cli_knyc,FULL_OPERATIONAL_REPLAY,iem_nws_cli,88° to 89°,4,spring,12.0,open-meteo:single-runs:ncep_gfs_global:operational_latest,policy=latest_available_by_latency;latency_h=6;replay_mode=FULL_OPERATIONAL_REPLAY;residual_convention=residual_f = actual_high_f - forecast_high_f;phase6=v2_1;replay_version=C_remaining_day_max_plus_obs;replay_mode=FULL_OPERATIONAL_REPLAY;obs_availability=assumed_fixed_lag_20m_after_observation_time,v2_1,C_remaining_day_max_plus_obs,,87.9,OK,,2026-04-16T05:00:00+00:00,2026-04-17T05:00:00+00:00,checkpoint_to_nws_cli_climate_day_end_local_standard_time_utc-5,24,24,87.9,,,,,,,,,
KXHIGHNY-26APR16,2026-04-16,d0_0600,2026-04-16T10:00:00+00:00,gfs_operational_latest,2026-04-16T00:00:00+00:00,2026-04-16T06:00:00+00:00,day_00z,88.6,88.6,77.0,88.6,89.0,0.4000000000000057,nws_cli_knyc,FULL_OPERATIONAL_REPLAY,iem_nws_cli,88° to 89°,4,spring,0.0,open-meteo:single-runs:ncep_gfs_global:operational_latest,policy=latest_available_by_latency;latency_h=6;replay_mode=MODEL_ONLY_REPLAY;residual_convention=residual_f = actual_high_f - forecast_high_f;phase6=v2_1;replay_version=C_remaining_day_max_plus_obs;replay_mode=FULL_OPERATIONAL_REPLAY;obs_availability=assumed_fixed_lag_20m_after_observation_time,v2_1,C_remaining_day_max_plus_obs,,88.6,OK,,2026-04-16T10:00:00+00:00,2026-04-17T05:00:00+00:00,checkpoint_to_nws_cli_climate_day_end_local_standard_time_utc-5,19,19,88.6,OK,,4,1,2026-04-16T08:51:00+00:00,69.0,60.0,False,assumed_fixed_lag_20m_after_observation_time
KXHIGHNY-26APR16,2026-04-16,d0_0900,2026-04-16T13:00:00+00:00,gfs_operational_latest,2026-04-16T06:00:00+00:00,2026-04-16T12:00:00+00:00,day_06z,89.3,89.3,77.0,89.3,89.0,-0.29999999999999716,nws_cli_knyc,FULL_OPERATIONAL_REPLAY,iem_nws_cli,88° to 89°,4,spring,-6.0,open-meteo:single-runs:ncep_gfs_global:operational_latest,policy=latest_available_by_latency;latency_h=6;replay_mode=MODEL_ONLY_REPLAY;residual_convention=residual_f = actual_high_f - forecast_high_f;phase6=v2_1;replay_version=C_remaining_day_max_plus_obs;replay_mode=FULL_OPERATIONAL_REPLAY;obs_availability=assumed_fixed_lag_20m_after_observation_time,v2_1,C_remaining_day_max_plus_obs,,89.3,OK,,2026-04-16T13:00:00+00:00,2026-04-17T05:00:00+00:00,checkpoint_to_nws_cli_climate_day_end_local_standard_time_utc-5,16,16,89.3,OK,,7,1,2026-04-16T11:51:00+00:00,69.0,60.0,False,assumed_fixed_lag_20m_after_observation_time
KXHIGHNY-26APR16,2026-04-16,d0_1200,2026-04-16T16:00:00+00:00,gfs_operational_latest,2026-04-16T06:00:00+00:00,2026-04-16T12:00:00+00:00,day_06z,89.3,89.3,83.0,89.3,89.0,-0.29999999999999716,nws_cli_knyc,FULL_OPERATIONAL_REPLAY,iem_nws_cli,88° to 89°,4,spring,-6.0,open-meteo:single-runs:ncep_gfs_global:operational_latest,policy=latest_available_by_latency;latency_h=6;replay_mode=MODEL_ONLY_REPLAY;residual_convention=residual_f = actual_high_f - forecast_high_f;phase6=v2_1;replay_version=C_remaining_day_max_plus_obs;replay_mode=FULL_OPERATIONAL_REPLAY;obs_availability=assumed_fixed_lag_20m_after_observation_time,v2_1,C_remaining_day_max_plus_obs,,89.3,OK,,2026-04-16T16:00:00+00:00,2026-04-17T05:00:00+00:00,checkpoint_to_nws_cli_climate_day_end_local_standard_time_utc-5,13,13,89.3,OK,,10,1,2026-04-16T14:51:00+00:00,69.0,60.0,False,assumed_fixed_lag_20m_after_observation_time
KXHIGHNY-26APR16,2026-04-16,d0_1500,2026-04-16T19:00:00+00:00,gfs_operational_latest,2026-04-16T06:00:00+00:00,2026-04-16T12:00:00+00:00,day_06z,89.3,89.3,88.0,89.3,89.0,-0.29999999999999716,nws_cli_knyc,FULL_OPERATIONAL_REPLAY,iem_nws_cli,88° to 89°,4,spring,-6.0,open-meteo:single-runs:ncep_gfs_global:operational_latest,policy=latest_available_by_latency;latency_h=6;replay_mode=MODEL_ONLY_REPLAY;residual_convention=residual_f = actual_high_f - forecast_high_f;phase6=v2_1;replay_version=C_remaining_day_max_plus_obs;replay_mode=FULL_OPERATIONAL_REPLAY;obs_availability=assumed_fixed_lag_20m_after_observation_time,v2_1,C_remaining_day_max_plus_obs,,89.3,OK,,2026-04-16T19:00:00+00:00,2026-04-17T05:00:00+00:00,checkpoint_to_nws_cli_climate_day_end_local_standard_time_utc-5,10,10,89.3,OK,,13,1,2026-04-16T17:51:00+00:00,69.0,60.0,False,assumed_fixed_lag_20m_after_observation_time
KXHIGHNY-26APR17,2026-04-17,dminus1_1800,2026-04-16T22:00:00+00:00,gfs_operational_latest,2026-04-16T12:00:00+00:00,2026-04-16T18:00:00+00:00,prev_12z,76.4,76.4,,76.4,81.0,4.599999999999994,nws_cli_knyc,FULL_OPERATIONAL_REPLAY,iem_nws_cli,81° to 82°,4,spring,12.0,open-meteo:single-runs:ncep_gfs_global:operational_latest,policy=latest_available_by_latency;latency_h=6;replay_mode=FULL_OPERATIONAL_REPLAY;residual_convention=residual_f = actual_high_f - forecast_high_f;phase6=v2_1;replay_version=C_remaining_day_max_plus_obs;replay_mode=FULL_OPERATIONAL_REPLAY;obs_availability=assumed_fixed_lag_20m_after_observation_time,v2_1,C_remaining_day_max_plus_obs,,76.4,OK,,2026-04-17T05:00:00+00:00,2026-04-18T05:00:00+00:00,checkpoint_to_nws_cli_climate_day_end_local_standard_time_utc-5,24,24,76.4,,,,,,,,,
KXHIGHNY-26APR17,2026-04-17,d0_0600,2026-04-17T10:00:00+00:00,gfs_operational_latest,2026-04-17T00:00:00+00:00,2026-04-17T06:00:00+00:00,day_00z,78.9,78.9,72.0,78.9,81.0,2.0999999999999943,nws_cli_knyc,FULL_OPERATIONAL_REPLAY,iem_nws_cli,81° to 82°,4,spring,0.0,open-meteo:single-runs:ncep_gfs_global:operational_latest,policy=latest_available_by_latency;latency_h=6;replay_mode=MODEL_ONLY_REPLAY;residual_convention=residual_f = actual_high_f - forecast_high_f;phase6=v2_1;replay_version=C_remaining_day_max_plus_obs;replay_mode=FULL_OPERATIONAL_REPLAY;obs_availability=assumed_fixed_lag_20m_after_observation_time,v2_1,C_remaining_day_max_plus_obs,,78.9,OK,,2026-04-17T10:00:00+00:00,2026-04-18T05:00:00+00:00,checkpoint_to_nws_cli_climate_day_end_local_standard_time_utc-5,19,19,78.9,OK,,4,1,2026-04-17T08:51:00+00:00,69.0,60.0,False,assumed_fixed_lag_20m_after_observation_time
KXHIGHNY-26APR17,2026-04-17,d0_0900,2026-04-17T13:00:00+00:00,gfs_operational_latest,2026-04-17T06:00:00+00:00,2026-04-17T12:00:00+00:00,day_06z,77.5,77.5,72.0,77.5,81.0,3.5,nws_cli_knyc,FULL_OPERATIONAL_REPLAY,iem_nws_cli,81° to 82°,4,spring,-6.0,open-meteo:single-runs:ncep_gfs_global:operational_latest,policy=latest_available_by_latency;latency_h=6;replay_mode=MODEL_ONLY_REPLAY;residual_convention=residual_f = actual_high_f - forecast_high_f;phase6=v2_1;replay_version=C_remaining_day_max_plus_obs;replay_mode=FULL_OPERATIONAL_REPLAY;obs_availability=assumed_fixed_lag_20m_after_observation_time,v2_1,C_remaining_day_max_plus_obs,,77.5,OK,,2026-04-17T13:00:00+00:00,2026-04-18T05:00:00+00:00,checkpoint_to_nws_cli_climate_day_end_local_standard_time_utc-5,16,16,77.5,OK,,7,1,2026-04-17T11:51:00+00:00,69.0,60.0,False,assumed_fixed_lag_20m_after_observation_time
KXHIGHNY-26APR17,2026-04-17,d0_1200,2026-04-17T16:00:00+00:00,gfs_operational_latest,2026-04-17T06:00:00+00:00,2026-04-17T12:00:00+00:00,day_06z,77.5,77.5,76.0,77.5,81.0,3.5,nws_cli_knyc,FULL_OPERATIONAL_REPLAY,iem_nws_cli,81° to 82°,4,spring,-6.0,open-meteo:single-runs:ncep_gfs_global:operational_latest,policy=latest_available_by_latency;latency_h=6;replay_mode=MODEL_ONLY_REPLAY;residual_convention=residual_f = actual_high_f - forecast_high_f;phase6=v2_1;replay_version=C_remaining_day_max_plus_obs;replay_mode=FULL_OPERATIONAL_REPLAY;obs_availability=assumed_fixed_lag_20m_after_observation_time,v2_1,C_remaining_day_max_plus_obs,,77.5,OK,,2026-04-17T16:00:00+00:00,2026-04-18T05:00:00+00:00,checkpoint_to_nws_cli_climate_day_end_local_standard_time_utc-5,13,13,77.5,OK,,10,1,2026-04-17T14:51:00+00:00,69.0,60.0,False,assumed_fixed_lag_20m_after_observation_time
KXHIGHNY-26APR17,2026-04-17,d0_1500,2026-04-17T19:00:00+00:00,gfs_operational_latest,2026-04-17T06:00:00+00:00,2026-04-17T12:00:00+00:00,day_06z,80.0,77.5,80.0,80.0,81.0,1.0,nws_cli_knyc,FULL_OPERATIONAL_REPLAY,iem_nws_cli,81° to 82°,4,spring,-6.0,open-meteo:single-runs:ncep_gfs_global:operational_latest,policy=latest_available_by_latency;latency_h=6;replay_mode=MODEL_ONLY_REPLAY;residual_convention=residual_f = actual_high_f - forecast_high_f;phase6=v2_1;replay_version=C_remaining_day_max_plus_obs;replay_mode=FULL_OPERATIONAL_REPLAY;obs_availability=assumed_fixed_lag_20m_after_observation_time,v2_1,C_remaining_day_max_plus_obs,,77.5,OK,,2026-04-17T19:00:00+00:00,2026-04-18T05:00:00+00:00,checkpoint_to_nws_cli_climate_day_end_local_standard_time_utc-5,10,10,77.5,OK,,17,1,2026-04-17T18:17:00+00:00,43.0,60.0,True,assumed_fixed_lag_20m_after_observation_time
KXHIGHNY-26APR18,2026-04-18,dminus1_1800,2026-04-17T22:00:00+00:00,gfs_operational_latest,2026-04-17T12:00:00+00:00,2026-04-17T18:00:00+00:00,prev_12z,69.9,69.9,,69.9,66.0,-3.9000000000000057,nws_cli_knyc,FULL_OPERATIONAL_REPLAY,iem_nws_cli,65° to 66°,4,spring,12.0,open-meteo:single-runs:ncep_gfs_global:operational_latest,policy=latest_available_by_latency;latency_h=6;replay_mode=FULL_OPERATIONAL_REPLAY;residual_convention=residual_f = actual_high_f - forecast_high_f;phase6=v2_1;replay_version=C_remaining_day_max_plus_obs;replay_mode=FULL_OPERATIONAL_REPLAY;obs_availability=assumed_fixed_lag_20m_after_observation_time,v2_1,C_remaining_day_max_plus_obs,,69.9,OK,,2026-04-18T05:00:00+00:00,2026-04-19T05:00:00+00:00,checkpoint_to_nws_cli_climate_day_end_local_standard_time_utc-5,24,24,69.9,,,,,,,,,
KXHIGHNY-26APR18,2026-04-18,d0_0600,2026-04-18T10:00:00+00:00,gfs_operational_latest,2026-04-18T00:00:00+00:00,2026-04-18T06:00:00+00:00,day_00z,71.0,71.0,58.0,71.0,66.0,-5.0,nws_cli_knyc,FULL_OPERATIONAL_REPLAY,iem_nws_cli,65° to 66°,4,spring,0.0,open-meteo:single-runs:ncep_gfs_global:operational_latest,policy=latest_available_by_latency;latency_h=6;replay_mode=MODEL_ONLY_REPLAY;residual_convention=residual_f = actual_high_f - forecast_high_f;phase6=v2_1;replay_version=C_remaining_day_max_plus_obs;replay_mode=FULL_OPERATIONAL_REPLAY;obs_availability=assumed_fixed_lag_20m_after_observation_time,v2_1,C_remaining_day_max_plus_obs,,71.0,OK,,2026-04-18T10:00:00+00:00,2026-04-19T05:00:00+00:00,checkpoint_to_nws_cli_climate_day_end_local_standard_time_utc-5,19,19,71.0,OK,,5,1,2026-04-18T09:05:00+00:00,55.0,60.0,False,assumed_fixed_lag_20m_after_observation_time
KXHIGHNY-26APR18,2026-04-18,d0_0900,2026-04-18T13:00:00+00:00,gfs_operational_latest,2026-04-18T06:00:00+00:00,2026-04-18T12:00:00+00:00,day_06z,71.2,71.2,58.0,71.2,66.0,-5.200000000000003,nws_cli_knyc,FULL_OPERATIONAL_REPLAY,iem_nws_cli,65° to 66°,4,spring,-6.0,open-meteo:single-runs:ncep_gfs_global:operational_latest,policy=latest_available_by_latency;latency_h=6;replay_mode=MODEL_ONLY_REPLAY;residual_convention=residual_f = actual_high_f - forecast_high_f;phase6=v2_1;replay_version=C_remaining_day_max_plus_obs;replay_mode=FULL_OPERATIONAL_REPLAY;obs_availability=assumed_fixed_lag_20m_after_observation_time,v2_1,C_remaining_day_max_plus_obs,,71.2,OK,,2026-04-18T13:00:00+00:00,2026-04-19T05:00:00+00:00,checkpoint_to_nws_cli_climate_day_end_local_standard_time_utc-5,16,16,71.2,OK,,8,1,2026-04-18T11:51:00+00:00,69.0,60.0,False,assumed_fixed_lag_20m_after_observation_time
KXHIGHNY-26APR18,2026-04-18,d0_1200,2026-04-18T16:00:00+00:00,gfs_operational_latest,2026-04-18T06:00:00+00:00,2026-04-18T12:00:00+00:00,day_06z,71.2,71.2,62.0,71.2,66.0,-5.200000000000003,nws_cli_knyc,FULL_OPERATIONAL_REPLAY,iem_nws_cli,65° to 66°,4,spring,-6.0,open-meteo:single-runs:ncep_gfs_global:operational_latest,policy=latest_available_by_latency;latency_h=6;replay_mode=MODEL_ONLY_REPLAY;residual_convention=residual_f = actual_high_f - forecast_high_f;phase6=v2_1;replay_version=C_remaining_day_max_plus_obs;replay_mode=FULL_OPERATIONAL_REPLAY;obs_availability=assumed_fixed_lag_20m_after_observation_time,v2_1,C_remaining_day_max_plus_obs,,71.2,OK,,2026-04-18T16:00:00+00:00,2026-04-19T05:00:00+00:00,checkpoint_to_nws_cli_climate_day_end_local_standard_time_utc-5,13,13,71.2,OK,,11,1,2026-04-18T14:51:00+00:00,69.0,60.0,False,assumed_fixed_lag_20m_after_observation_time
KXHIGHNY-26APR18,2026-04-18,d0_1500,2026-04-18T19:00:00+00:00,gfs_operational_latest,2026-04-18T06:00:00+00:00,2026-04-18T12:00:00+00:00,day_06z,69.2,69.2,65.0,69.2,66.0,-3.200000000000003,nws_cli_knyc,FULL_OPERATIONAL_REPLAY,iem_nws_cli,65° to 66°,4,spring,-6.0,open-meteo:single-runs:ncep_gfs_global:operational_latest,policy=latest_available_by_latency;latency_h=6;replay_mode=MODEL_ONLY_REPLAY;residual_convention=residual_f = actual_high_f - forecast_high_f;phase6=v2_1;replay_version=C_remaining_day_max_plus_obs;replay_mode=FULL_OPERATIONAL_REPLAY;obs_availability=assumed_fixed_lag_20m_after_observation_time,v2_1,C_remaining_day_max_plus_obs,,71.2,OK,,2026-04-18T19:00:00+00:00,2026-04-19T05:00:00+00:00,checkpoint_to_nws_cli_climate_day_end_local_standard_time_utc-5,10,10,69.2,OK,,16,1,2026-04-18T17:51:00+00:00,69.0,60.0,False,assumed_fixed_lag_20m_after_observation_time
KXHIGHNY-26APR19,2026-04-19,dminus1_1800,2026-04-18T22:00:00+00:00,gfs_operational_latest,2026-04-18T12:00:00+00:00,2026-04-18T18:00:00+00:00,prev_12z,55.5,55.5,,55.5,53.0,-2.5,nws_cli_knyc,FULL_OPERATIONAL_REPLAY,iem_nws_cli,53° or below,4,spring,12.0,open-meteo:single-runs:ncep_gfs_global:operational_latest,policy=latest_available_by_latency;latency_h=6;replay_mode=FULL_OPERATIONAL_REPLAY;residual_convention=residual_f = actual_high_f - forecast_high_f;phase6=v2_1;replay_version=C_remaining_day_max_plus_obs;replay_mode=FULL_OPERATIONAL_REPLAY;obs_availability=assumed_fixed_lag_20m_after_observation_time,v2_1,C_remaining_day_max_plus_obs,,55.5,OK,,2026-04-19T05:00:00+00:00,2026-04-20T05:00:00+00:00,checkpoint_to_nws_cli_climate_day_end_local_standard_time_utc-5,24,24,55.5,,,,,,,,,
KXHIGHNY-26APR19,2026-04-19,d0_0600,2026-04-19T10:00:00+00:00,gfs_operational_latest,2026-04-19T00:00:00+00:00,2026-04-19T06:00:00+00:00,day_00z,56.0,56.0,49.0,56.0,53.0,-3.0,nws_cli_knyc,FULL_OPERATIONAL_REPLAY,iem_nws_cli,53° or below,4,spring,0.0,open-meteo:single-runs:ncep_gfs_global:operational_latest,policy=latest_available_by_latency;latency_h=6;replay_mode=MODEL_ONLY_REPLAY;residual_convention=residual_f = actual_high_f - forecast_high_f;phase6=v2_1;replay_version=C_remaining_day_max_plus_obs;replay_mode=FULL_OPERATIONAL_REPLAY;obs_availability=assumed_fixed_lag_20m_after_observation_time,v2_1,C_remaining_day_max_plus_obs,,56.0,OK,,2026-04-19T10:00:00+00:00,2026-04-20T05:00:00+00:00,checkpoint_to_nws_cli_climate_day_end_local_standard_time_utc-5,19,19,56.0,OK,,4,1,2026-04-19T08:51:00+00:00,69.0,60.0,False,assumed_fixed_lag_20m_after_observation_time
KXHIGHNY-26APR19,2026-04-19,d0_0900,2026-04-19T13:00:00+00:00,gfs_operational_latest,2026-04-19T06:00:00+00:00,2026-04-19T12:00:00+00:00,day_06z,55.5,55.5,50.0,55.5,53.0,-2.5,nws_cli_knyc,FULL_OPERATIONAL_REPLAY,iem_nws_cli,53° or below,4,spring,-6.0,open-meteo:single-runs:ncep_gfs_global:operational_latest,policy=latest_available_by_latency;latency_h=6;replay_mode=MODEL_ONLY_REPLAY;residual_convention=residual_f = actual_high_f - forecast_high_f;phase6=v2_1;replay_version=C_remaining_day_max_plus_obs;replay_mode=FULL_OPERATIONAL_REPLAY;obs_availability=assumed_fixed_lag_20m_after_observation_time,v2_1,C_remaining_day_max_plus_obs,,55.5,OK,,2026-04-19T13:00:00+00:00,2026-04-20T05:00:00+00:00,checkpoint_to_nws_cli_climate_day_end_local_standard_time_utc-5,16,16,55.5,OK,,7,1,2026-04-19T11:51:00+00:00,69.0,60.0,False,assumed_fixed_lag_20m_after_observation_time
KXHIGHNY-26APR19,2026-04-19,d0_1200,2026-04-19T16:00:00+00:00,gfs_operational_latest,2026-04-19T06:00:00+00:00,2026-04-19T12:00:00+00:00,day_06z,53.0,50.1,53.0,53.0,53.0,0.0,nws_cli_knyc,FULL_OPERATIONAL_REPLAY,iem_nws_cli,53° or below,4,spring,-6.0,open-meteo:single-runs:ncep_gfs_global:operational_latest,policy=latest_available_by_latency;latency_h=6;replay_mode=MODEL_ONLY_REPLAY;residual_convention=residual_f = actual_high_f - forecast_high_f;phase6=v2_1;replay_version=C_remaining_day_max_plus_obs;replay_mode=FULL_OPERATIONAL_REPLAY;obs_availability=assumed_fixed_lag_20m_after_observation_time,v2_1,C_remaining_day_max_plus_obs,,55.5,OK,,2026-04-19T16:00:00+00:00,2026-04-20T05:00:00+00:00,checkpoint_to_nws_cli_climate_day_end_local_standard_time_utc-5,13,13,50.1,OK,,12,1,2026-04-19T14:51:00+00:00,69.0,60.0,True,assumed_fixed_lag_20m_after_observation_time
KXHIGHNY-26APR19,2026-04-19,d0_1500,2026-04-19T19:00:00+00:00,gfs_operational_latest,2026-04-19T06:00:00+00:00,2026-04-19T12:00:00+00:00,day_06z,53.0,50.1,53.0,53.0,53.0,0.0,nws_cli_knyc,FULL_OPERATIONAL_REPLAY,iem_nws_cli,53° or below,4,spring,-6.0,open-meteo:single-runs:ncep_gfs_global:operational_latest,policy=latest_available_by_latency;latency_h=6;replay_mode=MODEL_ONLY_REPLAY;residual_convention=residual_f = actual_high_f - forecast_high_f;phase6=v2_1;replay_version=C_remaining_day_max_plus_obs;replay_mode=FULL_OPERATIONAL_REPLAY;obs_availability=assumed_fixed_lag_20m_after_observation_time,v2_1,C_remaining_day_max_plus_obs,,55.5,OK,,2026-04-19T19:00:00+00:00,2026-04-20T05:00:00+00:00,checkpoint_to_nws_cli_climate_day_end_local_standard_time_utc-5,10,10,50.1,OK,,18,1,2026-04-19T17:51:00+00:00,69.0,60.0,True,assumed_fixed_lag_20m_after_observation_time
KXHIGHNY-26APR20,2026-04-20,dminus1_1800,2026-04-19T22:00:00+00:00,gfs_operational_latest,2026-04-19T12:00:00+00:00,2026-04-19T18:00:00+00:00,prev_12z,50.8,50.8,,50.8,51.0,0.20000000000000284,nws_cli_knyc,FULL_OPERATIONAL_REPLAY,iem_nws_cli,51° to 52°,4,spring,12.0,open-meteo:single-runs:ncep_gfs_global:operational_latest,policy=latest_available_by_latency;latency_h=6;replay_mode=FULL_OPERATIONAL_REPLAY;residual_convention=residual_f = actual_high_f - forecast_high_f;phase6=v2_1;replay_version=C_remaining_day_max_plus_obs;replay_mode=FULL_OPERATIONAL_REPLAY;obs_availability=assumed_fixed_lag_20m_after_observation_time,v2_1,C_remaining_day_max_plus_obs,,50.8,OK,,2026-04-20T05:00:00+00:00,2026-04-21T05:00:00+00:00,checkpoint_to_nws_cli_climate_day_end_local_standard_time_utc-5,24,24,50.8,,,,,,,,,
KXHIGHNY-26APR20,2026-04-20,d0_0600,2026-04-20T10:00:00+00:00,gfs_operational_latest,2026-04-20T00:00:00+00:00,2026-04-20T06:00:00+00:00,day_00z,52.3,52.3,40.0,52.3,51.0,-1.2999999999999972,nws_cli_knyc,FULL_OPERATIONAL_REPLAY,iem_nws_cli,51° to 52°,4,spring,0.0,open-meteo:single-runs:ncep_gfs_global:operational_latest,policy=latest_available_by_latency;latency_h=6;replay_mode=MODEL_ONLY_REPLAY;residual_convention=residual_f = actual_high_f - forecast_high_f;phase6=v2_1;replay_version=C_remaining_day_max_plus_obs;replay_mode=FULL_OPERATIONAL_REPLAY;obs_availability=assumed_fixed_lag_20m_after_observation_time,v2_1,C_remaining_day_max_plus_obs,,52.3,OK,,2026-04-20T10:00:00+00:00,2026-04-21T05:00:00+00:00,checkpoint_to_nws_cli_climate_day_end_local_standard_time_utc-5,19,19,52.3,OK,,4,1,2026-04-20T08:51:00+00:00,69.0,60.0,False,assumed_fixed_lag_20m_after_observation_time
KXHIGHNY-26APR20,2026-04-20,d0_0900,2026-04-20T13:00:00+00:00,gfs_operational_latest,2026-04-20T06:00:00+00:00,2026-04-20T12:00:00+00:00,day_06z,51.2,51.2,44.0,51.2,51.0,-0.20000000000000284,nws_cli_knyc,FULL_OPERATIONAL_REPLAY,iem_nws_cli,51° to 52°,4,spring,-6.0,open-meteo:single-runs:ncep_gfs_global:operational_latest,policy=latest_available_by_latency;latency_h=6;replay_mode=MODEL_ONLY_REPLAY;residual_convention=residual_f = actual_high_f - forecast_high_f;phase6=v2_1;replay_version=C_remaining_day_max_plus_obs;replay_mode=FULL_OPERATIONAL_REPLAY;obs_availability=assumed_fixed_lag_20m_after_observation_time,v2_1,C_remaining_day_max_plus_obs,,51.2,OK,,2026-04-20T13:00:00+00:00,2026-04-21T05:00:00+00:00,checkpoint_to_nws_cli_climate_day_end_local_standard_time_utc-5,16,16,51.2,OK,,7,1,2026-04-20T11:51:00+00:00,69.0,60.0,False,assumed_fixed_lag_20m_after_observation_time
KXHIGHNY-26APR20,2026-04-20,d0_1200,2026-04-20T16:00:00+00:00,gfs_operational_latest,2026-04-20T06:00:00+00:00,2026-04-20T12:00:00+00:00,day_06z,51.2,51.2,46.0,51.2,51.0,-0.20000000000000284,nws_cli_knyc,FULL_OPERATIONAL_REPLAY,iem_nws_cli,51° to 52°,4,spring,-6.0,open-meteo:single-runs:ncep_gfs_global:operational_latest,policy=latest_available_by_latency;latency_h=6;replay_mode=MODEL_ONLY_REPLAY;residual_convention=residual_f = actual_high_f - forecast_high_f;phase6=v2_1;replay_version=C_remaining_day_max_plus_obs;replay_mode=FULL_OPERATIONAL_REPLAY;obs_availability=assumed_fixed_lag_20m_after_observation_time,v2_1,C_remaining_day_max_plus_obs,,51.2,OK,,2026-04-20T16:00:00+00:00,2026-04-21T05:00:00+00:00,checkpoint_to_nws_cli_climate_day_end_local_standard_time_utc-5,13,13,51.2,OK,,10,1,2026-04-20T14:51:00+00:00,69.0,60.0,False,assumed_fixed_lag_20m_after_observation_time
KXHIGHNY-26APR20,2026-04-20,d0_1500,2026-04-20T19:00:00+00:00,gfs_operational_latest,2026-04-20T06:00:00+00:00,2026-04-20T12:00:00+00:00,day_06z,51.2,51.2,50.0,51.2,51.0,-0.20000000000000284,nws_cli_knyc,FULL_OPERATIONAL_REPLAY,iem_nws_cli,51° to 52°,4,spring,-6.0,open-meteo:single-runs:ncep_gfs_global:operational_latest,policy=latest_available_by_latency;latency_h=6;replay_mode=MODEL_ONLY_REPLAY;residual_convention=residual_f = actual_high_f - forecast_high_f;phase6=v2_1;replay_version=C_remaining_day_max_plus_obs;replay_mode=FULL_OPERATIONAL_REPLAY;obs_availability=assumed_fixed_lag_20m_after_observation_time,v2_1,C_remaining_day_max_plus_obs,,51.2,OK,,2026-04-20T19:00:00+00:00,2026-04-21T05:00:00+00:00,checkpoint_to_nws_cli_climate_day_end_local_standard_time_utc-5,10,10,51.2,OK,,13,1,2026-04-20T17:51:00+00:00,69.0,60.0,False,assumed_fixed_lag_20m_after_observation_time
KXHIGHNY-26APR21,2026-04-21,dminus1_1800,2026-04-20T22:00:00+00:00,gfs_operational_latest,2026-04-20T12:00:00+00:00,2026-04-20T18:00:00+00:00,prev_12z,53.9,53.9,,53.9,54.0,0.10000000000000142,nws_cli_knyc,FULL_OPERATIONAL_REPLAY,iem_nws_cli,53° to 54°,4,spring,12.0,open-meteo:single-runs:ncep_gfs_global:operational_latest,policy=latest_available_by_latency;latency_h=6;replay_mode=FULL_OPERATIONAL_REPLAY;residual_convention=residual_f = actual_high_f - forecast_high_f;phase6=v2_1;replay_version=C_remaining_day_max_plus_obs;replay_mode=FULL_OPERATIONAL_REPLAY;obs_availability=assumed_fixed_lag_20m_after_observation_time,v2_1,C_remaining_day_max_plus_obs,,53.9,OK,,2026-04-21T05:00:00+00:00,2026-04-22T05:00:00+00:00,checkpoint_to_nws_cli_climate_day_end_local_standard_time_utc-5,24,24,53.9,,,,,,,,,
KXHIGHNY-26APR21,2026-04-21,d0_0600,2026-04-21T10:00:00+00:00,gfs_operational_latest,2026-04-21T00:00:00+00:00,2026-04-21T06:00:00+00:00,day_00z,54.2,54.2,38.0,54.2,54.0,-0.20000000000000284,nws_cli_knyc,FULL_OPERATIONAL_REPLAY,iem_nws_cli,53° to 54°,4,spring,0.0,open-meteo:single-runs:ncep_gfs_global:operational_latest,policy=latest_available_by_latency;latency_h=6;replay_mode=MODEL_ONLY_REPLAY;residual_convention=residual_f = actual_high_f - forecast_high_f;phase6=v2_1;replay_version=C_remaining_day_max_plus_obs;replay_mode=FULL_OPERATIONAL_REPLAY;obs_availability=assumed_fixed_lag_20m_after_observation_time,v2_1,C_remaining_day_max_plus_obs,,54.2,OK,,2026-04-21T10:00:00+00:00,2026-04-22T05:00:00+00:00,checkpoint_to_nws_cli_climate_day_end_local_standard_time_utc-5,19,19,54.2,OK,,4,1,2026-04-21T08:51:00+00:00,69.0,60.0,False,assumed_fixed_lag_20m_after_observation_time
KXHIGHNY-26APR21,2026-04-21,d0_0900,2026-04-21T13:00:00+00:00,gfs_operational_latest,2026-04-21T06:00:00+00:00,2026-04-21T12:00:00+00:00,day_06z,54.1,54.1,38.0,54.1,54.0,-0.10000000000000142,nws_cli_knyc,FULL_OPERATIONAL_REPLAY,iem_nws_cli,53° to 54°,4,spring,-6.0,open-meteo:single-runs:ncep_gfs_global:operational_latest,policy=latest_available_by_latency;latency_h=6;replay_mode=MODEL_ONLY_REPLAY;residual_convention=residual_f = actual_high_f - forecast_high_f;phase6=v2_1;replay_version=C_remaining_day_max_plus_obs;replay_mode=FULL_OPERATIONAL_REPLAY;obs_availability=assumed_fixed_lag_20m_after_observation_time,v2_1,C_remaining_day_max_plus_obs,,54.1,OK,,2026-04-21T13:00:00+00:00,2026-04-22T05:00:00+00:00,checkpoint_to_nws_cli_climate_day_end_local_standard_time_utc-5,16,16,54.1,OK,,7,1,2026-04-21T11:51:00+00:00,69.0,60.0,False,assumed_fixed_lag_20m_after_observation_time
KXHIGHNY-26APR21,2026-04-21,d0_1200,2026-04-21T16:00:00+00:00,gfs_operational_latest,2026-04-21T06:00:00+00:00,2026-04-21T12:00:00+00:00,day_06z,54.1,54.1,45.0,54.1,54.0,-0.10000000000000142,nws_cli_knyc,FULL_OPERATIONAL_REPLAY,iem_nws_cli,53° to 54°,4,spring,-6.0,open-meteo:single-runs:ncep_gfs_global:operational_latest,policy=latest_available_by_latency;latency_h=6;replay_mode=MODEL_ONLY_REPLAY;residual_convention=residual_f = actual_high_f - forecast_high_f;phase6=v2_1;replay_version=C_remaining_day_max_plus_obs;replay_mode=FULL_OPERATIONAL_REPLAY;obs_availability=assumed_fixed_lag_20m_after_observation_time,v2_1,C_remaining_day_max_plus_obs,,54.1,OK,,2026-04-21T16:00:00+00:00,2026-04-22T05:00:00+00:00,checkpoint_to_nws_cli_climate_day_end_local_standard_time_utc-5,13,13,54.1,OK,,10,1,2026-04-21T14:51:00+00:00,69.0,60.0,False,assumed_fixed_lag_20m_after_observation_time
KXHIGHNY-26APR21,2026-04-21,d0_1500,2026-04-21T19:00:00+00:00,gfs_operational_latest,2026-04-21T06:00:00+00:00,2026-04-21T12:00:00+00:00,day_06z,54.1,54.1,52.0,54.1,54.0,-0.10000000000000142,nws_cli_knyc,FULL_OPERATIONAL_REPLAY,iem_nws_cli,53° to 54°,4,spring,-6.0,open-meteo:single-runs:ncep_gfs_global:operational_latest,policy=latest_available_by_latency;latency_h=6;replay_mode=MODEL_ONLY_REPLAY;residual_convention=residual_f = actual_high_f - forecast_high_f;phase6=v2_1;replay_version=C_remaining_day_max_plus_obs;replay_mode=FULL_OPERATIONAL_REPLAY;obs_availability=assumed_fixed_lag_20m_after_observation_time,v2_1,C_remaining_day_max_plus_obs,,54.1,OK,,2026-04-21T19:00:00+00:00,2026-04-22T05:00:00+00:00,checkpoint_to_nws_cli_climate_day_end_local_standard_time_utc-5,10,10,54.1,OK,,13,1,2026-04-21T17:51:00+00:00,69.0,60.0,False,assumed_fixed_lag_20m_after_observation_time
KXHIGHNY-26APR22,2026-04-22,dminus1_1800,2026-04-21T22:00:00+00:00,gfs_operational_latest,2026-04-21T12:00:00+00:00,2026-04-21T18:00:00+00:00,prev_12z,55.0,55.0,,55.0,56.0,1.0,nws_cli_knyc,FULL_OPERATIONAL_REPLAY,iem_nws_cli,56° or below,4,spring,12.0,open-meteo:single-runs:ncep_gfs_global:operational_latest,policy=latest_available_by_latency;latency_h=6;replay_mode=FULL_OPERATIONAL_REPLAY;residual_convention=residual_f = actual_high_f - forecast_high_f;phase6=v2_1;replay_version=C_remaining_day_max_plus_obs;replay_mode=FULL_OPERATIONAL_REPLAY;obs_availability=assumed_fixed_lag_20m_after_observation_time,v2_1,C_remaining_day_max_plus_obs,,55.0,OK,,2026-04-22T05:00:00+00:00,2026-04-23T05:00:00+00:00,checkpoint_to_nws_cli_climate_day_end_local_standard_time_utc-5,24,24,55.0,,,,,,,,,
KXHIGHNY-26APR22,2026-04-22,d0_0600,2026-04-22T10:00:00+00:00,gfs_operational_latest,2026-04-22T00:00:00+00:00,2026-04-22T06:00:00+00:00,day_00z,50.8,50.8,47.0,50.8,56.0,5.200000000000003,nws_cli_knyc,FULL_OPERATIONAL_REPLAY,iem_nws_cli,56° or below,4,spring,0.0,open-meteo:single-runs:ncep_gfs_global:operational_latest,policy=latest_available_by_latency;latency_h=6;replay_mode=MODEL_ONLY_REPLAY;residual_convention=residual_f = actual_high_f - forecast_high_f;phase6=v2_1;replay_version=C_remaining_day_max_plus_obs;replay_mode=FULL_OPERATIONAL_REPLAY;obs_availability=assumed_fixed_lag_20m_after_observation_time,v2_1,C_remaining_day_max_plus_obs,,50.8,OK,,2026-04-22T10:00:00+00:00,2026-04-23T05:00:00+00:00,checkpoint_to_nws_cli_climate_day_end_local_standard_time_utc-5,19,19,50.8,OK,,4,1,2026-04-22T08:51:00+00:00,69.0,60.0,False,assumed_fixed_lag_20m_after_observation_time
KXHIGHNY-26APR22,2026-04-22,d0_0900,2026-04-22T13:00:00+00:00,gfs_operational_latest,2026-04-22T06:00:00+00:00,2026-04-22T12:00:00+00:00,day_06z,52.3,52.3,47.0,52.3,56.0,3.700000000000003,nws_cli_knyc,FULL_OPERATIONAL_REPLAY,iem_nws_cli,56° or below,4,spring,-6.0,open-meteo:single-runs:ncep_gfs_global:operational_latest,policy=latest_available_by_latency;latency_h=6;replay_mode=MODEL_ONLY_REPLAY;residual_convention=residual_f = actual_high_f - forecast_high_f;phase6=v2_1;replay_version=C_remaining_day_max_plus_obs;replay_mode=FULL_OPERATIONAL_REPLAY;obs_availability=assumed_fixed_lag_20m_after_observation_time,v2_1,C_remaining_day_max_plus_obs,,52.3,OK,,2026-04-22T13:00:00+00:00,2026-04-23T05:00:00+00:00,checkpoint_to_nws_cli_climate_day_end_local_standard_time_utc-5,16,16,52.3,OK,,7,1,2026-04-22T11:51:00+00:00,69.0,60.0,False,assumed_fixed_lag_20m_after_observation_time
KXHIGHNY-26APR22,2026-04-22,d0_1200,2026-04-22T16:00:00+00:00,gfs_operational_latest,2026-04-22T06:00:00+00:00,2026-04-22T12:00:00+00:00,day_06z,52.3,52.3,48.0,52.3,56.0,3.700000000000003,nws_cli_knyc,FULL_OPERATIONAL_REPLAY,iem_nws_cli,56° or below,4,spring,-6.0,open-meteo:single-runs:ncep_gfs_global:operational_latest,policy=latest_available_by_latency;latency_h=6;replay_mode=MODEL_ONLY_REPLAY;residual_convention=residual_f = actual_high_f - forecast_high_f;phase6=v2_1;replay_version=C_remaining_day_max_plus_obs;replay_mode=FULL_OPERATIONAL_REPLAY;obs_availability=assumed_fixed_lag_20m_after_observation_time,v2_1,C_remaining_day_max_plus_obs,,52.3,OK,,2026-04-22T16:00:00+00:00,2026-04-23T05:00:00+00:00,checkpoint_to_nws_cli_climate_day_end_local_standard_time_utc-5,13,13,52.3,OK,,10,1,2026-04-22T14:51:00+00:00,69.0,60.0,False,assumed_fixed_lag_20m_after_observation_time
KXHIGHNY-26APR22,2026-04-22,d0_1500,2026-04-22T19:00:00+00:00,gfs_operational_latest,2026-04-22T06:00:00+00:00,2026-04-22T12:00:00+00:00,day_06z,54.0,52.3,54.0,54.0,56.0,2.0,nws_cli_knyc,FULL_OPERATIONAL_REPLAY,iem_nws_cli,56° or below,4,spring,-6.0,open-meteo:single-runs:ncep_gfs_global:operational_latest,policy=latest_available_by_latency;latency_h=6;replay_mode=MODEL_ONLY_REPLAY;residual_convention=residual_f = actual_high_f - forecast_high_f;phase6=v2_1;replay_version=C_remaining_day_max_plus_obs;replay_mode=FULL_OPERATIONAL_REPLAY;obs_availability=assumed_fixed_lag_20m_after_observation_time,v2_1,C_remaining_day_max_plus_obs,,52.3,OK,,2026-04-22T19:00:00+00:00,2026-04-23T05:00:00+00:00,checkpoint_to_nws_cli_climate_day_end_local_standard_time_utc-5,10,10,52.3,OK,,13,1,2026-04-22T17:51:00+00:00,69.0,60.0,True,assumed_fixed_lag_20m_after_observation_time
KXHIGHNY-26APR23,2026-04-23,dminus1_1800,2026-04-22T22:00:00+00:00,gfs_operational_latest,2026-04-22T12:00:00+00:00,2026-04-22T18:00:00+00:00,prev_12z,71.9,71.9,,71.9,73.0,1.0999999999999943,nws_cli_knyc,FULL_OPERATIONAL_REPLAY,iem_nws_cli,72° to 73°,4,spring,12.0,open-meteo:single-runs:ncep_gfs_global:operational_latest,policy=latest_available_by_latency;latency_h=6;replay_mode=FULL_OPERATIONAL_REPLAY;residual_convention=residual_f = actual_high_f - forecast_high_f;phase6=v2_1;replay_version=C_remaining_day_max_plus_obs;replay_mode=FULL_OPERATIONAL_REPLAY;obs_availability=assumed_fixed_lag_20m_after_observation_time,v2_1,C_remaining_day_max_plus_obs,,71.9,OK,,2026-04-23T05:00:00+00:00,2026-04-24T05:00:00+00:00,checkpoint_to_nws_cli_climate_day_end_local_standard_time_utc-5,24,24,71.9,,,,,,,,,
KXHIGHNY-26APR23,2026-04-23,d0_0600,2026-04-23T10:00:00+00:00,gfs_operational_latest,2026-04-23T00:00:00+00:00,2026-04-23T06:00:00+00:00,day_00z,71.2,71.2,46.0,71.2,73.0,1.7999999999999972,nws_cli_knyc,FULL_OPERATIONAL_REPLAY,iem_nws_cli,72° to 73°,4,spring,0.0,open-meteo:single-runs:ncep_gfs_global:operational_latest,policy=latest_available_by_latency;latency_h=6;replay_mode=MODEL_ONLY_REPLAY;residual_convention=residual_f = actual_high_f - forecast_high_f;phase6=v2_1;replay_version=C_remaining_day_max_plus_obs;replay_mode=FULL_OPERATIONAL_REPLAY;obs_availability=assumed_fixed_lag_20m_after_observation_time,v2_1,C_remaining_day_max_plus_obs,,71.2,OK,,2026-04-23T10:00:00+00:00,2026-04-24T05:00:00+00:00,checkpoint_to_nws_cli_climate_day_end_local_standard_time_utc-5,19,19,71.2,OK,,4,1,2026-04-23T08:51:00+00:00,69.0,60.0,False,assumed_fixed_lag_20m_after_observation_time
KXHIGHNY-26APR23,2026-04-23,d0_0900,2026-04-23T13:00:00+00:00,gfs_operational_latest,2026-04-23T06:00:00+00:00,2026-04-23T12:00:00+00:00,day_06z,71.0,71.0,49.0,71.0,73.0,2.0,nws_cli_knyc,FULL_OPERATIONAL_REPLAY,iem_nws_cli,72° to 73°,4,spring,-6.0,open-meteo:single-runs:ncep_gfs_global:operational_latest,policy=latest_available_by_latency;latency_h=6;replay_mode=MODEL_ONLY_REPLAY;residual_convention=residual_f = actual_high_f - forecast_high_f;phase6=v2_1;replay_version=C_remaining_day_max_plus_obs;replay_mode=FULL_OPERATIONAL_REPLAY;obs_availability=assumed_fixed_lag_20m_after_observation_time,v2_1,C_remaining_day_max_plus_obs,,71.0,OK,,2026-04-23T13:00:00+00:00,2026-04-24T05:00:00+00:00,checkpoint_to_nws_cli_climate_day_end_local_standard_time_utc-5,16,16,71.0,OK,,7,1,2026-04-23T11:51:00+00:00,69.0,60.0,False,assumed_fixed_lag_20m_after_observation_time
KXHIGHNY-26APR23,2026-04-23,d0_1200,2026-04-23T16:00:00+00:00,gfs_operational_latest,2026-04-23T06:00:00+00:00,2026-04-23T12:00:00+00:00,day_06z,71.0,71.0,63.0,71.0,73.0,2.0,nws_cli_knyc,FULL_OPERATIONAL_REPLAY,iem_nws_cli,72° to 73°,4,spring,-6.0,open-meteo:single-runs:ncep_gfs_global:operational_latest,policy=latest_available_by_latency;latency_h=6;replay_mode=MODEL_ONLY_REPLAY;residual_convention=residual_f = actual_high_f - forecast_high_f;phase6=v2_1;replay_version=C_remaining_day_max_plus_obs;replay_mode=FULL_OPERATIONAL_REPLAY;obs_availability=assumed_fixed_lag_20m_after_observation_time,v2_1,C_remaining_day_max_plus_obs,,71.0,OK,,2026-04-23T16:00:00+00:00,2026-04-24T05:00:00+00:00,checkpoint_to_nws_cli_climate_day_end_local_standard_time_utc-5,13,13,71.0,OK,,10,1,2026-04-23T14:51:00+00:00,69.0,60.0,False,assumed_fixed_lag_20m_after_observation_time
KXHIGHNY-26APR23,2026-04-23,d0_1500,2026-04-23T19:00:00+00:00,gfs_operational_latest,2026-04-23T06:00:00+00:00,2026-04-23T12:00:00+00:00,day_06z,71.0,71.0,71.0,71.0,73.0,2.0,nws_cli_knyc,FULL_OPERATIONAL_REPLAY,iem_nws_cli,72° to 73°,4,spring,-6.0,open-meteo:single-runs:ncep_gfs_global:operational_latest,policy=latest_available_by_latency;latency_h=6;replay_mode=MODEL_ONLY_REPLAY;residual_convention=residual_f = actual_high_f - forecast_high_f;phase6=v2_1;replay_version=C_remaining_day_max_plus_obs;replay_mode=FULL_OPERATIONAL_REPLAY;obs_availability=assumed_fixed_lag_20m_after_observation_time,v2_1,C_remaining_day_max_plus_obs,,71.0,OK,,2026-04-23T19:00:00+00:00,2026-04-24T05:00:00+00:00,checkpoint_to_nws_cli_climate_day_end_local_standard_time_utc-5,10,10,71.0,OK,,13,1,2026-04-23T17:51:00+00:00,69.0,60.0,False,assumed_fixed_lag_20m_after_observation_time
KXHIGHNY-26APR24,2026-04-24,dminus1_1800,2026-04-23T22:00:00+00:00,gfs_operational_latest,2026-04-23T12:00:00+00:00,2026-04-23T18:00:00+00:00,prev_12z,63.8,63.8,,63.8,68.0,4.200000000000003,nws_cli_knyc,FULL_OPERATIONAL_REPLAY,iem_nws_cli,68° or above,4,spring,12.0,open-meteo:single-runs:ncep_gfs_global:operational_latest,policy=latest_available_by_latency;latency_h=6;replay_mode=FULL_OPERATIONAL_REPLAY;residual_convention=residual_f = actual_high_f - forecast_high_f;phase6=v2_1;replay_version=C_remaining_day_max_plus_obs;replay_mode=FULL_OPERATIONAL_REPLAY;obs_availability=assumed_fixed_lag_20m_after_observation_time,v2_1,C_remaining_day_max_plus_obs,,63.8,OK,,2026-04-24T05:00:00+00:00,2026-04-25T05:00:00+00:00,checkpoint_to_nws_cli_climate_day_end_local_standard_time_utc-5,24,24,63.8,,,,,,,,,
KXHIGHNY-26APR24,2026-04-24,d0_0600,2026-04-24T10:00:00+00:00,gfs_operational_latest,2026-04-24T00:00:00+00:00,2026-04-24T06:00:00+00:00,day_00z,70.1,70.1,61.0,70.1,68.0,-2.0999999999999943,nws_cli_knyc,FULL_OPERATIONAL_REPLAY,iem_nws_cli,68° or above,4,spring,0.0,open-meteo:single-runs:ncep_gfs_global:operational_latest,policy=latest_available_by_latency;latency_h=6;replay_mode=MODEL_ONLY_REPLAY;residual_convention=residual_f = actual_high_f - forecast_high_f;phase6=v2_1;replay_version=C_remaining_day_max_plus_obs;replay_mode=FULL_OPERATIONAL_REPLAY;obs_availability=assumed_fixed_lag_20m_after_observation_time,v2_1,C_remaining_day_max_plus_obs,,70.1,OK,,2026-04-24T10:00:00+00:00,2026-04-25T05:00:00+00:00,checkpoint_to_nws_cli_climate_day_end_local_standard_time_utc-5,19,19,70.1,OK,,4,1,2026-04-24T08:51:00+00:00,69.0,60.0,False,assumed_fixed_lag_20m_after_observation_time
KXHIGHNY-26APR24,2026-04-24,d0_0900,2026-04-24T13:00:00+00:00,gfs_operational_latest,2026-04-24T06:00:00+00:00,2026-04-24T12:00:00+00:00,day_06z,69.5,69.5,61.0,69.5,68.0,-1.5,nws_cli_knyc,FULL_OPERATIONAL_REPLAY,iem_nws_cli,68° or above,4,spring,-6.0,open-meteo:single-runs:ncep_gfs_global:operational_latest,policy=latest_available_by_latency;latency_h=6;replay_mode=MODEL_ONLY_REPLAY;residual_convention=residual_f = actual_high_f - forecast_high_f;phase6=v2_1;replay_version=C_remaining_day_max_plus_obs;replay_mode=FULL_OPERATIONAL_REPLAY;obs_availability=assumed_fixed_lag_20m_after_observation_time,v2_1,C_remaining_day_max_plus_obs,,69.5,OK,,2026-04-24T13:00:00+00:00,2026-04-25T05:00:00+00:00,checkpoint_to_nws_cli_climate_day_end_local_standard_time_utc-5,16,16,69.5,OK,,7,1,2026-04-24T11:51:00+00:00,69.0,60.0,False,assumed_fixed_lag_20m_after_observation_time
KXHIGHNY-26APR24,2026-04-24,d0_1200,2026-04-24T16:00:00+00:00,gfs_operational_latest,2026-04-24T06:00:00+00:00,2026-04-24T12:00:00+00:00,day_06z,69.5,69.5,61.0,69.5,68.0,-1.5,nws_cli_knyc,FULL_OPERATIONAL_REPLAY,iem_nws_cli,68° or above,4,spring,-6.0,open-meteo:single-runs:ncep_gfs_global:operational_latest,policy=latest_available_by_latency;latency_h=6;replay_mode=MODEL_ONLY_REPLAY;residual_convention=residual_f = actual_high_f - forecast_high_f;phase6=v2_1;replay_version=C_remaining_day_max_plus_obs;replay_mode=FULL_OPERATIONAL_REPLAY;obs_availability=assumed_fixed_lag_20m_after_observation_time,v2_1,C_remaining_day_max_plus_obs,,69.5,OK,,2026-04-24T16:00:00+00:00,2026-04-25T05:00:00+00:00,checkpoint_to_nws_cli_climate_day_end_local_standard_time_utc-5,13,13,69.5,OK,,10,1,2026-04-24T14:51:00+00:00,69.0,60.0,False,assumed_fixed_lag_20m_after_observation_time
KXHIGHNY-26APR24,2026-04-24,d0_1500,2026-04-24T19:00:00+00:00,gfs_operational_latest,2026-04-24T06:00:00+00:00,2026-04-24T12:00:00+00:00,day_06z,69.5,69.5,65.0,69.5,68.0,-1.5,nws_cli_knyc,FULL_OPERATIONAL_REPLAY,iem_nws_cli,68° or above,4,spring,-6.0,open-meteo:single-runs:ncep_gfs_global:operational_latest,policy=latest_available_by_latency;latency_h=6;replay_mode=MODEL_ONLY_REPLAY;residual_convention=residual_f = actual_high_f - forecast_high_f;phase6=v2_1;replay_version=C_remaining_day_max_plus_obs;replay_mode=FULL_OPERATIONAL_REPLAY;obs_availability=assumed_fixed_lag_20m_after_observation_time,v2_1,C_remaining_day_max_plus_obs,,69.5,OK,,2026-04-24T19:00:00+00:00,2026-04-25T05:00:00+00:00,checkpoint_to_nws_cli_climate_day_end_local_standard_time_utc-5,10,10,69.5,OK,,13,1,2026-04-24T17:51:00+00:00,69.0,60.0,False,assumed_fixed_lag_20m_after_observation_time
KXHIGHNY-26APR25,2026-04-25,dminus1_1800,2026-04-24T22:00:00+00:00,gfs_operational_latest,2026-04-24T12:00:00+00:00,2026-04-24T18:00:00+00:00,prev_12z,52.6,52.6,,52.6,50.0,-2.6000000000000014,nws_cli_knyc,FULL_OPERATIONAL_REPLAY,iem_nws_cli,50° or below,4,spring,12.0,open-meteo:single-runs:ncep_gfs_global:operational_latest,policy=latest_available_by_latency;latency_h=6;replay_mode=FULL_OPERATIONAL_REPLAY;residual_convention=residual_f = actual_high_f - forecast_high_f;phase6=v2_1;replay_version=C_remaining_day_max_plus_obs;replay_mode=FULL_OPERATIONAL_REPLAY;obs_availability=assumed_fixed_lag_20m_after_observation_time,v2_1,C_remaining_day_max_plus_obs,,53.3,OK,,2026-04-25T05:00:00+00:00,2026-04-26T05:00:00+00:00,checkpoint_to_nws_cli_climate_day_end_local_standard_time_utc-5,24,24,52.6,,,,,,,,,
KXHIGHNY-26APR25,2026-04-25,d0_0600,2026-04-25T10:00:00+00:00,gfs_operational_latest,2026-04-25T00:00:00+00:00,2026-04-25T06:00:00+00:00,day_00z,50.0,48.8,50.0,50.0,50.0,0.0,nws_cli_knyc,FULL_OPERATIONAL_REPLAY,iem_nws_cli,50° or below,4,spring,0.0,open-meteo:single-runs:ncep_gfs_global:operational_latest,policy=latest_available_by_latency;latency_h=6;replay_mode=MODEL_ONLY_REPLAY;residual_convention=residual_f = actual_high_f - forecast_high_f;phase6=v2_1;replay_version=C_remaining_day_max_plus_obs;replay_mode=FULL_OPERATIONAL_REPLAY;obs_availability=assumed_fixed_lag_20m_after_observation_time,v2_1,C_remaining_day_max_plus_obs,,52.6,OK,,2026-04-25T10:00:00+00:00,2026-04-26T05:00:00+00:00,checkpoint_to_nws_cli_climate_day_end_local_standard_time_utc-5,19,19,48.8,OK,,6,1,2026-04-25T08:51:00+00:00,69.0,60.0,True,assumed_fixed_lag_20m_after_observation_time
KXHIGHNY-26APR25,2026-04-25,d0_0900,2026-04-25T13:00:00+00:00,gfs_operational_latest,2026-04-25T06:00:00+00:00,2026-04-25T12:00:00+00:00,day_06z,50.0,48.8,50.0,50.0,50.0,0.0,nws_cli_knyc,FULL_OPERATIONAL_REPLAY,iem_nws_cli,50° or below,4,spring,-6.0,open-meteo:single-runs:ncep_gfs_global:operational_latest,policy=latest_available_by_latency;latency_h=6;replay_mode=MODEL_ONLY_REPLAY;residual_convention=residual_f = actual_high_f - forecast_high_f;phase6=v2_1;replay_version=C_remaining_day_max_plus_obs;replay_mode=FULL_OPERATIONAL_REPLAY;obs_availability=assumed_fixed_lag_20m_after_observation_time,v2_1,C_remaining_day_max_plus_obs,,51.0,OK,,2026-04-25T13:00:00+00:00,2026-04-26T05:00:00+00:00,checkpoint_to_nws_cli_climate_day_end_local_standard_time_utc-5,16,16,48.8,OK,,9,1,2026-04-25T11:51:00+00:00,69.0,60.0,True,assumed_fixed_lag_20m_after_observation_time
KXHIGHNY-26APR25,2026-04-25,d0_1200,2026-04-25T16:00:00+00:00,gfs_operational_latest,2026-04-25T06:00:00+00:00,2026-04-25T12:00:00+00:00,day_06z,50.0,47.8,50.0,50.0,50.0,0.0,nws_cli_knyc,FULL_OPERATIONAL_REPLAY,iem_nws_cli,50° or below,4,spring,-6.0,open-meteo:single-runs:ncep_gfs_global:operational_latest,policy=latest_available_by_latency;latency_h=6;replay_mode=MODEL_ONLY_REPLAY;residual_convention=residual_f = actual_high_f - forecast_high_f;phase6=v2_1;replay_version=C_remaining_day_max_plus_obs;replay_mode=FULL_OPERATIONAL_REPLAY;obs_availability=assumed_fixed_lag_20m_after_observation_time,v2_1,C_remaining_day_max_plus_obs,,51.0,OK,,2026-04-25T16:00:00+00:00,2026-04-26T05:00:00+00:00,checkpoint_to_nws_cli_climate_day_end_local_standard_time_utc-5,13,13,47.8,OK,,12,1,2026-04-25T14:51:00+00:00,69.0,60.0,True,assumed_fixed_lag_20m_after_observation_time
KXHIGHNY-26APR25,2026-04-25,d0_1500,2026-04-25T19:00:00+00:00,gfs_operational_latest,2026-04-25T06:00:00+00:00,2026-04-25T12:00:00+00:00,day_06z,50.0,45.4,50.0,50.0,50.0,0.0,nws_cli_knyc,FULL_OPERATIONAL_REPLAY,iem_nws_cli,50° or below,4,spring,-6.0,open-meteo:single-runs:ncep_gfs_global:operational_latest,policy=latest_available_by_latency;latency_h=6;replay_mode=MODEL_ONLY_REPLAY;residual_convention=residual_f = actual_high_f - forecast_high_f;phase6=v2_1;replay_version=C_remaining_day_max_plus_obs;replay_mode=FULL_OPERATIONAL_REPLAY;obs_availability=assumed_fixed_lag_20m_after_observation_time,v2_1,C_remaining_day_max_plus_obs,,51.0,OK,,2026-04-25T19:00:00+00:00,2026-04-26T05:00:00+00:00,checkpoint_to_nws_cli_climate_day_end_local_standard_time_utc-5,10,10,45.4,OK,,18,1,2026-04-25T18:23:00+00:00,37.0,60.0,True,assumed_fixed_lag_20m_after_observation_time
KXHIGHNY-26APR26,2026-04-26,dminus1_1800,2026-04-25T22:00:00+00:00,gfs_operational_latest,2026-04-25T12:00:00+00:00,2026-04-25T18:00:00+00:00,prev_12z,55.1,55.1,,55.1,57.0,1.8999999999999986,nws_cli_knyc,FULL_OPERATIONAL_REPLAY,iem_nws_cli,57° to 58°,4,spring,12.0,open-meteo:single-runs:ncep_gfs_global:operational_latest,policy=latest_available_by_latency;latency_h=6;replay_mode=FULL_OPERATIONAL_REPLAY;residual_convention=residual_f = actual_high_f - forecast_high_f;phase6=v2_1;replay_version=C_remaining_day_max_plus_obs;replay_mode=FULL_OPERATIONAL_REPLAY;obs_availability=assumed_fixed_lag_20m_after_observation_time,v2_1,C_remaining_day_max_plus_obs,,55.1,OK,,2026-04-26T05:00:00+00:00,2026-04-27T05:00:00+00:00,checkpoint_to_nws_cli_climate_day_end_local_standard_time_utc-5,24,24,55.1,,,,,,,,,
KXHIGHNY-26APR26,2026-04-26,d0_0600,2026-04-26T10:00:00+00:00,gfs_operational_latest,2026-04-26T00:00:00+00:00,2026-04-26T06:00:00+00:00,day_00z,55.7,55.7,42.8,55.7,57.0,1.2999999999999972,nws_cli_knyc,FULL_OPERATIONAL_REPLAY,iem_nws_cli,57° to 58°,4,spring,0.0,open-meteo:single-runs:ncep_gfs_global:operational_latest,policy=latest_available_by_latency;latency_h=6;replay_mode=MODEL_ONLY_REPLAY;residual_convention=residual_f = actual_high_f - forecast_high_f;phase6=v2_1;replay_version=C_remaining_day_max_plus_obs;replay_mode=FULL_OPERATIONAL_REPLAY;obs_availability=assumed_fixed_lag_20m_after_observation_time,v2_1,C_remaining_day_max_plus_obs,,55.7,OK,,2026-04-26T10:00:00+00:00,2026-04-27T05:00:00+00:00,checkpoint_to_nws_cli_climate_day_end_local_standard_time_utc-5,19,19,55.7,OK,,12,1,2026-04-26T09:36:00+00:00,24.0,48.0,False,assumed_fixed_lag_20m_after_observation_time
KXHIGHNY-26APR26,2026-04-26,d0_0900,2026-04-26T13:00:00+00:00,gfs_operational_latest,2026-04-26T06:00:00+00:00,2026-04-26T12:00:00+00:00,day_06z,55.3,55.3,43.0,55.3,57.0,1.7000000000000028,nws_cli_knyc,FULL_OPERATIONAL_REPLAY,iem_nws_cli,57° to 58°,4,spring,-6.0,open-meteo:single-runs:ncep_gfs_global:operational_latest,policy=latest_available_by_latency;latency_h=6;replay_mode=MODEL_ONLY_REPLAY;residual_convention=residual_f = actual_high_f - forecast_high_f;phase6=v2_1;replay_version=C_remaining_day_max_plus_obs;replay_mode=FULL_OPERATIONAL_REPLAY;obs_availability=assumed_fixed_lag_20m_after_observation_time,v2_1,C_remaining_day_max_plus_obs,,55.3,OK,,2026-04-26T13:00:00+00:00,2026-04-27T05:00:00+00:00,checkpoint_to_nws_cli_climate_day_end_local_standard_time_utc-5,16,16,55.3,OK,,21,2,2026-04-26T12:29:00+00:00,31.0,48.0,False,assumed_fixed_lag_20m_after_observation_time
KXHIGHNY-26APR26,2026-04-26,d0_1200,2026-04-26T16:00:00+00:00,gfs_operational_latest,2026-04-26T06:00:00+00:00,2026-04-26T12:00:00+00:00,day_06z,55.3,55.3,48.0,55.3,57.0,1.7000000000000028,nws_cli_knyc,FULL_OPERATIONAL_REPLAY,iem_nws_cli,57° to 58°,4,spring,-6.0,open-meteo:single-runs:ncep_gfs_global:operational_latest,policy=latest_available_by_latency;latency_h=6;replay_mode=MODEL_ONLY_REPLAY;residual_convention=residual_f = actual_high_f - forecast_high_f;phase6=v2_1;replay_version=C_remaining_day_max_plus_obs;replay_mode=FULL_OPERATIONAL_REPLAY;obs_availability=assumed_fixed_lag_20m_after_observation_time,v2_1,C_remaining_day_max_plus_obs,,55.3,OK,,2026-04-26T16:00:00+00:00,2026-04-27T05:00:00+00:00,checkpoint_to_nws_cli_climate_day_end_local_standard_time_utc-5,13,13,55.3,OK,,26,1,2026-04-26T14:51:00+00:00,69.0,60.0,False,assumed_fixed_lag_20m_after_observation_time
KXHIGHNY-26APR26,2026-04-26,d0_1500,2026-04-26T19:00:00+00:00,gfs_operational_latest,2026-04-26T06:00:00+00:00,2026-04-26T12:00:00+00:00,day_06z,55.3,55.3,55.0,55.3,57.0,1.7000000000000028,nws_cli_knyc,FULL_OPERATIONAL_REPLAY,iem_nws_cli,57° to 58°,4,spring,-6.0,open-meteo:single-runs:ncep_gfs_global:operational_latest,policy=latest_available_by_latency;latency_h=6;replay_mode=MODEL_ONLY_REPLAY;residual_convention=residual_f = actual_high_f - forecast_high_f;phase6=v2_1;replay_version=C_remaining_day_max_plus_obs;replay_mode=FULL_OPERATIONAL_REPLAY;obs_availability=assumed_fixed_lag_20m_after_observation_time,v2_1,C_remaining_day_max_plus_obs,,55.3,OK,,2026-04-26T19:00:00+00:00,2026-04-27T05:00:00+00:00,checkpoint_to_nws_cli_climate_day_end_local_standard_time_utc-5,10,10,55.3,OK,,29,1,2026-04-26T17:51:00+00:00,69.0,60.0,False,assumed_fixed_lag_20m_after_observation_time
KXHIGHNY-26APR27,2026-04-27,dminus1_1800,2026-04-26T22:00:00+00:00,gfs_operational_latest,2026-04-26T12:00:00+00:00,2026-04-26T18:00:00+00:00,prev_12z,66.1,66.1,,66.1,68.0,1.9000000000000057,nws_cli_knyc,FULL_OPERATIONAL_REPLAY,iem_nws_cli,68° to 69°,4,spring,12.0,open-meteo:single-runs:ncep_gfs_global:operational_latest,policy=latest_available_by_latency;latency_h=6;replay_mode=FULL_OPERATIONAL_REPLAY;residual_convention=residual_f = actual_high_f - forecast_high_f;phase6=v2_1;replay_version=C_remaining_day_max_plus_obs;replay_mode=FULL_OPERATIONAL_REPLAY;obs_availability=assumed_fixed_lag_20m_after_observation_time,v2_1,C_remaining_day_max_plus_obs,,66.1,OK,,2026-04-27T05:00:00+00:00,2026-04-28T05:00:00+00:00,checkpoint_to_nws_cli_climate_day_end_local_standard_time_utc-5,24,24,66.1,,,,,,,,,
KXHIGHNY-26APR27,2026-04-27,d0_0600,2026-04-27T10:00:00+00:00,gfs_operational_latest,2026-04-27T00:00:00+00:00,2026-04-27T06:00:00+00:00,day_00z,67.7,67.7,46.0,67.7,68.0,0.29999999999999716,nws_cli_knyc,FULL_OPERATIONAL_REPLAY,iem_nws_cli,68° to 69°,4,spring,0.0,open-meteo:single-runs:ncep_gfs_global:operational_latest,policy=latest_available_by_latency;latency_h=6;replay_mode=MODEL_ONLY_REPLAY;residual_convention=residual_f = actual_high_f - forecast_high_f;phase6=v2_1;replay_version=C_remaining_day_max_plus_obs;replay_mode=FULL_OPERATIONAL_REPLAY;obs_availability=assumed_fixed_lag_20m_after_observation_time,v2_1,C_remaining_day_max_plus_obs,,67.7,OK,,2026-04-27T10:00:00+00:00,2026-04-28T05:00:00+00:00,checkpoint_to_nws_cli_climate_day_end_local_standard_time_utc-5,19,19,67.7,OK,,4,1,2026-04-27T08:51:00+00:00,69.0,60.0,False,assumed_fixed_lag_20m_after_observation_time
KXHIGHNY-26APR27,2026-04-27,d0_0900,2026-04-27T13:00:00+00:00,gfs_operational_latest,2026-04-27T06:00:00+00:00,2026-04-27T12:00:00+00:00,day_06z,67.9,67.9,51.0,67.9,68.0,0.09999999999999432,nws_cli_knyc,FULL_OPERATIONAL_REPLAY,iem_nws_cli,68° to 69°,4,spring,-6.0,open-meteo:single-runs:ncep_gfs_global:operational_latest,policy=latest_available_by_latency;latency_h=6;replay_mode=MODEL_ONLY_REPLAY;residual_convention=residual_f = actual_high_f - forecast_high_f;phase6=v2_1;replay_version=C_remaining_day_max_plus_obs;replay_mode=FULL_OPERATIONAL_REPLAY;obs_availability=assumed_fixed_lag_20m_after_observation_time,v2_1,C_remaining_day_max_plus_obs,,67.9,OK,,2026-04-27T13:00:00+00:00,2026-04-28T05:00:00+00:00,checkpoint_to_nws_cli_climate_day_end_local_standard_time_utc-5,16,16,67.9,OK,,7,1,2026-04-27T11:51:00+00:00,69.0,60.0,False,assumed_fixed_lag_20m_after_observation_time
KXHIGHNY-26APR27,2026-04-27,d0_1200,2026-04-27T16:00:00+00:00,gfs_operational_latest,2026-04-27T06:00:00+00:00,2026-04-27T12:00:00+00:00,day_06z,67.9,67.9,60.0,67.9,68.0,0.09999999999999432,nws_cli_knyc,FULL_OPERATIONAL_REPLAY,iem_nws_cli,68° to 69°,4,spring,-6.0,open-meteo:single-runs:ncep_gfs_global:operational_latest,policy=latest_available_by_latency;latency_h=6;replay_mode=MODEL_ONLY_REPLAY;residual_convention=residual_f = actual_high_f - forecast_high_f;phase6=v2_1;replay_version=C_remaining_day_max_plus_obs;replay_mode=FULL_OPERATIONAL_REPLAY;obs_availability=assumed_fixed_lag_20m_after_observation_time,v2_1,C_remaining_day_max_plus_obs,,67.9,OK,,2026-04-27T16:00:00+00:00,2026-04-28T05:00:00+00:00,checkpoint_to_nws_cli_climate_day_end_local_standard_time_utc-5,13,13,67.9,OK,,10,1,2026-04-27T14:51:00+00:00,69.0,60.0,False,assumed_fixed_lag_20m_after_observation_time
KXHIGHNY-26APR27,2026-04-27,d0_1500,2026-04-27T19:00:00+00:00,gfs_operational_latest,2026-04-27T06:00:00+00:00,2026-04-27T12:00:00+00:00,day_06z,67.9,67.9,67.0,67.9,68.0,0.09999999999999432,nws_cli_knyc,FULL_OPERATIONAL_REPLAY,iem_nws_cli,68° to 69°,4,spring,-6.0,open-meteo:single-runs:ncep_gfs_global:operational_latest,policy=latest_available_by_latency;latency_h=6;replay_mode=MODEL_ONLY_REPLAY;residual_convention=residual_f = actual_high_f - forecast_high_f;phase6=v2_1;replay_version=C_remaining_day_max_plus_obs;replay_mode=FULL_OPERATIONAL_REPLAY;obs_availability=assumed_fixed_lag_20m_after_observation_time,v2_1,C_remaining_day_max_plus_obs,,67.9,OK,,2026-04-27T19:00:00+00:00,2026-04-28T05:00:00+00:00,checkpoint_to_nws_cli_climate_day_end_local_standard_time_utc-5,10,10,67.9,OK,,13,1,2026-04-27T17:51:00+00:00,69.0,60.0,False,assumed_fixed_lag_20m_after_observation_time
KXHIGHNY-26APR28,2026-04-28,dminus1_1800,2026-04-27T22:00:00+00:00,gfs_operational_latest,2026-04-27T12:00:00+00:00,2026-04-27T18:00:00+00:00,prev_12z,64.5,64.5,,64.5,65.0,0.5,nws_cli_knyc,FULL_OPERATIONAL_REPLAY,iem_nws_cli,65° to 66°,4,spring,12.0,open-meteo:single-runs:ncep_gfs_global:operational_latest,policy=latest_available_by_latency;latency_h=6;replay_mode=FULL_OPERATIONAL_REPLAY;residual_convention=residual_f = actual_high_f - forecast_high_f;phase6=v2_1;replay_version=C_remaining_day_max_plus_obs;replay_mode=FULL_OPERATIONAL_REPLAY;obs_availability=assumed_fixed_lag_20m_after_observation_time,v2_1,C_remaining_day_max_plus_obs,,64.5,OK,,2026-04-28T05:00:00+00:00,2026-04-29T05:00:00+00:00,checkpoint_to_nws_cli_climate_day_end_local_standard_time_utc-5,24,24,64.5,,,,,,,,,
KXHIGHNY-26APR28,2026-04-28,d0_0600,2026-04-28T10:00:00+00:00,gfs_operational_latest,2026-04-28T00:00:00+00:00,2026-04-28T06:00:00+00:00,day_00z,66.3,66.3,51.0,66.3,65.0,-1.2999999999999972,nws_cli_knyc,FULL_OPERATIONAL_REPLAY,iem_nws_cli,65° to 66°,4,spring,0.0,open-meteo:single-runs:ncep_gfs_global:operational_latest,policy=latest_available_by_latency;latency_h=6;replay_mode=MODEL_ONLY_REPLAY;residual_convention=residual_f = actual_high_f - forecast_high_f;phase6=v2_1;replay_version=C_remaining_day_max_plus_obs;replay_mode=FULL_OPERATIONAL_REPLAY;obs_availability=assumed_fixed_lag_20m_after_observation_time,v2_1,C_remaining_day_max_plus_obs,,66.3,OK,,2026-04-28T10:00:00+00:00,2026-04-29T05:00:00+00:00,checkpoint_to_nws_cli_climate_day_end_local_standard_time_utc-5,19,19,66.3,OK,,4,1,2026-04-28T08:51:00+00:00,69.0,60.0,False,assumed_fixed_lag_20m_after_observation_time
KXHIGHNY-26APR28,2026-04-28,d0_0900,2026-04-28T13:00:00+00:00,gfs_operational_latest,2026-04-28T06:00:00+00:00,2026-04-28T12:00:00+00:00,day_06z,66.3,66.3,54.0,66.3,65.0,-1.2999999999999972,nws_cli_knyc,FULL_OPERATIONAL_REPLAY,iem_nws_cli,65° to 66°,4,spring,-6.0,open-meteo:single-runs:ncep_gfs_global:operational_latest,policy=latest_available_by_latency;latency_h=6;replay_mode=MODEL_ONLY_REPLAY;residual_convention=residual_f = actual_high_f - forecast_high_f;phase6=v2_1;replay_version=C_remaining_day_max_plus_obs;replay_mode=FULL_OPERATIONAL_REPLAY;obs_availability=assumed_fixed_lag_20m_after_observation_time,v2_1,C_remaining_day_max_plus_obs,,66.3,OK,,2026-04-28T13:00:00+00:00,2026-04-29T05:00:00+00:00,checkpoint_to_nws_cli_climate_day_end_local_standard_time_utc-5,16,16,66.3,OK,,7,1,2026-04-28T11:51:00+00:00,69.0,60.0,False,assumed_fixed_lag_20m_after_observation_time
KXHIGHNY-26APR28,2026-04-28,d0_1200,2026-04-28T16:00:00+00:00,gfs_operational_latest,2026-04-28T06:00:00+00:00,2026-04-28T12:00:00+00:00,day_06z,66.3,66.3,64.0,66.3,65.0,-1.2999999999999972,nws_cli_knyc,FULL_OPERATIONAL_REPLAY,iem_nws_cli,65° to 66°,4,spring,-6.0,open-meteo:single-runs:ncep_gfs_global:operational_latest,policy=latest_available_by_latency;latency_h=6;replay_mode=MODEL_ONLY_REPLAY;residual_convention=residual_f = actual_high_f - forecast_high_f;phase6=v2_1;replay_version=C_remaining_day_max_plus_obs;replay_mode=FULL_OPERATIONAL_REPLAY;obs_availability=assumed_fixed_lag_20m_after_observation_time,v2_1,C_remaining_day_max_plus_obs,,66.3,OK,,2026-04-28T16:00:00+00:00,2026-04-29T05:00:00+00:00,checkpoint_to_nws_cli_climate_day_end_local_standard_time_utc-5,13,13,66.3,OK,,10,1,2026-04-28T14:51:00+00:00,69.0,60.0,False,assumed_fixed_lag_20m_after_observation_time
KXHIGHNY-26APR28,2026-04-28,d0_1500,2026-04-28T19:00:00+00:00,gfs_operational_latest,2026-04-28T06:00:00+00:00,2026-04-28T12:00:00+00:00,day_06z,66.3,66.3,64.0,66.3,65.0,-1.2999999999999972,nws_cli_knyc,FULL_OPERATIONAL_REPLAY,iem_nws_cli,65° to 66°,4,spring,-6.0,open-meteo:single-runs:ncep_gfs_global:operational_latest,policy=latest_available_by_latency;latency_h=6;replay_mode=MODEL_ONLY_REPLAY;residual_convention=residual_f = actual_high_f - forecast_high_f;phase6=v2_1;replay_version=C_remaining_day_max_plus_obs;replay_mode=FULL_OPERATIONAL_REPLAY;obs_availability=assumed_fixed_lag_20m_after_observation_time,v2_1,C_remaining_day_max_plus_obs,,66.3,OK,,2026-04-28T19:00:00+00:00,2026-04-29T05:00:00+00:00,checkpoint_to_nws_cli_climate_day_end_local_standard_time_utc-5,10,10,66.3,OK,,13,1,2026-04-28T17:51:00+00:00,69.0,60.0,False,assumed_fixed_lag_20m_after_observation_time
KXHIGHNY-26APR29,2026-04-29,dminus1_1800,2026-04-28T22:00:00+00:00,gfs_operational_latest,2026-04-28T12:00:00+00:00,2026-04-28T18:00:00+00:00,prev_12z,62.7,62.7,,62.7,62.0,-0.7000000000000028,nws_cli_knyc,FULL_OPERATIONAL_REPLAY,iem_nws_cli,62° to 63°,4,spring,12.0,open-meteo:single-runs:ncep_gfs_global:operational_latest,policy=latest_available_by_latency;latency_h=6;replay_mode=FULL_OPERATIONAL_REPLAY;residual_convention=residual_f = actual_high_f - forecast_high_f;phase6=v2_1;replay_version=C_remaining_day_max_plus_obs;replay_mode=FULL_OPERATIONAL_REPLAY;obs_availability=assumed_fixed_lag_20m_after_observation_time,v2_1,C_remaining_day_max_plus_obs,,62.7,OK,,2026-04-29T05:00:00+00:00,2026-04-30T05:00:00+00:00,checkpoint_to_nws_cli_climate_day_end_local_standard_time_utc-5,24,24,62.7,,,,,,,,,
KXHIGHNY-26APR29,2026-04-29,d0_0600,2026-04-29T10:00:00+00:00,gfs_operational_latest,2026-04-29T00:00:00+00:00,2026-04-29T06:00:00+00:00,day_00z,62.3,62.3,53.0,62.3,62.0,-0.29999999999999716,nws_cli_knyc,FULL_OPERATIONAL_REPLAY,iem_nws_cli,62° to 63°,4,spring,0.0,open-meteo:single-runs:ncep_gfs_global:operational_latest,policy=latest_available_by_latency;latency_h=6;replay_mode=MODEL_ONLY_REPLAY;residual_convention=residual_f = actual_high_f - forecast_high_f;phase6=v2_1;replay_version=C_remaining_day_max_plus_obs;replay_mode=FULL_OPERATIONAL_REPLAY;obs_availability=assumed_fixed_lag_20m_after_observation_time,v2_1,C_remaining_day_max_plus_obs,,62.3,OK,,2026-04-29T10:00:00+00:00,2026-04-30T05:00:00+00:00,checkpoint_to_nws_cli_climate_day_end_local_standard_time_utc-5,19,19,62.3,OK,,4,1,2026-04-29T08:51:00+00:00,69.0,60.0,False,assumed_fixed_lag_20m_after_observation_time
KXHIGHNY-26APR29,2026-04-29,d0_0900,2026-04-29T13:00:00+00:00,gfs_operational_latest,2026-04-29T06:00:00+00:00,2026-04-29T12:00:00+00:00,day_06z,62.0,62.0,54.0,62.0,62.0,0.0,nws_cli_knyc,FULL_OPERATIONAL_REPLAY,iem_nws_cli,62° to 63°,4,spring,-6.0,open-meteo:single-runs:ncep_gfs_global:operational_latest,policy=latest_available_by_latency;latency_h=6;replay_mode=MODEL_ONLY_REPLAY;residual_convention=residual_f = actual_high_f - forecast_high_f;phase6=v2_1;replay_version=C_remaining_day_max_plus_obs;replay_mode=FULL_OPERATIONAL_REPLAY;obs_availability=assumed_fixed_lag_20m_after_observation_time,v2_1,C_remaining_day_max_plus_obs,,62.0,OK,,2026-04-29T13:00:00+00:00,2026-04-30T05:00:00+00:00,checkpoint_to_nws_cli_climate_day_end_local_standard_time_utc-5,16,16,62.0,OK,,7,1,2026-04-29T11:51:00+00:00,69.0,60.0,False,assumed_fixed_lag_20m_after_observation_time
KXHIGHNY-26APR29,2026-04-29,d0_1200,2026-04-29T16:00:00+00:00,gfs_operational_latest,2026-04-29T06:00:00+00:00,2026-04-29T12:00:00+00:00,day_06z,61.8,61.8,61.0,61.8,62.0,0.20000000000000284,nws_cli_knyc,FULL_OPERATIONAL_REPLAY,iem_nws_cli,62° to 63°,4,spring,-6.0,open-meteo:single-runs:ncep_gfs_global:operational_latest,policy=latest_available_by_latency;latency_h=6;replay_mode=MODEL_ONLY_REPLAY;residual_convention=residual_f = actual_high_f - forecast_high_f;phase6=v2_1;replay_version=C_remaining_day_max_plus_obs;replay_mode=FULL_OPERATIONAL_REPLAY;obs_availability=assumed_fixed_lag_20m_after_observation_time,v2_1,C_remaining_day_max_plus_obs,,62.0,OK,,2026-04-29T16:00:00+00:00,2026-04-30T05:00:00+00:00,checkpoint_to_nws_cli_climate_day_end_local_standard_time_utc-5,13,13,61.8,OK,,10,1,2026-04-29T14:51:00+00:00,69.0,60.0,False,assumed_fixed_lag_20m_after_observation_time
KXHIGHNY-26APR29,2026-04-29,d0_1500,2026-04-29T19:00:00+00:00,gfs_operational_latest,2026-04-29T06:00:00+00:00,2026-04-29T12:00:00+00:00,day_06z,61.1,61.1,61.0,61.1,62.0,0.8999999999999986,nws_cli_knyc,FULL_OPERATIONAL_REPLAY,iem_nws_cli,62° to 63°,4,spring,-6.0,open-meteo:single-runs:ncep_gfs_global:operational_latest,policy=latest_available_by_latency;latency_h=6;replay_mode=MODEL_ONLY_REPLAY;residual_convention=residual_f = actual_high_f - forecast_high_f;phase6=v2_1;replay_version=C_remaining_day_max_plus_obs;replay_mode=FULL_OPERATIONAL_REPLAY;obs_availability=assumed_fixed_lag_20m_after_observation_time,v2_1,C_remaining_day_max_plus_obs,,62.0,OK,,2026-04-29T19:00:00+00:00,2026-04-30T05:00:00+00:00,checkpoint_to_nws_cli_climate_day_end_local_standard_time_utc-5,10,10,61.1,OK,,13,1,2026-04-29T17:51:00+00:00,69.0,60.0,False,assumed_fixed_lag_20m_after_observation_time
KXHIGHNY-26APR30,2026-04-30,dminus1_1800,2026-04-29T22:00:00+00:00,gfs_operational_latest,2026-04-29T12:00:00+00:00,2026-04-29T18:00:00+00:00,prev_12z,63.6,63.6,,63.6,60.0,-3.6000000000000014,nws_cli_knyc,FULL_OPERATIONAL_REPLAY,iem_nws_cli,60° or below,4,spring,12.0,open-meteo:single-runs:ncep_gfs_global:operational_latest,policy=latest_available_by_latency;latency_h=6;replay_mode=FULL_OPERATIONAL_REPLAY;residual_convention=residual_f = actual_high_f - forecast_high_f;phase6=v2_1;replay_version=C_remaining_day_max_plus_obs;replay_mode=FULL_OPERATIONAL_REPLAY;obs_availability=assumed_fixed_lag_20m_after_observation_time,v2_1,C_remaining_day_max_plus_obs,,63.6,OK,,2026-04-30T05:00:00+00:00,2026-05-01T05:00:00+00:00,checkpoint_to_nws_cli_climate_day_end_local_standard_time_utc-5,24,24,63.6,,,,,,,,,
KXHIGHNY-26APR30,2026-04-30,d0_0600,2026-04-30T10:00:00+00:00,gfs_operational_latest,2026-04-30T00:00:00+00:00,2026-04-30T06:00:00+00:00,day_00z,60.4,60.4,48.0,60.4,60.0,-0.3999999999999986,nws_cli_knyc,FULL_OPERATIONAL_REPLAY,iem_nws_cli,60° or below,4,spring,0.0,open-meteo:single-runs:ncep_gfs_global:operational_latest,policy=latest_available_by_latency;latency_h=6;replay_mode=MODEL_ONLY_REPLAY;residual_convention=residual_f = actual_high_f - forecast_high_f;phase6=v2_1;replay_version=C_remaining_day_max_plus_obs;replay_mode=FULL_OPERATIONAL_REPLAY;obs_availability=assumed_fixed_lag_20m_after_observation_time,v2_1,C_remaining_day_max_plus_obs,,60.4,OK,,2026-04-30T10:00:00+00:00,2026-05-01T05:00:00+00:00,checkpoint_to_nws_cli_climate_day_end_local_standard_time_utc-5,19,19,60.4,OK,,13,1,2026-04-30T08:51:00+00:00,69.0,60.0,False,assumed_fixed_lag_20m_after_observation_time
KXHIGHNY-26APR30,2026-04-30,d0_0900,2026-04-30T13:00:00+00:00,gfs_operational_latest,2026-04-30T06:00:00+00:00,2026-04-30T12:00:00+00:00,day_06z,61.3,61.3,49.0,61.3,60.0,-1.2999999999999972,nws_cli_knyc,FULL_OPERATIONAL_REPLAY,iem_nws_cli,60° or below,4,spring,-6.0,open-meteo:single-runs:ncep_gfs_global:operational_latest,policy=latest_available_by_latency;latency_h=6;replay_mode=MODEL_ONLY_REPLAY;residual_convention=residual_f = actual_high_f - forecast_high_f;phase6=v2_1;replay_version=C_remaining_day_max_plus_obs;replay_mode=FULL_OPERATIONAL_REPLAY;obs_availability=assumed_fixed_lag_20m_after_observation_time,v2_1,C_remaining_day_max_plus_obs,,61.3,OK,,2026-04-30T13:00:00+00:00,2026-05-01T05:00:00+00:00,checkpoint_to_nws_cli_climate_day_end_local_standard_time_utc-5,16,16,61.3,OK,,19,1,2026-04-30T11:57:00+00:00,63.0,60.0,False,assumed_fixed_lag_20m_after_observation_time
KXHIGHNY-26APR30,2026-04-30,d0_1200,2026-04-30T16:00:00+00:00,gfs_operational_latest,2026-04-30T06:00:00+00:00,2026-04-30T12:00:00+00:00,day_06z,61.3,61.3,51.0,61.3,60.0,-1.2999999999999972,nws_cli_knyc,FULL_OPERATIONAL_REPLAY,iem_nws_cli,60° or below,4,spring,-6.0,open-meteo:single-runs:ncep_gfs_global:operational_latest,policy=latest_available_by_latency;latency_h=6;replay_mode=MODEL_ONLY_REPLAY;residual_convention=residual_f = actual_high_f - forecast_high_f;phase6=v2_1;replay_version=C_remaining_day_max_plus_obs;replay_mode=FULL_OPERATIONAL_REPLAY;obs_availability=assumed_fixed_lag_20m_after_observation_time,v2_1,C_remaining_day_max_plus_obs,,61.3,OK,,2026-04-30T16:00:00+00:00,2026-05-01T05:00:00+00:00,checkpoint_to_nws_cli_climate_day_end_local_standard_time_utc-5,13,13,61.3,OK,,24,1,2026-04-30T14:51:00+00:00,69.0,60.0,False,assumed_fixed_lag_20m_after_observation_time
KXHIGHNY-26APR30,2026-04-30,d0_1500,2026-04-30T19:00:00+00:00,gfs_operational_latest,2026-04-30T06:00:00+00:00,2026-04-30T12:00:00+00:00,day_06z,61.3,61.3,57.0,61.3,60.0,-1.2999999999999972,nws_cli_knyc,FULL_OPERATIONAL_REPLAY,iem_nws_cli,60° or below,4,spring,-6.0,open-meteo:single-runs:ncep_gfs_global:operational_latest,policy=latest_available_by_latency;latency_h=6;replay_mode=MODEL_ONLY_REPLAY;residual_convention=residual_f = actual_high_f - forecast_high_f;phase6=v2_1;replay_version=C_remaining_day_max_plus_obs;replay_mode=FULL_OPERATIONAL_REPLAY;obs_availability=assumed_fixed_lag_20m_after_observation_time,v2_1,C_remaining_day_max_plus_obs,,61.3,OK,,2026-04-30T19:00:00+00:00,2026-05-01T05:00:00+00:00,checkpoint_to_nws_cli_climate_day_end_local_standard_time_utc-5,10,10,61.3,OK,,28,2,2026-04-30T18:12:00+00:00,48.0,60.0,False,assumed_fixed_lag_20m_after_observation_time
KXHIGHNY-26MAY01,2026-05-01,dminus1_1800,2026-04-30T22:00:00+00:00,gfs_operational_latest,2026-04-30T12:00:00+00:00,2026-04-30T18:00:00+00:00,prev_12z,66.1,66.1,,66.1,64.0,-2.0999999999999943,nws_cli_knyc,FULL_OPERATIONAL_REPLAY,iem_nws_cli,64° to 65°,5,spring,12.0,open-meteo:single-runs:ncep_gfs_global:operational_latest,policy=latest_available_by_latency;latency_h=6;replay_mode=FULL_OPERATIONAL_REPLAY;residual_convention=residual_f = actual_high_f - forecast_high_f;phase6=v2_1;replay_version=C_remaining_day_max_plus_obs;replay_mode=FULL_OPERATIONAL_REPLAY;obs_availability=assumed_fixed_lag_20m_after_observation_time,v2_1,C_remaining_day_max_plus_obs,,66.1,OK,,2026-05-01T05:00:00+00:00,2026-05-02T05:00:00+00:00,checkpoint_to_nws_cli_climate_day_end_local_standard_time_utc-5,24,24,66.1,,,,,,,,,
KXHIGHNY-26MAY01,2026-05-01,d0_0600,2026-05-01T10:00:00+00:00,gfs_operational_latest,2026-05-01T00:00:00+00:00,2026-05-01T06:00:00+00:00,day_00z,65.8,65.8,51.0,65.8,64.0,-1.7999999999999972,nws_cli_knyc,FULL_OPERATIONAL_REPLAY,iem_nws_cli,64° to 65°,5,spring,0.0,open-meteo:single-runs:ncep_gfs_global:operational_latest,policy=latest_available_by_latency;latency_h=6;replay_mode=MODEL_ONLY_REPLAY;residual_convention=residual_f = actual_high_f - forecast_high_f;phase6=v2_1;replay_version=C_remaining_day_max_plus_obs;replay_mode=FULL_OPERATIONAL_REPLAY;obs_availability=assumed_fixed_lag_20m_after_observation_time,v2_1,C_remaining_day_max_plus_obs,,65.8,OK,,2026-05-01T10:00:00+00:00,2026-05-02T05:00:00+00:00,checkpoint_to_nws_cli_climate_day_end_local_standard_time_utc-5,19,19,65.8,OK,,4,1,2026-05-01T08:51:00+00:00,69.0,60.0,False,assumed_fixed_lag_20m_after_observation_time
KXHIGHNY-26MAY01,2026-05-01,d0_0900,2026-05-01T13:00:00+00:00,gfs_operational_latest,2026-05-01T06:00:00+00:00,2026-05-01T12:00:00+00:00,day_06z,66.1,66.1,51.0,66.1,64.0,-2.0999999999999943,nws_cli_knyc,FULL_OPERATIONAL_REPLAY,iem_nws_cli,64° to 65°,5,spring,-6.0,open-meteo:single-runs:ncep_gfs_global:operational_latest,policy=latest_available_by_latency;latency_h=6;replay_mode=MODEL_ONLY_REPLAY;residual_convention=residual_f = actual_high_f - forecast_high_f;phase6=v2_1;replay_version=C_remaining_day_max_plus_obs;replay_mode=FULL_OPERATIONAL_REPLAY;obs_availability=assumed_fixed_lag_20m_after_observation_time,v2_1,C_remaining_day_max_plus_obs,,66.1,OK,,2026-05-01T13:00:00+00:00,2026-05-02T05:00:00+00:00,checkpoint_to_nws_cli_climate_day_end_local_standard_time_utc-5,16,16,66.1,OK,,7,1,2026-05-01T11:51:00+00:00,69.0,60.0,False,assumed_fixed_lag_20m_after_observation_time
KXHIGHNY-26MAY01,2026-05-01,d0_1200,2026-05-01T16:00:00+00:00,gfs_operational_latest,2026-05-01T06:00:00+00:00,2026-05-01T12:00:00+00:00,day_06z,66.1,66.1,56.0,66.1,64.0,-2.0999999999999943,nws_cli_knyc,FULL_OPERATIONAL_REPLAY,iem_nws_cli,64° to 65°,5,spring,-6.0,open-meteo:single-runs:ncep_gfs_global:operational_latest,policy=latest_available_by_latency;latency_h=6;replay_mode=MODEL_ONLY_REPLAY;residual_convention=residual_f = actual_high_f - forecast_high_f;phase6=v2_1;replay_version=C_remaining_day_max_plus_obs;replay_mode=FULL_OPERATIONAL_REPLAY;obs_availability=assumed_fixed_lag_20m_after_observation_time,v2_1,C_remaining_day_max_plus_obs,,66.1,OK,,2026-05-01T16:00:00+00:00,2026-05-02T05:00:00+00:00,checkpoint_to_nws_cli_climate_day_end_local_standard_time_utc-5,13,13,66.1,OK,,10,1,2026-05-01T14:51:00+00:00,69.0,60.0,False,assumed_fixed_lag_20m_after_observation_time
KXHIGHNY-26MAY01,2026-05-01,d0_1500,2026-05-01T19:00:00+00:00,gfs_operational_latest,2026-05-01T06:00:00+00:00,2026-05-01T12:00:00+00:00,day_06z,66.1,66.1,62.0,66.1,64.0,-2.0999999999999943,nws_cli_knyc,FULL_OPERATIONAL_REPLAY,iem_nws_cli,64° to 65°,5,spring,-6.0,open-meteo:single-runs:ncep_gfs_global:operational_latest,policy=latest_available_by_latency;latency_h=6;replay_mode=MODEL_ONLY_REPLAY;residual_convention=residual_f = actual_high_f - forecast_high_f;phase6=v2_1;replay_version=C_remaining_day_max_plus_obs;replay_mode=FULL_OPERATIONAL_REPLAY;obs_availability=assumed_fixed_lag_20m_after_observation_time,v2_1,C_remaining_day_max_plus_obs,,66.1,OK,,2026-05-01T19:00:00+00:00,2026-05-02T05:00:00+00:00,checkpoint_to_nws_cli_climate_day_end_local_standard_time_utc-5,10,10,66.1,OK,,13,1,2026-05-01T17:51:00+00:00,69.0,60.0,False,assumed_fixed_lag_20m_after_observation_time
KXHIGHNY-26MAY02,2026-05-02,dminus1_1800,2026-05-01T22:00:00+00:00,gfs_operational_latest,2026-05-01T12:00:00+00:00,2026-05-01T18:00:00+00:00,prev_12z,59.1,59.1,,59.1,61.0,1.8999999999999986,nws_cli_knyc,FULL_OPERATIONAL_REPLAY,iem_nws_cli,60° to 61°,5,spring,12.0,open-meteo:single-runs:ncep_gfs_global:operational_latest,policy=latest_available_by_latency;latency_h=6;replay_mode=FULL_OPERATIONAL_REPLAY;residual_convention=residual_f = actual_high_f - forecast_high_f;phase6=v2_1;replay_version=C_remaining_day_max_plus_obs;replay_mode=FULL_OPERATIONAL_REPLAY;obs_availability=assumed_fixed_lag_20m_after_observation_time,v2_1,C_remaining_day_max_plus_obs,,59.1,OK,,2026-05-02T05:00:00+00:00,2026-05-03T05:00:00+00:00,checkpoint_to_nws_cli_climate_day_end_local_standard_time_utc-5,24,24,59.1,,,,,,,,,
KXHIGHNY-26MAY02,2026-05-02,d0_0600,2026-05-02T10:00:00+00:00,gfs_operational_latest,2026-05-02T00:00:00+00:00,2026-05-02T06:00:00+00:00,day_00z,59.8,59.8,55.0,59.8,61.0,1.2000000000000028,nws_cli_knyc,FULL_OPERATIONAL_REPLAY,iem_nws_cli,60° to 61°,5,spring,0.0,open-meteo:single-runs:ncep_gfs_global:operational_latest,policy=latest_available_by_latency;latency_h=6;replay_mode=MODEL_ONLY_REPLAY;residual_convention=residual_f = actual_high_f - forecast_high_f;phase6=v2_1;replay_version=C_remaining_day_max_plus_obs;replay_mode=FULL_OPERATIONAL_REPLAY;obs_availability=assumed_fixed_lag_20m_after_observation_time,v2_1,C_remaining_day_max_plus_obs,,59.8,OK,,2026-05-02T10:00:00+00:00,2026-05-03T05:00:00+00:00,checkpoint_to_nws_cli_climate_day_end_local_standard_time_utc-5,19,19,59.8,OK,,4,1,2026-05-02T08:51:00+00:00,69.0,60.0,False,assumed_fixed_lag_20m_after_observation_time
KXHIGHNY-26MAY02,2026-05-02,d0_0900,2026-05-02T13:00:00+00:00,gfs_operational_latest,2026-05-02T06:00:00+00:00,2026-05-02T12:00:00+00:00,day_06z,59.5,59.5,55.0,59.5,61.0,1.5,nws_cli_knyc,FULL_OPERATIONAL_REPLAY,iem_nws_cli,60° to 61°,5,spring,-6.0,open-meteo:single-runs:ncep_gfs_global:operational_latest,policy=latest_available_by_latency;latency_h=6;replay_mode=MODEL_ONLY_REPLAY;residual_convention=residual_f = actual_high_f - forecast_high_f;phase6=v2_1;replay_version=C_remaining_day_max_plus_obs;replay_mode=FULL_OPERATIONAL_REPLAY;obs_availability=assumed_fixed_lag_20m_after_observation_time,v2_1,C_remaining_day_max_plus_obs,,59.5,OK,,2026-05-02T13:00:00+00:00,2026-05-03T05:00:00+00:00,checkpoint_to_nws_cli_climate_day_end_local_standard_time_utc-5,16,16,59.5,OK,,8,2,2026-05-02T12:28:00+00:00,32.0,60.0,False,assumed_fixed_lag_20m_after_observation_time
KXHIGHNY-26MAY02,2026-05-02,d0_1200,2026-05-02T16:00:00+00:00,gfs_operational_latest,2026-05-02T06:00:00+00:00,2026-05-02T12:00:00+00:00,day_06z,59.5,59.5,55.0,59.5,61.0,1.5,nws_cli_knyc,FULL_OPERATIONAL_REPLAY,iem_nws_cli,60° to 61°,5,spring,-6.0,open-meteo:single-runs:ncep_gfs_global:operational_latest,policy=latest_available_by_latency;latency_h=6;replay_mode=MODEL_ONLY_REPLAY;residual_convention=residual_f = actual_high_f - forecast_high_f;phase6=v2_1;replay_version=C_remaining_day_max_plus_obs;replay_mode=FULL_OPERATIONAL_REPLAY;obs_availability=assumed_fixed_lag_20m_after_observation_time,v2_1,C_remaining_day_max_plus_obs,,59.5,OK,,2026-05-02T16:00:00+00:00,2026-05-03T05:00:00+00:00,checkpoint_to_nws_cli_climate_day_end_local_standard_time_utc-5,13,13,59.5,OK,,13,1,2026-05-02T14:51:00+00:00,69.0,60.0,False,assumed_fixed_lag_20m_after_observation_time
KXHIGHNY-26MAY02,2026-05-02,d0_1500,2026-05-02T19:00:00+00:00,gfs_operational_latest,2026-05-02T06:00:00+00:00,2026-05-02T12:00:00+00:00,day_06z,60.0,59.5,60.0,60.0,61.0,1.0,nws_cli_knyc,FULL_OPERATIONAL_REPLAY,iem_nws_cli,60° to 61°,5,spring,-6.0,open-meteo:single-runs:ncep_gfs_global:operational_latest,policy=latest_available_by_latency;latency_h=6;replay_mode=MODEL_ONLY_REPLAY;residual_convention=residual_f = actual_high_f - forecast_high_f;phase6=v2_1;replay_version=C_remaining_day_max_plus_obs;replay_mode=FULL_OPERATIONAL_REPLAY;obs_availability=assumed_fixed_lag_20m_after_observation_time,v2_1,C_remaining_day_max_plus_obs,,59.5,OK,,2026-05-02T19:00:00+00:00,2026-05-03T05:00:00+00:00,checkpoint_to_nws_cli_climate_day_end_local_standard_time_utc-5,10,10,59.5,OK,,16,1,2026-05-02T17:51:00+00:00,69.0,60.0,True,assumed_fixed_lag_20m_after_observation_time
KXHIGHNY-26MAY03,2026-05-03,dminus1_1800,2026-05-02T22:00:00+00:00,gfs_operational_latest,2026-05-02T12:00:00+00:00,2026-05-02T18:00:00+00:00,prev_12z,60.2,60.2,,60.2,59.0,-1.2000000000000028,nws_cli_knyc,FULL_OPERATIONAL_REPLAY,iem_nws_cli,59° to 60°,5,spring,12.0,open-meteo:single-runs:ncep_gfs_global:operational_latest,policy=latest_available_by_latency;latency_h=6;replay_mode=FULL_OPERATIONAL_REPLAY;residual_convention=residual_f = actual_high_f - forecast_high_f;phase6=v2_1;replay_version=C_remaining_day_max_plus_obs;replay_mode=FULL_OPERATIONAL_REPLAY;obs_availability=assumed_fixed_lag_20m_after_observation_time,v2_1,C_remaining_day_max_plus_obs,,60.2,OK,,2026-05-03T05:00:00+00:00,2026-05-04T05:00:00+00:00,checkpoint_to_nws_cli_climate_day_end_local_standard_time_utc-5,24,24,60.2,,,,,,,,,
KXHIGHNY-26MAY03,2026-05-03,d0_0600,2026-05-03T10:00:00+00:00,gfs_operational_latest,2026-05-03T00:00:00+00:00,2026-05-03T06:00:00+00:00,day_00z,59.8,59.8,50.0,59.8,59.0,-0.7999999999999972,nws_cli_knyc,FULL_OPERATIONAL_REPLAY,iem_nws_cli,59° to 60°,5,spring,0.0,open-meteo:single-runs:ncep_gfs_global:operational_latest,policy=latest_available_by_latency;latency_h=6;replay_mode=MODEL_ONLY_REPLAY;residual_convention=residual_f = actual_high_f - forecast_high_f;phase6=v2_1;replay_version=C_remaining_day_max_plus_obs;replay_mode=FULL_OPERATIONAL_REPLAY;obs_availability=assumed_fixed_lag_20m_after_observation_time,v2_1,C_remaining_day_max_plus_obs,,59.8,OK,,2026-05-03T10:00:00+00:00,2026-05-04T05:00:00+00:00,checkpoint_to_nws_cli_climate_day_end_local_standard_time_utc-5,19,19,59.8,OK,,4,1,2026-05-03T08:51:00+00:00,69.0,60.0,False,assumed_fixed_lag_20m_after_observation_time
KXHIGHNY-26MAY03,2026-05-03,d0_0900,2026-05-03T13:00:00+00:00,gfs_operational_latest,2026-05-03T06:00:00+00:00,2026-05-03T12:00:00+00:00,day_06z,60.2,60.2,50.0,60.2,59.0,-1.2000000000000028,nws_cli_knyc,FULL_OPERATIONAL_REPLAY,iem_nws_cli,59° to 60°,5,spring,-6.0,open-meteo:single-runs:ncep_gfs_global:operational_latest,policy=latest_available_by_latency;latency_h=6;replay_mode=MODEL_ONLY_REPLAY;residual_convention=residual_f = actual_high_f - forecast_high_f;phase6=v2_1;replay_version=C_remaining_day_max_plus_obs;replay_mode=FULL_OPERATIONAL_REPLAY;obs_availability=assumed_fixed_lag_20m_after_observation_time,v2_1,C_remaining_day_max_plus_obs,,60.2,OK,,2026-05-03T13:00:00+00:00,2026-05-04T05:00:00+00:00,checkpoint_to_nws_cli_climate_day_end_local_standard_time_utc-5,16,16,60.2,OK,,7,2,2026-05-03T11:51:00+00:00,69.0,60.0,False,assumed_fixed_lag_20m_after_observation_time
KXHIGHNY-26MAY03,2026-05-03,d0_1200,2026-05-03T16:00:00+00:00,gfs_operational_latest,2026-05-03T06:00:00+00:00,2026-05-03T12:00:00+00:00,day_06z,60.2,60.2,52.0,60.2,59.0,-1.2000000000000028,nws_cli_knyc,FULL_OPERATIONAL_REPLAY,iem_nws_cli,59° to 60°,5,spring,-6.0,open-meteo:single-runs:ncep_gfs_global:operational_latest,policy=latest_available_by_latency;latency_h=6;replay_mode=MODEL_ONLY_REPLAY;residual_convention=residual_f = actual_high_f - forecast_high_f;phase6=v2_1;replay_version=C_remaining_day_max_plus_obs;replay_mode=FULL_OPERATIONAL_REPLAY;obs_availability=assumed_fixed_lag_20m_after_observation_time,v2_1,C_remaining_day_max_plus_obs,,60.2,OK,,2026-05-03T16:00:00+00:00,2026-05-04T05:00:00+00:00,checkpoint_to_nws_cli_climate_day_end_local_standard_time_utc-5,13,13,60.2,OK,,11,1,2026-05-03T14:51:00+00:00,69.0,60.0,False,assumed_fixed_lag_20m_after_observation_time
KXHIGHNY-26MAY03,2026-05-03,d0_1500,2026-05-03T19:00:00+00:00,gfs_operational_latest,2026-05-03T06:00:00+00:00,2026-05-03T12:00:00+00:00,day_06z,60.2,60.2,55.0,60.2,59.0,-1.2000000000000028,nws_cli_knyc,FULL_OPERATIONAL_REPLAY,iem_nws_cli,59° to 60°,5,spring,-6.0,open-meteo:single-runs:ncep_gfs_global:operational_latest,policy=latest_available_by_latency;latency_h=6;replay_mode=MODEL_ONLY_REPLAY;residual_convention=residual_f = actual_high_f - forecast_high_f;phase6=v2_1;replay_version=C_remaining_day_max_plus_obs;replay_mode=FULL_OPERATIONAL_REPLAY;obs_availability=assumed_fixed_lag_20m_after_observation_time,v2_1,C_remaining_day_max_plus_obs,,60.2,OK,,2026-05-03T19:00:00+00:00,2026-05-04T05:00:00+00:00,checkpoint_to_nws_cli_climate_day_end_local_standard_time_utc-5,10,10,60.2,OK,,16,1,2026-05-03T18:10:00+00:00,50.0,60.0,False,assumed_fixed_lag_20m_after_observation_time
KXHIGHNY-26MAY04,2026-05-04,dminus1_1800,2026-05-03T22:00:00+00:00,gfs_operational_latest,2026-05-03T12:00:00+00:00,2026-05-03T18:00:00+00:00,prev_12z,71.0,71.0,,71.0,72.0,1.0,nws_cli_knyc,FULL_OPERATIONAL_REPLAY,iem_nws_cli,72° to 73°,5,spring,12.0,open-meteo:single-runs:ncep_gfs_global:operational_latest,policy=latest_available_by_latency;latency_h=6;replay_mode=FULL_OPERATIONAL_REPLAY;residual_convention=residual_f = actual_high_f - forecast_high_f;phase6=v2_1;replay_version=C_remaining_day_max_plus_obs;replay_mode=FULL_OPERATIONAL_REPLAY;obs_availability=assumed_fixed_lag_20m_after_observation_time,v2_1,C_remaining_day_max_plus_obs,,71.0,OK,,2026-05-04T05:00:00+00:00,2026-05-05T05:00:00+00:00,checkpoint_to_nws_cli_climate_day_end_local_standard_time_utc-5,24,24,71.0,,,,,,,,,
KXHIGHNY-26MAY04,2026-05-04,d0_0600,2026-05-04T10:00:00+00:00,gfs_operational_latest,2026-05-04T00:00:00+00:00,2026-05-04T06:00:00+00:00,day_00z,71.5,71.5,54.0,71.5,72.0,0.5,nws_cli_knyc,FULL_OPERATIONAL_REPLAY,iem_nws_cli,72° to 73°,5,spring,0.0,open-meteo:single-runs:ncep_gfs_global:operational_latest,policy=latest_available_by_latency;latency_h=6;replay_mode=MODEL_ONLY_REPLAY;residual_convention=residual_f = actual_high_f - forecast_high_f;phase6=v2_1;replay_version=C_remaining_day_max_plus_obs;replay_mode=FULL_OPERATIONAL_REPLAY;obs_availability=assumed_fixed_lag_20m_after_observation_time,v2_1,C_remaining_day_max_plus_obs,,71.5,OK,,2026-05-04T10:00:00+00:00,2026-05-05T05:00:00+00:00,checkpoint_to_nws_cli_climate_day_end_local_standard_time_utc-5,19,19,71.5,OK,,4,1,2026-05-04T08:51:00+00:00,69.0,60.0,False,assumed_fixed_lag_20m_after_observation_time
KXHIGHNY-26MAY04,2026-05-04,d0_0900,2026-05-04T13:00:00+00:00,gfs_operational_latest,2026-05-04T06:00:00+00:00,2026-05-04T12:00:00+00:00,day_06z,71.9,71.9,54.0,71.9,72.0,0.09999999999999432,nws_cli_knyc,FULL_OPERATIONAL_REPLAY,iem_nws_cli,72° to 73°,5,spring,-6.0,open-meteo:single-runs:ncep_gfs_global:operational_latest,policy=latest_available_by_latency;latency_h=6;replay_mode=MODEL_ONLY_REPLAY;residual_convention=residual_f = actual_high_f - forecast_high_f;phase6=v2_1;replay_version=C_remaining_day_max_plus_obs;replay_mode=FULL_OPERATIONAL_REPLAY;obs_availability=assumed_fixed_lag_20m_after_observation_time,v2_1,C_remaining_day_max_plus_obs,,71.9,OK,,2026-05-04T13:00:00+00:00,2026-05-05T05:00:00+00:00,checkpoint_to_nws_cli_climate_day_end_local_standard_time_utc-5,16,16,71.9,OK,,7,1,2026-05-04T11:51:00+00:00,69.0,60.0,False,assumed_fixed_lag_20m_after_observation_time
KXHIGHNY-26MAY04,2026-05-04,d0_1200,2026-05-04T16:00:00+00:00,gfs_operational_latest,2026-05-04T06:00:00+00:00,2026-05-04T12:00:00+00:00,day_06z,71.9,71.9,64.0,71.9,72.0,0.09999999999999432,nws_cli_knyc,FULL_OPERATIONAL_REPLAY,iem_nws_cli,72° to 73°,5,spring,-6.0,open-meteo:single-runs:ncep_gfs_global:operational_latest,policy=latest_available_by_latency;latency_h=6;replay_mode=MODEL_ONLY_REPLAY;residual_convention=residual_f = actual_high_f - forecast_high_f;phase6=v2_1;replay_version=C_remaining_day_max_plus_obs;replay_mode=FULL_OPERATIONAL_REPLAY;obs_availability=assumed_fixed_lag_20m_after_observation_time,v2_1,C_remaining_day_max_plus_obs,,71.9,OK,,2026-05-04T16:00:00+00:00,2026-05-05T05:00:00+00:00,checkpoint_to_nws_cli_climate_day_end_local_standard_time_utc-5,13,13,71.9,OK,,10,1,2026-05-04T14:51:00+00:00,69.0,60.0,False,assumed_fixed_lag_20m_after_observation_time
KXHIGHNY-26MAY04,2026-05-04,d0_1500,2026-05-04T19:00:00+00:00,gfs_operational_latest,2026-05-04T06:00:00+00:00,2026-05-04T12:00:00+00:00,day_06z,71.9,71.9,71.0,71.9,72.0,0.09999999999999432,nws_cli_knyc,FULL_OPERATIONAL_REPLAY,iem_nws_cli,72° to 73°,5,spring,-6.0,open-meteo:single-runs:ncep_gfs_global:operational_latest,policy=latest_available_by_latency;latency_h=6;replay_mode=MODEL_ONLY_REPLAY;residual_convention=residual_f = actual_high_f - forecast_high_f;phase6=v2_1;replay_version=C_remaining_day_max_plus_obs;replay_mode=FULL_OPERATIONAL_REPLAY;obs_availability=assumed_fixed_lag_20m_after_observation_time,v2_1,C_remaining_day_max_plus_obs,,71.9,OK,,2026-05-04T19:00:00+00:00,2026-05-05T05:00:00+00:00,checkpoint_to_nws_cli_climate_day_end_local_standard_time_utc-5,10,10,71.9,OK,,13,1,2026-05-04T17:51:00+00:00,69.0,60.0,False,assumed_fixed_lag_20m_after_observation_time
KXHIGHNY-26MAY05,2026-05-05,dminus1_1800,2026-05-04T22:00:00+00:00,gfs_operational_latest,2026-05-04T12:00:00+00:00,2026-05-04T18:00:00+00:00,prev_12z,83.0,83.0,,83.0,81.0,-2.0,nws_cli_knyc,FULL_OPERATIONAL_REPLAY,iem_nws_cli,81° to 82°,5,spring,12.0,open-meteo:single-runs:ncep_gfs_global:operational_latest,policy=latest_available_by_latency;latency_h=6;replay_mode=FULL_OPERATIONAL_REPLAY;residual_convention=residual_f = actual_high_f - forecast_high_f;phase6=v2_1;replay_version=C_remaining_day_max_plus_obs;replay_mode=FULL_OPERATIONAL_REPLAY;obs_availability=assumed_fixed_lag_20m_after_observation_time,v2_1,C_remaining_day_max_plus_obs,,83.0,OK,,2026-05-05T05:00:00+00:00,2026-05-06T05:00:00+00:00,checkpoint_to_nws_cli_climate_day_end_local_standard_time_utc-5,24,24,83.0,,,,,,,,,
KXHIGHNY-26MAY05,2026-05-05,d0_0600,2026-05-05T10:00:00+00:00,gfs_operational_latest,2026-05-05T00:00:00+00:00,2026-05-05T06:00:00+00:00,day_00z,83.4,83.4,61.0,83.4,81.0,-2.4000000000000057,nws_cli_knyc,FULL_OPERATIONAL_REPLAY,iem_nws_cli,81° to 82°,5,spring,0.0,open-meteo:single-runs:ncep_gfs_global:operational_latest,policy=latest_available_by_latency;latency_h=6;replay_mode=MODEL_ONLY_REPLAY;residual_convention=residual_f = actual_high_f - forecast_high_f;phase6=v2_1;replay_version=C_remaining_day_max_plus_obs;replay_mode=FULL_OPERATIONAL_REPLAY;obs_availability=assumed_fixed_lag_20m_after_observation_time,v2_1,C_remaining_day_max_plus_obs,,83.4,OK,,2026-05-05T10:00:00+00:00,2026-05-06T05:00:00+00:00,checkpoint_to_nws_cli_climate_day_end_local_standard_time_utc-5,19,19,83.4,OK,,4,1,2026-05-05T08:51:00+00:00,69.0,60.0,False,assumed_fixed_lag_20m_after_observation_time
KXHIGHNY-26MAY05,2026-05-05,d0_0900,2026-05-05T13:00:00+00:00,gfs_operational_latest,2026-05-05T06:00:00+00:00,2026-05-05T12:00:00+00:00,day_06z,83.2,83.2,63.0,83.2,81.0,-2.200000000000003,nws_cli_knyc,FULL_OPERATIONAL_REPLAY,iem_nws_cli,81° to 82°,5,spring,-6.0,open-meteo:single-runs:ncep_gfs_global:operational_latest,policy=latest_available_by_latency;latency_h=6;replay_mode=MODEL_ONLY_REPLAY;residual_convention=residual_f = actual_high_f - forecast_high_f;phase6=v2_1;replay_version=C_remaining_day_max_plus_obs;replay_mode=FULL_OPERATIONAL_REPLAY;obs_availability=assumed_fixed_lag_20m_after_observation_time,v2_1,C_remaining_day_max_plus_obs,,83.2,OK,,2026-05-05T13:00:00+00:00,2026-05-06T05:00:00+00:00,checkpoint_to_nws_cli_climate_day_end_local_standard_time_utc-5,16,16,83.2,OK,,7,1,2026-05-05T11:51:00+00:00,69.0,60.0,False,assumed_fixed_lag_20m_after_observation_time
KXHIGHNY-26MAY05,2026-05-05,d0_1200,2026-05-05T16:00:00+00:00,gfs_operational_latest,2026-05-05T06:00:00+00:00,2026-05-05T12:00:00+00:00,day_06z,83.2,83.2,72.0,83.2,81.0,-2.200000000000003,nws_cli_knyc,FULL_OPERATIONAL_REPLAY,iem_nws_cli,81° to 82°,5,spring,-6.0,open-meteo:single-runs:ncep_gfs_global:operational_latest,policy=latest_available_by_latency;latency_h=6;replay_mode=MODEL_ONLY_REPLAY;residual_convention=residual_f = actual_high_f - forecast_high_f;phase6=v2_1;replay_version=C_remaining_day_max_plus_obs;replay_mode=FULL_OPERATIONAL_REPLAY;obs_availability=assumed_fixed_lag_20m_after_observation_time,v2_1,C_remaining_day_max_plus_obs,,83.2,OK,,2026-05-05T16:00:00+00:00,2026-05-06T05:00:00+00:00,checkpoint_to_nws_cli_climate_day_end_local_standard_time_utc-5,13,13,83.2,OK,,10,1,2026-05-05T14:51:00+00:00,69.0,60.0,False,assumed_fixed_lag_20m_after_observation_time
KXHIGHNY-26MAY05,2026-05-05,d0_1500,2026-05-05T19:00:00+00:00,gfs_operational_latest,2026-05-05T06:00:00+00:00,2026-05-05T12:00:00+00:00,day_06z,83.2,83.2,78.0,83.2,81.0,-2.200000000000003,nws_cli_knyc,FULL_OPERATIONAL_REPLAY,iem_nws_cli,81° to 82°,5,spring,-6.0,open-meteo:single-runs:ncep_gfs_global:operational_latest,policy=latest_available_by_latency;latency_h=6;replay_mode=MODEL_ONLY_REPLAY;residual_convention=residual_f = actual_high_f - forecast_high_f;phase6=v2_1;replay_version=C_remaining_day_max_plus_obs;replay_mode=FULL_OPERATIONAL_REPLAY;obs_availability=assumed_fixed_lag_20m_after_observation_time,v2_1,C_remaining_day_max_plus_obs,,83.2,OK,,2026-05-05T19:00:00+00:00,2026-05-06T05:00:00+00:00,checkpoint_to_nws_cli_climate_day_end_local_standard_time_utc-5,10,10,83.2,OK,,13,1,2026-05-05T17:51:00+00:00,69.0,60.0,False,assumed_fixed_lag_20m_after_observation_time
KXHIGHNY-26MAY06,2026-05-06,dminus1_1800,2026-05-05T22:00:00+00:00,gfs_operational_latest,2026-05-05T12:00:00+00:00,2026-05-05T18:00:00+00:00,prev_12z,73.9,73.9,,73.9,71.0,-2.9000000000000057,nws_cli_knyc,FULL_OPERATIONAL_REPLAY,iem_nws_cli,71° to 72°,5,spring,12.0,open-meteo:single-runs:ncep_gfs_global:operational_latest,policy=latest_available_by_latency;latency_h=6;replay_mode=FULL_OPERATIONAL_REPLAY;residual_convention=residual_f = actual_high_f - forecast_high_f;phase6=v2_1;replay_version=C_remaining_day_max_plus_obs;replay_mode=FULL_OPERATIONAL_REPLAY;obs_availability=assumed_fixed_lag_20m_after_observation_time,v2_1,C_remaining_day_max_plus_obs,,73.9,OK,,2026-05-06T05:00:00+00:00,2026-05-07T05:00:00+00:00,checkpoint_to_nws_cli_climate_day_end_local_standard_time_utc-5,24,24,73.9,,,,,,,,,
KXHIGHNY-26MAY06,2026-05-06,d0_0600,2026-05-06T10:00:00+00:00,gfs_operational_latest,2026-05-06T00:00:00+00:00,2026-05-06T06:00:00+00:00,day_00z,71.9,71.9,66.0,71.9,71.0,-0.9000000000000057,nws_cli_knyc,FULL_OPERATIONAL_REPLAY,iem_nws_cli,71° to 72°,5,spring,0.0,open-meteo:single-runs:ncep_gfs_global:operational_latest,policy=latest_available_by_latency;latency_h=6;replay_mode=MODEL_ONLY_REPLAY;residual_convention=residual_f = actual_high_f - forecast_high_f;phase6=v2_1;replay_version=C_remaining_day_max_plus_obs;replay_mode=FULL_OPERATIONAL_REPLAY;obs_availability=assumed_fixed_lag_20m_after_observation_time,v2_1,C_remaining_day_max_plus_obs,,71.9,OK,,2026-05-06T10:00:00+00:00,2026-05-07T05:00:00+00:00,checkpoint_to_nws_cli_climate_day_end_local_standard_time_utc-5,19,19,71.9,OK,,4,1,2026-05-06T08:51:00+00:00,69.0,60.0,False,assumed_fixed_lag_20m_after_observation_time
KXHIGHNY-26MAY06,2026-05-06,d0_0900,2026-05-06T13:00:00+00:00,gfs_operational_latest,2026-05-06T06:00:00+00:00,2026-05-06T12:00:00+00:00,day_06z,72.4,72.4,66.0,72.4,71.0,-1.4000000000000057,nws_cli_knyc,FULL_OPERATIONAL_REPLAY,iem_nws_cli,71° to 72°,5,spring,-6.0,open-meteo:single-runs:ncep_gfs_global:operational_latest,policy=latest_available_by_latency;latency_h=6;replay_mode=MODEL_ONLY_REPLAY;residual_convention=residual_f = actual_high_f - forecast_high_f;phase6=v2_1;replay_version=C_remaining_day_max_plus_obs;replay_mode=FULL_OPERATIONAL_REPLAY;obs_availability=assumed_fixed_lag_20m_after_observation_time,v2_1,C_remaining_day_max_plus_obs,,72.4,OK,,2026-05-06T13:00:00+00:00,2026-05-07T05:00:00+00:00,checkpoint_to_nws_cli_climate_day_end_local_standard_time_utc-5,16,16,72.4,OK,,7,1,2026-05-06T11:51:00+00:00,69.0,60.0,False,assumed_fixed_lag_20m_after_observation_time
KXHIGHNY-26MAY06,2026-05-06,d0_1200,2026-05-06T16:00:00+00:00,gfs_operational_latest,2026-05-06T06:00:00+00:00,2026-05-06T12:00:00+00:00,day_06z,72.4,72.4,71.0,72.4,71.0,-1.4000000000000057,nws_cli_knyc,FULL_OPERATIONAL_REPLAY,iem_nws_cli,71° to 72°,5,spring,-6.0,open-meteo:single-runs:ncep_gfs_global:operational_latest,policy=latest_available_by_latency;latency_h=6;replay_mode=MODEL_ONLY_REPLAY;residual_convention=residual_f = actual_high_f - forecast_high_f;phase6=v2_1;replay_version=C_remaining_day_max_plus_obs;replay_mode=FULL_OPERATIONAL_REPLAY;obs_availability=assumed_fixed_lag_20m_after_observation_time,v2_1,C_remaining_day_max_plus_obs,,72.4,OK,,2026-05-06T16:00:00+00:00,2026-05-07T05:00:00+00:00,checkpoint_to_nws_cli_climate_day_end_local_standard_time_utc-5,13,13,72.4,OK,,10,1,2026-05-06T14:51:00+00:00,69.0,60.0,False,assumed_fixed_lag_20m_after_observation_time
KXHIGHNY-26MAY06,2026-05-06,d0_1500,2026-05-06T19:00:00+00:00,gfs_operational_latest,2026-05-06T06:00:00+00:00,2026-05-06T12:00:00+00:00,day_06z,71.0,64.1,71.0,71.0,71.0,0.0,nws_cli_knyc,FULL_OPERATIONAL_REPLAY,iem_nws_cli,71° to 72°,5,spring,-6.0,open-meteo:single-runs:ncep_gfs_global:operational_latest,policy=latest_available_by_latency;latency_h=6;replay_mode=MODEL_ONLY_REPLAY;residual_convention=residual_f = actual_high_f - forecast_high_f;phase6=v2_1;replay_version=C_remaining_day_max_plus_obs;replay_mode=FULL_OPERATIONAL_REPLAY;obs_availability=assumed_fixed_lag_20m_after_observation_time,v2_1,C_remaining_day_max_plus_obs,,72.4,OK,,2026-05-06T19:00:00+00:00,2026-05-07T05:00:00+00:00,checkpoint_to_nws_cli_climate_day_end_local_standard_time_utc-5,10,10,64.1,OK,,13,1,2026-05-06T17:51:00+00:00,69.0,60.0,True,assumed_fixed_lag_20m_after_observation_time
KXHIGHNY-26MAY07,2026-05-07,dminus1_1800,2026-05-06T22:00:00+00:00,gfs_operational_latest,2026-05-06T12:00:00+00:00,2026-05-06T18:00:00+00:00,prev_12z,67.7,67.7,,67.7,64.0,-3.700000000000003,nws_cli_knyc,FULL_OPERATIONAL_REPLAY,iem_nws_cli,64° to 65°,5,spring,12.0,open-meteo:single-runs:ncep_gfs_global:operational_latest,policy=latest_available_by_latency;latency_h=6;replay_mode=FULL_OPERATIONAL_REPLAY;residual_convention=residual_f = actual_high_f - forecast_high_f;phase6=v2_1;replay_version=C_remaining_day_max_plus_obs;replay_mode=FULL_OPERATIONAL_REPLAY;obs_availability=assumed_fixed_lag_20m_after_observation_time,v2_1,C_remaining_day_max_plus_obs,,67.7,OK,,2026-05-07T05:00:00+00:00,2026-05-08T05:00:00+00:00,checkpoint_to_nws_cli_climate_day_end_local_standard_time_utc-5,24,24,67.7,,,,,,,,,
KXHIGHNY-26MAY07,2026-05-07,d0_0600,2026-05-07T10:00:00+00:00,gfs_operational_latest,2026-05-07T00:00:00+00:00,2026-05-07T06:00:00+00:00,day_00z,66.3,66.3,52.0,66.3,64.0,-2.299999999999997,nws_cli_knyc,FULL_OPERATIONAL_REPLAY,iem_nws_cli,64° to 65°,5,spring,0.0,open-meteo:single-runs:ncep_gfs_global:operational_latest,policy=latest_available_by_latency;latency_h=6;replay_mode=MODEL_ONLY_REPLAY;residual_convention=residual_f = actual_high_f - forecast_high_f;phase6=v2_1;replay_version=C_remaining_day_max_plus_obs;replay_mode=FULL_OPERATIONAL_REPLAY;obs_availability=assumed_fixed_lag_20m_after_observation_time,v2_1,C_remaining_day_max_plus_obs,,66.3,OK,,2026-05-07T10:00:00+00:00,2026-05-08T05:00:00+00:00,checkpoint_to_nws_cli_climate_day_end_local_standard_time_utc-5,19,19,66.3,OK,,4,1,2026-05-07T08:51:00+00:00,69.0,60.0,False,assumed_fixed_lag_20m_after_observation_time
KXHIGHNY-26MAY07,2026-05-07,d0_0900,2026-05-07T13:00:00+00:00,gfs_operational_latest,2026-05-07T06:00:00+00:00,2026-05-07T12:00:00+00:00,day_06z,66.5,66.5,52.0,66.5,64.0,-2.5,nws_cli_knyc,FULL_OPERATIONAL_REPLAY,iem_nws_cli,64° to 65°,5,spring,-6.0,open-meteo:single-runs:ncep_gfs_global:operational_latest,policy=latest_available_by_latency;latency_h=6;replay_mode=MODEL_ONLY_REPLAY;residual_convention=residual_f = actual_high_f - forecast_high_f;phase6=v2_1;replay_version=C_remaining_day_max_plus_obs;replay_mode=FULL_OPERATIONAL_REPLAY;obs_availability=assumed_fixed_lag_20m_after_observation_time,v2_1,C_remaining_day_max_plus_obs,,66.5,OK,,2026-05-07T13:00:00+00:00,2026-05-08T05:00:00+00:00,checkpoint_to_nws_cli_climate_day_end_local_standard_time_utc-5,16,16,66.5,OK,,7,1,2026-05-07T11:51:00+00:00,69.0,60.0,False,assumed_fixed_lag_20m_after_observation_time
KXHIGHNY-26MAY07,2026-05-07,d0_1200,2026-05-07T16:00:00+00:00,gfs_operational_latest,2026-05-07T06:00:00+00:00,2026-05-07T12:00:00+00:00,day_06z,66.5,66.5,57.0,66.5,64.0,-2.5,nws_cli_knyc,FULL_OPERATIONAL_REPLAY,iem_nws_cli,64° to 65°,5,spring,-6.0,open-meteo:single-runs:ncep_gfs_global:operational_latest,policy=latest_available_by_latency;latency_h=6;replay_mode=MODEL_ONLY_REPLAY;residual_convention=residual_f = actual_high_f - forecast_high_f;phase6=v2_1;replay_version=C_remaining_day_max_plus_obs;replay_mode=FULL_OPERATIONAL_REPLAY;obs_availability=assumed_fixed_lag_20m_after_observation_time,v2_1,C_remaining_day_max_plus_obs,,66.5,OK,,2026-05-07T16:00:00+00:00,2026-05-08T05:00:00+00:00,checkpoint_to_nws_cli_climate_day_end_local_standard_time_utc-5,13,13,66.5,OK,,11,2,2026-05-07T14:51:00+00:00,69.0,60.0,False,assumed_fixed_lag_20m_after_observation_time
KXHIGHNY-26MAY07,2026-05-07,d0_1500,2026-05-07T19:00:00+00:00,gfs_operational_latest,2026-05-07T06:00:00+00:00,2026-05-07T12:00:00+00:00,day_06z,66.5,66.5,62.0,66.5,64.0,-2.5,nws_cli_knyc,FULL_OPERATIONAL_REPLAY,iem_nws_cli,64° to 65°,5,spring,-6.0,open-meteo:single-runs:ncep_gfs_global:operational_latest,policy=latest_available_by_latency;latency_h=6;replay_mode=MODEL_ONLY_REPLAY;residual_convention=residual_f = actual_high_f - forecast_high_f;phase6=v2_1;replay_version=C_remaining_day_max_plus_obs;replay_mode=FULL_OPERATIONAL_REPLAY;obs_availability=assumed_fixed_lag_20m_after_observation_time,v2_1,C_remaining_day_max_plus_obs,,66.5,OK,,2026-05-07T19:00:00+00:00,2026-05-08T05:00:00+00:00,checkpoint_to_nws_cli_climate_day_end_local_standard_time_utc-5,10,10,66.5,OK,,15,1,2026-05-07T17:51:00+00:00,69.0,60.0,False,assumed_fixed_lag_20m_after_observation_time
KXHIGHNY-26MAY08,2026-05-08,dminus1_1800,2026-05-07T22:00:00+00:00,gfs_operational_latest,2026-05-07T12:00:00+00:00,2026-05-07T18:00:00+00:00,prev_12z,64.0,64.0,,64.0,63.0,-1.0,nws_cli_knyc,FULL_OPERATIONAL_REPLAY,iem_nws_cli,63° or below,5,spring,12.0,open-meteo:single-runs:ncep_gfs_global:operational_latest,policy=latest_available_by_latency;latency_h=6;replay_mode=FULL_OPERATIONAL_REPLAY;residual_convention=residual_f = actual_high_f - forecast_high_f;phase6=v2_1;replay_version=C_remaining_day_max_plus_obs;replay_mode=FULL_OPERATIONAL_REPLAY;obs_availability=assumed_fixed_lag_20m_after_observation_time,v2_1,C_remaining_day_max_plus_obs,,64.0,OK,,2026-05-08T05:00:00+00:00,2026-05-09T05:00:00+00:00,checkpoint_to_nws_cli_climate_day_end_local_standard_time_utc-5,24,24,64.0,,,,,,,,,
KXHIGHNY-26MAY08,2026-05-08,d0_0600,2026-05-08T10:00:00+00:00,gfs_operational_latest,2026-05-08T00:00:00+00:00,2026-05-08T06:00:00+00:00,day_00z,64.0,64.0,54.0,64.0,63.0,-1.0,nws_cli_knyc,FULL_OPERATIONAL_REPLAY,iem_nws_cli,63° or below,5,spring,0.0,open-meteo:single-runs:ncep_gfs_global:operational_latest,policy=latest_available_by_latency;latency_h=6;replay_mode=MODEL_ONLY_REPLAY;residual_convention=residual_f = actual_high_f - forecast_high_f;phase6=v2_1;replay_version=C_remaining_day_max_plus_obs;replay_mode=FULL_OPERATIONAL_REPLAY;obs_availability=assumed_fixed_lag_20m_after_observation_time,v2_1,C_remaining_day_max_plus_obs,,64.0,OK,,2026-05-08T10:00:00+00:00,2026-05-09T05:00:00+00:00,checkpoint_to_nws_cli_climate_day_end_local_standard_time_utc-5,19,19,64.0,OK,,5,1,2026-05-08T08:51:00+00:00,69.0,60.0,False,assumed_fixed_lag_20m_after_observation_time
KXHIGHNY-26MAY08,2026-05-08,d0_0900,2026-05-08T13:00:00+00:00,gfs_operational_latest,2026-05-08T06:00:00+00:00,2026-05-08T12:00:00+00:00,day_06z,63.8,63.8,54.0,63.8,63.0,-0.7999999999999972,nws_cli_knyc,FULL_OPERATIONAL_REPLAY,iem_nws_cli,63° or below,5,spring,-6.0,open-meteo:single-runs:ncep_gfs_global:operational_latest,policy=latest_available_by_latency;latency_h=6;replay_mode=MODEL_ONLY_REPLAY;residual_convention=residual_f = actual_high_f - forecast_high_f;phase6=v2_1;replay_version=C_remaining_day_max_plus_obs;replay_mode=FULL_OPERATIONAL_REPLAY;obs_availability=assumed_fixed_lag_20m_after_observation_time,v2_1,C_remaining_day_max_plus_obs,,63.8,OK,,2026-05-08T13:00:00+00:00,2026-05-09T05:00:00+00:00,checkpoint_to_nws_cli_climate_day_end_local_standard_time_utc-5,16,16,63.8,OK,,8,1,2026-05-08T11:51:00+00:00,69.0,60.0,False,assumed_fixed_lag_20m_after_observation_time
KXHIGHNY-26MAY08,2026-05-08,d0_1200,2026-05-08T16:00:00+00:00,gfs_operational_latest,2026-05-08T06:00:00+00:00,2026-05-08T12:00:00+00:00,day_06z,63.8,63.8,57.0,63.8,63.0,-0.7999999999999972,nws_cli_knyc,FULL_OPERATIONAL_REPLAY,iem_nws_cli,63° or below,5,spring,-6.0,open-meteo:single-runs:ncep_gfs_global:operational_latest,policy=latest_available_by_latency;latency_h=6;replay_mode=MODEL_ONLY_REPLAY;residual_convention=residual_f = actual_high_f - forecast_high_f;phase6=v2_1;replay_version=C_remaining_day_max_plus_obs;replay_mode=FULL_OPERATIONAL_REPLAY;obs_availability=assumed_fixed_lag_20m_after_observation_time,v2_1,C_remaining_day_max_plus_obs,,63.8,OK,,2026-05-08T16:00:00+00:00,2026-05-09T05:00:00+00:00,checkpoint_to_nws_cli_climate_day_end_local_standard_time_utc-5,13,13,63.8,OK,,11,1,2026-05-08T14:51:00+00:00,69.0,60.0,False,assumed_fixed_lag_20m_after_observation_time
KXHIGHNY-26MAY08,2026-05-08,d0_1500,2026-05-08T19:00:00+00:00,gfs_operational_latest,2026-05-08T06:00:00+00:00,2026-05-08T12:00:00+00:00,day_06z,63.6,63.6,61.0,63.6,63.0,-0.6000000000000014,nws_cli_knyc,FULL_OPERATIONAL_REPLAY,iem_nws_cli,63° or below,5,spring,-6.0,open-meteo:single-runs:ncep_gfs_global:operational_latest,policy=latest_available_by_latency;latency_h=6;replay_mode=MODEL_ONLY_REPLAY;residual_convention=residual_f = actual_high_f - forecast_high_f;phase6=v2_1;replay_version=C_remaining_day_max_plus_obs;replay_mode=FULL_OPERATIONAL_REPLAY;obs_availability=assumed_fixed_lag_20m_after_observation_time,v2_1,C_remaining_day_max_plus_obs,,63.8,OK,,2026-05-08T19:00:00+00:00,2026-05-09T05:00:00+00:00,checkpoint_to_nws_cli_climate_day_end_local_standard_time_utc-5,10,10,63.6,OK,,15,1,2026-05-08T17:51:00+00:00,69.0,60.0,False,assumed_fixed_lag_20m_after_observation_time
KXHIGHNY-26MAY09,2026-05-09,dminus1_1800,2026-05-08T22:00:00+00:00,gfs_operational_latest,2026-05-08T12:00:00+00:00,2026-05-08T18:00:00+00:00,prev_12z,59.6,59.6,,59.6,65.0,5.399999999999999,nws_cli_knyc,FULL_OPERATIONAL_REPLAY,iem_nws_cli,65° to 66°,5,spring,12.0,open-meteo:single-runs:ncep_gfs_global:operational_latest,policy=latest_available_by_latency;latency_h=6;replay_mode=FULL_OPERATIONAL_REPLAY;residual_convention=residual_f = actual_high_f - forecast_high_f;phase6=v2_1;replay_version=C_remaining_day_max_plus_obs;replay_mode=FULL_OPERATIONAL_REPLAY;obs_availability=assumed_fixed_lag_20m_after_observation_time,v2_1,C_remaining_day_max_plus_obs,,59.6,OK,,2026-05-09T05:00:00+00:00,2026-05-10T05:00:00+00:00,checkpoint_to_nws_cli_climate_day_end_local_standard_time_utc-5,24,24,59.6,,,,,,,,,
KXHIGHNY-26MAY09,2026-05-09,d0_0600,2026-05-09T10:00:00+00:00,gfs_operational_latest,2026-05-09T00:00:00+00:00,2026-05-09T06:00:00+00:00,day_00z,65.8,65.8,56.0,65.8,65.0,-0.7999999999999972,nws_cli_knyc,FULL_OPERATIONAL_REPLAY,iem_nws_cli,65° to 66°,5,spring,0.0,open-meteo:single-runs:ncep_gfs_global:operational_latest,policy=latest_available_by_latency;latency_h=6;replay_mode=MODEL_ONLY_REPLAY;residual_convention=residual_f = actual_high_f - forecast_high_f;phase6=v2_1;replay_version=C_remaining_day_max_plus_obs;replay_mode=FULL_OPERATIONAL_REPLAY;obs_availability=assumed_fixed_lag_20m_after_observation_time,v2_1,C_remaining_day_max_plus_obs,,65.8,OK,,2026-05-09T10:00:00+00:00,2026-05-10T05:00:00+00:00,checkpoint_to_nws_cli_climate_day_end_local_standard_time_utc-5,19,19,65.8,OK,,4,1,2026-05-09T08:51:00+00:00,69.0,60.0,False,assumed_fixed_lag_20m_after_observation_time
KXHIGHNY-26MAY09,2026-05-09,d0_0900,2026-05-09T13:00:00+00:00,gfs_operational_latest,2026-05-09T06:00:00+00:00,2026-05-09T12:00:00+00:00,day_06z,65.4,65.4,56.0,65.4,65.0,-0.4000000000000057,nws_cli_knyc,FULL_OPERATIONAL_REPLAY,iem_nws_cli,65° to 66°,5,spring,-6.0,open-meteo:single-runs:ncep_gfs_global:operational_latest,policy=latest_available_by_latency;latency_h=6;replay_mode=MODEL_ONLY_REPLAY;residual_convention=residual_f = actual_high_f - forecast_high_f;phase6=v2_1;replay_version=C_remaining_day_max_plus_obs;replay_mode=FULL_OPERATIONAL_REPLAY;obs_availability=assumed_fixed_lag_20m_after_observation_time,v2_1,C_remaining_day_max_plus_obs,,65.4,OK,,2026-05-09T13:00:00+00:00,2026-05-10T05:00:00+00:00,checkpoint_to_nws_cli_climate_day_end_local_standard_time_utc-5,16,16,65.4,OK,,7,1,2026-05-09T11:51:00+00:00,69.0,60.0,False,assumed_fixed_lag_20m_after_observation_time
KXHIGHNY-26MAY09,2026-05-09,d0_1200,2026-05-09T16:00:00+00:00,gfs_operational_latest,2026-05-09T06:00:00+00:00,2026-05-09T12:00:00+00:00,day_06z,65.4,65.4,62.0,65.4,65.0,-0.4000000000000057,nws_cli_knyc,FULL_OPERATIONAL_REPLAY,iem_nws_cli,65° to 66°,5,spring,-6.0,open-meteo:single-runs:ncep_gfs_global:operational_latest,policy=latest_available_by_latency;latency_h=6;replay_mode=MODEL_ONLY_REPLAY;residual_convention=residual_f = actual_high_f - forecast_high_f;phase6=v2_1;replay_version=C_remaining_day_max_plus_obs;replay_mode=FULL_OPERATIONAL_REPLAY;obs_availability=assumed_fixed_lag_20m_after_observation_time,v2_1,C_remaining_day_max_plus_obs,,65.4,OK,,2026-05-09T16:00:00+00:00,2026-05-10T05:00:00+00:00,checkpoint_to_nws_cli_climate_day_end_local_standard_time_utc-5,13,13,65.4,OK,,10,1,2026-05-09T14:51:00+00:00,69.0,60.0,False,assumed_fixed_lag_20m_after_observation_time
KXHIGHNY-26MAY09,2026-05-09,d0_1500,2026-05-09T19:00:00+00:00,gfs_operational_latest,2026-05-09T06:00:00+00:00,2026-05-09T12:00:00+00:00,day_06z,65.0,58.2,65.0,65.0,65.0,0.0,nws_cli_knyc,FULL_OPERATIONAL_REPLAY,iem_nws_cli,65° to 66°,5,spring,-6.0,open-meteo:single-runs:ncep_gfs_global:operational_latest,policy=latest_available_by_latency;latency_h=6;replay_mode=MODEL_ONLY_REPLAY;residual_convention=residual_f = actual_high_f - forecast_high_f;phase6=v2_1;replay_version=C_remaining_day_max_plus_obs;replay_mode=FULL_OPERATIONAL_REPLAY;obs_availability=assumed_fixed_lag_20m_after_observation_time,v2_1,C_remaining_day_max_plus_obs,,65.4,OK,,2026-05-09T19:00:00+00:00,2026-05-10T05:00:00+00:00,checkpoint_to_nws_cli_climate_day_end_local_standard_time_utc-5,10,10,58.2,OK,,13,2,2026-05-09T17:51:00+00:00,69.0,60.0,True,assumed_fixed_lag_20m_after_observation_time
KXHIGHNY-26MAY10,2026-05-10,dminus1_1800,2026-05-09T22:00:00+00:00,gfs_operational_latest,2026-05-09T12:00:00+00:00,2026-05-09T18:00:00+00:00,prev_12z,77.5,77.5,,77.5,73.0,-4.5,nws_cli_knyc,FULL_OPERATIONAL_REPLAY,iem_nws_cli,72° to 73°,5,spring,12.0,open-meteo:single-runs:ncep_gfs_global:operational_latest,policy=latest_available_by_latency;latency_h=6;replay_mode=FULL_OPERATIONAL_REPLAY;residual_convention=residual_f = actual_high_f - forecast_high_f;phase6=v2_1;replay_version=C_remaining_day_max_plus_obs;replay_mode=FULL_OPERATIONAL_REPLAY;obs_availability=assumed_fixed_lag_20m_after_observation_time,v2_1,C_remaining_day_max_plus_obs,,77.5,OK,,2026-05-10T05:00:00+00:00,2026-05-11T05:00:00+00:00,checkpoint_to_nws_cli_climate_day_end_local_standard_time_utc-5,24,24,77.5,,,,,,,,,
KXHIGHNY-26MAY10,2026-05-10,d0_0600,2026-05-10T10:00:00+00:00,gfs_operational_latest,2026-05-10T00:00:00+00:00,2026-05-10T06:00:00+00:00,day_00z,76.6,76.6,54.0,76.6,73.0,-3.5999999999999943,nws_cli_knyc,FULL_OPERATIONAL_REPLAY,iem_nws_cli,72° to 73°,5,spring,0.0,open-meteo:single-runs:ncep_gfs_global:operational_latest,policy=latest_available_by_latency;latency_h=6;replay_mode=MODEL_ONLY_REPLAY;residual_convention=residual_f = actual_high_f - forecast_high_f;phase6=v2_1;replay_version=C_remaining_day_max_plus_obs;replay_mode=FULL_OPERATIONAL_REPLAY;obs_availability=assumed_fixed_lag_20m_after_observation_time,v2_1,C_remaining_day_max_plus_obs,,76.6,OK,,2026-05-10T10:00:00+00:00,2026-05-11T05:00:00+00:00,checkpoint_to_nws_cli_climate_day_end_local_standard_time_utc-5,19,19,76.6,OK,,10,1,2026-05-10T08:58:00+00:00,62.0,60.0,False,assumed_fixed_lag_20m_after_observation_time
KXHIGHNY-26MAY10,2026-05-10,d0_0900,2026-05-10T13:00:00+00:00,gfs_operational_latest,2026-05-10T06:00:00+00:00,2026-05-10T12:00:00+00:00,day_06z,76.6,76.6,54.0,76.6,73.0,-3.5999999999999943,nws_cli_knyc,FULL_OPERATIONAL_REPLAY,iem_nws_cli,72° to 73°,5,spring,-6.0,open-meteo:single-runs:ncep_gfs_global:operational_latest,policy=latest_available_by_latency;latency_h=6;replay_mode=MODEL_ONLY_REPLAY;residual_convention=residual_f = actual_high_f - forecast_high_f;phase6=v2_1;replay_version=C_remaining_day_max_plus_obs;replay_mode=FULL_OPERATIONAL_REPLAY;obs_availability=assumed_fixed_lag_20m_after_observation_time,v2_1,C_remaining_day_max_plus_obs,,76.6,OK,,2026-05-10T13:00:00+00:00,2026-05-11T05:00:00+00:00,checkpoint_to_nws_cli_climate_day_end_local_standard_time_utc-5,16,16,76.6,OK,,20,1,2026-05-10T12:40:00+00:00,20.0,60.0,False,assumed_fixed_lag_20m_after_observation_time
KXHIGHNY-26MAY10,2026-05-10,d0_1200,2026-05-10T16:00:00+00:00,gfs_operational_latest,2026-05-10T06:00:00+00:00,2026-05-10T12:00:00+00:00,day_06z,76.6,76.6,61.0,76.6,73.0,-3.5999999999999943,nws_cli_knyc,FULL_OPERATIONAL_REPLAY,iem_nws_cli,72° to 73°,5,spring,-6.0,open-meteo:single-runs:ncep_gfs_global:operational_latest,policy=latest_available_by_latency;latency_h=6;replay_mode=MODEL_ONLY_REPLAY;residual_convention=residual_f = actual_high_f - forecast_high_f;phase6=v2_1;replay_version=C_remaining_day_max_plus_obs;replay_mode=FULL_OPERATIONAL_REPLAY;obs_availability=assumed_fixed_lag_20m_after_observation_time,v2_1,C_remaining_day_max_plus_obs,,76.6,OK,,2026-05-10T16:00:00+00:00,2026-05-11T05:00:00+00:00,checkpoint_to_nws_cli_climate_day_end_local_standard_time_utc-5,13,13,76.6,OK,,27,1,2026-05-10T15:28:00+00:00,32.0,60.0,False,assumed_fixed_lag_20m_after_observation_time
KXHIGHNY-26MAY10,2026-05-10,d0_1500,2026-05-10T19:00:00+00:00,gfs_operational_latest,2026-05-10T06:00:00+00:00,2026-05-10T12:00:00+00:00,day_06z,73.5,73.5,68.0,73.5,73.0,-0.5,nws_cli_knyc,FULL_OPERATIONAL_REPLAY,iem_nws_cli,72° to 73°,5,spring,-6.0,open-meteo:single-runs:ncep_gfs_global:operational_latest,policy=latest_available_by_latency;latency_h=6;replay_mode=MODEL_ONLY_REPLAY;residual_convention=residual_f = actual_high_f - forecast_high_f;phase6=v2_1;replay_version=C_remaining_day_max_plus_obs;replay_mode=FULL_OPERATIONAL_REPLAY;obs_availability=assumed_fixed_lag_20m_after_observation_time,v2_1,C_remaining_day_max_plus_obs,,76.6,OK,,2026-05-10T19:00:00+00:00,2026-05-11T05:00:00+00:00,checkpoint_to_nws_cli_climate_day_end_local_standard_time_utc-5,10,10,73.5,OK,,30,1,2026-05-10T17:51:00+00:00,69.0,60.0,False,assumed_fixed_lag_20m_after_observation_time
KXHIGHNY-26MAY11,2026-05-11,dminus1_1800,2026-05-10T22:00:00+00:00,gfs_operational_latest,2026-05-10T12:00:00+00:00,2026-05-10T18:00:00+00:00,prev_12z,64.5,64.5,,64.5,61.0,-3.5,nws_cli_knyc,FULL_OPERATIONAL_REPLAY,iem_nws_cli,61° or below,5,spring,12.0,open-meteo:single-runs:ncep_gfs_global:operational_latest,policy=latest_available_by_latency;latency_h=6;replay_mode=FULL_OPERATIONAL_REPLAY;residual_convention=residual_f = actual_high_f - forecast_high_f;phase6=v2_1;replay_version=C_remaining_day_max_plus_obs;replay_mode=FULL_OPERATIONAL_REPLAY;obs_availability=assumed_fixed_lag_20m_after_observation_time,v2_1,C_remaining_day_max_plus_obs,,64.5,OK,,2026-05-11T05:00:00+00:00,2026-05-12T05:00:00+00:00,checkpoint_to_nws_cli_climate_day_end_local_standard_time_utc-5,24,24,64.5,,,,,,,,,
KXHIGHNY-26MAY11,2026-05-11,d0_0600,2026-05-11T10:00:00+00:00,gfs_operational_latest,2026-05-11T00:00:00+00:00,2026-05-11T06:00:00+00:00,day_00z,62.7,62.7,57.0,62.7,61.0,-1.7000000000000028,nws_cli_knyc,FULL_OPERATIONAL_REPLAY,iem_nws_cli,61° or below,5,spring,0.0,open-meteo:single-runs:ncep_gfs_global:operational_latest,policy=latest_available_by_latency;latency_h=6;replay_mode=MODEL_ONLY_REPLAY;residual_convention=residual_f = actual_high_f - forecast_high_f;phase6=v2_1;replay_version=C_remaining_day_max_plus_obs;replay_mode=FULL_OPERATIONAL_REPLAY;obs_availability=assumed_fixed_lag_20m_after_observation_time,v2_1,C_remaining_day_max_plus_obs,,62.7,OK,,2026-05-11T10:00:00+00:00,2026-05-12T05:00:00+00:00,checkpoint_to_nws_cli_climate_day_end_local_standard_time_utc-5,19,19,62.7,OK,,4,1,2026-05-11T08:51:00+00:00,69.0,60.0,False,assumed_fixed_lag_20m_after_observation_time
KXHIGHNY-26MAY11,2026-05-11,d0_0900,2026-05-11T13:00:00+00:00,gfs_operational_latest,2026-05-11T06:00:00+00:00,2026-05-11T12:00:00+00:00,day_06z,64.0,64.0,57.0,64.0,61.0,-3.0,nws_cli_knyc,FULL_OPERATIONAL_REPLAY,iem_nws_cli,61° or below,5,spring,-6.0,open-meteo:single-runs:ncep_gfs_global:operational_latest,policy=latest_available_by_latency;latency_h=6;replay_mode=MODEL_ONLY_REPLAY;residual_convention=residual_f = actual_high_f - forecast_high_f;phase6=v2_1;replay_version=C_remaining_day_max_plus_obs;replay_mode=FULL_OPERATIONAL_REPLAY;obs_availability=assumed_fixed_lag_20m_after_observation_time,v2_1,C_remaining_day_max_plus_obs,,64.0,OK,,2026-05-11T13:00:00+00:00,2026-05-12T05:00:00+00:00,checkpoint_to_nws_cli_climate_day_end_local_standard_time_utc-5,16,16,64.0,OK,,7,2,2026-05-11T11:51:00+00:00,69.0,60.0,False,assumed_fixed_lag_20m_after_observation_time
KXHIGHNY-26MAY11,2026-05-11,d0_1200,2026-05-11T16:00:00+00:00,gfs_operational_latest,2026-05-11T06:00:00+00:00,2026-05-11T12:00:00+00:00,day_06z,64.0,64.0,57.0,64.0,61.0,-3.0,nws_cli_knyc,FULL_OPERATIONAL_REPLAY,iem_nws_cli,61° or below,5,spring,-6.0,open-meteo:single-runs:ncep_gfs_global:operational_latest,policy=latest_available_by_latency;latency_h=6;replay_mode=MODEL_ONLY_REPLAY;residual_convention=residual_f = actual_high_f - forecast_high_f;phase6=v2_1;replay_version=C_remaining_day_max_plus_obs;replay_mode=FULL_OPERATIONAL_REPLAY;obs_availability=assumed_fixed_lag_20m_after_observation_time,v2_1,C_remaining_day_max_plus_obs,,64.0,OK,,2026-05-11T16:00:00+00:00,2026-05-12T05:00:00+00:00,checkpoint_to_nws_cli_climate_day_end_local_standard_time_utc-5,13,13,64.0,OK,,12,1,2026-05-11T14:51:00+00:00,69.0,60.0,False,assumed_fixed_lag_20m_after_observation_time
KXHIGHNY-26MAY11,2026-05-11,d0_1500,2026-05-11T19:00:00+00:00,gfs_operational_latest,2026-05-11T06:00:00+00:00,2026-05-11T12:00:00+00:00,day_06z,64.0,64.0,58.0,64.0,61.0,-3.0,nws_cli_knyc,FULL_OPERATIONAL_REPLAY,iem_nws_cli,61° or below,5,spring,-6.0,open-meteo:single-runs:ncep_gfs_global:operational_latest,policy=latest_available_by_latency;latency_h=6;replay_mode=MODEL_ONLY_REPLAY;residual_convention=residual_f = actual_high_f - forecast_high_f;phase6=v2_1;replay_version=C_remaining_day_max_plus_obs;replay_mode=FULL_OPERATIONAL_REPLAY;obs_availability=assumed_fixed_lag_20m_after_observation_time,v2_1,C_remaining_day_max_plus_obs,,64.0,OK,,2026-05-11T19:00:00+00:00,2026-05-12T05:00:00+00:00,checkpoint_to_nws_cli_climate_day_end_local_standard_time_utc-5,10,10,64.0,OK,,15,1,2026-05-11T17:51:00+00:00,69.0,60.0,False,assumed_fixed_lag_20m_after_observation_time
KXHIGHNY-26MAY12,2026-05-12,dminus1_1800,2026-05-11T22:00:00+00:00,gfs_operational_latest,2026-05-11T12:00:00+00:00,2026-05-11T18:00:00+00:00,prev_12z,67.6,67.6,,67.6,66.0,-1.5999999999999943,nws_cli_knyc,FULL_OPERATIONAL_REPLAY,iem_nws_cli,66° to 67°,5,spring,12.0,open-meteo:single-runs:ncep_gfs_global:operational_latest,policy=latest_available_by_latency;latency_h=6;replay_mode=FULL_OPERATIONAL_REPLAY;residual_convention=residual_f = actual_high_f - forecast_high_f;phase6=v2_1;replay_version=C_remaining_day_max_plus_obs;replay_mode=FULL_OPERATIONAL_REPLAY;obs_availability=assumed_fixed_lag_20m_after_observation_time,v2_1,C_remaining_day_max_plus_obs,,67.6,OK,,2026-05-12T05:00:00+00:00,2026-05-13T05:00:00+00:00,checkpoint_to_nws_cli_climate_day_end_local_standard_time_utc-5,24,24,67.6,,,,,,,,,
KXHIGHNY-26MAY12,2026-05-12,d0_0600,2026-05-12T10:00:00+00:00,gfs_operational_latest,2026-05-12T00:00:00+00:00,2026-05-12T06:00:00+00:00,day_00z,67.7,67.7,51.0,67.7,66.0,-1.7000000000000028,nws_cli_knyc,FULL_OPERATIONAL_REPLAY,iem_nws_cli,66° to 67°,5,spring,0.0,open-meteo:single-runs:ncep_gfs_global:operational_latest,policy=latest_available_by_latency;latency_h=6;replay_mode=MODEL_ONLY_REPLAY;residual_convention=residual_f = actual_high_f - forecast_high_f;phase6=v2_1;replay_version=C_remaining_day_max_plus_obs;replay_mode=FULL_OPERATIONAL_REPLAY;obs_availability=assumed_fixed_lag_20m_after_observation_time,v2_1,C_remaining_day_max_plus_obs,,67.7,OK,,2026-05-12T10:00:00+00:00,2026-05-13T05:00:00+00:00,checkpoint_to_nws_cli_climate_day_end_local_standard_time_utc-5,19,19,67.7,OK,,4,1,2026-05-12T08:51:00+00:00,69.0,60.0,False,assumed_fixed_lag_20m_after_observation_time
KXHIGHNY-26MAY12,2026-05-12,d0_0900,2026-05-12T13:00:00+00:00,gfs_operational_latest,2026-05-12T06:00:00+00:00,2026-05-12T12:00:00+00:00,day_06z,67.9,67.9,51.0,67.9,66.0,-1.9000000000000057,nws_cli_knyc,FULL_OPERATIONAL_REPLAY,iem_nws_cli,66° to 67°,5,spring,-6.0,open-meteo:single-runs:ncep_gfs_global:operational_latest,policy=latest_available_by_latency;latency_h=6;replay_mode=MODEL_ONLY_REPLAY;residual_convention=residual_f = actual_high_f - forecast_high_f;phase6=v2_1;replay_version=C_remaining_day_max_plus_obs;replay_mode=FULL_OPERATIONAL_REPLAY;obs_availability=assumed_fixed_lag_20m_after_observation_time,v2_1,C_remaining_day_max_plus_obs,,67.9,OK,,2026-05-12T13:00:00+00:00,2026-05-13T05:00:00+00:00,checkpoint_to_nws_cli_climate_day_end_local_standard_time_utc-5,16,16,67.9,OK,,7,1,2026-05-12T11:51:00+00:00,69.0,60.0,False,assumed_fixed_lag_20m_after_observation_time
KXHIGHNY-26MAY12,2026-05-12,d0_1200,2026-05-12T16:00:00+00:00,gfs_operational_latest,2026-05-12T06:00:00+00:00,2026-05-12T12:00:00+00:00,day_06z,67.9,67.9,57.0,67.9,66.0,-1.9000000000000057,nws_cli_knyc,FULL_OPERATIONAL_REPLAY,iem_nws_cli,66° to 67°,5,spring,-6.0,open-meteo:single-runs:ncep_gfs_global:operational_latest,policy=latest_available_by_latency;latency_h=6;replay_mode=MODEL_ONLY_REPLAY;residual_convention=residual_f = actual_high_f - forecast_high_f;phase6=v2_1;replay_version=C_remaining_day_max_plus_obs;replay_mode=FULL_OPERATIONAL_REPLAY;obs_availability=assumed_fixed_lag_20m_after_observation_time,v2_1,C_remaining_day_max_plus_obs,,67.9,OK,,2026-05-12T16:00:00+00:00,2026-05-13T05:00:00+00:00,checkpoint_to_nws_cli_climate_day_end_local_standard_time_utc-5,13,13,67.9,OK,,11,1,2026-05-12T14:51:00+00:00,69.0,60.0,False,assumed_fixed_lag_20m_after_observation_time
KXHIGHNY-26MAY12,2026-05-12,d0_1500,2026-05-12T19:00:00+00:00,gfs_operational_latest,2026-05-12T06:00:00+00:00,2026-05-12T12:00:00+00:00,day_06z,67.9,67.9,63.0,67.9,66.0,-1.9000000000000057,nws_cli_knyc,FULL_OPERATIONAL_REPLAY,iem_nws_cli,66° to 67°,5,spring,-6.0,open-meteo:single-runs:ncep_gfs_global:operational_latest,policy=latest_available_by_latency;latency_h=6;replay_mode=MODEL_ONLY_REPLAY;residual_convention=residual_f = actual_high_f - forecast_high_f;phase6=v2_1;replay_version=C_remaining_day_max_plus_obs;replay_mode=FULL_OPERATIONAL_REPLAY;obs_availability=assumed_fixed_lag_20m_after_observation_time,v2_1,C_remaining_day_max_plus_obs,,67.9,OK,,2026-05-12T19:00:00+00:00,2026-05-13T05:00:00+00:00,checkpoint_to_nws_cli_climate_day_end_local_standard_time_utc-5,10,10,67.9,OK,,14,1,2026-05-12T17:51:00+00:00,69.0,60.0,False,assumed_fixed_lag_20m_after_observation_time
KXHIGHNY-26MAY13,2026-05-13,dminus1_1800,2026-05-12T22:00:00+00:00,gfs_operational_latest,2026-05-12T12:00:00+00:00,2026-05-12T18:00:00+00:00,prev_12z,74.2,74.2,,74.2,72.0,-2.200000000000003,nws_cli_knyc,FULL_OPERATIONAL_REPLAY,iem_nws_cli,72° to 73°,5,spring,12.0,open-meteo:single-runs:ncep_gfs_global:operational_latest,policy=latest_available_by_latency;latency_h=6;replay_mode=FULL_OPERATIONAL_REPLAY;residual_convention=residual_f = actual_high_f - forecast_high_f;phase6=v2_1;replay_version=C_remaining_day_max_plus_obs;replay_mode=FULL_OPERATIONAL_REPLAY;obs_availability=assumed_fixed_lag_20m_after_observation_time,v2_1,C_remaining_day_max_plus_obs,,74.2,OK,,2026-05-13T05:00:00+00:00,2026-05-14T05:00:00+00:00,checkpoint_to_nws_cli_climate_day_end_local_standard_time_utc-5,24,24,74.2,,,,,,,,,
KXHIGHNY-26MAY13,2026-05-13,d0_0600,2026-05-13T10:00:00+00:00,gfs_operational_latest,2026-05-13T00:00:00+00:00,2026-05-13T06:00:00+00:00,day_00z,73.9,73.9,55.0,73.9,72.0,-1.9000000000000057,nws_cli_knyc,FULL_OPERATIONAL_REPLAY,iem_nws_cli,72° to 73°,5,spring,0.0,open-meteo:single-runs:ncep_gfs_global:operational_latest,policy=latest_available_by_latency;latency_h=6;replay_mode=MODEL_ONLY_REPLAY;residual_convention=residual_f = actual_high_f - forecast_high_f;phase6=v2_1;replay_version=C_remaining_day_max_plus_obs;replay_mode=FULL_OPERATIONAL_REPLAY;obs_availability=assumed_fixed_lag_20m_after_observation_time,v2_1,C_remaining_day_max_plus_obs,,73.9,OK,,2026-05-13T10:00:00+00:00,2026-05-14T05:00:00+00:00,checkpoint_to_nws_cli_climate_day_end_local_standard_time_utc-5,19,19,73.9,OK,,4,1,2026-05-13T08:51:00+00:00,69.0,60.0,False,assumed_fixed_lag_20m_after_observation_time
KXHIGHNY-26MAY13,2026-05-13,d0_0900,2026-05-13T13:00:00+00:00,gfs_operational_latest,2026-05-13T06:00:00+00:00,2026-05-13T12:00:00+00:00,day_06z,74.4,74.4,56.0,74.4,72.0,-2.4000000000000057,nws_cli_knyc,FULL_OPERATIONAL_REPLAY,iem_nws_cli,72° to 73°,5,spring,-6.0,open-meteo:single-runs:ncep_gfs_global:operational_latest,policy=latest_available_by_latency;latency_h=6;replay_mode=MODEL_ONLY_REPLAY;residual_convention=residual_f = actual_high_f - forecast_high_f;phase6=v2_1;replay_version=C_remaining_day_max_plus_obs;replay_mode=FULL_OPERATIONAL_REPLAY;obs_availability=assumed_fixed_lag_20m_after_observation_time,v2_1,C_remaining_day_max_plus_obs,,74.4,OK,,2026-05-13T13:00:00+00:00,2026-05-14T05:00:00+00:00,checkpoint_to_nws_cli_climate_day_end_local_standard_time_utc-5,16,16,74.4,OK,,7,1,2026-05-13T11:51:00+00:00,69.0,60.0,False,assumed_fixed_lag_20m_after_observation_time
KXHIGHNY-26MAY13,2026-05-13,d0_1200,2026-05-13T16:00:00+00:00,gfs_operational_latest,2026-05-13T06:00:00+00:00,2026-05-13T12:00:00+00:00,day_06z,74.4,74.4,66.0,74.4,72.0,-2.4000000000000057,nws_cli_knyc,FULL_OPERATIONAL_REPLAY,iem_nws_cli,72° to 73°,5,spring,-6.0,open-meteo:single-runs:ncep_gfs_global:operational_latest,policy=latest_available_by_latency;latency_h=6;replay_mode=MODEL_ONLY_REPLAY;residual_convention=residual_f = actual_high_f - forecast_high_f;phase6=v2_1;replay_version=C_remaining_day_max_plus_obs;replay_mode=FULL_OPERATIONAL_REPLAY;obs_availability=assumed_fixed_lag_20m_after_observation_time,v2_1,C_remaining_day_max_plus_obs,,74.4,OK,,2026-05-13T16:00:00+00:00,2026-05-14T05:00:00+00:00,checkpoint_to_nws_cli_climate_day_end_local_standard_time_utc-5,13,13,74.4,OK,,10,1,2026-05-13T14:51:00+00:00,69.0,60.0,False,assumed_fixed_lag_20m_after_observation_time
KXHIGHNY-26MAY13,2026-05-13,d0_1500,2026-05-13T19:00:00+00:00,gfs_operational_latest,2026-05-13T06:00:00+00:00,2026-05-13T12:00:00+00:00,day_06z,72.0,71.0,72.0,72.0,72.0,0.0,nws_cli_knyc,FULL_OPERATIONAL_REPLAY,iem_nws_cli,72° to 73°,5,spring,-6.0,open-meteo:single-runs:ncep_gfs_global:operational_latest,policy=latest_available_by_latency;latency_h=6;replay_mode=MODEL_ONLY_REPLAY;residual_convention=residual_f = actual_high_f - forecast_high_f;phase6=v2_1;replay_version=C_remaining_day_max_plus_obs;replay_mode=FULL_OPERATIONAL_REPLAY;obs_availability=assumed_fixed_lag_20m_after_observation_time,v2_1,C_remaining_day_max_plus_obs,,74.4,OK,,2026-05-13T19:00:00+00:00,2026-05-14T05:00:00+00:00,checkpoint_to_nws_cli_climate_day_end_local_standard_time_utc-5,10,10,71.0,OK,,13,1,2026-05-13T17:51:00+00:00,69.0,60.0,True,assumed_fixed_lag_20m_after_observation_time
KXHIGHNY-26MAY14,2026-05-14,dminus1_1800,2026-05-13T22:00:00+00:00,gfs_operational_latest,2026-05-13T12:00:00+00:00,2026-05-13T18:00:00+00:00,prev_12z,65.8,65.8,,65.8,66.0,0.20000000000000284,nws_cli_knyc,FULL_OPERATIONAL_REPLAY,iem_nws_cli,65° to 66°,5,spring,12.0,open-meteo:single-runs:ncep_gfs_global:operational_latest,policy=latest_available_by_latency;latency_h=6;replay_mode=FULL_OPERATIONAL_REPLAY;residual_convention=residual_f = actual_high_f - forecast_high_f;phase6=v2_1;replay_version=C_remaining_day_max_plus_obs;replay_mode=FULL_OPERATIONAL_REPLAY;obs_availability=assumed_fixed_lag_20m_after_observation_time,v2_1,C_remaining_day_max_plus_obs,,65.8,OK,,2026-05-14T05:00:00+00:00,2026-05-15T05:00:00+00:00,checkpoint_to_nws_cli_climate_day_end_local_standard_time_utc-5,24,24,65.8,,,,,,,,,
KXHIGHNY-26MAY14,2026-05-14,d0_0600,2026-05-14T10:00:00+00:00,gfs_operational_latest,2026-05-14T00:00:00+00:00,2026-05-14T06:00:00+00:00,day_00z,62.7,62.7,57.0,62.7,66.0,3.299999999999997,nws_cli_knyc,FULL_OPERATIONAL_REPLAY,iem_nws_cli,65° to 66°,5,spring,0.0,open-meteo:single-runs:ncep_gfs_global:operational_latest,policy=latest_available_by_latency;latency_h=6;replay_mode=MODEL_ONLY_REPLAY;residual_convention=residual_f = actual_high_f - forecast_high_f;phase6=v2_1;replay_version=C_remaining_day_max_plus_obs;replay_mode=FULL_OPERATIONAL_REPLAY;obs_availability=assumed_fixed_lag_20m_after_observation_time,v2_1,C_remaining_day_max_plus_obs,,62.7,OK,,2026-05-14T10:00:00+00:00,2026-05-15T05:00:00+00:00,checkpoint_to_nws_cli_climate_day_end_local_standard_time_utc-5,19,19,62.7,OK,,4,1,2026-05-14T08:51:00+00:00,69.0,60.0,False,assumed_fixed_lag_20m_after_observation_time
KXHIGHNY-26MAY14,2026-05-14,d0_0900,2026-05-14T13:00:00+00:00,gfs_operational_latest,2026-05-14T06:00:00+00:00,2026-05-14T12:00:00+00:00,day_06z,66.5,66.5,57.0,66.5,66.0,-0.5,nws_cli_knyc,FULL_OPERATIONAL_REPLAY,iem_nws_cli,65° to 66°,5,spring,-6.0,open-meteo:single-runs:ncep_gfs_global:operational_latest,policy=latest_available_by_latency;latency_h=6;replay_mode=MODEL_ONLY_REPLAY;residual_convention=residual_f = actual_high_f - forecast_high_f;phase6=v2_1;replay_version=C_remaining_day_max_plus_obs;replay_mode=FULL_OPERATIONAL_REPLAY;obs_availability=assumed_fixed_lag_20m_after_observation_time,v2_1,C_remaining_day_max_plus_obs,,66.5,OK,,2026-05-14T13:00:00+00:00,2026-05-15T05:00:00+00:00,checkpoint_to_nws_cli_climate_day_end_local_standard_time_utc-5,16,16,66.5,OK,,7,1,2026-05-14T11:51:00+00:00,69.0,60.0,False,assumed_fixed_lag_20m_after_observation_time
KXHIGHNY-26MAY14,2026-05-14,d0_1200,2026-05-14T16:00:00+00:00,gfs_operational_latest,2026-05-14T06:00:00+00:00,2026-05-14T12:00:00+00:00,day_06z,66.5,66.5,59.0,66.5,66.0,-0.5,nws_cli_knyc,FULL_OPERATIONAL_REPLAY,iem_nws_cli,65° to 66°,5,spring,-6.0,open-meteo:single-runs:ncep_gfs_global:operational_latest,policy=latest_available_by_latency;latency_h=6;replay_mode=MODEL_ONLY_REPLAY;residual_convention=residual_f = actual_high_f - forecast_high_f;phase6=v2_1;replay_version=C_remaining_day_max_plus_obs;replay_mode=FULL_OPERATIONAL_REPLAY;obs_availability=assumed_fixed_lag_20m_after_observation_time,v2_1,C_remaining_day_max_plus_obs,,66.5,OK,,2026-05-14T16:00:00+00:00,2026-05-15T05:00:00+00:00,checkpoint_to_nws_cli_climate_day_end_local_standard_time_utc-5,13,13,66.5,OK,,10,1,2026-05-14T14:51:00+00:00,69.0,60.0,False,assumed_fixed_lag_20m_after_observation_time
KXHIGHNY-26MAY14,2026-05-14,d0_1500,2026-05-14T19:00:00+00:00,gfs_operational_latest,2026-05-14T06:00:00+00:00,2026-05-14T12:00:00+00:00,day_06z,66.1,66.1,64.0,66.1,66.0,-0.09999999999999432,nws_cli_knyc,FULL_OPERATIONAL_REPLAY,iem_nws_cli,65° to 66°,5,spring,-6.0,open-meteo:single-runs:ncep_gfs_global:operational_latest,policy=latest_available_by_latency;latency_h=6;replay_mode=MODEL_ONLY_REPLAY;residual_convention=residual_f = actual_high_f - forecast_high_f;phase6=v2_1;replay_version=C_remaining_day_max_plus_obs;replay_mode=FULL_OPERATIONAL_REPLAY;obs_availability=assumed_fixed_lag_20m_after_observation_time,v2_1,C_remaining_day_max_plus_obs,,66.5,OK,,2026-05-14T19:00:00+00:00,2026-05-15T05:00:00+00:00,checkpoint_to_nws_cli_climate_day_end_local_standard_time_utc-5,10,10,66.1,OK,,13,1,2026-05-14T17:51:00+00:00,69.0,60.0,False,assumed_fixed_lag_20m_after_observation_time
KXHIGHNY-26MAY15,2026-05-15,dminus1_1800,2026-05-14T22:00:00+00:00,gfs_operational_latest,2026-05-14T12:00:00+00:00,2026-05-14T18:00:00+00:00,prev_12z,67.2,67.2,,67.2,66.0,-1.2000000000000028,nws_cli_knyc,FULL_OPERATIONAL_REPLAY,iem_nws_cli,65° to 66°,5,spring,12.0,open-meteo:single-runs:ncep_gfs_global:operational_latest,policy=latest_available_by_latency;latency_h=6;replay_mode=FULL_OPERATIONAL_REPLAY;residual_convention=residual_f = actual_high_f - forecast_high_f;phase6=v2_1;replay_version=C_remaining_day_max_plus_obs;replay_mode=FULL_OPERATIONAL_REPLAY;obs_availability=assumed_fixed_lag_20m_after_observation_time,v2_1,C_remaining_day_max_plus_obs,,67.2,OK,,2026-05-15T05:00:00+00:00,2026-05-16T05:00:00+00:00,checkpoint_to_nws_cli_climate_day_end_local_standard_time_utc-5,24,24,67.2,,,,,,,,,
KXHIGHNY-26MAY15,2026-05-15,d0_0600,2026-05-15T10:00:00+00:00,gfs_operational_latest,2026-05-15T00:00:00+00:00,2026-05-15T06:00:00+00:00,day_00z,65.2,65.2,52.0,65.2,66.0,0.7999999999999972,nws_cli_knyc,FULL_OPERATIONAL_REPLAY,iem_nws_cli,65° to 66°,5,spring,0.0,open-meteo:single-runs:ncep_gfs_global:operational_latest,policy=latest_available_by_latency;latency_h=6;replay_mode=MODEL_ONLY_REPLAY;residual_convention=residual_f = actual_high_f - forecast_high_f;phase6=v2_1;replay_version=C_remaining_day_max_plus_obs;replay_mode=FULL_OPERATIONAL_REPLAY;obs_availability=assumed_fixed_lag_20m_after_observation_time,v2_1,C_remaining_day_max_plus_obs,,65.2,OK,,2026-05-15T10:00:00+00:00,2026-05-16T05:00:00+00:00,checkpoint_to_nws_cli_climate_day_end_local_standard_time_utc-5,19,19,65.2,OK,,4,1,2026-05-15T08:51:00+00:00,69.0,60.0,False,assumed_fixed_lag_20m_after_observation_time
KXHIGHNY-26MAY15,2026-05-15,d0_0900,2026-05-15T13:00:00+00:00,gfs_operational_latest,2026-05-15T06:00:00+00:00,2026-05-15T12:00:00+00:00,day_06z,67.6,67.6,53.0,67.6,66.0,-1.5999999999999943,nws_cli_knyc,FULL_OPERATIONAL_REPLAY,iem_nws_cli,65° to 66°,5,spring,-6.0,open-meteo:single-runs:ncep_gfs_global:operational_latest,policy=latest_available_by_latency;latency_h=6;replay_mode=MODEL_ONLY_REPLAY;residual_convention=residual_f = actual_high_f - forecast_high_f;phase6=v2_1;replay_version=C_remaining_day_max_plus_obs;replay_mode=FULL_OPERATIONAL_REPLAY;obs_availability=assumed_fixed_lag_20m_after_observation_time,v2_1,C_remaining_day_max_plus_obs,,67.6,OK,,2026-05-15T13:00:00+00:00,2026-05-16T05:00:00+00:00,checkpoint_to_nws_cli_climate_day_end_local_standard_time_utc-5,16,16,67.6,OK,,7,1,2026-05-15T11:51:00+00:00,69.0,60.0,False,assumed_fixed_lag_20m_after_observation_time
KXHIGHNY-26MAY15,2026-05-15,d0_1200,2026-05-15T16:00:00+00:00,gfs_operational_latest,2026-05-15T06:00:00+00:00,2026-05-15T12:00:00+00:00,day_06z,67.6,67.6,61.0,67.6,66.0,-1.5999999999999943,nws_cli_knyc,FULL_OPERATIONAL_REPLAY,iem_nws_cli,65° to 66°,5,spring,-6.0,open-meteo:single-runs:ncep_gfs_global:operational_latest,policy=latest_available_by_latency;latency_h=6;replay_mode=MODEL_ONLY_REPLAY;residual_convention=residual_f = actual_high_f - forecast_high_f;phase6=v2_1;replay_version=C_remaining_day_max_plus_obs;replay_mode=FULL_OPERATIONAL_REPLAY;obs_availability=assumed_fixed_lag_20m_after_observation_time,v2_1,C_remaining_day_max_plus_obs,,67.6,OK,,2026-05-15T16:00:00+00:00,2026-05-16T05:00:00+00:00,checkpoint_to_nws_cli_climate_day_end_local_standard_time_utc-5,13,13,67.6,OK,,10,1,2026-05-15T14:51:00+00:00,69.0,60.0,False,assumed_fixed_lag_20m_after_observation_time
KXHIGHNY-26MAY15,2026-05-15,d0_1500,2026-05-15T19:00:00+00:00,gfs_operational_latest,2026-05-15T06:00:00+00:00,2026-05-15T12:00:00+00:00,day_06z,67.6,67.6,61.0,67.6,66.0,-1.5999999999999943,nws_cli_knyc,FULL_OPERATIONAL_REPLAY,iem_nws_cli,65° to 66°,5,spring,-6.0,open-meteo:single-runs:ncep_gfs_global:operational_latest,policy=latest_available_by_latency;latency_h=6;replay_mode=MODEL_ONLY_REPLAY;residual_convention=residual_f = actual_high_f - forecast_high_f;phase6=v2_1;replay_version=C_remaining_day_max_plus_obs;replay_mode=FULL_OPERATIONAL_REPLAY;obs_availability=assumed_fixed_lag_20m_after_observation_time,v2_1,C_remaining_day_max_plus_obs,,67.6,OK,,2026-05-15T19:00:00+00:00,2026-05-16T05:00:00+00:00,checkpoint_to_nws_cli_climate_day_end_local_standard_time_utc-5,10,10,67.6,OK,,13,1,2026-05-15T17:51:00+00:00,69.0,60.0,False,assumed_fixed_lag_20m_after_observation_time
KXHIGHNY-26MAY16,2026-05-16,dminus1_1800,2026-05-15T22:00:00+00:00,gfs_operational_latest,2026-05-15T12:00:00+00:00,2026-05-15T18:00:00+00:00,prev_12z,78.7,78.7,,78.7,80.0,1.2999999999999972,nws_cli_knyc,FULL_OPERATIONAL_REPLAY,iem_nws_cli,80° to 81°,5,spring,12.0,open-meteo:single-runs:ncep_gfs_global:operational_latest,policy=latest_available_by_latency;latency_h=6;replay_mode=FULL_OPERATIONAL_REPLAY;residual_convention=residual_f = actual_high_f - forecast_high_f;phase6=v2_1;replay_version=C_remaining_day_max_plus_obs;replay_mode=FULL_OPERATIONAL_REPLAY;obs_availability=assumed_fixed_lag_20m_after_observation_time,v2_1,C_remaining_day_max_plus_obs,,78.7,OK,,2026-05-16T05:00:00+00:00,2026-05-17T05:00:00+00:00,checkpoint_to_nws_cli_climate_day_end_local_standard_time_utc-5,24,24,78.7,,,,,,,,,
KXHIGHNY-26MAY16,2026-05-16,d0_0600,2026-05-16T10:00:00+00:00,gfs_operational_latest,2026-05-16T00:00:00+00:00,2026-05-16T06:00:00+00:00,day_00z,82.0,82.0,57.0,82.0,80.0,-2.0,nws_cli_knyc,FULL_OPERATIONAL_REPLAY,iem_nws_cli,80° to 81°,5,spring,0.0,open-meteo:single-runs:ncep_gfs_global:operational_latest,policy=latest_available_by_latency;latency_h=6;replay_mode=MODEL_ONLY_REPLAY;residual_convention=residual_f = actual_high_f - forecast_high_f;phase6=v2_1;replay_version=C_remaining_day_max_plus_obs;replay_mode=FULL_OPERATIONAL_REPLAY;obs_availability=assumed_fixed_lag_20m_after_observation_time,v2_1,C_remaining_day_max_plus_obs,,82.0,OK,,2026-05-16T10:00:00+00:00,2026-05-17T05:00:00+00:00,checkpoint_to_nws_cli_climate_day_end_local_standard_time_utc-5,19,19,82.0,OK,,4,1,2026-05-16T08:51:00+00:00,69.0,60.0,False,assumed_fixed_lag_20m_after_observation_time
KXHIGHNY-26MAY16,2026-05-16,d0_0900,2026-05-16T13:00:00+00:00,gfs_operational_latest,2026-05-16T06:00:00+00:00,2026-05-16T12:00:00+00:00,day_06z,82.1,82.1,62.0,82.1,80.0,-2.0999999999999943,nws_cli_knyc,FULL_OPERATIONAL_REPLAY,iem_nws_cli,80° to 81°,5,spring,-6.0,open-meteo:single-runs:ncep_gfs_global:operational_latest,policy=latest_available_by_latency;latency_h=6;replay_mode=MODEL_ONLY_REPLAY;residual_convention=residual_f = actual_high_f - forecast_high_f;phase6=v2_1;replay_version=C_remaining_day_max_plus_obs;replay_mode=FULL_OPERATIONAL_REPLAY;obs_availability=assumed_fixed_lag_20m_after_observation_time,v2_1,C_remaining_day_max_plus_obs,,82.1,OK,,2026-05-16T13:00:00+00:00,2026-05-17T05:00:00+00:00,checkpoint_to_nws_cli_climate_day_end_local_standard_time_utc-5,16,16,82.1,OK,,7,1,2026-05-16T11:51:00+00:00,69.0,60.0,False,assumed_fixed_lag_20m_after_observation_time
KXHIGHNY-26MAY16,2026-05-16,d0_1200,2026-05-16T16:00:00+00:00,gfs_operational_latest,2026-05-16T06:00:00+00:00,2026-05-16T12:00:00+00:00,day_06z,82.1,82.1,70.0,82.1,80.0,-2.0999999999999943,nws_cli_knyc,FULL_OPERATIONAL_REPLAY,iem_nws_cli,80° to 81°,5,spring,-6.0,open-meteo:single-runs:ncep_gfs_global:operational_latest,policy=latest_available_by_latency;latency_h=6;replay_mode=MODEL_ONLY_REPLAY;residual_convention=residual_f = actual_high_f - forecast_high_f;phase6=v2_1;replay_version=C_remaining_day_max_plus_obs;replay_mode=FULL_OPERATIONAL_REPLAY;obs_availability=assumed_fixed_lag_20m_after_observation_time,v2_1,C_remaining_day_max_plus_obs,,82.1,OK,,2026-05-16T16:00:00+00:00,2026-05-17T05:00:00+00:00,checkpoint_to_nws_cli_climate_day_end_local_standard_time_utc-5,13,13,82.1,OK,,10,1,2026-05-16T14:51:00+00:00,69.0,60.0,False,assumed_fixed_lag_20m_after_observation_time
KXHIGHNY-26MAY16,2026-05-16,d0_1500,2026-05-16T19:00:00+00:00,gfs_operational_latest,2026-05-16T06:00:00+00:00,2026-05-16T12:00:00+00:00,day_06z,82.1,82.1,77.0,82.1,80.0,-2.0999999999999943,nws_cli_knyc,FULL_OPERATIONAL_REPLAY,iem_nws_cli,80° to 81°,5,spring,-6.0,open-meteo:single-runs:ncep_gfs_global:operational_latest,policy=latest_available_by_latency;latency_h=6;replay_mode=MODEL_ONLY_REPLAY;residual_convention=residual_f = actual_high_f - forecast_high_f;phase6=v2_1;replay_version=C_remaining_day_max_plus_obs;replay_mode=FULL_OPERATIONAL_REPLAY;obs_availability=assumed_fixed_lag_20m_after_observation_time,v2_1,C_remaining_day_max_plus_obs,,82.1,OK,,2026-05-16T19:00:00+00:00,2026-05-17T05:00:00+00:00,checkpoint_to_nws_cli_climate_day_end_local_standard_time_utc-5,10,10,82.1,OK,,13,1,2026-05-16T17:51:00+00:00,69.0,60.0,False,assumed_fixed_lag_20m_after_observation_time
KXHIGHNY-26MAY17,2026-05-17,dminus1_1800,2026-05-16T22:00:00+00:00,gfs_operational_latest,2026-05-16T12:00:00+00:00,2026-05-16T18:00:00+00:00,prev_12z,91.0,91.0,,91.0,87.0,-4.0,nws_cli_knyc,FULL_OPERATIONAL_REPLAY,iem_nws_cli,87° to 88°,5,spring,12.0,open-meteo:single-runs:ncep_gfs_global:operational_latest,policy=latest_available_by_latency;latency_h=6;replay_mode=FULL_OPERATIONAL_REPLAY;residual_convention=residual_f = actual_high_f - forecast_high_f;phase6=v2_1;replay_version=C_remaining_day_max_plus_obs;replay_mode=FULL_OPERATIONAL_REPLAY;obs_availability=assumed_fixed_lag_20m_after_observation_time,v2_1,C_remaining_day_max_plus_obs,,91.0,OK,,2026-05-17T05:00:00+00:00,2026-05-18T05:00:00+00:00,checkpoint_to_nws_cli_climate_day_end_local_standard_time_utc-5,24,24,91.0,,,,,,,,,
KXHIGHNY-26MAY17,2026-05-17,d0_0600,2026-05-17T10:00:00+00:00,gfs_operational_latest,2026-05-17T00:00:00+00:00,2026-05-17T06:00:00+00:00,day_00z,90.4,90.4,70.0,90.4,87.0,-3.4000000000000057,nws_cli_knyc,FULL_OPERATIONAL_REPLAY,iem_nws_cli,87° to 88°,5,spring,0.0,open-meteo:single-runs:ncep_gfs_global:operational_latest,policy=latest_available_by_latency;latency_h=6;replay_mode=MODEL_ONLY_REPLAY;residual_convention=residual_f = actual_high_f - forecast_high_f;phase6=v2_1;replay_version=C_remaining_day_max_plus_obs;replay_mode=FULL_OPERATIONAL_REPLAY;obs_availability=assumed_fixed_lag_20m_after_observation_time,v2_1,C_remaining_day_max_plus_obs,,90.4,OK,,2026-05-17T10:00:00+00:00,2026-05-18T05:00:00+00:00,checkpoint_to_nws_cli_climate_day_end_local_standard_time_utc-5,19,19,90.4,OK,,4,1,2026-05-17T08:51:00+00:00,69.0,60.0,False,assumed_fixed_lag_20m_after_observation_time
KXHIGHNY-26MAY17,2026-05-17,d0_0900,2026-05-17T13:00:00+00:00,gfs_operational_latest,2026-05-17T06:00:00+00:00,2026-05-17T12:00:00+00:00,day_06z,90.8,90.8,70.0,90.8,87.0,-3.799999999999997,nws_cli_knyc,FULL_OPERATIONAL_REPLAY,iem_nws_cli,87° to 88°,5,spring,-6.0,open-meteo:single-runs:ncep_gfs_global:operational_latest,policy=latest_available_by_latency;latency_h=6;replay_mode=MODEL_ONLY_REPLAY;residual_convention=residual_f = actual_high_f - forecast_high_f;phase6=v2_1;replay_version=C_remaining_day_max_plus_obs;replay_mode=FULL_OPERATIONAL_REPLAY;obs_availability=assumed_fixed_lag_20m_after_observation_time,v2_1,C_remaining_day_max_plus_obs,,90.8,OK,,2026-05-17T13:00:00+00:00,2026-05-18T05:00:00+00:00,checkpoint_to_nws_cli_climate_day_end_local_standard_time_utc-5,16,16,90.8,OK,,7,1,2026-05-17T11:51:00+00:00,69.0,60.0,False,assumed_fixed_lag_20m_after_observation_time
KXHIGHNY-26MAY17,2026-05-17,d0_1200,2026-05-17T16:00:00+00:00,gfs_operational_latest,2026-05-17T06:00:00+00:00,2026-05-17T12:00:00+00:00,day_06z,90.8,90.8,77.0,90.8,87.0,-3.799999999999997,nws_cli_knyc,FULL_OPERATIONAL_REPLAY,iem_nws_cli,87° to 88°,5,spring,-6.0,open-meteo:single-runs:ncep_gfs_global:operational_latest,policy=latest_available_by_latency;latency_h=6;replay_mode=MODEL_ONLY_REPLAY;residual_convention=residual_f = actual_high_f - forecast_high_f;phase6=v2_1;replay_version=C_remaining_day_max_plus_obs;replay_mode=FULL_OPERATIONAL_REPLAY;obs_availability=assumed_fixed_lag_20m_after_observation_time,v2_1,C_remaining_day_max_plus_obs,,90.8,OK,,2026-05-17T16:00:00+00:00,2026-05-18T05:00:00+00:00,checkpoint_to_nws_cli_climate_day_end_local_standard_time_utc-5,13,13,90.8,OK,,10,1,2026-05-17T14:51:00+00:00,69.0,60.0,False,assumed_fixed_lag_20m_after_observation_time
KXHIGHNY-26MAY17,2026-05-17,d0_1500,2026-05-17T19:00:00+00:00,gfs_operational_latest,2026-05-17T06:00:00+00:00,2026-05-17T12:00:00+00:00,day_06z,90.8,90.8,86.0,90.8,87.0,-3.799999999999997,nws_cli_knyc,FULL_OPERATIONAL_REPLAY,iem_nws_cli,87° to 88°,5,spring,-6.0,open-meteo:single-runs:ncep_gfs_global:operational_latest,policy=latest_available_by_latency;latency_h=6;replay_mode=MODEL_ONLY_REPLAY;residual_convention=residual_f = actual_high_f - forecast_high_f;phase6=v2_1;replay_version=C_remaining_day_max_plus_obs;replay_mode=FULL_OPERATIONAL_REPLAY;obs_availability=assumed_fixed_lag_20m_after_observation_time,v2_1,C_remaining_day_max_plus_obs,,90.8,OK,,2026-05-17T19:00:00+00:00,2026-05-18T05:00:00+00:00,checkpoint_to_nws_cli_climate_day_end_local_standard_time_utc-5,10,10,90.8,OK,,13,1,2026-05-17T17:51:00+00:00,69.0,60.0,False,assumed_fixed_lag_20m_after_observation_time
KXHIGHNY-26MAY18,2026-05-18,dminus1_1800,2026-05-17T22:00:00+00:00,gfs_operational_latest,2026-05-17T12:00:00+00:00,2026-05-17T18:00:00+00:00,prev_12z,88.8,88.8,,88.8,88.0,-0.7999999999999972,nws_cli_knyc,FULL_OPERATIONAL_REPLAY,iem_nws_cli,85° or above,5,spring,12.0,open-meteo:single-runs:ncep_gfs_global:operational_latest,policy=latest_available_by_latency;latency_h=6;replay_mode=FULL_OPERATIONAL_REPLAY;residual_convention=residual_f = actual_high_f - forecast_high_f;phase6=v2_1;replay_version=C_remaining_day_max_plus_obs;replay_mode=FULL_OPERATIONAL_REPLAY;obs_availability=assumed_fixed_lag_20m_after_observation_time,v2_1,C_remaining_day_max_plus_obs,,88.8,OK,,2026-05-18T05:00:00+00:00,2026-05-19T05:00:00+00:00,checkpoint_to_nws_cli_climate_day_end_local_standard_time_utc-5,24,24,88.8,,,,,,,,,
KXHIGHNY-26MAY18,2026-05-18,d0_0600,2026-05-18T10:00:00+00:00,gfs_operational_latest,2026-05-18T00:00:00+00:00,2026-05-18T06:00:00+00:00,day_00z,90.6,90.6,75.0,90.6,88.0,-2.5999999999999943,nws_cli_knyc,FULL_OPERATIONAL_REPLAY,iem_nws_cli,85° or above,5,spring,0.0,open-meteo:single-runs:ncep_gfs_global:operational_latest,policy=latest_available_by_latency;latency_h=6;replay_mode=MODEL_ONLY_REPLAY;residual_convention=residual_f = actual_high_f - forecast_high_f;phase6=v2_1;replay_version=C_remaining_day_max_plus_obs;replay_mode=FULL_OPERATIONAL_REPLAY;obs_availability=assumed_fixed_lag_20m_after_observation_time,v2_1,C_remaining_day_max_plus_obs,,90.6,OK,,2026-05-18T10:00:00+00:00,2026-05-19T05:00:00+00:00,checkpoint_to_nws_cli_climate_day_end_local_standard_time_utc-5,19,19,90.6,OK,,4,1,2026-05-18T08:51:00+00:00,69.0,60.0,False,assumed_fixed_lag_20m_after_observation_time
KXHIGHNY-26MAY18,2026-05-18,d0_0900,2026-05-18T13:00:00+00:00,gfs_operational_latest,2026-05-18T06:00:00+00:00,2026-05-18T12:00:00+00:00,day_06z,91.5,91.5,75.0,91.5,88.0,-3.5,nws_cli_knyc,FULL_OPERATIONAL_REPLAY,iem_nws_cli,85° or above,5,spring,-6.0,open-meteo:single-runs:ncep_gfs_global:operational_latest,policy=latest_available_by_latency;latency_h=6;replay_mode=MODEL_ONLY_REPLAY;residual_convention=residual_f = actual_high_f - forecast_high_f;phase6=v2_1;replay_version=C_remaining_day_max_plus_obs;replay_mode=FULL_OPERATIONAL_REPLAY;obs_availability=assumed_fixed_lag_20m_after_observation_time,v2_1,C_remaining_day_max_plus_obs,,91.5,OK,,2026-05-18T13:00:00+00:00,2026-05-19T05:00:00+00:00,checkpoint_to_nws_cli_climate_day_end_local_standard_time_utc-5,16,16,91.5,OK,,7,1,2026-05-18T11:51:00+00:00,69.0,60.0,False,assumed_fixed_lag_20m_after_observation_time
KXHIGHNY-26MAY18,2026-05-18,d0_1200,2026-05-18T16:00:00+00:00,gfs_operational_latest,2026-05-18T06:00:00+00:00,2026-05-18T12:00:00+00:00,day_06z,91.5,91.5,85.0,91.5,88.0,-3.5,nws_cli_knyc,FULL_OPERATIONAL_REPLAY,iem_nws_cli,85° or above,5,spring,-6.0,open-meteo:single-runs:ncep_gfs_global:operational_latest,policy=latest_available_by_latency;latency_h=6;replay_mode=MODEL_ONLY_REPLAY;residual_convention=residual_f = actual_high_f - forecast_high_f;phase6=v2_1;replay_version=C_remaining_day_max_plus_obs;replay_mode=FULL_OPERATIONAL_REPLAY;obs_availability=assumed_fixed_lag_20m_after_observation_time,v2_1,C_remaining_day_max_plus_obs,,91.5,OK,,2026-05-18T16:00:00+00:00,2026-05-19T05:00:00+00:00,checkpoint_to_nws_cli_climate_day_end_local_standard_time_utc-5,13,13,91.5,OK,,10,1,2026-05-18T14:51:00+00:00,69.0,60.0,False,assumed_fixed_lag_20m_after_observation_time
KXHIGHNY-26MAY18,2026-05-18,d0_1500,2026-05-18T19:00:00+00:00,gfs_operational_latest,2026-05-18T06:00:00+00:00,2026-05-18T12:00:00+00:00,day_06z,90.6,90.6,88.0,90.6,88.0,-2.5999999999999943,nws_cli_knyc,FULL_OPERATIONAL_REPLAY,iem_nws_cli,85° or above,5,spring,-6.0,open-meteo:single-runs:ncep_gfs_global:operational_latest,policy=latest_available_by_latency;latency_h=6;replay_mode=MODEL_ONLY_REPLAY;residual_convention=residual_f = actual_high_f - forecast_high_f;phase6=v2_1;replay_version=C_remaining_day_max_plus_obs;replay_mode=FULL_OPERATIONAL_REPLAY;obs_availability=assumed_fixed_lag_20m_after_observation_time,v2_1,C_remaining_day_max_plus_obs,,91.5,OK,,2026-05-18T19:00:00+00:00,2026-05-19T05:00:00+00:00,checkpoint_to_nws_cli_climate_day_end_local_standard_time_utc-5,10,10,90.6,OK,,13,1,2026-05-18T17:51:00+00:00,69.0,60.0,False,assumed_fixed_lag_20m_after_observation_time
KXHIGHNY-26MAY19,2026-05-19,dminus1_1800,2026-05-18T22:00:00+00:00,gfs_operational_latest,2026-05-18T12:00:00+00:00,2026-05-18T18:00:00+00:00,prev_12z,97.3,97.3,,97.3,93.0,-4.299999999999997,nws_cli_knyc,FULL_OPERATIONAL_REPLAY,iem_nws_cli,93° to 94°,5,spring,12.0,open-meteo:single-runs:ncep_gfs_global:operational_latest,policy=latest_available_by_latency;latency_h=6;replay_mode=FULL_OPERATIONAL_REPLAY;residual_convention=residual_f = actual_high_f - forecast_high_f;phase6=v2_1;replay_version=C_remaining_day_max_plus_obs;replay_mode=FULL_OPERATIONAL_REPLAY;obs_availability=assumed_fixed_lag_20m_after_observation_time,v2_1,C_remaining_day_max_plus_obs,,97.3,OK,,2026-05-19T05:00:00+00:00,2026-05-20T05:00:00+00:00,checkpoint_to_nws_cli_climate_day_end_local_standard_time_utc-5,24,24,97.3,,,,,,,,,
KXHIGHNY-26MAY19,2026-05-19,d0_0600,2026-05-19T10:00:00+00:00,gfs_operational_latest,2026-05-19T00:00:00+00:00,2026-05-19T06:00:00+00:00,day_00z,96.5,96.5,76.0,96.5,93.0,-3.5,nws_cli_knyc,FULL_OPERATIONAL_REPLAY,iem_nws_cli,93° to 94°,5,spring,0.0,open-meteo:single-runs:ncep_gfs_global:operational_latest,policy=latest_available_by_latency;latency_h=6;replay_mode=MODEL_ONLY_REPLAY;residual_convention=residual_f = actual_high_f - forecast_high_f;phase6=v2_1;replay_version=C_remaining_day_max_plus_obs;replay_mode=FULL_OPERATIONAL_REPLAY;obs_availability=assumed_fixed_lag_20m_after_observation_time,v2_1,C_remaining_day_max_plus_obs,,96.5,OK,,2026-05-19T10:00:00+00:00,2026-05-20T05:00:00+00:00,checkpoint_to_nws_cli_climate_day_end_local_standard_time_utc-5,19,19,96.5,OK,,4,1,2026-05-19T08:51:00+00:00,69.0,60.0,False,assumed_fixed_lag_20m_after_observation_time
KXHIGHNY-26MAY19,2026-05-19,d0_0900,2026-05-19T13:00:00+00:00,gfs_operational_latest,2026-05-19T06:00:00+00:00,2026-05-19T12:00:00+00:00,day_06z,96.7,96.7,76.0,96.7,93.0,-3.700000000000003,nws_cli_knyc,FULL_OPERATIONAL_REPLAY,iem_nws_cli,93° to 94°,5,spring,-6.0,open-meteo:single-runs:ncep_gfs_global:operational_latest,policy=latest_available_by_latency;latency_h=6;replay_mode=MODEL_ONLY_REPLAY;residual_convention=residual_f = actual_high_f - forecast_high_f;phase6=v2_1;replay_version=C_remaining_day_max_plus_obs;replay_mode=FULL_OPERATIONAL_REPLAY;obs_availability=assumed_fixed_lag_20m_after_observation_time,v2_1,C_remaining_day_max_plus_obs,,96.7,OK,,2026-05-19T13:00:00+00:00,2026-05-20T05:00:00+00:00,checkpoint_to_nws_cli_climate_day_end_local_standard_time_utc-5,16,16,96.7,OK,,7,1,2026-05-19T11:51:00+00:00,69.0,60.0,False,assumed_fixed_lag_20m_after_observation_time
KXHIGHNY-26MAY19,2026-05-19,d0_1200,2026-05-19T16:00:00+00:00,gfs_operational_latest,2026-05-19T06:00:00+00:00,2026-05-19T12:00:00+00:00,day_06z,96.7,96.7,84.0,96.7,93.0,-3.700000000000003,nws_cli_knyc,FULL_OPERATIONAL_REPLAY,iem_nws_cli,93° to 94°,5,spring,-6.0,open-meteo:single-runs:ncep_gfs_global:operational_latest,policy=latest_available_by_latency;latency_h=6;replay_mode=MODEL_ONLY_REPLAY;residual_convention=residual_f = actual_high_f - forecast_high_f;phase6=v2_1;replay_version=C_remaining_day_max_plus_obs;replay_mode=FULL_OPERATIONAL_REPLAY;obs_availability=assumed_fixed_lag_20m_after_observation_time,v2_1,C_remaining_day_max_plus_obs,,96.7,OK,,2026-05-19T16:00:00+00:00,2026-05-20T05:00:00+00:00,checkpoint_to_nws_cli_climate_day_end_local_standard_time_utc-5,13,13,96.7,OK,,10,1,2026-05-19T14:51:00+00:00,69.0,60.0,False,assumed_fixed_lag_20m_after_observation_time
KXHIGHNY-26MAY19,2026-05-19,d0_1500,2026-05-19T19:00:00+00:00,gfs_operational_latest,2026-05-19T06:00:00+00:00,2026-05-19T12:00:00+00:00,day_06z,96.5,96.5,92.0,96.5,93.0,-3.5,nws_cli_knyc,FULL_OPERATIONAL_REPLAY,iem_nws_cli,93° to 94°,5,spring,-6.0,open-meteo:single-runs:ncep_gfs_global:operational_latest,policy=latest_available_by_latency;latency_h=6;replay_mode=MODEL_ONLY_REPLAY;residual_convention=residual_f = actual_high_f - forecast_high_f;phase6=v2_1;replay_version=C_remaining_day_max_plus_obs;replay_mode=FULL_OPERATIONAL_REPLAY;obs_availability=assumed_fixed_lag_20m_after_observation_time,v2_1,C_remaining_day_max_plus_obs,,96.7,OK,,2026-05-19T19:00:00+00:00,2026-05-20T05:00:00+00:00,checkpoint_to_nws_cli_climate_day_end_local_standard_time_utc-5,10,10,96.5,OK,,13,1,2026-05-19T17:51:00+00:00,69.0,60.0,False,assumed_fixed_lag_20m_after_observation_time
KXHIGHNY-26MAY20,2026-05-20,dminus1_1800,2026-05-19T22:00:00+00:00,gfs_operational_latest,2026-05-19T12:00:00+00:00,2026-05-19T18:00:00+00:00,prev_12z,95.5,95.5,,95.5,92.0,-3.5,nws_cli_knyc,FULL_OPERATIONAL_REPLAY,iem_nws_cli,91° to 92°,5,spring,12.0,open-meteo:single-runs:ncep_gfs_global:operational_latest,policy=latest_available_by_latency;latency_h=6;replay_mode=FULL_OPERATIONAL_REPLAY;residual_convention=residual_f = actual_high_f - forecast_high_f;phase6=v2_1;replay_version=C_remaining_day_max_plus_obs;replay_mode=FULL_OPERATIONAL_REPLAY;obs_availability=assumed_fixed_lag_20m_after_observation_time,v2_1,C_remaining_day_max_plus_obs,,95.5,OK,,2026-05-20T05:00:00+00:00,2026-05-21T05:00:00+00:00,checkpoint_to_nws_cli_climate_day_end_local_standard_time_utc-5,24,24,95.5,,,,,,,,,
KXHIGHNY-26MAY20,2026-05-20,d0_0600,2026-05-20T10:00:00+00:00,gfs_operational_latest,2026-05-20T00:00:00+00:00,2026-05-20T06:00:00+00:00,day_00z,95.5,95.5,81.0,95.5,92.0,-3.5,nws_cli_knyc,FULL_OPERATIONAL_REPLAY,iem_nws_cli,91° to 92°,5,spring,0.0,open-meteo:single-runs:ncep_gfs_global:operational_latest,policy=latest_available_by_latency;latency_h=6;replay_mode=MODEL_ONLY_REPLAY;residual_convention=residual_f = actual_high_f - forecast_high_f;phase6=v2_1;replay_version=C_remaining_day_max_plus_obs;replay_mode=FULL_OPERATIONAL_REPLAY;obs_availability=assumed_fixed_lag_20m_after_observation_time,v2_1,C_remaining_day_max_plus_obs,,95.5,OK,,2026-05-20T10:00:00+00:00,2026-05-21T05:00:00+00:00,checkpoint_to_nws_cli_climate_day_end_local_standard_time_utc-5,19,19,95.5,OK,,4,1,2026-05-20T08:51:00+00:00,69.0,60.0,False,assumed_fixed_lag_20m_after_observation_time
KXHIGHNY-26MAY20,2026-05-20,d0_0900,2026-05-20T13:00:00+00:00,gfs_operational_latest,2026-05-20T06:00:00+00:00,2026-05-20T12:00:00+00:00,day_06z,95.6,95.6,81.0,95.6,92.0,-3.5999999999999943,nws_cli_knyc,FULL_OPERATIONAL_REPLAY,iem_nws_cli,91° to 92°,5,spring,-6.0,open-meteo:single-runs:ncep_gfs_global:operational_latest,policy=latest_available_by_latency;latency_h=6;replay_mode=MODEL_ONLY_REPLAY;residual_convention=residual_f = actual_high_f - forecast_high_f;phase6=v2_1;replay_version=C_remaining_day_max_plus_obs;replay_mode=FULL_OPERATIONAL_REPLAY;obs_availability=assumed_fixed_lag_20m_after_observation_time,v2_1,C_remaining_day_max_plus_obs,,95.6,OK,,2026-05-20T13:00:00+00:00,2026-05-21T05:00:00+00:00,checkpoint_to_nws_cli_climate_day_end_local_standard_time_utc-5,16,16,95.6,OK,,7,1,2026-05-20T11:51:00+00:00,69.0,60.0,False,assumed_fixed_lag_20m_after_observation_time
KXHIGHNY-26MAY20,2026-05-20,d0_1200,2026-05-20T16:00:00+00:00,gfs_operational_latest,2026-05-20T06:00:00+00:00,2026-05-20T12:00:00+00:00,day_06z,95.6,95.6,86.0,95.6,92.0,-3.5999999999999943,nws_cli_knyc,FULL_OPERATIONAL_REPLAY,iem_nws_cli,91° to 92°,5,spring,-6.0,open-meteo:single-runs:ncep_gfs_global:operational_latest,policy=latest_available_by_latency;latency_h=6;replay_mode=MODEL_ONLY_REPLAY;residual_convention=residual_f = actual_high_f - forecast_high_f;phase6=v2_1;replay_version=C_remaining_day_max_plus_obs;replay_mode=FULL_OPERATIONAL_REPLAY;obs_availability=assumed_fixed_lag_20m_after_observation_time,v2_1,C_remaining_day_max_plus_obs,,95.6,OK,,2026-05-20T16:00:00+00:00,2026-05-21T05:00:00+00:00,checkpoint_to_nws_cli_climate_day_end_local_standard_time_utc-5,13,13,95.6,OK,,10,1,2026-05-20T14:51:00+00:00,69.0,60.0,False,assumed_fixed_lag_20m_after_observation_time
KXHIGHNY-26MAY20,2026-05-20,d0_1500,2026-05-20T19:00:00+00:00,gfs_operational_latest,2026-05-20T06:00:00+00:00,2026-05-20T12:00:00+00:00,day_06z,95.6,95.6,91.0,95.6,92.0,-3.5999999999999943,nws_cli_knyc,FULL_OPERATIONAL_REPLAY,iem_nws_cli,91° to 92°,5,spring,-6.0,open-meteo:single-runs:ncep_gfs_global:operational_latest,policy=latest_available_by_latency;latency_h=6;replay_mode=MODEL_ONLY_REPLAY;residual_convention=residual_f = actual_high_f - forecast_high_f;phase6=v2_1;replay_version=C_remaining_day_max_plus_obs;replay_mode=FULL_OPERATIONAL_REPLAY;obs_availability=assumed_fixed_lag_20m_after_observation_time,v2_1,C_remaining_day_max_plus_obs,,95.6,OK,,2026-05-20T19:00:00+00:00,2026-05-21T05:00:00+00:00,checkpoint_to_nws_cli_climate_day_end_local_standard_time_utc-5,10,10,95.6,OK,,13,1,2026-05-20T17:51:00+00:00,69.0,60.0,False,assumed_fixed_lag_20m_after_observation_time
KXHIGHNY-26MAY21,2026-05-21,dminus1_1800,2026-05-20T22:00:00+00:00,gfs_operational_latest,2026-05-20T12:00:00+00:00,2026-05-20T18:00:00+00:00,prev_12z,65.2,65.2,,65.2,66.0,0.7999999999999972,nws_cli_knyc,FULL_OPERATIONAL_REPLAY,iem_nws_cli,67° or below,5,spring,12.0,open-meteo:single-runs:ncep_gfs_global:operational_latest,policy=latest_available_by_latency;latency_h=6;replay_mode=FULL_OPERATIONAL_REPLAY;residual_convention=residual_f = actual_high_f - forecast_high_f;phase6=v2_1;replay_version=C_remaining_day_max_plus_obs;replay_mode=FULL_OPERATIONAL_REPLAY;obs_availability=assumed_fixed_lag_20m_after_observation_time,v2_1,C_remaining_day_max_plus_obs,,65.9,OK,,2026-05-21T05:00:00+00:00,2026-05-22T05:00:00+00:00,checkpoint_to_nws_cli_climate_day_end_local_standard_time_utc-5,24,24,65.2,,,,,,,,,
KXHIGHNY-26MAY21,2026-05-21,d0_0600,2026-05-21T10:00:00+00:00,gfs_operational_latest,2026-05-21T00:00:00+00:00,2026-05-21T06:00:00+00:00,day_00z,65.0,64.0,65.0,65.0,66.0,1.0,nws_cli_knyc,FULL_OPERATIONAL_REPLAY,iem_nws_cli,67° or below,5,spring,0.0,open-meteo:single-runs:ncep_gfs_global:operational_latest,policy=latest_available_by_latency;latency_h=6;replay_mode=MODEL_ONLY_REPLAY;residual_convention=residual_f = actual_high_f - forecast_high_f;phase6=v2_1;replay_version=C_remaining_day_max_plus_obs;replay_mode=FULL_OPERATIONAL_REPLAY;obs_availability=assumed_fixed_lag_20m_after_observation_time,v2_1,C_remaining_day_max_plus_obs,,68.1,OK,,2026-05-21T10:00:00+00:00,2026-05-22T05:00:00+00:00,checkpoint_to_nws_cli_climate_day_end_local_standard_time_utc-5,19,19,64.0,OK,,4,1,2026-05-21T08:51:00+00:00,69.0,60.0,True,assumed_fixed_lag_20m_after_observation_time
KXHIGHNY-26MAY21,2026-05-21,d0_0900,2026-05-21T13:00:00+00:00,gfs_operational_latest,2026-05-21T06:00:00+00:00,2026-05-21T12:00:00+00:00,day_06z,66.1,66.1,65.0,66.1,66.0,-0.09999999999999432,nws_cli_knyc,FULL_OPERATIONAL_REPLAY,iem_nws_cli,67° or below,5,spring,-6.0,open-meteo:single-runs:ncep_gfs_global:operational_latest,policy=latest_available_by_latency;latency_h=6;replay_mode=MODEL_ONLY_REPLAY;residual_convention=residual_f = actual_high_f - forecast_high_f;phase6=v2_1;replay_version=C_remaining_day_max_plus_obs;replay_mode=FULL_OPERATIONAL_REPLAY;obs_availability=assumed_fixed_lag_20m_after_observation_time,v2_1,C_remaining_day_max_plus_obs,,66.1,OK,,2026-05-21T13:00:00+00:00,2026-05-22T05:00:00+00:00,checkpoint_to_nws_cli_climate_day_end_local_standard_time_utc-5,16,16,66.1,OK,,8,1,2026-05-21T11:51:00+00:00,69.0,60.0,False,assumed_fixed_lag_20m_after_observation_time
KXHIGHNY-26MAY21,2026-05-21,d0_1200,2026-05-21T16:00:00+00:00,gfs_operational_latest,2026-05-21T06:00:00+00:00,2026-05-21T12:00:00+00:00,day_06z,65.0,62.3,65.0,65.0,66.0,1.0,nws_cli_knyc,FULL_OPERATIONAL_REPLAY,iem_nws_cli,67° or below,5,spring,-6.0,open-meteo:single-runs:ncep_gfs_global:operational_latest,policy=latest_available_by_latency;latency_h=6;replay_mode=MODEL_ONLY_REPLAY;residual_convention=residual_f = actual_high_f - forecast_high_f;phase6=v2_1;replay_version=C_remaining_day_max_plus_obs;replay_mode=FULL_OPERATIONAL_REPLAY;obs_availability=assumed_fixed_lag_20m_after_observation_time,v2_1,C_remaining_day_max_plus_obs,,66.1,OK,,2026-05-21T16:00:00+00:00,2026-05-22T05:00:00+00:00,checkpoint_to_nws_cli_climate_day_end_local_standard_time_utc-5,13,13,62.3,OK,,13,1,2026-05-21T15:26:00+00:00,34.0,60.0,True,assumed_fixed_lag_20m_after_observation_time
KXHIGHNY-26MAY21,2026-05-21,d0_1500,2026-05-21T19:00:00+00:00,gfs_operational_latest,2026-05-21T06:00:00+00:00,2026-05-21T12:00:00+00:00,day_06z,65.0,62.3,65.0,65.0,66.0,1.0,nws_cli_knyc,FULL_OPERATIONAL_REPLAY,iem_nws_cli,67° or below,5,spring,-6.0,open-meteo:single-runs:ncep_gfs_global:operational_latest,policy=latest_available_by_latency;latency_h=6;replay_mode=MODEL_ONLY_REPLAY;residual_convention=residual_f = actual_high_f - forecast_high_f;phase6=v2_1;replay_version=C_remaining_day_max_plus_obs;replay_mode=FULL_OPERATIONAL_REPLAY;obs_availability=assumed_fixed_lag_20m_after_observation_time,v2_1,C_remaining_day_max_plus_obs,,66.1,OK,,2026-05-21T19:00:00+00:00,2026-05-22T05:00:00+00:00,checkpoint_to_nws_cli_climate_day_end_local_standard_time_utc-5,10,10,62.3,OK,,17,1,2026-05-21T17:51:00+00:00,69.0,60.0,True,assumed_fixed_lag_20m_after_observation_time
KXHIGHNY-26MAY22,2026-05-22,dminus1_1800,2026-05-21T22:00:00+00:00,gfs_operational_latest,2026-05-21T12:00:00+00:00,2026-05-21T18:00:00+00:00,prev_12z,70.4,70.4,,70.4,68.0,-2.4000000000000057,nws_cli_knyc,FULL_OPERATIONAL_REPLAY,iem_nws_cli,67° to 68°,5,spring,12.0,open-meteo:single-runs:ncep_gfs_global:operational_latest,policy=latest_available_by_latency;latency_h=6;replay_mode=FULL_OPERATIONAL_REPLAY;residual_convention=residual_f = actual_high_f - forecast_high_f;phase6=v2_1;replay_version=C_remaining_day_max_plus_obs;replay_mode=FULL_OPERATIONAL_REPLAY;obs_availability=assumed_fixed_lag_20m_after_observation_time,v2_1,C_remaining_day_max_plus_obs,,70.4,OK,,2026-05-22T05:00:00+00:00,2026-05-23T05:00:00+00:00,checkpoint_to_nws_cli_climate_day_end_local_standard_time_utc-5,24,24,70.4,,,,,,,,,
KXHIGHNY-26MAY22,2026-05-22,d0_0600,2026-05-22T10:00:00+00:00,gfs_operational_latest,2026-05-22T00:00:00+00:00,2026-05-22T06:00:00+00:00,day_00z,70.3,70.3,59.0,70.3,68.0,-2.299999999999997,nws_cli_knyc,FULL_OPERATIONAL_REPLAY,iem_nws_cli,67° to 68°,5,spring,0.0,open-meteo:single-runs:ncep_gfs_global:operational_latest,policy=latest_available_by_latency;latency_h=6;replay_mode=MODEL_ONLY_REPLAY;residual_convention=residual_f = actual_high_f - forecast_high_f;phase6=v2_1;replay_version=C_remaining_day_max_plus_obs;replay_mode=FULL_OPERATIONAL_REPLAY;obs_availability=assumed_fixed_lag_20m_after_observation_time,v2_1,C_remaining_day_max_plus_obs,,70.3,OK,,2026-05-22T10:00:00+00:00,2026-05-23T05:00:00+00:00,checkpoint_to_nws_cli_climate_day_end_local_standard_time_utc-5,19,19,70.3,OK,,4,1,2026-05-22T08:51:00+00:00,69.0,60.0,False,assumed_fixed_lag_20m_after_observation_time
KXHIGHNY-26MAY22,2026-05-22,d0_0900,2026-05-22T13:00:00+00:00,gfs_operational_latest,2026-05-22T06:00:00+00:00,2026-05-22T12:00:00+00:00,day_06z,70.3,70.3,59.0,70.3,68.0,-2.299999999999997,nws_cli_knyc,FULL_OPERATIONAL_REPLAY,iem_nws_cli,67° to 68°,5,spring,-6.0,open-meteo:single-runs:ncep_gfs_global:operational_latest,policy=latest_available_by_latency;latency_h=6;replay_mode=MODEL_ONLY_REPLAY;residual_convention=residual_f = actual_high_f - forecast_high_f;phase6=v2_1;replay_version=C_remaining_day_max_plus_obs;replay_mode=FULL_OPERATIONAL_REPLAY;obs_availability=assumed_fixed_lag_20m_after_observation_time,v2_1,C_remaining_day_max_plus_obs,,70.3,OK,,2026-05-22T13:00:00+00:00,2026-05-23T05:00:00+00:00,checkpoint_to_nws_cli_climate_day_end_local_standard_time_utc-5,16,16,70.3,OK,,7,1,2026-05-22T11:51:00+00:00,69.0,60.0,False,assumed_fixed_lag_20m_after_observation_time
KXHIGHNY-26MAY22,2026-05-22,d0_1200,2026-05-22T16:00:00+00:00,gfs_operational_latest,2026-05-22T06:00:00+00:00,2026-05-22T12:00:00+00:00,day_06z,70.3,70.3,60.0,70.3,68.0,-2.299999999999997,nws_cli_knyc,FULL_OPERATIONAL_REPLAY,iem_nws_cli,67° to 68°,5,spring,-6.0,open-meteo:single-runs:ncep_gfs_global:operational_latest,policy=latest_available_by_latency;latency_h=6;replay_mode=MODEL_ONLY_REPLAY;residual_convention=residual_f = actual_high_f - forecast_high_f;phase6=v2_1;replay_version=C_remaining_day_max_plus_obs;replay_mode=FULL_OPERATIONAL_REPLAY;obs_availability=assumed_fixed_lag_20m_after_observation_time,v2_1,C_remaining_day_max_plus_obs,,70.3,OK,,2026-05-22T16:00:00+00:00,2026-05-23T05:00:00+00:00,checkpoint_to_nws_cli_climate_day_end_local_standard_time_utc-5,13,13,70.3,OK,,11,1,2026-05-22T14:51:00+00:00,69.0,60.0,False,assumed_fixed_lag_20m_after_observation_time
KXHIGHNY-26MAY22,2026-05-22,d0_1500,2026-05-22T19:00:00+00:00,gfs_operational_latest,2026-05-22T06:00:00+00:00,2026-05-22T12:00:00+00:00,day_06z,70.3,70.3,66.0,70.3,68.0,-2.299999999999997,nws_cli_knyc,FULL_OPERATIONAL_REPLAY,iem_nws_cli,67° to 68°,5,spring,-6.0,open-meteo:single-runs:ncep_gfs_global:operational_latest,policy=latest_available_by_latency;latency_h=6;replay_mode=MODEL_ONLY_REPLAY;residual_convention=residual_f = actual_high_f - forecast_high_f;phase6=v2_1;replay_version=C_remaining_day_max_plus_obs;replay_mode=FULL_OPERATIONAL_REPLAY;obs_availability=assumed_fixed_lag_20m_after_observation_time,v2_1,C_remaining_day_max_plus_obs,,70.3,OK,,2026-05-22T19:00:00+00:00,2026-05-23T05:00:00+00:00,checkpoint_to_nws_cli_climate_day_end_local_standard_time_utc-5,10,10,70.3,OK,,14,1,2026-05-22T17:51:00+00:00,69.0,60.0,False,assumed_fixed_lag_20m_after_observation_time
KXHIGHNY-26MAY23,2026-05-23,dminus1_1800,2026-05-22T22:00:00+00:00,gfs_operational_latest,2026-05-22T12:00:00+00:00,2026-05-22T18:00:00+00:00,prev_12z,58.7,58.7,,58.7,57.0,-1.7000000000000028,nws_cli_knyc,FULL_OPERATIONAL_REPLAY,iem_nws_cli,56° to 57°,5,spring,12.0,open-meteo:single-runs:ncep_gfs_global:operational_latest,policy=latest_available_by_latency;latency_h=6;replay_mode=FULL_OPERATIONAL_REPLAY;residual_convention=residual_f = actual_high_f - forecast_high_f;phase6=v2_1;replay_version=C_remaining_day_max_plus_obs;replay_mode=FULL_OPERATIONAL_REPLAY;obs_availability=assumed_fixed_lag_20m_after_observation_time,v2_1,C_remaining_day_max_plus_obs,,59.3,OK,,2026-05-23T05:00:00+00:00,2026-05-24T05:00:00+00:00,checkpoint_to_nws_cli_climate_day_end_local_standard_time_utc-5,24,24,58.7,,,,,,,,,
KXHIGHNY-26MAY23,2026-05-23,d0_0600,2026-05-23T10:00:00+00:00,gfs_operational_latest,2026-05-23T00:00:00+00:00,2026-05-23T06:00:00+00:00,day_00z,58.7,58.7,56.0,58.7,57.0,-1.7000000000000028,nws_cli_knyc,FULL_OPERATIONAL_REPLAY,iem_nws_cli,56° to 57°,5,spring,0.0,open-meteo:single-runs:ncep_gfs_global:operational_latest,policy=latest_available_by_latency;latency_h=6;replay_mode=MODEL_ONLY_REPLAY;residual_convention=residual_f = actual_high_f - forecast_high_f;phase6=v2_1;replay_version=C_remaining_day_max_plus_obs;replay_mode=FULL_OPERATIONAL_REPLAY;obs_availability=assumed_fixed_lag_20m_after_observation_time,v2_1,C_remaining_day_max_plus_obs,,60.4,OK,,2026-05-23T10:00:00+00:00,2026-05-24T05:00:00+00:00,checkpoint_to_nws_cli_climate_day_end_local_standard_time_utc-5,19,19,58.7,OK,,4,1,2026-05-23T08:51:00+00:00,69.0,60.0,False,assumed_fixed_lag_20m_after_observation_time
KXHIGHNY-26MAY23,2026-05-23,d0_0900,2026-05-23T13:00:00+00:00,gfs_operational_latest,2026-05-23T06:00:00+00:00,2026-05-23T12:00:00+00:00,day_06z,58.9,58.9,56.0,58.9,57.0,-1.8999999999999986,nws_cli_knyc,FULL_OPERATIONAL_REPLAY,iem_nws_cli,56° to 57°,5,spring,-6.0,open-meteo:single-runs:ncep_gfs_global:operational_latest,policy=latest_available_by_latency;latency_h=6;replay_mode=MODEL_ONLY_REPLAY;residual_convention=residual_f = actual_high_f - forecast_high_f;phase6=v2_1;replay_version=C_remaining_day_max_plus_obs;replay_mode=FULL_OPERATIONAL_REPLAY;obs_availability=assumed_fixed_lag_20m_after_observation_time,v2_1,C_remaining_day_max_plus_obs,,59.3,OK,,2026-05-23T13:00:00+00:00,2026-05-24T05:00:00+00:00,checkpoint_to_nws_cli_climate_day_end_local_standard_time_utc-5,16,16,58.9,OK,,7,1,2026-05-23T11:51:00+00:00,69.0,60.0,False,assumed_fixed_lag_20m_after_observation_time
KXHIGHNY-26MAY23,2026-05-23,d0_1200,2026-05-23T16:00:00+00:00,gfs_operational_latest,2026-05-23T06:00:00+00:00,2026-05-23T12:00:00+00:00,day_06z,56.0,54.4,56.0,56.0,57.0,1.0,nws_cli_knyc,FULL_OPERATIONAL_REPLAY,iem_nws_cli,56° to 57°,5,spring,-6.0,open-meteo:single-runs:ncep_gfs_global:operational_latest,policy=latest_available_by_latency;latency_h=6;replay_mode=MODEL_ONLY_REPLAY;residual_convention=residual_f = actual_high_f - forecast_high_f;phase6=v2_1;replay_version=C_remaining_day_max_plus_obs;replay_mode=FULL_OPERATIONAL_REPLAY;obs_availability=assumed_fixed_lag_20m_after_observation_time,v2_1,C_remaining_day_max_plus_obs,,59.3,OK,,2026-05-23T16:00:00+00:00,2026-05-24T05:00:00+00:00,checkpoint_to_nws_cli_climate_day_end_local_standard_time_utc-5,13,13,54.4,OK,,10,1,2026-05-23T14:51:00+00:00,69.0,60.0,True,assumed_fixed_lag_20m_after_observation_time
KXHIGHNY-26MAY23,2026-05-23,d0_1500,2026-05-23T19:00:00+00:00,gfs_operational_latest,2026-05-23T06:00:00+00:00,2026-05-23T12:00:00+00:00,day_06z,56.0,51.0,56.0,56.0,57.0,1.0,nws_cli_knyc,FULL_OPERATIONAL_REPLAY,iem_nws_cli,56° to 57°,5,spring,-6.0,open-meteo:single-runs:ncep_gfs_global:operational_latest,policy=latest_available_by_latency;latency_h=6;replay_mode=MODEL_ONLY_REPLAY;residual_convention=residual_f = actual_high_f - forecast_high_f;phase6=v2_1;replay_version=C_remaining_day_max_plus_obs;replay_mode=FULL_OPERATIONAL_REPLAY;obs_availability=assumed_fixed_lag_20m_after_observation_time,v2_1,C_remaining_day_max_plus_obs,,59.3,OK,,2026-05-23T19:00:00+00:00,2026-05-24T05:00:00+00:00,checkpoint_to_nws_cli_climate_day_end_local_standard_time_utc-5,10,10,51.0,OK,,13,1,2026-05-23T17:51:00+00:00,69.0,60.0,True,assumed_fixed_lag_20m_after_observation_time
KXHIGHNY-26MAY24,2026-05-24,dminus1_1800,2026-05-23T22:00:00+00:00,gfs_operational_latest,2026-05-23T12:00:00+00:00,2026-05-23T18:00:00+00:00,prev_12z,54.4,54.4,,54.4,56.0,1.6000000000000014,nws_cli_knyc,FULL_OPERATIONAL_REPLAY,iem_nws_cli,59° or below,5,spring,12.0,open-meteo:single-runs:ncep_gfs_global:operational_latest,policy=latest_available_by_latency;latency_h=6;replay_mode=FULL_OPERATIONAL_REPLAY;residual_convention=residual_f = actual_high_f - forecast_high_f;phase6=v2_1;replay_version=C_remaining_day_max_plus_obs;replay_mode=FULL_OPERATIONAL_REPLAY;obs_availability=assumed_fixed_lag_20m_after_observation_time,v2_1,C_remaining_day_max_plus_obs,,54.4,OK,,2026-05-24T05:00:00+00:00,2026-05-25T05:00:00+00:00,checkpoint_to_nws_cli_climate_day_end_local_standard_time_utc-5,24,24,54.4,,,,,,,,,
KXHIGHNY-26MAY24,2026-05-24,d0_0600,2026-05-24T10:00:00+00:00,gfs_operational_latest,2026-05-24T00:00:00+00:00,2026-05-24T06:00:00+00:00,day_00z,55.5,55.5,51.8,55.5,56.0,0.5,nws_cli_knyc,FULL_OPERATIONAL_REPLAY,iem_nws_cli,59° or below,5,spring,0.0,open-meteo:single-runs:ncep_gfs_global:operational_latest,policy=latest_available_by_latency;latency_h=6;replay_mode=MODEL_ONLY_REPLAY;residual_convention=residual_f = actual_high_f - forecast_high_f;phase6=v2_1;replay_version=C_remaining_day_max_plus_obs;replay_mode=FULL_OPERATIONAL_REPLAY;obs_availability=assumed_fixed_lag_20m_after_observation_time,v2_1,C_remaining_day_max_plus_obs,,55.5,OK,,2026-05-24T10:00:00+00:00,2026-05-25T05:00:00+00:00,checkpoint_to_nws_cli_climate_day_end_local_standard_time_utc-5,19,19,55.5,OK,,12,1,2026-05-24T09:32:00+00:00,28.0,58.0,False,assumed_fixed_lag_20m_after_observation_time
KXHIGHNY-26MAY24,2026-05-24,d0_0900,2026-05-24T13:00:00+00:00,gfs_operational_latest,2026-05-24T06:00:00+00:00,2026-05-24T12:00:00+00:00,day_06z,55.1,55.1,52.0,55.1,56.0,0.8999999999999986,nws_cli_knyc,FULL_OPERATIONAL_REPLAY,iem_nws_cli,59° or below,5,spring,-6.0,open-meteo:single-runs:ncep_gfs_global:operational_latest,policy=latest_available_by_latency;latency_h=6;replay_mode=MODEL_ONLY_REPLAY;residual_convention=residual_f = actual_high_f - forecast_high_f;phase6=v2_1;replay_version=C_remaining_day_max_plus_obs;replay_mode=FULL_OPERATIONAL_REPLAY;obs_availability=assumed_fixed_lag_20m_after_observation_time,v2_1,C_remaining_day_max_plus_obs,,55.1,OK,,2026-05-24T13:00:00+00:00,2026-05-25T05:00:00+00:00,checkpoint_to_nws_cli_climate_day_end_local_standard_time_utc-5,16,16,55.1,OK,,22,3,2026-05-24T12:18:00+00:00,42.0,58.0,False,assumed_fixed_lag_20m_after_observation_time
KXHIGHNY-26MAY24,2026-05-24,d0_1200,2026-05-24T16:00:00+00:00,gfs_operational_latest,2026-05-24T06:00:00+00:00,2026-05-24T12:00:00+00:00,day_06z,55.1,55.1,54.0,55.1,56.0,0.8999999999999986,nws_cli_knyc,FULL_OPERATIONAL_REPLAY,iem_nws_cli,59° or below,5,spring,-6.0,open-meteo:single-runs:ncep_gfs_global:operational_latest,policy=latest_available_by_latency;latency_h=6;replay_mode=MODEL_ONLY_REPLAY;residual_convention=residual_f = actual_high_f - forecast_high_f;phase6=v2_1;replay_version=C_remaining_day_max_plus_obs;replay_mode=FULL_OPERATIONAL_REPLAY;obs_availability=assumed_fixed_lag_20m_after_observation_time,v2_1,C_remaining_day_max_plus_obs,,55.1,OK,,2026-05-24T16:00:00+00:00,2026-05-25T05:00:00+00:00,checkpoint_to_nws_cli_climate_day_end_local_standard_time_utc-5,13,13,55.1,OK,,31,2,2026-05-24T15:07:00+00:00,53.0,58.0,False,assumed_fixed_lag_20m_after_observation_time
KXHIGHNY-26MAY24,2026-05-24,d0_1500,2026-05-24T19:00:00+00:00,gfs_operational_latest,2026-05-24T06:00:00+00:00,2026-05-24T12:00:00+00:00,day_06z,56.0,55.1,56.0,56.0,56.0,0.0,nws_cli_knyc,FULL_OPERATIONAL_REPLAY,iem_nws_cli,59° or below,5,spring,-6.0,open-meteo:single-runs:ncep_gfs_global:operational_latest,policy=latest_available_by_latency;latency_h=6;replay_mode=MODEL_ONLY_REPLAY;residual_convention=residual_f = actual_high_f - forecast_high_f;phase6=v2_1;replay_version=C_remaining_day_max_plus_obs;replay_mode=FULL_OPERATIONAL_REPLAY;obs_availability=assumed_fixed_lag_20m_after_observation_time,v2_1,C_remaining_day_max_plus_obs,,55.1,OK,,2026-05-24T19:00:00+00:00,2026-05-25T05:00:00+00:00,checkpoint_to_nws_cli_climate_day_end_local_standard_time_utc-5,10,10,55.1,OK,,43,1,2026-05-24T18:37:00+00:00,23.0,58.0,True,assumed_fixed_lag_20m_after_observation_time
KXHIGHNY-26MAY25,2026-05-25,dminus1_1800,2026-05-24T22:00:00+00:00,gfs_operational_latest,2026-05-24T12:00:00+00:00,2026-05-24T18:00:00+00:00,prev_12z,71.2,71.2,,71.2,73.0,1.7999999999999972,nws_cli_knyc,FULL_OPERATIONAL_REPLAY,iem_nws_cli,72° to 73°,5,spring,12.0,open-meteo:single-runs:ncep_gfs_global:operational_latest,policy=latest_available_by_latency;latency_h=6;replay_mode=FULL_OPERATIONAL_REPLAY;residual_convention=residual_f = actual_high_f - forecast_high_f;phase6=v2_1;replay_version=C_remaining_day_max_plus_obs;replay_mode=FULL_OPERATIONAL_REPLAY;obs_availability=assumed_fixed_lag_20m_after_observation_time,v2_1,C_remaining_day_max_plus_obs,,71.2,OK,,2026-05-25T05:00:00+00:00,2026-05-26T05:00:00+00:00,checkpoint_to_nws_cli_climate_day_end_local_standard_time_utc-5,24,24,71.2,,,,,,,,,
KXHIGHNY-26MAY25,2026-05-25,d0_0600,2026-05-25T10:00:00+00:00,gfs_operational_latest,2026-05-25T00:00:00+00:00,2026-05-25T06:00:00+00:00,day_00z,73.1,73.1,56.0,73.1,73.0,-0.09999999999999432,nws_cli_knyc,FULL_OPERATIONAL_REPLAY,iem_nws_cli,72° to 73°,5,spring,0.0,open-meteo:single-runs:ncep_gfs_global:operational_latest,policy=latest_available_by_latency;latency_h=6;replay_mode=MODEL_ONLY_REPLAY;residual_convention=residual_f = actual_high_f - forecast_high_f;phase6=v2_1;replay_version=C_remaining_day_max_plus_obs;replay_mode=FULL_OPERATIONAL_REPLAY;obs_availability=assumed_fixed_lag_20m_after_observation_time,v2_1,C_remaining_day_max_plus_obs,,73.1,OK,,2026-05-25T10:00:00+00:00,2026-05-26T05:00:00+00:00,checkpoint_to_nws_cli_climate_day_end_local_standard_time_utc-5,19,19,73.1,OK,,13,1,2026-05-25T09:37:00+00:00,23.0,60.0,False,assumed_fixed_lag_20m_after_observation_time
KXHIGHNY-26MAY25,2026-05-25,d0_0900,2026-05-25T13:00:00+00:00,gfs_operational_latest,2026-05-25T06:00:00+00:00,2026-05-25T12:00:00+00:00,day_06z,77.3,77.3,57.0,77.3,73.0,-4.299999999999997,nws_cli_knyc,FULL_OPERATIONAL_REPLAY,iem_nws_cli,72° to 73°,5,spring,-6.0,open-meteo:single-runs:ncep_gfs_global:operational_latest,policy=latest_available_by_latency;latency_h=6;replay_mode=MODEL_ONLY_REPLAY;residual_convention=residual_f = actual_high_f - forecast_high_f;phase6=v2_1;replay_version=C_remaining_day_max_plus_obs;replay_mode=FULL_OPERATIONAL_REPLAY;obs_availability=assumed_fixed_lag_20m_after_observation_time,v2_1,C_remaining_day_max_plus_obs,,77.3,OK,,2026-05-25T13:00:00+00:00,2026-05-26T05:00:00+00:00,checkpoint_to_nws_cli_climate_day_end_local_standard_time_utc-5,16,16,77.3,OK,,27,2,2026-05-25T12:39:00+00:00,21.0,60.0,False,assumed_fixed_lag_20m_after_observation_time
KXHIGHNY-26MAY25,2026-05-25,d0_1200,2026-05-25T16:00:00+00:00,gfs_operational_latest,2026-05-25T06:00:00+00:00,2026-05-25T12:00:00+00:00,day_06z,77.3,77.3,60.0,77.3,73.0,-4.299999999999997,nws_cli_knyc,FULL_OPERATIONAL_REPLAY,iem_nws_cli,72° to 73°,5,spring,-6.0,open-meteo:single-runs:ncep_gfs_global:operational_latest,policy=latest_available_by_latency;latency_h=6;replay_mode=MODEL_ONLY_REPLAY;residual_convention=residual_f = actual_high_f - forecast_high_f;phase6=v2_1;replay_version=C_remaining_day_max_plus_obs;replay_mode=FULL_OPERATIONAL_REPLAY;obs_availability=assumed_fixed_lag_20m_after_observation_time,v2_1,C_remaining_day_max_plus_obs,,77.3,OK,,2026-05-25T16:00:00+00:00,2026-05-26T05:00:00+00:00,checkpoint_to_nws_cli_climate_day_end_local_standard_time_utc-5,13,13,77.3,OK,,37,1,2026-05-25T14:51:00+00:00,69.0,60.0,False,assumed_fixed_lag_20m_after_observation_time
KXHIGHNY-26MAY25,2026-05-25,d0_1500,2026-05-25T19:00:00+00:00,gfs_operational_latest,2026-05-25T06:00:00+00:00,2026-05-25T12:00:00+00:00,day_06z,77.3,77.3,65.0,77.3,73.0,-4.299999999999997,nws_cli_knyc,FULL_OPERATIONAL_REPLAY,iem_nws_cli,72° to 73°,5,spring,-6.0,open-meteo:single-runs:ncep_gfs_global:operational_latest,policy=latest_available_by_latency;latency_h=6;replay_mode=MODEL_ONLY_REPLAY;residual_convention=residual_f = actual_high_f - forecast_high_f;phase6=v2_1;replay_version=C_remaining_day_max_plus_obs;replay_mode=FULL_OPERATIONAL_REPLAY;obs_availability=assumed_fixed_lag_20m_after_observation_time,v2_1,C_remaining_day_max_plus_obs,,77.3,OK,,2026-05-25T19:00:00+00:00,2026-05-26T05:00:00+00:00,checkpoint_to_nws_cli_climate_day_end_local_standard_time_utc-5,10,10,77.3,OK,,42,2,2026-05-25T17:51:00+00:00,69.0,60.0,False,assumed_fixed_lag_20m_after_observation_time
KXHIGHNY-26MAY26,2026-05-26,dminus1_1800,2026-05-25T22:00:00+00:00,gfs_operational_latest,2026-05-25T12:00:00+00:00,2026-05-25T18:00:00+00:00,prev_12z,80.0,80.0,,80.0,79.0,-1.0,nws_cli_knyc,FULL_OPERATIONAL_REPLAY,iem_nws_cli,79° to 80°,5,spring,12.0,open-meteo:single-runs:ncep_gfs_global:operational_latest,policy=latest_available_by_latency;latency_h=6;replay_mode=FULL_OPERATIONAL_REPLAY;residual_convention=residual_f = actual_high_f - forecast_high_f;phase6=v2_1;replay_version=C_remaining_day_max_plus_obs;replay_mode=FULL_OPERATIONAL_REPLAY;obs_availability=assumed_fixed_lag_20m_after_observation_time,v2_1,C_remaining_day_max_plus_obs,,80.0,OK,,2026-05-26T05:00:00+00:00,2026-05-27T05:00:00+00:00,checkpoint_to_nws_cli_climate_day_end_local_standard_time_utc-5,24,24,80.0,,,,,,,,,
KXHIGHNY-26MAY26,2026-05-26,d0_0600,2026-05-26T10:00:00+00:00,gfs_operational_latest,2026-05-26T00:00:00+00:00,2026-05-26T06:00:00+00:00,day_00z,83.2,83.2,66.0,83.2,79.0,-4.200000000000003,nws_cli_knyc,FULL_OPERATIONAL_REPLAY,iem_nws_cli,79° to 80°,5,spring,0.0,open-meteo:single-runs:ncep_gfs_global:operational_latest,policy=latest_available_by_latency;latency_h=6;replay_mode=MODEL_ONLY_REPLAY;residual_convention=residual_f = actual_high_f - forecast_high_f;phase6=v2_1;replay_version=C_remaining_day_max_plus_obs;replay_mode=FULL_OPERATIONAL_REPLAY;obs_availability=assumed_fixed_lag_20m_after_observation_time,v2_1,C_remaining_day_max_plus_obs,,83.2,OK,,2026-05-26T10:00:00+00:00,2026-05-27T05:00:00+00:00,checkpoint_to_nws_cli_climate_day_end_local_standard_time_utc-5,19,19,83.2,OK,,4,1,2026-05-26T08:51:00+00:00,69.0,60.0,False,assumed_fixed_lag_20m_after_observation_time
KXHIGHNY-26MAY26,2026-05-26,d0_0900,2026-05-26T13:00:00+00:00,gfs_operational_latest,2026-05-26T06:00:00+00:00,2026-05-26T12:00:00+00:00,day_06z,83.8,83.8,66.0,83.8,79.0,-4.799999999999997,nws_cli_knyc,FULL_OPERATIONAL_REPLAY,iem_nws_cli,79° to 80°,5,spring,-6.0,open-meteo:single-runs:ncep_gfs_global:operational_latest,policy=latest_available_by_latency;latency_h=6;replay_mode=MODEL_ONLY_REPLAY;residual_convention=residual_f = actual_high_f - forecast_high_f;phase6=v2_1;replay_version=C_remaining_day_max_plus_obs;replay_mode=FULL_OPERATIONAL_REPLAY;obs_availability=assumed_fixed_lag_20m_after_observation_time,v2_1,C_remaining_day_max_plus_obs,,83.8,OK,,2026-05-26T13:00:00+00:00,2026-05-27T05:00:00+00:00,checkpoint_to_nws_cli_climate_day_end_local_standard_time_utc-5,16,16,83.8,OK,,7,1,2026-05-26T11:51:00+00:00,69.0,60.0,False,assumed_fixed_lag_20m_after_observation_time
KXHIGHNY-26MAY26,2026-05-26,d0_1200,2026-05-26T16:00:00+00:00,gfs_operational_latest,2026-05-26T06:00:00+00:00,2026-05-26T12:00:00+00:00,day_06z,83.8,83.8,72.0,83.8,79.0,-4.799999999999997,nws_cli_knyc,FULL_OPERATIONAL_REPLAY,iem_nws_cli,79° to 80°,5,spring,-6.0,open-meteo:single-runs:ncep_gfs_global:operational_latest,policy=latest_available_by_latency;latency_h=6;replay_mode=MODEL_ONLY_REPLAY;residual_convention=residual_f = actual_high_f - forecast_high_f;phase6=v2_1;replay_version=C_remaining_day_max_plus_obs;replay_mode=FULL_OPERATIONAL_REPLAY;obs_availability=assumed_fixed_lag_20m_after_observation_time,v2_1,C_remaining_day_max_plus_obs,,83.8,OK,,2026-05-26T16:00:00+00:00,2026-05-27T05:00:00+00:00,checkpoint_to_nws_cli_climate_day_end_local_standard_time_utc-5,13,13,83.8,OK,,10,1,2026-05-26T14:51:00+00:00,69.0,60.0,False,assumed_fixed_lag_20m_after_observation_time
KXHIGHNY-26MAY26,2026-05-26,d0_1500,2026-05-26T19:00:00+00:00,gfs_operational_latest,2026-05-26T06:00:00+00:00,2026-05-26T12:00:00+00:00,day_06z,83.8,83.8,78.0,83.8,79.0,-4.799999999999997,nws_cli_knyc,FULL_OPERATIONAL_REPLAY,iem_nws_cli,79° to 80°,5,spring,-6.0,open-meteo:single-runs:ncep_gfs_global:operational_latest,policy=latest_available_by_latency;latency_h=6;replay_mode=MODEL_ONLY_REPLAY;residual_convention=residual_f = actual_high_f - forecast_high_f;phase6=v2_1;replay_version=C_remaining_day_max_plus_obs;replay_mode=FULL_OPERATIONAL_REPLAY;obs_availability=assumed_fixed_lag_20m_after_observation_time,v2_1,C_remaining_day_max_plus_obs,,83.8,OK,,2026-05-26T19:00:00+00:00,2026-05-27T05:00:00+00:00,checkpoint_to_nws_cli_climate_day_end_local_standard_time_utc-5,10,10,83.8,OK,,13,1,2026-05-26T17:51:00+00:00,69.0,60.0,False,assumed_fixed_lag_20m_after_observation_time
KXHIGHNY-26MAY27,2026-05-27,dminus1_1800,2026-05-26T22:00:00+00:00,gfs_operational_latest,2026-05-26T12:00:00+00:00,2026-05-26T18:00:00+00:00,prev_12z,83.9,83.9,,83.9,81.0,-2.9000000000000057,nws_cli_knyc,FULL_OPERATIONAL_REPLAY,iem_nws_cli,81° to 82°,5,spring,12.0,open-meteo:single-runs:ncep_gfs_global:operational_latest,policy=latest_available_by_latency;latency_h=6;replay_mode=FULL_OPERATIONAL_REPLAY;residual_convention=residual_f = actual_high_f - forecast_high_f;phase6=v2_1;replay_version=C_remaining_day_max_plus_obs;replay_mode=FULL_OPERATIONAL_REPLAY;obs_availability=assumed_fixed_lag_20m_after_observation_time,v2_1,C_remaining_day_max_plus_obs,,83.9,OK,,2026-05-27T05:00:00+00:00,2026-05-28T05:00:00+00:00,checkpoint_to_nws_cli_climate_day_end_local_standard_time_utc-5,24,24,83.9,,,,,,,,,
KXHIGHNY-26MAY27,2026-05-27,d0_0600,2026-05-27T10:00:00+00:00,gfs_operational_latest,2026-05-27T00:00:00+00:00,2026-05-27T06:00:00+00:00,day_00z,85.2,85.2,69.0,85.2,81.0,-4.200000000000003,nws_cli_knyc,FULL_OPERATIONAL_REPLAY,iem_nws_cli,81° to 82°,5,spring,0.0,open-meteo:single-runs:ncep_gfs_global:operational_latest,policy=latest_available_by_latency;latency_h=6;replay_mode=MODEL_ONLY_REPLAY;residual_convention=residual_f = actual_high_f - forecast_high_f;phase6=v2_1;replay_version=C_remaining_day_max_plus_obs;replay_mode=FULL_OPERATIONAL_REPLAY;obs_availability=assumed_fixed_lag_20m_after_observation_time,v2_1,C_remaining_day_max_plus_obs,,85.2,OK,,2026-05-27T10:00:00+00:00,2026-05-28T05:00:00+00:00,checkpoint_to_nws_cli_climate_day_end_local_standard_time_utc-5,19,19,85.2,OK,,4,1,2026-05-27T08:51:00+00:00,69.0,60.0,False,assumed_fixed_lag_20m_after_observation_time
KXHIGHNY-26MAY27,2026-05-27,d0_0900,2026-05-27T13:00:00+00:00,gfs_operational_latest,2026-05-27T06:00:00+00:00,2026-05-27T12:00:00+00:00,day_06z,87.7,87.7,70.0,87.7,81.0,-6.700000000000003,nws_cli_knyc,FULL_OPERATIONAL_REPLAY,iem_nws_cli,81° to 82°,5,spring,-6.0,open-meteo:single-runs:ncep_gfs_global:operational_latest,policy=latest_available_by_latency;latency_h=6;replay_mode=MODEL_ONLY_REPLAY;residual_convention=residual_f = actual_high_f - forecast_high_f;phase6=v2_1;replay_version=C_remaining_day_max_plus_obs;replay_mode=FULL_OPERATIONAL_REPLAY;obs_availability=assumed_fixed_lag_20m_after_observation_time,v2_1,C_remaining_day_max_plus_obs,,87.7,OK,,2026-05-27T13:00:00+00:00,2026-05-28T05:00:00+00:00,checkpoint_to_nws_cli_climate_day_end_local_standard_time_utc-5,16,16,87.7,OK,,7,1,2026-05-27T11:51:00+00:00,69.0,60.0,False,assumed_fixed_lag_20m_after_observation_time
KXHIGHNY-26MAY27,2026-05-27,d0_1200,2026-05-27T16:00:00+00:00,gfs_operational_latest,2026-05-27T06:00:00+00:00,2026-05-27T12:00:00+00:00,day_06z,87.7,87.7,73.0,87.7,81.0,-6.700000000000003,nws_cli_knyc,FULL_OPERATIONAL_REPLAY,iem_nws_cli,81° to 82°,5,spring,-6.0,open-meteo:single-runs:ncep_gfs_global:operational_latest,policy=latest_available_by_latency;latency_h=6;replay_mode=MODEL_ONLY_REPLAY;residual_convention=residual_f = actual_high_f - forecast_high_f;phase6=v2_1;replay_version=C_remaining_day_max_plus_obs;replay_mode=FULL_OPERATIONAL_REPLAY;obs_availability=assumed_fixed_lag_20m_after_observation_time,v2_1,C_remaining_day_max_plus_obs,,87.7,OK,,2026-05-27T16:00:00+00:00,2026-05-28T05:00:00+00:00,checkpoint_to_nws_cli_climate_day_end_local_standard_time_utc-5,13,13,87.7,OK,,10,1,2026-05-27T14:51:00+00:00,69.0,60.0,False,assumed_fixed_lag_20m_after_observation_time
KXHIGHNY-26MAY27,2026-05-27,d0_1500,2026-05-27T19:00:00+00:00,gfs_operational_latest,2026-05-27T06:00:00+00:00,2026-05-27T12:00:00+00:00,day_06z,87.7,87.7,76.0,87.7,81.0,-6.700000000000003,nws_cli_knyc,FULL_OPERATIONAL_REPLAY,iem_nws_cli,81° to 82°,5,spring,-6.0,open-meteo:single-runs:ncep_gfs_global:operational_latest,policy=latest_available_by_latency;latency_h=6;replay_mode=MODEL_ONLY_REPLAY;residual_convention=residual_f = actual_high_f - forecast_high_f;phase6=v2_1;replay_version=C_remaining_day_max_plus_obs;replay_mode=FULL_OPERATIONAL_REPLAY;obs_availability=assumed_fixed_lag_20m_after_observation_time,v2_1,C_remaining_day_max_plus_obs,,87.7,OK,,2026-05-27T19:00:00+00:00,2026-05-28T05:00:00+00:00,checkpoint_to_nws_cli_climate_day_end_local_standard_time_utc-5,10,10,87.7,OK,,13,1,2026-05-27T17:51:00+00:00,69.0,60.0,False,assumed_fixed_lag_20m_after_observation_time
KXHIGHNY-26MAY28,2026-05-28,dminus1_1800,2026-05-27T22:00:00+00:00,gfs_operational_latest,2026-05-27T12:00:00+00:00,2026-05-27T18:00:00+00:00,prev_12z,75.8,75.8,,75.8,75.0,-0.7999999999999972,nws_cli_knyc,FULL_OPERATIONAL_REPLAY,iem_nws_cli,75° or below,5,spring,12.0,open-meteo:single-runs:ncep_gfs_global:operational_latest,policy=latest_available_by_latency;latency_h=6;replay_mode=FULL_OPERATIONAL_REPLAY;residual_convention=residual_f = actual_high_f - forecast_high_f;phase6=v2_1;replay_version=C_remaining_day_max_plus_obs;replay_mode=FULL_OPERATIONAL_REPLAY;obs_availability=assumed_fixed_lag_20m_after_observation_time,v2_1,C_remaining_day_max_plus_obs,,75.8,OK,,2026-05-28T05:00:00+00:00,2026-05-29T05:00:00+00:00,checkpoint_to_nws_cli_climate_day_end_local_standard_time_utc-5,24,24,75.8,,,,,,,,,
KXHIGHNY-26MAY28,2026-05-28,d0_0600,2026-05-28T10:00:00+00:00,gfs_operational_latest,2026-05-28T00:00:00+00:00,2026-05-28T06:00:00+00:00,day_00z,76.2,76.2,74.0,76.2,75.0,-1.2000000000000028,nws_cli_knyc,FULL_OPERATIONAL_REPLAY,iem_nws_cli,75° or below,5,spring,0.0,open-meteo:single-runs:ncep_gfs_global:operational_latest,policy=latest_available_by_latency;latency_h=6;replay_mode=MODEL_ONLY_REPLAY;residual_convention=residual_f = actual_high_f - forecast_high_f;phase6=v2_1;replay_version=C_remaining_day_max_plus_obs;replay_mode=FULL_OPERATIONAL_REPLAY;obs_availability=assumed_fixed_lag_20m_after_observation_time,v2_1,C_remaining_day_max_plus_obs,,76.2,OK,,2026-05-28T10:00:00+00:00,2026-05-29T05:00:00+00:00,checkpoint_to_nws_cli_climate_day_end_local_standard_time_utc-5,19,19,76.2,OK,,4,1,2026-05-28T08:51:00+00:00,69.0,60.0,False,assumed_fixed_lag_20m_after_observation_time
KXHIGHNY-26MAY28,2026-05-28,d0_0900,2026-05-28T13:00:00+00:00,gfs_operational_latest,2026-05-28T06:00:00+00:00,2026-05-28T12:00:00+00:00,day_06z,75.8,75.8,74.0,75.8,75.0,-0.7999999999999972,nws_cli_knyc,FULL_OPERATIONAL_REPLAY,iem_nws_cli,75° or below,5,spring,-6.0,open-meteo:single-runs:ncep_gfs_global:operational_latest,policy=latest_available_by_latency;latency_h=6;replay_mode=MODEL_ONLY_REPLAY;residual_convention=residual_f = actual_high_f - forecast_high_f;phase6=v2_1;replay_version=C_remaining_day_max_plus_obs;replay_mode=FULL_OPERATIONAL_REPLAY;obs_availability=assumed_fixed_lag_20m_after_observation_time,v2_1,C_remaining_day_max_plus_obs,,75.8,OK,,2026-05-28T13:00:00+00:00,2026-05-29T05:00:00+00:00,checkpoint_to_nws_cli_climate_day_end_local_standard_time_utc-5,16,16,75.8,OK,,7,1,2026-05-28T11:51:00+00:00,69.0,60.0,False,assumed_fixed_lag_20m_after_observation_time
KXHIGHNY-26MAY28,2026-05-28,d0_1200,2026-05-28T16:00:00+00:00,gfs_operational_latest,2026-05-28T06:00:00+00:00,2026-05-28T12:00:00+00:00,day_06z,75.5,75.5,74.0,75.5,75.0,-0.5,nws_cli_knyc,FULL_OPERATIONAL_REPLAY,iem_nws_cli,75° or below,5,spring,-6.0,open-meteo:single-runs:ncep_gfs_global:operational_latest,policy=latest_available_by_latency;latency_h=6;replay_mode=MODEL_ONLY_REPLAY;residual_convention=residual_f = actual_high_f - forecast_high_f;phase6=v2_1;replay_version=C_remaining_day_max_plus_obs;replay_mode=FULL_OPERATIONAL_REPLAY;obs_availability=assumed_fixed_lag_20m_after_observation_time,v2_1,C_remaining_day_max_plus_obs,,75.8,OK,,2026-05-28T16:00:00+00:00,2026-05-29T05:00:00+00:00,checkpoint_to_nws_cli_climate_day_end_local_standard_time_utc-5,13,13,75.5,OK,,10,1,2026-05-28T14:51:00+00:00,69.0,60.0,False,assumed_fixed_lag_20m_after_observation_time
KXHIGHNY-26MAY28,2026-05-28,d0_1500,2026-05-28T19:00:00+00:00,gfs_operational_latest,2026-05-28T06:00:00+00:00,2026-05-28T12:00:00+00:00,day_06z,74.0,71.2,74.0,74.0,75.0,1.0,nws_cli_knyc,FULL_OPERATIONAL_REPLAY,iem_nws_cli,75° or below,5,spring,-6.0,open-meteo:single-runs:ncep_gfs_global:operational_latest,policy=latest_available_by_latency;latency_h=6;replay_mode=MODEL_ONLY_REPLAY;residual_convention=residual_f = actual_high_f - forecast_high_f;phase6=v2_1;replay_version=C_remaining_day_max_plus_obs;replay_mode=FULL_OPERATIONAL_REPLAY;obs_availability=assumed_fixed_lag_20m_after_observation_time,v2_1,C_remaining_day_max_plus_obs,,75.8,OK,,2026-05-28T19:00:00+00:00,2026-05-29T05:00:00+00:00,checkpoint_to_nws_cli_climate_day_end_local_standard_time_utc-5,10,10,71.2,OK,,13,1,2026-05-28T17:51:00+00:00,69.0,60.0,True,assumed_fixed_lag_20m_after_observation_time
KXHIGHNY-26MAY29,2026-05-29,dminus1_1800,2026-05-28T22:00:00+00:00,gfs_operational_latest,2026-05-28T12:00:00+00:00,2026-05-28T18:00:00+00:00,prev_12z,79.6,79.6,,79.6,75.0,-4.599999999999994,nws_cli_knyc,FULL_OPERATIONAL_REPLAY,iem_nws_cli,77° or below,5,spring,12.0,open-meteo:single-runs:ncep_gfs_global:operational_latest,policy=latest_available_by_latency;latency_h=6;replay_mode=FULL_OPERATIONAL_REPLAY;residual_convention=residual_f = actual_high_f - forecast_high_f;phase6=v2_1;replay_version=C_remaining_day_max_plus_obs;replay_mode=FULL_OPERATIONAL_REPLAY;obs_availability=assumed_fixed_lag_20m_after_observation_time,v2_1,C_remaining_day_max_plus_obs,,79.6,OK,,2026-05-29T05:00:00+00:00,2026-05-30T05:00:00+00:00,checkpoint_to_nws_cli_climate_day_end_local_standard_time_utc-5,24,24,79.6,,,,,,,,,
KXHIGHNY-26MAY29,2026-05-29,d0_0600,2026-05-29T10:00:00+00:00,gfs_operational_latest,2026-05-29T00:00:00+00:00,2026-05-29T06:00:00+00:00,day_00z,80.2,80.2,60.0,80.2,75.0,-5.200000000000003,nws_cli_knyc,FULL_OPERATIONAL_REPLAY,iem_nws_cli,77° or below,5,spring,0.0,open-meteo:single-runs:ncep_gfs_global:operational_latest,policy=latest_available_by_latency;latency_h=6;replay_mode=MODEL_ONLY_REPLAY;residual_convention=residual_f = actual_high_f - forecast_high_f;phase6=v2_1;replay_version=C_remaining_day_max_plus_obs;replay_mode=FULL_OPERATIONAL_REPLAY;obs_availability=assumed_fixed_lag_20m_after_observation_time,v2_1,C_remaining_day_max_plus_obs,,80.2,OK,,2026-05-29T10:00:00+00:00,2026-05-30T05:00:00+00:00,checkpoint_to_nws_cli_climate_day_end_local_standard_time_utc-5,19,19,80.2,OK,,4,1,2026-05-29T08:51:00+00:00,69.0,60.0,False,assumed_fixed_lag_20m_after_observation_time
KXHIGHNY-26MAY29,2026-05-29,d0_0900,2026-05-29T13:00:00+00:00,gfs_operational_latest,2026-05-29T06:00:00+00:00,2026-05-29T12:00:00+00:00,day_06z,80.3,80.3,60.0,80.3,75.0,-5.299999999999997,nws_cli_knyc,FULL_OPERATIONAL_REPLAY,iem_nws_cli,77° or below,5,spring,-6.0,open-meteo:single-runs:ncep_gfs_global:operational_latest,policy=latest_available_by_latency;latency_h=6;replay_mode=MODEL_ONLY_REPLAY;residual_convention=residual_f = actual_high_f - forecast_high_f;phase6=v2_1;replay_version=C_remaining_day_max_plus_obs;replay_mode=FULL_OPERATIONAL_REPLAY;obs_availability=assumed_fixed_lag_20m_after_observation_time,v2_1,C_remaining_day_max_plus_obs,,80.3,OK,,2026-05-29T13:00:00+00:00,2026-05-30T05:00:00+00:00,checkpoint_to_nws_cli_climate_day_end_local_standard_time_utc-5,16,16,80.3,OK,,7,1,2026-05-29T11:51:00+00:00,69.0,60.0,False,assumed_fixed_lag_20m_after_observation_time
KXHIGHNY-26MAY29,2026-05-29,d0_1200,2026-05-29T16:00:00+00:00,gfs_operational_latest,2026-05-29T06:00:00+00:00,2026-05-29T12:00:00+00:00,day_06z,80.3,80.3,68.0,80.3,75.0,-5.299999999999997,nws_cli_knyc,FULL_OPERATIONAL_REPLAY,iem_nws_cli,77° or below,5,spring,-6.0,open-meteo:single-runs:ncep_gfs_global:operational_latest,policy=latest_available_by_latency;latency_h=6;replay_mode=MODEL_ONLY_REPLAY;residual_convention=residual_f = actual_high_f - forecast_high_f;phase6=v2_1;replay_version=C_remaining_day_max_plus_obs;replay_mode=FULL_OPERATIONAL_REPLAY;obs_availability=assumed_fixed_lag_20m_after_observation_time,v2_1,C_remaining_day_max_plus_obs,,80.3,OK,,2026-05-29T16:00:00+00:00,2026-05-30T05:00:00+00:00,checkpoint_to_nws_cli_climate_day_end_local_standard_time_utc-5,13,13,80.3,OK,,10,1,2026-05-29T14:51:00+00:00,69.0,60.0,False,assumed_fixed_lag_20m_after_observation_time
KXHIGHNY-26MAY29,2026-05-29,d0_1500,2026-05-29T19:00:00+00:00,gfs_operational_latest,2026-05-29T06:00:00+00:00,2026-05-29T12:00:00+00:00,day_06z,80.3,80.3,73.0,80.3,75.0,-5.299999999999997,nws_cli_knyc,FULL_OPERATIONAL_REPLAY,iem_nws_cli,77° or below,5,spring,-6.0,open-meteo:single-runs:ncep_gfs_global:operational_latest,policy=latest_available_by_latency;latency_h=6;replay_mode=MODEL_ONLY_REPLAY;residual_convention=residual_f = actual_high_f - forecast_high_f;phase6=v2_1;replay_version=C_remaining_day_max_plus_obs;replay_mode=FULL_OPERATIONAL_REPLAY;obs_availability=assumed_fixed_lag_20m_after_observation_time,v2_1,C_remaining_day_max_plus_obs,,80.3,OK,,2026-05-29T19:00:00+00:00,2026-05-30T05:00:00+00:00,checkpoint_to_nws_cli_climate_day_end_local_standard_time_utc-5,10,10,80.3,OK,,13,1,2026-05-29T17:51:00+00:00,69.0,60.0,False,assumed_fixed_lag_20m_after_observation_time
KXHIGHNY-26MAY30,2026-05-30,dminus1_1800,2026-05-29T22:00:00+00:00,gfs_operational_latest,2026-05-29T12:00:00+00:00,2026-05-29T18:00:00+00:00,prev_12z,65.2,65.2,,65.2,69.0,3.799999999999997,nws_cli_knyc,FULL_OPERATIONAL_REPLAY,iem_nws_cli,68° to 69°,5,spring,12.0,open-meteo:single-runs:ncep_gfs_global:operational_latest,policy=latest_available_by_latency;latency_h=6;replay_mode=FULL_OPERATIONAL_REPLAY;residual_convention=residual_f = actual_high_f - forecast_high_f;phase6=v2_1;replay_version=C_remaining_day_max_plus_obs;replay_mode=FULL_OPERATIONAL_REPLAY;obs_availability=assumed_fixed_lag_20m_after_observation_time,v2_1,C_remaining_day_max_plus_obs,,69.5,OK,,2026-05-30T05:00:00+00:00,2026-05-31T05:00:00+00:00,checkpoint_to_nws_cli_climate_day_end_local_standard_time_utc-5,24,24,65.2,,,,,,,,,
KXHIGHNY-26MAY30,2026-05-30,d0_0600,2026-05-30T10:00:00+00:00,gfs_operational_latest,2026-05-30T00:00:00+00:00,2026-05-30T06:00:00+00:00,day_00z,68.0,59.1,68.0,68.0,69.0,1.0,nws_cli_knyc,FULL_OPERATIONAL_REPLAY,iem_nws_cli,68° to 69°,5,spring,0.0,open-meteo:single-runs:ncep_gfs_global:operational_latest,policy=latest_available_by_latency;latency_h=6;replay_mode=MODEL_ONLY_REPLAY;residual_convention=residual_f = actual_high_f - forecast_high_f;phase6=v2_1;replay_version=C_remaining_day_max_plus_obs;replay_mode=FULL_OPERATIONAL_REPLAY;obs_availability=assumed_fixed_lag_20m_after_observation_time,v2_1,C_remaining_day_max_plus_obs,,67.2,OK,,2026-05-30T10:00:00+00:00,2026-05-31T05:00:00+00:00,checkpoint_to_nws_cli_climate_day_end_local_standard_time_utc-5,19,19,59.1,OK,,6,1,2026-05-30T08:51:00+00:00,69.0,60.0,True,assumed_fixed_lag_20m_after_observation_time
KXHIGHNY-26MAY30,2026-05-30,d0_0900,2026-05-30T13:00:00+00:00,gfs_operational_latest,2026-05-30T06:00:00+00:00,2026-05-30T12:00:00+00:00,day_06z,68.0,60.4,68.0,68.0,69.0,1.0,nws_cli_knyc,FULL_OPERATIONAL_REPLAY,iem_nws_cli,68° to 69°,5,spring,-6.0,open-meteo:single-runs:ncep_gfs_global:operational_latest,policy=latest_available_by_latency;latency_h=6;replay_mode=MODEL_ONLY_REPLAY;residual_convention=residual_f = actual_high_f - forecast_high_f;phase6=v2_1;replay_version=C_remaining_day_max_plus_obs;replay_mode=FULL_OPERATIONAL_REPLAY;obs_availability=assumed_fixed_lag_20m_after_observation_time,v2_1,C_remaining_day_max_plus_obs,,61.8,OK,,2026-05-30T13:00:00+00:00,2026-05-31T05:00:00+00:00,checkpoint_to_nws_cli_climate_day_end_local_standard_time_utc-5,16,16,60.4,OK,,11,1,2026-05-30T12:36:00+00:00,24.0,60.0,True,assumed_fixed_lag_20m_after_observation_time
KXHIGHNY-26MAY30,2026-05-30,d0_1200,2026-05-30T16:00:00+00:00,gfs_operational_latest,2026-05-30T06:00:00+00:00,2026-05-30T12:00:00+00:00,day_06z,68.0,60.4,68.0,68.0,69.0,1.0,nws_cli_knyc,FULL_OPERATIONAL_REPLAY,iem_nws_cli,68° to 69°,5,spring,-6.0,open-meteo:single-runs:ncep_gfs_global:operational_latest,policy=latest_available_by_latency;latency_h=6;replay_mode=MODEL_ONLY_REPLAY;residual_convention=residual_f = actual_high_f - forecast_high_f;phase6=v2_1;replay_version=C_remaining_day_max_plus_obs;replay_mode=FULL_OPERATIONAL_REPLAY;obs_availability=assumed_fixed_lag_20m_after_observation_time,v2_1,C_remaining_day_max_plus_obs,,61.8,OK,,2026-05-30T16:00:00+00:00,2026-05-31T05:00:00+00:00,checkpoint_to_nws_cli_climate_day_end_local_standard_time_utc-5,13,13,60.4,OK,,15,1,2026-05-30T15:16:00+00:00,44.0,60.0,True,assumed_fixed_lag_20m_after_observation_time
KXHIGHNY-26MAY30,2026-05-30,d0_1500,2026-05-30T19:00:00+00:00,gfs_operational_latest,2026-05-30T06:00:00+00:00,2026-05-30T12:00:00+00:00,day_06z,68.0,60.4,68.0,68.0,69.0,1.0,nws_cli_knyc,FULL_OPERATIONAL_REPLAY,iem_nws_cli,68° to 69°,5,spring,-6.0,open-meteo:single-runs:ncep_gfs_global:operational_latest,policy=latest_available_by_latency;latency_h=6;replay_mode=MODEL_ONLY_REPLAY;residual_convention=residual_f = actual_high_f - forecast_high_f;phase6=v2_1;replay_version=C_remaining_day_max_plus_obs;replay_mode=FULL_OPERATIONAL_REPLAY;obs_availability=assumed_fixed_lag_20m_after_observation_time,v2_1,C_remaining_day_max_plus_obs,,61.8,OK,,2026-05-30T19:00:00+00:00,2026-05-31T05:00:00+00:00,checkpoint_to_nws_cli_climate_day_end_local_standard_time_utc-5,10,10,60.4,OK,,18,1,2026-05-30T17:51:00+00:00,69.0,60.0,True,assumed_fixed_lag_20m_after_observation_time
KXHIGHNY-26MAY31,2026-05-31,dminus1_1800,2026-05-30T22:00:00+00:00,gfs_operational_latest,2026-05-30T12:00:00+00:00,2026-05-30T18:00:00+00:00,prev_12z,75.8,75.8,,75.8,75.0,-0.7999999999999972,nws_cli_knyc,FULL_OPERATIONAL_REPLAY,iem_nws_cli,74° to 75°,5,spring,12.0,open-meteo:single-runs:ncep_gfs_global:operational_latest,policy=latest_available_by_latency;latency_h=6;replay_mode=FULL_OPERATIONAL_REPLAY;residual_convention=residual_f = actual_high_f - forecast_high_f;phase6=v2_1;replay_version=C_remaining_day_max_plus_obs;replay_mode=FULL_OPERATIONAL_REPLAY;obs_availability=assumed_fixed_lag_20m_after_observation_time,v2_1,C_remaining_day_max_plus_obs,,75.8,OK,,2026-05-31T05:00:00+00:00,2026-06-01T05:00:00+00:00,checkpoint_to_nws_cli_climate_day_end_local_standard_time_utc-5,24,24,75.8,,,,,,,,,
KXHIGHNY-26MAY31,2026-05-31,d0_0600,2026-05-31T10:00:00+00:00,gfs_operational_latest,2026-05-31T00:00:00+00:00,2026-05-31T06:00:00+00:00,day_00z,77.1,77.1,53.0,77.1,75.0,-2.0999999999999943,nws_cli_knyc,FULL_OPERATIONAL_REPLAY,iem_nws_cli,74° to 75°,5,spring,0.0,open-meteo:single-runs:ncep_gfs_global:operational_latest,policy=latest_available_by_latency;latency_h=6;replay_mode=MODEL_ONLY_REPLAY;residual_convention=residual_f = actual_high_f - forecast_high_f;phase6=v2_1;replay_version=C_remaining_day_max_plus_obs;replay_mode=FULL_OPERATIONAL_REPLAY;obs_availability=assumed_fixed_lag_20m_after_observation_time,v2_1,C_remaining_day_max_plus_obs,,77.1,OK,,2026-05-31T10:00:00+00:00,2026-06-01T05:00:00+00:00,checkpoint_to_nws_cli_climate_day_end_local_standard_time_utc-5,19,19,77.1,OK,,4,1,2026-05-31T08:51:00+00:00,69.0,60.0,False,assumed_fixed_lag_20m_after_observation_time
KXHIGHNY-26MAY31,2026-05-31,d0_0900,2026-05-31T13:00:00+00:00,gfs_operational_latest,2026-05-31T06:00:00+00:00,2026-05-31T12:00:00+00:00,day_06z,76.9,76.9,53.0,76.9,75.0,-1.9000000000000057,nws_cli_knyc,FULL_OPERATIONAL_REPLAY,iem_nws_cli,74° to 75°,5,spring,-6.0,open-meteo:single-runs:ncep_gfs_global:operational_latest,policy=latest_available_by_latency;latency_h=6;replay_mode=MODEL_ONLY_REPLAY;residual_convention=residual_f = actual_high_f - forecast_high_f;phase6=v2_1;replay_version=C_remaining_day_max_plus_obs;replay_mode=FULL_OPERATIONAL_REPLAY;obs_availability=assumed_fixed_lag_20m_after_observation_time,v2_1,C_remaining_day_max_plus_obs,,76.9,OK,,2026-05-31T13:00:00+00:00,2026-06-01T05:00:00+00:00,checkpoint_to_nws_cli_climate_day_end_local_standard_time_utc-5,16,16,76.9,OK,,7,1,2026-05-31T11:51:00+00:00,69.0,60.0,False,assumed_fixed_lag_20m_after_observation_time
KXHIGHNY-26MAY31,2026-05-31,d0_1200,2026-05-31T16:00:00+00:00,gfs_operational_latest,2026-05-31T06:00:00+00:00,2026-05-31T12:00:00+00:00,day_06z,76.9,76.9,67.0,76.9,75.0,-1.9000000000000057,nws_cli_knyc,FULL_OPERATIONAL_REPLAY,iem_nws_cli,74° to 75°,5,spring,-6.0,open-meteo:single-runs:ncep_gfs_global:operational_latest,policy=latest_available_by_latency;latency_h=6;replay_mode=MODEL_ONLY_REPLAY;residual_convention=residual_f = actual_high_f - forecast_high_f;phase6=v2_1;replay_version=C_remaining_day_max_plus_obs;replay_mode=FULL_OPERATIONAL_REPLAY;obs_availability=assumed_fixed_lag_20m_after_observation_time,v2_1,C_remaining_day_max_plus_obs,,76.9,OK,,2026-05-31T16:00:00+00:00,2026-06-01T05:00:00+00:00,checkpoint_to_nws_cli_climate_day_end_local_standard_time_utc-5,13,13,76.9,OK,,10,1,2026-05-31T14:51:00+00:00,69.0,60.0,False,assumed_fixed_lag_20m_after_observation_time
KXHIGHNY-26MAY31,2026-05-31,d0_1500,2026-05-31T19:00:00+00:00,gfs_operational_latest,2026-05-31T06:00:00+00:00,2026-05-31T12:00:00+00:00,day_06z,76.9,76.9,72.0,76.9,75.0,-1.9000000000000057,nws_cli_knyc,FULL_OPERATIONAL_REPLAY,iem_nws_cli,74° to 75°,5,spring,-6.0,open-meteo:single-runs:ncep_gfs_global:operational_latest,policy=latest_available_by_latency;latency_h=6;replay_mode=MODEL_ONLY_REPLAY;residual_convention=residual_f = actual_high_f - forecast_high_f;phase6=v2_1;replay_version=C_remaining_day_max_plus_obs;replay_mode=FULL_OPERATIONAL_REPLAY;obs_availability=assumed_fixed_lag_20m_after_observation_time,v2_1,C_remaining_day_max_plus_obs,,76.9,OK,,2026-05-31T19:00:00+00:00,2026-06-01T05:00:00+00:00,checkpoint_to_nws_cli_climate_day_end_local_standard_time_utc-5,10,10,76.9,OK,,13,1,2026-05-31T17:51:00+00:00,69.0,60.0,False,assumed_fixed_lag_20m_after_observation_time
KXHIGHNY-26JUN01,2026-06-01,dminus1_1800,2026-05-31T22:00:00+00:00,gfs_operational_latest,2026-05-31T12:00:00+00:00,2026-05-31T18:00:00+00:00,prev_12z,74.9,74.9,,74.9,71.0,-3.9000000000000057,nws_cli_knyc,FULL_OPERATIONAL_REPLAY,iem_nws_cli,70° to 71°,6,summer,12.0,open-meteo:single-runs:ncep_gfs_global:operational_latest,policy=latest_available_by_latency;latency_h=6;replay_mode=FULL_OPERATIONAL_REPLAY;residual_convention=residual_f = actual_high_f - forecast_high_f;phase6=v2_1;replay_version=C_remaining_day_max_plus_obs;replay_mode=FULL_OPERATIONAL_REPLAY;obs_availability=assumed_fixed_lag_20m_after_observation_time,v2_1,C_remaining_day_max_plus_obs,,74.9,OK,,2026-06-01T05:00:00+00:00,2026-06-02T05:00:00+00:00,checkpoint_to_nws_cli_climate_day_end_local_standard_time_utc-5,24,24,74.9,,,,,,,,,
KXHIGHNY-26JUN01,2026-06-01,d0_0600,2026-06-01T10:00:00+00:00,gfs_operational_latest,2026-06-01T00:00:00+00:00,2026-06-01T06:00:00+00:00,day_00z,75.1,75.1,62.0,75.1,71.0,-4.099999999999994,nws_cli_knyc,FULL_OPERATIONAL_REPLAY,iem_nws_cli,70° to 71°,6,summer,0.0,open-meteo:single-runs:ncep_gfs_global:operational_latest,policy=latest_available_by_latency;latency_h=6;replay_mode=MODEL_ONLY_REPLAY;residual_convention=residual_f = actual_high_f - forecast_high_f;phase6=v2_1;replay_version=C_remaining_day_max_plus_obs;replay_mode=FULL_OPERATIONAL_REPLAY;obs_availability=assumed_fixed_lag_20m_after_observation_time,v2_1,C_remaining_day_max_plus_obs,,75.1,OK,,2026-06-01T10:00:00+00:00,2026-06-02T05:00:00+00:00,checkpoint_to_nws_cli_climate_day_end_local_standard_time_utc-5,19,19,75.1,OK,,4,1,2026-06-01T08:51:00+00:00,69.0,60.0,False,assumed_fixed_lag_20m_after_observation_time
KXHIGHNY-26JUN01,2026-06-01,d0_0900,2026-06-01T13:00:00+00:00,gfs_operational_latest,2026-06-01T06:00:00+00:00,2026-06-01T12:00:00+00:00,day_06z,74.9,74.9,62.0,74.9,71.0,-3.9000000000000057,nws_cli_knyc,FULL_OPERATIONAL_REPLAY,iem_nws_cli,70° to 71°,6,summer,-6.0,open-meteo:single-runs:ncep_gfs_global:operational_latest,policy=latest_available_by_latency;latency_h=6;replay_mode=MODEL_ONLY_REPLAY;residual_convention=residual_f = actual_high_f - forecast_high_f;phase6=v2_1;replay_version=C_remaining_day_max_plus_obs;replay_mode=FULL_OPERATIONAL_REPLAY;obs_availability=assumed_fixed_lag_20m_after_observation_time,v2_1,C_remaining_day_max_plus_obs,,74.9,OK,,2026-06-01T13:00:00+00:00,2026-06-02T05:00:00+00:00,checkpoint_to_nws_cli_climate_day_end_local_standard_time_utc-5,16,16,74.9,OK,,7,1,2026-06-01T11:51:00+00:00,69.0,60.0,False,assumed_fixed_lag_20m_after_observation_time
KXHIGHNY-26JUN01,2026-06-01,d0_1200,2026-06-01T16:00:00+00:00,gfs_operational_latest,2026-06-01T06:00:00+00:00,2026-06-01T12:00:00+00:00,day_06z,74.9,74.9,67.0,74.9,71.0,-3.9000000000000057,nws_cli_knyc,FULL_OPERATIONAL_REPLAY,iem_nws_cli,70° to 71°,6,summer,-6.0,open-meteo:single-runs:ncep_gfs_global:operational_latest,policy=latest_available_by_latency;latency_h=6;replay_mode=MODEL_ONLY_REPLAY;residual_convention=residual_f = actual_high_f - forecast_high_f;phase6=v2_1;replay_version=C_remaining_day_max_plus_obs;replay_mode=FULL_OPERATIONAL_REPLAY;obs_availability=assumed_fixed_lag_20m_after_observation_time,v2_1,C_remaining_day_max_plus_obs,,74.9,OK,,2026-06-01T16:00:00+00:00,2026-06-02T05:00:00+00:00,checkpoint_to_nws_cli_climate_day_end_local_standard_time_utc-5,13,13,74.9,OK,,10,1,2026-06-01T14:51:00+00:00,69.0,60.0,False,assumed_fixed_lag_20m_after_observation_time
KXHIGHNY-26JUN01,2026-06-01,d0_1500,2026-06-01T19:00:00+00:00,gfs_operational_latest,2026-06-01T06:00:00+00:00,2026-06-01T12:00:00+00:00,day_06z,74.9,74.9,71.0,74.9,71.0,-3.9000000000000057,nws_cli_knyc,FULL_OPERATIONAL_REPLAY,iem_nws_cli,70° to 71°,6,summer,-6.0,open-meteo:single-runs:ncep_gfs_global:operational_latest,policy=latest_available_by_latency;latency_h=6;replay_mode=MODEL_ONLY_REPLAY;residual_convention=residual_f = actual_high_f - forecast_high_f;phase6=v2_1;replay_version=C_remaining_day_max_plus_obs;replay_mode=FULL_OPERATIONAL_REPLAY;obs_availability=assumed_fixed_lag_20m_after_observation_time,v2_1,C_remaining_day_max_plus_obs,,74.9,OK,,2026-06-01T19:00:00+00:00,2026-06-02T05:00:00+00:00,checkpoint_to_nws_cli_climate_day_end_local_standard_time_utc-5,10,10,74.9,OK,,13,1,2026-06-01T17:51:00+00:00,69.0,60.0,False,assumed_fixed_lag_20m_after_observation_time
KXHIGHNY-26JUN02,2026-06-02,dminus1_1800,2026-06-01T22:00:00+00:00,gfs_operational_latest,2026-06-01T12:00:00+00:00,2026-06-01T18:00:00+00:00,prev_12z,78.4,78.4,,78.4,76.0,-2.4000000000000057,nws_cli_knyc,FULL_OPERATIONAL_REPLAY,iem_nws_cli,75° to 76°,6,summer,12.0,open-meteo:single-runs:ncep_gfs_global:operational_latest,policy=latest_available_by_latency;latency_h=6;replay_mode=FULL_OPERATIONAL_REPLAY;residual_convention=residual_f = actual_high_f - forecast_high_f;phase6=v2_1;replay_version=C_remaining_day_max_plus_obs;replay_mode=FULL_OPERATIONAL_REPLAY;obs_availability=assumed_fixed_lag_20m_after_observation_time,v2_1,C_remaining_day_max_plus_obs,,78.4,OK,,2026-06-02T05:00:00+00:00,2026-06-03T05:00:00+00:00,checkpoint_to_nws_cli_climate_day_end_local_standard_time_utc-5,24,24,78.4,,,,,,,,,
KXHIGHNY-26JUN02,2026-06-02,d0_0600,2026-06-02T10:00:00+00:00,gfs_operational_latest,2026-06-02T00:00:00+00:00,2026-06-02T06:00:00+00:00,day_00z,78.7,78.7,53.0,78.7,76.0,-2.700000000000003,nws_cli_knyc,FULL_OPERATIONAL_REPLAY,iem_nws_cli,75° to 76°,6,summer,0.0,open-meteo:single-runs:ncep_gfs_global:operational_latest,policy=latest_available_by_latency;latency_h=6;replay_mode=MODEL_ONLY_REPLAY;residual_convention=residual_f = actual_high_f - forecast_high_f;phase6=v2_1;replay_version=C_remaining_day_max_plus_obs;replay_mode=FULL_OPERATIONAL_REPLAY;obs_availability=assumed_fixed_lag_20m_after_observation_time,v2_1,C_remaining_day_max_plus_obs,,78.7,OK,,2026-06-02T10:00:00+00:00,2026-06-03T05:00:00+00:00,checkpoint_to_nws_cli_climate_day_end_local_standard_time_utc-5,19,19,78.7,OK,,4,1,2026-06-02T08:51:00+00:00,69.0,60.0,False,assumed_fixed_lag_20m_after_observation_time
KXHIGHNY-26JUN02,2026-06-02,d0_0900,2026-06-02T13:00:00+00:00,gfs_operational_latest,2026-06-02T06:00:00+00:00,2026-06-02T12:00:00+00:00,day_06z,78.7,78.7,57.0,78.7,76.0,-2.700000000000003,nws_cli_knyc,FULL_OPERATIONAL_REPLAY,iem_nws_cli,75° to 76°,6,summer,-6.0,open-meteo:single-runs:ncep_gfs_global:operational_latest,policy=latest_available_by_latency;latency_h=6;replay_mode=MODEL_ONLY_REPLAY;residual_convention=residual_f = actual_high_f - forecast_high_f;phase6=v2_1;replay_version=C_remaining_day_max_plus_obs;replay_mode=FULL_OPERATIONAL_REPLAY;obs_availability=assumed_fixed_lag_20m_after_observation_time,v2_1,C_remaining_day_max_plus_obs,,78.7,OK,,2026-06-02T13:00:00+00:00,2026-06-03T05:00:00+00:00,checkpoint_to_nws_cli_climate_day_end_local_standard_time_utc-5,16,16,78.7,OK,,7,1,2026-06-02T11:51:00+00:00,69.0,60.0,False,assumed_fixed_lag_20m_after_observation_time
KXHIGHNY-26JUN02,2026-06-02,d0_1200,2026-06-02T16:00:00+00:00,gfs_operational_latest,2026-06-02T06:00:00+00:00,2026-06-02T12:00:00+00:00,day_06z,78.7,78.7,70.0,78.7,76.0,-2.700000000000003,nws_cli_knyc,FULL_OPERATIONAL_REPLAY,iem_nws_cli,75° to 76°,6,summer,-6.0,open-meteo:single-runs:ncep_gfs_global:operational_latest,policy=latest_available_by_latency;latency_h=6;replay_mode=MODEL_ONLY_REPLAY;residual_convention=residual_f = actual_high_f - forecast_high_f;phase6=v2_1;replay_version=C_remaining_day_max_plus_obs;replay_mode=FULL_OPERATIONAL_REPLAY;obs_availability=assumed_fixed_lag_20m_after_observation_time,v2_1,C_remaining_day_max_plus_obs,,78.7,OK,,2026-06-02T16:00:00+00:00,2026-06-03T05:00:00+00:00,checkpoint_to_nws_cli_climate_day_end_local_standard_time_utc-5,13,13,78.7,OK,,10,1,2026-06-02T14:51:00+00:00,69.0,60.0,False,assumed_fixed_lag_20m_after_observation_time
KXHIGHNY-26JUN02,2026-06-02,d0_1500,2026-06-02T19:00:00+00:00,gfs_operational_latest,2026-06-02T06:00:00+00:00,2026-06-02T12:00:00+00:00,day_06z,78.7,78.7,75.0,78.7,76.0,-2.700000000000003,nws_cli_knyc,FULL_OPERATIONAL_REPLAY,iem_nws_cli,75° to 76°,6,summer,-6.0,open-meteo:single-runs:ncep_gfs_global:operational_latest,policy=latest_available_by_latency;latency_h=6;replay_mode=MODEL_ONLY_REPLAY;residual_convention=residual_f = actual_high_f - forecast_high_f;phase6=v2_1;replay_version=C_remaining_day_max_plus_obs;replay_mode=FULL_OPERATIONAL_REPLAY;obs_availability=assumed_fixed_lag_20m_after_observation_time,v2_1,C_remaining_day_max_plus_obs,,78.7,OK,,2026-06-02T19:00:00+00:00,2026-06-03T05:00:00+00:00,checkpoint_to_nws_cli_climate_day_end_local_standard_time_utc-5,10,10,78.7,OK,,14,1,2026-06-02T17:51:00+00:00,69.0,60.0,False,assumed_fixed_lag_20m_after_observation_time
KXHIGHNY-26JUN03,2026-06-03,dminus1_1800,2026-06-02T22:00:00+00:00,gfs_operational_latest,2026-06-02T12:00:00+00:00,2026-06-02T18:00:00+00:00,prev_12z,83.0,83.0,,83.0,83.0,0.0,nws_cli_knyc,FULL_OPERATIONAL_REPLAY,iem_nws_cli,82° to 83°,6,summer,12.0,open-meteo:single-runs:ncep_gfs_global:operational_latest,policy=latest_available_by_latency;latency_h=6;replay_mode=FULL_OPERATIONAL_REPLAY;residual_convention=residual_f = actual_high_f - forecast_high_f;phase6=v2_1;replay_version=C_remaining_day_max_plus_obs;replay_mode=FULL_OPERATIONAL_REPLAY;obs_availability=assumed_fixed_lag_20m_after_observation_time,v2_1,C_remaining_day_max_plus_obs,,83.0,OK,,2026-06-03T05:00:00+00:00,2026-06-04T05:00:00+00:00,checkpoint_to_nws_cli_climate_day_end_local_standard_time_utc-5,24,24,83.0,,,,,,,,,
KXHIGHNY-26JUN03,2026-06-03,d0_0600,2026-06-03T10:00:00+00:00,gfs_operational_latest,2026-06-03T00:00:00+00:00,2026-06-03T06:00:00+00:00,day_00z,84.5,84.5,66.0,84.5,83.0,-1.5,nws_cli_knyc,FULL_OPERATIONAL_REPLAY,iem_nws_cli,82° to 83°,6,summer,0.0,open-meteo:single-runs:ncep_gfs_global:operational_latest,policy=latest_available_by_latency;latency_h=6;replay_mode=MODEL_ONLY_REPLAY;residual_convention=residual_f = actual_high_f - forecast_high_f;phase6=v2_1;replay_version=C_remaining_day_max_plus_obs;replay_mode=FULL_OPERATIONAL_REPLAY;obs_availability=assumed_fixed_lag_20m_after_observation_time,v2_1,C_remaining_day_max_plus_obs,,84.5,OK,,2026-06-03T10:00:00+00:00,2026-06-04T05:00:00+00:00,checkpoint_to_nws_cli_climate_day_end_local_standard_time_utc-5,19,19,84.5,OK,,4,1,2026-06-03T08:51:00+00:00,69.0,60.0,False,assumed_fixed_lag_20m_after_observation_time
KXHIGHNY-26JUN03,2026-06-03,d0_0900,2026-06-03T13:00:00+00:00,gfs_operational_latest,2026-06-03T06:00:00+00:00,2026-06-03T12:00:00+00:00,day_06z,84.8,84.8,66.0,84.8,83.0,-1.7999999999999972,nws_cli_knyc,FULL_OPERATIONAL_REPLAY,iem_nws_cli,82° to 83°,6,summer,-6.0,open-meteo:single-runs:ncep_gfs_global:operational_latest,policy=latest_available_by_latency;latency_h=6;replay_mode=MODEL_ONLY_REPLAY;residual_convention=residual_f = actual_high_f - forecast_high_f;phase6=v2_1;replay_version=C_remaining_day_max_plus_obs;replay_mode=FULL_OPERATIONAL_REPLAY;obs_availability=assumed_fixed_lag_20m_after_observation_time,v2_1,C_remaining_day_max_plus_obs,,84.8,OK,,2026-06-03T13:00:00+00:00,2026-06-04T05:00:00+00:00,checkpoint_to_nws_cli_climate_day_end_local_standard_time_utc-5,16,16,84.8,OK,,7,1,2026-06-03T11:51:00+00:00,69.0,60.0,False,assumed_fixed_lag_20m_after_observation_time
KXHIGHNY-26JUN03,2026-06-03,d0_1200,2026-06-03T16:00:00+00:00,gfs_operational_latest,2026-06-03T06:00:00+00:00,2026-06-03T12:00:00+00:00,day_06z,84.8,84.8,77.0,84.8,83.0,-1.7999999999999972,nws_cli_knyc,FULL_OPERATIONAL_REPLAY,iem_nws_cli,82° to 83°,6,summer,-6.0,open-meteo:single-runs:ncep_gfs_global:operational_latest,policy=latest_available_by_latency;latency_h=6;replay_mode=MODEL_ONLY_REPLAY;residual_convention=residual_f = actual_high_f - forecast_high_f;phase6=v2_1;replay_version=C_remaining_day_max_plus_obs;replay_mode=FULL_OPERATIONAL_REPLAY;obs_availability=assumed_fixed_lag_20m_after_observation_time,v2_1,C_remaining_day_max_plus_obs,,84.8,OK,,2026-06-03T16:00:00+00:00,2026-06-04T05:00:00+00:00,checkpoint_to_nws_cli_climate_day_end_local_standard_time_utc-5,13,13,84.8,OK,,10,1,2026-06-03T14:51:00+00:00,69.0,60.0,False,assumed_fixed_lag_20m_after_observation_time
KXHIGHNY-26JUN03,2026-06-03,d0_1500,2026-06-03T19:00:00+00:00,gfs_operational_latest,2026-06-03T06:00:00+00:00,2026-06-03T12:00:00+00:00,day_06z,84.8,84.8,81.0,84.8,83.0,-1.7999999999999972,nws_cli_knyc,FULL_OPERATIONAL_REPLAY,iem_nws_cli,82° to 83°,6,summer,-6.0,open-meteo:single-runs:ncep_gfs_global:operational_latest,policy=latest_available_by_latency;latency_h=6;replay_mode=MODEL_ONLY_REPLAY;residual_convention=residual_f = actual_high_f - forecast_high_f;phase6=v2_1;replay_version=C_remaining_day_max_plus_obs;replay_mode=FULL_OPERATIONAL_REPLAY;obs_availability=assumed_fixed_lag_20m_after_observation_time,v2_1,C_remaining_day_max_plus_obs,,84.8,OK,,2026-06-03T19:00:00+00:00,2026-06-04T05:00:00+00:00,checkpoint_to_nws_cli_climate_day_end_local_standard_time_utc-5,10,10,84.8,OK,,13,1,2026-06-03T17:51:00+00:00,69.0,60.0,False,assumed_fixed_lag_20m_after_observation_time
KXHIGHNY-26JUN04,2026-06-04,dminus1_1800,2026-06-03T22:00:00+00:00,gfs_operational_latest,2026-06-03T12:00:00+00:00,2026-06-03T18:00:00+00:00,prev_12z,86.8,86.8,,86.8,86.0,-0.7999999999999972,nws_cli_knyc,FULL_OPERATIONAL_REPLAY,iem_nws_cli,86° to 87°,6,summer,12.0,open-meteo:single-runs:ncep_gfs_global:operational_latest,policy=latest_available_by_latency;latency_h=6;replay_mode=FULL_OPERATIONAL_REPLAY;residual_convention=residual_f = actual_high_f - forecast_high_f;phase6=v2_1;replay_version=C_remaining_day_max_plus_obs;replay_mode=FULL_OPERATIONAL_REPLAY;obs_availability=assumed_fixed_lag_20m_after_observation_time,v2_1,C_remaining_day_max_plus_obs,,86.8,OK,,2026-06-04T05:00:00+00:00,2026-06-05T05:00:00+00:00,checkpoint_to_nws_cli_climate_day_end_local_standard_time_utc-5,24,24,86.8,,,,,,,,,
KXHIGHNY-26JUN04,2026-06-04,d0_0600,2026-06-04T10:00:00+00:00,gfs_operational_latest,2026-06-04T00:00:00+00:00,2026-06-04T06:00:00+00:00,day_00z,88.1,88.1,68.0,88.1,86.0,-2.0999999999999943,nws_cli_knyc,FULL_OPERATIONAL_REPLAY,iem_nws_cli,86° to 87°,6,summer,0.0,open-meteo:single-runs:ncep_gfs_global:operational_latest,policy=latest_available_by_latency;latency_h=6;replay_mode=MODEL_ONLY_REPLAY;residual_convention=residual_f = actual_high_f - forecast_high_f;phase6=v2_1;replay_version=C_remaining_day_max_plus_obs;replay_mode=FULL_OPERATIONAL_REPLAY;obs_availability=assumed_fixed_lag_20m_after_observation_time,v2_1,C_remaining_day_max_plus_obs,,88.1,OK,,2026-06-04T10:00:00+00:00,2026-06-05T05:00:00+00:00,checkpoint_to_nws_cli_climate_day_end_local_standard_time_utc-5,19,19,88.1,OK,,4,1,2026-06-04T08:51:00+00:00,69.0,60.0,False,assumed_fixed_lag_20m_after_observation_time
KXHIGHNY-26JUN04,2026-06-04,d0_0900,2026-06-04T13:00:00+00:00,gfs_operational_latest,2026-06-04T06:00:00+00:00,2026-06-04T12:00:00+00:00,day_06z,88.8,88.8,68.0,88.8,86.0,-2.799999999999997,nws_cli_knyc,FULL_OPERATIONAL_REPLAY,iem_nws_cli,86° to 87°,6,summer,-6.0,open-meteo:single-runs:ncep_gfs_global:operational_latest,policy=latest_available_by_latency;latency_h=6;replay_mode=MODEL_ONLY_REPLAY;residual_convention=residual_f = actual_high_f - forecast_high_f;phase6=v2_1;replay_version=C_remaining_day_max_plus_obs;replay_mode=FULL_OPERATIONAL_REPLAY;obs_availability=assumed_fixed_lag_20m_after_observation_time,v2_1,C_remaining_day_max_plus_obs,,88.8,OK,,2026-06-04T13:00:00+00:00,2026-06-05T05:00:00+00:00,checkpoint_to_nws_cli_climate_day_end_local_standard_time_utc-5,16,16,88.8,OK,,7,1,2026-06-04T11:51:00+00:00,69.0,60.0,False,assumed_fixed_lag_20m_after_observation_time
KXHIGHNY-26JUN04,2026-06-04,d0_1200,2026-06-04T16:00:00+00:00,gfs_operational_latest,2026-06-04T06:00:00+00:00,2026-06-04T12:00:00+00:00,day_06z,88.8,88.8,78.0,88.8,86.0,-2.799999999999997,nws_cli_knyc,FULL_OPERATIONAL_REPLAY,iem_nws_cli,86° to 87°,6,summer,-6.0,open-meteo:single-runs:ncep_gfs_global:operational_latest,policy=latest_available_by_latency;latency_h=6;replay_mode=MODEL_ONLY_REPLAY;residual_convention=residual_f = actual_high_f - forecast_high_f;phase6=v2_1;replay_version=C_remaining_day_max_plus_obs;replay_mode=FULL_OPERATIONAL_REPLAY;obs_availability=assumed_fixed_lag_20m_after_observation_time,v2_1,C_remaining_day_max_plus_obs,,88.8,OK,,2026-06-04T16:00:00+00:00,2026-06-05T05:00:00+00:00,checkpoint_to_nws_cli_climate_day_end_local_standard_time_utc-5,13,13,88.8,OK,,10,1,2026-06-04T14:51:00+00:00,69.0,60.0,False,assumed_fixed_lag_20m_after_observation_time
KXHIGHNY-26JUN04,2026-06-04,d0_1500,2026-06-04T19:00:00+00:00,gfs_operational_latest,2026-06-04T06:00:00+00:00,2026-06-04T12:00:00+00:00,day_06z,88.6,88.6,85.0,88.6,86.0,-2.5999999999999943,nws_cli_knyc,FULL_OPERATIONAL_REPLAY,iem_nws_cli,86° to 87°,6,summer,-6.0,open-meteo:single-runs:ncep_gfs_global:operational_latest,policy=latest_available_by_latency;latency_h=6;replay_mode=MODEL_ONLY_REPLAY;residual_convention=residual_f = actual_high_f - forecast_high_f;phase6=v2_1;replay_version=C_remaining_day_max_plus_obs;replay_mode=FULL_OPERATIONAL_REPLAY;obs_availability=assumed_fixed_lag_20m_after_observation_time,v2_1,C_remaining_day_max_plus_obs,,88.8,OK,,2026-06-04T19:00:00+00:00,2026-06-05T05:00:00+00:00,checkpoint_to_nws_cli_climate_day_end_local_standard_time_utc-5,10,10,88.6,OK,,13,1,2026-06-04T17:51:00+00:00,69.0,60.0,False,assumed_fixed_lag_20m_after_observation_time
KXHIGHNY-26JUN05,2026-06-05,dminus1_1800,2026-06-04T22:00:00+00:00,gfs_operational_latest,2026-06-04T12:00:00+00:00,2026-06-04T18:00:00+00:00,prev_12z,91.5,91.5,,91.5,88.0,-3.5,nws_cli_knyc,FULL_OPERATIONAL_REPLAY,iem_nws_cli,87° to 88°,6,summer,12.0,open-meteo:single-runs:ncep_gfs_global:operational_latest,policy=latest_available_by_latency;latency_h=6;replay_mode=FULL_OPERATIONAL_REPLAY;residual_convention=residual_f = actual_high_f - forecast_high_f;phase6=v2_1;replay_version=C_remaining_day_max_plus_obs;replay_mode=FULL_OPERATIONAL_REPLAY;obs_availability=assumed_fixed_lag_20m_after_observation_time,v2_1,C_remaining_day_max_plus_obs,,91.5,OK,,2026-06-05T05:00:00+00:00,2026-06-06T05:00:00+00:00,checkpoint_to_nws_cli_climate_day_end_local_standard_time_utc-5,24,24,91.5,,,,,,,,,
KXHIGHNY-26JUN05,2026-06-05,d0_0600,2026-06-05T10:00:00+00:00,gfs_operational_latest,2026-06-05T00:00:00+00:00,2026-06-05T06:00:00+00:00,day_00z,92.2,92.2,71.0,92.2,88.0,-4.200000000000003,nws_cli_knyc,FULL_OPERATIONAL_REPLAY,iem_nws_cli,87° to 88°,6,summer,0.0,open-meteo:single-runs:ncep_gfs_global:operational_latest,policy=latest_available_by_latency;latency_h=6;replay_mode=MODEL_ONLY_REPLAY;residual_convention=residual_f = actual_high_f - forecast_high_f;phase6=v2_1;replay_version=C_remaining_day_max_plus_obs;replay_mode=FULL_OPERATIONAL_REPLAY;obs_availability=assumed_fixed_lag_20m_after_observation_time,v2_1,C_remaining_day_max_plus_obs,,92.2,OK,,2026-06-05T10:00:00+00:00,2026-06-06T05:00:00+00:00,checkpoint_to_nws_cli_climate_day_end_local_standard_time_utc-5,19,19,92.2,OK,,4,1,2026-06-05T08:51:00+00:00,69.0,60.0,False,assumed_fixed_lag_20m_after_observation_time
KXHIGHNY-26JUN05,2026-06-05,d0_0900,2026-06-05T13:00:00+00:00,gfs_operational_latest,2026-06-05T06:00:00+00:00,2026-06-05T12:00:00+00:00,day_06z,92.6,92.6,71.0,92.6,88.0,-4.599999999999994,nws_cli_knyc,FULL_OPERATIONAL_REPLAY,iem_nws_cli,87° to 88°,6,summer,-6.0,open-meteo:single-runs:ncep_gfs_global:operational_latest,policy=latest_available_by_latency;latency_h=6;replay_mode=MODEL_ONLY_REPLAY;residual_convention=residual_f = actual_high_f - forecast_high_f;phase6=v2_1;replay_version=C_remaining_day_max_plus_obs;replay_mode=FULL_OPERATIONAL_REPLAY;obs_availability=assumed_fixed_lag_20m_after_observation_time,v2_1,C_remaining_day_max_plus_obs,,92.6,OK,,2026-06-05T13:00:00+00:00,2026-06-06T05:00:00+00:00,checkpoint_to_nws_cli_climate_day_end_local_standard_time_utc-5,16,16,92.6,OK,,7,1,2026-06-05T11:51:00+00:00,69.0,60.0,False,assumed_fixed_lag_20m_after_observation_time
KXHIGHNY-26JUN05,2026-06-05,d0_1200,2026-06-05T16:00:00+00:00,gfs_operational_latest,2026-06-05T06:00:00+00:00,2026-06-05T12:00:00+00:00,day_06z,92.6,92.6,82.0,92.6,88.0,-4.599999999999994,nws_cli_knyc,FULL_OPERATIONAL_REPLAY,iem_nws_cli,87° to 88°,6,summer,-6.0,open-meteo:single-runs:ncep_gfs_global:operational_latest,policy=latest_available_by_latency;latency_h=6;replay_mode=MODEL_ONLY_REPLAY;residual_convention=residual_f = actual_high_f - forecast_high_f;phase6=v2_1;replay_version=C_remaining_day_max_plus_obs;replay_mode=FULL_OPERATIONAL_REPLAY;obs_availability=assumed_fixed_lag_20m_after_observation_time,v2_1,C_remaining_day_max_plus_obs,,92.6,OK,,2026-06-05T16:00:00+00:00,2026-06-06T05:00:00+00:00,checkpoint_to_nws_cli_climate_day_end_local_standard_time_utc-5,13,13,92.6,OK,,10,1,2026-06-05T14:51:00+00:00,69.0,60.0,False,assumed_fixed_lag_20m_after_observation_time
KXHIGHNY-26JUN05,2026-06-05,d0_1500,2026-06-05T19:00:00+00:00,gfs_operational_latest,2026-06-05T06:00:00+00:00,2026-06-05T12:00:00+00:00,day_06z,92.6,92.6,87.0,92.6,88.0,-4.599999999999994,nws_cli_knyc,FULL_OPERATIONAL_REPLAY,iem_nws_cli,87° to 88°,6,summer,-6.0,open-meteo:single-runs:ncep_gfs_global:operational_latest,policy=latest_available_by_latency;latency_h=6;replay_mode=MODEL_ONLY_REPLAY;residual_convention=residual_f = actual_high_f - forecast_high_f;phase6=v2_1;replay_version=C_remaining_day_max_plus_obs;replay_mode=FULL_OPERATIONAL_REPLAY;obs_availability=assumed_fixed_lag_20m_after_observation_time,v2_1,C_remaining_day_max_plus_obs,,92.6,OK,,2026-06-05T19:00:00+00:00,2026-06-06T05:00:00+00:00,checkpoint_to_nws_cli_climate_day_end_local_standard_time_utc-5,10,10,92.6,OK,,13,1,2026-06-05T17:51:00+00:00,69.0,60.0,False,assumed_fixed_lag_20m_after_observation_time
KXHIGHNY-26JUN06,2026-06-06,dminus1_1800,2026-06-05T22:00:00+00:00,gfs_operational_latest,2026-06-05T12:00:00+00:00,2026-06-05T18:00:00+00:00,prev_12z,92.4,92.4,,92.4,87.0,-5.400000000000006,nws_cli_knyc,FULL_OPERATIONAL_REPLAY,iem_nws_cli,87° to 88°,6,summer,12.0,open-meteo:single-runs:ncep_gfs_global:operational_latest,policy=latest_available_by_latency;latency_h=6;replay_mode=FULL_OPERATIONAL_REPLAY;residual_convention=residual_f = actual_high_f - forecast_high_f;phase6=v2_1;replay_version=C_remaining_day_max_plus_obs;replay_mode=FULL_OPERATIONAL_REPLAY;obs_availability=assumed_fixed_lag_20m_after_observation_time,v2_1,C_remaining_day_max_plus_obs,,92.4,OK,,2026-06-06T05:00:00+00:00,2026-06-07T05:00:00+00:00,checkpoint_to_nws_cli_climate_day_end_local_standard_time_utc-5,24,24,92.4,,,,,,,,,
KXHIGHNY-26JUN06,2026-06-06,d0_0600,2026-06-06T10:00:00+00:00,gfs_operational_latest,2026-06-06T00:00:00+00:00,2026-06-06T06:00:00+00:00,day_00z,91.7,91.7,77.0,91.7,87.0,-4.700000000000003,nws_cli_knyc,FULL_OPERATIONAL_REPLAY,iem_nws_cli,87° to 88°,6,summer,0.0,open-meteo:single-runs:ncep_gfs_global:operational_latest,policy=latest_available_by_latency;latency_h=6;replay_mode=MODEL_ONLY_REPLAY;residual_convention=residual_f = actual_high_f - forecast_high_f;phase6=v2_1;replay_version=C_remaining_day_max_plus_obs;replay_mode=FULL_OPERATIONAL_REPLAY;obs_availability=assumed_fixed_lag_20m_after_observation_time,v2_1,C_remaining_day_max_plus_obs,,91.7,OK,,2026-06-06T10:00:00+00:00,2026-06-07T05:00:00+00:00,checkpoint_to_nws_cli_climate_day_end_local_standard_time_utc-5,19,19,91.7,OK,,4,1,2026-06-06T08:51:00+00:00,69.0,60.0,False,assumed_fixed_lag_20m_after_observation_time
KXHIGHNY-26JUN06,2026-06-06,d0_0900,2026-06-06T13:00:00+00:00,gfs_operational_latest,2026-06-06T06:00:00+00:00,2026-06-06T12:00:00+00:00,day_06z,91.7,91.7,77.0,91.7,87.0,-4.700000000000003,nws_cli_knyc,FULL_OPERATIONAL_REPLAY,iem_nws_cli,87° to 88°,6,summer,-6.0,open-meteo:single-runs:ncep_gfs_global:operational_latest,policy=latest_available_by_latency;latency_h=6;replay_mode=MODEL_ONLY_REPLAY;residual_convention=residual_f = actual_high_f - forecast_high_f;phase6=v2_1;replay_version=C_remaining_day_max_plus_obs;replay_mode=FULL_OPERATIONAL_REPLAY;obs_availability=assumed_fixed_lag_20m_after_observation_time,v2_1,C_remaining_day_max_plus_obs,,91.7,OK,,2026-06-06T13:00:00+00:00,2026-06-07T05:00:00+00:00,checkpoint_to_nws_cli_climate_day_end_local_standard_time_utc-5,16,16,91.7,OK,,7,1,2026-06-06T11:51:00+00:00,69.0,60.0,False,assumed_fixed_lag_20m_after_observation_time
KXHIGHNY-26JUN06,2026-06-06,d0_1200,2026-06-06T16:00:00+00:00,gfs_operational_latest,2026-06-06T06:00:00+00:00,2026-06-06T12:00:00+00:00,day_06z,91.7,91.7,81.0,91.7,87.0,-4.700000000000003,nws_cli_knyc,FULL_OPERATIONAL_REPLAY,iem_nws_cli,87° to 88°,6,summer,-6.0,open-meteo:single-runs:ncep_gfs_global:operational_latest,policy=latest_available_by_latency;latency_h=6;replay_mode=MODEL_ONLY_REPLAY;residual_convention=residual_f = actual_high_f - forecast_high_f;phase6=v2_1;replay_version=C_remaining_day_max_plus_obs;replay_mode=FULL_OPERATIONAL_REPLAY;obs_availability=assumed_fixed_lag_20m_after_observation_time,v2_1,C_remaining_day_max_plus_obs,,91.7,OK,,2026-06-06T16:00:00+00:00,2026-06-07T05:00:00+00:00,checkpoint_to_nws_cli_climate_day_end_local_standard_time_utc-5,13,13,91.7,OK,,10,1,2026-06-06T14:51:00+00:00,69.0,60.0,False,assumed_fixed_lag_20m_after_observation_time
KXHIGHNY-26JUN06,2026-06-06,d0_1500,2026-06-06T19:00:00+00:00,gfs_operational_latest,2026-06-06T06:00:00+00:00,2026-06-06T12:00:00+00:00,day_06z,91.7,91.7,86.0,91.7,87.0,-4.700000000000003,nws_cli_knyc,FULL_OPERATIONAL_REPLAY,iem_nws_cli,87° to 88°,6,summer,-6.0,open-meteo:single-runs:ncep_gfs_global:operational_latest,policy=latest_available_by_latency;latency_h=6;replay_mode=MODEL_ONLY_REPLAY;residual_convention=residual_f = actual_high_f - forecast_high_f;phase6=v2_1;replay_version=C_remaining_day_max_plus_obs;replay_mode=FULL_OPERATIONAL_REPLAY;obs_availability=assumed_fixed_lag_20m_after_observation_time,v2_1,C_remaining_day_max_plus_obs,,91.7,OK,,2026-06-06T19:00:00+00:00,2026-06-07T05:00:00+00:00,checkpoint_to_nws_cli_climate_day_end_local_standard_time_utc-5,10,10,91.7,OK,,13,1,2026-06-06T17:51:00+00:00,69.0,60.0,False,assumed_fixed_lag_20m_after_observation_time
KXHIGHNY-26JUN07,2026-06-07,dminus1_1800,2026-06-06T22:00:00+00:00,gfs_operational_latest,2026-06-06T12:00:00+00:00,2026-06-06T18:00:00+00:00,prev_12z,85.6,85.6,,85.6,81.0,-4.599999999999994,nws_cli_knyc,FULL_OPERATIONAL_REPLAY,iem_nws_cli,86° or below,6,summer,12.0,open-meteo:single-runs:ncep_gfs_global:operational_latest,policy=latest_available_by_latency;latency_h=6;replay_mode=FULL_OPERATIONAL_REPLAY;residual_convention=residual_f = actual_high_f - forecast_high_f;phase6=v2_1;replay_version=C_remaining_day_max_plus_obs;replay_mode=FULL_OPERATIONAL_REPLAY;obs_availability=assumed_fixed_lag_20m_after_observation_time,v2_1,C_remaining_day_max_plus_obs,,85.6,OK,,2026-06-07T05:00:00+00:00,2026-06-08T05:00:00+00:00,checkpoint_to_nws_cli_climate_day_end_local_standard_time_utc-5,24,24,85.6,,,,,,,,,
KXHIGHNY-26JUN07,2026-06-07,d0_0600,2026-06-07T10:00:00+00:00,gfs_operational_latest,2026-06-07T00:00:00+00:00,2026-06-07T06:00:00+00:00,day_00z,83.4,83.4,67.0,83.4,81.0,-2.4000000000000057,nws_cli_knyc,FULL_OPERATIONAL_REPLAY,iem_nws_cli,86° or below,6,summer,0.0,open-meteo:single-runs:ncep_gfs_global:operational_latest,policy=latest_available_by_latency;latency_h=6;replay_mode=MODEL_ONLY_REPLAY;residual_convention=residual_f = actual_high_f - forecast_high_f;phase6=v2_1;replay_version=C_remaining_day_max_plus_obs;replay_mode=FULL_OPERATIONAL_REPLAY;obs_availability=assumed_fixed_lag_20m_after_observation_time,v2_1,C_remaining_day_max_plus_obs,,83.4,OK,,2026-06-07T10:00:00+00:00,2026-06-08T05:00:00+00:00,checkpoint_to_nws_cli_climate_day_end_local_standard_time_utc-5,19,19,83.4,OK,,4,1,2026-06-07T08:51:00+00:00,69.0,60.0,False,assumed_fixed_lag_20m_after_observation_time
KXHIGHNY-26JUN07,2026-06-07,d0_0900,2026-06-07T13:00:00+00:00,gfs_operational_latest,2026-06-07T06:00:00+00:00,2026-06-07T12:00:00+00:00,day_06z,85.2,85.2,70.0,85.2,81.0,-4.200000000000003,nws_cli_knyc,FULL_OPERATIONAL_REPLAY,iem_nws_cli,86° or below,6,summer,-6.0,open-meteo:single-runs:ncep_gfs_global:operational_latest,policy=latest_available_by_latency;latency_h=6;replay_mode=MODEL_ONLY_REPLAY;residual_convention=residual_f = actual_high_f - forecast_high_f;phase6=v2_1;replay_version=C_remaining_day_max_plus_obs;replay_mode=FULL_OPERATIONAL_REPLAY;obs_availability=assumed_fixed_lag_20m_after_observation_time,v2_1,C_remaining_day_max_plus_obs,,85.2,OK,,2026-06-07T13:00:00+00:00,2026-06-08T05:00:00+00:00,checkpoint_to_nws_cli_climate_day_end_local_standard_time_utc-5,16,16,85.2,OK,,7,1,2026-06-07T11:51:00+00:00,69.0,60.0,False,assumed_fixed_lag_20m_after_observation_time
KXHIGHNY-26JUN07,2026-06-07,d0_1200,2026-06-07T16:00:00+00:00,gfs_operational_latest,2026-06-07T06:00:00+00:00,2026-06-07T12:00:00+00:00,day_06z,85.2,85.2,80.0,85.2,81.0,-4.200000000000003,nws_cli_knyc,FULL_OPERATIONAL_REPLAY,iem_nws_cli,86° or below,6,summer,-6.0,open-meteo:single-runs:ncep_gfs_global:operational_latest,policy=latest_available_by_latency;latency_h=6;replay_mode=MODEL_ONLY_REPLAY;residual_convention=residual_f = actual_high_f - forecast_high_f;phase6=v2_1;replay_version=C_remaining_day_max_plus_obs;replay_mode=FULL_OPERATIONAL_REPLAY;obs_availability=assumed_fixed_lag_20m_after_observation_time,v2_1,C_remaining_day_max_plus_obs,,85.2,OK,,2026-06-07T16:00:00+00:00,2026-06-08T05:00:00+00:00,checkpoint_to_nws_cli_climate_day_end_local_standard_time_utc-5,13,13,85.2,OK,,12,1,2026-06-07T15:20:00+00:00,40.0,60.0,False,assumed_fixed_lag_20m_after_observation_time
KXHIGHNY-26JUN07,2026-06-07,d0_1500,2026-06-07T19:00:00+00:00,gfs_operational_latest,2026-06-07T06:00:00+00:00,2026-06-07T12:00:00+00:00,day_06z,83.6,83.6,80.0,83.6,81.0,-2.5999999999999943,nws_cli_knyc,FULL_OPERATIONAL_REPLAY,iem_nws_cli,86° or below,6,summer,-6.0,open-meteo:single-runs:ncep_gfs_global:operational_latest,policy=latest_available_by_latency;latency_h=6;replay_mode=MODEL_ONLY_REPLAY;residual_convention=residual_f = actual_high_f - forecast_high_f;phase6=v2_1;replay_version=C_remaining_day_max_plus_obs;replay_mode=FULL_OPERATIONAL_REPLAY;obs_availability=assumed_fixed_lag_20m_after_observation_time,v2_1,C_remaining_day_max_plus_obs,,85.2,OK,,2026-06-07T19:00:00+00:00,2026-06-08T05:00:00+00:00,checkpoint_to_nws_cli_climate_day_end_local_standard_time_utc-5,10,10,83.6,OK,,16,1,2026-06-07T17:51:00+00:00,69.0,60.0,False,assumed_fixed_lag_20m_after_observation_time
KXHIGHNY-26JUN08,2026-06-08,dminus1_1800,2026-06-07T22:00:00+00:00,gfs_operational_latest,2026-06-07T12:00:00+00:00,2026-06-07T18:00:00+00:00,prev_12z,80.5,80.5,,80.5,75.0,-5.5,nws_cli_knyc,FULL_OPERATIONAL_REPLAY,iem_nws_cli,74° to 75°,6,summer,12.0,open-meteo:single-runs:ncep_gfs_global:operational_latest,policy=latest_available_by_latency;latency_h=6;replay_mode=FULL_OPERATIONAL_REPLAY;residual_convention=residual_f = actual_high_f - forecast_high_f;phase6=v2_1;replay_version=C_remaining_day_max_plus_obs;replay_mode=FULL_OPERATIONAL_REPLAY;obs_availability=assumed_fixed_lag_20m_after_observation_time,v2_1,C_remaining_day_max_plus_obs,,80.5,OK,,2026-06-08T05:00:00+00:00,2026-06-09T05:00:00+00:00,checkpoint_to_nws_cli_climate_day_end_local_standard_time_utc-5,24,24,80.5,,,,,,,,,
KXHIGHNY-26JUN08,2026-06-08,d0_0600,2026-06-08T10:00:00+00:00,gfs_operational_latest,2026-06-08T00:00:00+00:00,2026-06-08T06:00:00+00:00,day_00z,79.8,79.8,66.0,79.8,75.0,-4.799999999999997,nws_cli_knyc,FULL_OPERATIONAL_REPLAY,iem_nws_cli,74° to 75°,6,summer,0.0,open-meteo:single-runs:ncep_gfs_global:operational_latest,policy=latest_available_by_latency;latency_h=6;replay_mode=MODEL_ONLY_REPLAY;residual_convention=residual_f = actual_high_f - forecast_high_f;phase6=v2_1;replay_version=C_remaining_day_max_plus_obs;replay_mode=FULL_OPERATIONAL_REPLAY;obs_availability=assumed_fixed_lag_20m_after_observation_time,v2_1,C_remaining_day_max_plus_obs,,79.8,OK,,2026-06-08T10:00:00+00:00,2026-06-09T05:00:00+00:00,checkpoint_to_nws_cli_climate_day_end_local_standard_time_utc-5,19,19,79.8,OK,,5,1,2026-06-08T08:51:00+00:00,69.0,60.0,False,assumed_fixed_lag_20m_after_observation_time
KXHIGHNY-26JUN08,2026-06-08,d0_0900,2026-06-08T13:00:00+00:00,gfs_operational_latest,2026-06-08T06:00:00+00:00,2026-06-08T12:00:00+00:00,day_06z,80.0,80.0,66.0,80.0,75.0,-5.0,nws_cli_knyc,FULL_OPERATIONAL_REPLAY,iem_nws_cli,74° to 75°,6,summer,-6.0,open-meteo:single-runs:ncep_gfs_global:operational_latest,policy=latest_available_by_latency;latency_h=6;replay_mode=MODEL_ONLY_REPLAY;residual_convention=residual_f = actual_high_f - forecast_high_f;phase6=v2_1;replay_version=C_remaining_day_max_plus_obs;replay_mode=FULL_OPERATIONAL_REPLAY;obs_availability=assumed_fixed_lag_20m_after_observation_time,v2_1,C_remaining_day_max_plus_obs,,80.0,OK,,2026-06-08T13:00:00+00:00,2026-06-09T05:00:00+00:00,checkpoint_to_nws_cli_climate_day_end_local_standard_time_utc-5,16,16,80.0,OK,,8,1,2026-06-08T11:51:00+00:00,69.0,60.0,False,assumed_fixed_lag_20m_after_observation_time
KXHIGHNY-26JUN08,2026-06-08,d0_1200,2026-06-08T16:00:00+00:00,gfs_operational_latest,2026-06-08T06:00:00+00:00,2026-06-08T12:00:00+00:00,day_06z,80.0,80.0,70.0,80.0,75.0,-5.0,nws_cli_knyc,FULL_OPERATIONAL_REPLAY,iem_nws_cli,74° to 75°,6,summer,-6.0,open-meteo:single-runs:ncep_gfs_global:operational_latest,policy=latest_available_by_latency;latency_h=6;replay_mode=MODEL_ONLY_REPLAY;residual_convention=residual_f = actual_high_f - forecast_high_f;phase6=v2_1;replay_version=C_remaining_day_max_plus_obs;replay_mode=FULL_OPERATIONAL_REPLAY;obs_availability=assumed_fixed_lag_20m_after_observation_time,v2_1,C_remaining_day_max_plus_obs,,80.0,OK,,2026-06-08T16:00:00+00:00,2026-06-09T05:00:00+00:00,checkpoint_to_nws_cli_climate_day_end_local_standard_time_utc-5,13,13,80.0,OK,,11,1,2026-06-08T14:51:00+00:00,69.0,60.0,False,assumed_fixed_lag_20m_after_observation_time
KXHIGHNY-26JUN08,2026-06-08,d0_1500,2026-06-08T19:00:00+00:00,gfs_operational_latest,2026-06-08T06:00:00+00:00,2026-06-08T12:00:00+00:00,day_06z,79.4,79.4,74.0,79.4,75.0,-4.400000000000006,nws_cli_knyc,FULL_OPERATIONAL_REPLAY,iem_nws_cli,74° to 75°,6,summer,-6.0,open-meteo:single-runs:ncep_gfs_global:operational_latest,policy=latest_available_by_latency;latency_h=6;replay_mode=MODEL_ONLY_REPLAY;residual_convention=residual_f = actual_high_f - forecast_high_f;phase6=v2_1;replay_version=C_remaining_day_max_plus_obs;replay_mode=FULL_OPERATIONAL_REPLAY;obs_availability=assumed_fixed_lag_20m_after_observation_time,v2_1,C_remaining_day_max_plus_obs,,80.0,OK,,2026-06-08T19:00:00+00:00,2026-06-09T05:00:00+00:00,checkpoint_to_nws_cli_climate_day_end_local_standard_time_utc-5,10,10,79.4,OK,,14,1,2026-06-08T17:51:00+00:00,69.0,60.0,False,assumed_fixed_lag_20m_after_observation_time
KXHIGHNY-26JUN09,2026-06-09,dminus1_1800,2026-06-08T22:00:00+00:00,gfs_operational_latest,2026-06-08T12:00:00+00:00,2026-06-08T18:00:00+00:00,prev_12z,85.7,85.7,,85.7,79.0,-6.700000000000003,nws_cli_knyc,FULL_OPERATIONAL_REPLAY,iem_nws_cli,78° to 79°,6,summer,12.0,open-meteo:single-runs:ncep_gfs_global:operational_latest,policy=latest_available_by_latency;latency_h=6;replay_mode=FULL_OPERATIONAL_REPLAY;residual_convention=residual_f = actual_high_f - forecast_high_f;phase6=v2_1;replay_version=C_remaining_day_max_plus_obs;replay_mode=FULL_OPERATIONAL_REPLAY;obs_availability=assumed_fixed_lag_20m_after_observation_time,v2_1,C_remaining_day_max_plus_obs,,85.7,OK,,2026-06-09T05:00:00+00:00,2026-06-10T05:00:00+00:00,checkpoint_to_nws_cli_climate_day_end_local_standard_time_utc-5,24,24,85.7,,,,,,,,,
KXHIGHNY-26JUN09,2026-06-09,d0_0600,2026-06-09T10:00:00+00:00,gfs_operational_latest,2026-06-09T00:00:00+00:00,2026-06-09T06:00:00+00:00,day_00z,84.3,84.3,64.0,84.3,79.0,-5.299999999999997,nws_cli_knyc,FULL_OPERATIONAL_REPLAY,iem_nws_cli,78° to 79°,6,summer,0.0,open-meteo:single-runs:ncep_gfs_global:operational_latest,policy=latest_available_by_latency;latency_h=6;replay_mode=MODEL_ONLY_REPLAY;residual_convention=residual_f = actual_high_f - forecast_high_f;phase6=v2_1;replay_version=C_remaining_day_max_plus_obs;replay_mode=FULL_OPERATIONAL_REPLAY;obs_availability=assumed_fixed_lag_20m_after_observation_time,v2_1,C_remaining_day_max_plus_obs,,84.3,OK,,2026-06-09T10:00:00+00:00,2026-06-10T05:00:00+00:00,checkpoint_to_nws_cli_climate_day_end_local_standard_time_utc-5,19,19,84.3,OK,,4,1,2026-06-09T08:51:00+00:00,69.0,60.0,False,assumed_fixed_lag_20m_after_observation_time
KXHIGHNY-26JUN09,2026-06-09,d0_0900,2026-06-09T13:00:00+00:00,gfs_operational_latest,2026-06-09T06:00:00+00:00,2026-06-09T12:00:00+00:00,day_06z,84.5,84.5,64.0,84.5,79.0,-5.5,nws_cli_knyc,FULL_OPERATIONAL_REPLAY,iem_nws_cli,78° to 79°,6,summer,-6.0,open-meteo:single-runs:ncep_gfs_global:operational_latest,policy=latest_available_by_latency;latency_h=6;replay_mode=MODEL_ONLY_REPLAY;residual_convention=residual_f = actual_high_f - forecast_high_f;phase6=v2_1;replay_version=C_remaining_day_max_plus_obs;replay_mode=FULL_OPERATIONAL_REPLAY;obs_availability=assumed_fixed_lag_20m_after_observation_time,v2_1,C_remaining_day_max_plus_obs,,84.5,OK,,2026-06-09T13:00:00+00:00,2026-06-10T05:00:00+00:00,checkpoint_to_nws_cli_climate_day_end_local_standard_time_utc-5,16,16,84.5,OK,,7,1,2026-06-09T11:51:00+00:00,69.0,60.0,False,assumed_fixed_lag_20m_after_observation_time
KXHIGHNY-26JUN09,2026-06-09,d0_1200,2026-06-09T16:00:00+00:00,gfs_operational_latest,2026-06-09T06:00:00+00:00,2026-06-09T12:00:00+00:00,day_06z,84.5,84.5,73.0,84.5,79.0,-5.5,nws_cli_knyc,FULL_OPERATIONAL_REPLAY,iem_nws_cli,78° to 79°,6,summer,-6.0,open-meteo:single-runs:ncep_gfs_global:operational_latest,policy=latest_available_by_latency;latency_h=6;replay_mode=MODEL_ONLY_REPLAY;residual_convention=residual_f = actual_high_f - forecast_high_f;phase6=v2_1;replay_version=C_remaining_day_max_plus_obs;replay_mode=FULL_OPERATIONAL_REPLAY;obs_availability=assumed_fixed_lag_20m_after_observation_time,v2_1,C_remaining_day_max_plus_obs,,84.5,OK,,2026-06-09T16:00:00+00:00,2026-06-10T05:00:00+00:00,checkpoint_to_nws_cli_climate_day_end_local_standard_time_utc-5,13,13,84.5,OK,,10,1,2026-06-09T14:51:00+00:00,69.0,60.0,False,assumed_fixed_lag_20m_after_observation_time
KXHIGHNY-26JUN09,2026-06-09,d0_1500,2026-06-09T19:00:00+00:00,gfs_operational_latest,2026-06-09T06:00:00+00:00,2026-06-09T12:00:00+00:00,day_06z,84.5,84.5,78.0,84.5,79.0,-5.5,nws_cli_knyc,FULL_OPERATIONAL_REPLAY,iem_nws_cli,78° to 79°,6,summer,-6.0,open-meteo:single-runs:ncep_gfs_global:operational_latest,policy=latest_available_by_latency;latency_h=6;replay_mode=MODEL_ONLY_REPLAY;residual_convention=residual_f = actual_high_f - forecast_high_f;phase6=v2_1;replay_version=C_remaining_day_max_plus_obs;replay_mode=FULL_OPERATIONAL_REPLAY;obs_availability=assumed_fixed_lag_20m_after_observation_time,v2_1,C_remaining_day_max_plus_obs,,84.5,OK,,2026-06-09T19:00:00+00:00,2026-06-10T05:00:00+00:00,checkpoint_to_nws_cli_climate_day_end_local_standard_time_utc-5,10,10,84.5,OK,,13,1,2026-06-09T17:51:00+00:00,69.0,60.0,False,assumed_fixed_lag_20m_after_observation_time
KXHIGHNY-26JUN10,2026-06-10,dminus1_1800,2026-06-09T22:00:00+00:00,gfs_operational_latest,2026-06-09T12:00:00+00:00,2026-06-09T18:00:00+00:00,prev_12z,84.5,84.5,,84.5,82.0,-2.5,nws_cli_knyc,FULL_OPERATIONAL_REPLAY,iem_nws_cli,81° to 82°,6,summer,12.0,open-meteo:single-runs:ncep_gfs_global:operational_latest,policy=latest_available_by_latency;latency_h=6;replay_mode=FULL_OPERATIONAL_REPLAY;residual_convention=residual_f = actual_high_f - forecast_high_f;phase6=v2_1;replay_version=C_remaining_day_max_plus_obs;replay_mode=FULL_OPERATIONAL_REPLAY;obs_availability=assumed_fixed_lag_20m_after_observation_time,v2_1,C_remaining_day_max_plus_obs,,84.5,OK,,2026-06-10T05:00:00+00:00,2026-06-11T05:00:00+00:00,checkpoint_to_nws_cli_climate_day_end_local_standard_time_utc-5,24,24,84.5,,,,,,,,,
KXHIGHNY-26JUN10,2026-06-10,d0_0600,2026-06-10T10:00:00+00:00,gfs_operational_latest,2026-06-10T00:00:00+00:00,2026-06-10T06:00:00+00:00,day_00z,87.9,87.9,70.0,87.9,82.0,-5.900000000000006,nws_cli_knyc,FULL_OPERATIONAL_REPLAY,iem_nws_cli,81° to 82°,6,summer,0.0,open-meteo:single-runs:ncep_gfs_global:operational_latest,policy=latest_available_by_latency;latency_h=6;replay_mode=MODEL_ONLY_REPLAY;residual_convention=residual_f = actual_high_f - forecast_high_f;phase6=v2_1;replay_version=C_remaining_day_max_plus_obs;replay_mode=FULL_OPERATIONAL_REPLAY;obs_availability=assumed_fixed_lag_20m_after_observation_time,v2_1,C_remaining_day_max_plus_obs,,87.9,OK,,2026-06-10T10:00:00+00:00,2026-06-11T05:00:00+00:00,checkpoint_to_nws_cli_climate_day_end_local_standard_time_utc-5,19,19,87.9,OK,,4,1,2026-06-10T08:51:00+00:00,69.0,60.0,False,assumed_fixed_lag_20m_after_observation_time
KXHIGHNY-26JUN10,2026-06-10,d0_0900,2026-06-10T13:00:00+00:00,gfs_operational_latest,2026-06-10T06:00:00+00:00,2026-06-10T12:00:00+00:00,day_06z,87.2,87.2,71.0,87.2,82.0,-5.200000000000003,nws_cli_knyc,FULL_OPERATIONAL_REPLAY,iem_nws_cli,81° to 82°,6,summer,-6.0,open-meteo:single-runs:ncep_gfs_global:operational_latest,policy=latest_available_by_latency;latency_h=6;replay_mode=MODEL_ONLY_REPLAY;residual_convention=residual_f = actual_high_f - forecast_high_f;phase6=v2_1;replay_version=C_remaining_day_max_plus_obs;replay_mode=FULL_OPERATIONAL_REPLAY;obs_availability=assumed_fixed_lag_20m_after_observation_time,v2_1,C_remaining_day_max_plus_obs,,87.2,OK,,2026-06-10T13:00:00+00:00,2026-06-11T05:00:00+00:00,checkpoint_to_nws_cli_climate_day_end_local_standard_time_utc-5,16,16,87.2,OK,,7,1,2026-06-10T11:51:00+00:00,69.0,60.0,False,assumed_fixed_lag_20m_after_observation_time
KXHIGHNY-26JUN10,2026-06-10,d0_1200,2026-06-10T16:00:00+00:00,gfs_operational_latest,2026-06-10T06:00:00+00:00,2026-06-10T12:00:00+00:00,day_06z,87.2,87.2,76.0,87.2,82.0,-5.200000000000003,nws_cli_knyc,FULL_OPERATIONAL_REPLAY,iem_nws_cli,81° to 82°,6,summer,-6.0,open-meteo:single-runs:ncep_gfs_global:operational_latest,policy=latest_available_by_latency;latency_h=6;replay_mode=MODEL_ONLY_REPLAY;residual_convention=residual_f = actual_high_f - forecast_high_f;phase6=v2_1;replay_version=C_remaining_day_max_plus_obs;replay_mode=FULL_OPERATIONAL_REPLAY;obs_availability=assumed_fixed_lag_20m_after_observation_time,v2_1,C_remaining_day_max_plus_obs,,87.2,OK,,2026-06-10T16:00:00+00:00,2026-06-11T05:00:00+00:00,checkpoint_to_nws_cli_climate_day_end_local_standard_time_utc-5,13,13,87.2,OK,,10,1,2026-06-10T14:51:00+00:00,69.0,60.0,False,assumed_fixed_lag_20m_after_observation_time
KXHIGHNY-26JUN10,2026-06-10,d0_1500,2026-06-10T19:00:00+00:00,gfs_operational_latest,2026-06-10T06:00:00+00:00,2026-06-10T12:00:00+00:00,day_06z,85.4,85.4,81.0,85.4,82.0,-3.4000000000000057,nws_cli_knyc,FULL_OPERATIONAL_REPLAY,iem_nws_cli,81° to 82°,6,summer,-6.0,open-meteo:single-runs:ncep_gfs_global:operational_latest,policy=latest_available_by_latency;latency_h=6;replay_mode=MODEL_ONLY_REPLAY;residual_convention=residual_f = actual_high_f - forecast_high_f;phase6=v2_1;replay_version=C_remaining_day_max_plus_obs;replay_mode=FULL_OPERATIONAL_REPLAY;obs_availability=assumed_fixed_lag_20m_after_observation_time,v2_1,C_remaining_day_max_plus_obs,,87.2,OK,,2026-06-10T19:00:00+00:00,2026-06-11T05:00:00+00:00,checkpoint_to_nws_cli_climate_day_end_local_standard_time_utc-5,10,10,85.4,OK,,13,1,2026-06-10T17:51:00+00:00,69.0,60.0,False,assumed_fixed_lag_20m_after_observation_time
KXHIGHNY-26JUN12,2026-06-12,dminus1_1800,2026-06-11T22:00:00+00:00,gfs_operational_latest,2026-06-11T12:00:00+00:00,2026-06-11T18:00:00+00:00,prev_12z,100.0,100.0,,100.0,90.0,-10.0,nws_cli_knyc,FULL_OPERATIONAL_REPLAY,iem_nws_cli,90° to 91°,6,summer,12.0,open-meteo:single-runs:ncep_gfs_global:operational_latest,policy=latest_available_by_latency;latency_h=6;replay_mode=FULL_OPERATIONAL_REPLAY;residual_convention=residual_f = actual_high_f - forecast_high_f;phase6=v2_1;replay_version=C_remaining_day_max_plus_obs;replay_mode=FULL_OPERATIONAL_REPLAY;obs_availability=assumed_fixed_lag_20m_after_observation_time,v2_1,C_remaining_day_max_plus_obs,,100.0,OK,,2026-06-12T05:00:00+00:00,2026-06-13T05:00:00+00:00,checkpoint_to_nws_cli_climate_day_end_local_standard_time_utc-5,24,24,100.0,,,,,,,,,
KXHIGHNY-26JUN12,2026-06-12,d0_0600,2026-06-12T10:00:00+00:00,gfs_operational_latest,2026-06-12T00:00:00+00:00,2026-06-12T06:00:00+00:00,day_00z,99.2,99.2,74.0,99.2,90.0,-9.200000000000003,nws_cli_knyc,FULL_OPERATIONAL_REPLAY,iem_nws_cli,90° to 91°,6,summer,0.0,open-meteo:single-runs:ncep_gfs_global:operational_latest,policy=latest_available_by_latency;latency_h=6;replay_mode=MODEL_ONLY_REPLAY;residual_convention=residual_f = actual_high_f - forecast_high_f;phase6=v2_1;replay_version=C_remaining_day_max_plus_obs;replay_mode=FULL_OPERATIONAL_REPLAY;obs_availability=assumed_fixed_lag_20m_after_observation_time,v2_1,C_remaining_day_max_plus_obs,,99.2,OK,,2026-06-12T10:00:00+00:00,2026-06-13T05:00:00+00:00,checkpoint_to_nws_cli_climate_day_end_local_standard_time_utc-5,19,19,99.2,OK,,5,1,2026-06-12T09:09:00+00:00,51.0,60.0,False,assumed_fixed_lag_20m_after_observation_time
KXHIGHNY-26JUN12,2026-06-12,d0_0900,2026-06-12T13:00:00+00:00,gfs_operational_latest,2026-06-12T06:00:00+00:00,2026-06-12T12:00:00+00:00,day_06z,97.4,97.4,75.0,97.4,90.0,-7.400000000000006,nws_cli_knyc,FULL_OPERATIONAL_REPLAY,iem_nws_cli,90° to 91°,6,summer,-6.0,open-meteo:single-runs:ncep_gfs_global:operational_latest,policy=latest_available_by_latency;latency_h=6;replay_mode=MODEL_ONLY_REPLAY;residual_convention=residual_f = actual_high_f - forecast_high_f;phase6=v2_1;replay_version=C_remaining_day_max_plus_obs;replay_mode=FULL_OPERATIONAL_REPLAY;obs_availability=assumed_fixed_lag_20m_after_observation_time,v2_1,C_remaining_day_max_plus_obs,,97.4,OK,,2026-06-12T13:00:00+00:00,2026-06-13T05:00:00+00:00,checkpoint_to_nws_cli_climate_day_end_local_standard_time_utc-5,16,16,97.4,OK,,9,1,2026-06-12T11:51:00+00:00,69.0,60.0,False,assumed_fixed_lag_20m_after_observation_time
KXHIGHNY-26JUN12,2026-06-12,d0_1200,2026-06-12T16:00:00+00:00,gfs_operational_latest,2026-06-12T06:00:00+00:00,2026-06-12T12:00:00+00:00,day_06z,97.4,97.4,80.0,97.4,90.0,-7.400000000000006,nws_cli_knyc,FULL_OPERATIONAL_REPLAY,iem_nws_cli,90° to 91°,6,summer,-6.0,open-meteo:single-runs:ncep_gfs_global:operational_latest,policy=latest_available_by_latency;latency_h=6;replay_mode=MODEL_ONLY_REPLAY;residual_convention=residual_f = actual_high_f - forecast_high_f;phase6=v2_1;replay_version=C_remaining_day_max_plus_obs;replay_mode=FULL_OPERATIONAL_REPLAY;obs_availability=assumed_fixed_lag_20m_after_observation_time,v2_1,C_remaining_day_max_plus_obs,,97.4,OK,,2026-06-12T16:00:00+00:00,2026-06-13T05:00:00+00:00,checkpoint_to_nws_cli_climate_day_end_local_standard_time_utc-5,13,13,97.4,OK,,12,1,2026-06-12T14:51:00+00:00,69.0,60.0,False,assumed_fixed_lag_20m_after_observation_time
KXHIGHNY-26JUN12,2026-06-12,d0_1500,2026-06-12T19:00:00+00:00,gfs_operational_latest,2026-06-12T06:00:00+00:00,2026-06-12T12:00:00+00:00,day_06z,96.5,96.5,88.0,96.5,90.0,-6.5,nws_cli_knyc,FULL_OPERATIONAL_REPLAY,iem_nws_cli,90° to 91°,6,summer,-6.0,open-meteo:single-runs:ncep_gfs_global:operational_latest,policy=latest_available_by_latency;latency_h=6;replay_mode=MODEL_ONLY_REPLAY;residual_convention=residual_f = actual_high_f - forecast_high_f;phase6=v2_1;replay_version=C_remaining_day_max_plus_obs;replay_mode=FULL_OPERATIONAL_REPLAY;obs_availability=assumed_fixed_lag_20m_after_observation_time,v2_1,C_remaining_day_max_plus_obs,,97.4,OK,,2026-06-12T19:00:00+00:00,2026-06-13T05:00:00+00:00,checkpoint_to_nws_cli_climate_day_end_local_standard_time_utc-5,10,10,96.5,OK,,15,1,2026-06-12T17:51:00+00:00,69.0,60.0,False,assumed_fixed_lag_20m_after_observation_time
KXHIGHNY-26JUN13,2026-06-13,dminus1_1800,2026-06-12T22:00:00+00:00,gfs_operational_latest,2026-06-12T12:00:00+00:00,2026-06-12T18:00:00+00:00,prev_12z,91.0,91.0,,91.0,85.0,-6.0,nws_cli_knyc,FULL_OPERATIONAL_REPLAY,iem_nws_cli,86° or below,6,summer,12.0,open-meteo:single-runs:ncep_gfs_global:operational_latest,policy=latest_available_by_latency;latency_h=6;replay_mode=FULL_OPERATIONAL_REPLAY;residual_convention=residual_f = actual_high_f - forecast_high_f;phase6=v2_1;replay_version=C_remaining_day_max_plus_obs;replay_mode=FULL_OPERATIONAL_REPLAY;obs_availability=assumed_fixed_lag_20m_after_observation_time,v2_1,C_remaining_day_max_plus_obs,,91.0,OK,,2026-06-13T05:00:00+00:00,2026-06-14T05:00:00+00:00,checkpoint_to_nws_cli_climate_day_end_local_standard_time_utc-5,24,24,91.0,,,,,,,,,
KXHIGHNY-26JUN13,2026-06-13,d0_0600,2026-06-13T10:00:00+00:00,gfs_operational_latest,2026-06-13T00:00:00+00:00,2026-06-13T06:00:00+00:00,day_00z,91.7,91.7,74.0,91.7,85.0,-6.700000000000003,nws_cli_knyc,FULL_OPERATIONAL_REPLAY,iem_nws_cli,86° or below,6,summer,0.0,open-meteo:single-runs:ncep_gfs_global:operational_latest,policy=latest_available_by_latency;latency_h=6;replay_mode=MODEL_ONLY_REPLAY;residual_convention=residual_f = actual_high_f - forecast_high_f;phase6=v2_1;replay_version=C_remaining_day_max_plus_obs;replay_mode=FULL_OPERATIONAL_REPLAY;obs_availability=assumed_fixed_lag_20m_after_observation_time,v2_1,C_remaining_day_max_plus_obs,,91.7,OK,,2026-06-13T10:00:00+00:00,2026-06-14T05:00:00+00:00,checkpoint_to_nws_cli_climate_day_end_local_standard_time_utc-5,19,19,91.7,OK,,4,1,2026-06-13T08:51:00+00:00,69.0,60.0,False,assumed_fixed_lag_20m_after_observation_time
KXHIGHNY-26JUN13,2026-06-13,d0_0900,2026-06-13T13:00:00+00:00,gfs_operational_latest,2026-06-13T06:00:00+00:00,2026-06-13T12:00:00+00:00,day_06z,91.9,91.9,74.0,91.9,85.0,-6.900000000000006,nws_cli_knyc,FULL_OPERATIONAL_REPLAY,iem_nws_cli,86° or below,6,summer,-6.0,open-meteo:single-runs:ncep_gfs_global:operational_latest,policy=latest_available_by_latency;latency_h=6;replay_mode=MODEL_ONLY_REPLAY;residual_convention=residual_f = actual_high_f - forecast_high_f;phase6=v2_1;replay_version=C_remaining_day_max_plus_obs;replay_mode=FULL_OPERATIONAL_REPLAY;obs_availability=assumed_fixed_lag_20m_after_observation_time,v2_1,C_remaining_day_max_plus_obs,,91.9,OK,,2026-06-13T13:00:00+00:00,2026-06-14T05:00:00+00:00,checkpoint_to_nws_cli_climate_day_end_local_standard_time_utc-5,16,16,91.9,OK,,7,1,2026-06-13T11:51:00+00:00,69.0,60.0,False,assumed_fixed_lag_20m_after_observation_time
KXHIGHNY-26JUN13,2026-06-13,d0_1200,2026-06-13T16:00:00+00:00,gfs_operational_latest,2026-06-13T06:00:00+00:00,2026-06-13T12:00:00+00:00,day_06z,91.9,91.9,78.0,91.9,85.0,-6.900000000000006,nws_cli_knyc,FULL_OPERATIONAL_REPLAY,iem_nws_cli,86° or below,6,summer,-6.0,open-meteo:single-runs:ncep_gfs_global:operational_latest,policy=latest_available_by_latency;latency_h=6;replay_mode=MODEL_ONLY_REPLAY;residual_convention=residual_f = actual_high_f - forecast_high_f;phase6=v2_1;replay_version=C_remaining_day_max_plus_obs;replay_mode=FULL_OPERATIONAL_REPLAY;obs_availability=assumed_fixed_lag_20m_after_observation_time,v2_1,C_remaining_day_max_plus_obs,,91.9,OK,,2026-06-13T16:00:00+00:00,2026-06-14T05:00:00+00:00,checkpoint_to_nws_cli_climate_day_end_local_standard_time_utc-5,13,13,91.9,OK,,10,1,2026-06-13T14:51:00+00:00,69.0,60.0,False,assumed_fixed_lag_20m_after_observation_time
KXHIGHNY-26JUN13,2026-06-13,d0_1500,2026-06-13T19:00:00+00:00,gfs_operational_latest,2026-06-13T06:00:00+00:00,2026-06-13T12:00:00+00:00,day_06z,91.9,91.9,84.0,91.9,85.0,-6.900000000000006,nws_cli_knyc,FULL_OPERATIONAL_REPLAY,iem_nws_cli,86° or below,6,summer,-6.0,open-meteo:single-runs:ncep_gfs_global:operational_latest,policy=latest_available_by_latency;latency_h=6;replay_mode=MODEL_ONLY_REPLAY;residual_convention=residual_f = actual_high_f - forecast_high_f;phase6=v2_1;replay_version=C_remaining_day_max_plus_obs;replay_mode=FULL_OPERATIONAL_REPLAY;obs_availability=assumed_fixed_lag_20m_after_observation_time,v2_1,C_remaining_day_max_plus_obs,,91.9,OK,,2026-06-13T19:00:00+00:00,2026-06-14T05:00:00+00:00,checkpoint_to_nws_cli_climate_day_end_local_standard_time_utc-5,10,10,91.9,OK,,13,1,2026-06-13T17:51:00+00:00,69.0,60.0,False,assumed_fixed_lag_20m_after_observation_time
KXHIGHNY-26JUN14,2026-06-14,dminus1_1800,2026-06-13T22:00:00+00:00,gfs_operational_latest,2026-06-13T12:00:00+00:00,2026-06-13T18:00:00+00:00,prev_12z,92.8,92.8,,92.8,87.0,-5.799999999999997,nws_cli_knyc,FULL_OPERATIONAL_REPLAY,iem_nws_cli,87° to 88°,6,summer,12.0,open-meteo:single-runs:ncep_gfs_global:operational_latest,policy=latest_available_by_latency;latency_h=6;replay_mode=FULL_OPERATIONAL_REPLAY;residual_convention=residual_f = actual_high_f - forecast_high_f;phase6=v2_1;replay_version=C_remaining_day_max_plus_obs;replay_mode=FULL_OPERATIONAL_REPLAY;obs_availability=assumed_fixed_lag_20m_after_observation_time,v2_1,C_remaining_day_max_plus_obs,,92.8,OK,,2026-06-14T05:00:00+00:00,2026-06-15T05:00:00+00:00,checkpoint_to_nws_cli_climate_day_end_local_standard_time_utc-5,24,24,92.8,,,,,,,,,
KXHIGHNY-26JUN14,2026-06-14,d0_0600,2026-06-14T10:00:00+00:00,gfs_operational_latest,2026-06-14T00:00:00+00:00,2026-06-14T06:00:00+00:00,day_00z,93.3,93.3,77.0,93.3,87.0,-6.299999999999997,nws_cli_knyc,FULL_OPERATIONAL_REPLAY,iem_nws_cli,87° to 88°,6,summer,0.0,open-meteo:single-runs:ncep_gfs_global:operational_latest,policy=latest_available_by_latency;latency_h=6;replay_mode=MODEL_ONLY_REPLAY;residual_convention=residual_f = actual_high_f - forecast_high_f;phase6=v2_1;replay_version=C_remaining_day_max_plus_obs;replay_mode=FULL_OPERATIONAL_REPLAY;obs_availability=assumed_fixed_lag_20m_after_observation_time,v2_1,C_remaining_day_max_plus_obs,,93.3,OK,,2026-06-14T10:00:00+00:00,2026-06-15T05:00:00+00:00,checkpoint_to_nws_cli_climate_day_end_local_standard_time_utc-5,19,19,93.3,OK,,4,1,2026-06-14T08:51:00+00:00,69.0,60.0,False,assumed_fixed_lag_20m_after_observation_time
KXHIGHNY-26JUN14,2026-06-14,d0_0900,2026-06-14T13:00:00+00:00,gfs_operational_latest,2026-06-14T06:00:00+00:00,2026-06-14T12:00:00+00:00,day_06z,92.6,92.6,77.0,92.6,87.0,-5.599999999999994,nws_cli_knyc,FULL_OPERATIONAL_REPLAY,iem_nws_cli,87° to 88°,6,summer,-6.0,open-meteo:single-runs:ncep_gfs_global:operational_latest,policy=latest_available_by_latency;latency_h=6;replay_mode=MODEL_ONLY_REPLAY;residual_convention=residual_f = actual_high_f - forecast_high_f;phase6=v2_1;replay_version=C_remaining_day_max_plus_obs;replay_mode=FULL_OPERATIONAL_REPLAY;obs_availability=assumed_fixed_lag_20m_after_observation_time,v2_1,C_remaining_day_max_plus_obs,,92.6,OK,,2026-06-14T13:00:00+00:00,2026-06-15T05:00:00+00:00,checkpoint_to_nws_cli_climate_day_end_local_standard_time_utc-5,16,16,92.6,OK,,7,1,2026-06-14T11:51:00+00:00,69.0,60.0,False,assumed_fixed_lag_20m_after_observation_time
KXHIGHNY-26JUN14,2026-06-14,d0_1200,2026-06-14T16:00:00+00:00,gfs_operational_latest,2026-06-14T06:00:00+00:00,2026-06-14T12:00:00+00:00,day_06z,92.6,92.6,81.0,92.6,87.0,-5.599999999999994,nws_cli_knyc,FULL_OPERATIONAL_REPLAY,iem_nws_cli,87° to 88°,6,summer,-6.0,open-meteo:single-runs:ncep_gfs_global:operational_latest,policy=latest_available_by_latency;latency_h=6;replay_mode=MODEL_ONLY_REPLAY;residual_convention=residual_f = actual_high_f - forecast_high_f;phase6=v2_1;replay_version=C_remaining_day_max_plus_obs;replay_mode=FULL_OPERATIONAL_REPLAY;obs_availability=assumed_fixed_lag_20m_after_observation_time,v2_1,C_remaining_day_max_plus_obs,,92.6,OK,,2026-06-14T16:00:00+00:00,2026-06-15T05:00:00+00:00,checkpoint_to_nws_cli_climate_day_end_local_standard_time_utc-5,13,13,92.6,OK,,10,1,2026-06-14T14:51:00+00:00,69.0,60.0,False,assumed_fixed_lag_20m_after_observation_time
KXHIGHNY-26JUN14,2026-06-14,d0_1500,2026-06-14T19:00:00+00:00,gfs_operational_latest,2026-06-14T06:00:00+00:00,2026-06-14T12:00:00+00:00,day_06z,91.5,91.5,86.0,91.5,87.0,-4.5,nws_cli_knyc,FULL_OPERATIONAL_REPLAY,iem_nws_cli,87° to 88°,6,summer,-6.0,open-meteo:single-runs:ncep_gfs_global:operational_latest,policy=latest_available_by_latency;latency_h=6;replay_mode=MODEL_ONLY_REPLAY;residual_convention=residual_f = actual_high_f - forecast_high_f;phase6=v2_1;replay_version=C_remaining_day_max_plus_obs;replay_mode=FULL_OPERATIONAL_REPLAY;obs_availability=assumed_fixed_lag_20m_after_observation_time,v2_1,C_remaining_day_max_plus_obs,,92.6,OK,,2026-06-14T19:00:00+00:00,2026-06-15T05:00:00+00:00,checkpoint_to_nws_cli_climate_day_end_local_standard_time_utc-5,10,10,91.5,OK,,13,1,2026-06-14T17:51:00+00:00,69.0,60.0,False,assumed_fixed_lag_20m_after_observation_time
KXHIGHNY-26JUN15,2026-06-15,dminus1_1800,2026-06-14T22:00:00+00:00,gfs_operational_latest,2026-06-14T12:00:00+00:00,2026-06-14T18:00:00+00:00,prev_12z,81.2,81.2,,81.2,74.0,-7.200000000000003,nws_cli_knyc,FULL_OPERATIONAL_REPLAY,iem_nws_cli,77° or below,6,summer,12.0,open-meteo:single-runs:ncep_gfs_global:operational_latest,policy=latest_available_by_latency;latency_h=6;replay_mode=FULL_OPERATIONAL_REPLAY;residual_convention=residual_f = actual_high_f - forecast_high_f;phase6=v2_1;replay_version=C_remaining_day_max_plus_obs;replay_mode=FULL_OPERATIONAL_REPLAY;obs_availability=assumed_fixed_lag_20m_after_observation_time,v2_1,C_remaining_day_max_plus_obs,,81.2,OK,,2026-06-15T05:00:00+00:00,2026-06-16T05:00:00+00:00,checkpoint_to_nws_cli_climate_day_end_local_standard_time_utc-5,24,24,81.2,,,,,,,,,
KXHIGHNY-26JUN15,2026-06-15,d0_0600,2026-06-15T10:00:00+00:00,gfs_operational_latest,2026-06-15T00:00:00+00:00,2026-06-15T06:00:00+00:00,day_00z,81.2,81.2,70.0,81.2,74.0,-7.200000000000003,nws_cli_knyc,FULL_OPERATIONAL_REPLAY,iem_nws_cli,77° or below,6,summer,0.0,open-meteo:single-runs:ncep_gfs_global:operational_latest,policy=latest_available_by_latency;latency_h=6;replay_mode=MODEL_ONLY_REPLAY;residual_convention=residual_f = actual_high_f - forecast_high_f;phase6=v2_1;replay_version=C_remaining_day_max_plus_obs;replay_mode=FULL_OPERATIONAL_REPLAY;obs_availability=assumed_fixed_lag_20m_after_observation_time,v2_1,C_remaining_day_max_plus_obs,,81.2,OK,,2026-06-15T10:00:00+00:00,2026-06-16T05:00:00+00:00,checkpoint_to_nws_cli_climate_day_end_local_standard_time_utc-5,19,19,81.2,OK,,7,1,2026-06-15T09:14:00+00:00,46.0,60.0,False,assumed_fixed_lag_20m_after_observation_time
KXHIGHNY-26JUN15,2026-06-15,d0_0900,2026-06-15T13:00:00+00:00,gfs_operational_latest,2026-06-15T06:00:00+00:00,2026-06-15T12:00:00+00:00,day_06z,80.9,80.9,70.0,80.9,74.0,-6.900000000000006,nws_cli_knyc,FULL_OPERATIONAL_REPLAY,iem_nws_cli,77° or below,6,summer,-6.0,open-meteo:single-runs:ncep_gfs_global:operational_latest,policy=latest_available_by_latency;latency_h=6;replay_mode=MODEL_ONLY_REPLAY;residual_convention=residual_f = actual_high_f - forecast_high_f;phase6=v2_1;replay_version=C_remaining_day_max_plus_obs;replay_mode=FULL_OPERATIONAL_REPLAY;obs_availability=assumed_fixed_lag_20m_after_observation_time,v2_1,C_remaining_day_max_plus_obs,,80.9,OK,,2026-06-15T13:00:00+00:00,2026-06-16T05:00:00+00:00,checkpoint_to_nws_cli_climate_day_end_local_standard_time_utc-5,16,16,80.9,OK,,11,1,2026-06-15T12:26:00+00:00,34.0,60.0,False,assumed_fixed_lag_20m_after_observation_time
KXHIGHNY-26JUN15,2026-06-15,d0_1200,2026-06-15T16:00:00+00:00,gfs_operational_latest,2026-06-15T06:00:00+00:00,2026-06-15T12:00:00+00:00,day_06z,80.9,80.9,71.0,80.9,74.0,-6.900000000000006,nws_cli_knyc,FULL_OPERATIONAL_REPLAY,iem_nws_cli,77° or below,6,summer,-6.0,open-meteo:single-runs:ncep_gfs_global:operational_latest,policy=latest_available_by_latency;latency_h=6;replay_mode=MODEL_ONLY_REPLAY;residual_convention=residual_f = actual_high_f - forecast_high_f;phase6=v2_1;replay_version=C_remaining_day_max_plus_obs;replay_mode=FULL_OPERATIONAL_REPLAY;obs_availability=assumed_fixed_lag_20m_after_observation_time,v2_1,C_remaining_day_max_plus_obs,,80.9,OK,,2026-06-15T16:00:00+00:00,2026-06-16T05:00:00+00:00,checkpoint_to_nws_cli_climate_day_end_local_standard_time_utc-5,13,13,80.9,OK,,15,1,2026-06-15T15:18:00+00:00,42.0,60.0,False,assumed_fixed_lag_20m_after_observation_time
KXHIGHNY-26JUN15,2026-06-15,d0_1500,2026-06-15T19:00:00+00:00,gfs_operational_latest,2026-06-15T06:00:00+00:00,2026-06-15T12:00:00+00:00,day_06z,80.9,80.9,73.0,80.9,74.0,-6.900000000000006,nws_cli_knyc,FULL_OPERATIONAL_REPLAY,iem_nws_cli,77° or below,6,summer,-6.0,open-meteo:single-runs:ncep_gfs_global:operational_latest,policy=latest_available_by_latency;latency_h=6;replay_mode=MODEL_ONLY_REPLAY;residual_convention=residual_f = actual_high_f - forecast_high_f;phase6=v2_1;replay_version=C_remaining_day_max_plus_obs;replay_mode=FULL_OPERATIONAL_REPLAY;obs_availability=assumed_fixed_lag_20m_after_observation_time,v2_1,C_remaining_day_max_plus_obs,,80.9,OK,,2026-06-15T19:00:00+00:00,2026-06-16T05:00:00+00:00,checkpoint_to_nws_cli_climate_day_end_local_standard_time_utc-5,10,10,80.9,OK,,18,1,2026-06-15T17:51:00+00:00,69.0,60.0,False,assumed_fixed_lag_20m_after_observation_time
KXHIGHNY-26JUN16,2026-06-16,dminus1_1800,2026-06-15T22:00:00+00:00,gfs_operational_latest,2026-06-15T12:00:00+00:00,2026-06-15T18:00:00+00:00,prev_12z,81.4,81.4,,81.4,76.0,-5.400000000000006,nws_cli_knyc,FULL_OPERATIONAL_REPLAY,iem_nws_cli,75° to 76°,6,summer,12.0,open-meteo:single-runs:ncep_gfs_global:operational_latest,policy=latest_available_by_latency;latency_h=6;replay_mode=FULL_OPERATIONAL_REPLAY;residual_convention=residual_f = actual_high_f - forecast_high_f;phase6=v2_1;replay_version=C_remaining_day_max_plus_obs;replay_mode=FULL_OPERATIONAL_REPLAY;obs_availability=assumed_fixed_lag_20m_after_observation_time,v2_1,C_remaining_day_max_plus_obs,,81.4,OK,,2026-06-16T05:00:00+00:00,2026-06-17T05:00:00+00:00,checkpoint_to_nws_cli_climate_day_end_local_standard_time_utc-5,24,24,81.4,,,,,,,,,
KXHIGHNY-26JUN16,2026-06-16,d0_0600,2026-06-16T10:00:00+00:00,gfs_operational_latest,2026-06-16T00:00:00+00:00,2026-06-16T06:00:00+00:00,day_00z,80.7,80.7,62.0,80.7,76.0,-4.700000000000003,nws_cli_knyc,FULL_OPERATIONAL_REPLAY,iem_nws_cli,75° to 76°,6,summer,0.0,open-meteo:single-runs:ncep_gfs_global:operational_latest,policy=latest_available_by_latency;latency_h=6;replay_mode=MODEL_ONLY_REPLAY;residual_convention=residual_f = actual_high_f - forecast_high_f;phase6=v2_1;replay_version=C_remaining_day_max_plus_obs;replay_mode=FULL_OPERATIONAL_REPLAY;obs_availability=assumed_fixed_lag_20m_after_observation_time,v2_1,C_remaining_day_max_plus_obs,,80.7,OK,,2026-06-16T10:00:00+00:00,2026-06-17T05:00:00+00:00,checkpoint_to_nws_cli_climate_day_end_local_standard_time_utc-5,19,19,80.7,OK,,4,1,2026-06-16T08:51:00+00:00,69.0,60.0,False,assumed_fixed_lag_20m_after_observation_time
KXHIGHNY-26JUN16,2026-06-16,d0_0900,2026-06-16T13:00:00+00:00,gfs_operational_latest,2026-06-16T06:00:00+00:00,2026-06-16T12:00:00+00:00,day_06z,80.9,80.9,62.0,80.9,76.0,-4.900000000000006,nws_cli_knyc,FULL_OPERATIONAL_REPLAY,iem_nws_cli,75° to 76°,6,summer,-6.0,open-meteo:single-runs:ncep_gfs_global:operational_latest,policy=latest_available_by_latency;latency_h=6;replay_mode=MODEL_ONLY_REPLAY;residual_convention=residual_f = actual_high_f - forecast_high_f;phase6=v2_1;replay_version=C_remaining_day_max_plus_obs;replay_mode=FULL_OPERATIONAL_REPLAY;obs_availability=assumed_fixed_lag_20m_after_observation_time,v2_1,C_remaining_day_max_plus_obs,,80.9,OK,,2026-06-16T13:00:00+00:00,2026-06-17T05:00:00+00:00,checkpoint_to_nws_cli_climate_day_end_local_standard_time_utc-5,16,16,80.9,OK,,7,1,2026-06-16T11:51:00+00:00,69.0,60.0,False,assumed_fixed_lag_20m_after_observation_time
KXHIGHNY-26JUN16,2026-06-16,d0_1200,2026-06-16T16:00:00+00:00,gfs_operational_latest,2026-06-16T06:00:00+00:00,2026-06-16T12:00:00+00:00,day_06z,80.9,80.9,69.0,80.9,76.0,-4.900000000000006,nws_cli_knyc,FULL_OPERATIONAL_REPLAY,iem_nws_cli,75° to 76°,6,summer,-6.0,open-meteo:single-runs:ncep_gfs_global:operational_latest,policy=latest_available_by_latency;latency_h=6;replay_mode=MODEL_ONLY_REPLAY;residual_convention=residual_f = actual_high_f - forecast_high_f;phase6=v2_1;replay_version=C_remaining_day_max_plus_obs;replay_mode=FULL_OPERATIONAL_REPLAY;obs_availability=assumed_fixed_lag_20m_after_observation_time,v2_1,C_remaining_day_max_plus_obs,,80.9,OK,,2026-06-16T16:00:00+00:00,2026-06-17T05:00:00+00:00,checkpoint_to_nws_cli_climate_day_end_local_standard_time_utc-5,13,13,80.9,OK,,10,1,2026-06-16T14:51:00+00:00,69.0,60.0,False,assumed_fixed_lag_20m_after_observation_time
KXHIGHNY-26JUN16,2026-06-16,d0_1500,2026-06-16T19:00:00+00:00,gfs_operational_latest,2026-06-16T06:00:00+00:00,2026-06-16T12:00:00+00:00,day_06z,80.9,80.9,74.0,80.9,76.0,-4.900000000000006,nws_cli_knyc,FULL_OPERATIONAL_REPLAY,iem_nws_cli,75° to 76°,6,summer,-6.0,open-meteo:single-runs:ncep_gfs_global:operational_latest,policy=latest_available_by_latency;latency_h=6;replay_mode=MODEL_ONLY_REPLAY;residual_convention=residual_f = actual_high_f - forecast_high_f;phase6=v2_1;replay_version=C_remaining_day_max_plus_obs;replay_mode=FULL_OPERATIONAL_REPLAY;obs_availability=assumed_fixed_lag_20m_after_observation_time,v2_1,C_remaining_day_max_plus_obs,,80.9,OK,,2026-06-16T19:00:00+00:00,2026-06-17T05:00:00+00:00,checkpoint_to_nws_cli_climate_day_end_local_standard_time_utc-5,10,10,80.9,OK,,13,1,2026-06-16T17:51:00+00:00,69.0,60.0,False,assumed_fixed_lag_20m_after_observation_time
KXHIGHNY-26JUN17,2026-06-17,dminus1_1800,2026-06-16T22:00:00+00:00,gfs_operational_latest,2026-06-16T12:00:00+00:00,2026-06-16T18:00:00+00:00,prev_12z,80.5,80.5,,80.5,78.0,-2.5,nws_cli_knyc,FULL_OPERATIONAL_REPLAY,iem_nws_cli,78° to 79°,6,summer,12.0,open-meteo:single-runs:ncep_gfs_global:operational_latest,policy=latest_available_by_latency;latency_h=6;replay_mode=FULL_OPERATIONAL_REPLAY;residual_convention=residual_f = actual_high_f - forecast_high_f;phase6=v2_1;replay_version=C_remaining_day_max_plus_obs;replay_mode=FULL_OPERATIONAL_REPLAY;obs_availability=assumed_fixed_lag_20m_after_observation_time,v2_1,C_remaining_day_max_plus_obs,,80.5,OK,,2026-06-17T05:00:00+00:00,2026-06-18T05:00:00+00:00,checkpoint_to_nws_cli_climate_day_end_local_standard_time_utc-5,24,24,80.5,,,,,,,,,
KXHIGHNY-26JUN17,2026-06-17,d0_0600,2026-06-17T10:00:00+00:00,gfs_operational_latest,2026-06-17T00:00:00+00:00,2026-06-17T06:00:00+00:00,day_00z,82.7,82.7,65.0,82.7,78.0,-4.700000000000003,nws_cli_knyc,FULL_OPERATIONAL_REPLAY,iem_nws_cli,78° to 79°,6,summer,0.0,open-meteo:single-runs:ncep_gfs_global:operational_latest,policy=latest_available_by_latency;latency_h=6;replay_mode=MODEL_ONLY_REPLAY;residual_convention=residual_f = actual_high_f - forecast_high_f;phase6=v2_1;replay_version=C_remaining_day_max_plus_obs;replay_mode=FULL_OPERATIONAL_REPLAY;obs_availability=assumed_fixed_lag_20m_after_observation_time,v2_1,C_remaining_day_max_plus_obs,,82.7,OK,,2026-06-17T10:00:00+00:00,2026-06-18T05:00:00+00:00,checkpoint_to_nws_cli_climate_day_end_local_standard_time_utc-5,19,19,82.7,OK,,4,1,2026-06-17T08:51:00+00:00,69.0,60.0,False,assumed_fixed_lag_20m_after_observation_time
KXHIGHNY-26JUN17,2026-06-17,d0_0900,2026-06-17T13:00:00+00:00,gfs_operational_latest,2026-06-17T06:00:00+00:00,2026-06-17T12:00:00+00:00,day_06z,81.6,81.6,67.0,81.6,78.0,-3.5999999999999943,nws_cli_knyc,FULL_OPERATIONAL_REPLAY,iem_nws_cli,78° to 79°,6,summer,-6.0,open-meteo:single-runs:ncep_gfs_global:operational_latest,policy=latest_available_by_latency;latency_h=6;replay_mode=MODEL_ONLY_REPLAY;residual_convention=residual_f = actual_high_f - forecast_high_f;phase6=v2_1;replay_version=C_remaining_day_max_plus_obs;replay_mode=FULL_OPERATIONAL_REPLAY;obs_availability=assumed_fixed_lag_20m_after_observation_time,v2_1,C_remaining_day_max_plus_obs,,81.6,OK,,2026-06-17T13:00:00+00:00,2026-06-18T05:00:00+00:00,checkpoint_to_nws_cli_climate_day_end_local_standard_time_utc-5,16,16,81.6,OK,,7,1,2026-06-17T11:51:00+00:00,69.0,60.0,False,assumed_fixed_lag_20m_after_observation_time
KXHIGHNY-26JUN17,2026-06-17,d0_1200,2026-06-17T16:00:00+00:00,gfs_operational_latest,2026-06-17T06:00:00+00:00,2026-06-17T12:00:00+00:00,day_06z,81.6,81.6,73.0,81.6,78.0,-3.5999999999999943,nws_cli_knyc,FULL_OPERATIONAL_REPLAY,iem_nws_cli,78° to 79°,6,summer,-6.0,open-meteo:single-runs:ncep_gfs_global:operational_latest,policy=latest_available_by_latency;latency_h=6;replay_mode=MODEL_ONLY_REPLAY;residual_convention=residual_f = actual_high_f - forecast_high_f;phase6=v2_1;replay_version=C_remaining_day_max_plus_obs;replay_mode=FULL_OPERATIONAL_REPLAY;obs_availability=assumed_fixed_lag_20m_after_observation_time,v2_1,C_remaining_day_max_plus_obs,,81.6,OK,,2026-06-17T16:00:00+00:00,2026-06-18T05:00:00+00:00,checkpoint_to_nws_cli_climate_day_end_local_standard_time_utc-5,13,13,81.6,OK,,10,1,2026-06-17T14:51:00+00:00,69.0,60.0,False,assumed_fixed_lag_20m_after_observation_time
KXHIGHNY-26JUN17,2026-06-17,d0_1500,2026-06-17T19:00:00+00:00,gfs_operational_latest,2026-06-17T06:00:00+00:00,2026-06-17T12:00:00+00:00,day_06z,76.0,74.8,76.0,76.0,78.0,2.0,nws_cli_knyc,FULL_OPERATIONAL_REPLAY,iem_nws_cli,78° to 79°,6,summer,-6.0,open-meteo:single-runs:ncep_gfs_global:operational_latest,policy=latest_available_by_latency;latency_h=6;replay_mode=MODEL_ONLY_REPLAY;residual_convention=residual_f = actual_high_f - forecast_high_f;phase6=v2_1;replay_version=C_remaining_day_max_plus_obs;replay_mode=FULL_OPERATIONAL_REPLAY;obs_availability=assumed_fixed_lag_20m_after_observation_time,v2_1,C_remaining_day_max_plus_obs,,81.6,OK,,2026-06-17T19:00:00+00:00,2026-06-18T05:00:00+00:00,checkpoint_to_nws_cli_climate_day_end_local_standard_time_utc-5,10,10,74.8,OK,,13,1,2026-06-17T17:51:00+00:00,69.0,60.0,True,assumed_fixed_lag_20m_after_observation_time
KXHIGHNY-26JUN18,2026-06-18,dminus1_1800,2026-06-17T22:00:00+00:00,gfs_operational_latest,2026-06-17T12:00:00+00:00,2026-06-17T18:00:00+00:00,prev_12z,93.7,93.7,,93.7,86.0,-7.700000000000003,nws_cli_knyc,FULL_OPERATIONAL_REPLAY,iem_nws_cli,85° to 86°,6,summer,12.0,open-meteo:single-runs:ncep_gfs_global:operational_latest,policy=latest_available_by_latency;latency_h=6;replay_mode=FULL_OPERATIONAL_REPLAY;residual_convention=residual_f = actual_high_f - forecast_high_f;phase6=v2_1;replay_version=C_remaining_day_max_plus_obs;replay_mode=FULL_OPERATIONAL_REPLAY;obs_availability=assumed_fixed_lag_20m_after_observation_time,v2_1,C_remaining_day_max_plus_obs,,93.7,OK,,2026-06-18T05:00:00+00:00,2026-06-19T05:00:00+00:00,checkpoint_to_nws_cli_climate_day_end_local_standard_time_utc-5,24,24,93.7,,,,,,,,,
KXHIGHNY-26JUN18,2026-06-18,d0_0600,2026-06-18T10:00:00+00:00,gfs_operational_latest,2026-06-18T00:00:00+00:00,2026-06-18T06:00:00+00:00,day_00z,89.0,89.0,69.0,89.0,86.0,-3.0,nws_cli_knyc,FULL_OPERATIONAL_REPLAY,iem_nws_cli,85° to 86°,6,summer,0.0,open-meteo:single-runs:ncep_gfs_global:operational_latest,policy=latest_available_by_latency;latency_h=6;replay_mode=MODEL_ONLY_REPLAY;residual_convention=residual_f = actual_high_f - forecast_high_f;phase6=v2_1;replay_version=C_remaining_day_max_plus_obs;replay_mode=FULL_OPERATIONAL_REPLAY;obs_availability=assumed_fixed_lag_20m_after_observation_time,v2_1,C_remaining_day_max_plus_obs,,89.0,OK,,2026-06-18T10:00:00+00:00,2026-06-19T05:00:00+00:00,checkpoint_to_nws_cli_climate_day_end_local_standard_time_utc-5,19,19,89.0,OK,,6,1,2026-06-18T09:27:00+00:00,33.0,60.0,False,assumed_fixed_lag_20m_after_observation_time
KXHIGHNY-26JUN18,2026-06-18,d0_0900,2026-06-18T13:00:00+00:00,gfs_operational_latest,2026-06-18T06:00:00+00:00,2026-06-18T12:00:00+00:00,day_06z,89.7,89.7,70.0,89.7,86.0,-3.700000000000003,nws_cli_knyc,FULL_OPERATIONAL_REPLAY,iem_nws_cli,85° to 86°,6,summer,-6.0,open-meteo:single-runs:ncep_gfs_global:operational_latest,policy=latest_available_by_latency;latency_h=6;replay_mode=MODEL_ONLY_REPLAY;residual_convention=residual_f = actual_high_f - forecast_high_f;phase6=v2_1;replay_version=C_remaining_day_max_plus_obs;replay_mode=FULL_OPERATIONAL_REPLAY;obs_availability=assumed_fixed_lag_20m_after_observation_time,v2_1,C_remaining_day_max_plus_obs,,89.7,OK,,2026-06-18T13:00:00+00:00,2026-06-19T05:00:00+00:00,checkpoint_to_nws_cli_climate_day_end_local_standard_time_utc-5,16,16,89.7,OK,,9,1,2026-06-18T11:51:00+00:00,69.0,60.0,False,assumed_fixed_lag_20m_after_observation_time
KXHIGHNY-26JUN18,2026-06-18,d0_1200,2026-06-18T16:00:00+00:00,gfs_operational_latest,2026-06-18T06:00:00+00:00,2026-06-18T12:00:00+00:00,day_06z,89.7,89.7,74.0,89.7,86.0,-3.700000000000003,nws_cli_knyc,FULL_OPERATIONAL_REPLAY,iem_nws_cli,85° to 86°,6,summer,-6.0,open-meteo:single-runs:ncep_gfs_global:operational_latest,policy=latest_available_by_latency;latency_h=6;replay_mode=MODEL_ONLY_REPLAY;residual_convention=residual_f = actual_high_f - forecast_high_f;phase6=v2_1;replay_version=C_remaining_day_max_plus_obs;replay_mode=FULL_OPERATIONAL_REPLAY;obs_availability=assumed_fixed_lag_20m_after_observation_time,v2_1,C_remaining_day_max_plus_obs,,89.7,OK,,2026-06-18T16:00:00+00:00,2026-06-19T05:00:00+00:00,checkpoint_to_nws_cli_climate_day_end_local_standard_time_utc-5,13,13,89.7,OK,,12,1,2026-06-18T14:51:00+00:00,69.0,60.0,False,assumed_fixed_lag_20m_after_observation_time
KXHIGHNY-26JUN18,2026-06-18,d0_1500,2026-06-18T19:00:00+00:00,gfs_operational_latest,2026-06-18T06:00:00+00:00,2026-06-18T12:00:00+00:00,day_06z,89.7,89.7,81.0,89.7,86.0,-3.700000000000003,nws_cli_knyc,FULL_OPERATIONAL_REPLAY,iem_nws_cli,85° to 86°,6,summer,-6.0,open-meteo:single-runs:ncep_gfs_global:operational_latest,policy=latest_available_by_latency;latency_h=6;replay_mode=MODEL_ONLY_REPLAY;residual_convention=residual_f = actual_high_f - forecast_high_f;phase6=v2_1;replay_version=C_remaining_day_max_plus_obs;replay_mode=FULL_OPERATIONAL_REPLAY;obs_availability=assumed_fixed_lag_20m_after_observation_time,v2_1,C_remaining_day_max_plus_obs,,89.7,OK,,2026-06-18T19:00:00+00:00,2026-06-19T05:00:00+00:00,checkpoint_to_nws_cli_climate_day_end_local_standard_time_utc-5,10,10,89.7,OK,,15,1,2026-06-18T17:51:00+00:00,69.0,60.0,False,assumed_fixed_lag_20m_after_observation_time
KXHIGHNY-26JUN19,2026-06-19,dminus1_1800,2026-06-18T22:00:00+00:00,gfs_operational_latest,2026-06-18T12:00:00+00:00,2026-06-18T18:00:00+00:00,prev_12z,86.3,86.3,,86.3,81.0,-5.299999999999997,nws_cli_knyc,FULL_OPERATIONAL_REPLAY,iem_nws_cli,81° to 82°,6,summer,12.0,open-meteo:single-runs:ncep_gfs_global:operational_latest,policy=latest_available_by_latency;latency_h=6;replay_mode=FULL_OPERATIONAL_REPLAY;residual_convention=residual_f = actual_high_f - forecast_high_f;phase6=v2_1;replay_version=C_remaining_day_max_plus_obs;replay_mode=FULL_OPERATIONAL_REPLAY;obs_availability=assumed_fixed_lag_20m_after_observation_time,v2_1,C_remaining_day_max_plus_obs,,86.3,OK,,2026-06-19T05:00:00+00:00,2026-06-20T05:00:00+00:00,checkpoint_to_nws_cli_climate_day_end_local_standard_time_utc-5,24,24,86.3,,,,,,,,,
KXHIGHNY-26JUN19,2026-06-19,d0_0600,2026-06-19T10:00:00+00:00,gfs_operational_latest,2026-06-19T00:00:00+00:00,2026-06-19T06:00:00+00:00,day_00z,85.6,85.6,77.0,85.6,81.0,-4.599999999999994,nws_cli_knyc,FULL_OPERATIONAL_REPLAY,iem_nws_cli,81° to 82°,6,summer,0.0,open-meteo:single-runs:ncep_gfs_global:operational_latest,policy=latest_available_by_latency;latency_h=6;replay_mode=MODEL_ONLY_REPLAY;residual_convention=residual_f = actual_high_f - forecast_high_f;phase6=v2_1;replay_version=C_remaining_day_max_plus_obs;replay_mode=FULL_OPERATIONAL_REPLAY;obs_availability=assumed_fixed_lag_20m_after_observation_time,v2_1,C_remaining_day_max_plus_obs,,85.6,OK,,2026-06-19T10:00:00+00:00,2026-06-20T05:00:00+00:00,checkpoint_to_nws_cli_climate_day_end_local_standard_time_utc-5,19,19,85.6,OK,,4,1,2026-06-19T08:51:00+00:00,69.0,60.0,False,assumed_fixed_lag_20m_after_observation_time
KXHIGHNY-26JUN19,2026-06-19,d0_0900,2026-06-19T13:00:00+00:00,gfs_operational_latest,2026-06-19T06:00:00+00:00,2026-06-19T12:00:00+00:00,day_06z,85.7,85.7,77.0,85.7,81.0,-4.700000000000003,nws_cli_knyc,FULL_OPERATIONAL_REPLAY,iem_nws_cli,81° to 82°,6,summer,-6.0,open-meteo:single-runs:ncep_gfs_global:operational_latest,policy=latest_available_by_latency;latency_h=6;replay_mode=MODEL_ONLY_REPLAY;residual_convention=residual_f = actual_high_f - forecast_high_f;phase6=v2_1;replay_version=C_remaining_day_max_plus_obs;replay_mode=FULL_OPERATIONAL_REPLAY;obs_availability=assumed_fixed_lag_20m_after_observation_time,v2_1,C_remaining_day_max_plus_obs,,85.7,OK,,2026-06-19T13:00:00+00:00,2026-06-20T05:00:00+00:00,checkpoint_to_nws_cli_climate_day_end_local_standard_time_utc-5,16,16,85.7,OK,,7,1,2026-06-19T11:51:00+00:00,69.0,60.0,False,assumed_fixed_lag_20m_after_observation_time
KXHIGHNY-26JUN19,2026-06-19,d0_1200,2026-06-19T16:00:00+00:00,gfs_operational_latest,2026-06-19T06:00:00+00:00,2026-06-19T12:00:00+00:00,day_06z,85.7,85.7,77.0,85.7,81.0,-4.700000000000003,nws_cli_knyc,FULL_OPERATIONAL_REPLAY,iem_nws_cli,81° to 82°,6,summer,-6.0,open-meteo:single-runs:ncep_gfs_global:operational_latest,policy=latest_available_by_latency;latency_h=6;replay_mode=MODEL_ONLY_REPLAY;residual_convention=residual_f = actual_high_f - forecast_high_f;phase6=v2_1;replay_version=C_remaining_day_max_plus_obs;replay_mode=FULL_OPERATIONAL_REPLAY;obs_availability=assumed_fixed_lag_20m_after_observation_time,v2_1,C_remaining_day_max_plus_obs,,85.7,OK,,2026-06-19T16:00:00+00:00,2026-06-20T05:00:00+00:00,checkpoint_to_nws_cli_climate_day_end_local_standard_time_utc-5,13,13,85.7,OK,,10,1,2026-06-19T14:51:00+00:00,69.0,60.0,False,assumed_fixed_lag_20m_after_observation_time
KXHIGHNY-26JUN19,2026-06-19,d0_1500,2026-06-19T19:00:00+00:00,gfs_operational_latest,2026-06-19T06:00:00+00:00,2026-06-19T12:00:00+00:00,day_06z,85.7,85.7,77.0,85.7,81.0,-4.700000000000003,nws_cli_knyc,FULL_OPERATIONAL_REPLAY,iem_nws_cli,81° to 82°,6,summer,-6.0,open-meteo:single-runs:ncep_gfs_global:operational_latest,policy=latest_available_by_latency;latency_h=6;replay_mode=MODEL_ONLY_REPLAY;residual_convention=residual_f = actual_high_f - forecast_high_f;phase6=v2_1;replay_version=C_remaining_day_max_plus_obs;replay_mode=FULL_OPERATIONAL_REPLAY;obs_availability=assumed_fixed_lag_20m_after_observation_time,v2_1,C_remaining_day_max_plus_obs,,85.7,OK,,2026-06-19T19:00:00+00:00,2026-06-20T05:00:00+00:00,checkpoint_to_nws_cli_climate_day_end_local_standard_time_utc-5,10,10,85.7,OK,,13,1,2026-06-19T17:51:00+00:00,69.0,60.0,False,assumed_fixed_lag_20m_after_observation_time
KXHIGHNY-26JUN20,2026-06-20,dminus1_1800,2026-06-19T22:00:00+00:00,gfs_operational_latest,2026-06-19T12:00:00+00:00,2026-06-19T18:00:00+00:00,prev_12z,84.5,84.5,,84.5,81.0,-3.5,nws_cli_knyc,FULL_OPERATIONAL_REPLAY,iem_nws_cli,81° or below,6,summer,12.0,open-meteo:single-runs:ncep_gfs_global:operational_latest,policy=latest_available_by_latency;latency_h=6;replay_mode=FULL_OPERATIONAL_REPLAY;residual_convention=residual_f = actual_high_f - forecast_high_f;phase6=v2_1;replay_version=C_remaining_day_max_plus_obs;replay_mode=FULL_OPERATIONAL_REPLAY;obs_availability=assumed_fixed_lag_20m_after_observation_time,v2_1,C_remaining_day_max_plus_obs,,84.5,OK,,2026-06-20T05:00:00+00:00,2026-06-21T05:00:00+00:00,checkpoint_to_nws_cli_climate_day_end_local_standard_time_utc-5,24,24,84.5,,,,,,,,,
KXHIGHNY-26JUN20,2026-06-20,d0_0600,2026-06-20T10:00:00+00:00,gfs_operational_latest,2026-06-20T00:00:00+00:00,2026-06-20T06:00:00+00:00,day_00z,84.5,84.5,69.0,84.5,81.0,-3.5,nws_cli_knyc,FULL_OPERATIONAL_REPLAY,iem_nws_cli,81° or below,6,summer,0.0,open-meteo:single-runs:ncep_gfs_global:operational_latest,policy=latest_available_by_latency;latency_h=6;replay_mode=MODEL_ONLY_REPLAY;residual_convention=residual_f = actual_high_f - forecast_high_f;phase6=v2_1;replay_version=C_remaining_day_max_plus_obs;replay_mode=FULL_OPERATIONAL_REPLAY;obs_availability=assumed_fixed_lag_20m_after_observation_time,v2_1,C_remaining_day_max_plus_obs,,84.5,OK,,2026-06-20T10:00:00+00:00,2026-06-21T05:00:00+00:00,checkpoint_to_nws_cli_climate_day_end_local_standard_time_utc-5,19,19,84.5,OK,,4,1,2026-06-20T08:51:00+00:00,69.0,60.0,False,assumed_fixed_lag_20m_after_observation_time
KXHIGHNY-26JUN20,2026-06-20,d0_0900,2026-06-20T13:00:00+00:00,gfs_operational_latest,2026-06-20T06:00:00+00:00,2026-06-20T12:00:00+00:00,day_06z,84.7,84.7,69.0,84.7,81.0,-3.700000000000003,nws_cli_knyc,FULL_OPERATIONAL_REPLAY,iem_nws_cli,81° or below,6,summer,-6.0,open-meteo:single-runs:ncep_gfs_global:operational_latest,policy=latest_available_by_latency;latency_h=6;replay_mode=MODEL_ONLY_REPLAY;residual_convention=residual_f = actual_high_f - forecast_high_f;phase6=v2_1;replay_version=C_remaining_day_max_plus_obs;replay_mode=FULL_OPERATIONAL_REPLAY;obs_availability=assumed_fixed_lag_20m_after_observation_time,v2_1,C_remaining_day_max_plus_obs,,84.7,OK,,2026-06-20T13:00:00+00:00,2026-06-21T05:00:00+00:00,checkpoint_to_nws_cli_climate_day_end_local_standard_time_utc-5,16,16,84.7,OK,,7,1,2026-06-20T11:51:00+00:00,69.0,60.0,False,assumed_fixed_lag_20m_after_observation_time
KXHIGHNY-26JUN20,2026-06-20,d0_1200,2026-06-20T16:00:00+00:00,gfs_operational_latest,2026-06-20T06:00:00+00:00,2026-06-20T12:00:00+00:00,day_06z,84.7,84.7,75.0,84.7,81.0,-3.700000000000003,nws_cli_knyc,FULL_OPERATIONAL_REPLAY,iem_nws_cli,81° or below,6,summer,-6.0,open-meteo:single-runs:ncep_gfs_global:operational_latest,policy=latest_available_by_latency;latency_h=6;replay_mode=MODEL_ONLY_REPLAY;residual_convention=residual_f = actual_high_f - forecast_high_f;phase6=v2_1;replay_version=C_remaining_day_max_plus_obs;replay_mode=FULL_OPERATIONAL_REPLAY;obs_availability=assumed_fixed_lag_20m_after_observation_time,v2_1,C_remaining_day_max_plus_obs,,84.7,OK,,2026-06-20T16:00:00+00:00,2026-06-21T05:00:00+00:00,checkpoint_to_nws_cli_climate_day_end_local_standard_time_utc-5,13,13,84.7,OK,,11,1,2026-06-20T14:51:00+00:00,69.0,60.0,False,assumed_fixed_lag_20m_after_observation_time
KXHIGHNY-26JUN20,2026-06-20,d0_1500,2026-06-20T19:00:00+00:00,gfs_operational_latest,2026-06-20T06:00:00+00:00,2026-06-20T12:00:00+00:00,day_06z,84.7,84.7,79.0,84.7,81.0,-3.700000000000003,nws_cli_knyc,FULL_OPERATIONAL_REPLAY,iem_nws_cli,81° or below,6,summer,-6.0,open-meteo:single-runs:ncep_gfs_global:operational_latest,policy=latest_available_by_latency;latency_h=6;replay_mode=MODEL_ONLY_REPLAY;residual_convention=residual_f = actual_high_f - forecast_high_f;phase6=v2_1;replay_version=C_remaining_day_max_plus_obs;replay_mode=FULL_OPERATIONAL_REPLAY;obs_availability=assumed_fixed_lag_20m_after_observation_time,v2_1,C_remaining_day_max_plus_obs,,84.7,OK,,2026-06-20T19:00:00+00:00,2026-06-21T05:00:00+00:00,checkpoint_to_nws_cli_climate_day_end_local_standard_time_utc-5,10,10,84.7,OK,,16,1,2026-06-20T18:01:00+00:00,59.0,60.0,False,assumed_fixed_lag_20m_after_observation_time
KXHIGHNY-26JUN21,2026-06-21,dminus1_1800,2026-06-20T22:00:00+00:00,gfs_operational_latest,2026-06-20T12:00:00+00:00,2026-06-20T18:00:00+00:00,prev_12z,83.6,83.6,,83.6,82.0,-1.5999999999999943,nws_cli_knyc,FULL_OPERATIONAL_REPLAY,iem_nws_cli,82° to 83°,6,summer,12.0,open-meteo:single-runs:ncep_gfs_global:operational_latest,policy=latest_available_by_latency;latency_h=6;replay_mode=FULL_OPERATIONAL_REPLAY;residual_convention=residual_f = actual_high_f - forecast_high_f;phase6=v2_1;replay_version=C_remaining_day_max_plus_obs;replay_mode=FULL_OPERATIONAL_REPLAY;obs_availability=assumed_fixed_lag_20m_after_observation_time,v2_1,C_remaining_day_max_plus_obs,,83.6,OK,,2026-06-21T05:00:00+00:00,2026-06-22T05:00:00+00:00,checkpoint_to_nws_cli_climate_day_end_local_standard_time_utc-5,24,24,83.6,,,,,,,,,
KXHIGHNY-26JUN21,2026-06-21,d0_0600,2026-06-21T10:00:00+00:00,gfs_operational_latest,2026-06-21T00:00:00+00:00,2026-06-21T06:00:00+00:00,day_00z,83.0,83.0,69.0,83.0,82.0,-1.0,nws_cli_knyc,FULL_OPERATIONAL_REPLAY,iem_nws_cli,82° to 83°,6,summer,0.0,open-meteo:single-runs:ncep_gfs_global:operational_latest,policy=latest_available_by_latency;latency_h=6;replay_mode=MODEL_ONLY_REPLAY;residual_convention=residual_f = actual_high_f - forecast_high_f;phase6=v2_1;replay_version=C_remaining_day_max_plus_obs;replay_mode=FULL_OPERATIONAL_REPLAY;obs_availability=assumed_fixed_lag_20m_after_observation_time,v2_1,C_remaining_day_max_plus_obs,,83.0,OK,,2026-06-21T10:00:00+00:00,2026-06-22T05:00:00+00:00,checkpoint_to_nws_cli_climate_day_end_local_standard_time_utc-5,19,19,83.0,OK,,4,1,2026-06-21T08:51:00+00:00,69.0,60.0,False,assumed_fixed_lag_20m_after_observation_time
KXHIGHNY-26JUN21,2026-06-21,d0_0900,2026-06-21T13:00:00+00:00,gfs_operational_latest,2026-06-21T06:00:00+00:00,2026-06-21T12:00:00+00:00,day_06z,82.0,82.0,69.0,82.0,82.0,0.0,nws_cli_knyc,FULL_OPERATIONAL_REPLAY,iem_nws_cli,82° to 83°,6,summer,-6.0,open-meteo:single-runs:ncep_gfs_global:operational_latest,policy=latest_available_by_latency;latency_h=6;replay_mode=MODEL_ONLY_REPLAY;residual_convention=residual_f = actual_high_f - forecast_high_f;phase6=v2_1;replay_version=C_remaining_day_max_plus_obs;replay_mode=FULL_OPERATIONAL_REPLAY;obs_availability=assumed_fixed_lag_20m_after_observation_time,v2_1,C_remaining_day_max_plus_obs,,82.0,OK,,2026-06-21T13:00:00+00:00,2026-06-22T05:00:00+00:00,checkpoint_to_nws_cli_climate_day_end_local_standard_time_utc-5,16,16,82.0,OK,,7,1,2026-06-21T11:51:00+00:00,69.0,60.0,False,assumed_fixed_lag_20m_after_observation_time
KXHIGHNY-26JUN21,2026-06-21,d0_1200,2026-06-21T16:00:00+00:00,gfs_operational_latest,2026-06-21T06:00:00+00:00,2026-06-21T12:00:00+00:00,day_06z,82.0,82.0,77.0,82.0,82.0,0.0,nws_cli_knyc,FULL_OPERATIONAL_REPLAY,iem_nws_cli,82° to 83°,6,summer,-6.0,open-meteo:single-runs:ncep_gfs_global:operational_latest,policy=latest_available_by_latency;latency_h=6;replay_mode=MODEL_ONLY_REPLAY;residual_convention=residual_f = actual_high_f - forecast_high_f;phase6=v2_1;replay_version=C_remaining_day_max_plus_obs;replay_mode=FULL_OPERATIONAL_REPLAY;obs_availability=assumed_fixed_lag_20m_after_observation_time,v2_1,C_remaining_day_max_plus_obs,,82.0,OK,,2026-06-21T16:00:00+00:00,2026-06-22T05:00:00+00:00,checkpoint_to_nws_cli_climate_day_end_local_standard_time_utc-5,13,13,82.0,OK,,10,1,2026-06-21T14:51:00+00:00,69.0,60.0,False,assumed_fixed_lag_20m_after_observation_time
KXHIGHNY-26JUN21,2026-06-21,d0_1500,2026-06-21T19:00:00+00:00,gfs_operational_latest,2026-06-21T06:00:00+00:00,2026-06-21T12:00:00+00:00,day_06z,81.1,81.1,79.0,81.1,82.0,0.9000000000000057,nws_cli_knyc,FULL_OPERATIONAL_REPLAY,iem_nws_cli,82° to 83°,6,summer,-6.0,open-meteo:single-runs:ncep_gfs_global:operational_latest,policy=latest_available_by_latency;latency_h=6;replay_mode=MODEL_ONLY_REPLAY;residual_convention=residual_f = actual_high_f - forecast_high_f;phase6=v2_1;replay_version=C_remaining_day_max_plus_obs;replay_mode=FULL_OPERATIONAL_REPLAY;obs_availability=assumed_fixed_lag_20m_after_observation_time,v2_1,C_remaining_day_max_plus_obs,,82.0,OK,,2026-06-21T19:00:00+00:00,2026-06-22T05:00:00+00:00,checkpoint_to_nws_cli_climate_day_end_local_standard_time_utc-5,10,10,81.1,OK,,13,1,2026-06-21T17:51:00+00:00,69.0,60.0,False,assumed_fixed_lag_20m_after_observation_time
KXHIGHNY-26JUN22,2026-06-22,dminus1_1800,2026-06-21T22:00:00+00:00,gfs_operational_latest,2026-06-21T12:00:00+00:00,2026-06-21T18:00:00+00:00,prev_12z,77.1,77.1,,77.1,73.0,-4.099999999999994,nws_cli_knyc,FULL_OPERATIONAL_REPLAY,iem_nws_cli,72° to 73°,6,summer,12.0,open-meteo:single-runs:ncep_gfs_global:operational_latest,policy=latest_available_by_latency;latency_h=6;replay_mode=FULL_OPERATIONAL_REPLAY;residual_convention=residual_f = actual_high_f - forecast_high_f;phase6=v2_1;replay_version=C_remaining_day_max_plus_obs;replay_mode=FULL_OPERATIONAL_REPLAY;obs_availability=assumed_fixed_lag_20m_after_observation_time,v2_1,C_remaining_day_max_plus_obs,,77.1,OK,,2026-06-22T05:00:00+00:00,2026-06-23T05:00:00+00:00,checkpoint_to_nws_cli_climate_day_end_local_standard_time_utc-5,24,24,77.1,,,,,,,,,
KXHIGHNY-26JUN22,2026-06-22,d0_0600,2026-06-22T10:00:00+00:00,gfs_operational_latest,2026-06-22T00:00:00+00:00,2026-06-22T06:00:00+00:00,day_00z,78.9,78.9,71.0,78.9,73.0,-5.900000000000006,nws_cli_knyc,FULL_OPERATIONAL_REPLAY,iem_nws_cli,72° to 73°,6,summer,0.0,open-meteo:single-runs:ncep_gfs_global:operational_latest,policy=latest_available_by_latency;latency_h=6;replay_mode=MODEL_ONLY_REPLAY;residual_convention=residual_f = actual_high_f - forecast_high_f;phase6=v2_1;replay_version=C_remaining_day_max_plus_obs;replay_mode=FULL_OPERATIONAL_REPLAY;obs_availability=assumed_fixed_lag_20m_after_observation_time,v2_1,C_remaining_day_max_plus_obs,,78.9,OK,,2026-06-22T10:00:00+00:00,2026-06-23T05:00:00+00:00,checkpoint_to_nws_cli_climate_day_end_local_standard_time_utc-5,19,19,78.9,OK,,4,1,2026-06-22T08:51:00+00:00,69.0,60.0,False,assumed_fixed_lag_20m_after_observation_time
KXHIGHNY-26JUN22,2026-06-22,d0_0900,2026-06-22T13:00:00+00:00,gfs_operational_latest,2026-06-22T06:00:00+00:00,2026-06-22T12:00:00+00:00,day_06z,77.3,77.3,71.0,77.3,73.0,-4.299999999999997,nws_cli_knyc,FULL_OPERATIONAL_REPLAY,iem_nws_cli,72° to 73°,6,summer,-6.0,open-meteo:single-runs:ncep_gfs_global:operational_latest,policy=latest_available_by_latency;latency_h=6;replay_mode=MODEL_ONLY_REPLAY;residual_convention=residual_f = actual_high_f - forecast_high_f;phase6=v2_1;replay_version=C_remaining_day_max_plus_obs;replay_mode=FULL_OPERATIONAL_REPLAY;obs_availability=assumed_fixed_lag_20m_after_observation_time,v2_1,C_remaining_day_max_plus_obs,,77.3,OK,,2026-06-22T13:00:00+00:00,2026-06-23T05:00:00+00:00,checkpoint_to_nws_cli_climate_day_end_local_standard_time_utc-5,16,16,77.3,OK,,7,1,2026-06-22T11:51:00+00:00,69.0,60.0,False,assumed_fixed_lag_20m_after_observation_time
KXHIGHNY-26JUN22,2026-06-22,d0_1200,2026-06-22T16:00:00+00:00,gfs_operational_latest,2026-06-22T06:00:00+00:00,2026-06-22T12:00:00+00:00,day_06z,76.2,76.2,71.0,76.2,73.0,-3.200000000000003,nws_cli_knyc,FULL_OPERATIONAL_REPLAY,iem_nws_cli,72° to 73°,6,summer,-6.0,open-meteo:single-runs:ncep_gfs_global:operational_latest,policy=latest_available_by_latency;latency_h=6;replay_mode=MODEL_ONLY_REPLAY;residual_convention=residual_f = actual_high_f - forecast_high_f;phase6=v2_1;replay_version=C_remaining_day_max_plus_obs;replay_mode=FULL_OPERATIONAL_REPLAY;obs_availability=assumed_fixed_lag_20m_after_observation_time,v2_1,C_remaining_day_max_plus_obs,,77.3,OK,,2026-06-22T16:00:00+00:00,2026-06-23T05:00:00+00:00,checkpoint_to_nws_cli_climate_day_end_local_standard_time_utc-5,13,13,76.2,OK,,10,1,2026-06-22T14:51:00+00:00,69.0,60.0,False,assumed_fixed_lag_20m_after_observation_time
KXHIGHNY-26JUN22,2026-06-22,d0_1500,2026-06-22T19:00:00+00:00,gfs_operational_latest,2026-06-22T06:00:00+00:00,2026-06-22T12:00:00+00:00,day_06z,73.0,71.7,73.0,73.0,73.0,0.0,nws_cli_knyc,FULL_OPERATIONAL_REPLAY,iem_nws_cli,72° to 73°,6,summer,-6.0,open-meteo:single-runs:ncep_gfs_global:operational_latest,policy=latest_available_by_latency;latency_h=6;replay_mode=MODEL_ONLY_REPLAY;residual_convention=residual_f = actual_high_f - forecast_high_f;phase6=v2_1;replay_version=C_remaining_day_max_plus_obs;replay_mode=FULL_OPERATIONAL_REPLAY;obs_availability=assumed_fixed_lag_20m_after_observation_time,v2_1,C_remaining_day_max_plus_obs,,77.3,OK,,2026-06-22T19:00:00+00:00,2026-06-23T05:00:00+00:00,checkpoint_to_nws_cli_climate_day_end_local_standard_time_utc-5,10,10,71.7,OK,,14,1,2026-06-22T18:34:00+00:00,26.0,60.0,True,assumed_fixed_lag_20m_after_observation_time
KXHIGHNY-26JUN23,2026-06-23,dminus1_1800,2026-06-22T22:00:00+00:00,gfs_operational_latest,2026-06-22T12:00:00+00:00,2026-06-22T18:00:00+00:00,prev_12z,71.0,71.0,,71.0,71.0,0.0,nws_cli_knyc,FULL_OPERATIONAL_REPLAY,iem_nws_cli,77° or below,6,summer,12.0,open-meteo:single-runs:ncep_gfs_global:operational_latest,policy=latest_available_by_latency;latency_h=6;replay_mode=FULL_OPERATIONAL_REPLAY;residual_convention=residual_f = actual_high_f - forecast_high_f;phase6=v2_1;replay_version=C_remaining_day_max_plus_obs;replay_mode=FULL_OPERATIONAL_REPLAY;obs_availability=assumed_fixed_lag_20m_after_observation_time,v2_1,C_remaining_day_max_plus_obs,,71.0,OK,,2026-06-23T05:00:00+00:00,2026-06-24T05:00:00+00:00,checkpoint_to_nws_cli_climate_day_end_local_standard_time_utc-5,24,24,71.0,,,,,,,,,
KXHIGHNY-26JUN23,2026-06-23,d0_0600,2026-06-23T10:00:00+00:00,gfs_operational_latest,2026-06-23T00:00:00+00:00,2026-06-23T06:00:00+00:00,day_00z,71.5,71.5,71.0,71.5,71.0,-0.5,nws_cli_knyc,FULL_OPERATIONAL_REPLAY,iem_nws_cli,77° or below,6,summer,0.0,open-meteo:single-runs:ncep_gfs_global:operational_latest,policy=latest_available_by_latency;latency_h=6;replay_mode=MODEL_ONLY_REPLAY;residual_convention=residual_f = actual_high_f - forecast_high_f;phase6=v2_1;replay_version=C_remaining_day_max_plus_obs;replay_mode=FULL_OPERATIONAL_REPLAY;obs_availability=assumed_fixed_lag_20m_after_observation_time,v2_1,C_remaining_day_max_plus_obs,,71.5,OK,,2026-06-23T10:00:00+00:00,2026-06-24T05:00:00+00:00,checkpoint_to_nws_cli_climate_day_end_local_standard_time_utc-5,19,19,71.5,OK,,19,2,2026-06-23T09:40:00+00:00,20.0,35.0,False,assumed_fixed_lag_20m_after_observation_time
KXHIGHNY-26JUN23,2026-06-23,d0_0900,2026-06-23T13:00:00+00:00,gfs_operational_latest,2026-06-23T06:00:00+00:00,2026-06-23T12:00:00+00:00,day_06z,71.6,70.6,71.6,71.6,71.0,-0.5999999999999943,nws_cli_knyc,FULL_OPERATIONAL_REPLAY,iem_nws_cli,77° or below,6,summer,-6.0,open-meteo:single-runs:ncep_gfs_global:operational_latest,policy=latest_available_by_latency;latency_h=6;replay_mode=MODEL_ONLY_REPLAY;residual_convention=residual_f = actual_high_f - forecast_high_f;phase6=v2_1;replay_version=C_remaining_day_max_plus_obs;replay_mode=FULL_OPERATIONAL_REPLAY;obs_availability=assumed_fixed_lag_20m_after_observation_time,v2_1,C_remaining_day_max_plus_obs,,70.6,OK,,2026-06-23T13:00:00+00:00,2026-06-24T05:00:00+00:00,checkpoint_to_nws_cli_climate_day_end_local_standard_time_utc-5,16,16,70.6,OK,,28,2,2026-06-23T12:40:00+00:00,20.0,51.0,True,assumed_fixed_lag_20m_after_observation_time
KXHIGHNY-26JUN23,2026-06-23,d0_1200,2026-06-23T16:00:00+00:00,gfs_operational_latest,2026-06-23T06:00:00+00:00,2026-06-23T12:00:00+00:00,day_06z,71.6,69.0,71.6,71.6,71.0,-0.5999999999999943,nws_cli_knyc,FULL_OPERATIONAL_REPLAY,iem_nws_cli,77° or below,6,summer,-6.0,open-meteo:single-runs:ncep_gfs_global:operational_latest,policy=latest_available_by_latency;latency_h=6;replay_mode=MODEL_ONLY_REPLAY;residual_convention=residual_f = actual_high_f - forecast_high_f;phase6=v2_1;replay_version=C_remaining_day_max_plus_obs;replay_mode=FULL_OPERATIONAL_REPLAY;obs_availability=assumed_fixed_lag_20m_after_observation_time,v2_1,C_remaining_day_max_plus_obs,,70.6,OK,,2026-06-23T16:00:00+00:00,2026-06-24T05:00:00+00:00,checkpoint_to_nws_cli_climate_day_end_local_standard_time_utc-5,13,13,69.0,OK,,36,1,2026-06-23T15:20:00+00:00,40.0,51.0,True,assumed_fixed_lag_20m_after_observation_time
KXHIGHNY-26JUN23,2026-06-23,d0_1500,2026-06-23T19:00:00+00:00,gfs_operational_latest,2026-06-23T06:00:00+00:00,2026-06-23T12:00:00+00:00,day_06z,71.6,65.8,71.6,71.6,71.0,-0.5999999999999943,nws_cli_knyc,FULL_OPERATIONAL_REPLAY,iem_nws_cli,77° or below,6,summer,-6.0,open-meteo:single-runs:ncep_gfs_global:operational_latest,policy=latest_available_by_latency;latency_h=6;replay_mode=MODEL_ONLY_REPLAY;residual_convention=residual_f = actual_high_f - forecast_high_f;phase6=v2_1;replay_version=C_remaining_day_max_plus_obs;replay_mode=FULL_OPERATIONAL_REPLAY;obs_availability=assumed_fixed_lag_20m_after_observation_time,v2_1,C_remaining_day_max_plus_obs,,70.6,OK,,2026-06-23T19:00:00+00:00,2026-06-24T05:00:00+00:00,checkpoint_to_nws_cli_climate_day_end_local_standard_time_utc-5,10,10,65.8,OK,,39,1,2026-06-23T17:51:00+00:00,69.0,60.0,True,assumed_fixed_lag_20m_after_observation_time
KXHIGHNY-26JUN24,2026-06-24,dminus1_1800,2026-06-23T22:00:00+00:00,gfs_operational_latest,2026-06-23T12:00:00+00:00,2026-06-23T18:00:00+00:00,prev_12z,84.5,84.5,,84.5,82.0,-2.5,nws_cli_knyc,FULL_OPERATIONAL_REPLAY,iem_nws_cli,82° to 83°,6,summer,12.0,open-meteo:single-runs:ncep_gfs_global:operational_latest,policy=latest_available_by_latency;latency_h=6;replay_mode=FULL_OPERATIONAL_REPLAY;residual_convention=residual_f = actual_high_f - forecast_high_f;phase6=v2_1;replay_version=C_remaining_day_max_plus_obs;replay_mode=FULL_OPERATIONAL_REPLAY;obs_availability=assumed_fixed_lag_20m_after_observation_time,v2_1,C_remaining_day_max_plus_obs,,84.5,OK,,2026-06-24T05:00:00+00:00,2026-06-25T05:00:00+00:00,checkpoint_to_nws_cli_climate_day_end_local_standard_time_utc-5,24,24,84.5,,,,,,,,,
KXHIGHNY-26JUN24,2026-06-24,d0_0600,2026-06-24T10:00:00+00:00,gfs_operational_latest,2026-06-24T00:00:00+00:00,2026-06-24T06:00:00+00:00,day_00z,84.8,84.8,65.0,84.8,82.0,-2.799999999999997,nws_cli_knyc,FULL_OPERATIONAL_REPLAY,iem_nws_cli,82° to 83°,6,summer,0.0,open-meteo:single-runs:ncep_gfs_global:operational_latest,policy=latest_available_by_latency;latency_h=6;replay_mode=MODEL_ONLY_REPLAY;residual_convention=residual_f = actual_high_f - forecast_high_f;phase6=v2_1;replay_version=C_remaining_day_max_plus_obs;replay_mode=FULL_OPERATIONAL_REPLAY;obs_availability=assumed_fixed_lag_20m_after_observation_time,v2_1,C_remaining_day_max_plus_obs,,84.8,OK,,2026-06-24T10:00:00+00:00,2026-06-25T05:00:00+00:00,checkpoint_to_nws_cli_climate_day_end_local_standard_time_utc-5,19,19,84.8,OK,,4,1,2026-06-24T08:51:00+00:00,69.0,60.0,False,assumed_fixed_lag_20m_after_observation_time
KXHIGHNY-26JUN24,2026-06-24,d0_0900,2026-06-24T13:00:00+00:00,gfs_operational_latest,2026-06-24T06:00:00+00:00,2026-06-24T12:00:00+00:00,day_06z,85.0,85.0,65.0,85.0,82.0,-3.0,nws_cli_knyc,FULL_OPERATIONAL_REPLAY,iem_nws_cli,82° to 83°,6,summer,-6.0,open-meteo:single-runs:ncep_gfs_global:operational_latest,policy=latest_available_by_latency;latency_h=6;replay_mode=MODEL_ONLY_REPLAY;residual_convention=residual_f = actual_high_f - forecast_high_f;phase6=v2_1;replay_version=C_remaining_day_max_plus_obs;replay_mode=FULL_OPERATIONAL_REPLAY;obs_availability=assumed_fixed_lag_20m_after_observation_time,v2_1,C_remaining_day_max_plus_obs,,85.0,OK,,2026-06-24T13:00:00+00:00,2026-06-25T05:00:00+00:00,checkpoint_to_nws_cli_climate_day_end_local_standard_time_utc-5,16,16,85.0,OK,,7,1,2026-06-24T11:51:00+00:00,69.0,60.0,False,assumed_fixed_lag_20m_after_observation_time
KXHIGHNY-26JUN24,2026-06-24,d0_1200,2026-06-24T16:00:00+00:00,gfs_operational_latest,2026-06-24T06:00:00+00:00,2026-06-24T12:00:00+00:00,day_06z,85.0,85.0,76.0,85.0,82.0,-3.0,nws_cli_knyc,FULL_OPERATIONAL_REPLAY,iem_nws_cli,82° to 83°,6,summer,-6.0,open-meteo:single-runs:ncep_gfs_global:operational_latest,policy=latest_available_by_latency;latency_h=6;replay_mode=MODEL_ONLY_REPLAY;residual_convention=residual_f = actual_high_f - forecast_high_f;phase6=v2_1;replay_version=C_remaining_day_max_plus_obs;replay_mode=FULL_OPERATIONAL_REPLAY;obs_availability=assumed_fixed_lag_20m_after_observation_time,v2_1,C_remaining_day_max_plus_obs,,85.0,OK,,2026-06-24T16:00:00+00:00,2026-06-25T05:00:00+00:00,checkpoint_to_nws_cli_climate_day_end_local_standard_time_utc-5,13,13,85.0,OK,,10,1,2026-06-24T14:51:00+00:00,69.0,60.0,False,assumed_fixed_lag_20m_after_observation_time
KXHIGHNY-26JUN24,2026-06-24,d0_1500,2026-06-24T19:00:00+00:00,gfs_operational_latest,2026-06-24T06:00:00+00:00,2026-06-24T12:00:00+00:00,day_06z,85.0,85.0,79.0,85.0,82.0,-3.0,nws_cli_knyc,FULL_OPERATIONAL_REPLAY,iem_nws_cli,82° to 83°,6,summer,-6.0,open-meteo:single-runs:ncep_gfs_global:operational_latest,policy=latest_available_by_latency;latency_h=6;replay_mode=MODEL_ONLY_REPLAY;residual_convention=residual_f = actual_high_f - forecast_high_f;phase6=v2_1;replay_version=C_remaining_day_max_plus_obs;replay_mode=FULL_OPERATIONAL_REPLAY;obs_availability=assumed_fixed_lag_20m_after_observation_time,v2_1,C_remaining_day_max_plus_obs,,85.0,OK,,2026-06-24T19:00:00+00:00,2026-06-25T05:00:00+00:00,checkpoint_to_nws_cli_climate_day_end_local_standard_time_utc-5,10,10,85.0,OK,,13,1,2026-06-24T17:51:00+00:00,69.0,60.0,False,assumed_fixed_lag_20m_after_observation_time
KXHIGHNY-26JUN25,2026-06-25,dminus1_1800,2026-06-24T22:00:00+00:00,gfs_operational_latest,2026-06-24T12:00:00+00:00,2026-06-24T18:00:00+00:00,prev_12z,85.7,85.7,,85.7,83.0,-2.700000000000003,nws_cli_knyc,FULL_OPERATIONAL_REPLAY,iem_nws_cli,83° to 84°,6,summer,12.0,open-meteo:single-runs:ncep_gfs_global:operational_latest,policy=latest_available_by_latency;latency_h=6;replay_mode=FULL_OPERATIONAL_REPLAY;residual_convention=residual_f = actual_high_f - forecast_high_f;phase6=v2_1;replay_version=C_remaining_day_max_plus_obs;replay_mode=FULL_OPERATIONAL_REPLAY;obs_availability=assumed_fixed_lag_20m_after_observation_time,v2_1,C_remaining_day_max_plus_obs,,85.7,OK,,2026-06-25T05:00:00+00:00,2026-06-26T05:00:00+00:00,checkpoint_to_nws_cli_climate_day_end_local_standard_time_utc-5,24,24,85.7,,,,,,,,,
KXHIGHNY-26JUN25,2026-06-25,d0_0600,2026-06-25T10:00:00+00:00,gfs_operational_latest,2026-06-25T00:00:00+00:00,2026-06-25T06:00:00+00:00,day_00z,85.7,85.7,69.0,85.7,83.0,-2.700000000000003,nws_cli_knyc,FULL_OPERATIONAL_REPLAY,iem_nws_cli,83° to 84°,6,summer,0.0,open-meteo:single-runs:ncep_gfs_global:operational_latest,policy=latest_available_by_latency;latency_h=6;replay_mode=MODEL_ONLY_REPLAY;residual_convention=residual_f = actual_high_f - forecast_high_f;phase6=v2_1;replay_version=C_remaining_day_max_plus_obs;replay_mode=FULL_OPERATIONAL_REPLAY;obs_availability=assumed_fixed_lag_20m_after_observation_time,v2_1,C_remaining_day_max_plus_obs,,85.7,OK,,2026-06-25T10:00:00+00:00,2026-06-26T05:00:00+00:00,checkpoint_to_nws_cli_climate_day_end_local_standard_time_utc-5,19,19,85.7,OK,,4,1,2026-06-25T08:51:00+00:00,69.0,60.0,False,assumed_fixed_lag_20m_after_observation_time
KXHIGHNY-26JUN25,2026-06-25,d0_0900,2026-06-25T13:00:00+00:00,gfs_operational_latest,2026-06-25T06:00:00+00:00,2026-06-25T12:00:00+00:00,day_06z,86.1,86.1,71.0,86.1,83.0,-3.0999999999999943,nws_cli_knyc,FULL_OPERATIONAL_REPLAY,iem_nws_cli,83° to 84°,6,summer,-6.0,open-meteo:single-runs:ncep_gfs_global:operational_latest,policy=latest_available_by_latency;latency_h=6;replay_mode=MODEL_ONLY_REPLAY;residual_convention=residual_f = actual_high_f - forecast_high_f;phase6=v2_1;replay_version=C_remaining_day_max_plus_obs;replay_mode=FULL_OPERATIONAL_REPLAY;obs_availability=assumed_fixed_lag_20m_after_observation_time,v2_1,C_remaining_day_max_plus_obs,,86.1,OK,,2026-06-25T13:00:00+00:00,2026-06-26T05:00:00+00:00,checkpoint_to_nws_cli_climate_day_end_local_standard_time_utc-5,16,16,86.1,OK,,7,1,2026-06-25T11:51:00+00:00,69.0,60.0,False,assumed_fixed_lag_20m_after_observation_time
KXHIGHNY-26JUN25,2026-06-25,d0_1200,2026-06-25T16:00:00+00:00,gfs_operational_latest,2026-06-25T06:00:00+00:00,2026-06-25T12:00:00+00:00,day_06z,86.1,86.1,78.0,86.1,83.0,-3.0999999999999943,nws_cli_knyc,FULL_OPERATIONAL_REPLAY,iem_nws_cli,83° to 84°,6,summer,-6.0,open-meteo:single-runs:ncep_gfs_global:operational_latest,policy=latest_available_by_latency;latency_h=6;replay_mode=MODEL_ONLY_REPLAY;residual_convention=residual_f = actual_high_f - forecast_high_f;phase6=v2_1;replay_version=C_remaining_day_max_plus_obs;replay_mode=FULL_OPERATIONAL_REPLAY;obs_availability=assumed_fixed_lag_20m_after_observation_time,v2_1,C_remaining_day_max_plus_obs,,86.1,OK,,2026-06-25T16:00:00+00:00,2026-06-26T05:00:00+00:00,checkpoint_to_nws_cli_climate_day_end_local_standard_time_utc-5,13,13,86.1,OK,,10,1,2026-06-25T14:51:00+00:00,69.0,60.0,False,assumed_fixed_lag_20m_after_observation_time
KXHIGHNY-26JUN25,2026-06-25,d0_1500,2026-06-25T19:00:00+00:00,gfs_operational_latest,2026-06-25T06:00:00+00:00,2026-06-25T12:00:00+00:00,day_06z,85.9,85.9,81.0,85.9,83.0,-2.9000000000000057,nws_cli_knyc,FULL_OPERATIONAL_REPLAY,iem_nws_cli,83° to 84°,6,summer,-6.0,open-meteo:single-runs:ncep_gfs_global:operational_latest,policy=latest_available_by_latency;latency_h=6;replay_mode=MODEL_ONLY_REPLAY;residual_convention=residual_f = actual_high_f - forecast_high_f;phase6=v2_1;replay_version=C_remaining_day_max_plus_obs;replay_mode=FULL_OPERATIONAL_REPLAY;obs_availability=assumed_fixed_lag_20m_after_observation_time,v2_1,C_remaining_day_max_plus_obs,,86.1,OK,,2026-06-25T19:00:00+00:00,2026-06-26T05:00:00+00:00,checkpoint_to_nws_cli_climate_day_end_local_standard_time_utc-5,10,10,85.9,OK,,13,1,2026-06-25T17:51:00+00:00,69.0,60.0,False,assumed_fixed_lag_20m_after_observation_time
KXHIGHNY-26JUN26,2026-06-26,dminus1_1800,2026-06-25T22:00:00+00:00,gfs_operational_latest,2026-06-25T12:00:00+00:00,2026-06-25T18:00:00+00:00,prev_12z,84.8,84.8,,84.8,80.0,-4.799999999999997,nws_cli_knyc,FULL_OPERATIONAL_REPLAY,iem_nws_cli,80° or below,6,summer,12.0,open-meteo:single-runs:ncep_gfs_global:operational_latest,policy=latest_available_by_latency;latency_h=6;replay_mode=FULL_OPERATIONAL_REPLAY;residual_convention=residual_f = actual_high_f - forecast_high_f;phase6=v2_1;replay_version=C_remaining_day_max_plus_obs;replay_mode=FULL_OPERATIONAL_REPLAY;obs_availability=assumed_fixed_lag_20m_after_observation_time,v2_1,C_remaining_day_max_plus_obs,,84.8,OK,,2026-06-26T05:00:00+00:00,2026-06-27T05:00:00+00:00,checkpoint_to_nws_cli_climate_day_end_local_standard_time_utc-5,24,24,84.8,,,,,,,,,
KXHIGHNY-26JUN26,2026-06-26,d0_0600,2026-06-26T10:00:00+00:00,gfs_operational_latest,2026-06-26T00:00:00+00:00,2026-06-26T06:00:00+00:00,day_00z,87.7,87.7,71.0,87.7,80.0,-7.700000000000003,nws_cli_knyc,FULL_OPERATIONAL_REPLAY,iem_nws_cli,80° or below,6,summer,0.0,open-meteo:single-runs:ncep_gfs_global:operational_latest,policy=latest_available_by_latency;latency_h=6;replay_mode=MODEL_ONLY_REPLAY;residual_convention=residual_f = actual_high_f - forecast_high_f;phase6=v2_1;replay_version=C_remaining_day_max_plus_obs;replay_mode=FULL_OPERATIONAL_REPLAY;obs_availability=assumed_fixed_lag_20m_after_observation_time,v2_1,C_remaining_day_max_plus_obs,,87.7,OK,,2026-06-26T10:00:00+00:00,2026-06-27T05:00:00+00:00,checkpoint_to_nws_cli_climate_day_end_local_standard_time_utc-5,19,19,87.7,OK,,9,1,2026-06-26T09:40:00+00:00,20.0,60.0,False,assumed_fixed_lag_20m_after_observation_time
KXHIGHNY-26JUN26,2026-06-26,d0_0900,2026-06-26T13:00:00+00:00,gfs_operational_latest,2026-06-26T06:00:00+00:00,2026-06-26T12:00:00+00:00,day_06z,87.4,87.4,71.0,87.4,80.0,-7.400000000000006,nws_cli_knyc,FULL_OPERATIONAL_REPLAY,iem_nws_cli,80° or below,6,summer,-6.0,open-meteo:single-runs:ncep_gfs_global:operational_latest,policy=latest_available_by_latency;latency_h=6;replay_mode=MODEL_ONLY_REPLAY;residual_convention=residual_f = actual_high_f - forecast_high_f;phase6=v2_1;replay_version=C_remaining_day_max_plus_obs;replay_mode=FULL_OPERATIONAL_REPLAY;obs_availability=assumed_fixed_lag_20m_after_observation_time,v2_1,C_remaining_day_max_plus_obs,,87.4,OK,,2026-06-26T13:00:00+00:00,2026-06-27T05:00:00+00:00,checkpoint_to_nws_cli_climate_day_end_local_standard_time_utc-5,16,16,87.4,OK,,19,1,2026-06-26T12:35:00+00:00,25.0,60.0,False,assumed_fixed_lag_20m_after_observation_time
KXHIGHNY-26JUN26,2026-06-26,d0_1200,2026-06-26T16:00:00+00:00,gfs_operational_latest,2026-06-26T06:00:00+00:00,2026-06-26T12:00:00+00:00,day_06z,87.4,87.4,71.0,87.4,80.0,-7.400000000000006,nws_cli_knyc,FULL_OPERATIONAL_REPLAY,iem_nws_cli,80° or below,6,summer,-6.0,open-meteo:single-runs:ncep_gfs_global:operational_latest,policy=latest_available_by_latency;latency_h=6;replay_mode=MODEL_ONLY_REPLAY;residual_convention=residual_f = actual_high_f - forecast_high_f;phase6=v2_1;replay_version=C_remaining_day_max_plus_obs;replay_mode=FULL_OPERATIONAL_REPLAY;obs_availability=assumed_fixed_lag_20m_after_observation_time,v2_1,C_remaining_day_max_plus_obs,,87.4,OK,,2026-06-26T16:00:00+00:00,2026-06-27T05:00:00+00:00,checkpoint_to_nws_cli_climate_day_end_local_standard_time_utc-5,13,13,87.4,OK,,26,1,2026-06-26T15:00:00+00:00,60.0,60.0,False,assumed_fixed_lag_20m_after_observation_time
KXHIGHNY-26JUN26,2026-06-26,d0_1500,2026-06-26T19:00:00+00:00,gfs_operational_latest,2026-06-26T06:00:00+00:00,2026-06-26T12:00:00+00:00,day_06z,87.4,87.4,75.0,87.4,80.0,-7.400000000000006,nws_cli_knyc,FULL_OPERATIONAL_REPLAY,iem_nws_cli,80° or below,6,summer,-6.0,open-meteo:single-runs:ncep_gfs_global:operational_latest,policy=latest_available_by_latency;latency_h=6;replay_mode=MODEL_ONLY_REPLAY;residual_convention=residual_f = actual_high_f - forecast_high_f;phase6=v2_1;replay_version=C_remaining_day_max_plus_obs;replay_mode=FULL_OPERATIONAL_REPLAY;obs_availability=assumed_fixed_lag_20m_after_observation_time,v2_1,C_remaining_day_max_plus_obs,,87.4,OK,,2026-06-26T19:00:00+00:00,2026-06-27T05:00:00+00:00,checkpoint_to_nws_cli_climate_day_end_local_standard_time_utc-5,10,10,87.4,OK,,30,1,2026-06-26T17:51:00+00:00,69.0,60.0,False,assumed_fixed_lag_20m_after_observation_time
KXHIGHNY-26JUN27,2026-06-27,dminus1_1800,2026-06-26T22:00:00+00:00,gfs_operational_latest,2026-06-26T12:00:00+00:00,2026-06-26T18:00:00+00:00,prev_12z,82.3,82.3,,82.3,78.0,-4.299999999999997,nws_cli_knyc,FULL_OPERATIONAL_REPLAY,iem_nws_cli,78° to 79°,6,summer,12.0,open-meteo:single-runs:ncep_gfs_global:operational_latest,policy=latest_available_by_latency;latency_h=6;replay_mode=FULL_OPERATIONAL_REPLAY;residual_convention=residual_f = actual_high_f - forecast_high_f;phase6=v2_1;replay_version=C_remaining_day_max_plus_obs;replay_mode=FULL_OPERATIONAL_REPLAY;obs_availability=assumed_fixed_lag_20m_after_observation_time,v2_1,C_remaining_day_max_plus_obs,,82.3,OK,,2026-06-27T05:00:00+00:00,2026-06-28T05:00:00+00:00,checkpoint_to_nws_cli_climate_day_end_local_standard_time_utc-5,24,24,82.3,,,,,,,,,
KXHIGHNY-26JUN27,2026-06-27,d0_0600,2026-06-27T10:00:00+00:00,gfs_operational_latest,2026-06-27T00:00:00+00:00,2026-06-27T06:00:00+00:00,day_00z,83.2,83.2,76.0,83.2,78.0,-5.200000000000003,nws_cli_knyc,FULL_OPERATIONAL_REPLAY,iem_nws_cli,78° to 79°,6,summer,0.0,open-meteo:single-runs:ncep_gfs_global:operational_latest,policy=latest_available_by_latency;latency_h=6;replay_mode=MODEL_ONLY_REPLAY;residual_convention=residual_f = actual_high_f - forecast_high_f;phase6=v2_1;replay_version=C_remaining_day_max_plus_obs;replay_mode=FULL_OPERATIONAL_REPLAY;obs_availability=assumed_fixed_lag_20m_after_observation_time,v2_1,C_remaining_day_max_plus_obs,,83.2,OK,,2026-06-27T10:00:00+00:00,2026-06-28T05:00:00+00:00,checkpoint_to_nws_cli_climate_day_end_local_standard_time_utc-5,19,19,83.2,OK,,4,1,2026-06-27T08:51:00+00:00,69.0,60.0,False,assumed_fixed_lag_20m_after_observation_time
KXHIGHNY-26JUN27,2026-06-27,d0_0900,2026-06-27T13:00:00+00:00,gfs_operational_latest,2026-06-27T06:00:00+00:00,2026-06-27T12:00:00+00:00,day_06z,79.4,79.4,76.0,79.4,78.0,-1.4000000000000057,nws_cli_knyc,FULL_OPERATIONAL_REPLAY,iem_nws_cli,78° to 79°,6,summer,-6.0,open-meteo:single-runs:ncep_gfs_global:operational_latest,policy=latest_available_by_latency;latency_h=6;replay_mode=MODEL_ONLY_REPLAY;residual_convention=residual_f = actual_high_f - forecast_high_f;phase6=v2_1;replay_version=C_remaining_day_max_plus_obs;replay_mode=FULL_OPERATIONAL_REPLAY;obs_availability=assumed_fixed_lag_20m_after_observation_time,v2_1,C_remaining_day_max_plus_obs,,79.4,OK,,2026-06-27T13:00:00+00:00,2026-06-28T05:00:00+00:00,checkpoint_to_nws_cli_climate_day_end_local_standard_time_utc-5,16,16,79.4,OK,,7,1,2026-06-27T11:51:00+00:00,69.0,60.0,False,assumed_fixed_lag_20m_after_observation_time
KXHIGHNY-26JUN27,2026-06-27,d0_1200,2026-06-27T16:00:00+00:00,gfs_operational_latest,2026-06-27T06:00:00+00:00,2026-06-27T12:00:00+00:00,day_06z,79.4,79.4,77.0,79.4,78.0,-1.4000000000000057,nws_cli_knyc,FULL_OPERATIONAL_REPLAY,iem_nws_cli,78° to 79°,6,summer,-6.0,open-meteo:single-runs:ncep_gfs_global:operational_latest,policy=latest_available_by_latency;latency_h=6;replay_mode=MODEL_ONLY_REPLAY;residual_convention=residual_f = actual_high_f - forecast_high_f;phase6=v2_1;replay_version=C_remaining_day_max_plus_obs;replay_mode=FULL_OPERATIONAL_REPLAY;obs_availability=assumed_fixed_lag_20m_after_observation_time,v2_1,C_remaining_day_max_plus_obs,,79.4,OK,,2026-06-27T16:00:00+00:00,2026-06-28T05:00:00+00:00,checkpoint_to_nws_cli_climate_day_end_local_standard_time_utc-5,13,13,79.4,OK,,10,1,2026-06-27T14:51:00+00:00,69.0,60.0,False,assumed_fixed_lag_20m_after_observation_time
KXHIGHNY-26JUN27,2026-06-27,d0_1500,2026-06-27T19:00:00+00:00,gfs_operational_latest,2026-06-27T06:00:00+00:00,2026-06-27T12:00:00+00:00,day_06z,78.4,78.4,77.0,78.4,78.0,-0.4000000000000057,nws_cli_knyc,FULL_OPERATIONAL_REPLAY,iem_nws_cli,78° to 79°,6,summer,-6.0,open-meteo:single-runs:ncep_gfs_global:operational_latest,policy=latest_available_by_latency;latency_h=6;replay_mode=MODEL_ONLY_REPLAY;residual_convention=residual_f = actual_high_f - forecast_high_f;phase6=v2_1;replay_version=C_remaining_day_max_plus_obs;replay_mode=FULL_OPERATIONAL_REPLAY;obs_availability=assumed_fixed_lag_20m_after_observation_time,v2_1,C_remaining_day_max_plus_obs,,79.4,OK,,2026-06-27T19:00:00+00:00,2026-06-28T05:00:00+00:00,checkpoint_to_nws_cli_climate_day_end_local_standard_time_utc-5,10,10,78.4,OK,,15,1,2026-06-27T18:35:00+00:00,25.0,60.0,False,assumed_fixed_lag_20m_after_observation_time
KXHIGHNY-26JUN28,2026-06-28,dminus1_1800,2026-06-27T22:00:00+00:00,gfs_operational_latest,2026-06-27T12:00:00+00:00,2026-06-27T18:00:00+00:00,prev_12z,85.7,85.7,,85.7,82.0,-3.700000000000003,nws_cli_knyc,FULL_OPERATIONAL_REPLAY,iem_nws_cli,81° to 82°,6,summer,12.0,open-meteo:single-runs:ncep_gfs_global:operational_latest,policy=latest_available_by_latency;latency_h=6;replay_mode=FULL_OPERATIONAL_REPLAY;residual_convention=residual_f = actual_high_f - forecast_high_f;phase6=v2_1;replay_version=C_remaining_day_max_plus_obs;replay_mode=FULL_OPERATIONAL_REPLAY;obs_availability=assumed_fixed_lag_20m_after_observation_time,v2_1,C_remaining_day_max_plus_obs,,85.7,OK,,2026-06-28T05:00:00+00:00,2026-06-29T05:00:00+00:00,checkpoint_to_nws_cli_climate_day_end_local_standard_time_utc-5,24,24,85.7,,,,,,,,,
KXHIGHNY-26JUN28,2026-06-28,d0_0600,2026-06-28T10:00:00+00:00,gfs_operational_latest,2026-06-28T00:00:00+00:00,2026-06-28T06:00:00+00:00,day_00z,87.4,87.4,69.8,87.4,82.0,-5.400000000000006,nws_cli_knyc,FULL_OPERATIONAL_REPLAY,iem_nws_cli,81° to 82°,6,summer,0.0,open-meteo:single-runs:ncep_gfs_global:operational_latest,policy=latest_available_by_latency;latency_h=6;replay_mode=MODEL_ONLY_REPLAY;residual_convention=residual_f = actual_high_f - forecast_high_f;phase6=v2_1;replay_version=C_remaining_day_max_plus_obs;replay_mode=FULL_OPERATIONAL_REPLAY;obs_availability=assumed_fixed_lag_20m_after_observation_time,v2_1,C_remaining_day_max_plus_obs,,87.4,OK,,2026-06-28T10:00:00+00:00,2026-06-29T05:00:00+00:00,checkpoint_to_nws_cli_climate_day_end_local_standard_time_utc-5,19,19,87.4,OK,,12,1,2026-06-28T09:06:00+00:00,54.0,52.0,False,assumed_fixed_lag_20m_after_observation_time
KXHIGHNY-26JUN28,2026-06-28,d0_0900,2026-06-28T13:00:00+00:00,gfs_operational_latest,2026-06-28T06:00:00+00:00,2026-06-28T12:00:00+00:00,day_06z,85.9,85.9,71.0,85.9,82.0,-3.9000000000000057,nws_cli_knyc,FULL_OPERATIONAL_REPLAY,iem_nws_cli,81° to 82°,6,summer,-6.0,open-meteo:single-runs:ncep_gfs_global:operational_latest,policy=latest_available_by_latency;latency_h=6;replay_mode=MODEL_ONLY_REPLAY;residual_convention=residual_f = actual_high_f - forecast_high_f;phase6=v2_1;replay_version=C_remaining_day_max_plus_obs;replay_mode=FULL_OPERATIONAL_REPLAY;obs_availability=assumed_fixed_lag_20m_after_observation_time,v2_1,C_remaining_day_max_plus_obs,,85.9,OK,,2026-06-28T13:00:00+00:00,2026-06-29T05:00:00+00:00,checkpoint_to_nws_cli_climate_day_end_local_standard_time_utc-5,16,16,85.9,OK,,19,1,2026-06-28T11:51:00+00:00,69.0,52.0,False,assumed_fixed_lag_20m_after_observation_time
KXHIGHNY-26JUN28,2026-06-28,d0_1200,2026-06-28T16:00:00+00:00,gfs_operational_latest,2026-06-28T06:00:00+00:00,2026-06-28T12:00:00+00:00,day_06z,85.9,85.9,77.0,85.9,82.0,-3.9000000000000057,nws_cli_knyc,FULL_OPERATIONAL_REPLAY,iem_nws_cli,81° to 82°,6,summer,-6.0,open-meteo:single-runs:ncep_gfs_global:operational_latest,policy=latest_available_by_latency;latency_h=6;replay_mode=MODEL_ONLY_REPLAY;residual_convention=residual_f = actual_high_f - forecast_high_f;phase6=v2_1;replay_version=C_remaining_day_max_plus_obs;replay_mode=FULL_OPERATIONAL_REPLAY;obs_availability=assumed_fixed_lag_20m_after_observation_time,v2_1,C_remaining_day_max_plus_obs,,85.9,OK,,2026-06-28T16:00:00+00:00,2026-06-29T05:00:00+00:00,checkpoint_to_nws_cli_climate_day_end_local_standard_time_utc-5,13,13,85.9,OK,,24,1,2026-06-28T14:51:00+00:00,69.0,60.0,False,assumed_fixed_lag_20m_after_observation_time
KXHIGHNY-26JUN28,2026-06-28,d0_1500,2026-06-28T19:00:00+00:00,gfs_operational_latest,2026-06-28T06:00:00+00:00,2026-06-28T12:00:00+00:00,day_06z,85.9,85.9,82.0,85.9,82.0,-3.9000000000000057,nws_cli_knyc,FULL_OPERATIONAL_REPLAY,iem_nws_cli,81° to 82°,6,summer,-6.0,open-meteo:single-runs:ncep_gfs_global:operational_latest,policy=latest_available_by_latency;latency_h=6;replay_mode=MODEL_ONLY_REPLAY;residual_convention=residual_f = actual_high_f - forecast_high_f;phase6=v2_1;replay_version=C_remaining_day_max_plus_obs;replay_mode=FULL_OPERATIONAL_REPLAY;obs_availability=assumed_fixed_lag_20m_after_observation_time,v2_1,C_remaining_day_max_plus_obs,,85.9,OK,,2026-06-28T19:00:00+00:00,2026-06-29T05:00:00+00:00,checkpoint_to_nws_cli_climate_day_end_local_standard_time_utc-5,10,10,85.9,OK,,27,1,2026-06-28T17:51:00+00:00,69.0,60.0,False,assumed_fixed_lag_20m_after_observation_time
KXHIGHNY-26JUN29,2026-06-29,dminus1_1800,2026-06-28T22:00:00+00:00,gfs_operational_latest,2026-06-28T12:00:00+00:00,2026-06-28T18:00:00+00:00,prev_12z,91.3,91.3,,91.3,88.0,-3.299999999999997,nws_cli_knyc,FULL_OPERATIONAL_REPLAY,iem_nws_cli,87° or above,6,summer,12.0,open-meteo:single-runs:ncep_gfs_global:operational_latest,policy=latest_available_by_latency;latency_h=6;replay_mode=FULL_OPERATIONAL_REPLAY;residual_convention=residual_f = actual_high_f - forecast_high_f;phase6=v2_1;replay_version=C_remaining_day_max_plus_obs;replay_mode=FULL_OPERATIONAL_REPLAY;obs_availability=assumed_fixed_lag_20m_after_observation_time,v2_1,C_remaining_day_max_plus_obs,,91.3,OK,,2026-06-29T05:00:00+00:00,2026-06-30T05:00:00+00:00,checkpoint_to_nws_cli_climate_day_end_local_standard_time_utc-5,24,24,91.3,,,,,,,,,
KXHIGHNY-26JUN29,2026-06-29,d0_0600,2026-06-29T10:00:00+00:00,gfs_operational_latest,2026-06-29T00:00:00+00:00,2026-06-29T06:00:00+00:00,day_00z,90.6,90.6,70.0,90.6,88.0,-2.5999999999999943,nws_cli_knyc,FULL_OPERATIONAL_REPLAY,iem_nws_cli,87° or above,6,summer,0.0,open-meteo:single-runs:ncep_gfs_global:operational_latest,policy=latest_available_by_latency;latency_h=6;replay_mode=MODEL_ONLY_REPLAY;residual_convention=residual_f = actual_high_f - forecast_high_f;phase6=v2_1;replay_version=C_remaining_day_max_plus_obs;replay_mode=FULL_OPERATIONAL_REPLAY;obs_availability=assumed_fixed_lag_20m_after_observation_time,v2_1,C_remaining_day_max_plus_obs,,90.6,OK,,2026-06-29T10:00:00+00:00,2026-06-30T05:00:00+00:00,checkpoint_to_nws_cli_climate_day_end_local_standard_time_utc-5,19,19,90.6,OK,,4,1,2026-06-29T08:51:00+00:00,69.0,60.0,False,assumed_fixed_lag_20m_after_observation_time
KXHIGHNY-26JUN29,2026-06-29,d0_0900,2026-06-29T13:00:00+00:00,gfs_operational_latest,2026-06-29T06:00:00+00:00,2026-06-29T12:00:00+00:00,day_06z,92.0,92.0,72.0,92.0,88.0,-4.0,nws_cli_knyc,FULL_OPERATIONAL_REPLAY,iem_nws_cli,87° or above,6,summer,-6.0,open-meteo:single-runs:ncep_gfs_global:operational_latest,policy=latest_available_by_latency;latency_h=6;replay_mode=MODEL_ONLY_REPLAY;residual_convention=residual_f = actual_high_f - forecast_high_f;phase6=v2_1;replay_version=C_remaining_day_max_plus_obs;replay_mode=FULL_OPERATIONAL_REPLAY;obs_availability=assumed_fixed_lag_20m_after_observation_time,v2_1,C_remaining_day_max_plus_obs,,92.0,OK,,2026-06-29T13:00:00+00:00,2026-06-30T05:00:00+00:00,checkpoint_to_nws_cli_climate_day_end_local_standard_time_utc-5,16,16,92.0,OK,,7,1,2026-06-29T11:51:00+00:00,69.0,60.0,False,assumed_fixed_lag_20m_after_observation_time
KXHIGHNY-26JUN29,2026-06-29,d0_1200,2026-06-29T16:00:00+00:00,gfs_operational_latest,2026-06-29T06:00:00+00:00,2026-06-29T12:00:00+00:00,day_06z,92.0,92.0,81.0,92.0,88.0,-4.0,nws_cli_knyc,FULL_OPERATIONAL_REPLAY,iem_nws_cli,87° or above,6,summer,-6.0,open-meteo:single-runs:ncep_gfs_global:operational_latest,policy=latest_available_by_latency;latency_h=6;replay_mode=MODEL_ONLY_REPLAY;residual_convention=residual_f = actual_high_f - forecast_high_f;phase6=v2_1;replay_version=C_remaining_day_max_plus_obs;replay_mode=FULL_OPERATIONAL_REPLAY;obs_availability=assumed_fixed_lag_20m_after_observation_time,v2_1,C_remaining_day_max_plus_obs,,92.0,OK,,2026-06-29T16:00:00+00:00,2026-06-30T05:00:00+00:00,checkpoint_to_nws_cli_climate_day_end_local_standard_time_utc-5,13,13,92.0,OK,,10,1,2026-06-29T14:51:00+00:00,69.0,60.0,False,assumed_fixed_lag_20m_after_observation_time
KXHIGHNY-26JUN29,2026-06-29,d0_1500,2026-06-29T19:00:00+00:00,gfs_operational_latest,2026-06-29T06:00:00+00:00,2026-06-29T12:00:00+00:00,day_06z,92.0,92.0,87.0,92.0,88.0,-4.0,nws_cli_knyc,FULL_OPERATIONAL_REPLAY,iem_nws_cli,87° or above,6,summer,-6.0,open-meteo:single-runs:ncep_gfs_global:operational_latest,policy=latest_available_by_latency;latency_h=6;replay_mode=MODEL_ONLY_REPLAY;residual_convention=residual_f = actual_high_f - forecast_high_f;phase6=v2_1;replay_version=C_remaining_day_max_plus_obs;replay_mode=FULL_OPERATIONAL_REPLAY;obs_availability=assumed_fixed_lag_20m_after_observation_time,v2_1,C_remaining_day_max_plus_obs,,92.0,OK,,2026-06-29T19:00:00+00:00,2026-06-30T05:00:00+00:00,checkpoint_to_nws_cli_climate_day_end_local_standard_time_utc-5,10,10,92.0,OK,,13,1,2026-06-29T17:51:00+00:00,69.0,60.0,False,assumed_fixed_lag_20m_after_observation_time
KXHIGHNY-26JUN30,2026-06-30,dminus1_1800,2026-06-29T22:00:00+00:00,gfs_operational_latest,2026-06-29T12:00:00+00:00,2026-06-29T18:00:00+00:00,prev_12z,93.7,93.7,,93.7,87.0,-6.700000000000003,nws_cli_knyc,FULL_OPERATIONAL_REPLAY,iem_nws_cli,87° to 88°,6,summer,12.0,open-meteo:single-runs:ncep_gfs_global:operational_latest,policy=latest_available_by_latency;latency_h=6;replay_mode=FULL_OPERATIONAL_REPLAY;residual_convention=residual_f = actual_high_f - forecast_high_f;phase6=v2_1;replay_version=C_remaining_day_max_plus_obs;replay_mode=FULL_OPERATIONAL_REPLAY;obs_availability=assumed_fixed_lag_20m_after_observation_time,v2_1,C_remaining_day_max_plus_obs,,93.7,OK,,2026-06-30T05:00:00+00:00,2026-07-01T05:00:00+00:00,checkpoint_to_nws_cli_climate_day_end_local_standard_time_utc-5,24,24,93.7,,,,,,,,,
KXHIGHNY-26JUN30,2026-06-30,d0_0600,2026-06-30T10:00:00+00:00,gfs_operational_latest,2026-06-30T00:00:00+00:00,2026-06-30T06:00:00+00:00,day_00z,92.4,92.4,75.0,92.4,87.0,-5.400000000000006,nws_cli_knyc,FULL_OPERATIONAL_REPLAY,iem_nws_cli,87° to 88°,6,summer,0.0,open-meteo:single-runs:ncep_gfs_global:operational_latest,policy=latest_available_by_latency;latency_h=6;replay_mode=MODEL_ONLY_REPLAY;residual_convention=residual_f = actual_high_f - forecast_high_f;phase6=v2_1;replay_version=C_remaining_day_max_plus_obs;replay_mode=FULL_OPERATIONAL_REPLAY;obs_availability=assumed_fixed_lag_20m_after_observation_time,v2_1,C_remaining_day_max_plus_obs,,92.4,OK,,2026-06-30T10:00:00+00:00,2026-07-01T05:00:00+00:00,checkpoint_to_nws_cli_climate_day_end_local_standard_time_utc-5,19,19,92.4,OK,,4,1,2026-06-30T08:51:00+00:00,69.0,60.0,False,assumed_fixed_lag_20m_after_observation_time
KXHIGHNY-26JUN30,2026-06-30,d0_0900,2026-06-30T13:00:00+00:00,gfs_operational_latest,2026-06-30T06:00:00+00:00,2026-06-30T12:00:00+00:00,day_06z,92.9,92.9,75.0,92.9,87.0,-5.900000000000006,nws_cli_knyc,FULL_OPERATIONAL_REPLAY,iem_nws_cli,87° to 88°,6,summer,-6.0,open-meteo:single-runs:ncep_gfs_global:operational_latest,policy=latest_available_by_latency;latency_h=6;replay_mode=MODEL_ONLY_REPLAY;residual_convention=residual_f = actual_high_f - forecast_high_f;phase6=v2_1;replay_version=C_remaining_day_max_plus_obs;replay_mode=FULL_OPERATIONAL_REPLAY;obs_availability=assumed_fixed_lag_20m_after_observation_time,v2_1,C_remaining_day_max_plus_obs,,92.9,OK,,2026-06-30T13:00:00+00:00,2026-07-01T05:00:00+00:00,checkpoint_to_nws_cli_climate_day_end_local_standard_time_utc-5,16,16,92.9,OK,,7,1,2026-06-30T11:51:00+00:00,69.0,60.0,False,assumed_fixed_lag_20m_after_observation_time
KXHIGHNY-26JUN30,2026-06-30,d0_1200,2026-06-30T16:00:00+00:00,gfs_operational_latest,2026-06-30T06:00:00+00:00,2026-06-30T12:00:00+00:00,day_06z,92.9,92.9,82.0,92.9,87.0,-5.900000000000006,nws_cli_knyc,FULL_OPERATIONAL_REPLAY,iem_nws_cli,87° to 88°,6,summer,-6.0,open-meteo:single-runs:ncep_gfs_global:operational_latest,policy=latest_available_by_latency;latency_h=6;replay_mode=MODEL_ONLY_REPLAY;residual_convention=residual_f = actual_high_f - forecast_high_f;phase6=v2_1;replay_version=C_remaining_day_max_plus_obs;replay_mode=FULL_OPERATIONAL_REPLAY;obs_availability=assumed_fixed_lag_20m_after_observation_time,v2_1,C_remaining_day_max_plus_obs,,92.9,OK,,2026-06-30T16:00:00+00:00,2026-07-01T05:00:00+00:00,checkpoint_to_nws_cli_climate_day_end_local_standard_time_utc-5,13,13,92.9,OK,,10,1,2026-06-30T14:51:00+00:00,69.0,60.0,False,assumed_fixed_lag_20m_after_observation_time
KXHIGHNY-26JUN30,2026-06-30,d0_1500,2026-06-30T19:00:00+00:00,gfs_operational_latest,2026-06-30T06:00:00+00:00,2026-06-30T12:00:00+00:00,day_06z,88.6,88.6,87.0,88.6,87.0,-1.5999999999999943,nws_cli_knyc,FULL_OPERATIONAL_REPLAY,iem_nws_cli,87° to 88°,6,summer,-6.0,open-meteo:single-runs:ncep_gfs_global:operational_latest,policy=latest_available_by_latency;latency_h=6;replay_mode=MODEL_ONLY_REPLAY;residual_convention=residual_f = actual_high_f - forecast_high_f;phase6=v2_1;replay_version=C_remaining_day_max_plus_obs;replay_mode=FULL_OPERATIONAL_REPLAY;obs_availability=assumed_fixed_lag_20m_after_observation_time,v2_1,C_remaining_day_max_plus_obs,,92.9,OK,,2026-06-30T19:00:00+00:00,2026-07-01T05:00:00+00:00,checkpoint_to_nws_cli_climate_day_end_local_standard_time_utc-5,10,10,88.6,OK,,13,1,2026-06-30T17:51:00+00:00,69.0,60.0,False,assumed_fixed_lag_20m_after_observation_time
KXHIGHNY-26JUL01,2026-07-01,dminus1_1800,2026-06-30T22:00:00+00:00,gfs_operational_latest,2026-06-30T12:00:00+00:00,2026-06-30T18:00:00+00:00,prev_12z,100.7,100.7,,100.7,93.0,-7.700000000000003,nws_cli_knyc,FULL_OPERATIONAL_REPLAY,iem_nws_cli,92° to 93°,7,summer,12.0,open-meteo:single-runs:ncep_gfs_global:operational_latest,policy=latest_available_by_latency;latency_h=6;replay_mode=FULL_OPERATIONAL_REPLAY;residual_convention=residual_f = actual_high_f - forecast_high_f;phase6=v2_1;replay_version=C_remaining_day_max_plus_obs;replay_mode=FULL_OPERATIONAL_REPLAY;obs_availability=assumed_fixed_lag_20m_after_observation_time,v2_1,C_remaining_day_max_plus_obs,,100.7,OK,,2026-07-01T05:00:00+00:00,2026-07-02T05:00:00+00:00,checkpoint_to_nws_cli_climate_day_end_local_standard_time_utc-5,24,24,100.7,,,,,,,,,
KXHIGHNY-26JUL01,2026-07-01,d0_0600,2026-07-01T10:00:00+00:00,gfs_operational_latest,2026-07-01T00:00:00+00:00,2026-07-01T06:00:00+00:00,day_00z,98.0,98.0,77.0,98.0,93.0,-5.0,nws_cli_knyc,FULL_OPERATIONAL_REPLAY,iem_nws_cli,92° to 93°,7,summer,0.0,open-meteo:single-runs:ncep_gfs_global:operational_latest,policy=latest_available_by_latency;latency_h=6;replay_mode=MODEL_ONLY_REPLAY;residual_convention=residual_f = actual_high_f - forecast_high_f;phase6=v2_1;replay_version=C_remaining_day_max_plus_obs;replay_mode=FULL_OPERATIONAL_REPLAY;obs_availability=assumed_fixed_lag_20m_after_observation_time,v2_1,C_remaining_day_max_plus_obs,,98.0,OK,,2026-07-01T10:00:00+00:00,2026-07-02T05:00:00+00:00,checkpoint_to_nws_cli_climate_day_end_local_standard_time_utc-5,19,19,98.0,OK,,4,1,2026-07-01T08:51:00+00:00,69.0,60.0,False,assumed_fixed_lag_20m_after_observation_time
KXHIGHNY-26JUL01,2026-07-01,d0_0900,2026-07-01T13:00:00+00:00,gfs_operational_latest,2026-07-01T06:00:00+00:00,2026-07-01T12:00:00+00:00,day_06z,98.3,98.3,77.0,98.3,93.0,-5.299999999999997,nws_cli_knyc,FULL_OPERATIONAL_REPLAY,iem_nws_cli,92° to 93°,7,summer,-6.0,open-meteo:single-runs:ncep_gfs_global:operational_latest,policy=latest_available_by_latency;latency_h=6;replay_mode=MODEL_ONLY_REPLAY;residual_convention=residual_f = actual_high_f - forecast_high_f;phase6=v2_1;replay_version=C_remaining_day_max_plus_obs;replay_mode=FULL_OPERATIONAL_REPLAY;obs_availability=assumed_fixed_lag_20m_after_observation_time,v2_1,C_remaining_day_max_plus_obs,,98.3,OK,,2026-07-01T13:00:00+00:00,2026-07-02T05:00:00+00:00,checkpoint_to_nws_cli_climate_day_end_local_standard_time_utc-5,16,16,98.3,OK,,7,1,2026-07-01T11:51:00+00:00,69.0,60.0,False,assumed_fixed_lag_20m_after_observation_time
KXHIGHNY-26JUL01,2026-07-01,d0_1200,2026-07-01T16:00:00+00:00,gfs_operational_latest,2026-07-01T06:00:00+00:00,2026-07-01T12:00:00+00:00,day_06z,98.3,98.3,84.0,98.3,93.0,-5.299999999999997,nws_cli_knyc,FULL_OPERATIONAL_REPLAY,iem_nws_cli,92° to 93°,7,summer,-6.0,open-meteo:single-runs:ncep_gfs_global:operational_latest,policy=latest_available_by_latency;latency_h=6;replay_mode=MODEL_ONLY_REPLAY;residual_convention=residual_f = actual_high_f - forecast_high_f;phase6=v2_1;replay_version=C_remaining_day_max_plus_obs;replay_mode=FULL_OPERATIONAL_REPLAY;obs_availability=assumed_fixed_lag_20m_after_observation_time,v2_1,C_remaining_day_max_plus_obs,,98.3,OK,,2026-07-01T16:00:00+00:00,2026-07-02T05:00:00+00:00,checkpoint_to_nws_cli_climate_day_end_local_standard_time_utc-5,13,13,98.3,OK,,10,1,2026-07-01T14:51:00+00:00,69.0,60.0,False,assumed_fixed_lag_20m_after_observation_time
KXHIGHNY-26JUL01,2026-07-01,d0_1500,2026-07-01T19:00:00+00:00,gfs_operational_latest,2026-07-01T06:00:00+00:00,2026-07-01T12:00:00+00:00,day_06z,98.3,98.3,91.0,98.3,93.0,-5.299999999999997,nws_cli_knyc,FULL_OPERATIONAL_REPLAY,iem_nws_cli,92° to 93°,7,summer,-6.0,open-meteo:single-runs:ncep_gfs_global:operational_latest,policy=latest_available_by_latency;latency_h=6;replay_mode=MODEL_ONLY_REPLAY;residual_convention=residual_f = actual_high_f - forecast_high_f;phase6=v2_1;replay_version=C_remaining_day_max_plus_obs;replay_mode=FULL_OPERATIONAL_REPLAY;obs_availability=assumed_fixed_lag_20m_after_observation_time,v2_1,C_remaining_day_max_plus_obs,,98.3,OK,,2026-07-01T19:00:00+00:00,2026-07-02T05:00:00+00:00,checkpoint_to_nws_cli_climate_day_end_local_standard_time_utc-5,10,10,98.3,OK,,13,1,2026-07-01T17:51:00+00:00,69.0,60.0,False,assumed_fixed_lag_20m_after_observation_time
KXHIGHNY-26JUL02,2026-07-02,dminus1_1800,2026-07-01T22:00:00+00:00,gfs_operational_latest,2026-07-01T12:00:00+00:00,2026-07-01T18:00:00+00:00,prev_12z,105.5,105.5,,105.5,100.0,-5.5,nws_cli_knyc,FULL_OPERATIONAL_REPLAY,iem_nws_cli,99° to 100°,7,summer,12.0,open-meteo:single-runs:ncep_gfs_global:operational_latest,policy=latest_available_by_latency;latency_h=6;replay_mode=FULL_OPERATIONAL_REPLAY;residual_convention=residual_f = actual_high_f - forecast_high_f;phase6=v2_1;replay_version=C_remaining_day_max_plus_obs;replay_mode=FULL_OPERATIONAL_REPLAY;obs_availability=assumed_fixed_lag_20m_after_observation_time,v2_1,C_remaining_day_max_plus_obs,,105.5,OK,,2026-07-02T05:00:00+00:00,2026-07-03T05:00:00+00:00,checkpoint_to_nws_cli_climate_day_end_local_standard_time_utc-5,24,24,105.5,,,,,,,,,
KXHIGHNY-26JUL02,2026-07-02,d0_0600,2026-07-02T10:00:00+00:00,gfs_operational_latest,2026-07-02T00:00:00+00:00,2026-07-02T06:00:00+00:00,day_00z,105.4,105.4,85.0,105.4,100.0,-5.400000000000006,nws_cli_knyc,FULL_OPERATIONAL_REPLAY,iem_nws_cli,99° to 100°,7,summer,0.0,open-meteo:single-runs:ncep_gfs_global:operational_latest,policy=latest_available_by_latency;latency_h=6;replay_mode=MODEL_ONLY_REPLAY;residual_convention=residual_f = actual_high_f - forecast_high_f;phase6=v2_1;replay_version=C_remaining_day_max_plus_obs;replay_mode=FULL_OPERATIONAL_REPLAY;obs_availability=assumed_fixed_lag_20m_after_observation_time,v2_1,C_remaining_day_max_plus_obs,,105.4,OK,,2026-07-02T10:00:00+00:00,2026-07-03T05:00:00+00:00,checkpoint_to_nws_cli_climate_day_end_local_standard_time_utc-5,19,19,105.4,OK,,4,1,2026-07-02T08:51:00+00:00,69.0,60.0,False,assumed_fixed_lag_20m_after_observation_time
KXHIGHNY-26JUL02,2026-07-02,d0_0900,2026-07-02T13:00:00+00:00,gfs_operational_latest,2026-07-02T06:00:00+00:00,2026-07-02T12:00:00+00:00,day_06z,104.8,104.8,85.0,104.8,100.0,-4.799999999999997,nws_cli_knyc,FULL_OPERATIONAL_REPLAY,iem_nws_cli,99° to 100°,7,summer,-6.0,open-meteo:single-runs:ncep_gfs_global:operational_latest,policy=latest_available_by_latency;latency_h=6;replay_mode=MODEL_ONLY_REPLAY;residual_convention=residual_f = actual_high_f - forecast_high_f;phase6=v2_1;replay_version=C_remaining_day_max_plus_obs;replay_mode=FULL_OPERATIONAL_REPLAY;obs_availability=assumed_fixed_lag_20m_after_observation_time,v2_1,C_remaining_day_max_plus_obs,,104.8,OK,,2026-07-02T13:00:00+00:00,2026-07-03T05:00:00+00:00,checkpoint_to_nws_cli_climate_day_end_local_standard_time_utc-5,16,16,104.8,OK,,7,1,2026-07-02T11:51:00+00:00,69.0,60.0,False,assumed_fixed_lag_20m_after_observation_time
KXHIGHNY-26JUL02,2026-07-02,d0_1200,2026-07-02T16:00:00+00:00,gfs_operational_latest,2026-07-02T06:00:00+00:00,2026-07-02T12:00:00+00:00,day_06z,104.8,104.8,94.0,104.8,100.0,-4.799999999999997,nws_cli_knyc,FULL_OPERATIONAL_REPLAY,iem_nws_cli,99° to 100°,7,summer,-6.0,open-meteo:single-runs:ncep_gfs_global:operational_latest,policy=latest_available_by_latency;latency_h=6;replay_mode=MODEL_ONLY_REPLAY;residual_convention=residual_f = actual_high_f - forecast_high_f;phase6=v2_1;replay_version=C_remaining_day_max_plus_obs;replay_mode=FULL_OPERATIONAL_REPLAY;obs_availability=assumed_fixed_lag_20m_after_observation_time,v2_1,C_remaining_day_max_plus_obs,,104.8,OK,,2026-07-02T16:00:00+00:00,2026-07-03T05:00:00+00:00,checkpoint_to_nws_cli_climate_day_end_local_standard_time_utc-5,13,13,104.8,OK,,10,1,2026-07-02T14:51:00+00:00,69.0,60.0,False,assumed_fixed_lag_20m_after_observation_time
KXHIGHNY-26JUL02,2026-07-02,d0_1500,2026-07-02T19:00:00+00:00,gfs_operational_latest,2026-07-02T06:00:00+00:00,2026-07-02T12:00:00+00:00,day_06z,104.8,104.8,100.0,104.8,100.0,-4.799999999999997,nws_cli_knyc,FULL_OPERATIONAL_REPLAY,iem_nws_cli,99° to 100°,7,summer,-6.0,open-meteo:single-runs:ncep_gfs_global:operational_latest,policy=latest_available_by_latency;latency_h=6;replay_mode=MODEL_ONLY_REPLAY;residual_convention=residual_f = actual_high_f - forecast_high_f;phase6=v2_1;replay_version=C_remaining_day_max_plus_obs;replay_mode=FULL_OPERATIONAL_REPLAY;obs_availability=assumed_fixed_lag_20m_after_observation_time,v2_1,C_remaining_day_max_plus_obs,,104.8,OK,,2026-07-02T19:00:00+00:00,2026-07-03T05:00:00+00:00,checkpoint_to_nws_cli_climate_day_end_local_standard_time_utc-5,10,10,104.8,OK,,13,1,2026-07-02T17:51:00+00:00,69.0,60.0,False,assumed_fixed_lag_20m_after_observation_time
KXHIGHNY-26JUL03,2026-07-03,dminus1_1800,2026-07-02T22:00:00+00:00,gfs_operational_latest,2026-07-02T12:00:00+00:00,2026-07-02T18:00:00+00:00,prev_12z,105.0,105.0,,105.0,98.0,-7.0,nws_cli_knyc,FULL_OPERATIONAL_REPLAY,iem_nws_cli,98° to 99°,7,summer,12.0,open-meteo:single-runs:ncep_gfs_global:operational_latest,policy=latest_available_by_latency;latency_h=6;replay_mode=FULL_OPERATIONAL_REPLAY;residual_convention=residual_f = actual_high_f - forecast_high_f;phase6=v2_1;replay_version=C_remaining_day_max_plus_obs;replay_mode=FULL_OPERATIONAL_REPLAY;obs_availability=assumed_fixed_lag_20m_after_observation_time,v2_1,C_remaining_day_max_plus_obs,,105.0,OK,,2026-07-03T05:00:00+00:00,2026-07-04T05:00:00+00:00,checkpoint_to_nws_cli_climate_day_end_local_standard_time_utc-5,24,24,105.0,,,,,,,,,
KXHIGHNY-26JUL03,2026-07-03,d0_0600,2026-07-03T10:00:00+00:00,gfs_operational_latest,2026-07-03T00:00:00+00:00,2026-07-03T06:00:00+00:00,day_00z,104.3,104.3,89.0,104.3,98.0,-6.299999999999997,nws_cli_knyc,FULL_OPERATIONAL_REPLAY,iem_nws_cli,98° to 99°,7,summer,0.0,open-meteo:single-runs:ncep_gfs_global:operational_latest,policy=latest_available_by_latency;latency_h=6;replay_mode=MODEL_ONLY_REPLAY;residual_convention=residual_f = actual_high_f - forecast_high_f;phase6=v2_1;replay_version=C_remaining_day_max_plus_obs;replay_mode=FULL_OPERATIONAL_REPLAY;obs_availability=assumed_fixed_lag_20m_after_observation_time,v2_1,C_remaining_day_max_plus_obs,,104.3,OK,,2026-07-03T10:00:00+00:00,2026-07-04T05:00:00+00:00,checkpoint_to_nws_cli_climate_day_end_local_standard_time_utc-5,19,19,104.3,OK,,4,1,2026-07-03T08:51:00+00:00,69.0,60.0,False,assumed_fixed_lag_20m_after_observation_time
KXHIGHNY-26JUL03,2026-07-03,d0_0900,2026-07-03T13:00:00+00:00,gfs_operational_latest,2026-07-03T06:00:00+00:00,2026-07-03T12:00:00+00:00,day_06z,104.8,104.8,89.0,104.8,98.0,-6.799999999999997,nws_cli_knyc,FULL_OPERATIONAL_REPLAY,iem_nws_cli,98° to 99°,7,summer,-6.0,open-meteo:single-runs:ncep_gfs_global:operational_latest,policy=latest_available_by_latency;latency_h=6;replay_mode=MODEL_ONLY_REPLAY;residual_convention=residual_f = actual_high_f - forecast_high_f;phase6=v2_1;replay_version=C_remaining_day_max_plus_obs;replay_mode=FULL_OPERATIONAL_REPLAY;obs_availability=assumed_fixed_lag_20m_after_observation_time,v2_1,C_remaining_day_max_plus_obs,,104.8,OK,,2026-07-03T13:00:00+00:00,2026-07-04T05:00:00+00:00,checkpoint_to_nws_cli_climate_day_end_local_standard_time_utc-5,16,16,104.8,OK,,7,1,2026-07-03T11:51:00+00:00,69.0,60.0,False,assumed_fixed_lag_20m_after_observation_time
KXHIGHNY-26JUL03,2026-07-03,d0_1200,2026-07-03T16:00:00+00:00,gfs_operational_latest,2026-07-03T06:00:00+00:00,2026-07-03T12:00:00+00:00,day_06z,104.8,104.8,92.0,104.8,98.0,-6.799999999999997,nws_cli_knyc,FULL_OPERATIONAL_REPLAY,iem_nws_cli,98° to 99°,7,summer,-6.0,open-meteo:single-runs:ncep_gfs_global:operational_latest,policy=latest_available_by_latency;latency_h=6;replay_mode=MODEL_ONLY_REPLAY;residual_convention=residual_f = actual_high_f - forecast_high_f;phase6=v2_1;replay_version=C_remaining_day_max_plus_obs;replay_mode=FULL_OPERATIONAL_REPLAY;obs_availability=assumed_fixed_lag_20m_after_observation_time,v2_1,C_remaining_day_max_plus_obs,,104.8,OK,,2026-07-03T16:00:00+00:00,2026-07-04T05:00:00+00:00,checkpoint_to_nws_cli_climate_day_end_local_standard_time_utc-5,13,13,104.8,OK,,10,1,2026-07-03T14:51:00+00:00,69.0,60.0,False,assumed_fixed_lag_20m_after_observation_time
KXHIGHNY-26JUL03,2026-07-03,d0_1500,2026-07-03T19:00:00+00:00,gfs_operational_latest,2026-07-03T06:00:00+00:00,2026-07-03T12:00:00+00:00,day_06z,104.8,104.8,97.0,104.8,98.0,-6.799999999999997,nws_cli_knyc,FULL_OPERATIONAL_REPLAY,iem_nws_cli,98° to 99°,7,summer,-6.0,open-meteo:single-runs:ncep_gfs_global:operational_latest,policy=latest_available_by_latency;latency_h=6;replay_mode=MODEL_ONLY_REPLAY;residual_convention=residual_f = actual_high_f - forecast_high_f;phase6=v2_1;replay_version=C_remaining_day_max_plus_obs;replay_mode=FULL_OPERATIONAL_REPLAY;obs_availability=assumed_fixed_lag_20m_after_observation_time,v2_1,C_remaining_day_max_plus_obs,,104.8,OK,,2026-07-03T19:00:00+00:00,2026-07-04T05:00:00+00:00,checkpoint_to_nws_cli_climate_day_end_local_standard_time_utc-5,10,10,104.8,OK,,13,1,2026-07-03T17:51:00+00:00,69.0,60.0,False,assumed_fixed_lag_20m_after_observation_time
KXHIGHNY-26JUL04,2026-07-04,dminus1_1800,2026-07-03T22:00:00+00:00,gfs_operational_latest,2026-07-03T12:00:00+00:00,2026-07-03T18:00:00+00:00,prev_12z,101.8,101.8,,101.8,94.0,-7.799999999999997,nws_cli_knyc,FULL_OPERATIONAL_REPLAY,iem_nws_cli,97° or below,7,summer,12.0,open-meteo:single-runs:ncep_gfs_global:operational_latest,policy=latest_available_by_latency;latency_h=6;replay_mode=FULL_OPERATIONAL_REPLAY;residual_convention=residual_f = actual_high_f - forecast_high_f;phase6=v2_1;replay_version=C_remaining_day_max_plus_obs;replay_mode=FULL_OPERATIONAL_REPLAY;obs_availability=assumed_fixed_lag_20m_after_observation_time,v2_1,C_remaining_day_max_plus_obs,,101.8,OK,,2026-07-04T05:00:00+00:00,2026-07-05T05:00:00+00:00,checkpoint_to_nws_cli_climate_day_end_local_standard_time_utc-5,24,24,101.8,,,,,,,,,
KXHIGHNY-26JUL04,2026-07-04,d0_0600,2026-07-04T10:00:00+00:00,gfs_operational_latest,2026-07-04T00:00:00+00:00,2026-07-04T06:00:00+00:00,day_00z,103.0,103.0,78.0,103.0,94.0,-9.0,nws_cli_knyc,FULL_OPERATIONAL_REPLAY,iem_nws_cli,97° or below,7,summer,0.0,open-meteo:single-runs:ncep_gfs_global:operational_latest,policy=latest_available_by_latency;latency_h=6;replay_mode=MODEL_ONLY_REPLAY;residual_convention=residual_f = actual_high_f - forecast_high_f;phase6=v2_1;replay_version=C_remaining_day_max_plus_obs;replay_mode=FULL_OPERATIONAL_REPLAY;obs_availability=assumed_fixed_lag_20m_after_observation_time,v2_1,C_remaining_day_max_plus_obs,,103.0,OK,,2026-07-04T10:00:00+00:00,2026-07-05T05:00:00+00:00,checkpoint_to_nws_cli_climate_day_end_local_standard_time_utc-5,19,19,103.0,OK,,4,1,2026-07-04T08:51:00+00:00,69.0,60.0,False,assumed_fixed_lag_20m_after_observation_time
KXHIGHNY-26JUL04,2026-07-04,d0_0900,2026-07-04T13:00:00+00:00,gfs_operational_latest,2026-07-04T06:00:00+00:00,2026-07-04T12:00:00+00:00,day_06z,103.4,103.4,81.0,103.4,94.0,-9.400000000000006,nws_cli_knyc,FULL_OPERATIONAL_REPLAY,iem_nws_cli,97° or below,7,summer,-6.0,open-meteo:single-runs:ncep_gfs_global:operational_latest,policy=latest_available_by_latency;latency_h=6;replay_mode=MODEL_ONLY_REPLAY;residual_convention=residual_f = actual_high_f - forecast_high_f;phase6=v2_1;replay_version=C_remaining_day_max_plus_obs;replay_mode=FULL_OPERATIONAL_REPLAY;obs_availability=assumed_fixed_lag_20m_after_observation_time,v2_1,C_remaining_day_max_plus_obs,,103.4,OK,,2026-07-04T13:00:00+00:00,2026-07-05T05:00:00+00:00,checkpoint_to_nws_cli_climate_day_end_local_standard_time_utc-5,16,16,103.4,OK,,7,1,2026-07-04T11:51:00+00:00,69.0,60.0,False,assumed_fixed_lag_20m_after_observation_time
KXHIGHNY-26JUL04,2026-07-04,d0_1200,2026-07-04T16:00:00+00:00,gfs_operational_latest,2026-07-04T06:00:00+00:00,2026-07-04T12:00:00+00:00,day_06z,103.4,103.4,89.0,103.4,94.0,-9.400000000000006,nws_cli_knyc,FULL_OPERATIONAL_REPLAY,iem_nws_cli,97° or below,7,summer,-6.0,open-meteo:single-runs:ncep_gfs_global:operational_latest,policy=latest_available_by_latency;latency_h=6;replay_mode=MODEL_ONLY_REPLAY;residual_convention=residual_f = actual_high_f - forecast_high_f;phase6=v2_1;replay_version=C_remaining_day_max_plus_obs;replay_mode=FULL_OPERATIONAL_REPLAY;obs_availability=assumed_fixed_lag_20m_after_observation_time,v2_1,C_remaining_day_max_plus_obs,,103.4,OK,,2026-07-04T16:00:00+00:00,2026-07-05T05:00:00+00:00,checkpoint_to_nws_cli_climate_day_end_local_standard_time_utc-5,13,13,103.4,OK,,10,1,2026-07-04T14:51:00+00:00,69.0,60.0,False,assumed_fixed_lag_20m_after_observation_time
KXHIGHNY-26JUL04,2026-07-04,d0_1500,2026-07-04T19:00:00+00:00,gfs_operational_latest,2026-07-04T06:00:00+00:00,2026-07-04T12:00:00+00:00,day_06z,103.4,103.4,93.0,103.4,94.0,-9.400000000000006,nws_cli_knyc,FULL_OPERATIONAL_REPLAY,iem_nws_cli,97° or below,7,summer,-6.0,open-meteo:single-runs:ncep_gfs_global:operational_latest,policy=latest_available_by_latency;latency_h=6;replay_mode=MODEL_ONLY_REPLAY;residual_convention=residual_f = actual_high_f - forecast_high_f;phase6=v2_1;replay_version=C_remaining_day_max_plus_obs;replay_mode=FULL_OPERATIONAL_REPLAY;obs_availability=assumed_fixed_lag_20m_after_observation_time,v2_1,C_remaining_day_max_plus_obs,,103.4,OK,,2026-07-04T19:00:00+00:00,2026-07-05T05:00:00+00:00,checkpoint_to_nws_cli_climate_day_end_local_standard_time_utc-5,10,10,103.4,OK,,13,1,2026-07-04T17:51:00+00:00,69.0,60.0,False,assumed_fixed_lag_20m_after_observation_time
KXHIGHNY-26JUL05,2026-07-05,dminus1_1800,2026-07-04T22:00:00+00:00,gfs_operational_latest,2026-07-04T12:00:00+00:00,2026-07-04T18:00:00+00:00,prev_12z,88.6,88.6,,88.6,81.0,-7.599999999999994,nws_cli_knyc,FULL_OPERATIONAL_REPLAY,iem_nws_cli,83° or below,7,summer,12.0,open-meteo:single-runs:ncep_gfs_global:operational_latest,policy=latest_available_by_latency;latency_h=6;replay_mode=FULL_OPERATIONAL_REPLAY;residual_convention=residual_f = actual_high_f - forecast_high_f;phase6=v2_1;replay_version=C_remaining_day_max_plus_obs;replay_mode=FULL_OPERATIONAL_REPLAY;obs_availability=assumed_fixed_lag_20m_after_observation_time,v2_1,C_remaining_day_max_plus_obs,,88.6,OK,,2026-07-05T05:00:00+00:00,2026-07-06T05:00:00+00:00,checkpoint_to_nws_cli_climate_day_end_local_standard_time_utc-5,24,24,88.6,,,,,,,,,
KXHIGHNY-26JUL05,2026-07-05,d0_0600,2026-07-05T10:00:00+00:00,gfs_operational_latest,2026-07-05T00:00:00+00:00,2026-07-05T06:00:00+00:00,day_00z,88.4,88.4,72.0,88.4,81.0,-7.400000000000006,nws_cli_knyc,FULL_OPERATIONAL_REPLAY,iem_nws_cli,83° or below,7,summer,0.0,open-meteo:single-runs:ncep_gfs_global:operational_latest,policy=latest_available_by_latency;latency_h=6;replay_mode=MODEL_ONLY_REPLAY;residual_convention=residual_f = actual_high_f - forecast_high_f;phase6=v2_1;replay_version=C_remaining_day_max_plus_obs;replay_mode=FULL_OPERATIONAL_REPLAY;obs_availability=assumed_fixed_lag_20m_after_observation_time,v2_1,C_remaining_day_max_plus_obs,,88.4,OK,,2026-07-05T10:00:00+00:00,2026-07-06T05:00:00+00:00,checkpoint_to_nws_cli_climate_day_end_local_standard_time_utc-5,19,19,88.4,OK,,4,1,2026-07-05T08:51:00+00:00,69.0,60.0,False,assumed_fixed_lag_20m_after_observation_time
KXHIGHNY-26JUL05,2026-07-05,d0_0900,2026-07-05T13:00:00+00:00,gfs_operational_latest,2026-07-05T06:00:00+00:00,2026-07-05T12:00:00+00:00,day_06z,87.2,87.2,75.0,87.2,81.0,-6.200000000000003,nws_cli_knyc,FULL_OPERATIONAL_REPLAY,iem_nws_cli,83° or below,7,summer,-6.0,open-meteo:single-runs:ncep_gfs_global:operational_latest,policy=latest_available_by_latency;latency_h=6;replay_mode=MODEL_ONLY_REPLAY;residual_convention=residual_f = actual_high_f - forecast_high_f;phase6=v2_1;replay_version=C_remaining_day_max_plus_obs;replay_mode=FULL_OPERATIONAL_REPLAY;obs_availability=assumed_fixed_lag_20m_after_observation_time,v2_1,C_remaining_day_max_plus_obs,,87.2,OK,,2026-07-05T13:00:00+00:00,2026-07-06T05:00:00+00:00,checkpoint_to_nws_cli_climate_day_end_local_standard_time_utc-5,16,16,87.2,OK,,9,1,2026-07-05T12:35:00+00:00,25.0,60.0,False,assumed_fixed_lag_20m_after_observation_time
KXHIGHNY-26JUL05,2026-07-05,d0_1200,2026-07-05T16:00:00+00:00,gfs_operational_latest,2026-07-05T06:00:00+00:00,2026-07-05T12:00:00+00:00,day_06z,87.2,87.2,76.0,87.2,81.0,-6.200000000000003,nws_cli_knyc,FULL_OPERATIONAL_REPLAY,iem_nws_cli,83° or below,7,summer,-6.0,open-meteo:single-runs:ncep_gfs_global:operational_latest,policy=latest_available_by_latency;latency_h=6;replay_mode=MODEL_ONLY_REPLAY;residual_convention=residual_f = actual_high_f - forecast_high_f;phase6=v2_1;replay_version=C_remaining_day_max_plus_obs;replay_mode=FULL_OPERATIONAL_REPLAY;obs_availability=assumed_fixed_lag_20m_after_observation_time,v2_1,C_remaining_day_max_plus_obs,,87.2,OK,,2026-07-05T16:00:00+00:00,2026-07-06T05:00:00+00:00,checkpoint_to_nws_cli_climate_day_end_local_standard_time_utc-5,13,13,87.2,OK,,13,1,2026-07-05T14:51:00+00:00,69.0,60.0,False,assumed_fixed_lag_20m_after_observation_time
KXHIGHNY-26JUL05,2026-07-05,d0_1500,2026-07-05T19:00:00+00:00,gfs_operational_latest,2026-07-05T06:00:00+00:00,2026-07-05T12:00:00+00:00,day_06z,86.8,86.8,80.0,86.8,81.0,-5.799999999999997,nws_cli_knyc,FULL_OPERATIONAL_REPLAY,iem_nws_cli,83° or below,7,summer,-6.0,open-meteo:single-runs:ncep_gfs_global:operational_latest,policy=latest_available_by_latency;latency_h=6;replay_mode=MODEL_ONLY_REPLAY;residual_convention=residual_f = actual_high_f - forecast_high_f;phase6=v2_1;replay_version=C_remaining_day_max_plus_obs;replay_mode=FULL_OPERATIONAL_REPLAY;obs_availability=assumed_fixed_lag_20m_after_observation_time,v2_1,C_remaining_day_max_plus_obs,,87.2,OK,,2026-07-05T19:00:00+00:00,2026-07-06T05:00:00+00:00,checkpoint_to_nws_cli_climate_day_end_local_standard_time_utc-5,10,10,86.8,OK,,17,1,2026-07-05T17:51:00+00:00,69.0,60.0,False,assumed_fixed_lag_20m_after_observation_time
KXHIGHNY-26JUL06,2026-07-06,dminus1_1800,2026-07-05T22:00:00+00:00,gfs_operational_latest,2026-07-05T12:00:00+00:00,2026-07-05T18:00:00+00:00,prev_12z,74.6,74.6,,74.6,69.0,-5.599999999999994,nws_cli_knyc,FULL_OPERATIONAL_REPLAY,iem_nws_cli,74° or below,7,summer,12.0,open-meteo:single-runs:ncep_gfs_global:operational_latest,policy=latest_available_by_latency;latency_h=6;replay_mode=FULL_OPERATIONAL_REPLAY;residual_convention=residual_f = actual_high_f - forecast_high_f;phase6=v2_1;replay_version=C_remaining_day_max_plus_obs;replay_mode=FULL_OPERATIONAL_REPLAY;obs_availability=assumed_fixed_lag_20m_after_observation_time,v2_1,C_remaining_day_max_plus_obs,,74.6,OK,,2026-07-06T05:00:00+00:00,2026-07-07T05:00:00+00:00,checkpoint_to_nws_cli_climate_day_end_local_standard_time_utc-5,24,24,74.6,,,,,,,,,
KXHIGHNY-26JUL06,2026-07-06,d0_0600,2026-07-06T10:00:00+00:00,gfs_operational_latest,2026-07-06T00:00:00+00:00,2026-07-06T06:00:00+00:00,day_00z,72.6,72.6,68.0,72.6,69.0,-3.5999999999999943,nws_cli_knyc,FULL_OPERATIONAL_REPLAY,iem_nws_cli,74° or below,7,summer,0.0,open-meteo:single-runs:ncep_gfs_global:operational_latest,policy=latest_available_by_latency;latency_h=6;replay_mode=MODEL_ONLY_REPLAY;residual_convention=residual_f = actual_high_f - forecast_high_f;phase6=v2_1;replay_version=C_remaining_day_max_plus_obs;replay_mode=FULL_OPERATIONAL_REPLAY;obs_availability=assumed_fixed_lag_20m_after_observation_time,v2_1,C_remaining_day_max_plus_obs,,74.6,OK,,2026-07-06T10:00:00+00:00,2026-07-07T05:00:00+00:00,checkpoint_to_nws_cli_climate_day_end_local_standard_time_utc-5,19,19,72.6,OK,,14,1,2026-07-06T08:51:00+00:00,69.0,60.0,False,assumed_fixed_lag_20m_after_observation_time
KXHIGHNY-26JUL06,2026-07-06,d0_0900,2026-07-06T13:00:00+00:00,gfs_operational_latest,2026-07-06T06:00:00+00:00,2026-07-06T12:00:00+00:00,day_06z,72.6,72.6,69.0,72.6,69.0,-3.5999999999999943,nws_cli_knyc,FULL_OPERATIONAL_REPLAY,iem_nws_cli,74° or below,7,summer,-6.0,open-meteo:single-runs:ncep_gfs_global:operational_latest,policy=latest_available_by_latency;latency_h=6;replay_mode=MODEL_ONLY_REPLAY;residual_convention=residual_f = actual_high_f - forecast_high_f;phase6=v2_1;replay_version=C_remaining_day_max_plus_obs;replay_mode=FULL_OPERATIONAL_REPLAY;obs_availability=assumed_fixed_lag_20m_after_observation_time,v2_1,C_remaining_day_max_plus_obs,,72.8,OK,,2026-07-06T13:00:00+00:00,2026-07-07T05:00:00+00:00,checkpoint_to_nws_cli_climate_day_end_local_standard_time_utc-5,16,16,72.6,OK,,19,2,2026-07-06T12:30:00+00:00,30.0,60.0,False,assumed_fixed_lag_20m_after_observation_time
KXHIGHNY-26JUL06,2026-07-06,d0_1200,2026-07-06T16:00:00+00:00,gfs_operational_latest,2026-07-06T06:00:00+00:00,2026-07-06T12:00:00+00:00,day_06z,72.6,72.6,69.0,72.6,69.0,-3.5999999999999943,nws_cli_knyc,FULL_OPERATIONAL_REPLAY,iem_nws_cli,74° or below,7,summer,-6.0,open-meteo:single-runs:ncep_gfs_global:operational_latest,policy=latest_available_by_latency;latency_h=6;replay_mode=MODEL_ONLY_REPLAY;residual_convention=residual_f = actual_high_f - forecast_high_f;phase6=v2_1;replay_version=C_remaining_day_max_plus_obs;replay_mode=FULL_OPERATIONAL_REPLAY;obs_availability=assumed_fixed_lag_20m_after_observation_time,v2_1,C_remaining_day_max_plus_obs,,72.8,OK,,2026-07-06T16:00:00+00:00,2026-07-07T05:00:00+00:00,checkpoint_to_nws_cli_climate_day_end_local_standard_time_utc-5,13,13,72.6,OK,,27,1,2026-07-06T14:51:00+00:00,69.0,60.0,False,assumed_fixed_lag_20m_after_observation_time
KXHIGHNY-26JUL06,2026-07-06,d0_1500,2026-07-06T19:00:00+00:00,gfs_operational_latest,2026-07-06T06:00:00+00:00,2026-07-06T12:00:00+00:00,day_06z,72.6,72.6,69.8,72.6,69.0,-3.5999999999999943,nws_cli_knyc,FULL_OPERATIONAL_REPLAY,iem_nws_cli,74° or below,7,summer,-6.0,open-meteo:single-runs:ncep_gfs_global:operational_latest,policy=latest_available_by_latency;latency_h=6;replay_mode=MODEL_ONLY_REPLAY;residual_convention=residual_f = actual_high_f - forecast_high_f;phase6=v2_1;replay_version=C_remaining_day_max_plus_obs;replay_mode=FULL_OPERATIONAL_REPLAY;obs_availability=assumed_fixed_lag_20m_after_observation_time,v2_1,C_remaining_day_max_plus_obs,,72.8,OK,,2026-07-06T19:00:00+00:00,2026-07-07T05:00:00+00:00,checkpoint_to_nws_cli_climate_day_end_local_standard_time_utc-5,10,10,72.6,OK,,33,1,2026-07-06T18:04:00+00:00,56.0,60.0,False,assumed_fixed_lag_20m_after_observation_time
KXHIGHNY-26JUL07,2026-07-07,dminus1_1800,2026-07-06T22:00:00+00:00,gfs_operational_latest,2026-07-06T12:00:00+00:00,2026-07-06T18:00:00+00:00,prev_12z,67.7,67.7,,67.7,70.0,2.299999999999997,nws_cli_knyc,FULL_OPERATIONAL_REPLAY,iem_nws_cli,74° or below,7,summer,12.0,open-meteo:single-runs:ncep_gfs_global:operational_latest,policy=latest_available_by_latency;latency_h=6;replay_mode=FULL_OPERATIONAL_REPLAY;residual_convention=residual_f = actual_high_f - forecast_high_f;phase6=v2_1;replay_version=C_remaining_day_max_plus_obs;replay_mode=FULL_OPERATIONAL_REPLAY;obs_availability=assumed_fixed_lag_20m_after_observation_time,v2_1,C_remaining_day_max_plus_obs,,67.7,OK,,2026-07-07T05:00:00+00:00,2026-07-08T05:00:00+00:00,checkpoint_to_nws_cli_climate_day_end_local_standard_time_utc-5,24,24,67.7,,,,,,,,,
KXHIGHNY-26JUL07,2026-07-07,d0_0600,2026-07-07T10:00:00+00:00,gfs_operational_latest,2026-07-07T00:00:00+00:00,2026-07-07T06:00:00+00:00,day_00z,69.7,69.7,64.0,69.7,70.0,0.29999999999999716,nws_cli_knyc,FULL_OPERATIONAL_REPLAY,iem_nws_cli,74° or below,7,summer,0.0,open-meteo:single-runs:ncep_gfs_global:operational_latest,policy=latest_available_by_latency;latency_h=6;replay_mode=MODEL_ONLY_REPLAY;residual_convention=residual_f = actual_high_f - forecast_high_f;phase6=v2_1;replay_version=C_remaining_day_max_plus_obs;replay_mode=FULL_OPERATIONAL_REPLAY;obs_availability=assumed_fixed_lag_20m_after_observation_time,v2_1,C_remaining_day_max_plus_obs,,69.7,OK,,2026-07-07T10:00:00+00:00,2026-07-08T05:00:00+00:00,checkpoint_to_nws_cli_climate_day_end_local_standard_time_utc-5,19,19,69.7,OK,,6,1,2026-07-07T08:51:00+00:00,69.0,60.0,False,assumed_fixed_lag_20m_after_observation_time
KXHIGHNY-26JUL07,2026-07-07,d0_0900,2026-07-07T13:00:00+00:00,gfs_operational_latest,2026-07-07T06:00:00+00:00,2026-07-07T12:00:00+00:00,day_06z,69.0,69.0,64.0,69.0,70.0,1.0,nws_cli_knyc,FULL_OPERATIONAL_REPLAY,iem_nws_cli,74° or below,7,summer,-6.0,open-meteo:single-runs:ncep_gfs_global:operational_latest,policy=latest_available_by_latency;latency_h=6;replay_mode=MODEL_ONLY_REPLAY;residual_convention=residual_f = actual_high_f - forecast_high_f;phase6=v2_1;replay_version=C_remaining_day_max_plus_obs;replay_mode=FULL_OPERATIONAL_REPLAY;obs_availability=assumed_fixed_lag_20m_after_observation_time,v2_1,C_remaining_day_max_plus_obs,,69.0,OK,,2026-07-07T13:00:00+00:00,2026-07-08T05:00:00+00:00,checkpoint_to_nws_cli_climate_day_end_local_standard_time_utc-5,16,16,69.0,OK,,9,1,2026-07-07T11:51:00+00:00,69.0,60.0,False,assumed_fixed_lag_20m_after_observation_time
KXHIGHNY-26JUL07,2026-07-07,d0_1200,2026-07-07T16:00:00+00:00,gfs_operational_latest,2026-07-07T06:00:00+00:00,2026-07-07T12:00:00+00:00,day_06z,69.0,69.0,65.0,69.0,70.0,1.0,nws_cli_knyc,FULL_OPERATIONAL_REPLAY,iem_nws_cli,74° or below,7,summer,-6.0,open-meteo:single-runs:ncep_gfs_global:operational_latest,policy=latest_available_by_latency;latency_h=6;replay_mode=MODEL_ONLY_REPLAY;residual_convention=residual_f = actual_high_f - forecast_high_f;phase6=v2_1;replay_version=C_remaining_day_max_plus_obs;replay_mode=FULL_OPERATIONAL_REPLAY;obs_availability=assumed_fixed_lag_20m_after_observation_time,v2_1,C_remaining_day_max_plus_obs,,69.0,OK,,2026-07-07T16:00:00+00:00,2026-07-08T05:00:00+00:00,checkpoint_to_nws_cli_climate_day_end_local_standard_time_utc-5,13,13,69.0,OK,,13,1,2026-07-07T15:16:00+00:00,44.0,60.0,False,assumed_fixed_lag_20m_after_observation_time
KXHIGHNY-26JUL07,2026-07-07,d0_1500,2026-07-07T19:00:00+00:00,gfs_operational_latest,2026-07-07T06:00:00+00:00,2026-07-07T12:00:00+00:00,day_06z,70.0,69.0,70.0,70.0,70.0,0.0,nws_cli_knyc,FULL_OPERATIONAL_REPLAY,iem_nws_cli,74° or below,7,summer,-6.0,open-meteo:single-runs:ncep_gfs_global:operational_latest,policy=latest_available_by_latency;latency_h=6;replay_mode=MODEL_ONLY_REPLAY;residual_convention=residual_f = actual_high_f - forecast_high_f;phase6=v2_1;replay_version=C_remaining_day_max_plus_obs;replay_mode=FULL_OPERATIONAL_REPLAY;obs_availability=assumed_fixed_lag_20m_after_observation_time,v2_1,C_remaining_day_max_plus_obs,,69.0,OK,,2026-07-07T19:00:00+00:00,2026-07-08T05:00:00+00:00,checkpoint_to_nws_cli_climate_day_end_local_standard_time_utc-5,10,10,69.0,OK,,17,1,2026-07-07T18:13:00+00:00,47.0,60.0,True,assumed_fixed_lag_20m_after_observation_time
KXHIGHNY-26JUL08,2026-07-08,dminus1_1800,2026-07-07T22:00:00+00:00,gfs_operational_latest,2026-07-07T12:00:00+00:00,2026-07-07T18:00:00+00:00,prev_12z,87.2,87.2,,87.2,85.0,-2.200000000000003,nws_cli_knyc,FULL_OPERATIONAL_REPLAY,iem_nws_cli,84° or above,7,summer,12.0,open-meteo:single-runs:ncep_gfs_global:operational_latest,policy=latest_available_by_latency;latency_h=6;replay_mode=FULL_OPERATIONAL_REPLAY;residual_convention=residual_f = actual_high_f - forecast_high_f;phase6=v2_1;replay_version=C_remaining_day_max_plus_obs;replay_mode=FULL_OPERATIONAL_REPLAY;obs_availability=assumed_fixed_lag_20m_after_observation_time,v2_1,C_remaining_day_max_plus_obs,,87.2,OK,,2026-07-08T05:00:00+00:00,2026-07-09T05:00:00+00:00,checkpoint_to_nws_cli_climate_day_end_local_standard_time_utc-5,24,24,87.2,,,,,,,,,
KXHIGHNY-26JUL08,2026-07-08,d0_0600,2026-07-08T10:00:00+00:00,gfs_operational_latest,2026-07-08T00:00:00+00:00,2026-07-08T06:00:00+00:00,day_00z,88.4,88.4,67.0,88.4,85.0,-3.4000000000000057,nws_cli_knyc,FULL_OPERATIONAL_REPLAY,iem_nws_cli,84° or above,7,summer,0.0,open-meteo:single-runs:ncep_gfs_global:operational_latest,policy=latest_available_by_latency;latency_h=6;replay_mode=MODEL_ONLY_REPLAY;residual_convention=residual_f = actual_high_f - forecast_high_f;phase6=v2_1;replay_version=C_remaining_day_max_plus_obs;replay_mode=FULL_OPERATIONAL_REPLAY;obs_availability=assumed_fixed_lag_20m_after_observation_time,v2_1,C_remaining_day_max_plus_obs,,88.4,OK,,2026-07-08T10:00:00+00:00,2026-07-09T05:00:00+00:00,checkpoint_to_nws_cli_climate_day_end_local_standard_time_utc-5,19,19,88.4,OK,,5,1,2026-07-08T08:51:00+00:00,69.0,60.0,False,assumed_fixed_lag_20m_after_observation_time
KXHIGHNY-26JUL08,2026-07-08,d0_0900,2026-07-08T13:00:00+00:00,gfs_operational_latest,2026-07-08T06:00:00+00:00,2026-07-08T12:00:00+00:00,day_06z,88.6,88.6,69.0,88.6,85.0,-3.5999999999999943,nws_cli_knyc,FULL_OPERATIONAL_REPLAY,iem_nws_cli,84° or above,7,summer,-6.0,open-meteo:single-runs:ncep_gfs_global:operational_latest,policy=latest_available_by_latency;latency_h=6;replay_mode=MODEL_ONLY_REPLAY;residual_convention=residual_f = actual_high_f - forecast_high_f;phase6=v2_1;replay_version=C_remaining_day_max_plus_obs;replay_mode=FULL_OPERATIONAL_REPLAY;obs_availability=assumed_fixed_lag_20m_after_observation_time,v2_1,C_remaining_day_max_plus_obs,,88.6,OK,,2026-07-08T13:00:00+00:00,2026-07-09T05:00:00+00:00,checkpoint_to_nws_cli_climate_day_end_local_standard_time_utc-5,16,16,88.6,OK,,8,1,2026-07-08T11:51:00+00:00,69.0,60.0,False,assumed_fixed_lag_20m_after_observation_time
KXHIGHNY-26JUL08,2026-07-08,d0_1200,2026-07-08T16:00:00+00:00,gfs_operational_latest,2026-07-08T06:00:00+00:00,2026-07-08T12:00:00+00:00,day_06z,88.6,88.6,76.0,88.6,85.0,-3.5999999999999943,nws_cli_knyc,FULL_OPERATIONAL_REPLAY,iem_nws_cli,84° or above,7,summer,-6.0,open-meteo:single-runs:ncep_gfs_global:operational_latest,policy=latest_available_by_latency;latency_h=6;replay_mode=MODEL_ONLY_REPLAY;residual_convention=residual_f = actual_high_f - forecast_high_f;phase6=v2_1;replay_version=C_remaining_day_max_plus_obs;replay_mode=FULL_OPERATIONAL_REPLAY;obs_availability=assumed_fixed_lag_20m_after_observation_time,v2_1,C_remaining_day_max_plus_obs,,88.6,OK,,2026-07-08T16:00:00+00:00,2026-07-09T05:00:00+00:00,checkpoint_to_nws_cli_climate_day_end_local_standard_time_utc-5,13,13,88.6,OK,,11,1,2026-07-08T14:51:00+00:00,69.0,60.0,False,assumed_fixed_lag_20m_after_observation_time
KXHIGHNY-26JUL08,2026-07-08,d0_1500,2026-07-08T19:00:00+00:00,gfs_operational_latest,2026-07-08T06:00:00+00:00,2026-07-08T12:00:00+00:00,day_06z,88.6,88.6,85.0,88.6,85.0,-3.5999999999999943,nws_cli_knyc,FULL_OPERATIONAL_REPLAY,iem_nws_cli,84° or above,7,summer,-6.0,open-meteo:single-runs:ncep_gfs_global:operational_latest,policy=latest_available_by_latency;latency_h=6;replay_mode=MODEL_ONLY_REPLAY;residual_convention=residual_f = actual_high_f - forecast_high_f;phase6=v2_1;replay_version=C_remaining_day_max_plus_obs;replay_mode=FULL_OPERATIONAL_REPLAY;obs_availability=assumed_fixed_lag_20m_after_observation_time,v2_1,C_remaining_day_max_plus_obs,,88.6,OK,,2026-07-08T19:00:00+00:00,2026-07-09T05:00:00+00:00,checkpoint_to_nws_cli_climate_day_end_local_standard_time_utc-5,10,10,88.6,OK,,14,1,2026-07-08T17:51:00+00:00,69.0,60.0,False,assumed_fixed_lag_20m_after_observation_time
KXHIGHNY-26JUL09,2026-07-09,dminus1_1800,2026-07-08T22:00:00+00:00,gfs_operational_latest,2026-07-08T12:00:00+00:00,2026-07-08T18:00:00+00:00,prev_12z,86.3,86.3,,86.3,82.0,-4.299999999999997,nws_cli_knyc,FULL_OPERATIONAL_REPLAY,iem_nws_cli,82° or below,7,summer,12.0,open-meteo:single-runs:ncep_gfs_global:operational_latest,policy=latest_available_by_latency;latency_h=6;replay_mode=FULL_OPERATIONAL_REPLAY;residual_convention=residual_f = actual_high_f - forecast_high_f;phase6=v2_1;replay_version=C_remaining_day_max_plus_obs;replay_mode=FULL_OPERATIONAL_REPLAY;obs_availability=assumed_fixed_lag_20m_after_observation_time,v2_1,C_remaining_day_max_plus_obs,,86.3,OK,,2026-07-09T05:00:00+00:00,2026-07-10T05:00:00+00:00,checkpoint_to_nws_cli_climate_day_end_local_standard_time_utc-5,24,24,86.3,,,,,,,,,
KXHIGHNY-26JUL09,2026-07-09,d0_0600,2026-07-09T10:00:00+00:00,gfs_operational_latest,2026-07-09T00:00:00+00:00,2026-07-09T06:00:00+00:00,day_00z,91.1,91.1,73.0,91.1,82.0,-9.099999999999994,nws_cli_knyc,FULL_OPERATIONAL_REPLAY,iem_nws_cli,82° or below,7,summer,0.0,open-meteo:single-runs:ncep_gfs_global:operational_latest,policy=latest_available_by_latency;latency_h=6;replay_mode=MODEL_ONLY_REPLAY;residual_convention=residual_f = actual_high_f - forecast_high_f;phase6=v2_1;replay_version=C_remaining_day_max_plus_obs;replay_mode=FULL_OPERATIONAL_REPLAY;obs_availability=assumed_fixed_lag_20m_after_observation_time,v2_1,C_remaining_day_max_plus_obs,,91.1,OK,,2026-07-09T10:00:00+00:00,2026-07-10T05:00:00+00:00,checkpoint_to_nws_cli_climate_day_end_local_standard_time_utc-5,19,19,91.1,OK,,4,1,2026-07-09T08:51:00+00:00,69.0,60.0,False,assumed_fixed_lag_20m_after_observation_time
KXHIGHNY-26JUL09,2026-07-09,d0_0900,2026-07-09T13:00:00+00:00,gfs_operational_latest,2026-07-09T06:00:00+00:00,2026-07-09T12:00:00+00:00,day_06z,87.9,87.9,73.0,87.9,82.0,-5.900000000000006,nws_cli_knyc,FULL_OPERATIONAL_REPLAY,iem_nws_cli,82° or below,7,summer,-6.0,open-meteo:single-runs:ncep_gfs_global:operational_latest,policy=latest_available_by_latency;latency_h=6;replay_mode=MODEL_ONLY_REPLAY;residual_convention=residual_f = actual_high_f - forecast_high_f;phase6=v2_1;replay_version=C_remaining_day_max_plus_obs;replay_mode=FULL_OPERATIONAL_REPLAY;obs_availability=assumed_fixed_lag_20m_after_observation_time,v2_1,C_remaining_day_max_plus_obs,,87.9,OK,,2026-07-09T13:00:00+00:00,2026-07-10T05:00:00+00:00,checkpoint_to_nws_cli_climate_day_end_local_standard_time_utc-5,16,16,87.9,OK,,7,1,2026-07-09T11:51:00+00:00,69.0,60.0,False,assumed_fixed_lag_20m_after_observation_time
KXHIGHNY-26JUL09,2026-07-09,d0_1200,2026-07-09T16:00:00+00:00,gfs_operational_latest,2026-07-09T06:00:00+00:00,2026-07-09T12:00:00+00:00,day_06z,87.9,87.9,81.0,87.9,82.0,-5.900000000000006,nws_cli_knyc,FULL_OPERATIONAL_REPLAY,iem_nws_cli,82° or below,7,summer,-6.0,open-meteo:single-runs:ncep_gfs_global:operational_latest,policy=latest_available_by_latency;latency_h=6;replay_mode=MODEL_ONLY_REPLAY;residual_convention=residual_f = actual_high_f - forecast_high_f;phase6=v2_1;replay_version=C_remaining_day_max_plus_obs;replay_mode=FULL_OPERATIONAL_REPLAY;obs_availability=assumed_fixed_lag_20m_after_observation_time,v2_1,C_remaining_day_max_plus_obs,,87.9,OK,,2026-07-09T16:00:00+00:00,2026-07-10T05:00:00+00:00,checkpoint_to_nws_cli_climate_day_end_local_standard_time_utc-5,13,13,87.9,OK,,10,1,2026-07-09T14:51:00+00:00,69.0,60.0,False,assumed_fixed_lag_20m_after_observation_time
KXHIGHNY-26JUL09,2026-07-09,d0_1500,2026-07-09T19:00:00+00:00,gfs_operational_latest,2026-07-09T06:00:00+00:00,2026-07-09T12:00:00+00:00,day_06z,85.6,85.6,81.0,85.6,82.0,-3.5999999999999943,nws_cli_knyc,FULL_OPERATIONAL_REPLAY,iem_nws_cli,82° or below,7,summer,-6.0,open-meteo:single-runs:ncep_gfs_global:operational_latest,policy=latest_available_by_latency;latency_h=6;replay_mode=MODEL_ONLY_REPLAY;residual_convention=residual_f = actual_high_f - forecast_high_f;phase6=v2_1;replay_version=C_remaining_day_max_plus_obs;replay_mode=FULL_OPERATIONAL_REPLAY;obs_availability=assumed_fixed_lag_20m_after_observation_time,v2_1,C_remaining_day_max_plus_obs,,87.9,OK,,2026-07-09T19:00:00+00:00,2026-07-10T05:00:00+00:00,checkpoint_to_nws_cli_climate_day_end_local_standard_time_utc-5,10,10,85.6,OK,,14,1,2026-07-09T17:51:00+00:00,69.0,60.0,False,assumed_fixed_lag_20m_after_observation_time
KXHIGHNY-26JUL10,2026-07-10,dminus1_1800,2026-07-09T22:00:00+00:00,gfs_operational_latest,2026-07-09T12:00:00+00:00,2026-07-09T18:00:00+00:00,prev_12z,91.5,91.5,,91.5,85.0,-6.5,nws_cli_knyc,FULL_OPERATIONAL_REPLAY,iem_nws_cli,86° or below,7,summer,12.0,open-meteo:single-runs:ncep_gfs_global:operational_latest,policy=latest_available_by_latency;latency_h=6;replay_mode=FULL_OPERATIONAL_REPLAY;residual_convention=residual_f = actual_high_f - forecast_high_f;phase6=v2_1;replay_version=C_remaining_day_max_plus_obs;replay_mode=FULL_OPERATIONAL_REPLAY;obs_availability=assumed_fixed_lag_20m_after_observation_time,v2_1,C_remaining_day_max_plus_obs,,91.5,OK,,2026-07-10T05:00:00+00:00,2026-07-11T05:00:00+00:00,checkpoint_to_nws_cli_climate_day_end_local_standard_time_utc-5,24,24,91.5,,,,,,,,,
KXHIGHNY-26JUL10,2026-07-10,d0_0600,2026-07-10T10:00:00+00:00,gfs_operational_latest,2026-07-10T00:00:00+00:00,2026-07-10T06:00:00+00:00,day_00z,91.9,91.9,75.2,91.9,85.0,-6.900000000000006,nws_cli_knyc,FULL_OPERATIONAL_REPLAY,iem_nws_cli,86° or below,7,summer,0.0,open-meteo:single-runs:ncep_gfs_global:operational_latest,policy=latest_available_by_latency;latency_h=6;replay_mode=MODEL_ONLY_REPLAY;residual_convention=residual_f = actual_high_f - forecast_high_f;phase6=v2_1;replay_version=C_remaining_day_max_plus_obs;replay_mode=FULL_OPERATIONAL_REPLAY;obs_availability=assumed_fixed_lag_20m_after_observation_time,v2_1,C_remaining_day_max_plus_obs,,91.9,OK,,2026-07-10T10:00:00+00:00,2026-07-11T05:00:00+00:00,checkpoint_to_nws_cli_climate_day_end_local_standard_time_utc-5,19,19,91.9,OK,,6,1,2026-07-10T08:51:00+00:00,69.0,63.0,False,assumed_fixed_lag_20m_after_observation_time
KXHIGHNY-26JUL10,2026-07-10,d0_0900,2026-07-10T13:00:00+00:00,gfs_operational_latest,2026-07-10T06:00:00+00:00,2026-07-10T12:00:00+00:00,day_06z,90.8,90.8,76.0,90.8,85.0,-5.799999999999997,nws_cli_knyc,FULL_OPERATIONAL_REPLAY,iem_nws_cli,86° or below,7,summer,-6.0,open-meteo:single-runs:ncep_gfs_global:operational_latest,policy=latest_available_by_latency;latency_h=6;replay_mode=MODEL_ONLY_REPLAY;residual_convention=residual_f = actual_high_f - forecast_high_f;phase6=v2_1;replay_version=C_remaining_day_max_plus_obs;replay_mode=FULL_OPERATIONAL_REPLAY;obs_availability=assumed_fixed_lag_20m_after_observation_time,v2_1,C_remaining_day_max_plus_obs,,90.8,OK,,2026-07-10T13:00:00+00:00,2026-07-11T05:00:00+00:00,checkpoint_to_nws_cli_climate_day_end_local_standard_time_utc-5,16,16,90.8,OK,,9,1,2026-07-10T11:51:00+00:00,69.0,63.0,False,assumed_fixed_lag_20m_after_observation_time
KXHIGHNY-26JUL10,2026-07-10,d0_1200,2026-07-10T16:00:00+00:00,gfs_operational_latest,2026-07-10T06:00:00+00:00,2026-07-10T12:00:00+00:00,day_06z,90.8,90.8,82.0,90.8,85.0,-5.799999999999997,nws_cli_knyc,FULL_OPERATIONAL_REPLAY,iem_nws_cli,86° or below,7,summer,-6.0,open-meteo:single-runs:ncep_gfs_global:operational_latest,policy=latest_available_by_latency;latency_h=6;replay_mode=MODEL_ONLY_REPLAY;residual_convention=residual_f = actual_high_f - forecast_high_f;phase6=v2_1;replay_version=C_remaining_day_max_plus_obs;replay_mode=FULL_OPERATIONAL_REPLAY;obs_availability=assumed_fixed_lag_20m_after_observation_time,v2_1,C_remaining_day_max_plus_obs,,90.8,OK,,2026-07-10T16:00:00+00:00,2026-07-11T05:00:00+00:00,checkpoint_to_nws_cli_climate_day_end_local_standard_time_utc-5,13,13,90.8,OK,,12,1,2026-07-10T14:51:00+00:00,69.0,63.0,False,assumed_fixed_lag_20m_after_observation_time
KXHIGHNY-26JUL10,2026-07-10,d0_1500,2026-07-10T19:00:00+00:00,gfs_operational_latest,2026-07-10T06:00:00+00:00,2026-07-10T12:00:00+00:00,day_06z,90.8,90.8,82.0,90.8,85.0,-5.799999999999997,nws_cli_knyc,FULL_OPERATIONAL_REPLAY,iem_nws_cli,86° or below,7,summer,-6.0,open-meteo:single-runs:ncep_gfs_global:operational_latest,policy=latest_available_by_latency;latency_h=6;replay_mode=MODEL_ONLY_REPLAY;residual_convention=residual_f = actual_high_f - forecast_high_f;phase6=v2_1;replay_version=C_remaining_day_max_plus_obs;replay_mode=FULL_OPERATIONAL_REPLAY;obs_availability=assumed_fixed_lag_20m_after_observation_time,v2_1,C_remaining_day_max_plus_obs,,90.8,OK,,2026-07-10T19:00:00+00:00,2026-07-11T05:00:00+00:00,checkpoint_to_nws_cli_climate_day_end_local_standard_time_utc-5,10,10,90.8,OK,,15,1,2026-07-10T17:51:00+00:00,69.0,63.0,False,assumed_fixed_lag_20m_after_observation_time
KXHIGHNY-26JUL11,2026-07-11,dminus1_1800,2026-07-10T22:00:00+00:00,gfs_operational_latest,2026-07-10T12:00:00+00:00,2026-07-10T18:00:00+00:00,prev_12z,81.4,81.4,,81.4,82.0,0.5999999999999943,nws_cli_knyc,FULL_OPERATIONAL_REPLAY,iem_nws_cli,81° to 82°,7,summer,12.0,open-meteo:single-runs:ncep_gfs_global:operational_latest,policy=latest_available_by_latency;latency_h=6;replay_mode=FULL_OPERATIONAL_REPLAY;residual_convention=residual_f = actual_high_f - forecast_high_f;phase6=v2_1;replay_version=C_remaining_day_max_plus_obs;replay_mode=FULL_OPERATIONAL_REPLAY;obs_availability=assumed_fixed_lag_20m_after_observation_time,v2_1,C_remaining_day_max_plus_obs,,81.4,OK,,2026-07-11T05:00:00+00:00,2026-07-12T05:00:00+00:00,checkpoint_to_nws_cli_climate_day_end_local_standard_time_utc-5,24,24,81.4,,,,,,,,,
KXHIGHNY-26JUL11,2026-07-11,d0_0600,2026-07-11T10:00:00+00:00,gfs_operational_latest,2026-07-11T00:00:00+00:00,2026-07-11T06:00:00+00:00,day_00z,87.4,87.4,77.0,87.4,82.0,-5.400000000000006,nws_cli_knyc,FULL_OPERATIONAL_REPLAY,iem_nws_cli,81° to 82°,7,summer,0.0,open-meteo:single-runs:ncep_gfs_global:operational_latest,policy=latest_available_by_latency;latency_h=6;replay_mode=MODEL_ONLY_REPLAY;residual_convention=residual_f = actual_high_f - forecast_high_f;phase6=v2_1;replay_version=C_remaining_day_max_plus_obs;replay_mode=FULL_OPERATIONAL_REPLAY;obs_availability=assumed_fixed_lag_20m_after_observation_time,v2_1,C_remaining_day_max_plus_obs,,87.4,OK,,2026-07-11T10:00:00+00:00,2026-07-12T05:00:00+00:00,checkpoint_to_nws_cli_climate_day_end_local_standard_time_utc-5,19,19,87.4,OK,,4,1,2026-07-11T08:51:00+00:00,69.0,60.0,False,assumed_fixed_lag_20m_after_observation_time
KXHIGHNY-26JUL11,2026-07-11,d0_0900,2026-07-11T13:00:00+00:00,gfs_operational_latest,2026-07-11T06:00:00+00:00,2026-07-11T12:00:00+00:00,day_06z,86.6,86.6,77.0,86.6,82.0,-4.599999999999994,nws_cli_knyc,FULL_OPERATIONAL_REPLAY,iem_nws_cli,81° to 82°,7,summer,-6.0,open-meteo:single-runs:ncep_gfs_global:operational_latest,policy=latest_available_by_latency;latency_h=6;replay_mode=MODEL_ONLY_REPLAY;residual_convention=residual_f = actual_high_f - forecast_high_f;phase6=v2_1;replay_version=C_remaining_day_max_plus_obs;replay_mode=FULL_OPERATIONAL_REPLAY;obs_availability=assumed_fixed_lag_20m_after_observation_time,v2_1,C_remaining_day_max_plus_obs,,86.6,OK,,2026-07-11T13:00:00+00:00,2026-07-12T05:00:00+00:00,checkpoint_to_nws_cli_climate_day_end_local_standard_time_utc-5,16,16,86.6,OK,,7,1,2026-07-11T11:51:00+00:00,69.0,60.0,False,assumed_fixed_lag_20m_after_observation_time
KXHIGHNY-26JUL11,2026-07-11,d0_1200,2026-07-11T16:00:00+00:00,gfs_operational_latest,2026-07-11T06:00:00+00:00,2026-07-11T12:00:00+00:00,day_06z,86.6,86.6,77.0,86.6,82.0,-4.599999999999994,nws_cli_knyc,FULL_OPERATIONAL_REPLAY,iem_nws_cli,81° to 82°,7,summer,-6.0,open-meteo:single-runs:ncep_gfs_global:operational_latest,policy=latest_available_by_latency;latency_h=6;replay_mode=MODEL_ONLY_REPLAY;residual_convention=residual_f = actual_high_f - forecast_high_f;phase6=v2_1;replay_version=C_remaining_day_max_plus_obs;replay_mode=FULL_OPERATIONAL_REPLAY;obs_availability=assumed_fixed_lag_20m_after_observation_time,v2_1,C_remaining_day_max_plus_obs,,86.6,OK,,2026-07-11T16:00:00+00:00,2026-07-12T05:00:00+00:00,checkpoint_to_nws_cli_climate_day_end_local_standard_time_utc-5,13,13,86.6,OK,,10,1,2026-07-11T14:51:00+00:00,69.0,60.0,False,assumed_fixed_lag_20m_after_observation_time
KXHIGHNY-26JUL11,2026-07-11,d0_1500,2026-07-11T19:00:00+00:00,gfs_operational_latest,2026-07-11T06:00:00+00:00,2026-07-11T12:00:00+00:00,day_06z,86.6,86.6,77.0,86.6,82.0,-4.599999999999994,nws_cli_knyc,FULL_OPERATIONAL_REPLAY,iem_nws_cli,81° to 82°,7,summer,-6.0,open-meteo:single-runs:ncep_gfs_global:operational_latest,policy=latest_available_by_latency;latency_h=6;replay_mode=MODEL_ONLY_REPLAY;residual_convention=residual_f = actual_high_f - forecast_high_f;phase6=v2_1;replay_version=C_remaining_day_max_plus_obs;replay_mode=FULL_OPERATIONAL_REPLAY;obs_availability=assumed_fixed_lag_20m_after_observation_time,v2_1,C_remaining_day_max_plus_obs,,86.6,OK,,2026-07-11T19:00:00+00:00,2026-07-12T05:00:00+00:00,checkpoint_to_nws_cli_climate_day_end_local_standard_time_utc-5,10,10,86.6,OK,,13,1,2026-07-11T17:51:00+00:00,69.0,60.0,False,assumed_fixed_lag_20m_after_observation_time
KXHIGHNY-26JUL12,2026-07-12,dminus1_1800,2026-07-11T22:00:00+00:00,gfs_operational_latest,2026-07-11T12:00:00+00:00,2026-07-11T18:00:00+00:00,prev_12z,87.7,87.7,,87.7,84.0,-3.700000000000003,nws_cli_knyc,FULL_OPERATIONAL_REPLAY,iem_nws_cli,84° to 85°,7,summer,12.0,open-meteo:single-runs:ncep_gfs_global:operational_latest,policy=latest_available_by_latency;latency_h=6;replay_mode=FULL_OPERATIONAL_REPLAY;residual_convention=residual_f = actual_high_f - forecast_high_f;phase6=v2_1;replay_version=C_remaining_day_max_plus_obs;replay_mode=FULL_OPERATIONAL_REPLAY;obs_availability=assumed_fixed_lag_20m_after_observation_time,v2_1,C_remaining_day_max_plus_obs,,87.7,OK,,2026-07-12T05:00:00+00:00,2026-07-13T05:00:00+00:00,checkpoint_to_nws_cli_climate_day_end_local_standard_time_utc-5,24,24,87.7,,,,,,,,,
KXHIGHNY-26JUL12,2026-07-12,d0_0600,2026-07-12T10:00:00+00:00,gfs_operational_latest,2026-07-12T00:00:00+00:00,2026-07-12T06:00:00+00:00,day_00z,88.3,88.3,72.0,88.3,84.0,-4.299999999999997,nws_cli_knyc,FULL_OPERATIONAL_REPLAY,iem_nws_cli,84° to 85°,7,summer,0.0,open-meteo:single-runs:ncep_gfs_global:operational_latest,policy=latest_available_by_latency;latency_h=6;replay_mode=MODEL_ONLY_REPLAY;residual_convention=residual_f = actual_high_f - forecast_high_f;phase6=v2_1;replay_version=C_remaining_day_max_plus_obs;replay_mode=FULL_OPERATIONAL_REPLAY;obs_availability=assumed_fixed_lag_20m_after_observation_time,v2_1,C_remaining_day_max_plus_obs,,88.3,OK,,2026-07-12T10:00:00+00:00,2026-07-13T05:00:00+00:00,checkpoint_to_nws_cli_climate_day_end_local_standard_time_utc-5,19,19,88.3,OK,,4,1,2026-07-12T08:51:00+00:00,69.0,60.0,False,assumed_fixed_lag_20m_after_observation_time
KXHIGHNY-26JUL12,2026-07-12,d0_0900,2026-07-12T13:00:00+00:00,gfs_operational_latest,2026-07-12T06:00:00+00:00,2026-07-12T12:00:00+00:00,day_06z,88.6,88.6,72.0,88.6,84.0,-4.599999999999994,nws_cli_knyc,FULL_OPERATIONAL_REPLAY,iem_nws_cli,84° to 85°,7,summer,-6.0,open-meteo:single-runs:ncep_gfs_global:operational_latest,policy=latest_available_by_latency;latency_h=6;replay_mode=MODEL_ONLY_REPLAY;residual_convention=residual_f = actual_high_f - forecast_high_f;phase6=v2_1;replay_version=C_remaining_day_max_plus_obs;replay_mode=FULL_OPERATIONAL_REPLAY;obs_availability=assumed_fixed_lag_20m_after_observation_time,v2_1,C_remaining_day_max_plus_obs,,88.6,OK,,2026-07-12T13:00:00+00:00,2026-07-13T05:00:00+00:00,checkpoint_to_nws_cli_climate_day_end_local_standard_time_utc-5,16,16,88.6,OK,,7,1,2026-07-12T11:51:00+00:00,69.0,60.0,False,assumed_fixed_lag_20m_after_observation_time
KXHIGHNY-26JUL12,2026-07-12,d0_1200,2026-07-12T16:00:00+00:00,gfs_operational_latest,2026-07-12T06:00:00+00:00,2026-07-12T12:00:00+00:00,day_06z,88.6,88.6,79.0,88.6,84.0,-4.599999999999994,nws_cli_knyc,FULL_OPERATIONAL_REPLAY,iem_nws_cli,84° to 85°,7,summer,-6.0,open-meteo:single-runs:ncep_gfs_global:operational_latest,policy=latest_available_by_latency;latency_h=6;replay_mode=MODEL_ONLY_REPLAY;residual_convention=residual_f = actual_high_f - forecast_high_f;phase6=v2_1;replay_version=C_remaining_day_max_plus_obs;replay_mode=FULL_OPERATIONAL_REPLAY;obs_availability=assumed_fixed_lag_20m_after_observation_time,v2_1,C_remaining_day_max_plus_obs,,88.6,OK,,2026-07-12T16:00:00+00:00,2026-07-13T05:00:00+00:00,checkpoint_to_nws_cli_climate_day_end_local_standard_time_utc-5,13,13,88.6,OK,,10,1,2026-07-12T14:51:00+00:00,69.0,60.0,False,assumed_fixed_lag_20m_after_observation_time
KXHIGHNY-26JUL12,2026-07-12,d0_1500,2026-07-12T19:00:00+00:00,gfs_operational_latest,2026-07-12T06:00:00+00:00,2026-07-12T12:00:00+00:00,day_06z,88.3,88.3,83.0,88.3,84.0,-4.299999999999997,nws_cli_knyc,FULL_OPERATIONAL_REPLAY,iem_nws_cli,84° to 85°,7,summer,-6.0,open-meteo:single-runs:ncep_gfs_global:operational_latest,policy=latest_available_by_latency;latency_h=6;replay_mode=MODEL_ONLY_REPLAY;residual_convention=residual_f = actual_high_f - forecast_high_f;phase6=v2_1;replay_version=C_remaining_day_max_plus_obs;replay_mode=FULL_OPERATIONAL_REPLAY;obs_availability=assumed_fixed_lag_20m_after_observation_time,v2_1,C_remaining_day_max_plus_obs,,88.6,OK,,2026-07-12T19:00:00+00:00,2026-07-13T05:00:00+00:00,checkpoint_to_nws_cli_climate_day_end_local_standard_time_utc-5,10,10,88.3,OK,,13,1,2026-07-12T17:51:00+00:00,69.0,60.0,False,assumed_fixed_lag_20m_after_observation_time
KXHIGHNY-26JUL13,2026-07-13,dminus1_1800,2026-07-12T22:00:00+00:00,gfs_operational_latest,2026-07-12T12:00:00+00:00,2026-07-12T18:00:00+00:00,prev_12z,87.4,87.4,,87.4,84.0,-3.4000000000000057,nws_cli_knyc,FULL_OPERATIONAL_REPLAY,iem_nws_cli,84° to 85°,7,summer,12.0,open-meteo:single-runs:ncep_gfs_global:operational_latest,policy=latest_available_by_latency;latency_h=6;replay_mode=FULL_OPERATIONAL_REPLAY;residual_convention=residual_f = actual_high_f - forecast_high_f;phase6=v2_1;replay_version=C_remaining_day_max_plus_obs;replay_mode=FULL_OPERATIONAL_REPLAY;obs_availability=assumed_fixed_lag_20m_after_observation_time,v2_1,C_remaining_day_max_plus_obs,,87.4,OK,,2026-07-13T05:00:00+00:00,2026-07-14T05:00:00+00:00,checkpoint_to_nws_cli_climate_day_end_local_standard_time_utc-5,24,24,87.4,,,,,,,,,
KXHIGHNY-26JUL13,2026-07-13,d0_0600,2026-07-13T10:00:00+00:00,gfs_operational_latest,2026-07-13T00:00:00+00:00,2026-07-13T06:00:00+00:00,day_00z,88.1,88.1,72.0,88.1,84.0,-4.099999999999994,nws_cli_knyc,FULL_OPERATIONAL_REPLAY,iem_nws_cli,84° to 85°,7,summer,0.0,open-meteo:single-runs:ncep_gfs_global:operational_latest,policy=latest_available_by_latency;latency_h=6;replay_mode=MODEL_ONLY_REPLAY;residual_convention=residual_f = actual_high_f - forecast_high_f;phase6=v2_1;replay_version=C_remaining_day_max_plus_obs;replay_mode=FULL_OPERATIONAL_REPLAY;obs_availability=assumed_fixed_lag_20m_after_observation_time,v2_1,C_remaining_day_max_plus_obs,,88.1,OK,,2026-07-13T10:00:00+00:00,2026-07-14T05:00:00+00:00,checkpoint_to_nws_cli_climate_day_end_local_standard_time_utc-5,19,19,88.1,OK,,4,1,2026-07-13T08:51:00+00:00,69.0,60.0,False,assumed_fixed_lag_20m_after_observation_time
KXHIGHNY-26JUL13,2026-07-13,d0_0900,2026-07-13T13:00:00+00:00,gfs_operational_latest,2026-07-13T06:00:00+00:00,2026-07-13T12:00:00+00:00,day_06z,87.7,87.7,73.0,87.7,84.0,-3.700000000000003,nws_cli_knyc,FULL_OPERATIONAL_REPLAY,iem_nws_cli,84° to 85°,7,summer,-6.0,open-meteo:single-runs:ncep_gfs_global:operational_latest,policy=latest_available_by_latency;latency_h=6;replay_mode=MODEL_ONLY_REPLAY;residual_convention=residual_f = actual_high_f - forecast_high_f;phase6=v2_1;replay_version=C_remaining_day_max_plus_obs;replay_mode=FULL_OPERATIONAL_REPLAY;obs_availability=assumed_fixed_lag_20m_after_observation_time,v2_1,C_remaining_day_max_plus_obs,,87.7,OK,,2026-07-13T13:00:00+00:00,2026-07-14T05:00:00+00:00,checkpoint_to_nws_cli_climate_day_end_local_standard_time_utc-5,16,16,87.7,OK,,7,1,2026-07-13T11:51:00+00:00,69.0,60.0,False,assumed_fixed_lag_20m_after_observation_time
KXHIGHNY-26JUL13,2026-07-13,d0_1200,2026-07-13T16:00:00+00:00,gfs_operational_latest,2026-07-13T06:00:00+00:00,2026-07-13T12:00:00+00:00,day_06z,87.7,87.7,77.0,87.7,84.0,-3.700000000000003,nws_cli_knyc,FULL_OPERATIONAL_REPLAY,iem_nws_cli,84° to 85°,7,summer,-6.0,open-meteo:single-runs:ncep_gfs_global:operational_latest,policy=latest_available_by_latency;latency_h=6;replay_mode=MODEL_ONLY_REPLAY;residual_convention=residual_f = actual_high_f - forecast_high_f;phase6=v2_1;replay_version=C_remaining_day_max_plus_obs;replay_mode=FULL_OPERATIONAL_REPLAY;obs_availability=assumed_fixed_lag_20m_after_observation_time,v2_1,C_remaining_day_max_plus_obs,,87.7,OK,,2026-07-13T16:00:00+00:00,2026-07-14T05:00:00+00:00,checkpoint_to_nws_cli_climate_day_end_local_standard_time_utc-5,13,13,87.7,OK,,10,1,2026-07-13T14:51:00+00:00,69.0,60.0,False,assumed_fixed_lag_20m_after_observation_time
KXHIGHNY-26JUL13,2026-07-13,d0_1500,2026-07-13T19:00:00+00:00,gfs_operational_latest,2026-07-13T06:00:00+00:00,2026-07-13T12:00:00+00:00,day_06z,87.0,87.0,83.0,87.0,84.0,-3.0,nws_cli_knyc,FULL_OPERATIONAL_REPLAY,iem_nws_cli,84° to 85°,7,summer,-6.0,open-meteo:single-runs:ncep_gfs_global:operational_latest,policy=latest_available_by_latency;latency_h=6;replay_mode=MODEL_ONLY_REPLAY;residual_convention=residual_f = actual_high_f - forecast_high_f;phase6=v2_1;replay_version=C_remaining_day_max_plus_obs;replay_mode=FULL_OPERATIONAL_REPLAY;obs_availability=assumed_fixed_lag_20m_after_observation_time,v2_1,C_remaining_day_max_plus_obs,,87.7,OK,,2026-07-13T19:00:00+00:00,2026-07-14T05:00:00+00:00,checkpoint_to_nws_cli_climate_day_end_local_standard_time_utc-5,10,10,87.0,OK,,13,1,2026-07-13T17:51:00+00:00,69.0,60.0,False,assumed_fixed_lag_20m_after_observation_time
KXHIGHNY-26JUL14,2026-07-14,dminus1_1800,2026-07-13T22:00:00+00:00,gfs_operational_latest,2026-07-13T12:00:00+00:00,2026-07-13T18:00:00+00:00,prev_12z,97.3,97.3,,97.3,90.0,-7.299999999999997,nws_cli_knyc,FULL_OPERATIONAL_REPLAY,iem_nws_cli,90° to 91°,7,summer,12.0,open-meteo:single-runs:ncep_gfs_global:operational_latest,policy=latest_available_by_latency;latency_h=6;replay_mode=FULL_OPERATIONAL_REPLAY;residual_convention=residual_f = actual_high_f - forecast_high_f;phase6=v2_1;replay_version=C_remaining_day_max_plus_obs;replay_mode=FULL_OPERATIONAL_REPLAY;obs_availability=assumed_fixed_lag_20m_after_observation_time,v2_1,C_remaining_day_max_plus_obs,,97.3,OK,,2026-07-14T05:00:00+00:00,2026-07-15T05:00:00+00:00,checkpoint_to_nws_cli_climate_day_end_local_standard_time_utc-5,24,24,97.3,,,,,,,,,
KXHIGHNY-26JUL14,2026-07-14,d0_0600,2026-07-14T10:00:00+00:00,gfs_operational_latest,2026-07-14T00:00:00+00:00,2026-07-14T06:00:00+00:00,day_00z,98.9,98.9,73.0,98.9,90.0,-8.900000000000006,nws_cli_knyc,FULL_OPERATIONAL_REPLAY,iem_nws_cli,90° to 91°,7,summer,0.0,open-meteo:single-runs:ncep_gfs_global:operational_latest,policy=latest_available_by_latency;latency_h=6;replay_mode=MODEL_ONLY_REPLAY;residual_convention=residual_f = actual_high_f - forecast_high_f;phase6=v2_1;replay_version=C_remaining_day_max_plus_obs;replay_mode=FULL_OPERATIONAL_REPLAY;obs_availability=assumed_fixed_lag_20m_after_observation_time,v2_1,C_remaining_day_max_plus_obs,,98.9,OK,,2026-07-14T10:00:00+00:00,2026-07-15T05:00:00+00:00,checkpoint_to_nws_cli_climate_day_end_local_standard_time_utc-5,19,19,98.9,OK,,4,1,2026-07-14T08:51:00+00:00,69.0,60.0,False,assumed_fixed_lag_20m_after_observation_time
KXHIGHNY-26JUL14,2026-07-14,d0_0900,2026-07-14T13:00:00+00:00,gfs_operational_latest,2026-07-14T06:00:00+00:00,2026-07-14T12:00:00+00:00,day_06z,99.6,99.6,73.0,99.6,90.0,-9.599999999999994,nws_cli_knyc,FULL_OPERATIONAL_REPLAY,iem_nws_cli,90° to 91°,7,summer,-6.0,open-meteo:single-runs:ncep_gfs_global:operational_latest,policy=latest_available_by_latency;latency_h=6;replay_mode=MODEL_ONLY_REPLAY;residual_convention=residual_f = actual_high_f - forecast_high_f;phase6=v2_1;replay_version=C_remaining_day_max_plus_obs;replay_mode=FULL_OPERATIONAL_REPLAY;obs_availability=assumed_fixed_lag_20m_after_observation_time,v2_1,C_remaining_day_max_plus_obs,,99.6,OK,,2026-07-14T13:00:00+00:00,2026-07-15T05:00:00+00:00,checkpoint_to_nws_cli_climate_day_end_local_standard_time_utc-5,16,16,99.6,OK,,7,1,2026-07-14T11:51:00+00:00,69.0,60.0,False,assumed_fixed_lag_20m_after_observation_time
KXHIGHNY-26JUL14,2026-07-14,d0_1200,2026-07-14T16:00:00+00:00,gfs_operational_latest,2026-07-14T06:00:00+00:00,2026-07-14T12:00:00+00:00,day_06z,99.6,99.6,82.0,99.6,90.0,-9.599999999999994,nws_cli_knyc,FULL_OPERATIONAL_REPLAY,iem_nws_cli,90° to 91°,7,summer,-6.0,open-meteo:single-runs:ncep_gfs_global:operational_latest,policy=latest_available_by_latency;latency_h=6;replay_mode=MODEL_ONLY_REPLAY;residual_convention=residual_f = actual_high_f - forecast_high_f;phase6=v2_1;replay_version=C_remaining_day_max_plus_obs;replay_mode=FULL_OPERATIONAL_REPLAY;obs_availability=assumed_fixed_lag_20m_after_observation_time,v2_1,C_remaining_day_max_plus_obs,,99.6,OK,,2026-07-14T16:00:00+00:00,2026-07-15T05:00:00+00:00,checkpoint_to_nws_cli_climate_day_end_local_standard_time_utc-5,13,13,99.6,OK,,10,1,2026-07-14T14:51:00+00:00,69.0,60.0,False,assumed_fixed_lag_20m_after_observation_time
KXHIGHNY-26JUL14,2026-07-14,d0_1500,2026-07-14T19:00:00+00:00,gfs_operational_latest,2026-07-14T06:00:00+00:00,2026-07-14T12:00:00+00:00,day_06z,99.6,99.6,89.0,99.6,90.0,-9.599999999999994,nws_cli_knyc,FULL_OPERATIONAL_REPLAY,iem_nws_cli,90° to 91°,7,summer,-6.0,open-meteo:single-runs:ncep_gfs_global:operational_latest,policy=latest_available_by_latency;latency_h=6;replay_mode=MODEL_ONLY_REPLAY;residual_convention=residual_f = actual_high_f - forecast_high_f;phase6=v2_1;replay_version=C_remaining_day_max_plus_obs;replay_mode=FULL_OPERATIONAL_REPLAY;obs_availability=assumed_fixed_lag_20m_after_observation_time,v2_1,C_remaining_day_max_plus_obs,,99.6,OK,,2026-07-14T19:00:00+00:00,2026-07-15T05:00:00+00:00,checkpoint_to_nws_cli_climate_day_end_local_standard_time_utc-5,10,10,99.6,OK,,13,1,2026-07-14T17:51:00+00:00,69.0,60.0,False,assumed_fixed_lag_20m_after_observation_time
KXHIGHNY-26JUL15,2026-07-15,dminus1_1800,2026-07-14T22:00:00+00:00,gfs_operational_latest,2026-07-14T12:00:00+00:00,2026-07-14T18:00:00+00:00,prev_12z,101.0,101.0,,101.0,95.0,-6.0,nws_cli_knyc,FULL_OPERATIONAL_REPLAY,iem_nws_cli,96° or below,7,summer,12.0,open-meteo:single-runs:ncep_gfs_global:operational_latest,policy=latest_available_by_latency;latency_h=6;replay_mode=FULL_OPERATIONAL_REPLAY;residual_convention=residual_f = actual_high_f - forecast_high_f;phase6=v2_1;replay_version=C_remaining_day_max_plus_obs;replay_mode=FULL_OPERATIONAL_REPLAY;obs_availability=assumed_fixed_lag_20m_after_observation_time,v2_1,C_remaining_day_max_plus_obs,,101.0,OK,,2026-07-15T05:00:00+00:00,2026-07-16T05:00:00+00:00,checkpoint_to_nws_cli_climate_day_end_local_standard_time_utc-5,24,24,101.0,,,,,,,,,
KXHIGHNY-26JUL15,2026-07-15,d0_0600,2026-07-15T10:00:00+00:00,gfs_operational_latest,2026-07-15T00:00:00+00:00,2026-07-15T06:00:00+00:00,day_00z,100.9,100.9,81.0,100.9,95.0,-5.900000000000006,nws_cli_knyc,FULL_OPERATIONAL_REPLAY,iem_nws_cli,96° or below,7,summer,0.0,open-meteo:single-runs:ncep_gfs_global:operational_latest,policy=latest_available_by_latency;latency_h=6;replay_mode=MODEL_ONLY_REPLAY;residual_convention=residual_f = actual_high_f - forecast_high_f;phase6=v2_1;replay_version=C_remaining_day_max_plus_obs;replay_mode=FULL_OPERATIONAL_REPLAY;obs_availability=assumed_fixed_lag_20m_after_observation_time,v2_1,C_remaining_day_max_plus_obs,,100.9,OK,,2026-07-15T10:00:00+00:00,2026-07-16T05:00:00+00:00,checkpoint_to_nws_cli_climate_day_end_local_standard_time_utc-5,19,19,100.9,OK,,4,1,2026-07-15T08:51:00+00:00,69.0,60.0,False,assumed_fixed_lag_20m_after_observation_time
KXHIGHNY-26JUL15,2026-07-15,d0_0900,2026-07-15T13:00:00+00:00,gfs_operational_latest,2026-07-15T06:00:00+00:00,2026-07-15T12:00:00+00:00,day_06z,101.8,101.8,81.0,101.8,95.0,-6.799999999999997,nws_cli_knyc,FULL_OPERATIONAL_REPLAY,iem_nws_cli,96° or below,7,summer,-6.0,open-meteo:single-runs:ncep_gfs_global:operational_latest,policy=latest_available_by_latency;latency_h=6;replay_mode=MODEL_ONLY_REPLAY;residual_convention=residual_f = actual_high_f - forecast_high_f;phase6=v2_1;replay_version=C_remaining_day_max_plus_obs;replay_mode=FULL_OPERATIONAL_REPLAY;obs_availability=assumed_fixed_lag_20m_after_observation_time,v2_1,C_remaining_day_max_plus_obs,,101.8,OK,,2026-07-15T13:00:00+00:00,2026-07-16T05:00:00+00:00,checkpoint_to_nws_cli_climate_day_end_local_standard_time_utc-5,16,16,101.8,OK,,7,1,2026-07-15T11:51:00+00:00,69.0,60.0,False,assumed_fixed_lag_20m_after_observation_time
KXHIGHNY-26JUL15,2026-07-15,d0_1200,2026-07-15T16:00:00+00:00,gfs_operational_latest,2026-07-15T06:00:00+00:00,2026-07-15T12:00:00+00:00,day_06z,101.8,101.8,90.0,101.8,95.0,-6.799999999999997,nws_cli_knyc,FULL_OPERATIONAL_REPLAY,iem_nws_cli,96° or below,7,summer,-6.0,open-meteo:single-runs:ncep_gfs_global:operational_latest,policy=latest_available_by_latency;latency_h=6;replay_mode=MODEL_ONLY_REPLAY;residual_convention=residual_f = actual_high_f - forecast_high_f;phase6=v2_1;replay_version=C_remaining_day_max_plus_obs;replay_mode=FULL_OPERATIONAL_REPLAY;obs_availability=assumed_fixed_lag_20m_after_observation_time,v2_1,C_remaining_day_max_plus_obs,,101.8,OK,,2026-07-15T16:00:00+00:00,2026-07-16T05:00:00+00:00,checkpoint_to_nws_cli_climate_day_end_local_standard_time_utc-5,13,13,101.8,OK,,10,1,2026-07-15T14:51:00+00:00,69.0,60.0,False,assumed_fixed_lag_20m_after_observation_time
KXHIGHNY-26JUL15,2026-07-15,d0_1500,2026-07-15T19:00:00+00:00,gfs_operational_latest,2026-07-15T06:00:00+00:00,2026-07-15T12:00:00+00:00,day_06z,101.8,101.8,95.0,101.8,95.0,-6.799999999999997,nws_cli_knyc,FULL_OPERATIONAL_REPLAY,iem_nws_cli,96° or below,7,summer,-6.0,open-meteo:single-runs:ncep_gfs_global:operational_latest,policy=latest_available_by_latency;latency_h=6;replay_mode=MODEL_ONLY_REPLAY;residual_convention=residual_f = actual_high_f - forecast_high_f;phase6=v2_1;replay_version=C_remaining_day_max_plus_obs;replay_mode=FULL_OPERATIONAL_REPLAY;obs_availability=assumed_fixed_lag_20m_after_observation_time,v2_1,C_remaining_day_max_plus_obs,,101.8,OK,,2026-07-15T19:00:00+00:00,2026-07-16T05:00:00+00:00,checkpoint_to_nws_cli_climate_day_end_local_standard_time_utc-5,10,10,101.8,OK,,13,1,2026-07-15T17:51:00+00:00,69.0,60.0,False,assumed_fixed_lag_20m_after_observation_time
KXHIGHNY-26JUL16,2026-07-16,dminus1_1800,2026-07-15T22:00:00+00:00,gfs_operational_latest,2026-07-15T12:00:00+00:00,2026-07-15T18:00:00+00:00,prev_12z,98.3,98.3,,98.3,85.0,-13.299999999999997,nws_cli_knyc,FULL_OPERATIONAL_REPLAY,iem_nws_cli,88° or below,7,summer,12.0,open-meteo:single-runs:ncep_gfs_global:operational_latest,policy=latest_available_by_latency;latency_h=6;replay_mode=FULL_OPERATIONAL_REPLAY;residual_convention=residual_f = actual_high_f - forecast_high_f;phase6=v2_1;replay_version=C_remaining_day_max_plus_obs;replay_mode=FULL_OPERATIONAL_REPLAY;obs_availability=assumed_fixed_lag_20m_after_observation_time,v2_1,C_remaining_day_max_plus_obs,,98.3,OK,,2026-07-16T05:00:00+00:00,2026-07-17T05:00:00+00:00,checkpoint_to_nws_cli_climate_day_end_local_standard_time_utc-5,24,24,98.3,,,,,,,,,
KXHIGHNY-26JUL16,2026-07-16,d0_0600,2026-07-16T10:00:00+00:00,gfs_operational_latest,2026-07-16T00:00:00+00:00,2026-07-16T06:00:00+00:00,day_00z,97.6,97.6,77.0,97.6,85.0,-12.599999999999994,nws_cli_knyc,FULL_OPERATIONAL_REPLAY,iem_nws_cli,88° or below,7,summer,0.0,open-meteo:single-runs:ncep_gfs_global:operational_latest,policy=latest_available_by_latency;latency_h=6;replay_mode=MODEL_ONLY_REPLAY;residual_convention=residual_f = actual_high_f - forecast_high_f;phase6=v2_1;replay_version=C_remaining_day_max_plus_obs;replay_mode=FULL_OPERATIONAL_REPLAY;obs_availability=assumed_fixed_lag_20m_after_observation_time,v2_1,C_remaining_day_max_plus_obs,,97.6,OK,,2026-07-16T10:00:00+00:00,2026-07-17T05:00:00+00:00,checkpoint_to_nws_cli_climate_day_end_local_standard_time_utc-5,19,19,97.6,OK,,4,1,2026-07-16T08:51:00+00:00,69.0,60.0,False,assumed_fixed_lag_20m_after_observation_time
KXHIGHNY-26JUL16,2026-07-16,d0_0900,2026-07-16T13:00:00+00:00,gfs_operational_latest,2026-07-16T06:00:00+00:00,2026-07-16T12:00:00+00:00,day_06z,98.2,98.2,77.0,98.2,85.0,-13.200000000000003,nws_cli_knyc,FULL_OPERATIONAL_REPLAY,iem_nws_cli,88° or below,7,summer,-6.0,open-meteo:single-runs:ncep_gfs_global:operational_latest,policy=latest_available_by_latency;latency_h=6;replay_mode=MODEL_ONLY_REPLAY;residual_convention=residual_f = actual_high_f - forecast_high_f;phase6=v2_1;replay_version=C_remaining_day_max_plus_obs;replay_mode=FULL_OPERATIONAL_REPLAY;obs_availability=assumed_fixed_lag_20m_after_observation_time,v2_1,C_remaining_day_max_plus_obs,,98.2,OK,,2026-07-16T13:00:00+00:00,2026-07-17T05:00:00+00:00,checkpoint_to_nws_cli_climate_day_end_local_standard_time_utc-5,16,16,98.2,OK,,7,1,2026-07-16T11:51:00+00:00,69.0,60.0,False,assumed_fixed_lag_20m_after_observation_time
KXHIGHNY-26JUL16,2026-07-16,d0_1200,2026-07-16T16:00:00+00:00,gfs_operational_latest,2026-07-16T06:00:00+00:00,2026-07-16T12:00:00+00:00,day_06z,98.2,98.2,80.0,98.2,85.0,-13.200000000000003,nws_cli_knyc,FULL_OPERATIONAL_REPLAY,iem_nws_cli,88° or below,7,summer,-6.0,open-meteo:single-runs:ncep_gfs_global:operational_latest,policy=latest_available_by_latency;latency_h=6;replay_mode=MODEL_ONLY_REPLAY;residual_convention=residual_f = actual_high_f - forecast_high_f;phase6=v2_1;replay_version=C_remaining_day_max_plus_obs;replay_mode=FULL_OPERATIONAL_REPLAY;obs_availability=assumed_fixed_lag_20m_after_observation_time,v2_1,C_remaining_day_max_plus_obs,,98.2,OK,,2026-07-16T16:00:00+00:00,2026-07-17T05:00:00+00:00,checkpoint_to_nws_cli_climate_day_end_local_standard_time_utc-5,13,13,98.2,OK,,10,1,2026-07-16T14:51:00+00:00,69.0,60.0,False,assumed_fixed_lag_20m_after_observation_time
KXHIGHNY-26JUL16,2026-07-16,d0_1500,2026-07-16T19:00:00+00:00,gfs_operational_latest,2026-07-16T06:00:00+00:00,2026-07-16T12:00:00+00:00,day_06z,98.2,98.2,81.0,98.2,85.0,-13.200000000000003,nws_cli_knyc,FULL_OPERATIONAL_REPLAY,iem_nws_cli,88° or below,7,summer,-6.0,open-meteo:single-runs:ncep_gfs_global:operational_latest,policy=latest_available_by_latency;latency_h=6;replay_mode=MODEL_ONLY_REPLAY;residual_convention=residual_f = actual_high_f - forecast_high_f;phase6=v2_1;replay_version=C_remaining_day_max_plus_obs;replay_mode=FULL_OPERATIONAL_REPLAY;obs_availability=assumed_fixed_lag_20m_after_observation_time,v2_1,C_remaining_day_max_plus_obs,,98.2,OK,,2026-07-16T19:00:00+00:00,2026-07-17T05:00:00+00:00,checkpoint_to_nws_cli_climate_day_end_local_standard_time_utc-5,10,10,98.2,OK,,13,2,2026-07-16T17:51:00+00:00,69.0,60.0,False,assumed_fixed_lag_20m_after_observation_time
KXHIGHNY-26JUL17,2026-07-17,dminus1_1800,2026-07-16T22:00:00+00:00,gfs_operational_latest,2026-07-16T12:00:00+00:00,2026-07-16T18:00:00+00:00,prev_12z,90.4,90.4,,90.4,86.0,-4.400000000000006,nws_cli_knyc,FULL_OPERATIONAL_REPLAY,iem_nws_cli,85° to 86°,7,summer,12.0,open-meteo:single-runs:ncep_gfs_global:operational_latest,policy=latest_available_by_latency;latency_h=6;replay_mode=FULL_OPERATIONAL_REPLAY;residual_convention=residual_f = actual_high_f - forecast_high_f;phase6=v2_1;replay_version=C_remaining_day_max_plus_obs;replay_mode=FULL_OPERATIONAL_REPLAY;obs_availability=assumed_fixed_lag_20m_after_observation_time,v2_1,C_remaining_day_max_plus_obs,,90.4,OK,,2026-07-17T05:00:00+00:00,2026-07-18T05:00:00+00:00,checkpoint_to_nws_cli_climate_day_end_local_standard_time_utc-5,24,24,90.4,,,,,,,,,
KXHIGHNY-26JUL17,2026-07-17,d0_0600,2026-07-17T10:00:00+00:00,gfs_operational_latest,2026-07-17T00:00:00+00:00,2026-07-17T06:00:00+00:00,day_00z,90.4,90.4,76.0,90.4,86.0,-4.400000000000006,nws_cli_knyc,FULL_OPERATIONAL_REPLAY,iem_nws_cli,85° to 86°,7,summer,0.0,open-meteo:single-runs:ncep_gfs_global:operational_latest,policy=latest_available_by_latency;latency_h=6;replay_mode=MODEL_ONLY_REPLAY;residual_convention=residual_f = actual_high_f - forecast_high_f;phase6=v2_1;replay_version=C_remaining_day_max_plus_obs;replay_mode=FULL_OPERATIONAL_REPLAY;obs_availability=assumed_fixed_lag_20m_after_observation_time,v2_1,C_remaining_day_max_plus_obs,,90.4,OK,,2026-07-17T10:00:00+00:00,2026-07-18T05:00:00+00:00,checkpoint_to_nws_cli_climate_day_end_local_standard_time_utc-5,19,19,90.4,OK,,4,1,2026-07-17T08:51:00+00:00,69.0,60.0,False,assumed_fixed_lag_20m_after_observation_time
KXHIGHNY-26JUL17,2026-07-17,d0_0900,2026-07-17T13:00:00+00:00,gfs_operational_latest,2026-07-17T06:00:00+00:00,2026-07-17T12:00:00+00:00,day_06z,91.3,91.3,76.0,91.3,86.0,-5.299999999999997,nws_cli_knyc,FULL_OPERATIONAL_REPLAY,iem_nws_cli,85° to 86°,7,summer,-6.0,open-meteo:single-runs:ncep_gfs_global:operational_latest,policy=latest_available_by_latency;latency_h=6;replay_mode=MODEL_ONLY_REPLAY;residual_convention=residual_f = actual_high_f - forecast_high_f;phase6=v2_1;replay_version=C_remaining_day_max_plus_obs;replay_mode=FULL_OPERATIONAL_REPLAY;obs_availability=assumed_fixed_lag_20m_after_observation_time,v2_1,C_remaining_day_max_plus_obs,,91.3,OK,,2026-07-17T13:00:00+00:00,2026-07-18T05:00:00+00:00,checkpoint_to_nws_cli_climate_day_end_local_standard_time_utc-5,16,16,91.3,OK,,9,1,2026-07-17T11:51:00+00:00,69.0,60.0,False,assumed_fixed_lag_20m_after_observation_time
KXHIGHNY-26JUL17,2026-07-17,d0_1200,2026-07-17T16:00:00+00:00,gfs_operational_latest,2026-07-17T06:00:00+00:00,2026-07-17T12:00:00+00:00,day_06z,91.3,91.3,79.0,91.3,86.0,-5.299999999999997,nws_cli_knyc,FULL_OPERATIONAL_REPLAY,iem_nws_cli,85° to 86°,7,summer,-6.0,open-meteo:single-runs:ncep_gfs_global:operational_latest,policy=latest_available_by_latency;latency_h=6;replay_mode=MODEL_ONLY_REPLAY;residual_convention=residual_f = actual_high_f - forecast_high_f;phase6=v2_1;replay_version=C_remaining_day_max_plus_obs;replay_mode=FULL_OPERATIONAL_REPLAY;obs_availability=assumed_fixed_lag_20m_after_observation_time,v2_1,C_remaining_day_max_plus_obs,,91.3,OK,,2026-07-17T16:00:00+00:00,2026-07-18T05:00:00+00:00,checkpoint_to_nws_cli_climate_day_end_local_standard_time_utc-5,13,13,91.3,OK,,12,1,2026-07-17T14:51:00+00:00,69.0,60.0,False,assumed_fixed_lag_20m_after_observation_time
KXHIGHNY-26JUL17,2026-07-17,d0_1500,2026-07-17T19:00:00+00:00,gfs_operational_latest,2026-07-17T06:00:00+00:00,2026-07-17T12:00:00+00:00,day_06z,91.3,91.3,85.0,91.3,86.0,-5.299999999999997,nws_cli_knyc,FULL_OPERATIONAL_REPLAY,iem_nws_cli,85° to 86°,7,summer,-6.0,open-meteo:single-runs:ncep_gfs_global:operational_latest,policy=latest_available_by_latency;latency_h=6;replay_mode=MODEL_ONLY_REPLAY;residual_convention=residual_f = actual_high_f - forecast_high_f;phase6=v2_1;replay_version=C_remaining_day_max_plus_obs;replay_mode=FULL_OPERATIONAL_REPLAY;obs_availability=assumed_fixed_lag_20m_after_observation_time,v2_1,C_remaining_day_max_plus_obs,,91.3,OK,,2026-07-17T19:00:00+00:00,2026-07-18T05:00:00+00:00,checkpoint_to_nws_cli_climate_day_end_local_standard_time_utc-5,10,10,91.3,OK,,15,1,2026-07-17T17:51:00+00:00,69.0,60.0,False,assumed_fixed_lag_20m_after_observation_time
KXHIGHNY-26JUL18,2026-07-18,dminus1_1800,2026-07-17T22:00:00+00:00,gfs_operational_latest,2026-07-17T12:00:00+00:00,2026-07-17T18:00:00+00:00,prev_12z,83.2,83.2,,83.2,76.0,-7.200000000000003,nws_cli_knyc,FULL_OPERATIONAL_REPLAY,iem_nws_cli,78° or below,7,summer,12.0,open-meteo:single-runs:ncep_gfs_global:operational_latest,policy=latest_available_by_latency;latency_h=6;replay_mode=FULL_OPERATIONAL_REPLAY;residual_convention=residual_f = actual_high_f - forecast_high_f;phase6=v2_1;replay_version=C_remaining_day_max_plus_obs;replay_mode=FULL_OPERATIONAL_REPLAY;obs_availability=assumed_fixed_lag_20m_after_observation_time,v2_1,C_remaining_day_max_plus_obs,,83.2,OK,,2026-07-18T05:00:00+00:00,2026-07-19T05:00:00+00:00,checkpoint_to_nws_cli_climate_day_end_local_standard_time_utc-5,24,24,83.2,,,,,,,,,
KXHIGHNY-26JUL18,2026-07-18,d0_0600,2026-07-18T10:00:00+00:00,gfs_operational_latest,2026-07-18T00:00:00+00:00,2026-07-18T06:00:00+00:00,day_00z,82.0,82.0,74.0,82.0,76.0,-6.0,nws_cli_knyc,FULL_OPERATIONAL_REPLAY,iem_nws_cli,78° or below,7,summer,0.0,open-meteo:single-runs:ncep_gfs_global:operational_latest,policy=latest_available_by_latency;latency_h=6;replay_mode=MODEL_ONLY_REPLAY;residual_convention=residual_f = actual_high_f - forecast_high_f;phase6=v2_1;replay_version=C_remaining_day_max_plus_obs;replay_mode=FULL_OPERATIONAL_REPLAY;obs_availability=assumed_fixed_lag_20m_after_observation_time,v2_1,C_remaining_day_max_plus_obs,,82.0,OK,,2026-07-18T10:00:00+00:00,2026-07-19T05:00:00+00:00,checkpoint_to_nws_cli_climate_day_end_local_standard_time_utc-5,19,19,82.0,OK,,4,1,2026-07-18T08:51:00+00:00,69.0,60.0,False,assumed_fixed_lag_20m_after_observation_time
KXHIGHNY-26JUL18,2026-07-18,d0_0900,2026-07-18T13:00:00+00:00,gfs_operational_latest,2026-07-18T06:00:00+00:00,2026-07-18T12:00:00+00:00,day_06z,82.0,82.0,75.0,82.0,76.0,-6.0,nws_cli_knyc,FULL_OPERATIONAL_REPLAY,iem_nws_cli,78° or below,7,summer,-6.0,open-meteo:single-runs:ncep_gfs_global:operational_latest,policy=latest_available_by_latency;latency_h=6;replay_mode=MODEL_ONLY_REPLAY;residual_convention=residual_f = actual_high_f - forecast_high_f;phase6=v2_1;replay_version=C_remaining_day_max_plus_obs;replay_mode=FULL_OPERATIONAL_REPLAY;obs_availability=assumed_fixed_lag_20m_after_observation_time,v2_1,C_remaining_day_max_plus_obs,,82.0,OK,,2026-07-18T13:00:00+00:00,2026-07-19T05:00:00+00:00,checkpoint_to_nws_cli_climate_day_end_local_standard_time_utc-5,16,16,82.0,OK,,8,1,2026-07-18T11:51:00+00:00,69.0,60.0,False,assumed_fixed_lag_20m_after_observation_time
KXHIGHNY-26JUL18,2026-07-18,d0_1200,2026-07-18T16:00:00+00:00,gfs_operational_latest,2026-07-18T06:00:00+00:00,2026-07-18T12:00:00+00:00,day_06z,76.0,75.8,76.0,76.0,76.0,0.0,nws_cli_knyc,FULL_OPERATIONAL_REPLAY,iem_nws_cli,78° or below,7,summer,-6.0,open-meteo:single-runs:ncep_gfs_global:operational_latest,policy=latest_available_by_latency;latency_h=6;replay_mode=MODEL_ONLY_REPLAY;residual_convention=residual_f = actual_high_f - forecast_high_f;phase6=v2_1;replay_version=C_remaining_day_max_plus_obs;replay_mode=FULL_OPERATIONAL_REPLAY;obs_availability=assumed_fixed_lag_20m_after_observation_time,v2_1,C_remaining_day_max_plus_obs,,82.0,OK,,2026-07-18T16:00:00+00:00,2026-07-19T05:00:00+00:00,checkpoint_to_nws_cli_climate_day_end_local_standard_time_utc-5,13,13,75.8,OK,,17,2,2026-07-18T15:37:00+00:00,23.0,60.0,True,assumed_fixed_lag_20m_after_observation_time
KXHIGHNY-26JUL18,2026-07-18,d0_1500,2026-07-18T19:00:00+00:00,gfs_operational_latest,2026-07-18T06:00:00+00:00,2026-07-18T12:00:00+00:00,day_06z,76.0,75.8,76.0,76.0,76.0,0.0,nws_cli_knyc,FULL_OPERATIONAL_REPLAY,iem_nws_cli,78° or below,7,summer,-6.0,open-meteo:single-runs:ncep_gfs_global:operational_latest,policy=latest_available_by_latency;latency_h=6;replay_mode=MODEL_ONLY_REPLAY;residual_convention=residual_f = actual_high_f - forecast_high_f;phase6=v2_1;replay_version=C_remaining_day_max_plus_obs;replay_mode=FULL_OPERATIONAL_REPLAY;obs_availability=assumed_fixed_lag_20m_after_observation_time,v2_1,C_remaining_day_max_plus_obs,,82.0,OK,,2026-07-18T19:00:00+00:00,2026-07-19T05:00:00+00:00,checkpoint_to_nws_cli_climate_day_end_local_standard_time_utc-5,10,10,75.8,OK,,28,1,2026-07-18T18:37:00+00:00,23.0,60.0,True,assumed_fixed_lag_20m_after_observation_time
KXHIGHNY-26JUL19,2026-07-19,dminus1_1800,2026-07-18T22:00:00+00:00,gfs_operational_latest,2026-07-18T12:00:00+00:00,2026-07-18T18:00:00+00:00,prev_12z,82.5,82.5,,82.5,79.0,-3.5,nws_cli_knyc,FULL_OPERATIONAL_REPLAY,iem_nws_cli,79° or below,7,summer,12.0,open-meteo:single-runs:ncep_gfs_global:operational_latest,policy=latest_available_by_latency;latency_h=6;replay_mode=FULL_OPERATIONAL_REPLAY;residual_convention=residual_f = actual_high_f - forecast_high_f;phase6=v2_1;replay_version=C_remaining_day_max_plus_obs;replay_mode=FULL_OPERATIONAL_REPLAY;obs_availability=assumed_fixed_lag_20m_after_observation_time,v2_1,C_remaining_day_max_plus_obs,,82.5,OK,,2026-07-19T05:00:00+00:00,2026-07-20T05:00:00+00:00,checkpoint_to_nws_cli_climate_day_end_local_standard_time_utc-5,24,24,82.5,,,,,,,,,
KXHIGHNY-26JUL19,2026-07-19,d0_0600,2026-07-19T10:00:00+00:00,gfs_operational_latest,2026-07-19T00:00:00+00:00,2026-07-19T06:00:00+00:00,day_00z,83.6,83.6,74.0,83.6,79.0,-4.599999999999994,nws_cli_knyc,FULL_OPERATIONAL_REPLAY,iem_nws_cli,79° or below,7,summer,0.0,open-meteo:single-runs:ncep_gfs_global:operational_latest,policy=latest_available_by_latency;latency_h=6;replay_mode=MODEL_ONLY_REPLAY;residual_convention=residual_f = actual_high_f - forecast_high_f;phase6=v2_1;replay_version=C_remaining_day_max_plus_obs;replay_mode=FULL_OPERATIONAL_REPLAY;obs_availability=assumed_fixed_lag_20m_after_observation_time,v2_1,C_remaining_day_max_plus_obs,,83.6,OK,,2026-07-19T10:00:00+00:00,2026-07-20T05:00:00+00:00,checkpoint_to_nws_cli_climate_day_end_local_standard_time_utc-5,19,19,83.6,OK,,4,1,2026-07-19T08:51:00+00:00,69.0,60.0,False,assumed_fixed_lag_20m_after_observation_time
KXHIGHNY-26JUL19,2026-07-19,d0_0900,2026-07-19T13:00:00+00:00,gfs_operational_latest,2026-07-19T06:00:00+00:00,2026-07-19T12:00:00+00:00,day_06z,84.8,84.8,74.0,84.8,79.0,-5.799999999999997,nws_cli_knyc,FULL_OPERATIONAL_REPLAY,iem_nws_cli,79° or below,7,summer,-6.0,open-meteo:single-runs:ncep_gfs_global:operational_latest,policy=latest_available_by_latency;latency_h=6;replay_mode=MODEL_ONLY_REPLAY;residual_convention=residual_f = actual_high_f - forecast_high_f;phase6=v2_1;replay_version=C_remaining_day_max_plus_obs;replay_mode=FULL_OPERATIONAL_REPLAY;obs_availability=assumed_fixed_lag_20m_after_observation_time,v2_1,C_remaining_day_max_plus_obs,,84.8,OK,,2026-07-19T13:00:00+00:00,2026-07-20T05:00:00+00:00,checkpoint_to_nws_cli_climate_day_end_local_standard_time_utc-5,16,16,84.8,OK,,7,1,2026-07-19T11:51:00+00:00,69.0,60.0,False,assumed_fixed_lag_20m_after_observation_time
KXHIGHNY-26JUL19,2026-07-19,d0_1200,2026-07-19T16:00:00+00:00,gfs_operational_latest,2026-07-19T06:00:00+00:00,2026-07-19T12:00:00+00:00,day_06z,84.8,84.8,75.0,84.8,79.0,-5.799999999999997,nws_cli_knyc,FULL_OPERATIONAL_REPLAY,iem_nws_cli,79° or below,7,summer,-6.0,open-meteo:single-runs:ncep_gfs_global:operational_latest,policy=latest_available_by_latency;latency_h=6;replay_mode=MODEL_ONLY_REPLAY;residual_convention=residual_f = actual_high_f - forecast_high_f;phase6=v2_1;replay_version=C_remaining_day_max_plus_obs;replay_mode=FULL_OPERATIONAL_REPLAY;obs_availability=assumed_fixed_lag_20m_after_observation_time,v2_1,C_remaining_day_max_plus_obs,,84.8,OK,,2026-07-19T16:00:00+00:00,2026-07-20T05:00:00+00:00,checkpoint_to_nws_cli_climate_day_end_local_standard_time_utc-5,13,13,84.8,OK,,10,1,2026-07-19T14:51:00+00:00,69.0,60.0,False,assumed_fixed_lag_20m_after_observation_time
KXHIGHNY-26JUL19,2026-07-19,d0_1500,2026-07-19T19:00:00+00:00,gfs_operational_latest,2026-07-19T06:00:00+00:00,2026-07-19T12:00:00+00:00,day_06z,84.8,84.8,77.0,84.8,79.0,-5.799999999999997,nws_cli_knyc,FULL_OPERATIONAL_REPLAY,iem_nws_cli,79° or below,7,summer,-6.0,open-meteo:single-runs:ncep_gfs_global:operational_latest,policy=latest_available_by_latency;latency_h=6;replay_mode=MODEL_ONLY_REPLAY;residual_convention=residual_f = actual_high_f - forecast_high_f;phase6=v2_1;replay_version=C_remaining_day_max_plus_obs;replay_mode=FULL_OPERATIONAL_REPLAY;obs_availability=assumed_fixed_lag_20m_after_observation_time,v2_1,C_remaining_day_max_plus_obs,,84.8,OK,,2026-07-19T19:00:00+00:00,2026-07-20T05:00:00+00:00,checkpoint_to_nws_cli_climate_day_end_local_standard_time_utc-5,10,10,84.8,OK,,15,1,2026-07-19T17:51:00+00:00,69.0,60.0,False,assumed_fixed_lag_20m_after_observation_time
KXHIGHNY-26JUL20,2026-07-20,dminus1_1800,2026-07-19T22:00:00+00:00,gfs_operational_latest,2026-07-19T12:00:00+00:00,2026-07-19T18:00:00+00:00,prev_12z,86.8,86.8,,86.8,81.0,-5.799999999999997,nws_cli_knyc,FULL_OPERATIONAL_REPLAY,iem_nws_cli,81° to 82°,7,summer,12.0,open-meteo:single-runs:ncep_gfs_global:operational_latest,policy=latest_available_by_latency;latency_h=6;replay_mode=FULL_OPERATIONAL_REPLAY;residual_convention=residual_f = actual_high_f - forecast_high_f;phase6=v2_1;replay_version=C_remaining_day_max_plus_obs;replay_mode=FULL_OPERATIONAL_REPLAY;obs_availability=assumed_fixed_lag_20m_after_observation_time,v2_1,C_remaining_day_max_plus_obs,,86.8,OK,,2026-07-20T05:00:00+00:00,2026-07-21T05:00:00+00:00,checkpoint_to_nws_cli_climate_day_end_local_standard_time_utc-5,24,24,86.8,,,,,,,,,
KXHIGHNY-26JUL20,2026-07-20,d0_0600,2026-07-20T10:00:00+00:00,gfs_operational_latest,2026-07-20T00:00:00+00:00,2026-07-20T06:00:00+00:00,day_00z,85.2,85.2,68.0,85.2,81.0,-4.200000000000003,nws_cli_knyc,FULL_OPERATIONAL_REPLAY,iem_nws_cli,81° to 82°,7,summer,0.0,open-meteo:single-runs:ncep_gfs_global:operational_latest,policy=latest_available_by_latency;latency_h=6;replay_mode=MODEL_ONLY_REPLAY;residual_convention=residual_f = actual_high_f - forecast_high_f;phase6=v2_1;replay_version=C_remaining_day_max_plus_obs;replay_mode=FULL_OPERATIONAL_REPLAY;obs_availability=assumed_fixed_lag_20m_after_observation_time,v2_1,C_remaining_day_max_plus_obs,,85.2,OK,,2026-07-20T10:00:00+00:00,2026-07-21T05:00:00+00:00,checkpoint_to_nws_cli_climate_day_end_local_standard_time_utc-5,19,19,85.2,OK,,4,1,2026-07-20T08:51:00+00:00,69.0,60.0,False,assumed_fixed_lag_20m_after_observation_time
KXHIGHNY-26JUL20,2026-07-20,d0_0900,2026-07-20T13:00:00+00:00,gfs_operational_latest,2026-07-20T06:00:00+00:00,2026-07-20T12:00:00+00:00,day_06z,85.7,85.7,68.0,85.7,81.0,-4.700000000000003,nws_cli_knyc,FULL_OPERATIONAL_REPLAY,iem_nws_cli,81° to 82°,7,summer,-6.0,open-meteo:single-runs:ncep_gfs_global:operational_latest,policy=latest_available_by_latency;latency_h=6;replay_mode=MODEL_ONLY_REPLAY;residual_convention=residual_f = actual_high_f - forecast_high_f;phase6=v2_1;replay_version=C_remaining_day_max_plus_obs;replay_mode=FULL_OPERATIONAL_REPLAY;obs_availability=assumed_fixed_lag_20m_after_observation_time,v2_1,C_remaining_day_max_plus_obs,,85.7,OK,,2026-07-20T13:00:00+00:00,2026-07-21T05:00:00+00:00,checkpoint_to_nws_cli_climate_day_end_local_standard_time_utc-5,16,16,85.7,OK,,7,1,2026-07-20T11:51:00+00:00,69.0,60.0,False,assumed_fixed_lag_20m_after_observation_time
KXHIGHNY-26JUL20,2026-07-20,d0_1200,2026-07-20T16:00:00+00:00,gfs_operational_latest,2026-07-20T06:00:00+00:00,2026-07-20T12:00:00+00:00,day_06z,85.7,85.7,75.0,85.7,81.0,-4.700000000000003,nws_cli_knyc,FULL_OPERATIONAL_REPLAY,iem_nws_cli,81° to 82°,7,summer,-6.0,open-meteo:single-runs:ncep_gfs_global:operational_latest,policy=latest_available_by_latency;latency_h=6;replay_mode=MODEL_ONLY_REPLAY;residual_convention=residual_f = actual_high_f - forecast_high_f;phase6=v2_1;replay_version=C_remaining_day_max_plus_obs;replay_mode=FULL_OPERATIONAL_REPLAY;obs_availability=assumed_fixed_lag_20m_after_observation_time,v2_1,C_remaining_day_max_plus_obs,,85.7,OK,,2026-07-20T16:00:00+00:00,2026-07-21T05:00:00+00:00,checkpoint_to_nws_cli_climate_day_end_local_standard_time_utc-5,13,13,85.7,OK,,10,1,2026-07-20T14:51:00+00:00,69.0,60.0,False,assumed_fixed_lag_20m_after_observation_time
KXHIGHNY-26JUL20,2026-07-20,d0_1500,2026-07-20T19:00:00+00:00,gfs_operational_latest,2026-07-20T06:00:00+00:00,2026-07-20T12:00:00+00:00,day_06z,85.7,85.7,79.0,85.7,81.0,-4.700000000000003,nws_cli_knyc,FULL_OPERATIONAL_REPLAY,iem_nws_cli,81° to 82°,7,summer,-6.0,open-meteo:single-runs:ncep_gfs_global:operational_latest,policy=latest_available_by_latency;latency_h=6;replay_mode=MODEL_ONLY_REPLAY;residual_convention=residual_f = actual_high_f - forecast_high_f;phase6=v2_1;replay_version=C_remaining_day_max_plus_obs;replay_mode=FULL_OPERATIONAL_REPLAY;obs_availability=assumed_fixed_lag_20m_after_observation_time,v2_1,C_remaining_day_max_plus_obs,,85.7,OK,,2026-07-20T19:00:00+00:00,2026-07-21T05:00:00+00:00,checkpoint_to_nws_cli_climate_day_end_local_standard_time_utc-5,10,10,85.7,OK,,13,1,2026-07-20T17:51:00+00:00,69.0,60.0,False,assumed_fixed_lag_20m_after_observation_time
KXHIGHNY-26JUL21,2026-07-21,dminus1_1800,2026-07-20T22:00:00+00:00,gfs_operational_latest,2026-07-20T12:00:00+00:00,2026-07-20T18:00:00+00:00,prev_12z,81.8,81.8,,81.8,81.0,-0.7999999999999972,nws_cli_knyc,FULL_OPERATIONAL_REPLAY,iem_nws_cli,81° to 82°,7,summer,12.0,open-meteo:single-runs:ncep_gfs_global:operational_latest,policy=latest_available_by_latency;latency_h=6;replay_mode=FULL_OPERATIONAL_REPLAY;residual_convention=residual_f = actual_high_f - forecast_high_f;phase6=v2_1;replay_version=C_remaining_day_max_plus_obs;replay_mode=FULL_OPERATIONAL_REPLAY;obs_availability=assumed_fixed_lag_20m_after_observation_time,v2_1,C_remaining_day_max_plus_obs,,81.8,OK,,2026-07-21T05:00:00+00:00,2026-07-22T05:00:00+00:00,checkpoint_to_nws_cli_climate_day_end_local_standard_time_utc-5,24,24,81.8,,,,,,,,,
KXHIGHNY-26JUL21,2026-07-21,d0_0600,2026-07-21T10:00:00+00:00,gfs_operational_latest,2026-07-21T00:00:00+00:00,2026-07-21T06:00:00+00:00,day_00z,85.4,85.4,73.0,85.4,81.0,-4.400000000000006,nws_cli_knyc,FULL_OPERATIONAL_REPLAY,iem_nws_cli,81° to 82°,7,summer,0.0,open-meteo:single-runs:ncep_gfs_global:operational_latest,policy=latest_available_by_latency;latency_h=6;replay_mode=MODEL_ONLY_REPLAY;residual_convention=residual_f = actual_high_f - forecast_high_f;phase6=v2_1;replay_version=C_remaining_day_max_plus_obs;replay_mode=FULL_OPERATIONAL_REPLAY;obs_availability=assumed_fixed_lag_20m_after_observation_time,v2_1,C_remaining_day_max_plus_obs,,85.4,OK,,2026-07-21T10:00:00+00:00,2026-07-22T05:00:00+00:00,checkpoint_to_nws_cli_climate_day_end_local_standard_time_utc-5,19,19,85.4,OK,,4,1,2026-07-21T08:51:00+00:00,69.0,60.0,False,assumed_fixed_lag_20m_after_observation_time
KXHIGHNY-26JUL21,2026-07-21,d0_0900,2026-07-21T13:00:00+00:00,gfs_operational_latest,2026-07-21T06:00:00+00:00,2026-07-21T12:00:00+00:00,day_06z,87.4,87.4,74.0,87.4,81.0,-6.400000000000006,nws_cli_knyc,FULL_OPERATIONAL_REPLAY,iem_nws_cli,81° to 82°,7,summer,-6.0,open-meteo:single-runs:ncep_gfs_global:operational_latest,policy=latest_available_by_latency;latency_h=6;replay_mode=MODEL_ONLY_REPLAY;residual_convention=residual_f = actual_high_f - forecast_high_f;phase6=v2_1;replay_version=C_remaining_day_max_plus_obs;replay_mode=FULL_OPERATIONAL_REPLAY;obs_availability=assumed_fixed_lag_20m_after_observation_time,v2_1,C_remaining_day_max_plus_obs,,87.4,OK,,2026-07-21T13:00:00+00:00,2026-07-22T05:00:00+00:00,checkpoint_to_nws_cli_climate_day_end_local_standard_time_utc-5,16,16,87.4,OK,,7,1,2026-07-21T11:51:00+00:00,69.0,60.0,False,assumed_fixed_lag_20m_after_observation_time
KXHIGHNY-26JUL21,2026-07-21,d0_1200,2026-07-21T16:00:00+00:00,gfs_operational_latest,2026-07-21T06:00:00+00:00,2026-07-21T12:00:00+00:00,day_06z,87.4,87.4,75.0,87.4,81.0,-6.400000000000006,nws_cli_knyc,FULL_OPERATIONAL_REPLAY,iem_nws_cli,81° to 82°,7,summer,-6.0,open-meteo:single-runs:ncep_gfs_global:operational_latest,policy=latest_available_by_latency;latency_h=6;replay_mode=MODEL_ONLY_REPLAY;residual_convention=residual_f = actual_high_f - forecast_high_f;phase6=v2_1;replay_version=C_remaining_day_max_plus_obs;replay_mode=FULL_OPERATIONAL_REPLAY;obs_availability=assumed_fixed_lag_20m_after_observation_time,v2_1,C_remaining_day_max_plus_obs,,87.4,OK,,2026-07-21T16:00:00+00:00,2026-07-22T05:00:00+00:00,checkpoint_to_nws_cli_climate_day_end_local_standard_time_utc-5,13,13,87.4,OK,,11,1,2026-07-21T14:51:00+00:00,69.0,60.0,False,assumed_fixed_lag_20m_after_observation_time
KXHIGHNY-26JUL21,2026-07-21,d0_1500,2026-07-21T19:00:00+00:00,gfs_operational_latest,2026-07-21T06:00:00+00:00,2026-07-21T12:00:00+00:00,day_06z,87.4,87.4,80.0,87.4,81.0,-6.400000000000006,nws_cli_knyc,FULL_OPERATIONAL_REPLAY,iem_nws_cli,81° to 82°,7,summer,-6.0,open-meteo:single-runs:ncep_gfs_global:operational_latest,policy=latest_available_by_latency;latency_h=6;replay_mode=MODEL_ONLY_REPLAY;residual_convention=residual_f = actual_high_f - forecast_high_f;phase6=v2_1;replay_version=C_remaining_day_max_plus_obs;replay_mode=FULL_OPERATIONAL_REPLAY;obs_availability=assumed_fixed_lag_20m_after_observation_time,v2_1,C_remaining_day_max_plus_obs,,87.4,OK,,2026-07-21T19:00:00+00:00,2026-07-22T05:00:00+00:00,checkpoint_to_nws_cli_climate_day_end_local_standard_time_utc-5,10,10,87.4,OK,,16,2,2026-07-21T18:03:00+00:00,57.0,60.0,False,assumed_fixed_lag_20m_after_observation_time
KXHIGHNY-26JUL22,2026-07-22,dminus1_1800,2026-07-21T22:00:00+00:00,gfs_operational_latest,2026-07-21T12:00:00+00:00,2026-07-21T18:00:00+00:00,prev_12z,87.9,87.9,,87.9,85.0,-2.9000000000000057,nws_cli_knyc,FULL_OPERATIONAL_REPLAY,iem_nws_cli,84° to 85°,7,summer,12.0,open-meteo:single-runs:ncep_gfs_global:operational_latest,policy=latest_available_by_latency;latency_h=6;replay_mode=FULL_OPERATIONAL_REPLAY;residual_convention=residual_f = actual_high_f - forecast_high_f;phase6=v2_1;replay_version=C_remaining_day_max_plus_obs;replay_mode=FULL_OPERATIONAL_REPLAY;obs_availability=assumed_fixed_lag_20m_after_observation_time,v2_1,C_remaining_day_max_plus_obs,,87.9,OK,,2026-07-22T05:00:00+00:00,2026-07-23T05:00:00+00:00,checkpoint_to_nws_cli_climate_day_end_local_standard_time_utc-5,24,24,87.9,,,,,,,,,
KXHIGHNY-26JUL22,2026-07-22,d0_0600,2026-07-22T10:00:00+00:00,gfs_operational_latest,2026-07-22T00:00:00+00:00,2026-07-22T06:00:00+00:00,day_00z,85.2,85.2,74.0,85.2,85.0,-0.20000000000000284,nws_cli_knyc,FULL_OPERATIONAL_REPLAY,iem_nws_cli,84° to 85°,7,summer,0.0,open-meteo:single-runs:ncep_gfs_global:operational_latest,policy=latest_available_by_latency;latency_h=6;replay_mode=MODEL_ONLY_REPLAY;residual_convention=residual_f = actual_high_f - forecast_high_f;phase6=v2_1;replay_version=C_remaining_day_max_plus_obs;replay_mode=FULL_OPERATIONAL_REPLAY;obs_availability=assumed_fixed_lag_20m_after_observation_time,v2_1,C_remaining_day_max_plus_obs,,85.2,OK,,2026-07-22T10:00:00+00:00,2026-07-23T05:00:00+00:00,checkpoint_to_nws_cli_climate_day_end_local_standard_time_utc-5,19,19,85.2,OK,,6,1,2026-07-22T08:51:00+00:00,69.0,60.0,False,assumed_fixed_lag_20m_after_observation_time
KXHIGHNY-26JUL22,2026-07-22,d0_0900,2026-07-22T13:00:00+00:00,gfs_operational_latest,2026-07-22T06:00:00+00:00,2026-07-22T12:00:00+00:00,day_06z,85.9,85.9,74.0,85.9,85.0,-0.9000000000000057,nws_cli_knyc,FULL_OPERATIONAL_REPLAY,iem_nws_cli,84° to 85°,7,summer,-6.0,open-meteo:single-runs:ncep_gfs_global:operational_latest,policy=latest_available_by_latency;latency_h=6;replay_mode=MODEL_ONLY_REPLAY;residual_convention=residual_f = actual_high_f - forecast_high_f;phase6=v2_1;replay_version=C_remaining_day_max_plus_obs;replay_mode=FULL_OPERATIONAL_REPLAY;obs_availability=assumed_fixed_lag_20m_after_observation_time,v2_1,C_remaining_day_max_plus_obs,,85.9,OK,,2026-07-22T13:00:00+00:00,2026-07-23T05:00:00+00:00,checkpoint_to_nws_cli_climate_day_end_local_standard_time_utc-5,16,16,85.9,OK,,9,2,2026-07-22T11:51:00+00:00,69.0,60.0,False,assumed_fixed_lag_20m_after_observation_time
KXHIGHNY-26JUL22,2026-07-22,d0_1200,2026-07-22T16:00:00+00:00,gfs_operational_latest,2026-07-22T06:00:00+00:00,2026-07-22T12:00:00+00:00,day_06z,85.9,85.9,79.0,85.9,85.0,-0.9000000000000057,nws_cli_knyc,FULL_OPERATIONAL_REPLAY,iem_nws_cli,84° to 85°,7,summer,-6.0,open-meteo:single-runs:ncep_gfs_global:operational_latest,policy=latest_available_by_latency;latency_h=6;replay_mode=MODEL_ONLY_REPLAY;residual_convention=residual_f = actual_high_f - forecast_high_f;phase6=v2_1;replay_version=C_remaining_day_max_plus_obs;replay_mode=FULL_OPERATIONAL_REPLAY;obs_availability=assumed_fixed_lag_20m_after_observation_time,v2_1,C_remaining_day_max_plus_obs,,85.9,OK,,2026-07-22T16:00:00+00:00,2026-07-23T05:00:00+00:00,checkpoint_to_nws_cli_climate_day_end_local_standard_time_utc-5,13,13,85.9,OK,,13,1,2026-07-22T14:51:00+00:00,69.0,60.0,False,assumed_fixed_lag_20m_after_observation_time
KXHIGHNY-26JUL22,2026-07-22,d0_1500,2026-07-22T19:00:00+00:00,gfs_operational_latest,2026-07-22T06:00:00+00:00,2026-07-22T12:00:00+00:00,day_06z,85.2,85.2,85.0,85.2,85.0,-0.20000000000000284,nws_cli_knyc,FULL_OPERATIONAL_REPLAY,iem_nws_cli,84° to 85°,7,summer,-6.0,open-meteo:single-runs:ncep_gfs_global:operational_latest,policy=latest_available_by_latency;latency_h=6;replay_mode=MODEL_ONLY_REPLAY;residual_convention=residual_f = actual_high_f - forecast_high_f;phase6=v2_1;replay_version=C_remaining_day_max_plus_obs;replay_mode=FULL_OPERATIONAL_REPLAY;obs_availability=assumed_fixed_lag_20m_after_observation_time,v2_1,C_remaining_day_max_plus_obs,,85.9,OK,,2026-07-22T19:00:00+00:00,2026-07-23T05:00:00+00:00,checkpoint_to_nws_cli_climate_day_end_local_standard_time_utc-5,10,10,85.2,OK,,16,1,2026-07-22T17:51:00+00:00,69.0,60.0,False,assumed_fixed_lag_20m_after_observation_time
KXHIGHNY-26JUL23,2026-07-23,dminus1_1800,2026-07-22T22:00:00+00:00,gfs_operational_latest,2026-07-22T12:00:00+00:00,2026-07-22T18:00:00+00:00,prev_12z,85.4,85.4,,85.4,79.0,-6.400000000000006,nws_cli_knyc,FULL_OPERATIONAL_REPLAY,iem_nws_cli,79° to 80°,7,summer,12.0,open-meteo:single-runs:ncep_gfs_global:operational_latest,policy=latest_available_by_latency;latency_h=6;replay_mode=FULL_OPERATIONAL_REPLAY;residual_convention=residual_f = actual_high_f - forecast_high_f;phase6=v2_1;replay_version=C_remaining_day_max_plus_obs;replay_mode=FULL_OPERATIONAL_REPLAY;obs_availability=assumed_fixed_lag_20m_after_observation_time,v2_1,C_remaining_day_max_plus_obs,,85.4,OK,,2026-07-23T05:00:00+00:00,2026-07-24T05:00:00+00:00,checkpoint_to_nws_cli_climate_day_end_local_standard_time_utc-5,24,24,85.4,,,,,,,,,
KXHIGHNY-26JUL23,2026-07-23,d0_0600,2026-07-23T10:00:00+00:00,gfs_operational_latest,2026-07-23T00:00:00+00:00,2026-07-23T06:00:00+00:00,day_00z,86.3,86.3,71.0,86.3,79.0,-7.299999999999997,nws_cli_knyc,FULL_OPERATIONAL_REPLAY,iem_nws_cli,79° to 80°,7,summer,0.0,open-meteo:single-runs:ncep_gfs_global:operational_latest,policy=latest_available_by_latency;latency_h=6;replay_mode=MODEL_ONLY_REPLAY;residual_convention=residual_f = actual_high_f - forecast_high_f;phase6=v2_1;replay_version=C_remaining_day_max_plus_obs;replay_mode=FULL_OPERATIONAL_REPLAY;obs_availability=assumed_fixed_lag_20m_after_observation_time,v2_1,C_remaining_day_max_plus_obs,,86.3,OK,,2026-07-23T10:00:00+00:00,2026-07-24T05:00:00+00:00,checkpoint_to_nws_cli_climate_day_end_local_standard_time_utc-5,19,19,86.3,OK,,4,1,2026-07-23T08:51:00+00:00,69.0,60.0,False,assumed_fixed_lag_20m_after_observation_time
KXHIGHNY-26JUL23,2026-07-23,d0_0900,2026-07-23T13:00:00+00:00,gfs_operational_latest,2026-07-23T06:00:00+00:00,2026-07-23T12:00:00+00:00,day_06z,85.7,85.7,71.0,85.7,79.0,-6.700000000000003,nws_cli_knyc,FULL_OPERATIONAL_REPLAY,iem_nws_cli,79° to 80°,7,summer,-6.0,open-meteo:single-runs:ncep_gfs_global:operational_latest,policy=latest_available_by_latency;latency_h=6;replay_mode=MODEL_ONLY_REPLAY;residual_convention=residual_f = actual_high_f - forecast_high_f;phase6=v2_1;replay_version=C_remaining_day_max_plus_obs;replay_mode=FULL_OPERATIONAL_REPLAY;obs_availability=assumed_fixed_lag_20m_after_observation_time,v2_1,C_remaining_day_max_plus_obs,,85.7,OK,,2026-07-23T13:00:00+00:00,2026-07-24T05:00:00+00:00,checkpoint_to_nws_cli_climate_day_end_local_standard_time_utc-5,16,16,85.7,OK,,7,1,2026-07-23T11:51:00+00:00,69.0,60.0,False,assumed_fixed_lag_20m_after_observation_time
KXHIGHNY-26JUL23,2026-07-23,d0_1200,2026-07-23T16:00:00+00:00,gfs_operational_latest,2026-07-23T06:00:00+00:00,2026-07-23T12:00:00+00:00,day_06z,85.7,85.7,73.0,85.7,79.0,-6.700000000000003,nws_cli_knyc,FULL_OPERATIONAL_REPLAY,iem_nws_cli,79° to 80°,7,summer,-6.0,open-meteo:single-runs:ncep_gfs_global:operational_latest,policy=latest_available_by_latency;latency_h=6;replay_mode=MODEL_ONLY_REPLAY;residual_convention=residual_f = actual_high_f - forecast_high_f;phase6=v2_1;replay_version=C_remaining_day_max_plus_obs;replay_mode=FULL_OPERATIONAL_REPLAY;obs_availability=assumed_fixed_lag_20m_after_observation_time,v2_1,C_remaining_day_max_plus_obs,,85.7,OK,,2026-07-23T16:00:00+00:00,2026-07-24T05:00:00+00:00,checkpoint_to_nws_cli_climate_day_end_local_standard_time_utc-5,13,13,85.7,OK,,10,1,2026-07-23T14:51:00+00:00,69.0,60.0,False,assumed_fixed_lag_20m_after_observation_time
KXHIGHNY-26JUL23,2026-07-23,d0_1500,2026-07-23T19:00:00+00:00,gfs_operational_latest,2026-07-23T06:00:00+00:00,2026-07-23T12:00:00+00:00,day_06z,85.7,85.7,78.0,85.7,79.0,-6.700000000000003,nws_cli_knyc,FULL_OPERATIONAL_REPLAY,iem_nws_cli,79° to 80°,7,summer,-6.0,open-meteo:single-runs:ncep_gfs_global:operational_latest,policy=latest_available_by_latency;latency_h=6;replay_mode=MODEL_ONLY_REPLAY;residual_convention=residual_f = actual_high_f - forecast_high_f;phase6=v2_1;replay_version=C_remaining_day_max_plus_obs;replay_mode=FULL_OPERATIONAL_REPLAY;obs_availability=assumed_fixed_lag_20m_after_observation_time,v2_1,C_remaining_day_max_plus_obs,,85.7,OK,,2026-07-23T19:00:00+00:00,2026-07-24T05:00:00+00:00,checkpoint_to_nws_cli_climate_day_end_local_standard_time_utc-5,10,10,85.7,OK,,13,1,2026-07-23T17:51:00+00:00,69.0,60.0,False,assumed_fixed_lag_20m_after_observation_time
KXHIGHNY-26JUL24,2026-07-24,dminus1_1800,2026-07-23T22:00:00+00:00,gfs_operational_latest,2026-07-23T12:00:00+00:00,2026-07-23T18:00:00+00:00,prev_12z,87.2,87.2,,87.2,83.0,-4.200000000000003,nws_cli_knyc,FULL_OPERATIONAL_REPLAY,iem_nws_cli,83° to 84°,7,summer,12.0,open-meteo:single-runs:ncep_gfs_global:operational_latest,policy=latest_available_by_latency;latency_h=6;replay_mode=FULL_OPERATIONAL_REPLAY;residual_convention=residual_f = actual_high_f - forecast_high_f;phase6=v2_1;replay_version=C_remaining_day_max_plus_obs;replay_mode=FULL_OPERATIONAL_REPLAY;obs_availability=assumed_fixed_lag_20m_after_observation_time,v2_1,C_remaining_day_max_plus_obs,,87.2,OK,,2026-07-24T05:00:00+00:00,2026-07-25T05:00:00+00:00,checkpoint_to_nws_cli_climate_day_end_local_standard_time_utc-5,24,24,87.2,,,,,,,,,
KXHIGHNY-26JUL24,2026-07-24,d0_0600,2026-07-24T10:00:00+00:00,gfs_operational_latest,2026-07-24T00:00:00+00:00,2026-07-24T06:00:00+00:00,day_00z,87.0,87.0,68.0,87.0,83.0,-4.0,nws_cli_knyc,FULL_OPERATIONAL_REPLAY,iem_nws_cli,83° to 84°,7,summer,0.0,open-meteo:single-runs:ncep_gfs_global:operational_latest,policy=latest_available_by_latency;latency_h=6;replay_mode=MODEL_ONLY_REPLAY;residual_convention=residual_f = actual_high_f - forecast_high_f;phase6=v2_1;replay_version=C_remaining_day_max_plus_obs;replay_mode=FULL_OPERATIONAL_REPLAY;obs_availability=assumed_fixed_lag_20m_after_observation_time,v2_1,C_remaining_day_max_plus_obs,,87.0,OK,,2026-07-24T10:00:00+00:00,2026-07-25T05:00:00+00:00,checkpoint_to_nws_cli_climate_day_end_local_standard_time_utc-5,19,19,87.0,OK,,4,1,2026-07-24T08:51:00+00:00,69.0,60.0,False,assumed_fixed_lag_20m_after_observation_time
KXHIGHNY-26JUL24,2026-07-24,d0_0900,2026-07-24T13:00:00+00:00,gfs_operational_latest,2026-07-24T06:00:00+00:00,2026-07-24T12:00:00+00:00,day_06z,87.0,87.0,69.0,87.0,83.0,-4.0,nws_cli_knyc,FULL_OPERATIONAL_REPLAY,iem_nws_cli,83° to 84°,7,summer,-6.0,open-meteo:single-runs:ncep_gfs_global:operational_latest,policy=latest_available_by_latency;latency_h=6;replay_mode=MODEL_ONLY_REPLAY;residual_convention=residual_f = actual_high_f - forecast_high_f;phase6=v2_1;replay_version=C_remaining_day_max_plus_obs;replay_mode=FULL_OPERATIONAL_REPLAY;obs_availability=assumed_fixed_lag_20m_after_observation_time,v2_1,C_remaining_day_max_plus_obs,,87.0,OK,,2026-07-24T13:00:00+00:00,2026-07-25T05:00:00+00:00,checkpoint_to_nws_cli_climate_day_end_local_standard_time_utc-5,16,16,87.0,OK,,7,1,2026-07-24T11:51:00+00:00,69.0,60.0,False,assumed_fixed_lag_20m_after_observation_time
KXHIGHNY-26JUL24,2026-07-24,d0_1200,2026-07-24T16:00:00+00:00,gfs_operational_latest,2026-07-24T06:00:00+00:00,2026-07-24T12:00:00+00:00,day_06z,87.0,87.0,77.0,87.0,83.0,-4.0,nws_cli_knyc,FULL_OPERATIONAL_REPLAY,iem_nws_cli,83° to 84°,7,summer,-6.0,open-meteo:single-runs:ncep_gfs_global:operational_latest,policy=latest_available_by_latency;latency_h=6;replay_mode=MODEL_ONLY_REPLAY;residual_convention=residual_f = actual_high_f - forecast_high_f;phase6=v2_1;replay_version=C_remaining_day_max_plus_obs;replay_mode=FULL_OPERATIONAL_REPLAY;obs_availability=assumed_fixed_lag_20m_after_observation_time,v2_1,C_remaining_day_max_plus_obs,,87.0,OK,,2026-07-24T16:00:00+00:00,2026-07-25T05:00:00+00:00,checkpoint_to_nws_cli_climate_day_end_local_standard_time_utc-5,13,13,87.0,OK,,10,1,2026-07-24T14:51:00+00:00,69.0,60.0,False,assumed_fixed_lag_20m_after_observation_time
KXHIGHNY-26JUL24,2026-07-24,d0_1500,2026-07-24T19:00:00+00:00,gfs_operational_latest,2026-07-24T06:00:00+00:00,2026-07-24T12:00:00+00:00,day_06z,87.0,87.0,81.0,87.0,83.0,-4.0,nws_cli_knyc,FULL_OPERATIONAL_REPLAY,iem_nws_cli,83° to 84°,7,summer,-6.0,open-meteo:single-runs:ncep_gfs_global:operational_latest,policy=latest_available_by_latency;latency_h=6;replay_mode=MODEL_ONLY_REPLAY;residual_convention=residual_f = actual_high_f - forecast_high_f;phase6=v2_1;replay_version=C_remaining_day_max_plus_obs;replay_mode=FULL_OPERATIONAL_REPLAY;obs_availability=assumed_fixed_lag_20m_after_observation_time,v2_1,C_remaining_day_max_plus_obs,,87.0,OK,,2026-07-24T19:00:00+00:00,2026-07-25T05:00:00+00:00,checkpoint_to_nws_cli_climate_day_end_local_standard_time_utc-5,10,10,87.0,OK,,13,1,2026-07-24T17:51:00+00:00,69.0,60.0,False,assumed_fixed_lag_20m_after_observation_time
KXHIGHNY-26JUL25,2026-07-25,dminus1_1800,2026-07-24T22:00:00+00:00,gfs_operational_latest,2026-07-24T12:00:00+00:00,2026-07-24T18:00:00+00:00,prev_12z,85.2,85.2,,85.2,81.0,-4.200000000000003,nws_cli_knyc,FULL_OPERATIONAL_REPLAY,iem_nws_cli,80° to 81°,7,summer,12.0,open-meteo:single-runs:ncep_gfs_global:operational_latest,policy=latest_available_by_latency;latency_h=6;replay_mode=FULL_OPERATIONAL_REPLAY;residual_convention=residual_f = actual_high_f - forecast_high_f;phase6=v2_1;replay_version=C_remaining_day_max_plus_obs;replay_mode=FULL_OPERATIONAL_REPLAY;obs_availability=assumed_fixed_lag_20m_after_observation_time,v2_1,C_remaining_day_max_plus_obs,,85.2,OK,,2026-07-25T05:00:00+00:00,2026-07-26T05:00:00+00:00,checkpoint_to_nws_cli_climate_day_end_local_standard_time_utc-5,24,24,85.2,,,,,,,,,
KXHIGHNY-26JUL25,2026-07-25,d0_0600,2026-07-25T10:00:00+00:00,gfs_operational_latest,2026-07-25T00:00:00+00:00,2026-07-25T06:00:00+00:00,day_00z,85.2,85.2,68.0,85.2,81.0,-4.200000000000003,nws_cli_knyc,FULL_OPERATIONAL_REPLAY,iem_nws_cli,80° to 81°,7,summer,0.0,open-meteo:single-runs:ncep_gfs_global:operational_latest,policy=latest_available_by_latency;latency_h=6;replay_mode=MODEL_ONLY_REPLAY;residual_convention=residual_f = actual_high_f - forecast_high_f;phase6=v2_1;replay_version=C_remaining_day_max_plus_obs;replay_mode=FULL_OPERATIONAL_REPLAY;obs_availability=assumed_fixed_lag_20m_after_observation_time,v2_1,C_remaining_day_max_plus_obs,,85.2,OK,,2026-07-25T10:00:00+00:00,2026-07-26T05:00:00+00:00,checkpoint_to_nws_cli_climate_day_end_local_standard_time_utc-5,19,19,85.2,OK,,4,1,2026-07-25T08:51:00+00:00,69.0,60.0,False,assumed_fixed_lag_20m_after_observation_time
KXHIGHNY-26JUL25,2026-07-25,d0_0900,2026-07-25T13:00:00+00:00,gfs_operational_latest,2026-07-25T06:00:00+00:00,2026-07-25T12:00:00+00:00,day_06z,86.1,86.1,69.0,86.1,81.0,-5.099999999999994,nws_cli_knyc,FULL_OPERATIONAL_REPLAY,iem_nws_cli,80° to 81°,7,summer,-6.0,open-meteo:single-runs:ncep_gfs_global:operational_latest,policy=latest_available_by_latency;latency_h=6;replay_mode=MODEL_ONLY_REPLAY;residual_convention=residual_f = actual_high_f - forecast_high_f;phase6=v2_1;replay_version=C_remaining_day_max_plus_obs;replay_mode=FULL_OPERATIONAL_REPLAY;obs_availability=assumed_fixed_lag_20m_after_observation_time,v2_1,C_remaining_day_max_plus_obs,,86.1,OK,,2026-07-25T13:00:00+00:00,2026-07-26T05:00:00+00:00,checkpoint_to_nws_cli_climate_day_end_local_standard_time_utc-5,16,16,86.1,OK,,7,1,2026-07-25T11:51:00+00:00,69.0,60.0,False,assumed_fixed_lag_20m_after_observation_time
KXHIGHNY-26JUL25,2026-07-25,d0_1200,2026-07-25T16:00:00+00:00,gfs_operational_latest,2026-07-25T06:00:00+00:00,2026-07-25T12:00:00+00:00,day_06z,86.1,86.1,76.0,86.1,81.0,-5.099999999999994,nws_cli_knyc,FULL_OPERATIONAL_REPLAY,iem_nws_cli,80° to 81°,7,summer,-6.0,open-meteo:single-runs:ncep_gfs_global:operational_latest,policy=latest_available_by_latency;latency_h=6;replay_mode=MODEL_ONLY_REPLAY;residual_convention=residual_f = actual_high_f - forecast_high_f;phase6=v2_1;replay_version=C_remaining_day_max_plus_obs;replay_mode=FULL_OPERATIONAL_REPLAY;obs_availability=assumed_fixed_lag_20m_after_observation_time,v2_1,C_remaining_day_max_plus_obs,,86.1,OK,,2026-07-25T16:00:00+00:00,2026-07-26T05:00:00+00:00,checkpoint_to_nws_cli_climate_day_end_local_standard_time_utc-5,13,13,86.1,OK,,10,1,2026-07-25T14:51:00+00:00,69.0,60.0,False,assumed_fixed_lag_20m_after_observation_time
KXHIGHNY-26JUL25,2026-07-25,d0_1500,2026-07-25T19:00:00+00:00,gfs_operational_latest,2026-07-25T06:00:00+00:00,2026-07-25T12:00:00+00:00,day_06z,86.1,86.1,80.0,86.1,81.0,-5.099999999999994,nws_cli_knyc,FULL_OPERATIONAL_REPLAY,iem_nws_cli,80° to 81°,7,summer,-6.0,open-meteo:single-runs:ncep_gfs_global:operational_latest,policy=latest_available_by_latency;latency_h=6;replay_mode=MODEL_ONLY_REPLAY;residual_convention=residual_f = actual_high_f - forecast_high_f;phase6=v2_1;replay_version=C_remaining_day_max_plus_obs;replay_mode=FULL_OPERATIONAL_REPLAY;obs_availability=assumed_fixed_lag_20m_after_observation_time,v2_1,C_remaining_day_max_plus_obs,,86.1,OK,,2026-07-25T19:00:00+00:00,2026-07-26T05:00:00+00:00,checkpoint_to_nws_cli_climate_day_end_local_standard_time_utc-5,10,10,86.1,OK,,13,1,2026-07-25T17:51:00+00:00,69.0,60.0,False,assumed_fixed_lag_20m_after_observation_time
