event_ticker,target_date,model,forecast_stream,run_id,run_label,benchmark_kind,model_run_time_utc,model_available_as_of,forecast_high_f,actual_high_f,residual_f,forecast_error_f,month,season,lead_hours,winning_bucket_label,settlement_source_regime,source
KXHIGHNY-26APR02,2026-04-02,ncep_hrrr_conus,hrrr_previous_day1,hrrr_previous_day1,HRRR previous_day1 (~24h fixed lead),fixed_lead_previous_runs,2026-04-01T00:00:00+00:00,2026-04-01T03:00:00+00:00,53.8,51.0,-2.799999999999997,2.799999999999997,4,spring,24.0,53° or below,nws_cli_knyc,open-meteo:previous-runs:ncep_hrrr_conus:previous_day1
KXHIGHNY-26APR02,2026-04-02,ncep_hrrr_conus,hrrr_exact_run,hrrr_exact_00z,HRRR exact event-day 00Z (fixed-cycle benchmark),fixed-cycle benchmark,2026-04-02T00:00:00+00:00,2026-04-02T03:00:00+00:00,56.0,51.0,-5.0,5.0,4,spring,0.0,53° or below,nws_cli_knyc,open-meteo:single-runs:ncep_hrrr_conus
KXHIGHNY-26APR02,2026-04-02,ncep_hrrr_conus,hrrr_exact_run,hrrr_exact_06z,HRRR exact event-day 06Z (fixed-cycle benchmark),fixed-cycle benchmark,2026-04-02T06:00:00+00:00,2026-04-02T09:00:00+00:00,50.9,51.0,0.10000000000000142,-0.10000000000000142,4,spring,-6.0,53° or below,nws_cli_knyc,open-meteo:single-runs:ncep_hrrr_conus
KXHIGHNY-26APR03,2026-04-03,ncep_hrrr_conus,hrrr_previous_day1,hrrr_previous_day1,HRRR previous_day1 (~24h fixed lead),fixed_lead_previous_runs,2026-04-02T00:00:00+00:00,2026-04-02T03:00:00+00:00,61.8,66.0,4.200000000000003,-4.200000000000003,4,spring,24.0,65° to 66°,nws_cli_knyc,open-meteo:previous-runs:ncep_hrrr_conus:previous_day1
KXHIGHNY-26APR03,2026-04-03,ncep_hrrr_conus,hrrr_exact_run,hrrr_exact_12z,HRRR exact previous-day 12Z (fixed-cycle benchmark),fixed-cycle benchmark,2026-04-02T12:00:00+00:00,2026-04-02T15:00:00+00:00,61.1,66.0,4.899999999999999,-4.899999999999999,4,spring,12.0,65° to 66°,nws_cli_knyc,open-meteo:single-runs:ncep_hrrr_conus
KXHIGHNY-26APR03,2026-04-03,ncep_hrrr_conus,hrrr_exact_run,hrrr_exact_18z,HRRR exact previous-day 18Z (fixed-cycle benchmark),fixed-cycle benchmark,2026-04-02T18:00:00+00:00,2026-04-02T21:00:00+00:00,61.8,66.0,4.200000000000003,-4.200000000000003,4,spring,6.0,65° to 66°,nws_cli_knyc,open-meteo:single-runs:ncep_hrrr_conus
KXHIGHNY-26APR03,2026-04-03,ncep_hrrr_conus,hrrr_exact_run,hrrr_exact_00z,HRRR exact event-day 00Z (fixed-cycle benchmark),fixed-cycle benchmark,2026-04-03T00:00:00+00:00,2026-04-03T03:00:00+00:00,64.4,66.0,1.5999999999999943,-1.5999999999999943,4,spring,0.0,65° to 66°,nws_cli_knyc,open-meteo:single-runs:ncep_hrrr_conus
KXHIGHNY-26APR03,2026-04-03,ncep_hrrr_conus,hrrr_exact_run,hrrr_exact_06z,HRRR exact event-day 06Z (fixed-cycle benchmark),fixed-cycle benchmark,2026-04-03T06:00:00+00:00,2026-04-03T09:00:00+00:00,65.7,66.0,0.29999999999999716,-0.29999999999999716,4,spring,-6.0,65° to 66°,nws_cli_knyc,open-meteo:single-runs:ncep_hrrr_conus
KXHIGHNY-26APR04,2026-04-04,ncep_hrrr_conus,hrrr_previous_day1,hrrr_previous_day1,HRRR previous_day1 (~24h fixed lead),fixed_lead_previous_runs,2026-04-03T00:00:00+00:00,2026-04-03T03:00:00+00:00,72.1,73.0,0.9000000000000057,-0.9000000000000057,4,spring,24.0,72° to 73°,nws_cli_knyc,open-meteo:previous-runs:ncep_hrrr_conus:previous_day1
KXHIGHNY-26APR04,2026-04-04,ncep_hrrr_conus,hrrr_exact_run,hrrr_exact_12z,HRRR exact previous-day 12Z (fixed-cycle benchmark),fixed-cycle benchmark,2026-04-03T12:00:00+00:00,2026-04-03T15:00:00+00:00,73.2,73.0,-0.20000000000000284,0.20000000000000284,4,spring,12.0,72° to 73°,nws_cli_knyc,open-meteo:single-runs:ncep_hrrr_conus
KXHIGHNY-26APR04,2026-04-04,ncep_hrrr_conus,hrrr_exact_run,hrrr_exact_18z,HRRR exact previous-day 18Z (fixed-cycle benchmark),fixed-cycle benchmark,2026-04-03T18:00:00+00:00,2026-04-03T21:00:00+00:00,71.4,73.0,1.5999999999999943,-1.5999999999999943,4,spring,6.0,72° to 73°,nws_cli_knyc,open-meteo:single-runs:ncep_hrrr_conus
KXHIGHNY-26APR04,2026-04-04,ncep_hrrr_conus,hrrr_exact_run,hrrr_exact_00z,HRRR exact event-day 00Z (fixed-cycle benchmark),fixed-cycle benchmark,2026-04-04T00:00:00+00:00,2026-04-04T03:00:00+00:00,72.6,73.0,0.4000000000000057,-0.4000000000000057,4,spring,0.0,72° to 73°,nws_cli_knyc,open-meteo:single-runs:ncep_hrrr_conus
KXHIGHNY-26APR04,2026-04-04,ncep_hrrr_conus,hrrr_exact_run,hrrr_exact_06z,HRRR exact event-day 06Z (fixed-cycle benchmark),fixed-cycle benchmark,2026-04-04T06:00:00+00:00,2026-04-04T09:00:00+00:00,72.6,73.0,0.4000000000000057,-0.4000000000000057,4,spring,-6.0,72° to 73°,nws_cli_knyc,open-meteo:single-runs:ncep_hrrr_conus
KXHIGHNY-26APR05,2026-04-05,ncep_hrrr_conus,hrrr_previous_day1,hrrr_previous_day1,HRRR previous_day1 (~24h fixed lead),fixed_lead_previous_runs,2026-04-04T00:00:00+00:00,2026-04-04T03:00:00+00:00,66.8,57.0,-9.799999999999997,9.799999999999997,4,spring,24.0,59° or below,nws_cli_knyc,open-meteo:previous-runs:ncep_hrrr_conus:previous_day1
KXHIGHNY-26APR05,2026-04-05,ncep_hrrr_conus,hrrr_exact_run,hrrr_exact_12z,HRRR exact previous-day 12Z (fixed-cycle benchmark),fixed-cycle benchmark,2026-04-04T12:00:00+00:00,2026-04-04T15:00:00+00:00,66.8,57.0,-9.799999999999997,9.799999999999997,4,spring,12.0,59° or below,nws_cli_knyc,open-meteo:single-runs:ncep_hrrr_conus
KXHIGHNY-26APR05,2026-04-05,ncep_hrrr_conus,hrrr_exact_run,hrrr_exact_18z,HRRR exact previous-day 18Z (fixed-cycle benchmark),fixed-cycle benchmark,2026-04-04T18:00:00+00:00,2026-04-04T21:00:00+00:00,66.7,57.0,-9.700000000000003,9.700000000000003,4,spring,6.0,59° or below,nws_cli_knyc,open-meteo:single-runs:ncep_hrrr_conus
KXHIGHNY-26APR05,2026-04-05,ncep_hrrr_conus,hrrr_exact_run,hrrr_exact_00z,HRRR exact event-day 00Z (fixed-cycle benchmark),fixed-cycle benchmark,2026-04-05T00:00:00+00:00,2026-04-05T03:00:00+00:00,61.6,57.0,-4.600000000000001,4.600000000000001,4,spring,0.0,59° or below,nws_cli_knyc,open-meteo:single-runs:ncep_hrrr_conus
KXHIGHNY-26APR05,2026-04-05,ncep_hrrr_conus,hrrr_exact_run,hrrr_exact_06z,HRRR exact event-day 06Z (fixed-cycle benchmark),fixed-cycle benchmark,2026-04-05T06:00:00+00:00,2026-04-05T09:00:00+00:00,61.6,57.0,-4.600000000000001,4.600000000000001,4,spring,-6.0,59° or below,nws_cli_knyc,open-meteo:single-runs:ncep_hrrr_conus
KXHIGHNY-26APR06,2026-04-06,ncep_hrrr_conus,hrrr_previous_day1,hrrr_previous_day1,HRRR previous_day1 (~24h fixed lead),fixed_lead_previous_runs,2026-04-05T00:00:00+00:00,2026-04-05T03:00:00+00:00,51.5,56.0,4.5,-4.5,4,spring,24.0,56° to 57°,nws_cli_knyc,open-meteo:previous-runs:ncep_hrrr_conus:previous_day1
KXHIGHNY-26APR06,2026-04-06,ncep_hrrr_conus,hrrr_exact_run,hrrr_exact_12z,HRRR exact previous-day 12Z (fixed-cycle benchmark),fixed-cycle benchmark,2026-04-05T12:00:00+00:00,2026-04-05T15:00:00+00:00,52.1,56.0,3.8999999999999986,-3.8999999999999986,4,spring,12.0,56° to 57°,nws_cli_knyc,open-meteo:single-runs:ncep_hrrr_conus
KXHIGHNY-26APR06,2026-04-06,ncep_hrrr_conus,hrrr_exact_run,hrrr_exact_18z,HRRR exact previous-day 18Z (fixed-cycle benchmark),fixed-cycle benchmark,2026-04-05T18:00:00+00:00,2026-04-05T21:00:00+00:00,51.5,56.0,4.5,-4.5,4,spring,6.0,56° to 57°,nws_cli_knyc,open-meteo:single-runs:ncep_hrrr_conus
KXHIGHNY-26APR06,2026-04-06,ncep_hrrr_conus,hrrr_exact_run,hrrr_exact_00z,HRRR exact event-day 00Z (fixed-cycle benchmark),fixed-cycle benchmark,2026-04-06T00:00:00+00:00,2026-04-06T03:00:00+00:00,51.0,56.0,5.0,-5.0,4,spring,0.0,56° to 57°,nws_cli_knyc,open-meteo:single-runs:ncep_hrrr_conus
KXHIGHNY-26APR06,2026-04-06,ncep_hrrr_conus,hrrr_exact_run,hrrr_exact_06z,HRRR exact event-day 06Z (fixed-cycle benchmark),fixed-cycle benchmark,2026-04-06T06:00:00+00:00,2026-04-06T09:00:00+00:00,53.0,56.0,3.0,-3.0,4,spring,-6.0,56° to 57°,nws_cli_knyc,open-meteo:single-runs:ncep_hrrr_conus
KXHIGHNY-26APR07,2026-04-07,ncep_hrrr_conus,hrrr_previous_day1,hrrr_previous_day1,HRRR previous_day1 (~24h fixed lead),fixed_lead_previous_runs,2026-04-06T00:00:00+00:00,2026-04-06T03:00:00+00:00,48.1,56.0,7.899999999999999,-7.899999999999999,4,spring,24.0,56° or above,nws_cli_knyc,open-meteo:previous-runs:ncep_hrrr_conus:previous_day1
KXHIGHNY-26APR07,2026-04-07,ncep_hrrr_conus,hrrr_exact_run,hrrr_exact_12z,HRRR exact previous-day 12Z (fixed-cycle benchmark),fixed-cycle benchmark,2026-04-06T12:00:00+00:00,2026-04-06T15:00:00+00:00,46.9,56.0,9.100000000000001,-9.100000000000001,4,spring,12.0,56° or above,nws_cli_knyc,open-meteo:single-runs:ncep_hrrr_conus
KXHIGHNY-26APR07,2026-04-07,ncep_hrrr_conus,hrrr_exact_run,hrrr_exact_18z,HRRR exact previous-day 18Z (fixed-cycle benchmark),fixed-cycle benchmark,2026-04-06T18:00:00+00:00,2026-04-06T21:00:00+00:00,50.0,56.0,6.0,-6.0,4,spring,6.0,56° or above,nws_cli_knyc,open-meteo:single-runs:ncep_hrrr_conus
KXHIGHNY-26APR07,2026-04-07,ncep_hrrr_conus,hrrr_exact_run,hrrr_exact_00z,HRRR exact event-day 00Z (fixed-cycle benchmark),fixed-cycle benchmark,2026-04-07T00:00:00+00:00,2026-04-07T03:00:00+00:00,50.1,56.0,5.899999999999999,-5.899999999999999,4,spring,0.0,56° or above,nws_cli_knyc,open-meteo:single-runs:ncep_hrrr_conus
KXHIGHNY-26APR07,2026-04-07,ncep_hrrr_conus,hrrr_exact_run,hrrr_exact_06z,HRRR exact event-day 06Z (fixed-cycle benchmark),fixed-cycle benchmark,2026-04-07T06:00:00+00:00,2026-04-07T09:00:00+00:00,50.2,56.0,5.799999999999997,-5.799999999999997,4,spring,-6.0,56° or above,nws_cli_knyc,open-meteo:single-runs:ncep_hrrr_conus
KXHIGHNY-26APR08,2026-04-08,ncep_hrrr_conus,hrrr_previous_day1,hrrr_previous_day1,HRRR previous_day1 (~24h fixed lead),fixed_lead_previous_runs,2026-04-07T00:00:00+00:00,2026-04-07T03:00:00+00:00,49.7,51.0,1.2999999999999972,-1.2999999999999972,4,spring,24.0,50° to 51°,nws_cli_knyc,open-meteo:previous-runs:ncep_hrrr_conus:previous_day1
KXHIGHNY-26APR08,2026-04-08,ncep_hrrr_conus,hrrr_exact_run,hrrr_exact_12z,HRRR exact previous-day 12Z (fixed-cycle benchmark),fixed-cycle benchmark,2026-04-07T12:00:00+00:00,2026-04-07T15:00:00+00:00,49.0,51.0,2.0,-2.0,4,spring,12.0,50° to 51°,nws_cli_knyc,open-meteo:single-runs:ncep_hrrr_conus
KXHIGHNY-26APR08,2026-04-08,ncep_hrrr_conus,hrrr_exact_run,hrrr_exact_18z,HRRR exact previous-day 18Z (fixed-cycle benchmark),fixed-cycle benchmark,2026-04-07T18:00:00+00:00,2026-04-07T21:00:00+00:00,49.7,51.0,1.2999999999999972,-1.2999999999999972,4,spring,6.0,50° to 51°,nws_cli_knyc,open-meteo:single-runs:ncep_hrrr_conus
KXHIGHNY-26APR08,2026-04-08,ncep_hrrr_conus,hrrr_exact_run,hrrr_exact_00z,HRRR exact event-day 00Z (fixed-cycle benchmark),fixed-cycle benchmark,2026-04-08T00:00:00+00:00,2026-04-08T03:00:00+00:00,49.0,51.0,2.0,-2.0,4,spring,0.0,50° to 51°,nws_cli_knyc,open-meteo:single-runs:ncep_hrrr_conus
KXHIGHNY-26APR08,2026-04-08,ncep_hrrr_conus,hrrr_exact_run,hrrr_exact_06z,HRRR exact event-day 06Z (fixed-cycle benchmark),fixed-cycle benchmark,2026-04-08T06:00:00+00:00,2026-04-08T09:00:00+00:00,50.4,51.0,0.6000000000000014,-0.6000000000000014,4,spring,-6.0,50° to 51°,nws_cli_knyc,open-meteo:single-runs:ncep_hrrr_conus
KXHIGHNY-26APR09,2026-04-09,ncep_hrrr_conus,hrrr_previous_day1,hrrr_previous_day1,HRRR previous_day1 (~24h fixed lead),fixed_lead_previous_runs,2026-04-08T00:00:00+00:00,2026-04-08T03:00:00+00:00,46.3,51.0,4.700000000000003,-4.700000000000003,4,spring,24.0,52° or below,nws_cli_knyc,open-meteo:previous-runs:ncep_hrrr_conus:previous_day1
KXHIGHNY-26APR09,2026-04-09,ncep_hrrr_conus,hrrr_exact_run,hrrr_exact_12z,HRRR exact previous-day 12Z (fixed-cycle benchmark),fixed-cycle benchmark,2026-04-08T12:00:00+00:00,2026-04-08T15:00:00+00:00,47.3,51.0,3.700000000000003,-3.700000000000003,4,spring,12.0,52° or below,nws_cli_knyc,open-meteo:single-runs:ncep_hrrr_conus
KXHIGHNY-26APR09,2026-04-09,ncep_hrrr_conus,hrrr_exact_run,hrrr_exact_18z,HRRR exact previous-day 18Z (fixed-cycle benchmark),fixed-cycle benchmark,2026-04-08T18:00:00+00:00,2026-04-08T21:00:00+00:00,46.3,51.0,4.700000000000003,-4.700000000000003,4,spring,6.0,52° or below,nws_cli_knyc,open-meteo:single-runs:ncep_hrrr_conus
KXHIGHNY-26APR09,2026-04-09,ncep_hrrr_conus,hrrr_exact_run,hrrr_exact_00z,HRRR exact event-day 00Z (fixed-cycle benchmark),fixed-cycle benchmark,2026-04-09T00:00:00+00:00,2026-04-09T03:00:00+00:00,46.1,51.0,4.899999999999999,-4.899999999999999,4,spring,0.0,52° or below,nws_cli_knyc,open-meteo:single-runs:ncep_hrrr_conus
KXHIGHNY-26APR09,2026-04-09,ncep_hrrr_conus,hrrr_exact_run,hrrr_exact_06z,HRRR exact event-day 06Z (fixed-cycle benchmark),fixed-cycle benchmark,2026-04-09T06:00:00+00:00,2026-04-09T09:00:00+00:00,48.2,51.0,2.799999999999997,-2.799999999999997,4,spring,-6.0,52° or below,nws_cli_knyc,open-meteo:single-runs:ncep_hrrr_conus
KXHIGHNY-26APR10,2026-04-10,ncep_hrrr_conus,hrrr_previous_day1,hrrr_previous_day1,HRRR previous_day1 (~24h fixed lead),fixed_lead_previous_runs,2026-04-09T00:00:00+00:00,2026-04-09T03:00:00+00:00,63.3,63.0,-0.29999999999999716,0.29999999999999716,4,spring,24.0,63° to 64°,nws_cli_knyc,open-meteo:previous-runs:ncep_hrrr_conus:previous_day1
KXHIGHNY-26APR10,2026-04-10,ncep_hrrr_conus,hrrr_exact_run,hrrr_exact_12z,HRRR exact previous-day 12Z (fixed-cycle benchmark),fixed-cycle benchmark,2026-04-09T12:00:00+00:00,2026-04-09T15:00:00+00:00,61.8,63.0,1.2000000000000028,-1.2000000000000028,4,spring,12.0,63° to 64°,nws_cli_knyc,open-meteo:single-runs:ncep_hrrr_conus
KXHIGHNY-26APR10,2026-04-10,ncep_hrrr_conus,hrrr_exact_run,hrrr_exact_18z,HRRR exact previous-day 18Z (fixed-cycle benchmark),fixed-cycle benchmark,2026-04-09T18:00:00+00:00,2026-04-09T21:00:00+00:00,63.3,63.0,-0.29999999999999716,0.29999999999999716,4,spring,6.0,63° to 64°,nws_cli_knyc,open-meteo:single-runs:ncep_hrrr_conus
KXHIGHNY-26APR10,2026-04-10,ncep_hrrr_conus,hrrr_exact_run,hrrr_exact_00z,HRRR exact event-day 00Z (fixed-cycle benchmark),fixed-cycle benchmark,2026-04-10T00:00:00+00:00,2026-04-10T03:00:00+00:00,63.5,63.0,-0.5,0.5,4,spring,0.0,63° to 64°,nws_cli_knyc,open-meteo:single-runs:ncep_hrrr_conus
KXHIGHNY-26APR10,2026-04-10,ncep_hrrr_conus,hrrr_exact_run,hrrr_exact_06z,HRRR exact event-day 06Z (fixed-cycle benchmark),fixed-cycle benchmark,2026-04-10T06:00:00+00:00,2026-04-10T09:00:00+00:00,62.7,63.0,0.29999999999999716,-0.29999999999999716,4,spring,-6.0,63° to 64°,nws_cli_knyc,open-meteo:single-runs:ncep_hrrr_conus
KXHIGHNY-26APR11,2026-04-11,ncep_hrrr_conus,hrrr_previous_day1,hrrr_previous_day1,HRRR previous_day1 (~24h fixed lead),fixed_lead_previous_runs,2026-04-10T00:00:00+00:00,2026-04-10T03:00:00+00:00,60.2,63.0,2.799999999999997,-2.799999999999997,4,spring,24.0,63° to 64°,nws_cli_knyc,open-meteo:previous-runs:ncep_hrrr_conus:previous_day1
KXHIGHNY-26APR11,2026-04-11,ncep_hrrr_conus,hrrr_exact_run,hrrr_exact_12z,HRRR exact previous-day 12Z (fixed-cycle benchmark),fixed-cycle benchmark,2026-04-10T12:00:00+00:00,2026-04-10T15:00:00+00:00,60.6,63.0,2.3999999999999986,-2.3999999999999986,4,spring,12.0,63° to 64°,nws_cli_knyc,open-meteo:single-runs:ncep_hrrr_conus
KXHIGHNY-26APR11,2026-04-11,ncep_hrrr_conus,hrrr_exact_run,hrrr_exact_18z,HRRR exact previous-day 18Z (fixed-cycle benchmark),fixed-cycle benchmark,2026-04-10T18:00:00+00:00,2026-04-10T21:00:00+00:00,60.2,63.0,2.799999999999997,-2.799999999999997,4,spring,6.0,63° to 64°,nws_cli_knyc,open-meteo:single-runs:ncep_hrrr_conus
KXHIGHNY-26APR11,2026-04-11,ncep_hrrr_conus,hrrr_exact_run,hrrr_exact_00z,HRRR exact event-day 00Z (fixed-cycle benchmark),fixed-cycle benchmark,2026-04-11T00:00:00+00:00,2026-04-11T03:00:00+00:00,61.8,63.0,1.2000000000000028,-1.2000000000000028,4,spring,0.0,63° to 64°,nws_cli_knyc,open-meteo:single-runs:ncep_hrrr_conus
KXHIGHNY-26APR11,2026-04-11,ncep_hrrr_conus,hrrr_exact_run,hrrr_exact_06z,HRRR exact event-day 06Z (fixed-cycle benchmark),fixed-cycle benchmark,2026-04-11T06:00:00+00:00,2026-04-11T09:00:00+00:00,61.7,63.0,1.2999999999999972,-1.2999999999999972,4,spring,-6.0,63° to 64°,nws_cli_knyc,open-meteo:single-runs:ncep_hrrr_conus
KXHIGHNY-26APR12,2026-04-12,ncep_hrrr_conus,hrrr_previous_day1,hrrr_previous_day1,HRRR previous_day1 (~24h fixed lead),fixed_lead_previous_runs,2026-04-11T00:00:00+00:00,2026-04-11T03:00:00+00:00,54.8,55.0,0.20000000000000284,-0.20000000000000284,4,spring,24.0,55° or below,nws_cli_knyc,open-meteo:previous-runs:ncep_hrrr_conus:previous_day1
KXHIGHNY-26APR12,2026-04-12,ncep_hrrr_conus,hrrr_exact_run,hrrr_exact_12z,HRRR exact previous-day 12Z (fixed-cycle benchmark),fixed-cycle benchmark,2026-04-11T12:00:00+00:00,2026-04-11T15:00:00+00:00,54.4,55.0,0.6000000000000014,-0.6000000000000014,4,spring,12.0,55° or below,nws_cli_knyc,open-meteo:single-runs:ncep_hrrr_conus
KXHIGHNY-26APR12,2026-04-12,ncep_hrrr_conus,hrrr_exact_run,hrrr_exact_18z,HRRR exact previous-day 18Z (fixed-cycle benchmark),fixed-cycle benchmark,2026-04-11T18:00:00+00:00,2026-04-11T21:00:00+00:00,54.8,55.0,0.20000000000000284,-0.20000000000000284,4,spring,6.0,55° or below,nws_cli_knyc,open-meteo:single-runs:ncep_hrrr_conus
KXHIGHNY-26APR12,2026-04-12,ncep_hrrr_conus,hrrr_exact_run,hrrr_exact_00z,HRRR exact event-day 00Z (fixed-cycle benchmark),fixed-cycle benchmark,2026-04-12T00:00:00+00:00,2026-04-12T03:00:00+00:00,55.5,55.0,-0.5,0.5,4,spring,0.0,55° or below,nws_cli_knyc,open-meteo:single-runs:ncep_hrrr_conus
KXHIGHNY-26APR12,2026-04-12,ncep_hrrr_conus,hrrr_exact_run,hrrr_exact_06z,HRRR exact event-day 06Z (fixed-cycle benchmark),fixed-cycle benchmark,2026-04-12T06:00:00+00:00,2026-04-12T09:00:00+00:00,55.2,55.0,-0.20000000000000284,0.20000000000000284,4,spring,-6.0,55° or below,nws_cli_knyc,open-meteo:single-runs:ncep_hrrr_conus
KXHIGHNY-26APR13,2026-04-13,ncep_hrrr_conus,hrrr_previous_day1,hrrr_previous_day1,HRRR previous_day1 (~24h fixed lead),fixed_lead_previous_runs,2026-04-12T00:00:00+00:00,2026-04-12T03:00:00+00:00,80.8,79.0,-1.7999999999999972,1.7999999999999972,4,spring,24.0,78° to 79°,nws_cli_knyc,open-meteo:previous-runs:ncep_hrrr_conus:previous_day1
KXHIGHNY-26APR13,2026-04-13,ncep_hrrr_conus,hrrr_exact_run,hrrr_exact_12z,HRRR exact previous-day 12Z (fixed-cycle benchmark),fixed-cycle benchmark,2026-04-12T12:00:00+00:00,2026-04-12T15:00:00+00:00,81.9,79.0,-2.9000000000000057,2.9000000000000057,4,spring,12.0,78° to 79°,nws_cli_knyc,open-meteo:single-runs:ncep_hrrr_conus
KXHIGHNY-26APR13,2026-04-13,ncep_hrrr_conus,hrrr_exact_run,hrrr_exact_18z,HRRR exact previous-day 18Z (fixed-cycle benchmark),fixed-cycle benchmark,2026-04-12T18:00:00+00:00,2026-04-12T21:00:00+00:00,80.8,79.0,-1.7999999999999972,1.7999999999999972,4,spring,6.0,78° to 79°,nws_cli_knyc,open-meteo:single-runs:ncep_hrrr_conus
KXHIGHNY-26APR13,2026-04-13,ncep_hrrr_conus,hrrr_exact_run,hrrr_exact_00z,HRRR exact event-day 00Z (fixed-cycle benchmark),fixed-cycle benchmark,2026-04-13T00:00:00+00:00,2026-04-13T03:00:00+00:00,82.3,79.0,-3.299999999999997,3.299999999999997,4,spring,0.0,78° to 79°,nws_cli_knyc,open-meteo:single-runs:ncep_hrrr_conus
KXHIGHNY-26APR13,2026-04-13,ncep_hrrr_conus,hrrr_exact_run,hrrr_exact_06z,HRRR exact event-day 06Z (fixed-cycle benchmark),fixed-cycle benchmark,2026-04-13T06:00:00+00:00,2026-04-13T09:00:00+00:00,83.6,79.0,-4.599999999999994,4.599999999999994,4,spring,-6.0,78° to 79°,nws_cli_knyc,open-meteo:single-runs:ncep_hrrr_conus
KXHIGHNY-26APR14,2026-04-14,ncep_hrrr_conus,hrrr_previous_day1,hrrr_previous_day1,HRRR previous_day1 (~24h fixed lead),fixed_lead_previous_runs,2026-04-13T00:00:00+00:00,2026-04-13T03:00:00+00:00,85.6,87.0,1.4000000000000057,-1.4000000000000057,4,spring,24.0,87° or above,nws_cli_knyc,open-meteo:previous-runs:ncep_hrrr_conus:previous_day1
KXHIGHNY-26APR14,2026-04-14,ncep_hrrr_conus,hrrr_exact_run,hrrr_exact_12z,HRRR exact previous-day 12Z (fixed-cycle benchmark),fixed-cycle benchmark,2026-04-13T12:00:00+00:00,2026-04-13T15:00:00+00:00,84.5,87.0,2.5,-2.5,4,spring,12.0,87° or above,nws_cli_knyc,open-meteo:single-runs:ncep_hrrr_conus
KXHIGHNY-26APR14,2026-04-14,ncep_hrrr_conus,hrrr_exact_run,hrrr_exact_18z,HRRR exact previous-day 18Z (fixed-cycle benchmark),fixed-cycle benchmark,2026-04-13T18:00:00+00:00,2026-04-13T21:00:00+00:00,85.6,87.0,1.4000000000000057,-1.4000000000000057,4,spring,6.0,87° or above,nws_cli_knyc,open-meteo:single-runs:ncep_hrrr_conus
KXHIGHNY-26APR14,2026-04-14,ncep_hrrr_conus,hrrr_exact_run,hrrr_exact_00z,HRRR exact event-day 00Z (fixed-cycle benchmark),fixed-cycle benchmark,2026-04-14T00:00:00+00:00,2026-04-14T03:00:00+00:00,84.8,87.0,2.200000000000003,-2.200000000000003,4,spring,0.0,87° or above,nws_cli_knyc,open-meteo:single-runs:ncep_hrrr_conus
KXHIGHNY-26APR14,2026-04-14,ncep_hrrr_conus,hrrr_exact_run,hrrr_exact_06z,HRRR exact event-day 06Z (fixed-cycle benchmark),fixed-cycle benchmark,2026-04-14T06:00:00+00:00,2026-04-14T09:00:00+00:00,85.6,87.0,1.4000000000000057,-1.4000000000000057,4,spring,-6.0,87° or above,nws_cli_knyc,open-meteo:single-runs:ncep_hrrr_conus
KXHIGHNY-26APR15,2026-04-15,ncep_hrrr_conus,hrrr_previous_day1,hrrr_previous_day1,HRRR previous_day1 (~24h fixed lead),fixed_lead_previous_runs,2026-04-14T00:00:00+00:00,2026-04-14T03:00:00+00:00,88.4,90.0,1.5999999999999943,-1.5999999999999943,4,spring,24.0,89° to 90°,nws_cli_knyc,open-meteo:previous-runs:ncep_hrrr_conus:previous_day1
KXHIGHNY-26APR15,2026-04-15,ncep_hrrr_conus,hrrr_exact_run,hrrr_exact_12z,HRRR exact previous-day 12Z (fixed-cycle benchmark),fixed-cycle benchmark,2026-04-14T12:00:00+00:00,2026-04-14T15:00:00+00:00,87.9,90.0,2.0999999999999943,-2.0999999999999943,4,spring,12.0,89° to 90°,nws_cli_knyc,open-meteo:single-runs:ncep_hrrr_conus
KXHIGHNY-26APR15,2026-04-15,ncep_hrrr_conus,hrrr_exact_run,hrrr_exact_18z,HRRR exact previous-day 18Z (fixed-cycle benchmark),fixed-cycle benchmark,2026-04-14T18:00:00+00:00,2026-04-14T21:00:00+00:00,88.4,90.0,1.5999999999999943,-1.5999999999999943,4,spring,6.0,89° to 90°,nws_cli_knyc,open-meteo:single-runs:ncep_hrrr_conus
KXHIGHNY-26APR15,2026-04-15,ncep_hrrr_conus,hrrr_exact_run,hrrr_exact_00z,HRRR exact event-day 00Z (fixed-cycle benchmark),fixed-cycle benchmark,2026-04-15T00:00:00+00:00,2026-04-15T03:00:00+00:00,89.0,90.0,1.0,-1.0,4,spring,0.0,89° to 90°,nws_cli_knyc,open-meteo:single-runs:ncep_hrrr_conus
KXHIGHNY-26APR15,2026-04-15,ncep_hrrr_conus,hrrr_exact_run,hrrr_exact_06z,HRRR exact event-day 06Z (fixed-cycle benchmark),fixed-cycle benchmark,2026-04-15T06:00:00+00:00,2026-04-15T09:00:00+00:00,89.0,90.0,1.0,-1.0,4,spring,-6.0,89° to 90°,nws_cli_knyc,open-meteo:single-runs:ncep_hrrr_conus
KXHIGHNY-26APR16,2026-04-16,ncep_hrrr_conus,hrrr_previous_day1,hrrr_previous_day1,HRRR previous_day1 (~24h fixed lead),fixed_lead_previous_runs,2026-04-15T00:00:00+00:00,2026-04-15T03:00:00+00:00,88.8,89.0,0.20000000000000284,-0.20000000000000284,4,spring,24.0,88° to 89°,nws_cli_knyc,open-meteo:previous-runs:ncep_hrrr_conus:previous_day1
KXHIGHNY-26APR16,2026-04-16,ncep_hrrr_conus,hrrr_exact_run,hrrr_exact_12z,HRRR exact previous-day 12Z (fixed-cycle benchmark),fixed-cycle benchmark,2026-04-15T12:00:00+00:00,2026-04-15T15:00:00+00:00,87.6,89.0,1.4000000000000057,-1.4000000000000057,4,spring,12.0,88° to 89°,nws_cli_knyc,open-meteo:single-runs:ncep_hrrr_conus
KXHIGHNY-26APR16,2026-04-16,ncep_hrrr_conus,hrrr_exact_run,hrrr_exact_18z,HRRR exact previous-day 18Z (fixed-cycle benchmark),fixed-cycle benchmark,2026-04-15T18:00:00+00:00,2026-04-15T21:00:00+00:00,88.8,89.0,0.20000000000000284,-0.20000000000000284,4,spring,6.0,88° to 89°,nws_cli_knyc,open-meteo:single-runs:ncep_hrrr_conus
KXHIGHNY-26APR16,2026-04-16,ncep_hrrr_conus,hrrr_exact_run,hrrr_exact_00z,HRRR exact event-day 00Z (fixed-cycle benchmark),fixed-cycle benchmark,2026-04-16T00:00:00+00:00,2026-04-16T03:00:00+00:00,89.1,89.0,-0.09999999999999432,0.09999999999999432,4,spring,0.0,88° to 89°,nws_cli_knyc,open-meteo:single-runs:ncep_hrrr_conus
KXHIGHNY-26APR16,2026-04-16,ncep_hrrr_conus,hrrr_exact_run,hrrr_exact_06z,HRRR exact event-day 06Z (fixed-cycle benchmark),fixed-cycle benchmark,2026-04-16T06:00:00+00:00,2026-04-16T09:00:00+00:00,88.3,89.0,0.7000000000000028,-0.7000000000000028,4,spring,-6.0,88° to 89°,nws_cli_knyc,open-meteo:single-runs:ncep_hrrr_conus
KXHIGHNY-26APR17,2026-04-17,ncep_hrrr_conus,hrrr_previous_day1,hrrr_previous_day1,HRRR previous_day1 (~24h fixed lead),fixed_lead_previous_runs,2026-04-16T00:00:00+00:00,2026-04-16T03:00:00+00:00,76.7,81.0,4.299999999999997,-4.299999999999997,4,spring,24.0,81° to 82°,nws_cli_knyc,open-meteo:previous-runs:ncep_hrrr_conus:previous_day1
KXHIGHNY-26APR17,2026-04-17,ncep_hrrr_conus,hrrr_exact_run,hrrr_exact_12z,HRRR exact previous-day 12Z (fixed-cycle benchmark),fixed-cycle benchmark,2026-04-16T12:00:00+00:00,2026-04-16T15:00:00+00:00,76.9,81.0,4.099999999999994,-4.099999999999994,4,spring,12.0,81° to 82°,nws_cli_knyc,open-meteo:single-runs:ncep_hrrr_conus
KXHIGHNY-26APR17,2026-04-17,ncep_hrrr_conus,hrrr_exact_run,hrrr_exact_18z,HRRR exact previous-day 18Z (fixed-cycle benchmark),fixed-cycle benchmark,2026-04-16T18:00:00+00:00,2026-04-16T21:00:00+00:00,76.7,81.0,4.299999999999997,-4.299999999999997,4,spring,6.0,81° to 82°,nws_cli_knyc,open-meteo:single-runs:ncep_hrrr_conus
KXHIGHNY-26APR17,2026-04-17,ncep_hrrr_conus,hrrr_exact_run,hrrr_exact_00z,HRRR exact event-day 00Z (fixed-cycle benchmark),fixed-cycle benchmark,2026-04-17T00:00:00+00:00,2026-04-17T03:00:00+00:00,75.0,81.0,6.0,-6.0,4,spring,0.0,81° to 82°,nws_cli_knyc,open-meteo:single-runs:ncep_hrrr_conus
KXHIGHNY-26APR17,2026-04-17,ncep_hrrr_conus,hrrr_exact_run,hrrr_exact_06z,HRRR exact event-day 06Z (fixed-cycle benchmark),fixed-cycle benchmark,2026-04-17T06:00:00+00:00,2026-04-17T09:00:00+00:00,77.5,81.0,3.5,-3.5,4,spring,-6.0,81° to 82°,nws_cli_knyc,open-meteo:single-runs:ncep_hrrr_conus
KXHIGHNY-26APR18,2026-04-18,ncep_hrrr_conus,hrrr_previous_day1,hrrr_previous_day1,HRRR previous_day1 (~24h fixed lead),fixed_lead_previous_runs,2026-04-17T00:00:00+00:00,2026-04-17T03:00:00+00:00,62.4,66.0,3.6000000000000014,-3.6000000000000014,4,spring,24.0,65° to 66°,nws_cli_knyc,open-meteo:previous-runs:ncep_hrrr_conus:previous_day1
KXHIGHNY-26APR18,2026-04-18,ncep_hrrr_conus,hrrr_exact_run,hrrr_exact_12z,HRRR exact previous-day 12Z (fixed-cycle benchmark),fixed-cycle benchmark,2026-04-17T12:00:00+00:00,2026-04-17T15:00:00+00:00,62.5,66.0,3.5,-3.5,4,spring,12.0,65° to 66°,nws_cli_knyc,open-meteo:single-runs:ncep_hrrr_conus
KXHIGHNY-26APR18,2026-04-18,ncep_hrrr_conus,hrrr_exact_run,hrrr_exact_18z,HRRR exact previous-day 18Z (fixed-cycle benchmark),fixed-cycle benchmark,2026-04-17T18:00:00+00:00,2026-04-17T21:00:00+00:00,61.6,66.0,4.399999999999999,-4.399999999999999,4,spring,6.0,65° to 66°,nws_cli_knyc,open-meteo:single-runs:ncep_hrrr_conus
KXHIGHNY-26APR18,2026-04-18,ncep_hrrr_conus,hrrr_exact_run,hrrr_exact_00z,HRRR exact event-day 00Z (fixed-cycle benchmark),fixed-cycle benchmark,2026-04-18T00:00:00+00:00,2026-04-18T03:00:00+00:00,66.7,66.0,-0.7000000000000028,0.7000000000000028,4,spring,0.0,65° to 66°,nws_cli_knyc,open-meteo:single-runs:ncep_hrrr_conus
KXHIGHNY-26APR18,2026-04-18,ncep_hrrr_conus,hrrr_exact_run,hrrr_exact_06z,HRRR exact event-day 06Z (fixed-cycle benchmark),fixed-cycle benchmark,2026-04-18T06:00:00+00:00,2026-04-18T09:00:00+00:00,65.6,66.0,0.4000000000000057,-0.4000000000000057,4,spring,-6.0,65° to 66°,nws_cli_knyc,open-meteo:single-runs:ncep_hrrr_conus
KXHIGHNY-26APR19,2026-04-19,ncep_hrrr_conus,hrrr_previous_day1,hrrr_previous_day1,HRRR previous_day1 (~24h fixed lead),fixed_lead_previous_runs,2026-04-18T00:00:00+00:00,2026-04-18T03:00:00+00:00,51.0,53.0,2.0,-2.0,4,spring,24.0,53° or below,nws_cli_knyc,open-meteo:previous-runs:ncep_hrrr_conus:previous_day1
KXHIGHNY-26APR19,2026-04-19,ncep_hrrr_conus,hrrr_exact_run,hrrr_exact_12z,HRRR exact previous-day 12Z (fixed-cycle benchmark),fixed-cycle benchmark,2026-04-18T12:00:00+00:00,2026-04-18T15:00:00+00:00,51.0,53.0,2.0,-2.0,4,spring,12.0,53° or below,nws_cli_knyc,open-meteo:single-runs:ncep_hrrr_conus
KXHIGHNY-26APR19,2026-04-19,ncep_hrrr_conus,hrrr_exact_run,hrrr_exact_18z,HRRR exact previous-day 18Z (fixed-cycle benchmark),fixed-cycle benchmark,2026-04-18T18:00:00+00:00,2026-04-18T21:00:00+00:00,50.9,53.0,2.1000000000000014,-2.1000000000000014,4,spring,6.0,53° or below,nws_cli_knyc,open-meteo:single-runs:ncep_hrrr_conus
KXHIGHNY-26APR19,2026-04-19,ncep_hrrr_conus,hrrr_exact_run,hrrr_exact_00z,HRRR exact event-day 00Z (fixed-cycle benchmark),fixed-cycle benchmark,2026-04-19T00:00:00+00:00,2026-04-19T03:00:00+00:00,50.3,53.0,2.700000000000003,-2.700000000000003,4,spring,0.0,53° or below,nws_cli_knyc,open-meteo:single-runs:ncep_hrrr_conus
KXHIGHNY-26APR19,2026-04-19,ncep_hrrr_conus,hrrr_exact_run,hrrr_exact_06z,HRRR exact event-day 06Z (fixed-cycle benchmark),fixed-cycle benchmark,2026-04-19T06:00:00+00:00,2026-04-19T09:00:00+00:00,50.3,53.0,2.700000000000003,-2.700000000000003,4,spring,-6.0,53° or below,nws_cli_knyc,open-meteo:single-runs:ncep_hrrr_conus
KXHIGHNY-26APR20,2026-04-20,ncep_hrrr_conus,hrrr_previous_day1,hrrr_previous_day1,HRRR previous_day1 (~24h fixed lead),fixed_lead_previous_runs,2026-04-19T00:00:00+00:00,2026-04-19T03:00:00+00:00,47.2,51.0,3.799999999999997,-3.799999999999997,4,spring,24.0,51° to 52°,nws_cli_knyc,open-meteo:previous-runs:ncep_hrrr_conus:previous_day1
KXHIGHNY-26APR20,2026-04-20,ncep_hrrr_conus,hrrr_exact_run,hrrr_exact_12z,HRRR exact previous-day 12Z (fixed-cycle benchmark),fixed-cycle benchmark,2026-04-19T12:00:00+00:00,2026-04-19T15:00:00+00:00,44.6,51.0,6.399999999999999,-6.399999999999999,4,spring,12.0,51° to 52°,nws_cli_knyc,open-meteo:single-runs:ncep_hrrr_conus
KXHIGHNY-26APR20,2026-04-20,ncep_hrrr_conus,hrrr_exact_run,hrrr_exact_18z,HRRR exact previous-day 18Z (fixed-cycle benchmark),fixed-cycle benchmark,2026-04-19T18:00:00+00:00,2026-04-19T21:00:00+00:00,47.2,51.0,3.799999999999997,-3.799999999999997,4,spring,6.0,51° to 52°,nws_cli_knyc,open-meteo:single-runs:ncep_hrrr_conus
KXHIGHNY-26APR20,2026-04-20,ncep_hrrr_conus,hrrr_exact_run,hrrr_exact_00z,HRRR exact event-day 00Z (fixed-cycle benchmark),fixed-cycle benchmark,2026-04-20T00:00:00+00:00,2026-04-20T03:00:00+00:00,49.6,51.0,1.3999999999999986,-1.3999999999999986,4,spring,0.0,51° to 52°,nws_cli_knyc,open-meteo:single-runs:ncep_hrrr_conus
KXHIGHNY-26APR20,2026-04-20,ncep_hrrr_conus,hrrr_exact_run,hrrr_exact_06z,HRRR exact event-day 06Z (fixed-cycle benchmark),fixed-cycle benchmark,2026-04-20T06:00:00+00:00,2026-04-20T09:00:00+00:00,47.0,51.0,4.0,-4.0,4,spring,-6.0,51° to 52°,nws_cli_knyc,open-meteo:single-runs:ncep_hrrr_conus
KXHIGHNY-26APR21,2026-04-21,ncep_hrrr_conus,hrrr_previous_day1,hrrr_previous_day1,HRRR previous_day1 (~24h fixed lead),fixed_lead_previous_runs,2026-04-20T00:00:00+00:00,2026-04-20T03:00:00+00:00,52.7,54.0,1.2999999999999972,-1.2999999999999972,4,spring,24.0,53° to 54°,nws_cli_knyc,open-meteo:previous-runs:ncep_hrrr_conus:previous_day1
KXHIGHNY-26APR21,2026-04-21,ncep_hrrr_conus,hrrr_exact_run,hrrr_exact_12z,HRRR exact previous-day 12Z (fixed-cycle benchmark),fixed-cycle benchmark,2026-04-20T12:00:00+00:00,2026-04-20T15:00:00+00:00,52.1,54.0,1.8999999999999986,-1.8999999999999986,4,spring,12.0,53° to 54°,nws_cli_knyc,open-meteo:single-runs:ncep_hrrr_conus
KXHIGHNY-26APR21,2026-04-21,ncep_hrrr_conus,hrrr_exact_run,hrrr_exact_18z,HRRR exact previous-day 18Z (fixed-cycle benchmark),fixed-cycle benchmark,2026-04-20T18:00:00+00:00,2026-04-20T21:00:00+00:00,52.7,54.0,1.2999999999999972,-1.2999999999999972,4,spring,6.0,53° to 54°,nws_cli_knyc,open-meteo:single-runs:ncep_hrrr_conus
KXHIGHNY-26APR21,2026-04-21,ncep_hrrr_conus,hrrr_exact_run,hrrr_exact_00z,HRRR exact event-day 00Z (fixed-cycle benchmark),fixed-cycle benchmark,2026-04-21T00:00:00+00:00,2026-04-21T03:00:00+00:00,53.7,54.0,0.29999999999999716,-0.29999999999999716,4,spring,0.0,53° to 54°,nws_cli_knyc,open-meteo:single-runs:ncep_hrrr_conus
KXHIGHNY-26APR21,2026-04-21,ncep_hrrr_conus,hrrr_exact_run,hrrr_exact_06z,HRRR exact event-day 06Z (fixed-cycle benchmark),fixed-cycle benchmark,2026-04-21T06:00:00+00:00,2026-04-21T09:00:00+00:00,53.4,54.0,0.6000000000000014,-0.6000000000000014,4,spring,-6.0,53° to 54°,nws_cli_knyc,open-meteo:single-runs:ncep_hrrr_conus
KXHIGHNY-26APR22,2026-04-22,ncep_hrrr_conus,hrrr_previous_day1,hrrr_previous_day1,HRRR previous_day1 (~24h fixed lead),fixed_lead_previous_runs,2026-04-21T00:00:00+00:00,2026-04-21T03:00:00+00:00,52.8,56.0,3.200000000000003,-3.200000000000003,4,spring,24.0,56° or below,nws_cli_knyc,open-meteo:previous-runs:ncep_hrrr_conus:previous_day1
KXHIGHNY-26APR22,2026-04-22,ncep_hrrr_conus,hrrr_exact_run,hrrr_exact_12z,HRRR exact previous-day 12Z (fixed-cycle benchmark),fixed-cycle benchmark,2026-04-21T12:00:00+00:00,2026-04-21T15:00:00+00:00,57.2,56.0,-1.2000000000000028,1.2000000000000028,4,spring,12.0,56° or below,nws_cli_knyc,open-meteo:single-runs:ncep_hrrr_conus
KXHIGHNY-26APR22,2026-04-22,ncep_hrrr_conus,hrrr_exact_run,hrrr_exact_18z,HRRR exact previous-day 18Z (fixed-cycle benchmark),fixed-cycle benchmark,2026-04-21T18:00:00+00:00,2026-04-21T21:00:00+00:00,52.4,56.0,3.6000000000000014,-3.6000000000000014,4,spring,6.0,56° or below,nws_cli_knyc,open-meteo:single-runs:ncep_hrrr_conus
KXHIGHNY-26APR22,2026-04-22,ncep_hrrr_conus,hrrr_exact_run,hrrr_exact_00z,HRRR exact event-day 00Z (fixed-cycle benchmark),fixed-cycle benchmark,2026-04-22T00:00:00+00:00,2026-04-22T03:00:00+00:00,49.5,56.0,6.5,-6.5,4,spring,0.0,56° or below,nws_cli_knyc,open-meteo:single-runs:ncep_hrrr_conus
KXHIGHNY-26APR22,2026-04-22,ncep_hrrr_conus,hrrr_exact_run,hrrr_exact_06z,HRRR exact event-day 06Z (fixed-cycle benchmark),fixed-cycle benchmark,2026-04-22T06:00:00+00:00,2026-04-22T09:00:00+00:00,54.8,56.0,1.2000000000000028,-1.2000000000000028,4,spring,-6.0,56° or below,nws_cli_knyc,open-meteo:single-runs:ncep_hrrr_conus
KXHIGHNY-26APR23,2026-04-23,ncep_hrrr_conus,hrrr_previous_day1,hrrr_previous_day1,HRRR previous_day1 (~24h fixed lead),fixed_lead_previous_runs,2026-04-22T00:00:00+00:00,2026-04-22T03:00:00+00:00,74.7,73.0,-1.7000000000000028,1.7000000000000028,4,spring,24.0,72° to 73°,nws_cli_knyc,open-meteo:previous-runs:ncep_hrrr_conus:previous_day1
KXHIGHNY-26APR23,2026-04-23,ncep_hrrr_conus,hrrr_exact_run,hrrr_exact_12z,HRRR exact previous-day 12Z (fixed-cycle benchmark),fixed-cycle benchmark,2026-04-22T12:00:00+00:00,2026-04-22T15:00:00+00:00,74.6,73.0,-1.5999999999999943,1.5999999999999943,4,spring,12.0,72° to 73°,nws_cli_knyc,open-meteo:single-runs:ncep_hrrr_conus
KXHIGHNY-26APR23,2026-04-23,ncep_hrrr_conus,hrrr_exact_run,hrrr_exact_18z,HRRR exact previous-day 18Z (fixed-cycle benchmark),fixed-cycle benchmark,2026-04-22T18:00:00+00:00,2026-04-22T21:00:00+00:00,74.7,73.0,-1.7000000000000028,1.7000000000000028,4,spring,6.0,72° to 73°,nws_cli_knyc,open-meteo:single-runs:ncep_hrrr_conus
KXHIGHNY-26APR23,2026-04-23,ncep_hrrr_conus,hrrr_exact_run,hrrr_exact_00z,HRRR exact event-day 00Z (fixed-cycle benchmark),fixed-cycle benchmark,2026-04-23T00:00:00+00:00,2026-04-23T03:00:00+00:00,75.3,73.0,-2.299999999999997,2.299999999999997,4,spring,0.0,72° to 73°,nws_cli_knyc,open-meteo:single-runs:ncep_hrrr_conus
KXHIGHNY-26APR23,2026-04-23,ncep_hrrr_conus,hrrr_exact_run,hrrr_exact_06z,HRRR exact event-day 06Z (fixed-cycle benchmark),fixed-cycle benchmark,2026-04-23T06:00:00+00:00,2026-04-23T09:00:00+00:00,73.9,73.0,-0.9000000000000057,0.9000000000000057,4,spring,-6.0,72° to 73°,nws_cli_knyc,open-meteo:single-runs:ncep_hrrr_conus
KXHIGHNY-26APR24,2026-04-24,ncep_hrrr_conus,hrrr_previous_day1,hrrr_previous_day1,HRRR previous_day1 (~24h fixed lead),fixed_lead_previous_runs,2026-04-23T00:00:00+00:00,2026-04-23T03:00:00+00:00,66.7,68.0,1.2999999999999972,-1.2999999999999972,4,spring,24.0,68° or above,nws_cli_knyc,open-meteo:previous-runs:ncep_hrrr_conus:previous_day1
KXHIGHNY-26APR24,2026-04-24,ncep_hrrr_conus,hrrr_exact_run,hrrr_exact_12z,HRRR exact previous-day 12Z (fixed-cycle benchmark),fixed-cycle benchmark,2026-04-23T12:00:00+00:00,2026-04-23T15:00:00+00:00,66.4,68.0,1.5999999999999943,-1.5999999999999943,4,spring,12.0,68° or above,nws_cli_knyc,open-meteo:single-runs:ncep_hrrr_conus
KXHIGHNY-26APR24,2026-04-24,ncep_hrrr_conus,hrrr_exact_run,hrrr_exact_18z,HRRR exact previous-day 18Z (fixed-cycle benchmark),fixed-cycle benchmark,2026-04-23T18:00:00+00:00,2026-04-23T21:00:00+00:00,66.7,68.0,1.2999999999999972,-1.2999999999999972,4,spring,6.0,68° or above,nws_cli_knyc,open-meteo:single-runs:ncep_hrrr_conus
KXHIGHNY-26APR24,2026-04-24,ncep_hrrr_conus,hrrr_exact_run,hrrr_exact_00z,HRRR exact event-day 00Z (fixed-cycle benchmark),fixed-cycle benchmark,2026-04-24T00:00:00+00:00,2026-04-24T03:00:00+00:00,65.9,68.0,2.0999999999999943,-2.0999999999999943,4,spring,0.0,68° or above,nws_cli_knyc,open-meteo:single-runs:ncep_hrrr_conus
KXHIGHNY-26APR24,2026-04-24,ncep_hrrr_conus,hrrr_exact_run,hrrr_exact_06z,HRRR exact event-day 06Z (fixed-cycle benchmark),fixed-cycle benchmark,2026-04-24T06:00:00+00:00,2026-04-24T09:00:00+00:00,68.3,68.0,-0.29999999999999716,0.29999999999999716,4,spring,-6.0,68° or above,nws_cli_knyc,open-meteo:single-runs:ncep_hrrr_conus
KXHIGHNY-26APR25,2026-04-25,ncep_hrrr_conus,hrrr_previous_day1,hrrr_previous_day1,HRRR previous_day1 (~24h fixed lead),fixed_lead_previous_runs,2026-04-24T00:00:00+00:00,2026-04-24T03:00:00+00:00,47.6,50.0,2.3999999999999986,-2.3999999999999986,4,spring,24.0,50° or below,nws_cli_knyc,open-meteo:previous-runs:ncep_hrrr_conus:previous_day1
KXHIGHNY-26APR25,2026-04-25,ncep_hrrr_conus,hrrr_exact_run,hrrr_exact_12z,HRRR exact previous-day 12Z (fixed-cycle benchmark),fixed-cycle benchmark,2026-04-24T12:00:00+00:00,2026-04-24T15:00:00+00:00,48.6,50.0,1.3999999999999986,-1.3999999999999986,4,spring,12.0,50° or below,nws_cli_knyc,open-meteo:single-runs:ncep_hrrr_conus
KXHIGHNY-26APR25,2026-04-25,ncep_hrrr_conus,hrrr_exact_run,hrrr_exact_18z,HRRR exact previous-day 18Z (fixed-cycle benchmark),fixed-cycle benchmark,2026-04-24T18:00:00+00:00,2026-04-24T21:00:00+00:00,48.1,50.0,1.8999999999999986,-1.8999999999999986,4,spring,6.0,50° or below,nws_cli_knyc,open-meteo:single-runs:ncep_hrrr_conus
KXHIGHNY-26APR25,2026-04-25,ncep_hrrr_conus,hrrr_exact_run,hrrr_exact_00z,HRRR exact event-day 00Z (fixed-cycle benchmark),fixed-cycle benchmark,2026-04-25T00:00:00+00:00,2026-04-25T03:00:00+00:00,47.6,50.0,2.3999999999999986,-2.3999999999999986,4,spring,0.0,50° or below,nws_cli_knyc,open-meteo:single-runs:ncep_hrrr_conus
KXHIGHNY-26APR25,2026-04-25,ncep_hrrr_conus,hrrr_exact_run,hrrr_exact_06z,HRRR exact event-day 06Z (fixed-cycle benchmark),fixed-cycle benchmark,2026-04-25T06:00:00+00:00,2026-04-25T09:00:00+00:00,48.5,50.0,1.5,-1.5,4,spring,-6.0,50° or below,nws_cli_knyc,open-meteo:single-runs:ncep_hrrr_conus
KXHIGHNY-26APR26,2026-04-26,ncep_hrrr_conus,hrrr_previous_day1,hrrr_previous_day1,HRRR previous_day1 (~24h fixed lead),fixed_lead_previous_runs,2026-04-25T00:00:00+00:00,2026-04-25T03:00:00+00:00,52.1,57.0,4.899999999999999,-4.899999999999999,4,spring,24.0,57° to 58°,nws_cli_knyc,open-meteo:previous-runs:ncep_hrrr_conus:previous_day1
KXHIGHNY-26APR26,2026-04-26,ncep_hrrr_conus,hrrr_exact_run,hrrr_exact_12z,HRRR exact previous-day 12Z (fixed-cycle benchmark),fixed-cycle benchmark,2026-04-25T12:00:00+00:00,2026-04-25T15:00:00+00:00,49.4,57.0,7.600000000000001,-7.600000000000001,4,spring,12.0,57° to 58°,nws_cli_knyc,open-meteo:single-runs:ncep_hrrr_conus
KXHIGHNY-26APR26,2026-04-26,ncep_hrrr_conus,hrrr_exact_run,hrrr_exact_18z,HRRR exact previous-day 18Z (fixed-cycle benchmark),fixed-cycle benchmark,2026-04-25T18:00:00+00:00,2026-04-25T21:00:00+00:00,52.1,57.0,4.899999999999999,-4.899999999999999,4,spring,6.0,57° to 58°,nws_cli_knyc,open-meteo:single-runs:ncep_hrrr_conus
KXHIGHNY-26APR26,2026-04-26,ncep_hrrr_conus,hrrr_exact_run,hrrr_exact_00z,HRRR exact event-day 00Z (fixed-cycle benchmark),fixed-cycle benchmark,2026-04-26T00:00:00+00:00,2026-04-26T03:00:00+00:00,49.7,57.0,7.299999999999997,-7.299999999999997,4,spring,0.0,57° to 58°,nws_cli_knyc,open-meteo:single-runs:ncep_hrrr_conus
KXHIGHNY-26APR26,2026-04-26,ncep_hrrr_conus,hrrr_exact_run,hrrr_exact_06z,HRRR exact event-day 06Z (fixed-cycle benchmark),fixed-cycle benchmark,2026-04-26T06:00:00+00:00,2026-04-26T09:00:00+00:00,50.0,57.0,7.0,-7.0,4,spring,-6.0,57° to 58°,nws_cli_knyc,open-meteo:single-runs:ncep_hrrr_conus
KXHIGHNY-26APR27,2026-04-27,ncep_hrrr_conus,hrrr_previous_day1,hrrr_previous_day1,HRRR previous_day1 (~24h fixed lead),fixed_lead_previous_runs,2026-04-26T00:00:00+00:00,2026-04-26T03:00:00+00:00,64.5,68.0,3.5,-3.5,4,spring,24.0,68° to 69°,nws_cli_knyc,open-meteo:previous-runs:ncep_hrrr_conus:previous_day1
KXHIGHNY-26APR27,2026-04-27,ncep_hrrr_conus,hrrr_exact_run,hrrr_exact_12z,HRRR exact previous-day 12Z (fixed-cycle benchmark),fixed-cycle benchmark,2026-04-26T12:00:00+00:00,2026-04-26T15:00:00+00:00,61.3,68.0,6.700000000000003,-6.700000000000003,4,spring,12.0,68° to 69°,nws_cli_knyc,open-meteo:single-runs:ncep_hrrr_conus
KXHIGHNY-26APR27,2026-04-27,ncep_hrrr_conus,hrrr_exact_run,hrrr_exact_18z,HRRR exact previous-day 18Z (fixed-cycle benchmark),fixed-cycle benchmark,2026-04-26T18:00:00+00:00,2026-04-26T21:00:00+00:00,64.5,68.0,3.5,-3.5,4,spring,6.0,68° to 69°,nws_cli_knyc,open-meteo:single-runs:ncep_hrrr_conus
KXHIGHNY-26APR27,2026-04-27,ncep_hrrr_conus,hrrr_exact_run,hrrr_exact_00z,HRRR exact event-day 00Z (fixed-cycle benchmark),fixed-cycle benchmark,2026-04-27T00:00:00+00:00,2026-04-27T03:00:00+00:00,65.1,68.0,2.9000000000000057,-2.9000000000000057,4,spring,0.0,68° to 69°,nws_cli_knyc,open-meteo:single-runs:ncep_hrrr_conus
KXHIGHNY-26APR27,2026-04-27,ncep_hrrr_conus,hrrr_exact_run,hrrr_exact_06z,HRRR exact event-day 06Z (fixed-cycle benchmark),fixed-cycle benchmark,2026-04-27T06:00:00+00:00,2026-04-27T09:00:00+00:00,65.0,68.0,3.0,-3.0,4,spring,-6.0,68° to 69°,nws_cli_knyc,open-meteo:single-runs:ncep_hrrr_conus
KXHIGHNY-26APR28,2026-04-28,ncep_hrrr_conus,hrrr_previous_day1,hrrr_previous_day1,HRRR previous_day1 (~24h fixed lead),fixed_lead_previous_runs,2026-04-27T00:00:00+00:00,2026-04-27T03:00:00+00:00,63.1,65.0,1.8999999999999986,-1.8999999999999986,4,spring,24.0,65° to 66°,nws_cli_knyc,open-meteo:previous-runs:ncep_hrrr_conus:previous_day1
KXHIGHNY-26APR28,2026-04-28,ncep_hrrr_conus,hrrr_exact_run,hrrr_exact_12z,HRRR exact previous-day 12Z (fixed-cycle benchmark),fixed-cycle benchmark,2026-04-27T12:00:00+00:00,2026-04-27T15:00:00+00:00,62.5,65.0,2.5,-2.5,4,spring,12.0,65° to 66°,nws_cli_knyc,open-meteo:single-runs:ncep_hrrr_conus
KXHIGHNY-26APR28,2026-04-28,ncep_hrrr_conus,hrrr_exact_run,hrrr_exact_18z,HRRR exact previous-day 18Z (fixed-cycle benchmark),fixed-cycle benchmark,2026-04-27T18:00:00+00:00,2026-04-27T21:00:00+00:00,63.5,65.0,1.5,-1.5,4,spring,6.0,65° to 66°,nws_cli_knyc,open-meteo:single-runs:ncep_hrrr_conus
KXHIGHNY-26APR28,2026-04-28,ncep_hrrr_conus,hrrr_exact_run,hrrr_exact_00z,HRRR exact event-day 00Z (fixed-cycle benchmark),fixed-cycle benchmark,2026-04-28T00:00:00+00:00,2026-04-28T03:00:00+00:00,62.4,65.0,2.6000000000000014,-2.6000000000000014,4,spring,0.0,65° to 66°,nws_cli_knyc,open-meteo:single-runs:ncep_hrrr_conus
KXHIGHNY-26APR28,2026-04-28,ncep_hrrr_conus,hrrr_exact_run,hrrr_exact_06z,HRRR exact event-day 06Z (fixed-cycle benchmark),fixed-cycle benchmark,2026-04-28T06:00:00+00:00,2026-04-28T09:00:00+00:00,63.3,65.0,1.7000000000000028,-1.7000000000000028,4,spring,-6.0,65° to 66°,nws_cli_knyc,open-meteo:single-runs:ncep_hrrr_conus
KXHIGHNY-26APR29,2026-04-29,ncep_hrrr_conus,hrrr_previous_day1,hrrr_previous_day1,HRRR previous_day1 (~24h fixed lead),fixed_lead_previous_runs,2026-04-28T00:00:00+00:00,2026-04-28T03:00:00+00:00,61.0,62.0,1.0,-1.0,4,spring,24.0,62° to 63°,nws_cli_knyc,open-meteo:previous-runs:ncep_hrrr_conus:previous_day1
KXHIGHNY-26APR29,2026-04-29,ncep_hrrr_conus,hrrr_exact_run,hrrr_exact_12z,HRRR exact previous-day 12Z (fixed-cycle benchmark),fixed-cycle benchmark,2026-04-28T12:00:00+00:00,2026-04-28T15:00:00+00:00,54.0,62.0,8.0,-8.0,4,spring,12.0,62° to 63°,nws_cli_knyc,open-meteo:single-runs:ncep_hrrr_conus
KXHIGHNY-26APR29,2026-04-29,ncep_hrrr_conus,hrrr_exact_run,hrrr_exact_18z,HRRR exact previous-day 18Z (fixed-cycle benchmark),fixed-cycle benchmark,2026-04-28T18:00:00+00:00,2026-04-28T21:00:00+00:00,62.1,62.0,-0.10000000000000142,0.10000000000000142,4,spring,6.0,62° to 63°,nws_cli_knyc,open-meteo:single-runs:ncep_hrrr_conus
KXHIGHNY-26APR29,2026-04-29,ncep_hrrr_conus,hrrr_exact_run,hrrr_exact_00z,HRRR exact event-day 00Z (fixed-cycle benchmark),fixed-cycle benchmark,2026-04-29T00:00:00+00:00,2026-04-29T03:00:00+00:00,60.6,62.0,1.3999999999999986,-1.3999999999999986,4,spring,0.0,62° to 63°,nws_cli_knyc,open-meteo:single-runs:ncep_hrrr_conus
KXHIGHNY-26APR29,2026-04-29,ncep_hrrr_conus,hrrr_exact_run,hrrr_exact_06z,HRRR exact event-day 06Z (fixed-cycle benchmark),fixed-cycle benchmark,2026-04-29T06:00:00+00:00,2026-04-29T09:00:00+00:00,57.6,62.0,4.399999999999999,-4.399999999999999,4,spring,-6.0,62° to 63°,nws_cli_knyc,open-meteo:single-runs:ncep_hrrr_conus
KXHIGHNY-26APR30,2026-04-30,ncep_hrrr_conus,hrrr_previous_day1,hrrr_previous_day1,HRRR previous_day1 (~24h fixed lead),fixed_lead_previous_runs,2026-04-29T00:00:00+00:00,2026-04-29T03:00:00+00:00,56.4,60.0,3.6000000000000014,-3.6000000000000014,4,spring,24.0,60° or below,nws_cli_knyc,open-meteo:previous-runs:ncep_hrrr_conus:previous_day1
KXHIGHNY-26APR30,2026-04-30,ncep_hrrr_conus,hrrr_exact_run,hrrr_exact_12z,HRRR exact previous-day 12Z (fixed-cycle benchmark),fixed-cycle benchmark,2026-04-29T12:00:00+00:00,2026-04-29T15:00:00+00:00,56.6,60.0,3.3999999999999986,-3.3999999999999986,4,spring,12.0,60° or below,nws_cli_knyc,open-meteo:single-runs:ncep_hrrr_conus
KXHIGHNY-26APR30,2026-04-30,ncep_hrrr_conus,hrrr_exact_run,hrrr_exact_18z,HRRR exact previous-day 18Z (fixed-cycle benchmark),fixed-cycle benchmark,2026-04-29T18:00:00+00:00,2026-04-29T21:00:00+00:00,56.4,60.0,3.6000000000000014,-3.6000000000000014,4,spring,6.0,60° or below,nws_cli_knyc,open-meteo:single-runs:ncep_hrrr_conus
KXHIGHNY-26APR30,2026-04-30,ncep_hrrr_conus,hrrr_exact_run,hrrr_exact_00z,HRRR exact event-day 00Z (fixed-cycle benchmark),fixed-cycle benchmark,2026-04-30T00:00:00+00:00,2026-04-30T03:00:00+00:00,56.8,60.0,3.200000000000003,-3.200000000000003,4,spring,0.0,60° or below,nws_cli_knyc,open-meteo:single-runs:ncep_hrrr_conus
KXHIGHNY-26APR30,2026-04-30,ncep_hrrr_conus,hrrr_exact_run,hrrr_exact_06z,HRRR exact event-day 06Z (fixed-cycle benchmark),fixed-cycle benchmark,2026-04-30T06:00:00+00:00,2026-04-30T09:00:00+00:00,59.2,60.0,0.7999999999999972,-0.7999999999999972,4,spring,-6.0,60° or below,nws_cli_knyc,open-meteo:single-runs:ncep_hrrr_conus
KXHIGHNY-26MAY01,2026-05-01,ncep_hrrr_conus,hrrr_previous_day1,hrrr_previous_day1,HRRR previous_day1 (~24h fixed lead),fixed_lead_previous_runs,2026-04-30T00:00:00+00:00,2026-04-30T03:00:00+00:00,62.9,64.0,1.1000000000000014,-1.1000000000000014,5,spring,24.0,64° to 65°,nws_cli_knyc,open-meteo:previous-runs:ncep_hrrr_conus:previous_day1
KXHIGHNY-26MAY01,2026-05-01,ncep_hrrr_conus,hrrr_exact_run,hrrr_exact_12z,HRRR exact previous-day 12Z (fixed-cycle benchmark),fixed-cycle benchmark,2026-04-30T12:00:00+00:00,2026-04-30T15:00:00+00:00,62.4,64.0,1.6000000000000014,-1.6000000000000014,5,spring,12.0,64° to 65°,nws_cli_knyc,open-meteo:single-runs:ncep_hrrr_conus
KXHIGHNY-26MAY01,2026-05-01,ncep_hrrr_conus,hrrr_exact_run,hrrr_exact_18z,HRRR exact previous-day 18Z (fixed-cycle benchmark),fixed-cycle benchmark,2026-04-30T18:00:00+00:00,2026-04-30T21:00:00+00:00,62.9,64.0,1.1000000000000014,-1.1000000000000014,5,spring,6.0,64° to 65°,nws_cli_knyc,open-meteo:single-runs:ncep_hrrr_conus
KXHIGHNY-26MAY01,2026-05-01,ncep_hrrr_conus,hrrr_exact_run,hrrr_exact_00z,HRRR exact event-day 00Z (fixed-cycle benchmark),fixed-cycle benchmark,2026-05-01T00:00:00+00:00,2026-05-01T03:00:00+00:00,64.1,64.0,-0.09999999999999432,0.09999999999999432,5,spring,0.0,64° to 65°,nws_cli_knyc,open-meteo:single-runs:ncep_hrrr_conus
KXHIGHNY-26MAY01,2026-05-01,ncep_hrrr_conus,hrrr_exact_run,hrrr_exact_06z,HRRR exact event-day 06Z (fixed-cycle benchmark),fixed-cycle benchmark,2026-05-01T06:00:00+00:00,2026-05-01T09:00:00+00:00,63.9,64.0,0.10000000000000142,-0.10000000000000142,5,spring,-6.0,64° to 65°,nws_cli_knyc,open-meteo:single-runs:ncep_hrrr_conus
KXHIGHNY-26MAY02,2026-05-02,ncep_hrrr_conus,hrrr_previous_day1,hrrr_previous_day1,HRRR previous_day1 (~24h fixed lead),fixed_lead_previous_runs,2026-05-01T00:00:00+00:00,2026-05-01T03:00:00+00:00,59.9,61.0,1.1000000000000014,-1.1000000000000014,5,spring,24.0,60° to 61°,nws_cli_knyc,open-meteo:previous-runs:ncep_hrrr_conus:previous_day1
KXHIGHNY-26MAY02,2026-05-02,ncep_hrrr_conus,hrrr_exact_run,hrrr_exact_12z,HRRR exact previous-day 12Z (fixed-cycle benchmark),fixed-cycle benchmark,2026-05-01T12:00:00+00:00,2026-05-01T15:00:00+00:00,61.4,61.0,-0.3999999999999986,0.3999999999999986,5,spring,12.0,60° to 61°,nws_cli_knyc,open-meteo:single-runs:ncep_hrrr_conus
KXHIGHNY-26MAY02,2026-05-02,ncep_hrrr_conus,hrrr_exact_run,hrrr_exact_18z,HRRR exact previous-day 18Z (fixed-cycle benchmark),fixed-cycle benchmark,2026-05-01T18:00:00+00:00,2026-05-01T21:00:00+00:00,59.7,61.0,1.2999999999999972,-1.2999999999999972,5,spring,6.0,60° to 61°,nws_cli_knyc,open-meteo:single-runs:ncep_hrrr_conus
KXHIGHNY-26MAY02,2026-05-02,ncep_hrrr_conus,hrrr_exact_run,hrrr_exact_00z,HRRR exact event-day 00Z (fixed-cycle benchmark),fixed-cycle benchmark,2026-05-02T00:00:00+00:00,2026-05-02T03:00:00+00:00,59.9,61.0,1.1000000000000014,-1.1000000000000014,5,spring,0.0,60° to 61°,nws_cli_knyc,open-meteo:single-runs:ncep_hrrr_conus
KXHIGHNY-26MAY02,2026-05-02,ncep_hrrr_conus,hrrr_exact_run,hrrr_exact_06z,HRRR exact event-day 06Z (fixed-cycle benchmark),fixed-cycle benchmark,2026-05-02T06:00:00+00:00,2026-05-02T09:00:00+00:00,62.9,61.0,-1.8999999999999986,1.8999999999999986,5,spring,-6.0,60° to 61°,nws_cli_knyc,open-meteo:single-runs:ncep_hrrr_conus
KXHIGHNY-26MAY03,2026-05-03,ncep_hrrr_conus,hrrr_previous_day1,hrrr_previous_day1,HRRR previous_day1 (~24h fixed lead),fixed_lead_previous_runs,2026-05-02T00:00:00+00:00,2026-05-02T03:00:00+00:00,57.4,59.0,1.6000000000000014,-1.6000000000000014,5,spring,24.0,59° to 60°,nws_cli_knyc,open-meteo:previous-runs:ncep_hrrr_conus:previous_day1
KXHIGHNY-26MAY03,2026-05-03,ncep_hrrr_conus,hrrr_exact_run,hrrr_exact_12z,HRRR exact previous-day 12Z (fixed-cycle benchmark),fixed-cycle benchmark,2026-05-02T12:00:00+00:00,2026-05-02T15:00:00+00:00,54.8,59.0,4.200000000000003,-4.200000000000003,5,spring,12.0,59° to 60°,nws_cli_knyc,open-meteo:single-runs:ncep_hrrr_conus
KXHIGHNY-26MAY03,2026-05-03,ncep_hrrr_conus,hrrr_exact_run,hrrr_exact_18z,HRRR exact previous-day 18Z (fixed-cycle benchmark),fixed-cycle benchmark,2026-05-02T18:00:00+00:00,2026-05-02T21:00:00+00:00,57.4,59.0,1.6000000000000014,-1.6000000000000014,5,spring,6.0,59° to 60°,nws_cli_knyc,open-meteo:single-runs:ncep_hrrr_conus
KXHIGHNY-26MAY03,2026-05-03,ncep_hrrr_conus,hrrr_exact_run,hrrr_exact_00z,HRRR exact event-day 00Z (fixed-cycle benchmark),fixed-cycle benchmark,2026-05-03T00:00:00+00:00,2026-05-03T03:00:00+00:00,57.6,59.0,1.3999999999999986,-1.3999999999999986,5,spring,0.0,59° to 60°,nws_cli_knyc,open-meteo:single-runs:ncep_hrrr_conus
KXHIGHNY-26MAY03,2026-05-03,ncep_hrrr_conus,hrrr_exact_run,hrrr_exact_06z,HRRR exact event-day 06Z (fixed-cycle benchmark),fixed-cycle benchmark,2026-05-03T06:00:00+00:00,2026-05-03T09:00:00+00:00,58.1,59.0,0.8999999999999986,-0.8999999999999986,5,spring,-6.0,59° to 60°,nws_cli_knyc,open-meteo:single-runs:ncep_hrrr_conus
KXHIGHNY-26MAY04,2026-05-04,ncep_hrrr_conus,hrrr_previous_day1,hrrr_previous_day1,HRRR previous_day1 (~24h fixed lead),fixed_lead_previous_runs,2026-05-03T00:00:00+00:00,2026-05-03T03:00:00+00:00,71.8,72.0,0.20000000000000284,-0.20000000000000284,5,spring,24.0,72° to 73°,nws_cli_knyc,open-meteo:previous-runs:ncep_hrrr_conus:previous_day1
KXHIGHNY-26MAY04,2026-05-04,ncep_hrrr_conus,hrrr_exact_run,hrrr_exact_12z,HRRR exact previous-day 12Z (fixed-cycle benchmark),fixed-cycle benchmark,2026-05-03T12:00:00+00:00,2026-05-03T15:00:00+00:00,72.6,72.0,-0.5999999999999943,0.5999999999999943,5,spring,12.0,72° to 73°,nws_cli_knyc,open-meteo:single-runs:ncep_hrrr_conus
KXHIGHNY-26MAY04,2026-05-04,ncep_hrrr_conus,hrrr_exact_run,hrrr_exact_18z,HRRR exact previous-day 18Z (fixed-cycle benchmark),fixed-cycle benchmark,2026-05-03T18:00:00+00:00,2026-05-03T21:00:00+00:00,71.8,72.0,0.20000000000000284,-0.20000000000000284,5,spring,6.0,72° to 73°,nws_cli_knyc,open-meteo:single-runs:ncep_hrrr_conus
KXHIGHNY-26MAY04,2026-05-04,ncep_hrrr_conus,hrrr_exact_run,hrrr_exact_00z,HRRR exact event-day 00Z (fixed-cycle benchmark),fixed-cycle benchmark,2026-05-04T00:00:00+00:00,2026-05-04T03:00:00+00:00,72.3,72.0,-0.29999999999999716,0.29999999999999716,5,spring,0.0,72° to 73°,nws_cli_knyc,open-meteo:single-runs:ncep_hrrr_conus
KXHIGHNY-26MAY04,2026-05-04,ncep_hrrr_conus,hrrr_exact_run,hrrr_exact_06z,HRRR exact event-day 06Z (fixed-cycle benchmark),fixed-cycle benchmark,2026-05-04T06:00:00+00:00,2026-05-04T09:00:00+00:00,72.4,72.0,-0.4000000000000057,0.4000000000000057,5,spring,-6.0,72° to 73°,nws_cli_knyc,open-meteo:single-runs:ncep_hrrr_conus
KXHIGHNY-26MAY05,2026-05-05,ncep_hrrr_conus,hrrr_previous_day1,hrrr_previous_day1,HRRR previous_day1 (~24h fixed lead),fixed_lead_previous_runs,2026-05-04T00:00:00+00:00,2026-05-04T03:00:00+00:00,83.5,81.0,-2.5,2.5,5,spring,24.0,81° to 82°,nws_cli_knyc,open-meteo:previous-runs:ncep_hrrr_conus:previous_day1
KXHIGHNY-26MAY05,2026-05-05,ncep_hrrr_conus,hrrr_exact_run,hrrr_exact_12z,HRRR exact previous-day 12Z (fixed-cycle benchmark),fixed-cycle benchmark,2026-05-04T12:00:00+00:00,2026-05-04T15:00:00+00:00,83.7,81.0,-2.700000000000003,2.700000000000003,5,spring,12.0,81° to 82°,nws_cli_knyc,open-meteo:single-runs:ncep_hrrr_conus
KXHIGHNY-26MAY05,2026-05-05,ncep_hrrr_conus,hrrr_exact_run,hrrr_exact_18z,HRRR exact previous-day 18Z (fixed-cycle benchmark),fixed-cycle benchmark,2026-05-04T18:00:00+00:00,2026-05-04T21:00:00+00:00,83.5,81.0,-2.5,2.5,5,spring,6.0,81° to 82°,nws_cli_knyc,open-meteo:single-runs:ncep_hrrr_conus
KXHIGHNY-26MAY05,2026-05-05,ncep_hrrr_conus,hrrr_exact_run,hrrr_exact_00z,HRRR exact event-day 00Z (fixed-cycle benchmark),fixed-cycle benchmark,2026-05-05T00:00:00+00:00,2026-05-05T03:00:00+00:00,82.7,81.0,-1.7000000000000028,1.7000000000000028,5,spring,0.0,81° to 82°,nws_cli_knyc,open-meteo:single-runs:ncep_hrrr_conus
KXHIGHNY-26MAY05,2026-05-05,ncep_hrrr_conus,hrrr_exact_run,hrrr_exact_06z,HRRR exact event-day 06Z (fixed-cycle benchmark),fixed-cycle benchmark,2026-05-05T06:00:00+00:00,2026-05-05T09:00:00+00:00,83.9,81.0,-2.9000000000000057,2.9000000000000057,5,spring,-6.0,81° to 82°,nws_cli_knyc,open-meteo:single-runs:ncep_hrrr_conus
KXHIGHNY-26MAY06,2026-05-06,ncep_hrrr_conus,hrrr_previous_day1,hrrr_previous_day1,HRRR previous_day1 (~24h fixed lead),fixed_lead_previous_runs,2026-05-05T00:00:00+00:00,2026-05-05T03:00:00+00:00,73.5,71.0,-2.5,2.5,5,spring,24.0,71° to 72°,nws_cli_knyc,open-meteo:previous-runs:ncep_hrrr_conus:previous_day1
KXHIGHNY-26MAY06,2026-05-06,ncep_hrrr_conus,hrrr_exact_run,hrrr_exact_12z,HRRR exact previous-day 12Z (fixed-cycle benchmark),fixed-cycle benchmark,2026-05-05T12:00:00+00:00,2026-05-05T15:00:00+00:00,73.5,71.0,-2.5,2.5,5,spring,12.0,71° to 72°,nws_cli_knyc,open-meteo:single-runs:ncep_hrrr_conus
KXHIGHNY-26MAY06,2026-05-06,ncep_hrrr_conus,hrrr_exact_run,hrrr_exact_18z,HRRR exact previous-day 18Z (fixed-cycle benchmark),fixed-cycle benchmark,2026-05-05T18:00:00+00:00,2026-05-05T21:00:00+00:00,75.5,71.0,-4.5,4.5,5,spring,6.0,71° to 72°,nws_cli_knyc,open-meteo:single-runs:ncep_hrrr_conus
KXHIGHNY-26MAY06,2026-05-06,ncep_hrrr_conus,hrrr_exact_run,hrrr_exact_00z,HRRR exact event-day 00Z (fixed-cycle benchmark),fixed-cycle benchmark,2026-05-06T00:00:00+00:00,2026-05-06T03:00:00+00:00,72.7,71.0,-1.7000000000000028,1.7000000000000028,5,spring,0.0,71° to 72°,nws_cli_knyc,open-meteo:single-runs:ncep_hrrr_conus
KXHIGHNY-26MAY06,2026-05-06,ncep_hrrr_conus,hrrr_exact_run,hrrr_exact_06z,HRRR exact event-day 06Z (fixed-cycle benchmark),fixed-cycle benchmark,2026-05-06T06:00:00+00:00,2026-05-06T09:00:00+00:00,74.8,71.0,-3.799999999999997,3.799999999999997,5,spring,-6.0,71° to 72°,nws_cli_knyc,open-meteo:single-runs:ncep_hrrr_conus
KXHIGHNY-26MAY07,2026-05-07,ncep_hrrr_conus,hrrr_previous_day1,hrrr_previous_day1,HRRR previous_day1 (~24h fixed lead),fixed_lead_previous_runs,2026-05-06T00:00:00+00:00,2026-05-06T03:00:00+00:00,62.8,64.0,1.2000000000000028,-1.2000000000000028,5,spring,24.0,64° to 65°,nws_cli_knyc,open-meteo:previous-runs:ncep_hrrr_conus:previous_day1
KXHIGHNY-26MAY07,2026-05-07,ncep_hrrr_conus,hrrr_exact_run,hrrr_exact_12z,HRRR exact previous-day 12Z (fixed-cycle benchmark),fixed-cycle benchmark,2026-05-06T12:00:00+00:00,2026-05-06T15:00:00+00:00,63.9,64.0,0.10000000000000142,-0.10000000000000142,5,spring,12.0,64° to 65°,nws_cli_knyc,open-meteo:single-runs:ncep_hrrr_conus
KXHIGHNY-26MAY07,2026-05-07,ncep_hrrr_conus,hrrr_exact_run,hrrr_exact_18z,HRRR exact previous-day 18Z (fixed-cycle benchmark),fixed-cycle benchmark,2026-05-06T18:00:00+00:00,2026-05-06T21:00:00+00:00,62.8,64.0,1.2000000000000028,-1.2000000000000028,5,spring,6.0,64° to 65°,nws_cli_knyc,open-meteo:single-runs:ncep_hrrr_conus
KXHIGHNY-26MAY07,2026-05-07,ncep_hrrr_conus,hrrr_exact_run,hrrr_exact_00z,HRRR exact event-day 00Z (fixed-cycle benchmark),fixed-cycle benchmark,2026-05-07T00:00:00+00:00,2026-05-07T03:00:00+00:00,63.0,64.0,1.0,-1.0,5,spring,0.0,64° to 65°,nws_cli_knyc,open-meteo:single-runs:ncep_hrrr_conus
KXHIGHNY-26MAY07,2026-05-07,ncep_hrrr_conus,hrrr_exact_run,hrrr_exact_06z,HRRR exact event-day 06Z (fixed-cycle benchmark),fixed-cycle benchmark,2026-05-07T06:00:00+00:00,2026-05-07T09:00:00+00:00,63.6,64.0,0.3999999999999986,-0.3999999999999986,5,spring,-6.0,64° to 65°,nws_cli_knyc,open-meteo:single-runs:ncep_hrrr_conus
KXHIGHNY-26MAY08,2026-05-08,ncep_hrrr_conus,hrrr_previous_day1,hrrr_previous_day1,HRRR previous_day1 (~24h fixed lead),fixed_lead_previous_runs,2026-05-07T00:00:00+00:00,2026-05-07T03:00:00+00:00,61.5,63.0,1.5,-1.5,5,spring,24.0,63° or below,nws_cli_knyc,open-meteo:previous-runs:ncep_hrrr_conus:previous_day1
KXHIGHNY-26MAY08,2026-05-08,ncep_hrrr_conus,hrrr_exact_run,hrrr_exact_12z,HRRR exact previous-day 12Z (fixed-cycle benchmark),fixed-cycle benchmark,2026-05-07T12:00:00+00:00,2026-05-07T15:00:00+00:00,63.5,63.0,-0.5,0.5,5,spring,12.0,63° or below,nws_cli_knyc,open-meteo:single-runs:ncep_hrrr_conus
KXHIGHNY-26MAY08,2026-05-08,ncep_hrrr_conus,hrrr_exact_run,hrrr_exact_18z,HRRR exact previous-day 18Z (fixed-cycle benchmark),fixed-cycle benchmark,2026-05-07T18:00:00+00:00,2026-05-07T21:00:00+00:00,61.5,63.0,1.5,-1.5,5,spring,6.0,63° or below,nws_cli_knyc,open-meteo:single-runs:ncep_hrrr_conus
KXHIGHNY-26MAY08,2026-05-08,ncep_hrrr_conus,hrrr_exact_run,hrrr_exact_00z,HRRR exact event-day 00Z (fixed-cycle benchmark),fixed-cycle benchmark,2026-05-08T00:00:00+00:00,2026-05-08T03:00:00+00:00,62.0,63.0,1.0,-1.0,5,spring,0.0,63° or below,nws_cli_knyc,open-meteo:single-runs:ncep_hrrr_conus
KXHIGHNY-26MAY08,2026-05-08,ncep_hrrr_conus,hrrr_exact_run,hrrr_exact_06z,HRRR exact event-day 06Z (fixed-cycle benchmark),fixed-cycle benchmark,2026-05-08T06:00:00+00:00,2026-05-08T09:00:00+00:00,63.5,63.0,-0.5,0.5,5,spring,-6.0,63° or below,nws_cli_knyc,open-meteo:single-runs:ncep_hrrr_conus
KXHIGHNY-26MAY09,2026-05-09,ncep_hrrr_conus,hrrr_previous_day1,hrrr_previous_day1,HRRR previous_day1 (~24h fixed lead),fixed_lead_previous_runs,2026-05-08T00:00:00+00:00,2026-05-08T03:00:00+00:00,66.1,65.0,-1.0999999999999943,1.0999999999999943,5,spring,24.0,65° to 66°,nws_cli_knyc,open-meteo:previous-runs:ncep_hrrr_conus:previous_day1
KXHIGHNY-26MAY09,2026-05-09,ncep_hrrr_conus,hrrr_exact_run,hrrr_exact_12z,HRRR exact previous-day 12Z (fixed-cycle benchmark),fixed-cycle benchmark,2026-05-08T12:00:00+00:00,2026-05-08T15:00:00+00:00,66.1,65.0,-1.0999999999999943,1.0999999999999943,5,spring,12.0,65° to 66°,nws_cli_knyc,open-meteo:single-runs:ncep_hrrr_conus
KXHIGHNY-26MAY09,2026-05-09,ncep_hrrr_conus,hrrr_exact_run,hrrr_exact_18z,HRRR exact previous-day 18Z (fixed-cycle benchmark),fixed-cycle benchmark,2026-05-08T18:00:00+00:00,2026-05-08T21:00:00+00:00,68.8,65.0,-3.799999999999997,3.799999999999997,5,spring,6.0,65° to 66°,nws_cli_knyc,open-meteo:single-runs:ncep_hrrr_conus
KXHIGHNY-26MAY09,2026-05-09,ncep_hrrr_conus,hrrr_exact_run,hrrr_exact_00z,HRRR exact event-day 00Z (fixed-cycle benchmark),fixed-cycle benchmark,2026-05-09T00:00:00+00:00,2026-05-09T03:00:00+00:00,68.9,65.0,-3.9000000000000057,3.9000000000000057,5,spring,0.0,65° to 66°,nws_cli_knyc,open-meteo:single-runs:ncep_hrrr_conus
KXHIGHNY-26MAY09,2026-05-09,ncep_hrrr_conus,hrrr_exact_run,hrrr_exact_06z,HRRR exact event-day 06Z (fixed-cycle benchmark),fixed-cycle benchmark,2026-05-09T06:00:00+00:00,2026-05-09T09:00:00+00:00,70.6,65.0,-5.599999999999994,5.599999999999994,5,spring,-6.0,65° to 66°,nws_cli_knyc,open-meteo:single-runs:ncep_hrrr_conus
KXHIGHNY-26MAY10,2026-05-10,ncep_hrrr_conus,hrrr_previous_day1,hrrr_previous_day1,HRRR previous_day1 (~24h fixed lead),fixed_lead_previous_runs,2026-05-09T00:00:00+00:00,2026-05-09T03:00:00+00:00,75.1,73.0,-2.0999999999999943,2.0999999999999943,5,spring,24.0,72° to 73°,nws_cli_knyc,open-meteo:previous-runs:ncep_hrrr_conus:previous_day1
KXHIGHNY-26MAY10,2026-05-10,ncep_hrrr_conus,hrrr_exact_run,hrrr_exact_12z,HRRR exact previous-day 12Z (fixed-cycle benchmark),fixed-cycle benchmark,2026-05-09T12:00:00+00:00,2026-05-09T15:00:00+00:00,75.9,73.0,-2.9000000000000057,2.9000000000000057,5,spring,12.0,72° to 73°,nws_cli_knyc,open-meteo:single-runs:ncep_hrrr_conus
KXHIGHNY-26MAY10,2026-05-10,ncep_hrrr_conus,hrrr_exact_run,hrrr_exact_18z,HRRR exact previous-day 18Z (fixed-cycle benchmark),fixed-cycle benchmark,2026-05-09T18:00:00+00:00,2026-05-09T21:00:00+00:00,70.5,73.0,2.5,-2.5,5,spring,6.0,72° to 73°,nws_cli_knyc,open-meteo:single-runs:ncep_hrrr_conus
KXHIGHNY-26MAY10,2026-05-10,ncep_hrrr_conus,hrrr_exact_run,hrrr_exact_00z,HRRR exact event-day 00Z (fixed-cycle benchmark),fixed-cycle benchmark,2026-05-10T00:00:00+00:00,2026-05-10T03:00:00+00:00,72.2,73.0,0.7999999999999972,-0.7999999999999972,5,spring,0.0,72° to 73°,nws_cli_knyc,open-meteo:single-runs:ncep_hrrr_conus
KXHIGHNY-26MAY10,2026-05-10,ncep_hrrr_conus,hrrr_exact_run,hrrr_exact_06z,HRRR exact event-day 06Z (fixed-cycle benchmark),fixed-cycle benchmark,2026-05-10T06:00:00+00:00,2026-05-10T09:00:00+00:00,75.4,73.0,-2.4000000000000057,2.4000000000000057,5,spring,-6.0,72° to 73°,nws_cli_knyc,open-meteo:single-runs:ncep_hrrr_conus
KXHIGHNY-26MAY11,2026-05-11,ncep_hrrr_conus,hrrr_previous_day1,hrrr_previous_day1,HRRR previous_day1 (~24h fixed lead),fixed_lead_previous_runs,2026-05-10T00:00:00+00:00,2026-05-10T03:00:00+00:00,64.9,61.0,-3.9000000000000057,3.9000000000000057,5,spring,24.0,61° or below,nws_cli_knyc,open-meteo:previous-runs:ncep_hrrr_conus:previous_day1
KXHIGHNY-26MAY11,2026-05-11,ncep_hrrr_conus,hrrr_exact_run,hrrr_exact_12z,HRRR exact previous-day 12Z (fixed-cycle benchmark),fixed-cycle benchmark,2026-05-10T12:00:00+00:00,2026-05-10T15:00:00+00:00,62.9,61.0,-1.8999999999999986,1.8999999999999986,5,spring,12.0,61° or below,nws_cli_knyc,open-meteo:single-runs:ncep_hrrr_conus
KXHIGHNY-26MAY11,2026-05-11,ncep_hrrr_conus,hrrr_exact_run,hrrr_exact_18z,HRRR exact previous-day 18Z (fixed-cycle benchmark),fixed-cycle benchmark,2026-05-10T18:00:00+00:00,2026-05-10T21:00:00+00:00,64.9,61.0,-3.9000000000000057,3.9000000000000057,5,spring,6.0,61° or below,nws_cli_knyc,open-meteo:single-runs:ncep_hrrr_conus
KXHIGHNY-26MAY11,2026-05-11,ncep_hrrr_conus,hrrr_exact_run,hrrr_exact_00z,HRRR exact event-day 00Z (fixed-cycle benchmark),fixed-cycle benchmark,2026-05-11T00:00:00+00:00,2026-05-11T03:00:00+00:00,66.2,61.0,-5.200000000000003,5.200000000000003,5,spring,0.0,61° or below,nws_cli_knyc,open-meteo:single-runs:ncep_hrrr_conus
KXHIGHNY-26MAY11,2026-05-11,ncep_hrrr_conus,hrrr_exact_run,hrrr_exact_06z,HRRR exact event-day 06Z (fixed-cycle benchmark),fixed-cycle benchmark,2026-05-11T06:00:00+00:00,2026-05-11T09:00:00+00:00,66.6,61.0,-5.599999999999994,5.599999999999994,5,spring,-6.0,61° or below,nws_cli_knyc,open-meteo:single-runs:ncep_hrrr_conus
KXHIGHNY-26MAY12,2026-05-12,ncep_hrrr_conus,hrrr_previous_day1,hrrr_previous_day1,HRRR previous_day1 (~24h fixed lead),fixed_lead_previous_runs,2026-05-11T00:00:00+00:00,2026-05-11T03:00:00+00:00,66.4,66.0,-0.4000000000000057,0.4000000000000057,5,spring,24.0,66° to 67°,nws_cli_knyc,open-meteo:previous-runs:ncep_hrrr_conus:previous_day1
KXHIGHNY-26MAY12,2026-05-12,ncep_hrrr_conus,hrrr_exact_run,hrrr_exact_12z,HRRR exact previous-day 12Z (fixed-cycle benchmark),fixed-cycle benchmark,2026-05-11T12:00:00+00:00,2026-05-11T15:00:00+00:00,66.5,66.0,-0.5,0.5,5,spring,12.0,66° to 67°,nws_cli_knyc,open-meteo:single-runs:ncep_hrrr_conus
KXHIGHNY-26MAY12,2026-05-12,ncep_hrrr_conus,hrrr_exact_run,hrrr_exact_18z,HRRR exact previous-day 18Z (fixed-cycle benchmark),fixed-cycle benchmark,2026-05-11T18:00:00+00:00,2026-05-11T21:00:00+00:00,66.4,66.0,-0.4000000000000057,0.4000000000000057,5,spring,6.0,66° to 67°,nws_cli_knyc,open-meteo:single-runs:ncep_hrrr_conus
KXHIGHNY-26MAY12,2026-05-12,ncep_hrrr_conus,hrrr_exact_run,hrrr_exact_00z,HRRR exact event-day 00Z (fixed-cycle benchmark),fixed-cycle benchmark,2026-05-12T00:00:00+00:00,2026-05-12T03:00:00+00:00,66.7,66.0,-0.7000000000000028,0.7000000000000028,5,spring,0.0,66° to 67°,nws_cli_knyc,open-meteo:single-runs:ncep_hrrr_conus
KXHIGHNY-26MAY12,2026-05-12,ncep_hrrr_conus,hrrr_exact_run,hrrr_exact_06z,HRRR exact event-day 06Z (fixed-cycle benchmark),fixed-cycle benchmark,2026-05-12T06:00:00+00:00,2026-05-12T09:00:00+00:00,66.6,66.0,-0.5999999999999943,0.5999999999999943,5,spring,-6.0,66° to 67°,nws_cli_knyc,open-meteo:single-runs:ncep_hrrr_conus
KXHIGHNY-26MAY13,2026-05-13,ncep_hrrr_conus,hrrr_previous_day1,hrrr_previous_day1,HRRR previous_day1 (~24h fixed lead),fixed_lead_previous_runs,2026-05-12T00:00:00+00:00,2026-05-12T03:00:00+00:00,73.1,72.0,-1.0999999999999943,1.0999999999999943,5,spring,24.0,72° to 73°,nws_cli_knyc,open-meteo:previous-runs:ncep_hrrr_conus:previous_day1
KXHIGHNY-26MAY13,2026-05-13,ncep_hrrr_conus,hrrr_exact_run,hrrr_exact_12z,HRRR exact previous-day 12Z (fixed-cycle benchmark),fixed-cycle benchmark,2026-05-12T12:00:00+00:00,2026-05-12T15:00:00+00:00,72.8,72.0,-0.7999999999999972,0.7999999999999972,5,spring,12.0,72° to 73°,nws_cli_knyc,open-meteo:single-runs:ncep_hrrr_conus
KXHIGHNY-26MAY13,2026-05-13,ncep_hrrr_conus,hrrr_exact_run,hrrr_exact_18z,HRRR exact previous-day 18Z (fixed-cycle benchmark),fixed-cycle benchmark,2026-05-12T18:00:00+00:00,2026-05-12T21:00:00+00:00,73.1,72.0,-1.0999999999999943,1.0999999999999943,5,spring,6.0,72° to 73°,nws_cli_knyc,open-meteo:single-runs:ncep_hrrr_conus
KXHIGHNY-26MAY13,2026-05-13,ncep_hrrr_conus,hrrr_exact_run,hrrr_exact_00z,HRRR exact event-day 00Z (fixed-cycle benchmark),fixed-cycle benchmark,2026-05-13T00:00:00+00:00,2026-05-13T03:00:00+00:00,74.5,72.0,-2.5,2.5,5,spring,0.0,72° to 73°,nws_cli_knyc,open-meteo:single-runs:ncep_hrrr_conus
KXHIGHNY-26MAY13,2026-05-13,ncep_hrrr_conus,hrrr_exact_run,hrrr_exact_06z,HRRR exact event-day 06Z (fixed-cycle benchmark),fixed-cycle benchmark,2026-05-13T06:00:00+00:00,2026-05-13T09:00:00+00:00,76.1,72.0,-4.099999999999994,4.099999999999994,5,spring,-6.0,72° to 73°,nws_cli_knyc,open-meteo:single-runs:ncep_hrrr_conus
KXHIGHNY-26MAY14,2026-05-14,ncep_hrrr_conus,hrrr_previous_day1,hrrr_previous_day1,HRRR previous_day1 (~24h fixed lead),fixed_lead_previous_runs,2026-05-13T00:00:00+00:00,2026-05-13T03:00:00+00:00,60.3,66.0,5.700000000000003,-5.700000000000003,5,spring,24.0,65° to 66°,nws_cli_knyc,open-meteo:previous-runs:ncep_hrrr_conus:previous_day1
KXHIGHNY-26MAY14,2026-05-14,ncep_hrrr_conus,hrrr_exact_run,hrrr_exact_12z,HRRR exact previous-day 12Z (fixed-cycle benchmark),fixed-cycle benchmark,2026-05-13T12:00:00+00:00,2026-05-13T15:00:00+00:00,63.1,66.0,2.8999999999999986,-2.8999999999999986,5,spring,12.0,65° to 66°,nws_cli_knyc,open-meteo:single-runs:ncep_hrrr_conus
KXHIGHNY-26MAY14,2026-05-14,ncep_hrrr_conus,hrrr_exact_run,hrrr_exact_18z,HRRR exact previous-day 18Z (fixed-cycle benchmark),fixed-cycle benchmark,2026-05-13T18:00:00+00:00,2026-05-13T21:00:00+00:00,60.3,66.0,5.700000000000003,-5.700000000000003,5,spring,6.0,65° to 66°,nws_cli_knyc,open-meteo:single-runs:ncep_hrrr_conus
KXHIGHNY-26MAY14,2026-05-14,ncep_hrrr_conus,hrrr_exact_run,hrrr_exact_00z,HRRR exact event-day 00Z (fixed-cycle benchmark),fixed-cycle benchmark,2026-05-14T00:00:00+00:00,2026-05-14T03:00:00+00:00,64.8,66.0,1.2000000000000028,-1.2000000000000028,5,spring,0.0,65° to 66°,nws_cli_knyc,open-meteo:single-runs:ncep_hrrr_conus
KXHIGHNY-26MAY14,2026-05-14,ncep_hrrr_conus,hrrr_exact_run,hrrr_exact_06z,HRRR exact event-day 06Z (fixed-cycle benchmark),fixed-cycle benchmark,2026-05-14T06:00:00+00:00,2026-05-14T09:00:00+00:00,68.2,66.0,-2.200000000000003,2.200000000000003,5,spring,-6.0,65° to 66°,nws_cli_knyc,open-meteo:single-runs:ncep_hrrr_conus
KXHIGHNY-26MAY15,2026-05-15,ncep_hrrr_conus,hrrr_previous_day1,hrrr_previous_day1,HRRR previous_day1 (~24h fixed lead),fixed_lead_previous_runs,2026-05-14T00:00:00+00:00,2026-05-14T03:00:00+00:00,66.7,66.0,-0.7000000000000028,0.7000000000000028,5,spring,24.0,65° to 66°,nws_cli_knyc,open-meteo:previous-runs:ncep_hrrr_conus:previous_day1
KXHIGHNY-26MAY15,2026-05-15,ncep_hrrr_conus,hrrr_exact_run,hrrr_exact_12z,HRRR exact previous-day 12Z (fixed-cycle benchmark),fixed-cycle benchmark,2026-05-14T12:00:00+00:00,2026-05-14T15:00:00+00:00,68.7,66.0,-2.700000000000003,2.700000000000003,5,spring,12.0,65° to 66°,nws_cli_knyc,open-meteo:single-runs:ncep_hrrr_conus
KXHIGHNY-26MAY15,2026-05-15,ncep_hrrr_conus,hrrr_exact_run,hrrr_exact_18z,HRRR exact previous-day 18Z (fixed-cycle benchmark),fixed-cycle benchmark,2026-05-14T18:00:00+00:00,2026-05-14T21:00:00+00:00,66.7,66.0,-0.7000000000000028,0.7000000000000028,5,spring,6.0,65° to 66°,nws_cli_knyc,open-meteo:single-runs:ncep_hrrr_conus
KXHIGHNY-26MAY15,2026-05-15,ncep_hrrr_conus,hrrr_exact_run,hrrr_exact_00z,HRRR exact event-day 00Z (fixed-cycle benchmark),fixed-cycle benchmark,2026-05-15T00:00:00+00:00,2026-05-15T03:00:00+00:00,66.3,66.0,-0.29999999999999716,0.29999999999999716,5,spring,0.0,65° to 66°,nws_cli_knyc,open-meteo:single-runs:ncep_hrrr_conus
KXHIGHNY-26MAY15,2026-05-15,ncep_hrrr_conus,hrrr_exact_run,hrrr_exact_06z,HRRR exact event-day 06Z (fixed-cycle benchmark),fixed-cycle benchmark,2026-05-15T06:00:00+00:00,2026-05-15T09:00:00+00:00,66.5,66.0,-0.5,0.5,5,spring,-6.0,65° to 66°,nws_cli_knyc,open-meteo:single-runs:ncep_hrrr_conus
KXHIGHNY-26MAY16,2026-05-16,ncep_hrrr_conus,hrrr_previous_day1,hrrr_previous_day1,HRRR previous_day1 (~24h fixed lead),fixed_lead_previous_runs,2026-05-15T00:00:00+00:00,2026-05-15T03:00:00+00:00,78.9,80.0,1.0999999999999943,-1.0999999999999943,5,spring,24.0,80° to 81°,nws_cli_knyc,open-meteo:previous-runs:ncep_hrrr_conus:previous_day1
KXHIGHNY-26MAY16,2026-05-16,ncep_hrrr_conus,hrrr_exact_run,hrrr_exact_12z,HRRR exact previous-day 12Z (fixed-cycle benchmark),fixed-cycle benchmark,2026-05-15T12:00:00+00:00,2026-05-15T15:00:00+00:00,81.8,80.0,-1.7999999999999972,1.7999999999999972,5,spring,12.0,80° to 81°,nws_cli_knyc,open-meteo:single-runs:ncep_hrrr_conus
KXHIGHNY-26MAY16,2026-05-16,ncep_hrrr_conus,hrrr_exact_run,hrrr_exact_18z,HRRR exact previous-day 18Z (fixed-cycle benchmark),fixed-cycle benchmark,2026-05-15T18:00:00+00:00,2026-05-15T21:00:00+00:00,78.9,80.0,1.0999999999999943,-1.0999999999999943,5,spring,6.0,80° to 81°,nws_cli_knyc,open-meteo:single-runs:ncep_hrrr_conus
KXHIGHNY-26MAY16,2026-05-16,ncep_hrrr_conus,hrrr_exact_run,hrrr_exact_00z,HRRR exact event-day 00Z (fixed-cycle benchmark),fixed-cycle benchmark,2026-05-16T00:00:00+00:00,2026-05-16T03:00:00+00:00,81.6,80.0,-1.5999999999999943,1.5999999999999943,5,spring,0.0,80° to 81°,nws_cli_knyc,open-meteo:single-runs:ncep_hrrr_conus
KXHIGHNY-26MAY16,2026-05-16,ncep_hrrr_conus,hrrr_exact_run,hrrr_exact_06z,HRRR exact event-day 06Z (fixed-cycle benchmark),fixed-cycle benchmark,2026-05-16T06:00:00+00:00,2026-05-16T09:00:00+00:00,79.4,80.0,0.5999999999999943,-0.5999999999999943,5,spring,-6.0,80° to 81°,nws_cli_knyc,open-meteo:single-runs:ncep_hrrr_conus
KXHIGHNY-26MAY17,2026-05-17,ncep_hrrr_conus,hrrr_previous_day1,hrrr_previous_day1,HRRR previous_day1 (~24h fixed lead),fixed_lead_previous_runs,2026-05-16T00:00:00+00:00,2026-05-16T03:00:00+00:00,90.1,87.0,-3.0999999999999943,3.0999999999999943,5,spring,24.0,87° to 88°,nws_cli_knyc,open-meteo:previous-runs:ncep_hrrr_conus:previous_day1
KXHIGHNY-26MAY17,2026-05-17,ncep_hrrr_conus,hrrr_exact_run,hrrr_exact_12z,HRRR exact previous-day 12Z (fixed-cycle benchmark),fixed-cycle benchmark,2026-05-16T12:00:00+00:00,2026-05-16T15:00:00+00:00,89.8,87.0,-2.799999999999997,2.799999999999997,5,spring,12.0,87° to 88°,nws_cli_knyc,open-meteo:single-runs:ncep_hrrr_conus
KXHIGHNY-26MAY17,2026-05-17,ncep_hrrr_conus,hrrr_exact_run,hrrr_exact_18z,HRRR exact previous-day 18Z (fixed-cycle benchmark),fixed-cycle benchmark,2026-05-16T18:00:00+00:00,2026-05-16T21:00:00+00:00,90.1,87.0,-3.0999999999999943,3.0999999999999943,5,spring,6.0,87° to 88°,nws_cli_knyc,open-meteo:single-runs:ncep_hrrr_conus
KXHIGHNY-26MAY17,2026-05-17,ncep_hrrr_conus,hrrr_exact_run,hrrr_exact_00z,HRRR exact event-day 00Z (fixed-cycle benchmark),fixed-cycle benchmark,2026-05-17T00:00:00+00:00,2026-05-17T03:00:00+00:00,89.7,87.0,-2.700000000000003,2.700000000000003,5,spring,0.0,87° to 88°,nws_cli_knyc,open-meteo:single-runs:ncep_hrrr_conus
KXHIGHNY-26MAY17,2026-05-17,ncep_hrrr_conus,hrrr_exact_run,hrrr_exact_06z,HRRR exact event-day 06Z (fixed-cycle benchmark),fixed-cycle benchmark,2026-05-17T06:00:00+00:00,2026-05-17T09:00:00+00:00,91.0,87.0,-4.0,4.0,5,spring,-6.0,87° to 88°,nws_cli_knyc,open-meteo:single-runs:ncep_hrrr_conus
KXHIGHNY-26MAY18,2026-05-18,ncep_hrrr_conus,hrrr_previous_day1,hrrr_previous_day1,HRRR previous_day1 (~24h fixed lead),fixed_lead_previous_runs,2026-05-17T00:00:00+00:00,2026-05-17T03:00:00+00:00,87.8,88.0,0.20000000000000284,-0.20000000000000284,5,spring,24.0,85° or above,nws_cli_knyc,open-meteo:previous-runs:ncep_hrrr_conus:previous_day1
KXHIGHNY-26MAY18,2026-05-18,ncep_hrrr_conus,hrrr_exact_run,hrrr_exact_12z,HRRR exact previous-day 12Z (fixed-cycle benchmark),fixed-cycle benchmark,2026-05-17T12:00:00+00:00,2026-05-17T15:00:00+00:00,87.8,88.0,0.20000000000000284,-0.20000000000000284,5,spring,12.0,85° or above,nws_cli_knyc,open-meteo:single-runs:ncep_hrrr_conus
KXHIGHNY-26MAY18,2026-05-18,ncep_hrrr_conus,hrrr_exact_run,hrrr_exact_18z,HRRR exact previous-day 18Z (fixed-cycle benchmark),fixed-cycle benchmark,2026-05-17T18:00:00+00:00,2026-05-17T21:00:00+00:00,89.2,88.0,-1.2000000000000028,1.2000000000000028,5,spring,6.0,85° or above,nws_cli_knyc,open-meteo:single-runs:ncep_hrrr_conus
KXHIGHNY-26MAY18,2026-05-18,ncep_hrrr_conus,hrrr_exact_run,hrrr_exact_00z,HRRR exact event-day 00Z (fixed-cycle benchmark),fixed-cycle benchmark,2026-05-18T00:00:00+00:00,2026-05-18T03:00:00+00:00,88.1,88.0,-0.09999999999999432,0.09999999999999432,5,spring,0.0,85° or above,nws_cli_knyc,open-meteo:single-runs:ncep_hrrr_conus
KXHIGHNY-26MAY18,2026-05-18,ncep_hrrr_conus,hrrr_exact_run,hrrr_exact_06z,HRRR exact event-day 06Z (fixed-cycle benchmark),fixed-cycle benchmark,2026-05-18T06:00:00+00:00,2026-05-18T09:00:00+00:00,90.5,88.0,-2.5,2.5,5,spring,-6.0,85° or above,nws_cli_knyc,open-meteo:single-runs:ncep_hrrr_conus
KXHIGHNY-26MAY19,2026-05-19,ncep_hrrr_conus,hrrr_previous_day1,hrrr_previous_day1,HRRR previous_day1 (~24h fixed lead),fixed_lead_previous_runs,2026-05-18T00:00:00+00:00,2026-05-18T03:00:00+00:00,97.3,93.0,-4.299999999999997,4.299999999999997,5,spring,24.0,93° to 94°,nws_cli_knyc,open-meteo:previous-runs:ncep_hrrr_conus:previous_day1
KXHIGHNY-26MAY19,2026-05-19,ncep_hrrr_conus,hrrr_exact_run,hrrr_exact_12z,HRRR exact previous-day 12Z (fixed-cycle benchmark),fixed-cycle benchmark,2026-05-18T12:00:00+00:00,2026-05-18T15:00:00+00:00,97.1,93.0,-4.099999999999994,4.099999999999994,5,spring,12.0,93° to 94°,nws_cli_knyc,open-meteo:single-runs:ncep_hrrr_conus
KXHIGHNY-26MAY19,2026-05-19,ncep_hrrr_conus,hrrr_exact_run,hrrr_exact_18z,HRRR exact previous-day 18Z (fixed-cycle benchmark),fixed-cycle benchmark,2026-05-18T18:00:00+00:00,2026-05-18T21:00:00+00:00,97.3,93.0,-4.299999999999997,4.299999999999997,5,spring,6.0,93° to 94°,nws_cli_knyc,open-meteo:single-runs:ncep_hrrr_conus
KXHIGHNY-26MAY19,2026-05-19,ncep_hrrr_conus,hrrr_exact_run,hrrr_exact_00z,HRRR exact event-day 00Z (fixed-cycle benchmark),fixed-cycle benchmark,2026-05-19T00:00:00+00:00,2026-05-19T03:00:00+00:00,97.1,93.0,-4.099999999999994,4.099999999999994,5,spring,0.0,93° to 94°,nws_cli_knyc,open-meteo:single-runs:ncep_hrrr_conus
KXHIGHNY-26MAY19,2026-05-19,ncep_hrrr_conus,hrrr_exact_run,hrrr_exact_06z,HRRR exact event-day 06Z (fixed-cycle benchmark),fixed-cycle benchmark,2026-05-19T06:00:00+00:00,2026-05-19T09:00:00+00:00,98.0,93.0,-5.0,5.0,5,spring,-6.0,93° to 94°,nws_cli_knyc,open-meteo:single-runs:ncep_hrrr_conus
KXHIGHNY-26MAY20,2026-05-20,ncep_hrrr_conus,hrrr_previous_day1,hrrr_previous_day1,HRRR previous_day1 (~24h fixed lead),fixed_lead_previous_runs,2026-05-19T00:00:00+00:00,2026-05-19T03:00:00+00:00,93.9,92.0,-1.9000000000000057,1.9000000000000057,5,spring,24.0,91° to 92°,nws_cli_knyc,open-meteo:previous-runs:ncep_hrrr_conus:previous_day1
KXHIGHNY-26MAY20,2026-05-20,ncep_hrrr_conus,hrrr_exact_run,hrrr_exact_12z,HRRR exact previous-day 12Z (fixed-cycle benchmark),fixed-cycle benchmark,2026-05-19T12:00:00+00:00,2026-05-19T15:00:00+00:00,93.9,92.0,-1.9000000000000057,1.9000000000000057,5,spring,12.0,91° to 92°,nws_cli_knyc,open-meteo:single-runs:ncep_hrrr_conus
KXHIGHNY-26MAY20,2026-05-20,ncep_hrrr_conus,hrrr_exact_run,hrrr_exact_18z,HRRR exact previous-day 18Z (fixed-cycle benchmark),fixed-cycle benchmark,2026-05-19T18:00:00+00:00,2026-05-19T21:00:00+00:00,93.8,92.0,-1.7999999999999972,1.7999999999999972,5,spring,6.0,91° to 92°,nws_cli_knyc,open-meteo:single-runs:ncep_hrrr_conus
KXHIGHNY-26MAY20,2026-05-20,ncep_hrrr_conus,hrrr_exact_run,hrrr_exact_00z,HRRR exact event-day 00Z (fixed-cycle benchmark),fixed-cycle benchmark,2026-05-20T00:00:00+00:00,2026-05-20T03:00:00+00:00,93.9,92.0,-1.9000000000000057,1.9000000000000057,5,spring,0.0,91° to 92°,nws_cli_knyc,open-meteo:single-runs:ncep_hrrr_conus
KXHIGHNY-26MAY20,2026-05-20,ncep_hrrr_conus,hrrr_exact_run,hrrr_exact_06z,HRRR exact event-day 06Z (fixed-cycle benchmark),fixed-cycle benchmark,2026-05-20T06:00:00+00:00,2026-05-20T09:00:00+00:00,92.8,92.0,-0.7999999999999972,0.7999999999999972,5,spring,-6.0,91° to 92°,nws_cli_knyc,open-meteo:single-runs:ncep_hrrr_conus
KXHIGHNY-26MAY21,2026-05-21,ncep_hrrr_conus,hrrr_previous_day1,hrrr_previous_day1,HRRR previous_day1 (~24h fixed lead),fixed_lead_previous_runs,2026-05-20T00:00:00+00:00,2026-05-20T03:00:00+00:00,66.0,66.0,0.0,0.0,5,spring,24.0,67° or below,nws_cli_knyc,open-meteo:previous-runs:ncep_hrrr_conus:previous_day1
KXHIGHNY-26MAY21,2026-05-21,ncep_hrrr_conus,hrrr_exact_run,hrrr_exact_12z,HRRR exact previous-day 12Z (fixed-cycle benchmark),fixed-cycle benchmark,2026-05-20T12:00:00+00:00,2026-05-20T15:00:00+00:00,68.3,66.0,-2.299999999999997,2.299999999999997,5,spring,12.0,67° or below,nws_cli_knyc,open-meteo:single-runs:ncep_hrrr_conus
KXHIGHNY-26MAY21,2026-05-21,ncep_hrrr_conus,hrrr_exact_run,hrrr_exact_18z,HRRR exact previous-day 18Z (fixed-cycle benchmark),fixed-cycle benchmark,2026-05-20T18:00:00+00:00,2026-05-20T21:00:00+00:00,71.3,66.0,-5.299999999999997,5.299999999999997,5,spring,6.0,67° or below,nws_cli_knyc,open-meteo:single-runs:ncep_hrrr_conus
KXHIGHNY-26MAY21,2026-05-21,ncep_hrrr_conus,hrrr_exact_run,hrrr_exact_00z,HRRR exact event-day 00Z (fixed-cycle benchmark),fixed-cycle benchmark,2026-05-21T00:00:00+00:00,2026-05-21T03:00:00+00:00,66.4,66.0,-0.4000000000000057,0.4000000000000057,5,spring,0.0,67° or below,nws_cli_knyc,open-meteo:single-runs:ncep_hrrr_conus
KXHIGHNY-26MAY21,2026-05-21,ncep_hrrr_conus,hrrr_exact_run,hrrr_exact_06z,HRRR exact event-day 06Z (fixed-cycle benchmark),fixed-cycle benchmark,2026-05-21T06:00:00+00:00,2026-05-21T09:00:00+00:00,64.6,66.0,1.4000000000000057,-1.4000000000000057,5,spring,-6.0,67° or below,nws_cli_knyc,open-meteo:single-runs:ncep_hrrr_conus
KXHIGHNY-26MAY22,2026-05-22,ncep_hrrr_conus,hrrr_previous_day1,hrrr_previous_day1,HRRR previous_day1 (~24h fixed lead),fixed_lead_previous_runs,2026-05-21T00:00:00+00:00,2026-05-21T03:00:00+00:00,69.2,68.0,-1.2000000000000028,1.2000000000000028,5,spring,24.0,67° to 68°,nws_cli_knyc,open-meteo:previous-runs:ncep_hrrr_conus:previous_day1
KXHIGHNY-26MAY22,2026-05-22,ncep_hrrr_conus,hrrr_exact_run,hrrr_exact_12z,HRRR exact previous-day 12Z (fixed-cycle benchmark),fixed-cycle benchmark,2026-05-21T12:00:00+00:00,2026-05-21T15:00:00+00:00,69.2,68.0,-1.2000000000000028,1.2000000000000028,5,spring,12.0,67° to 68°,nws_cli_knyc,open-meteo:single-runs:ncep_hrrr_conus
KXHIGHNY-26MAY22,2026-05-22,ncep_hrrr_conus,hrrr_exact_run,hrrr_exact_18z,HRRR exact previous-day 18Z (fixed-cycle benchmark),fixed-cycle benchmark,2026-05-21T18:00:00+00:00,2026-05-21T21:00:00+00:00,69.2,68.0,-1.2000000000000028,1.2000000000000028,5,spring,6.0,67° to 68°,nws_cli_knyc,open-meteo:single-runs:ncep_hrrr_conus
KXHIGHNY-26MAY22,2026-05-22,ncep_hrrr_conus,hrrr_exact_run,hrrr_exact_00z,HRRR exact event-day 00Z (fixed-cycle benchmark),fixed-cycle benchmark,2026-05-22T00:00:00+00:00,2026-05-22T03:00:00+00:00,70.0,68.0,-2.0,2.0,5,spring,0.0,67° to 68°,nws_cli_knyc,open-meteo:single-runs:ncep_hrrr_conus
KXHIGHNY-26MAY22,2026-05-22,ncep_hrrr_conus,hrrr_exact_run,hrrr_exact_06z,HRRR exact event-day 06Z (fixed-cycle benchmark),fixed-cycle benchmark,2026-05-22T06:00:00+00:00,2026-05-22T09:00:00+00:00,70.6,68.0,-2.5999999999999943,2.5999999999999943,5,spring,-6.0,67° to 68°,nws_cli_knyc,open-meteo:single-runs:ncep_hrrr_conus
KXHIGHNY-26MAY23,2026-05-23,ncep_hrrr_conus,hrrr_previous_day1,hrrr_previous_day1,HRRR previous_day1 (~24h fixed lead),fixed_lead_previous_runs,2026-05-22T00:00:00+00:00,2026-05-22T03:00:00+00:00,61.1,57.0,-4.100000000000001,4.100000000000001,5,spring,24.0,56° to 57°,nws_cli_knyc,open-meteo:previous-runs:ncep_hrrr_conus:previous_day1
KXHIGHNY-26MAY23,2026-05-23,ncep_hrrr_conus,hrrr_exact_run,hrrr_exact_12z,HRRR exact previous-day 12Z (fixed-cycle benchmark),fixed-cycle benchmark,2026-05-22T12:00:00+00:00,2026-05-22T15:00:00+00:00,61.1,57.0,-4.100000000000001,4.100000000000001,5,spring,12.0,56° to 57°,nws_cli_knyc,open-meteo:single-runs:ncep_hrrr_conus
KXHIGHNY-26MAY23,2026-05-23,ncep_hrrr_conus,hrrr_exact_run,hrrr_exact_18z,HRRR exact previous-day 18Z (fixed-cycle benchmark),fixed-cycle benchmark,2026-05-22T18:00:00+00:00,2026-05-22T21:00:00+00:00,60.0,57.0,-3.0,3.0,5,spring,6.0,56° to 57°,nws_cli_knyc,open-meteo:single-runs:ncep_hrrr_conus
KXHIGHNY-26MAY23,2026-05-23,ncep_hrrr_conus,hrrr_exact_run,hrrr_exact_00z,HRRR exact event-day 00Z (fixed-cycle benchmark),fixed-cycle benchmark,2026-05-23T00:00:00+00:00,2026-05-23T03:00:00+00:00,61.7,57.0,-4.700000000000003,4.700000000000003,5,spring,0.0,56° to 57°,nws_cli_knyc,open-meteo:single-runs:ncep_hrrr_conus
KXHIGHNY-26MAY23,2026-05-23,ncep_hrrr_conus,hrrr_exact_run,hrrr_exact_06z,HRRR exact event-day 06Z (fixed-cycle benchmark),fixed-cycle benchmark,2026-05-23T06:00:00+00:00,2026-05-23T09:00:00+00:00,56.9,57.0,0.10000000000000142,-0.10000000000000142,5,spring,-6.0,56° to 57°,nws_cli_knyc,open-meteo:single-runs:ncep_hrrr_conus
KXHIGHNY-26MAY24,2026-05-24,ncep_hrrr_conus,hrrr_previous_day1,hrrr_previous_day1,HRRR previous_day1 (~24h fixed lead),fixed_lead_previous_runs,2026-05-23T00:00:00+00:00,2026-05-23T03:00:00+00:00,56.2,56.0,-0.20000000000000284,0.20000000000000284,5,spring,24.0,59° or below,nws_cli_knyc,open-meteo:previous-runs:ncep_hrrr_conus:previous_day1
KXHIGHNY-26MAY24,2026-05-24,ncep_hrrr_conus,hrrr_exact_run,hrrr_exact_12z,HRRR exact previous-day 12Z (fixed-cycle benchmark),fixed-cycle benchmark,2026-05-23T12:00:00+00:00,2026-05-23T15:00:00+00:00,56.2,56.0,-0.20000000000000284,0.20000000000000284,5,spring,12.0,59° or below,nws_cli_knyc,open-meteo:single-runs:ncep_hrrr_conus
KXHIGHNY-26MAY24,2026-05-24,ncep_hrrr_conus,hrrr_exact_run,hrrr_exact_18z,HRRR exact previous-day 18Z (fixed-cycle benchmark),fixed-cycle benchmark,2026-05-23T18:00:00+00:00,2026-05-23T21:00:00+00:00,55.8,56.0,0.20000000000000284,-0.20000000000000284,5,spring,6.0,59° or below,nws_cli_knyc,open-meteo:single-runs:ncep_hrrr_conus
KXHIGHNY-26MAY24,2026-05-24,ncep_hrrr_conus,hrrr_exact_run,hrrr_exact_00z,HRRR exact event-day 00Z (fixed-cycle benchmark),fixed-cycle benchmark,2026-05-24T00:00:00+00:00,2026-05-24T03:00:00+00:00,56.2,56.0,-0.20000000000000284,0.20000000000000284,5,spring,0.0,59° or below,nws_cli_knyc,open-meteo:single-runs:ncep_hrrr_conus
KXHIGHNY-26MAY24,2026-05-24,ncep_hrrr_conus,hrrr_exact_run,hrrr_exact_06z,HRRR exact event-day 06Z (fixed-cycle benchmark),fixed-cycle benchmark,2026-05-24T06:00:00+00:00,2026-05-24T09:00:00+00:00,56.6,56.0,-0.6000000000000014,0.6000000000000014,5,spring,-6.0,59° or below,nws_cli_knyc,open-meteo:single-runs:ncep_hrrr_conus
KXHIGHNY-26MAY25,2026-05-25,ncep_hrrr_conus,hrrr_previous_day1,hrrr_previous_day1,HRRR previous_day1 (~24h fixed lead),fixed_lead_previous_runs,2026-05-24T00:00:00+00:00,2026-05-24T03:00:00+00:00,69.9,73.0,3.0999999999999943,-3.0999999999999943,5,spring,24.0,72° to 73°,nws_cli_knyc,open-meteo:previous-runs:ncep_hrrr_conus:previous_day1
KXHIGHNY-26MAY25,2026-05-25,ncep_hrrr_conus,hrrr_exact_run,hrrr_exact_12z,HRRR exact previous-day 12Z (fixed-cycle benchmark),fixed-cycle benchmark,2026-05-24T12:00:00+00:00,2026-05-24T15:00:00+00:00,69.7,73.0,3.299999999999997,-3.299999999999997,5,spring,12.0,72° to 73°,nws_cli_knyc,open-meteo:single-runs:ncep_hrrr_conus
KXHIGHNY-26MAY25,2026-05-25,ncep_hrrr_conus,hrrr_exact_run,hrrr_exact_18z,HRRR exact previous-day 18Z (fixed-cycle benchmark),fixed-cycle benchmark,2026-05-24T18:00:00+00:00,2026-05-24T21:00:00+00:00,69.9,73.0,3.0999999999999943,-3.0999999999999943,5,spring,6.0,72° to 73°,nws_cli_knyc,open-meteo:single-runs:ncep_hrrr_conus
KXHIGHNY-26MAY25,2026-05-25,ncep_hrrr_conus,hrrr_exact_run,hrrr_exact_00z,HRRR exact event-day 00Z (fixed-cycle benchmark),fixed-cycle benchmark,2026-05-25T00:00:00+00:00,2026-05-25T03:00:00+00:00,70.9,73.0,2.0999999999999943,-2.0999999999999943,5,spring,0.0,72° to 73°,nws_cli_knyc,open-meteo:single-runs:ncep_hrrr_conus
KXHIGHNY-26MAY25,2026-05-25,ncep_hrrr_conus,hrrr_exact_run,hrrr_exact_06z,HRRR exact event-day 06Z (fixed-cycle benchmark),fixed-cycle benchmark,2026-05-25T06:00:00+00:00,2026-05-25T09:00:00+00:00,72.2,73.0,0.7999999999999972,-0.7999999999999972,5,spring,-6.0,72° to 73°,nws_cli_knyc,open-meteo:single-runs:ncep_hrrr_conus
KXHIGHNY-26MAY26,2026-05-26,ncep_hrrr_conus,hrrr_previous_day1,hrrr_previous_day1,HRRR previous_day1 (~24h fixed lead),fixed_lead_previous_runs,2026-05-25T00:00:00+00:00,2026-05-25T03:00:00+00:00,78.2,79.0,0.7999999999999972,-0.7999999999999972,5,spring,24.0,79° to 80°,nws_cli_knyc,open-meteo:previous-runs:ncep_hrrr_conus:previous_day1
KXHIGHNY-26MAY26,2026-05-26,ncep_hrrr_conus,hrrr_exact_run,hrrr_exact_12z,HRRR exact previous-day 12Z (fixed-cycle benchmark),fixed-cycle benchmark,2026-05-25T12:00:00+00:00,2026-05-25T15:00:00+00:00,78.1,79.0,0.9000000000000057,-0.9000000000000057,5,spring,12.0,79° to 80°,nws_cli_knyc,open-meteo:single-runs:ncep_hrrr_conus
KXHIGHNY-26MAY26,2026-05-26,ncep_hrrr_conus,hrrr_exact_run,hrrr_exact_18z,HRRR exact previous-day 18Z (fixed-cycle benchmark),fixed-cycle benchmark,2026-05-25T18:00:00+00:00,2026-05-25T21:00:00+00:00,78.2,79.0,0.7999999999999972,-0.7999999999999972,5,spring,6.0,79° to 80°,nws_cli_knyc,open-meteo:single-runs:ncep_hrrr_conus
KXHIGHNY-26MAY26,2026-05-26,ncep_hrrr_conus,hrrr_exact_run,hrrr_exact_00z,HRRR exact event-day 00Z (fixed-cycle benchmark),fixed-cycle benchmark,2026-05-26T00:00:00+00:00,2026-05-26T03:00:00+00:00,80.9,79.0,-1.9000000000000057,1.9000000000000057,5,spring,0.0,79° to 80°,nws_cli_knyc,open-meteo:single-runs:ncep_hrrr_conus
KXHIGHNY-26MAY26,2026-05-26,ncep_hrrr_conus,hrrr_exact_run,hrrr_exact_06z,HRRR exact event-day 06Z (fixed-cycle benchmark),fixed-cycle benchmark,2026-05-26T06:00:00+00:00,2026-05-26T09:00:00+00:00,81.7,79.0,-2.700000000000003,2.700000000000003,5,spring,-6.0,79° to 80°,nws_cli_knyc,open-meteo:single-runs:ncep_hrrr_conus
KXHIGHNY-26MAY27,2026-05-27,ncep_hrrr_conus,hrrr_previous_day1,hrrr_previous_day1,HRRR previous_day1 (~24h fixed lead),fixed_lead_previous_runs,2026-05-26T00:00:00+00:00,2026-05-26T03:00:00+00:00,86.3,81.0,-5.299999999999997,5.299999999999997,5,spring,24.0,81° to 82°,nws_cli_knyc,open-meteo:previous-runs:ncep_hrrr_conus:previous_day1
KXHIGHNY-26MAY27,2026-05-27,ncep_hrrr_conus,hrrr_exact_run,hrrr_exact_12z,HRRR exact previous-day 12Z (fixed-cycle benchmark),fixed-cycle benchmark,2026-05-26T12:00:00+00:00,2026-05-26T15:00:00+00:00,88.1,81.0,-7.099999999999994,7.099999999999994,5,spring,12.0,81° to 82°,nws_cli_knyc,open-meteo:single-runs:ncep_hrrr_conus
KXHIGHNY-26MAY27,2026-05-27,ncep_hrrr_conus,hrrr_exact_run,hrrr_exact_18z,HRRR exact previous-day 18Z (fixed-cycle benchmark),fixed-cycle benchmark,2026-05-26T18:00:00+00:00,2026-05-26T21:00:00+00:00,86.3,81.0,-5.299999999999997,5.299999999999997,5,spring,6.0,81° to 82°,nws_cli_knyc,open-meteo:single-runs:ncep_hrrr_conus
KXHIGHNY-26MAY27,2026-05-27,ncep_hrrr_conus,hrrr_exact_run,hrrr_exact_00z,HRRR exact event-day 00Z (fixed-cycle benchmark),fixed-cycle benchmark,2026-05-27T00:00:00+00:00,2026-05-27T03:00:00+00:00,86.1,81.0,-5.099999999999994,5.099999999999994,5,spring,0.0,81° to 82°,nws_cli_knyc,open-meteo:single-runs:ncep_hrrr_conus
KXHIGHNY-26MAY27,2026-05-27,ncep_hrrr_conus,hrrr_exact_run,hrrr_exact_06z,HRRR exact event-day 06Z (fixed-cycle benchmark),fixed-cycle benchmark,2026-05-27T06:00:00+00:00,2026-05-27T09:00:00+00:00,86.2,81.0,-5.200000000000003,5.200000000000003,5,spring,-6.0,81° to 82°,nws_cli_knyc,open-meteo:single-runs:ncep_hrrr_conus
KXHIGHNY-26MAY28,2026-05-28,ncep_hrrr_conus,hrrr_previous_day1,hrrr_previous_day1,HRRR previous_day1 (~24h fixed lead),fixed_lead_previous_runs,2026-05-27T00:00:00+00:00,2026-05-27T03:00:00+00:00,73.4,75.0,1.5999999999999943,-1.5999999999999943,5,spring,24.0,75° or below,nws_cli_knyc,open-meteo:previous-runs:ncep_hrrr_conus:previous_day1
KXHIGHNY-26MAY28,2026-05-28,ncep_hrrr_conus,hrrr_exact_run,hrrr_exact_12z,HRRR exact previous-day 12Z (fixed-cycle benchmark),fixed-cycle benchmark,2026-05-27T12:00:00+00:00,2026-05-27T15:00:00+00:00,73.4,75.0,1.5999999999999943,-1.5999999999999943,5,spring,12.0,75° or below,nws_cli_knyc,open-meteo:single-runs:ncep_hrrr_conus
KXHIGHNY-26MAY28,2026-05-28,ncep_hrrr_conus,hrrr_exact_run,hrrr_exact_18z,HRRR exact previous-day 18Z (fixed-cycle benchmark),fixed-cycle benchmark,2026-05-27T18:00:00+00:00,2026-05-27T21:00:00+00:00,74.6,75.0,0.4000000000000057,-0.4000000000000057,5,spring,6.0,75° or below,nws_cli_knyc,open-meteo:single-runs:ncep_hrrr_conus
KXHIGHNY-26MAY28,2026-05-28,ncep_hrrr_conus,hrrr_exact_run,hrrr_exact_00z,HRRR exact event-day 00Z (fixed-cycle benchmark),fixed-cycle benchmark,2026-05-28T00:00:00+00:00,2026-05-28T03:00:00+00:00,75.6,75.0,-0.5999999999999943,0.5999999999999943,5,spring,0.0,75° or below,nws_cli_knyc,open-meteo:single-runs:ncep_hrrr_conus
KXHIGHNY-26MAY28,2026-05-28,ncep_hrrr_conus,hrrr_exact_run,hrrr_exact_06z,HRRR exact event-day 06Z (fixed-cycle benchmark),fixed-cycle benchmark,2026-05-28T06:00:00+00:00,2026-05-28T09:00:00+00:00,76.6,75.0,-1.5999999999999943,1.5999999999999943,5,spring,-6.0,75° or below,nws_cli_knyc,open-meteo:single-runs:ncep_hrrr_conus
KXHIGHNY-26MAY29,2026-05-29,ncep_hrrr_conus,hrrr_previous_day1,hrrr_previous_day1,HRRR previous_day1 (~24h fixed lead),fixed_lead_previous_runs,2026-05-28T00:00:00+00:00,2026-05-28T03:00:00+00:00,77.7,75.0,-2.700000000000003,2.700000000000003,5,spring,24.0,77° or below,nws_cli_knyc,open-meteo:previous-runs:ncep_hrrr_conus:previous_day1
KXHIGHNY-26MAY29,2026-05-29,ncep_hrrr_conus,hrrr_exact_run,hrrr_exact_12z,HRRR exact previous-day 12Z (fixed-cycle benchmark),fixed-cycle benchmark,2026-05-28T12:00:00+00:00,2026-05-28T15:00:00+00:00,77.3,75.0,-2.299999999999997,2.299999999999997,5,spring,12.0,77° or below,nws_cli_knyc,open-meteo:single-runs:ncep_hrrr_conus
KXHIGHNY-26MAY29,2026-05-29,ncep_hrrr_conus,hrrr_exact_run,hrrr_exact_18z,HRRR exact previous-day 18Z (fixed-cycle benchmark),fixed-cycle benchmark,2026-05-28T18:00:00+00:00,2026-05-28T21:00:00+00:00,77.7,75.0,-2.700000000000003,2.700000000000003,5,spring,6.0,77° or below,nws_cli_knyc,open-meteo:single-runs:ncep_hrrr_conus
KXHIGHNY-26MAY29,2026-05-29,ncep_hrrr_conus,hrrr_exact_run,hrrr_exact_00z,HRRR exact event-day 00Z (fixed-cycle benchmark),fixed-cycle benchmark,2026-05-29T00:00:00+00:00,2026-05-29T03:00:00+00:00,79.3,75.0,-4.299999999999997,4.299999999999997,5,spring,0.0,77° or below,nws_cli_knyc,open-meteo:single-runs:ncep_hrrr_conus
KXHIGHNY-26MAY29,2026-05-29,ncep_hrrr_conus,hrrr_exact_run,hrrr_exact_06z,HRRR exact event-day 06Z (fixed-cycle benchmark),fixed-cycle benchmark,2026-05-29T06:00:00+00:00,2026-05-29T09:00:00+00:00,78.7,75.0,-3.700000000000003,3.700000000000003,5,spring,-6.0,77° or below,nws_cli_knyc,open-meteo:single-runs:ncep_hrrr_conus
KXHIGHNY-26MAY30,2026-05-30,ncep_hrrr_conus,hrrr_previous_day1,hrrr_previous_day1,HRRR previous_day1 (~24h fixed lead),fixed_lead_previous_runs,2026-05-29T00:00:00+00:00,2026-05-29T03:00:00+00:00,69.4,69.0,-0.4000000000000057,0.4000000000000057,5,spring,24.0,68° to 69°,nws_cli_knyc,open-meteo:previous-runs:ncep_hrrr_conus:previous_day1
KXHIGHNY-26MAY30,2026-05-30,ncep_hrrr_conus,hrrr_exact_run,hrrr_exact_12z,HRRR exact previous-day 12Z (fixed-cycle benchmark),fixed-cycle benchmark,2026-05-29T12:00:00+00:00,2026-05-29T15:00:00+00:00,69.3,69.0,-0.29999999999999716,0.29999999999999716,5,spring,12.0,68° to 69°,nws_cli_knyc,open-meteo:single-runs:ncep_hrrr_conus
KXHIGHNY-26MAY30,2026-05-30,ncep_hrrr_conus,hrrr_exact_run,hrrr_exact_18z,HRRR exact previous-day 18Z (fixed-cycle benchmark),fixed-cycle benchmark,2026-05-29T18:00:00+00:00,2026-05-29T21:00:00+00:00,68.9,69.0,0.09999999999999432,-0.09999999999999432,5,spring,6.0,68° to 69°,nws_cli_knyc,open-meteo:single-runs:ncep_hrrr_conus
KXHIGHNY-26MAY30,2026-05-30,ncep_hrrr_conus,hrrr_exact_run,hrrr_exact_00z,HRRR exact event-day 00Z (fixed-cycle benchmark),fixed-cycle benchmark,2026-05-30T00:00:00+00:00,2026-05-30T03:00:00+00:00,68.0,69.0,1.0,-1.0,5,spring,0.0,68° to 69°,nws_cli_knyc,open-meteo:single-runs:ncep_hrrr_conus
KXHIGHNY-26MAY30,2026-05-30,ncep_hrrr_conus,hrrr_exact_run,hrrr_exact_06z,HRRR exact event-day 06Z (fixed-cycle benchmark),fixed-cycle benchmark,2026-05-30T06:00:00+00:00,2026-05-30T09:00:00+00:00,68.9,69.0,0.09999999999999432,-0.09999999999999432,5,spring,-6.0,68° to 69°,nws_cli_knyc,open-meteo:single-runs:ncep_hrrr_conus
KXHIGHNY-26MAY31,2026-05-31,ncep_hrrr_conus,hrrr_previous_day1,hrrr_previous_day1,HRRR previous_day1 (~24h fixed lead),fixed_lead_previous_runs,2026-05-30T00:00:00+00:00,2026-05-30T03:00:00+00:00,74.6,75.0,0.4000000000000057,-0.4000000000000057,5,spring,24.0,74° to 75°,nws_cli_knyc,open-meteo:previous-runs:ncep_hrrr_conus:previous_day1
KXHIGHNY-26MAY31,2026-05-31,ncep_hrrr_conus,hrrr_exact_run,hrrr_exact_12z,HRRR exact previous-day 12Z (fixed-cycle benchmark),fixed-cycle benchmark,2026-05-30T12:00:00+00:00,2026-05-30T15:00:00+00:00,73.5,75.0,1.5,-1.5,5,spring,12.0,74° to 75°,nws_cli_knyc,open-meteo:single-runs:ncep_hrrr_conus
KXHIGHNY-26MAY31,2026-05-31,ncep_hrrr_conus,hrrr_exact_run,hrrr_exact_18z,HRRR exact previous-day 18Z (fixed-cycle benchmark),fixed-cycle benchmark,2026-05-30T18:00:00+00:00,2026-05-30T21:00:00+00:00,74.6,75.0,0.4000000000000057,-0.4000000000000057,5,spring,6.0,74° to 75°,nws_cli_knyc,open-meteo:single-runs:ncep_hrrr_conus
KXHIGHNY-26MAY31,2026-05-31,ncep_hrrr_conus,hrrr_exact_run,hrrr_exact_00z,HRRR exact event-day 00Z (fixed-cycle benchmark),fixed-cycle benchmark,2026-05-31T00:00:00+00:00,2026-05-31T03:00:00+00:00,75.7,75.0,-0.7000000000000028,0.7000000000000028,5,spring,0.0,74° to 75°,nws_cli_knyc,open-meteo:single-runs:ncep_hrrr_conus
KXHIGHNY-26MAY31,2026-05-31,ncep_hrrr_conus,hrrr_exact_run,hrrr_exact_06z,HRRR exact event-day 06Z (fixed-cycle benchmark),fixed-cycle benchmark,2026-05-31T06:00:00+00:00,2026-05-31T09:00:00+00:00,75.1,75.0,-0.09999999999999432,0.09999999999999432,5,spring,-6.0,74° to 75°,nws_cli_knyc,open-meteo:single-runs:ncep_hrrr_conus
KXHIGHNY-26JUN01,2026-06-01,ncep_hrrr_conus,hrrr_previous_day1,hrrr_previous_day1,HRRR previous_day1 (~24h fixed lead),fixed_lead_previous_runs,2026-05-31T00:00:00+00:00,2026-05-31T03:00:00+00:00,71.4,71.0,-0.4000000000000057,0.4000000000000057,6,summer,24.0,70° to 71°,nws_cli_knyc,open-meteo:previous-runs:ncep_hrrr_conus:previous_day1
KXHIGHNY-26JUN01,2026-06-01,ncep_hrrr_conus,hrrr_exact_run,hrrr_exact_12z,HRRR exact previous-day 12Z (fixed-cycle benchmark),fixed-cycle benchmark,2026-05-31T12:00:00+00:00,2026-05-31T15:00:00+00:00,70.3,71.0,0.7000000000000028,-0.7000000000000028,6,summer,12.0,70° to 71°,nws_cli_knyc,open-meteo:single-runs:ncep_hrrr_conus
KXHIGHNY-26JUN01,2026-06-01,ncep_hrrr_conus,hrrr_exact_run,hrrr_exact_18z,HRRR exact previous-day 18Z (fixed-cycle benchmark),fixed-cycle benchmark,2026-05-31T18:00:00+00:00,2026-05-31T21:00:00+00:00,71.4,71.0,-0.4000000000000057,0.4000000000000057,6,summer,6.0,70° to 71°,nws_cli_knyc,open-meteo:single-runs:ncep_hrrr_conus
KXHIGHNY-26JUN01,2026-06-01,ncep_hrrr_conus,hrrr_exact_run,hrrr_exact_00z,HRRR exact event-day 00Z (fixed-cycle benchmark),fixed-cycle benchmark,2026-06-01T00:00:00+00:00,2026-06-01T03:00:00+00:00,71.1,71.0,-0.09999999999999432,0.09999999999999432,6,summer,0.0,70° to 71°,nws_cli_knyc,open-meteo:single-runs:ncep_hrrr_conus
KXHIGHNY-26JUN01,2026-06-01,ncep_hrrr_conus,hrrr_exact_run,hrrr_exact_06z,HRRR exact event-day 06Z (fixed-cycle benchmark),fixed-cycle benchmark,2026-06-01T06:00:00+00:00,2026-06-01T09:00:00+00:00,71.9,71.0,-0.9000000000000057,0.9000000000000057,6,summer,-6.0,70° to 71°,nws_cli_knyc,open-meteo:single-runs:ncep_hrrr_conus
KXHIGHNY-26JUN02,2026-06-02,ncep_hrrr_conus,hrrr_previous_day1,hrrr_previous_day1,HRRR previous_day1 (~24h fixed lead),fixed_lead_previous_runs,2026-06-01T00:00:00+00:00,2026-06-01T03:00:00+00:00,75.5,76.0,0.5,-0.5,6,summer,24.0,75° to 76°,nws_cli_knyc,open-meteo:previous-runs:ncep_hrrr_conus:previous_day1
KXHIGHNY-26JUN02,2026-06-02,ncep_hrrr_conus,hrrr_exact_run,hrrr_exact_12z,HRRR exact previous-day 12Z (fixed-cycle benchmark),fixed-cycle benchmark,2026-06-01T12:00:00+00:00,2026-06-01T15:00:00+00:00,74.9,76.0,1.0999999999999943,-1.0999999999999943,6,summer,12.0,75° to 76°,nws_cli_knyc,open-meteo:single-runs:ncep_hrrr_conus
KXHIGHNY-26JUN02,2026-06-02,ncep_hrrr_conus,hrrr_exact_run,hrrr_exact_18z,HRRR exact previous-day 18Z (fixed-cycle benchmark),fixed-cycle benchmark,2026-06-01T18:00:00+00:00,2026-06-01T21:00:00+00:00,75.5,76.0,0.5,-0.5,6,summer,6.0,75° to 76°,nws_cli_knyc,open-meteo:single-runs:ncep_hrrr_conus
KXHIGHNY-26JUN02,2026-06-02,ncep_hrrr_conus,hrrr_exact_run,hrrr_exact_00z,HRRR exact event-day 00Z (fixed-cycle benchmark),fixed-cycle benchmark,2026-06-02T00:00:00+00:00,2026-06-02T03:00:00+00:00,77.1,76.0,-1.0999999999999943,1.0999999999999943,6,summer,0.0,75° to 76°,nws_cli_knyc,open-meteo:single-runs:ncep_hrrr_conus
KXHIGHNY-26JUN02,2026-06-02,ncep_hrrr_conus,hrrr_exact_run,hrrr_exact_06z,HRRR exact event-day 06Z (fixed-cycle benchmark),fixed-cycle benchmark,2026-06-02T06:00:00+00:00,2026-06-02T09:00:00+00:00,75.9,76.0,0.09999999999999432,-0.09999999999999432,6,summer,-6.0,75° to 76°,nws_cli_knyc,open-meteo:single-runs:ncep_hrrr_conus
KXHIGHNY-26JUN03,2026-06-03,ncep_hrrr_conus,hrrr_previous_day1,hrrr_previous_day1,HRRR previous_day1 (~24h fixed lead),fixed_lead_previous_runs,2026-06-02T00:00:00+00:00,2026-06-02T03:00:00+00:00,82.4,83.0,0.5999999999999943,-0.5999999999999943,6,summer,24.0,82° to 83°,nws_cli_knyc,open-meteo:previous-runs:ncep_hrrr_conus:previous_day1
KXHIGHNY-26JUN03,2026-06-03,ncep_hrrr_conus,hrrr_exact_run,hrrr_exact_12z,HRRR exact previous-day 12Z (fixed-cycle benchmark),fixed-cycle benchmark,2026-06-02T12:00:00+00:00,2026-06-02T15:00:00+00:00,80.9,83.0,2.0999999999999943,-2.0999999999999943,6,summer,12.0,82° to 83°,nws_cli_knyc,open-meteo:single-runs:ncep_hrrr_conus
KXHIGHNY-26JUN03,2026-06-03,ncep_hrrr_conus,hrrr_exact_run,hrrr_exact_18z,HRRR exact previous-day 18Z (fixed-cycle benchmark),fixed-cycle benchmark,2026-06-02T18:00:00+00:00,2026-06-02T21:00:00+00:00,82.4,83.0,0.5999999999999943,-0.5999999999999943,6,summer,6.0,82° to 83°,nws_cli_knyc,open-meteo:single-runs:ncep_hrrr_conus
KXHIGHNY-26JUN03,2026-06-03,ncep_hrrr_conus,hrrr_exact_run,hrrr_exact_00z,HRRR exact event-day 00Z (fixed-cycle benchmark),fixed-cycle benchmark,2026-06-03T00:00:00+00:00,2026-06-03T03:00:00+00:00,84.3,83.0,-1.2999999999999972,1.2999999999999972,6,summer,0.0,82° to 83°,nws_cli_knyc,open-meteo:single-runs:ncep_hrrr_conus
KXHIGHNY-26JUN03,2026-06-03,ncep_hrrr_conus,hrrr_exact_run,hrrr_exact_06z,HRRR exact event-day 06Z (fixed-cycle benchmark),fixed-cycle benchmark,2026-06-03T06:00:00+00:00,2026-06-03T09:00:00+00:00,83.4,83.0,-0.4000000000000057,0.4000000000000057,6,summer,-6.0,82° to 83°,nws_cli_knyc,open-meteo:single-runs:ncep_hrrr_conus
KXHIGHNY-26JUN04,2026-06-04,ncep_hrrr_conus,hrrr_previous_day1,hrrr_previous_day1,HRRR previous_day1 (~24h fixed lead),fixed_lead_previous_runs,2026-06-03T00:00:00+00:00,2026-06-03T03:00:00+00:00,88.0,86.0,-2.0,2.0,6,summer,24.0,86° to 87°,nws_cli_knyc,open-meteo:previous-runs:ncep_hrrr_conus:previous_day1
KXHIGHNY-26JUN04,2026-06-04,ncep_hrrr_conus,hrrr_exact_run,hrrr_exact_12z,HRRR exact previous-day 12Z (fixed-cycle benchmark),fixed-cycle benchmark,2026-06-03T12:00:00+00:00,2026-06-03T15:00:00+00:00,88.3,86.0,-2.299999999999997,2.299999999999997,6,summer,12.0,86° to 87°,nws_cli_knyc,open-meteo:single-runs:ncep_hrrr_conus
KXHIGHNY-26JUN04,2026-06-04,ncep_hrrr_conus,hrrr_exact_run,hrrr_exact_18z,HRRR exact previous-day 18Z (fixed-cycle benchmark),fixed-cycle benchmark,2026-06-03T18:00:00+00:00,2026-06-03T21:00:00+00:00,88.0,86.0,-2.0,2.0,6,summer,6.0,86° to 87°,nws_cli_knyc,open-meteo:single-runs:ncep_hrrr_conus
KXHIGHNY-26JUN04,2026-06-04,ncep_hrrr_conus,hrrr_exact_run,hrrr_exact_00z,HRRR exact event-day 00Z (fixed-cycle benchmark),fixed-cycle benchmark,2026-06-04T00:00:00+00:00,2026-06-04T03:00:00+00:00,89.0,86.0,-3.0,3.0,6,summer,0.0,86° to 87°,nws_cli_knyc,open-meteo:single-runs:ncep_hrrr_conus
KXHIGHNY-26JUN04,2026-06-04,ncep_hrrr_conus,hrrr_exact_run,hrrr_exact_06z,HRRR exact event-day 06Z (fixed-cycle benchmark),fixed-cycle benchmark,2026-06-04T06:00:00+00:00,2026-06-04T09:00:00+00:00,87.2,86.0,-1.2000000000000028,1.2000000000000028,6,summer,-6.0,86° to 87°,nws_cli_knyc,open-meteo:single-runs:ncep_hrrr_conus
KXHIGHNY-26JUN05,2026-06-05,ncep_hrrr_conus,hrrr_previous_day1,hrrr_previous_day1,HRRR previous_day1 (~24h fixed lead),fixed_lead_previous_runs,2026-06-04T00:00:00+00:00,2026-06-04T03:00:00+00:00,91.9,88.0,-3.9000000000000057,3.9000000000000057,6,summer,24.0,87° to 88°,nws_cli_knyc,open-meteo:previous-runs:ncep_hrrr_conus:previous_day1
KXHIGHNY-26JUN05,2026-06-05,ncep_hrrr_conus,hrrr_exact_run,hrrr_exact_12z,HRRR exact previous-day 12Z (fixed-cycle benchmark),fixed-cycle benchmark,2026-06-04T12:00:00+00:00,2026-06-04T15:00:00+00:00,93.0,88.0,-5.0,5.0,6,summer,12.0,87° to 88°,nws_cli_knyc,open-meteo:single-runs:ncep_hrrr_conus
KXHIGHNY-26JUN05,2026-06-05,ncep_hrrr_conus,hrrr_exact_run,hrrr_exact_18z,HRRR exact previous-day 18Z (fixed-cycle benchmark),fixed-cycle benchmark,2026-06-04T18:00:00+00:00,2026-06-04T21:00:00+00:00,91.9,88.0,-3.9000000000000057,3.9000000000000057,6,summer,6.0,87° to 88°,nws_cli_knyc,open-meteo:single-runs:ncep_hrrr_conus
KXHIGHNY-26JUN05,2026-06-05,ncep_hrrr_conus,hrrr_exact_run,hrrr_exact_00z,HRRR exact event-day 00Z (fixed-cycle benchmark),fixed-cycle benchmark,2026-06-05T00:00:00+00:00,2026-06-05T03:00:00+00:00,92.3,88.0,-4.299999999999997,4.299999999999997,6,summer,0.0,87° to 88°,nws_cli_knyc,open-meteo:single-runs:ncep_hrrr_conus
KXHIGHNY-26JUN05,2026-06-05,ncep_hrrr_conus,hrrr_exact_run,hrrr_exact_06z,HRRR exact event-day 06Z (fixed-cycle benchmark),fixed-cycle benchmark,2026-06-05T06:00:00+00:00,2026-06-05T09:00:00+00:00,91.9,88.0,-3.9000000000000057,3.9000000000000057,6,summer,-6.0,87° to 88°,nws_cli_knyc,open-meteo:single-runs:ncep_hrrr_conus
KXHIGHNY-26JUN06,2026-06-06,ncep_hrrr_conus,hrrr_previous_day1,hrrr_previous_day1,HRRR previous_day1 (~24h fixed lead),fixed_lead_previous_runs,2026-06-05T00:00:00+00:00,2026-06-05T03:00:00+00:00,93.6,87.0,-6.599999999999994,6.599999999999994,6,summer,24.0,87° to 88°,nws_cli_knyc,open-meteo:previous-runs:ncep_hrrr_conus:previous_day1
KXHIGHNY-26JUN06,2026-06-06,ncep_hrrr_conus,hrrr_exact_run,hrrr_exact_12z,HRRR exact previous-day 12Z (fixed-cycle benchmark),fixed-cycle benchmark,2026-06-05T12:00:00+00:00,2026-06-05T15:00:00+00:00,93.5,87.0,-6.5,6.5,6,summer,12.0,87° to 88°,nws_cli_knyc,open-meteo:single-runs:ncep_hrrr_conus
KXHIGHNY-26JUN06,2026-06-06,ncep_hrrr_conus,hrrr_exact_run,hrrr_exact_18z,HRRR exact previous-day 18Z (fixed-cycle benchmark),fixed-cycle benchmark,2026-06-05T18:00:00+00:00,2026-06-05T21:00:00+00:00,93.6,87.0,-6.599999999999994,6.599999999999994,6,summer,6.0,87° to 88°,nws_cli_knyc,open-meteo:single-runs:ncep_hrrr_conus
KXHIGHNY-26JUN06,2026-06-06,ncep_hrrr_conus,hrrr_exact_run,hrrr_exact_00z,HRRR exact event-day 00Z (fixed-cycle benchmark),fixed-cycle benchmark,2026-06-06T00:00:00+00:00,2026-06-06T03:00:00+00:00,93.5,87.0,-6.5,6.5,6,summer,0.0,87° to 88°,nws_cli_knyc,open-meteo:single-runs:ncep_hrrr_conus
KXHIGHNY-26JUN06,2026-06-06,ncep_hrrr_conus,hrrr_exact_run,hrrr_exact_06z,HRRR exact event-day 06Z (fixed-cycle benchmark),fixed-cycle benchmark,2026-06-06T06:00:00+00:00,2026-06-06T09:00:00+00:00,92.2,87.0,-5.200000000000003,5.200000000000003,6,summer,-6.0,87° to 88°,nws_cli_knyc,open-meteo:single-runs:ncep_hrrr_conus
KXHIGHNY-26JUN07,2026-06-07,ncep_hrrr_conus,hrrr_previous_day1,hrrr_previous_day1,HRRR previous_day1 (~24h fixed lead),fixed_lead_previous_runs,2026-06-06T00:00:00+00:00,2026-06-06T03:00:00+00:00,84.4,81.0,-3.4000000000000057,3.4000000000000057,6,summer,24.0,86° or below,nws_cli_knyc,open-meteo:previous-runs:ncep_hrrr_conus:previous_day1
KXHIGHNY-26JUN07,2026-06-07,ncep_hrrr_conus,hrrr_exact_run,hrrr_exact_12z,HRRR exact previous-day 12Z (fixed-cycle benchmark),fixed-cycle benchmark,2026-06-06T12:00:00+00:00,2026-06-06T15:00:00+00:00,84.3,81.0,-3.299999999999997,3.299999999999997,6,summer,12.0,86° or below,nws_cli_knyc,open-meteo:single-runs:ncep_hrrr_conus
KXHIGHNY-26JUN07,2026-06-07,ncep_hrrr_conus,hrrr_exact_run,hrrr_exact_18z,HRRR exact previous-day 18Z (fixed-cycle benchmark),fixed-cycle benchmark,2026-06-06T18:00:00+00:00,2026-06-06T21:00:00+00:00,84.4,81.0,-3.4000000000000057,3.4000000000000057,6,summer,6.0,86° or below,nws_cli_knyc,open-meteo:single-runs:ncep_hrrr_conus
KXHIGHNY-26JUN07,2026-06-07,ncep_hrrr_conus,hrrr_exact_run,hrrr_exact_00z,HRRR exact event-day 00Z (fixed-cycle benchmark),fixed-cycle benchmark,2026-06-07T00:00:00+00:00,2026-06-07T03:00:00+00:00,84.5,81.0,-3.5,3.5,6,summer,0.0,86° or below,nws_cli_knyc,open-meteo:single-runs:ncep_hrrr_conus
KXHIGHNY-26JUN07,2026-06-07,ncep_hrrr_conus,hrrr_exact_run,hrrr_exact_06z,HRRR exact event-day 06Z (fixed-cycle benchmark),fixed-cycle benchmark,2026-06-07T06:00:00+00:00,2026-06-07T09:00:00+00:00,84.4,81.0,-3.4000000000000057,3.4000000000000057,6,summer,-6.0,86° or below,nws_cli_knyc,open-meteo:single-runs:ncep_hrrr_conus
KXHIGHNY-26JUN08,2026-06-08,ncep_hrrr_conus,hrrr_previous_day1,hrrr_previous_day1,HRRR previous_day1 (~24h fixed lead),fixed_lead_previous_runs,2026-06-07T00:00:00+00:00,2026-06-07T03:00:00+00:00,76.4,75.0,-1.4000000000000057,1.4000000000000057,6,summer,24.0,74° to 75°,nws_cli_knyc,open-meteo:previous-runs:ncep_hrrr_conus:previous_day1
KXHIGHNY-26JUN08,2026-06-08,ncep_hrrr_conus,hrrr_exact_run,hrrr_exact_12z,HRRR exact previous-day 12Z (fixed-cycle benchmark),fixed-cycle benchmark,2026-06-07T12:00:00+00:00,2026-06-07T15:00:00+00:00,75.9,75.0,-0.9000000000000057,0.9000000000000057,6,summer,12.0,74° to 75°,nws_cli_knyc,open-meteo:single-runs:ncep_hrrr_conus
KXHIGHNY-26JUN08,2026-06-08,ncep_hrrr_conus,hrrr_exact_run,hrrr_exact_18z,HRRR exact previous-day 18Z (fixed-cycle benchmark),fixed-cycle benchmark,2026-06-07T18:00:00+00:00,2026-06-07T21:00:00+00:00,76.4,75.0,-1.4000000000000057,1.4000000000000057,6,summer,6.0,74° to 75°,nws_cli_knyc,open-meteo:single-runs:ncep_hrrr_conus
KXHIGHNY-26JUN08,2026-06-08,ncep_hrrr_conus,hrrr_exact_run,hrrr_exact_00z,HRRR exact event-day 00Z (fixed-cycle benchmark),fixed-cycle benchmark,2026-06-08T00:00:00+00:00,2026-06-08T03:00:00+00:00,75.3,75.0,-0.29999999999999716,0.29999999999999716,6,summer,0.0,74° to 75°,nws_cli_knyc,open-meteo:single-runs:ncep_hrrr_conus
KXHIGHNY-26JUN08,2026-06-08,ncep_hrrr_conus,hrrr_exact_run,hrrr_exact_06z,HRRR exact event-day 06Z (fixed-cycle benchmark),fixed-cycle benchmark,2026-06-08T06:00:00+00:00,2026-06-08T09:00:00+00:00,76.9,75.0,-1.9000000000000057,1.9000000000000057,6,summer,-6.0,74° to 75°,nws_cli_knyc,open-meteo:single-runs:ncep_hrrr_conus
KXHIGHNY-26JUN09,2026-06-09,ncep_hrrr_conus,hrrr_previous_day1,hrrr_previous_day1,HRRR previous_day1 (~24h fixed lead),fixed_lead_previous_runs,2026-06-08T00:00:00+00:00,2026-06-08T03:00:00+00:00,80.3,79.0,-1.2999999999999972,1.2999999999999972,6,summer,24.0,78° to 79°,nws_cli_knyc,open-meteo:previous-runs:ncep_hrrr_conus:previous_day1
KXHIGHNY-26JUN09,2026-06-09,ncep_hrrr_conus,hrrr_exact_run,hrrr_exact_12z,HRRR exact previous-day 12Z (fixed-cycle benchmark),fixed-cycle benchmark,2026-06-08T12:00:00+00:00,2026-06-08T15:00:00+00:00,80.9,79.0,-1.9000000000000057,1.9000000000000057,6,summer,12.0,78° to 79°,nws_cli_knyc,open-meteo:single-runs:ncep_hrrr_conus
KXHIGHNY-26JUN09,2026-06-09,ncep_hrrr_conus,hrrr_exact_run,hrrr_exact_18z,HRRR exact previous-day 18Z (fixed-cycle benchmark),fixed-cycle benchmark,2026-06-08T18:00:00+00:00,2026-06-08T21:00:00+00:00,80.3,79.0,-1.2999999999999972,1.2999999999999972,6,summer,6.0,78° to 79°,nws_cli_knyc,open-meteo:single-runs:ncep_hrrr_conus
KXHIGHNY-26JUN09,2026-06-09,ncep_hrrr_conus,hrrr_exact_run,hrrr_exact_00z,HRRR exact event-day 00Z (fixed-cycle benchmark),fixed-cycle benchmark,2026-06-09T00:00:00+00:00,2026-06-09T03:00:00+00:00,80.5,79.0,-1.5,1.5,6,summer,0.0,78° to 79°,nws_cli_knyc,open-meteo:single-runs:ncep_hrrr_conus
KXHIGHNY-26JUN09,2026-06-09,ncep_hrrr_conus,hrrr_exact_run,hrrr_exact_06z,HRRR exact event-day 06Z (fixed-cycle benchmark),fixed-cycle benchmark,2026-06-09T06:00:00+00:00,2026-06-09T09:00:00+00:00,81.2,79.0,-2.200000000000003,2.200000000000003,6,summer,-6.0,78° to 79°,nws_cli_knyc,open-meteo:single-runs:ncep_hrrr_conus
KXHIGHNY-26JUN10,2026-06-10,ncep_hrrr_conus,hrrr_previous_day1,hrrr_previous_day1,HRRR previous_day1 (~24h fixed lead),fixed_lead_previous_runs,2026-06-09T00:00:00+00:00,2026-06-09T03:00:00+00:00,83.6,82.0,-1.5999999999999943,1.5999999999999943,6,summer,24.0,81° to 82°,nws_cli_knyc,open-meteo:previous-runs:ncep_hrrr_conus:previous_day1
KXHIGHNY-26JUN10,2026-06-10,ncep_hrrr_conus,hrrr_exact_run,hrrr_exact_12z,HRRR exact previous-day 12Z (fixed-cycle benchmark),fixed-cycle benchmark,2026-06-09T12:00:00+00:00,2026-06-09T15:00:00+00:00,81.7,82.0,0.29999999999999716,-0.29999999999999716,6,summer,12.0,81° to 82°,nws_cli_knyc,open-meteo:single-runs:ncep_hrrr_conus
KXHIGHNY-26JUN10,2026-06-10,ncep_hrrr_conus,hrrr_exact_run,hrrr_exact_18z,HRRR exact previous-day 18Z (fixed-cycle benchmark),fixed-cycle benchmark,2026-06-09T18:00:00+00:00,2026-06-09T21:00:00+00:00,83.6,82.0,-1.5999999999999943,1.5999999999999943,6,summer,6.0,81° to 82°,nws_cli_knyc,open-meteo:single-runs:ncep_hrrr_conus
KXHIGHNY-26JUN10,2026-06-10,ncep_hrrr_conus,hrrr_exact_run,hrrr_exact_00z,HRRR exact event-day 00Z (fixed-cycle benchmark),fixed-cycle benchmark,2026-06-10T00:00:00+00:00,2026-06-10T03:00:00+00:00,87.4,82.0,-5.400000000000006,5.400000000000006,6,summer,0.0,81° to 82°,nws_cli_knyc,open-meteo:single-runs:ncep_hrrr_conus
KXHIGHNY-26JUN10,2026-06-10,ncep_hrrr_conus,hrrr_exact_run,hrrr_exact_06z,HRRR exact event-day 06Z (fixed-cycle benchmark),fixed-cycle benchmark,2026-06-10T06:00:00+00:00,2026-06-10T09:00:00+00:00,85.7,82.0,-3.700000000000003,3.700000000000003,6,summer,-6.0,81° to 82°,nws_cli_knyc,open-meteo:single-runs:ncep_hrrr_conus
KXHIGHNY-26JUN12,2026-06-12,ncep_hrrr_conus,hrrr_previous_day1,hrrr_previous_day1,HRRR previous_day1 (~24h fixed lead),fixed_lead_previous_runs,2026-06-11T00:00:00+00:00,2026-06-11T03:00:00+00:00,96.2,90.0,-6.200000000000003,6.200000000000003,6,summer,24.0,90° to 91°,nws_cli_knyc,open-meteo:previous-runs:ncep_hrrr_conus:previous_day1
KXHIGHNY-26JUN12,2026-06-12,ncep_hrrr_conus,hrrr_exact_run,hrrr_exact_18z,HRRR exact previous-day 18Z (fixed-cycle benchmark),fixed-cycle benchmark,2026-06-11T18:00:00+00:00,2026-06-11T21:00:00+00:00,96.2,90.0,-6.200000000000003,6.200000000000003,6,summer,6.0,90° to 91°,nws_cli_knyc,open-meteo:single-runs:ncep_hrrr_conus
KXHIGHNY-26JUN12,2026-06-12,ncep_hrrr_conus,hrrr_exact_run,hrrr_exact_00z,HRRR exact event-day 00Z (fixed-cycle benchmark),fixed-cycle benchmark,2026-06-12T00:00:00+00:00,2026-06-12T03:00:00+00:00,95.3,90.0,-5.299999999999997,5.299999999999997,6,summer,0.0,90° to 91°,nws_cli_knyc,open-meteo:single-runs:ncep_hrrr_conus
KXHIGHNY-26JUN12,2026-06-12,ncep_hrrr_conus,hrrr_exact_run,hrrr_exact_06z,HRRR exact event-day 06Z (fixed-cycle benchmark),fixed-cycle benchmark,2026-06-12T06:00:00+00:00,2026-06-12T09:00:00+00:00,97.1,90.0,-7.099999999999994,7.099999999999994,6,summer,-6.0,90° to 91°,nws_cli_knyc,open-meteo:single-runs:ncep_hrrr_conus
KXHIGHNY-26JUN13,2026-06-13,ncep_hrrr_conus,hrrr_previous_day1,hrrr_previous_day1,HRRR previous_day1 (~24h fixed lead),fixed_lead_previous_runs,2026-06-12T00:00:00+00:00,2026-06-12T03:00:00+00:00,88.8,85.0,-3.799999999999997,3.799999999999997,6,summer,24.0,86° or below,nws_cli_knyc,open-meteo:previous-runs:ncep_hrrr_conus:previous_day1
KXHIGHNY-26JUN13,2026-06-13,ncep_hrrr_conus,hrrr_exact_run,hrrr_exact_12z,HRRR exact previous-day 12Z (fixed-cycle benchmark),fixed-cycle benchmark,2026-06-12T12:00:00+00:00,2026-06-12T15:00:00+00:00,90.2,85.0,-5.200000000000003,5.200000000000003,6,summer,12.0,86° or below,nws_cli_knyc,open-meteo:single-runs:ncep_hrrr_conus
KXHIGHNY-26JUN13,2026-06-13,ncep_hrrr_conus,hrrr_exact_run,hrrr_exact_18z,HRRR exact previous-day 18Z (fixed-cycle benchmark),fixed-cycle benchmark,2026-06-12T18:00:00+00:00,2026-06-12T21:00:00+00:00,88.8,85.0,-3.799999999999997,3.799999999999997,6,summer,6.0,86° or below,nws_cli_knyc,open-meteo:single-runs:ncep_hrrr_conus
KXHIGHNY-26JUN13,2026-06-13,ncep_hrrr_conus,hrrr_exact_run,hrrr_exact_00z,HRRR exact event-day 00Z (fixed-cycle benchmark),fixed-cycle benchmark,2026-06-13T00:00:00+00:00,2026-06-13T03:00:00+00:00,90.0,85.0,-5.0,5.0,6,summer,0.0,86° or below,nws_cli_knyc,open-meteo:single-runs:ncep_hrrr_conus
KXHIGHNY-26JUN13,2026-06-13,ncep_hrrr_conus,hrrr_exact_run,hrrr_exact_06z,HRRR exact event-day 06Z (fixed-cycle benchmark),fixed-cycle benchmark,2026-06-13T06:00:00+00:00,2026-06-13T09:00:00+00:00,90.4,85.0,-5.400000000000006,5.400000000000006,6,summer,-6.0,86° or below,nws_cli_knyc,open-meteo:single-runs:ncep_hrrr_conus
KXHIGHNY-26JUN14,2026-06-14,ncep_hrrr_conus,hrrr_previous_day1,hrrr_previous_day1,HRRR previous_day1 (~24h fixed lead),fixed_lead_previous_runs,2026-06-13T00:00:00+00:00,2026-06-13T03:00:00+00:00,93.6,87.0,-6.599999999999994,6.599999999999994,6,summer,24.0,87° to 88°,nws_cli_knyc,open-meteo:previous-runs:ncep_hrrr_conus:previous_day1
KXHIGHNY-26JUN14,2026-06-14,ncep_hrrr_conus,hrrr_exact_run,hrrr_exact_12z,HRRR exact previous-day 12Z (fixed-cycle benchmark),fixed-cycle benchmark,2026-06-13T12:00:00+00:00,2026-06-13T15:00:00+00:00,92.0,87.0,-5.0,5.0,6,summer,12.0,87° to 88°,nws_cli_knyc,open-meteo:single-runs:ncep_hrrr_conus
KXHIGHNY-26JUN14,2026-06-14,ncep_hrrr_conus,hrrr_exact_run,hrrr_exact_18z,HRRR exact previous-day 18Z (fixed-cycle benchmark),fixed-cycle benchmark,2026-06-13T18:00:00+00:00,2026-06-13T21:00:00+00:00,93.6,87.0,-6.599999999999994,6.599999999999994,6,summer,6.0,87° to 88°,nws_cli_knyc,open-meteo:single-runs:ncep_hrrr_conus
KXHIGHNY-26JUN14,2026-06-14,ncep_hrrr_conus,hrrr_exact_run,hrrr_exact_00z,HRRR exact event-day 00Z (fixed-cycle benchmark),fixed-cycle benchmark,2026-06-14T00:00:00+00:00,2026-06-14T03:00:00+00:00,91.6,87.0,-4.599999999999994,4.599999999999994,6,summer,0.0,87° to 88°,nws_cli_knyc,open-meteo:single-runs:ncep_hrrr_conus
KXHIGHNY-26JUN14,2026-06-14,ncep_hrrr_conus,hrrr_exact_run,hrrr_exact_06z,HRRR exact event-day 06Z (fixed-cycle benchmark),fixed-cycle benchmark,2026-06-14T06:00:00+00:00,2026-06-14T09:00:00+00:00,91.0,87.0,-4.0,4.0,6,summer,-6.0,87° to 88°,nws_cli_knyc,open-meteo:single-runs:ncep_hrrr_conus
KXHIGHNY-26JUN15,2026-06-15,ncep_hrrr_conus,hrrr_previous_day1,hrrr_previous_day1,HRRR previous_day1 (~24h fixed lead),fixed_lead_previous_runs,2026-06-14T00:00:00+00:00,2026-06-14T03:00:00+00:00,78.5,74.0,-4.5,4.5,6,summer,24.0,77° or below,nws_cli_knyc,open-meteo:previous-runs:ncep_hrrr_conus:previous_day1
KXHIGHNY-26JUN15,2026-06-15,ncep_hrrr_conus,hrrr_exact_run,hrrr_exact_12z,HRRR exact previous-day 12Z (fixed-cycle benchmark),fixed-cycle benchmark,2026-06-14T12:00:00+00:00,2026-06-14T15:00:00+00:00,79.3,74.0,-5.299999999999997,5.299999999999997,6,summer,12.0,77° or below,nws_cli_knyc,open-meteo:single-runs:ncep_hrrr_conus
KXHIGHNY-26JUN15,2026-06-15,ncep_hrrr_conus,hrrr_exact_run,hrrr_exact_18z,HRRR exact previous-day 18Z (fixed-cycle benchmark),fixed-cycle benchmark,2026-06-14T18:00:00+00:00,2026-06-14T21:00:00+00:00,78.5,74.0,-4.5,4.5,6,summer,6.0,77° or below,nws_cli_knyc,open-meteo:single-runs:ncep_hrrr_conus
KXHIGHNY-26JUN15,2026-06-15,ncep_hrrr_conus,hrrr_exact_run,hrrr_exact_00z,HRRR exact event-day 00Z (fixed-cycle benchmark),fixed-cycle benchmark,2026-06-15T00:00:00+00:00,2026-06-15T03:00:00+00:00,79.6,74.0,-5.599999999999994,5.599999999999994,6,summer,0.0,77° or below,nws_cli_knyc,open-meteo:single-runs:ncep_hrrr_conus
KXHIGHNY-26JUN15,2026-06-15,ncep_hrrr_conus,hrrr_exact_run,hrrr_exact_06z,HRRR exact event-day 06Z (fixed-cycle benchmark),fixed-cycle benchmark,2026-06-15T06:00:00+00:00,2026-06-15T09:00:00+00:00,80.2,74.0,-6.200000000000003,6.200000000000003,6,summer,-6.0,77° or below,nws_cli_knyc,open-meteo:single-runs:ncep_hrrr_conus
KXHIGHNY-26JUN16,2026-06-16,ncep_hrrr_conus,hrrr_previous_day1,hrrr_previous_day1,HRRR previous_day1 (~24h fixed lead),fixed_lead_previous_runs,2026-06-15T00:00:00+00:00,2026-06-15T03:00:00+00:00,79.6,76.0,-3.5999999999999943,3.5999999999999943,6,summer,24.0,75° to 76°,nws_cli_knyc,open-meteo:previous-runs:ncep_hrrr_conus:previous_day1
KXHIGHNY-26JUN16,2026-06-16,ncep_hrrr_conus,hrrr_exact_run,hrrr_exact_12z,HRRR exact previous-day 12Z (fixed-cycle benchmark),fixed-cycle benchmark,2026-06-15T12:00:00+00:00,2026-06-15T15:00:00+00:00,80.4,76.0,-4.400000000000006,4.400000000000006,6,summer,12.0,75° to 76°,nws_cli_knyc,open-meteo:single-runs:ncep_hrrr_conus
KXHIGHNY-26JUN16,2026-06-16,ncep_hrrr_conus,hrrr_exact_run,hrrr_exact_18z,HRRR exact previous-day 18Z (fixed-cycle benchmark),fixed-cycle benchmark,2026-06-15T18:00:00+00:00,2026-06-15T21:00:00+00:00,79.6,76.0,-3.5999999999999943,3.5999999999999943,6,summer,6.0,75° to 76°,nws_cli_knyc,open-meteo:single-runs:ncep_hrrr_conus
KXHIGHNY-26JUN16,2026-06-16,ncep_hrrr_conus,hrrr_exact_run,hrrr_exact_00z,HRRR exact event-day 00Z (fixed-cycle benchmark),fixed-cycle benchmark,2026-06-16T00:00:00+00:00,2026-06-16T03:00:00+00:00,79.4,76.0,-3.4000000000000057,3.4000000000000057,6,summer,0.0,75° to 76°,nws_cli_knyc,open-meteo:single-runs:ncep_hrrr_conus
KXHIGHNY-26JUN16,2026-06-16,ncep_hrrr_conus,hrrr_exact_run,hrrr_exact_06z,HRRR exact event-day 06Z (fixed-cycle benchmark),fixed-cycle benchmark,2026-06-16T06:00:00+00:00,2026-06-16T09:00:00+00:00,79.5,76.0,-3.5,3.5,6,summer,-6.0,75° to 76°,nws_cli_knyc,open-meteo:single-runs:ncep_hrrr_conus
KXHIGHNY-26JUN17,2026-06-17,ncep_hrrr_conus,hrrr_previous_day1,hrrr_previous_day1,HRRR previous_day1 (~24h fixed lead),fixed_lead_previous_runs,2026-06-16T00:00:00+00:00,2026-06-16T03:00:00+00:00,78.3,78.0,-0.29999999999999716,0.29999999999999716,6,summer,24.0,78° to 79°,nws_cli_knyc,open-meteo:previous-runs:ncep_hrrr_conus:previous_day1
KXHIGHNY-26JUN17,2026-06-17,ncep_hrrr_conus,hrrr_exact_run,hrrr_exact_12z,HRRR exact previous-day 12Z (fixed-cycle benchmark),fixed-cycle benchmark,2026-06-16T12:00:00+00:00,2026-06-16T15:00:00+00:00,78.4,78.0,-0.4000000000000057,0.4000000000000057,6,summer,12.0,78° to 79°,nws_cli_knyc,open-meteo:single-runs:ncep_hrrr_conus
KXHIGHNY-26JUN17,2026-06-17,ncep_hrrr_conus,hrrr_exact_run,hrrr_exact_18z,HRRR exact previous-day 18Z (fixed-cycle benchmark),fixed-cycle benchmark,2026-06-16T18:00:00+00:00,2026-06-16T21:00:00+00:00,79.0,78.0,-1.0,1.0,6,summer,6.0,78° to 79°,nws_cli_knyc,open-meteo:single-runs:ncep_hrrr_conus
KXHIGHNY-26JUN17,2026-06-17,ncep_hrrr_conus,hrrr_exact_run,hrrr_exact_00z,HRRR exact event-day 00Z (fixed-cycle benchmark),fixed-cycle benchmark,2026-06-17T00:00:00+00:00,2026-06-17T03:00:00+00:00,77.3,78.0,0.7000000000000028,-0.7000000000000028,6,summer,0.0,78° to 79°,nws_cli_knyc,open-meteo:single-runs:ncep_hrrr_conus
KXHIGHNY-26JUN17,2026-06-17,ncep_hrrr_conus,hrrr_exact_run,hrrr_exact_06z,HRRR exact event-day 06Z (fixed-cycle benchmark),fixed-cycle benchmark,2026-06-17T06:00:00+00:00,2026-06-17T09:00:00+00:00,80.8,78.0,-2.799999999999997,2.799999999999997,6,summer,-6.0,78° to 79°,nws_cli_knyc,open-meteo:single-runs:ncep_hrrr_conus
KXHIGHNY-26JUN18,2026-06-18,ncep_hrrr_conus,hrrr_previous_day1,hrrr_previous_day1,HRRR previous_day1 (~24h fixed lead),fixed_lead_previous_runs,2026-06-17T00:00:00+00:00,2026-06-17T03:00:00+00:00,89.2,86.0,-3.200000000000003,3.200000000000003,6,summer,24.0,85° to 86°,nws_cli_knyc,open-meteo:previous-runs:ncep_hrrr_conus:previous_day1
KXHIGHNY-26JUN18,2026-06-18,ncep_hrrr_conus,hrrr_exact_run,hrrr_exact_12z,HRRR exact previous-day 12Z (fixed-cycle benchmark),fixed-cycle benchmark,2026-06-17T12:00:00+00:00,2026-06-17T15:00:00+00:00,91.7,86.0,-5.700000000000003,5.700000000000003,6,summer,12.0,85° to 86°,nws_cli_knyc,open-meteo:single-runs:ncep_hrrr_conus
KXHIGHNY-26JUN18,2026-06-18,ncep_hrrr_conus,hrrr_exact_run,hrrr_exact_18z,HRRR exact previous-day 18Z (fixed-cycle benchmark),fixed-cycle benchmark,2026-06-17T18:00:00+00:00,2026-06-17T21:00:00+00:00,86.8,86.0,-0.7999999999999972,0.7999999999999972,6,summer,6.0,85° to 86°,nws_cli_knyc,open-meteo:single-runs:ncep_hrrr_conus
KXHIGHNY-26JUN18,2026-06-18,ncep_hrrr_conus,hrrr_exact_run,hrrr_exact_00z,HRRR exact event-day 00Z (fixed-cycle benchmark),fixed-cycle benchmark,2026-06-18T00:00:00+00:00,2026-06-18T03:00:00+00:00,92.6,86.0,-6.599999999999994,6.599999999999994,6,summer,0.0,85° to 86°,nws_cli_knyc,open-meteo:single-runs:ncep_hrrr_conus
KXHIGHNY-26JUN18,2026-06-18,ncep_hrrr_conus,hrrr_exact_run,hrrr_exact_06z,HRRR exact event-day 06Z (fixed-cycle benchmark),fixed-cycle benchmark,2026-06-18T06:00:00+00:00,2026-06-18T09:00:00+00:00,91.8,86.0,-5.799999999999997,5.799999999999997,6,summer,-6.0,85° to 86°,nws_cli_knyc,open-meteo:single-runs:ncep_hrrr_conus
KXHIGHNY-26JUN19,2026-06-19,ncep_hrrr_conus,hrrr_previous_day1,hrrr_previous_day1,HRRR previous_day1 (~24h fixed lead),fixed_lead_previous_runs,2026-06-18T00:00:00+00:00,2026-06-18T03:00:00+00:00,84.4,81.0,-3.4000000000000057,3.4000000000000057,6,summer,24.0,81° to 82°,nws_cli_knyc,open-meteo:previous-runs:ncep_hrrr_conus:previous_day1
KXHIGHNY-26JUN19,2026-06-19,ncep_hrrr_conus,hrrr_exact_run,hrrr_exact_12z,HRRR exact previous-day 12Z (fixed-cycle benchmark),fixed-cycle benchmark,2026-06-18T12:00:00+00:00,2026-06-18T15:00:00+00:00,84.6,81.0,-3.5999999999999943,3.5999999999999943,6,summer,12.0,81° to 82°,nws_cli_knyc,open-meteo:single-runs:ncep_hrrr_conus
KXHIGHNY-26JUN19,2026-06-19,ncep_hrrr_conus,hrrr_exact_run,hrrr_exact_18z,HRRR exact previous-day 18Z (fixed-cycle benchmark),fixed-cycle benchmark,2026-06-18T18:00:00+00:00,2026-06-18T21:00:00+00:00,84.4,81.0,-3.4000000000000057,3.4000000000000057,6,summer,6.0,81° to 82°,nws_cli_knyc,open-meteo:single-runs:ncep_hrrr_conus
KXHIGHNY-26JUN19,2026-06-19,ncep_hrrr_conus,hrrr_exact_run,hrrr_exact_00z,HRRR exact event-day 00Z (fixed-cycle benchmark),fixed-cycle benchmark,2026-06-19T00:00:00+00:00,2026-06-19T03:00:00+00:00,84.8,81.0,-3.799999999999997,3.799999999999997,6,summer,0.0,81° to 82°,nws_cli_knyc,open-meteo:single-runs:ncep_hrrr_conus
KXHIGHNY-26JUN19,2026-06-19,ncep_hrrr_conus,hrrr_exact_run,hrrr_exact_06z,HRRR exact event-day 06Z (fixed-cycle benchmark),fixed-cycle benchmark,2026-06-19T06:00:00+00:00,2026-06-19T09:00:00+00:00,85.6,81.0,-4.599999999999994,4.599999999999994,6,summer,-6.0,81° to 82°,nws_cli_knyc,open-meteo:single-runs:ncep_hrrr_conus
KXHIGHNY-26JUN20,2026-06-20,ncep_hrrr_conus,hrrr_previous_day1,hrrr_previous_day1,HRRR previous_day1 (~24h fixed lead),fixed_lead_previous_runs,2026-06-19T00:00:00+00:00,2026-06-19T03:00:00+00:00,83.7,81.0,-2.700000000000003,2.700000000000003,6,summer,24.0,81° or below,nws_cli_knyc,open-meteo:previous-runs:ncep_hrrr_conus:previous_day1
KXHIGHNY-26JUN20,2026-06-20,ncep_hrrr_conus,hrrr_exact_run,hrrr_exact_12z,HRRR exact previous-day 12Z (fixed-cycle benchmark),fixed-cycle benchmark,2026-06-19T12:00:00+00:00,2026-06-19T15:00:00+00:00,83.6,81.0,-2.5999999999999943,2.5999999999999943,6,summer,12.0,81° or below,nws_cli_knyc,open-meteo:single-runs:ncep_hrrr_conus
KXHIGHNY-26JUN20,2026-06-20,ncep_hrrr_conus,hrrr_exact_run,hrrr_exact_18z,HRRR exact previous-day 18Z (fixed-cycle benchmark),fixed-cycle benchmark,2026-06-19T18:00:00+00:00,2026-06-19T21:00:00+00:00,83.7,81.0,-2.700000000000003,2.700000000000003,6,summer,6.0,81° or below,nws_cli_knyc,open-meteo:single-runs:ncep_hrrr_conus
KXHIGHNY-26JUN20,2026-06-20,ncep_hrrr_conus,hrrr_exact_run,hrrr_exact_00z,HRRR exact event-day 00Z (fixed-cycle benchmark),fixed-cycle benchmark,2026-06-20T00:00:00+00:00,2026-06-20T03:00:00+00:00,84.1,81.0,-3.0999999999999943,3.0999999999999943,6,summer,0.0,81° or below,nws_cli_knyc,open-meteo:single-runs:ncep_hrrr_conus
KXHIGHNY-26JUN20,2026-06-20,ncep_hrrr_conus,hrrr_exact_run,hrrr_exact_06z,HRRR exact event-day 06Z (fixed-cycle benchmark),fixed-cycle benchmark,2026-06-20T06:00:00+00:00,2026-06-20T09:00:00+00:00,84.5,81.0,-3.5,3.5,6,summer,-6.0,81° or below,nws_cli_knyc,open-meteo:single-runs:ncep_hrrr_conus
KXHIGHNY-26JUN21,2026-06-21,ncep_hrrr_conus,hrrr_previous_day1,hrrr_previous_day1,HRRR previous_day1 (~24h fixed lead),fixed_lead_previous_runs,2026-06-20T00:00:00+00:00,2026-06-20T03:00:00+00:00,82.7,82.0,-0.7000000000000028,0.7000000000000028,6,summer,24.0,82° to 83°,nws_cli_knyc,open-meteo:previous-runs:ncep_hrrr_conus:previous_day1
KXHIGHNY-26JUN21,2026-06-21,ncep_hrrr_conus,hrrr_exact_run,hrrr_exact_12z,HRRR exact previous-day 12Z (fixed-cycle benchmark),fixed-cycle benchmark,2026-06-20T12:00:00+00:00,2026-06-20T15:00:00+00:00,82.7,82.0,-0.7000000000000028,0.7000000000000028,6,summer,12.0,82° to 83°,nws_cli_knyc,open-meteo:single-runs:ncep_hrrr_conus
KXHIGHNY-26JUN21,2026-06-21,ncep_hrrr_conus,hrrr_exact_run,hrrr_exact_18z,HRRR exact previous-day 18Z (fixed-cycle benchmark),fixed-cycle benchmark,2026-06-20T18:00:00+00:00,2026-06-20T21:00:00+00:00,82.6,82.0,-0.5999999999999943,0.5999999999999943,6,summer,6.0,82° to 83°,nws_cli_knyc,open-meteo:single-runs:ncep_hrrr_conus
KXHIGHNY-26JUN21,2026-06-21,ncep_hrrr_conus,hrrr_exact_run,hrrr_exact_00z,HRRR exact event-day 00Z (fixed-cycle benchmark),fixed-cycle benchmark,2026-06-21T00:00:00+00:00,2026-06-21T03:00:00+00:00,83.8,82.0,-1.7999999999999972,1.7999999999999972,6,summer,0.0,82° to 83°,nws_cli_knyc,open-meteo:single-runs:ncep_hrrr_conus
KXHIGHNY-26JUN21,2026-06-21,ncep_hrrr_conus,hrrr_exact_run,hrrr_exact_06z,HRRR exact event-day 06Z (fixed-cycle benchmark),fixed-cycle benchmark,2026-06-21T06:00:00+00:00,2026-06-21T09:00:00+00:00,83.2,82.0,-1.2000000000000028,1.2000000000000028,6,summer,-6.0,82° to 83°,nws_cli_knyc,open-meteo:single-runs:ncep_hrrr_conus
KXHIGHNY-26JUN22,2026-06-22,ncep_hrrr_conus,hrrr_previous_day1,hrrr_previous_day1,HRRR previous_day1 (~24h fixed lead),fixed_lead_previous_runs,2026-06-21T00:00:00+00:00,2026-06-21T03:00:00+00:00,78.8,73.0,-5.799999999999997,5.799999999999997,6,summer,24.0,72° to 73°,nws_cli_knyc,open-meteo:previous-runs:ncep_hrrr_conus:previous_day1
KXHIGHNY-26JUN22,2026-06-22,ncep_hrrr_conus,hrrr_exact_run,hrrr_exact_12z,HRRR exact previous-day 12Z (fixed-cycle benchmark),fixed-cycle benchmark,2026-06-21T12:00:00+00:00,2026-06-21T15:00:00+00:00,79.5,73.0,-6.5,6.5,6,summer,12.0,72° to 73°,nws_cli_knyc,open-meteo:single-runs:ncep_hrrr_conus
KXHIGHNY-26JUN22,2026-06-22,ncep_hrrr_conus,hrrr_exact_run,hrrr_exact_18z,HRRR exact previous-day 18Z (fixed-cycle benchmark),fixed-cycle benchmark,2026-06-21T18:00:00+00:00,2026-06-21T21:00:00+00:00,78.8,73.0,-5.799999999999997,5.799999999999997,6,summer,6.0,72° to 73°,nws_cli_knyc,open-meteo:single-runs:ncep_hrrr_conus
KXHIGHNY-26JUN22,2026-06-22,ncep_hrrr_conus,hrrr_exact_run,hrrr_exact_00z,HRRR exact event-day 00Z (fixed-cycle benchmark),fixed-cycle benchmark,2026-06-22T00:00:00+00:00,2026-06-22T03:00:00+00:00,79.7,73.0,-6.700000000000003,6.700000000000003,6,summer,0.0,72° to 73°,nws_cli_knyc,open-meteo:single-runs:ncep_hrrr_conus
KXHIGHNY-26JUN22,2026-06-22,ncep_hrrr_conus,hrrr_exact_run,hrrr_exact_06z,HRRR exact event-day 06Z (fixed-cycle benchmark),fixed-cycle benchmark,2026-06-22T06:00:00+00:00,2026-06-22T09:00:00+00:00,80.2,73.0,-7.200000000000003,7.200000000000003,6,summer,-6.0,72° to 73°,nws_cli_knyc,open-meteo:single-runs:ncep_hrrr_conus
KXHIGHNY-26JUN23,2026-06-23,ncep_hrrr_conus,hrrr_previous_day1,hrrr_previous_day1,HRRR previous_day1 (~24h fixed lead),fixed_lead_previous_runs,2026-06-22T00:00:00+00:00,2026-06-22T03:00:00+00:00,74.5,71.0,-3.5,3.5,6,summer,24.0,77° or below,nws_cli_knyc,open-meteo:previous-runs:ncep_hrrr_conus:previous_day1
KXHIGHNY-26JUN23,2026-06-23,ncep_hrrr_conus,hrrr_exact_run,hrrr_exact_12z,HRRR exact previous-day 12Z (fixed-cycle benchmark),fixed-cycle benchmark,2026-06-22T12:00:00+00:00,2026-06-22T15:00:00+00:00,74.6,71.0,-3.5999999999999943,3.5999999999999943,6,summer,12.0,77° or below,nws_cli_knyc,open-meteo:single-runs:ncep_hrrr_conus
KXHIGHNY-26JUN23,2026-06-23,ncep_hrrr_conus,hrrr_exact_run,hrrr_exact_18z,HRRR exact previous-day 18Z (fixed-cycle benchmark),fixed-cycle benchmark,2026-06-22T18:00:00+00:00,2026-06-22T21:00:00+00:00,74.5,71.0,-3.5,3.5,6,summer,6.0,77° or below,nws_cli_knyc,open-meteo:single-runs:ncep_hrrr_conus
KXHIGHNY-26JUN23,2026-06-23,ncep_hrrr_conus,hrrr_exact_run,hrrr_exact_00z,HRRR exact event-day 00Z (fixed-cycle benchmark),fixed-cycle benchmark,2026-06-23T00:00:00+00:00,2026-06-23T03:00:00+00:00,75.3,71.0,-4.299999999999997,4.299999999999997,6,summer,0.0,77° or below,nws_cli_knyc,open-meteo:single-runs:ncep_hrrr_conus
KXHIGHNY-26JUN23,2026-06-23,ncep_hrrr_conus,hrrr_exact_run,hrrr_exact_06z,HRRR exact event-day 06Z (fixed-cycle benchmark),fixed-cycle benchmark,2026-06-23T06:00:00+00:00,2026-06-23T09:00:00+00:00,71.9,71.0,-0.9000000000000057,0.9000000000000057,6,summer,-6.0,77° or below,nws_cli_knyc,open-meteo:single-runs:ncep_hrrr_conus
KXHIGHNY-26JUN24,2026-06-24,ncep_hrrr_conus,hrrr_previous_day1,hrrr_previous_day1,HRRR previous_day1 (~24h fixed lead),fixed_lead_previous_runs,2026-06-23T00:00:00+00:00,2026-06-23T03:00:00+00:00,83.9,82.0,-1.9000000000000057,1.9000000000000057,6,summer,24.0,82° to 83°,nws_cli_knyc,open-meteo:previous-runs:ncep_hrrr_conus:previous_day1
KXHIGHNY-26JUN24,2026-06-24,ncep_hrrr_conus,hrrr_exact_run,hrrr_exact_12z,HRRR exact previous-day 12Z (fixed-cycle benchmark),fixed-cycle benchmark,2026-06-23T12:00:00+00:00,2026-06-23T15:00:00+00:00,83.5,82.0,-1.5,1.5,6,summer,12.0,82° to 83°,nws_cli_knyc,open-meteo:single-runs:ncep_hrrr_conus
KXHIGHNY-26JUN24,2026-06-24,ncep_hrrr_conus,hrrr_exact_run,hrrr_exact_18z,HRRR exact previous-day 18Z (fixed-cycle benchmark),fixed-cycle benchmark,2026-06-23T18:00:00+00:00,2026-06-23T21:00:00+00:00,83.9,82.0,-1.9000000000000057,1.9000000000000057,6,summer,6.0,82° to 83°,nws_cli_knyc,open-meteo:single-runs:ncep_hrrr_conus
KXHIGHNY-26JUN24,2026-06-24,ncep_hrrr_conus,hrrr_exact_run,hrrr_exact_00z,HRRR exact event-day 00Z (fixed-cycle benchmark),fixed-cycle benchmark,2026-06-24T00:00:00+00:00,2026-06-24T03:00:00+00:00,84.5,82.0,-2.5,2.5,6,summer,0.0,82° to 83°,nws_cli_knyc,open-meteo:single-runs:ncep_hrrr_conus
KXHIGHNY-26JUN24,2026-06-24,ncep_hrrr_conus,hrrr_exact_run,hrrr_exact_06z,HRRR exact event-day 06Z (fixed-cycle benchmark),fixed-cycle benchmark,2026-06-24T06:00:00+00:00,2026-06-24T09:00:00+00:00,84.2,82.0,-2.200000000000003,2.200000000000003,6,summer,-6.0,82° to 83°,nws_cli_knyc,open-meteo:single-runs:ncep_hrrr_conus
KXHIGHNY-26JUN25,2026-06-25,ncep_hrrr_conus,hrrr_previous_day1,hrrr_previous_day1,HRRR previous_day1 (~24h fixed lead),fixed_lead_previous_runs,2026-06-24T00:00:00+00:00,2026-06-24T03:00:00+00:00,85.8,83.0,-2.799999999999997,2.799999999999997,6,summer,24.0,83° to 84°,nws_cli_knyc,open-meteo:previous-runs:ncep_hrrr_conus:previous_day1
KXHIGHNY-26JUN25,2026-06-25,ncep_hrrr_conus,hrrr_exact_run,hrrr_exact_12z,HRRR exact previous-day 12Z (fixed-cycle benchmark),fixed-cycle benchmark,2026-06-24T12:00:00+00:00,2026-06-24T15:00:00+00:00,84.5,83.0,-1.5,1.5,6,summer,12.0,83° to 84°,nws_cli_knyc,open-meteo:single-runs:ncep_hrrr_conus
KXHIGHNY-26JUN25,2026-06-25,ncep_hrrr_conus,hrrr_exact_run,hrrr_exact_18z,HRRR exact previous-day 18Z (fixed-cycle benchmark),fixed-cycle benchmark,2026-06-24T18:00:00+00:00,2026-06-24T21:00:00+00:00,85.8,83.0,-2.799999999999997,2.799999999999997,6,summer,6.0,83° to 84°,nws_cli_knyc,open-meteo:single-runs:ncep_hrrr_conus
KXHIGHNY-26JUN25,2026-06-25,ncep_hrrr_conus,hrrr_exact_run,hrrr_exact_00z,HRRR exact event-day 00Z (fixed-cycle benchmark),fixed-cycle benchmark,2026-06-25T00:00:00+00:00,2026-06-25T03:00:00+00:00,84.4,83.0,-1.4000000000000057,1.4000000000000057,6,summer,0.0,83° to 84°,nws_cli_knyc,open-meteo:single-runs:ncep_hrrr_conus
KXHIGHNY-26JUN25,2026-06-25,ncep_hrrr_conus,hrrr_exact_run,hrrr_exact_06z,HRRR exact event-day 06Z (fixed-cycle benchmark),fixed-cycle benchmark,2026-06-25T06:00:00+00:00,2026-06-25T09:00:00+00:00,83.8,83.0,-0.7999999999999972,0.7999999999999972,6,summer,-6.0,83° to 84°,nws_cli_knyc,open-meteo:single-runs:ncep_hrrr_conus
KXHIGHNY-26JUN26,2026-06-26,ncep_hrrr_conus,hrrr_previous_day1,hrrr_previous_day1,HRRR previous_day1 (~24h fixed lead),fixed_lead_previous_runs,2026-06-25T00:00:00+00:00,2026-06-25T03:00:00+00:00,88.3,80.0,-8.299999999999997,8.299999999999997,6,summer,24.0,80° or below,nws_cli_knyc,open-meteo:previous-runs:ncep_hrrr_conus:previous_day1
KXHIGHNY-26JUN26,2026-06-26,ncep_hrrr_conus,hrrr_exact_run,hrrr_exact_12z,HRRR exact previous-day 12Z (fixed-cycle benchmark),fixed-cycle benchmark,2026-06-25T12:00:00+00:00,2026-06-25T15:00:00+00:00,86.7,80.0,-6.700000000000003,6.700000000000003,6,summer,12.0,80° or below,nws_cli_knyc,open-meteo:single-runs:ncep_hrrr_conus
KXHIGHNY-26JUN26,2026-06-26,ncep_hrrr_conus,hrrr_exact_run,hrrr_exact_18z,HRRR exact previous-day 18Z (fixed-cycle benchmark),fixed-cycle benchmark,2026-06-25T18:00:00+00:00,2026-06-25T21:00:00+00:00,88.3,80.0,-8.299999999999997,8.299999999999997,6,summer,6.0,80° or below,nws_cli_knyc,open-meteo:single-runs:ncep_hrrr_conus
KXHIGHNY-26JUN26,2026-06-26,ncep_hrrr_conus,hrrr_exact_run,hrrr_exact_00z,HRRR exact event-day 00Z (fixed-cycle benchmark),fixed-cycle benchmark,2026-06-26T00:00:00+00:00,2026-06-26T03:00:00+00:00,86.9,80.0,-6.900000000000006,6.900000000000006,6,summer,0.0,80° or below,nws_cli_knyc,open-meteo:single-runs:ncep_hrrr_conus
KXHIGHNY-26JUN26,2026-06-26,ncep_hrrr_conus,hrrr_exact_run,hrrr_exact_06z,HRRR exact event-day 06Z (fixed-cycle benchmark),fixed-cycle benchmark,2026-06-26T06:00:00+00:00,2026-06-26T09:00:00+00:00,88.2,80.0,-8.200000000000003,8.200000000000003,6,summer,-6.0,80° or below,nws_cli_knyc,open-meteo:single-runs:ncep_hrrr_conus
KXHIGHNY-26JUN27,2026-06-27,ncep_hrrr_conus,hrrr_previous_day1,hrrr_previous_day1,HRRR previous_day1 (~24h fixed lead),fixed_lead_previous_runs,2026-06-26T00:00:00+00:00,2026-06-26T03:00:00+00:00,81.3,78.0,-3.299999999999997,3.299999999999997,6,summer,24.0,78° to 79°,nws_cli_knyc,open-meteo:previous-runs:ncep_hrrr_conus:previous_day1
KXHIGHNY-26JUN27,2026-06-27,ncep_hrrr_conus,hrrr_exact_run,hrrr_exact_12z,HRRR exact previous-day 12Z (fixed-cycle benchmark),fixed-cycle benchmark,2026-06-26T12:00:00+00:00,2026-06-26T15:00:00+00:00,77.3,78.0,0.7000000000000028,-0.7000000000000028,6,summer,12.0,78° to 79°,nws_cli_knyc,open-meteo:single-runs:ncep_hrrr_conus
KXHIGHNY-26JUN27,2026-06-27,ncep_hrrr_conus,hrrr_exact_run,hrrr_exact_18z,HRRR exact previous-day 18Z (fixed-cycle benchmark),fixed-cycle benchmark,2026-06-26T18:00:00+00:00,2026-06-26T21:00:00+00:00,81.3,78.0,-3.299999999999997,3.299999999999997,6,summer,6.0,78° to 79°,nws_cli_knyc,open-meteo:single-runs:ncep_hrrr_conus
KXHIGHNY-26JUN27,2026-06-27,ncep_hrrr_conus,hrrr_exact_run,hrrr_exact_00z,HRRR exact event-day 00Z (fixed-cycle benchmark),fixed-cycle benchmark,2026-06-27T00:00:00+00:00,2026-06-27T03:00:00+00:00,73.5,78.0,4.5,-4.5,6,summer,0.0,78° to 79°,nws_cli_knyc,open-meteo:single-runs:ncep_hrrr_conus
KXHIGHNY-26JUN27,2026-06-27,ncep_hrrr_conus,hrrr_exact_run,hrrr_exact_06z,HRRR exact event-day 06Z (fixed-cycle benchmark),fixed-cycle benchmark,2026-06-27T06:00:00+00:00,2026-06-27T09:00:00+00:00,76.2,78.0,1.7999999999999972,-1.7999999999999972,6,summer,-6.0,78° to 79°,nws_cli_knyc,open-meteo:single-runs:ncep_hrrr_conus
KXHIGHNY-26JUN28,2026-06-28,ncep_hrrr_conus,hrrr_previous_day1,hrrr_previous_day1,HRRR previous_day1 (~24h fixed lead),fixed_lead_previous_runs,2026-06-27T00:00:00+00:00,2026-06-27T03:00:00+00:00,82.0,82.0,0.0,0.0,6,summer,24.0,81° to 82°,nws_cli_knyc,open-meteo:previous-runs:ncep_hrrr_conus:previous_day1
KXHIGHNY-26JUN28,2026-06-28,ncep_hrrr_conus,hrrr_exact_run,hrrr_exact_12z,HRRR exact previous-day 12Z (fixed-cycle benchmark),fixed-cycle benchmark,2026-06-27T12:00:00+00:00,2026-06-27T15:00:00+00:00,77.3,82.0,4.700000000000003,-4.700000000000003,6,summer,12.0,81° to 82°,nws_cli_knyc,open-meteo:single-runs:ncep_hrrr_conus
KXHIGHNY-26JUN28,2026-06-28,ncep_hrrr_conus,hrrr_exact_run,hrrr_exact_18z,HRRR exact previous-day 18Z (fixed-cycle benchmark),fixed-cycle benchmark,2026-06-27T18:00:00+00:00,2026-06-27T21:00:00+00:00,83.0,82.0,-1.0,1.0,6,summer,6.0,81° to 82°,nws_cli_knyc,open-meteo:single-runs:ncep_hrrr_conus
KXHIGHNY-26JUN28,2026-06-28,ncep_hrrr_conus,hrrr_exact_run,hrrr_exact_00z,HRRR exact event-day 00Z (fixed-cycle benchmark),fixed-cycle benchmark,2026-06-28T00:00:00+00:00,2026-06-28T03:00:00+00:00,83.3,82.0,-1.2999999999999972,1.2999999999999972,6,summer,0.0,81° to 82°,nws_cli_knyc,open-meteo:single-runs:ncep_hrrr_conus
KXHIGHNY-26JUN28,2026-06-28,ncep_hrrr_conus,hrrr_exact_run,hrrr_exact_06z,HRRR exact event-day 06Z (fixed-cycle benchmark),fixed-cycle benchmark,2026-06-28T06:00:00+00:00,2026-06-28T09:00:00+00:00,84.7,82.0,-2.700000000000003,2.700000000000003,6,summer,-6.0,81° to 82°,nws_cli_knyc,open-meteo:single-runs:ncep_hrrr_conus
KXHIGHNY-26JUN29,2026-06-29,ncep_hrrr_conus,hrrr_previous_day1,hrrr_previous_day1,HRRR previous_day1 (~24h fixed lead),fixed_lead_previous_runs,2026-06-28T00:00:00+00:00,2026-06-28T03:00:00+00:00,89.2,88.0,-1.2000000000000028,1.2000000000000028,6,summer,24.0,87° or above,nws_cli_knyc,open-meteo:previous-runs:ncep_hrrr_conus:previous_day1
KXHIGHNY-26JUN29,2026-06-29,ncep_hrrr_conus,hrrr_exact_run,hrrr_exact_12z,HRRR exact previous-day 12Z (fixed-cycle benchmark),fixed-cycle benchmark,2026-06-28T12:00:00+00:00,2026-06-28T15:00:00+00:00,87.9,88.0,0.09999999999999432,-0.09999999999999432,6,summer,12.0,87° or above,nws_cli_knyc,open-meteo:single-runs:ncep_hrrr_conus
KXHIGHNY-26JUN29,2026-06-29,ncep_hrrr_conus,hrrr_exact_run,hrrr_exact_18z,HRRR exact previous-day 18Z (fixed-cycle benchmark),fixed-cycle benchmark,2026-06-28T18:00:00+00:00,2026-06-28T21:00:00+00:00,89.2,88.0,-1.2000000000000028,1.2000000000000028,6,summer,6.0,87° or above,nws_cli_knyc,open-meteo:single-runs:ncep_hrrr_conus
KXHIGHNY-26JUN29,2026-06-29,ncep_hrrr_conus,hrrr_exact_run,hrrr_exact_00z,HRRR exact event-day 00Z (fixed-cycle benchmark),fixed-cycle benchmark,2026-06-29T00:00:00+00:00,2026-06-29T03:00:00+00:00,91.2,88.0,-3.200000000000003,3.200000000000003,6,summer,0.0,87° or above,nws_cli_knyc,open-meteo:single-runs:ncep_hrrr_conus
KXHIGHNY-26JUN29,2026-06-29,ncep_hrrr_conus,hrrr_exact_run,hrrr_exact_06z,HRRR exact event-day 06Z (fixed-cycle benchmark),fixed-cycle benchmark,2026-06-29T06:00:00+00:00,2026-06-29T09:00:00+00:00,88.2,88.0,-0.20000000000000284,0.20000000000000284,6,summer,-6.0,87° or above,nws_cli_knyc,open-meteo:single-runs:ncep_hrrr_conus
KXHIGHNY-26JUN30,2026-06-30,ncep_hrrr_conus,hrrr_previous_day1,hrrr_previous_day1,HRRR previous_day1 (~24h fixed lead),fixed_lead_previous_runs,2026-06-29T00:00:00+00:00,2026-06-29T03:00:00+00:00,91.9,87.0,-4.900000000000006,4.900000000000006,6,summer,24.0,87° to 88°,nws_cli_knyc,open-meteo:previous-runs:ncep_hrrr_conus:previous_day1
KXHIGHNY-26JUN30,2026-06-30,ncep_hrrr_conus,hrrr_exact_run,hrrr_exact_12z,HRRR exact previous-day 12Z (fixed-cycle benchmark),fixed-cycle benchmark,2026-06-29T12:00:00+00:00,2026-06-29T15:00:00+00:00,89.3,87.0,-2.299999999999997,2.299999999999997,6,summer,12.0,87° to 88°,nws_cli_knyc,open-meteo:single-runs:ncep_hrrr_conus
KXHIGHNY-26JUN30,2026-06-30,ncep_hrrr_conus,hrrr_exact_run,hrrr_exact_18z,HRRR exact previous-day 18Z (fixed-cycle benchmark),fixed-cycle benchmark,2026-06-29T18:00:00+00:00,2026-06-29T21:00:00+00:00,91.9,87.0,-4.900000000000006,4.900000000000006,6,summer,6.0,87° to 88°,nws_cli_knyc,open-meteo:single-runs:ncep_hrrr_conus
KXHIGHNY-26JUN30,2026-06-30,ncep_hrrr_conus,hrrr_exact_run,hrrr_exact_00z,HRRR exact event-day 00Z (fixed-cycle benchmark),fixed-cycle benchmark,2026-06-30T00:00:00+00:00,2026-06-30T03:00:00+00:00,90.1,87.0,-3.0999999999999943,3.0999999999999943,6,summer,0.0,87° to 88°,nws_cli_knyc,open-meteo:single-runs:ncep_hrrr_conus
KXHIGHNY-26JUL01,2026-07-01,ncep_hrrr_conus,hrrr_previous_day1,hrrr_previous_day1,HRRR previous_day1 (~24h fixed lead),fixed_lead_previous_runs,2026-06-30T00:00:00+00:00,2026-06-30T03:00:00+00:00,97.8,93.0,-4.799999999999997,4.799999999999997,7,summer,24.0,92° to 93°,nws_cli_knyc,open-meteo:previous-runs:ncep_hrrr_conus:previous_day1
KXHIGHNY-26JUL01,2026-07-01,ncep_hrrr_conus,hrrr_exact_run,hrrr_exact_12z,HRRR exact previous-day 12Z (fixed-cycle benchmark),fixed-cycle benchmark,2026-06-30T12:00:00+00:00,2026-06-30T15:00:00+00:00,99.0,93.0,-6.0,6.0,7,summer,12.0,92° to 93°,nws_cli_knyc,open-meteo:single-runs:ncep_hrrr_conus
KXHIGHNY-26JUL01,2026-07-01,ncep_hrrr_conus,hrrr_exact_run,hrrr_exact_18z,HRRR exact previous-day 18Z (fixed-cycle benchmark),fixed-cycle benchmark,2026-06-30T18:00:00+00:00,2026-06-30T21:00:00+00:00,97.8,93.0,-4.799999999999997,4.799999999999997,7,summer,6.0,92° to 93°,nws_cli_knyc,open-meteo:single-runs:ncep_hrrr_conus
KXHIGHNY-26JUL01,2026-07-01,ncep_hrrr_conus,hrrr_exact_run,hrrr_exact_00z,HRRR exact event-day 00Z (fixed-cycle benchmark),fixed-cycle benchmark,2026-07-01T00:00:00+00:00,2026-07-01T03:00:00+00:00,95.6,93.0,-2.5999999999999943,2.5999999999999943,7,summer,0.0,92° to 93°,nws_cli_knyc,open-meteo:single-runs:ncep_hrrr_conus
KXHIGHNY-26JUL01,2026-07-01,ncep_hrrr_conus,hrrr_exact_run,hrrr_exact_06z,HRRR exact event-day 06Z (fixed-cycle benchmark),fixed-cycle benchmark,2026-07-01T06:00:00+00:00,2026-07-01T09:00:00+00:00,97.8,93.0,-4.799999999999997,4.799999999999997,7,summer,-6.0,92° to 93°,nws_cli_knyc,open-meteo:single-runs:ncep_hrrr_conus
KXHIGHNY-26JUL02,2026-07-02,ncep_hrrr_conus,hrrr_previous_day1,hrrr_previous_day1,HRRR previous_day1 (~24h fixed lead),fixed_lead_previous_runs,2026-07-01T00:00:00+00:00,2026-07-01T03:00:00+00:00,103.4,100.0,-3.4000000000000057,3.4000000000000057,7,summer,24.0,99° to 100°,nws_cli_knyc,open-meteo:previous-runs:ncep_hrrr_conus:previous_day1
KXHIGHNY-26JUL02,2026-07-02,ncep_hrrr_conus,hrrr_exact_run,hrrr_exact_12z,HRRR exact previous-day 12Z (fixed-cycle benchmark),fixed-cycle benchmark,2026-07-01T12:00:00+00:00,2026-07-01T15:00:00+00:00,102.2,100.0,-2.200000000000003,2.200000000000003,7,summer,12.0,99° to 100°,nws_cli_knyc,open-meteo:single-runs:ncep_hrrr_conus
KXHIGHNY-26JUL02,2026-07-02,ncep_hrrr_conus,hrrr_exact_run,hrrr_exact_18z,HRRR exact previous-day 18Z (fixed-cycle benchmark),fixed-cycle benchmark,2026-07-01T18:00:00+00:00,2026-07-01T21:00:00+00:00,103.4,100.0,-3.4000000000000057,3.4000000000000057,7,summer,6.0,99° to 100°,nws_cli_knyc,open-meteo:single-runs:ncep_hrrr_conus
KXHIGHNY-26JUL02,2026-07-02,ncep_hrrr_conus,hrrr_exact_run,hrrr_exact_00z,HRRR exact event-day 00Z (fixed-cycle benchmark),fixed-cycle benchmark,2026-07-02T00:00:00+00:00,2026-07-02T03:00:00+00:00,104.4,100.0,-4.400000000000006,4.400000000000006,7,summer,0.0,99° to 100°,nws_cli_knyc,open-meteo:single-runs:ncep_hrrr_conus
KXHIGHNY-26JUL02,2026-07-02,ncep_hrrr_conus,hrrr_exact_run,hrrr_exact_06z,HRRR exact event-day 06Z (fixed-cycle benchmark),fixed-cycle benchmark,2026-07-02T06:00:00+00:00,2026-07-02T09:00:00+00:00,104.0,100.0,-4.0,4.0,7,summer,-6.0,99° to 100°,nws_cli_knyc,open-meteo:single-runs:ncep_hrrr_conus
KXHIGHNY-26JUL03,2026-07-03,ncep_hrrr_conus,hrrr_previous_day1,hrrr_previous_day1,HRRR previous_day1 (~24h fixed lead),fixed_lead_previous_runs,2026-07-02T00:00:00+00:00,2026-07-02T03:00:00+00:00,104.8,98.0,-6.799999999999997,6.799999999999997,7,summer,24.0,98° to 99°,nws_cli_knyc,open-meteo:previous-runs:ncep_hrrr_conus:previous_day1
KXHIGHNY-26JUL03,2026-07-03,ncep_hrrr_conus,hrrr_exact_run,hrrr_exact_12z,HRRR exact previous-day 12Z (fixed-cycle benchmark),fixed-cycle benchmark,2026-07-02T12:00:00+00:00,2026-07-02T15:00:00+00:00,104.9,98.0,-6.900000000000006,6.900000000000006,7,summer,12.0,98° to 99°,nws_cli_knyc,open-meteo:single-runs:ncep_hrrr_conus
KXHIGHNY-26JUL03,2026-07-03,ncep_hrrr_conus,hrrr_exact_run,hrrr_exact_18z,HRRR exact previous-day 18Z (fixed-cycle benchmark),fixed-cycle benchmark,2026-07-02T18:00:00+00:00,2026-07-02T21:00:00+00:00,104.8,98.0,-6.799999999999997,6.799999999999997,7,summer,6.0,98° to 99°,nws_cli_knyc,open-meteo:single-runs:ncep_hrrr_conus
KXHIGHNY-26JUL03,2026-07-03,ncep_hrrr_conus,hrrr_exact_run,hrrr_exact_00z,HRRR exact event-day 00Z (fixed-cycle benchmark),fixed-cycle benchmark,2026-07-03T00:00:00+00:00,2026-07-03T03:00:00+00:00,104.0,98.0,-6.0,6.0,7,summer,0.0,98° to 99°,nws_cli_knyc,open-meteo:single-runs:ncep_hrrr_conus
KXHIGHNY-26JUL03,2026-07-03,ncep_hrrr_conus,hrrr_exact_run,hrrr_exact_06z,HRRR exact event-day 06Z (fixed-cycle benchmark),fixed-cycle benchmark,2026-07-03T06:00:00+00:00,2026-07-03T09:00:00+00:00,104.1,98.0,-6.099999999999994,6.099999999999994,7,summer,-6.0,98° to 99°,nws_cli_knyc,open-meteo:single-runs:ncep_hrrr_conus
KXHIGHNY-26JUL04,2026-07-04,ncep_hrrr_conus,hrrr_previous_day1,hrrr_previous_day1,HRRR previous_day1 (~24h fixed lead),fixed_lead_previous_runs,2026-07-03T00:00:00+00:00,2026-07-03T03:00:00+00:00,101.5,94.0,-7.5,7.5,7,summer,24.0,97° or below,nws_cli_knyc,open-meteo:previous-runs:ncep_hrrr_conus:previous_day1
KXHIGHNY-26JUL04,2026-07-04,ncep_hrrr_conus,hrrr_exact_run,hrrr_exact_12z,HRRR exact previous-day 12Z (fixed-cycle benchmark),fixed-cycle benchmark,2026-07-03T12:00:00+00:00,2026-07-03T15:00:00+00:00,102.0,94.0,-8.0,8.0,7,summer,12.0,97° or below,nws_cli_knyc,open-meteo:single-runs:ncep_hrrr_conus
KXHIGHNY-26JUL04,2026-07-04,ncep_hrrr_conus,hrrr_exact_run,hrrr_exact_18z,HRRR exact previous-day 18Z (fixed-cycle benchmark),fixed-cycle benchmark,2026-07-03T18:00:00+00:00,2026-07-03T21:00:00+00:00,100.7,94.0,-6.700000000000003,6.700000000000003,7,summer,6.0,97° or below,nws_cli_knyc,open-meteo:single-runs:ncep_hrrr_conus
KXHIGHNY-26JUL04,2026-07-04,ncep_hrrr_conus,hrrr_exact_run,hrrr_exact_00z,HRRR exact event-day 00Z (fixed-cycle benchmark),fixed-cycle benchmark,2026-07-04T00:00:00+00:00,2026-07-04T03:00:00+00:00,98.0,94.0,-4.0,4.0,7,summer,0.0,97° or below,nws_cli_knyc,open-meteo:single-runs:ncep_hrrr_conus
KXHIGHNY-26JUL04,2026-07-04,ncep_hrrr_conus,hrrr_exact_run,hrrr_exact_06z,HRRR exact event-day 06Z (fixed-cycle benchmark),fixed-cycle benchmark,2026-07-04T06:00:00+00:00,2026-07-04T09:00:00+00:00,97.8,94.0,-3.799999999999997,3.799999999999997,7,summer,-6.0,97° or below,nws_cli_knyc,open-meteo:single-runs:ncep_hrrr_conus
KXHIGHNY-26JUL05,2026-07-05,ncep_hrrr_conus,hrrr_previous_day1,hrrr_previous_day1,HRRR previous_day1 (~24h fixed lead),fixed_lead_previous_runs,2026-07-04T00:00:00+00:00,2026-07-04T03:00:00+00:00,86.5,81.0,-5.5,5.5,7,summer,24.0,83° or below,nws_cli_knyc,open-meteo:previous-runs:ncep_hrrr_conus:previous_day1
KXHIGHNY-26JUL05,2026-07-05,ncep_hrrr_conus,hrrr_exact_run,hrrr_exact_12z,HRRR exact previous-day 12Z (fixed-cycle benchmark),fixed-cycle benchmark,2026-07-04T12:00:00+00:00,2026-07-04T15:00:00+00:00,88.6,81.0,-7.599999999999994,7.599999999999994,7,summer,12.0,83° or below,nws_cli_knyc,open-meteo:single-runs:ncep_hrrr_conus
KXHIGHNY-26JUL05,2026-07-05,ncep_hrrr_conus,hrrr_exact_run,hrrr_exact_18z,HRRR exact previous-day 18Z (fixed-cycle benchmark),fixed-cycle benchmark,2026-07-04T18:00:00+00:00,2026-07-04T21:00:00+00:00,84.8,81.0,-3.799999999999997,3.799999999999997,7,summer,6.0,83° or below,nws_cli_knyc,open-meteo:single-runs:ncep_hrrr_conus
KXHIGHNY-26JUL05,2026-07-05,ncep_hrrr_conus,hrrr_exact_run,hrrr_exact_00z,HRRR exact event-day 00Z (fixed-cycle benchmark),fixed-cycle benchmark,2026-07-05T00:00:00+00:00,2026-07-05T03:00:00+00:00,84.6,81.0,-3.5999999999999943,3.5999999999999943,7,summer,0.0,83° or below,nws_cli_knyc,open-meteo:single-runs:ncep_hrrr_conus
KXHIGHNY-26JUL05,2026-07-05,ncep_hrrr_conus,hrrr_exact_run,hrrr_exact_06z,HRRR exact event-day 06Z (fixed-cycle benchmark),fixed-cycle benchmark,2026-07-05T06:00:00+00:00,2026-07-05T09:00:00+00:00,87.5,81.0,-6.5,6.5,7,summer,-6.0,83° or below,nws_cli_knyc,open-meteo:single-runs:ncep_hrrr_conus
KXHIGHNY-26JUL06,2026-07-06,ncep_hrrr_conus,hrrr_previous_day1,hrrr_previous_day1,HRRR previous_day1 (~24h fixed lead),fixed_lead_previous_runs,2026-07-05T00:00:00+00:00,2026-07-05T03:00:00+00:00,72.7,69.0,-3.700000000000003,3.700000000000003,7,summer,24.0,74° or below,nws_cli_knyc,open-meteo:previous-runs:ncep_hrrr_conus:previous_day1
KXHIGHNY-26JUL06,2026-07-06,ncep_hrrr_conus,hrrr_exact_run,hrrr_exact_12z,HRRR exact previous-day 12Z (fixed-cycle benchmark),fixed-cycle benchmark,2026-07-05T12:00:00+00:00,2026-07-05T15:00:00+00:00,72.8,69.0,-3.799999999999997,3.799999999999997,7,summer,12.0,74° or below,nws_cli_knyc,open-meteo:single-runs:ncep_hrrr_conus
KXHIGHNY-26JUL06,2026-07-06,ncep_hrrr_conus,hrrr_exact_run,hrrr_exact_18z,HRRR exact previous-day 18Z (fixed-cycle benchmark),fixed-cycle benchmark,2026-07-05T18:00:00+00:00,2026-07-05T21:00:00+00:00,72.3,69.0,-3.299999999999997,3.299999999999997,7,summer,6.0,74° or below,nws_cli_knyc,open-meteo:single-runs:ncep_hrrr_conus
KXHIGHNY-26JUL06,2026-07-06,ncep_hrrr_conus,hrrr_exact_run,hrrr_exact_00z,HRRR exact event-day 00Z (fixed-cycle benchmark),fixed-cycle benchmark,2026-07-06T00:00:00+00:00,2026-07-06T03:00:00+00:00,71.1,69.0,-2.0999999999999943,2.0999999999999943,7,summer,0.0,74° or below,nws_cli_knyc,open-meteo:single-runs:ncep_hrrr_conus
KXHIGHNY-26JUL06,2026-07-06,ncep_hrrr_conus,hrrr_exact_run,hrrr_exact_06z,HRRR exact event-day 06Z (fixed-cycle benchmark),fixed-cycle benchmark,2026-07-06T06:00:00+00:00,2026-07-06T09:00:00+00:00,70.1,69.0,-1.0999999999999943,1.0999999999999943,7,summer,-6.0,74° or below,nws_cli_knyc,open-meteo:single-runs:ncep_hrrr_conus
KXHIGHNY-26JUL07,2026-07-07,ncep_hrrr_conus,hrrr_previous_day1,hrrr_previous_day1,HRRR previous_day1 (~24h fixed lead),fixed_lead_previous_runs,2026-07-06T00:00:00+00:00,2026-07-06T03:00:00+00:00,75.7,70.0,-5.700000000000003,5.700000000000003,7,summer,24.0,74° or below,nws_cli_knyc,open-meteo:previous-runs:ncep_hrrr_conus:previous_day1
KXHIGHNY-26JUL07,2026-07-07,ncep_hrrr_conus,hrrr_exact_run,hrrr_exact_12z,HRRR exact previous-day 12Z (fixed-cycle benchmark),fixed-cycle benchmark,2026-07-06T12:00:00+00:00,2026-07-06T15:00:00+00:00,71.9,70.0,-1.9000000000000057,1.9000000000000057,7,summer,12.0,74° or below,nws_cli_knyc,open-meteo:single-runs:ncep_hrrr_conus
KXHIGHNY-26JUL07,2026-07-07,ncep_hrrr_conus,hrrr_exact_run,hrrr_exact_18z,HRRR exact previous-day 18Z (fixed-cycle benchmark),fixed-cycle benchmark,2026-07-06T18:00:00+00:00,2026-07-06T21:00:00+00:00,75.7,70.0,-5.700000000000003,5.700000000000003,7,summer,6.0,74° or below,nws_cli_knyc,open-meteo:single-runs:ncep_hrrr_conus
KXHIGHNY-26JUL07,2026-07-07,ncep_hrrr_conus,hrrr_exact_run,hrrr_exact_00z,HRRR exact event-day 00Z (fixed-cycle benchmark),fixed-cycle benchmark,2026-07-07T00:00:00+00:00,2026-07-07T03:00:00+00:00,69.2,70.0,0.7999999999999972,-0.7999999999999972,7,summer,0.0,74° or below,nws_cli_knyc,open-meteo:single-runs:ncep_hrrr_conus
KXHIGHNY-26JUL07,2026-07-07,ncep_hrrr_conus,hrrr_exact_run,hrrr_exact_06z,HRRR exact event-day 06Z (fixed-cycle benchmark),fixed-cycle benchmark,2026-07-07T06:00:00+00:00,2026-07-07T09:00:00+00:00,69.0,70.0,1.0,-1.0,7,summer,-6.0,74° or below,nws_cli_knyc,open-meteo:single-runs:ncep_hrrr_conus
KXHIGHNY-26JUL08,2026-07-08,ncep_hrrr_conus,hrrr_previous_day1,hrrr_previous_day1,HRRR previous_day1 (~24h fixed lead),fixed_lead_previous_runs,2026-07-07T00:00:00+00:00,2026-07-07T03:00:00+00:00,81.6,85.0,3.4000000000000057,-3.4000000000000057,7,summer,24.0,84° or above,nws_cli_knyc,open-meteo:previous-runs:ncep_hrrr_conus:previous_day1
KXHIGHNY-26JUL08,2026-07-08,ncep_hrrr_conus,hrrr_exact_run,hrrr_exact_12z,HRRR exact previous-day 12Z (fixed-cycle benchmark),fixed-cycle benchmark,2026-07-07T12:00:00+00:00,2026-07-07T15:00:00+00:00,79.2,85.0,5.799999999999997,-5.799999999999997,7,summer,12.0,84° or above,nws_cli_knyc,open-meteo:single-runs:ncep_hrrr_conus
KXHIGHNY-26JUL08,2026-07-08,ncep_hrrr_conus,hrrr_exact_run,hrrr_exact_18z,HRRR exact previous-day 18Z (fixed-cycle benchmark),fixed-cycle benchmark,2026-07-07T18:00:00+00:00,2026-07-07T21:00:00+00:00,81.6,85.0,3.4000000000000057,-3.4000000000000057,7,summer,6.0,84° or above,nws_cli_knyc,open-meteo:single-runs:ncep_hrrr_conus
KXHIGHNY-26JUL08,2026-07-08,ncep_hrrr_conus,hrrr_exact_run,hrrr_exact_00z,HRRR exact event-day 00Z (fixed-cycle benchmark),fixed-cycle benchmark,2026-07-08T00:00:00+00:00,2026-07-08T03:00:00+00:00,81.0,85.0,4.0,-4.0,7,summer,0.0,84° or above,nws_cli_knyc,open-meteo:single-runs:ncep_hrrr_conus
KXHIGHNY-26JUL08,2026-07-08,ncep_hrrr_conus,hrrr_exact_run,hrrr_exact_06z,HRRR exact event-day 06Z (fixed-cycle benchmark),fixed-cycle benchmark,2026-07-08T06:00:00+00:00,2026-07-08T09:00:00+00:00,80.0,85.0,5.0,-5.0,7,summer,-6.0,84° or above,nws_cli_knyc,open-meteo:single-runs:ncep_hrrr_conus
KXHIGHNY-26JUL09,2026-07-09,ncep_hrrr_conus,hrrr_previous_day1,hrrr_previous_day1,HRRR previous_day1 (~24h fixed lead),fixed_lead_previous_runs,2026-07-08T00:00:00+00:00,2026-07-08T03:00:00+00:00,82.9,82.0,-0.9000000000000057,0.9000000000000057,7,summer,24.0,82° or below,nws_cli_knyc,open-meteo:previous-runs:ncep_hrrr_conus:previous_day1
KXHIGHNY-26JUL09,2026-07-09,ncep_hrrr_conus,hrrr_exact_run,hrrr_exact_12z,HRRR exact previous-day 12Z (fixed-cycle benchmark),fixed-cycle benchmark,2026-07-08T12:00:00+00:00,2026-07-08T15:00:00+00:00,82.9,82.0,-0.9000000000000057,0.9000000000000057,7,summer,12.0,82° or below,nws_cli_knyc,open-meteo:single-runs:ncep_hrrr_conus
KXHIGHNY-26JUL09,2026-07-09,ncep_hrrr_conus,hrrr_exact_run,hrrr_exact_18z,HRRR exact previous-day 18Z (fixed-cycle benchmark),fixed-cycle benchmark,2026-07-08T18:00:00+00:00,2026-07-08T21:00:00+00:00,80.4,82.0,1.5999999999999943,-1.5999999999999943,7,summer,6.0,82° or below,nws_cli_knyc,open-meteo:single-runs:ncep_hrrr_conus
KXHIGHNY-26JUL09,2026-07-09,ncep_hrrr_conus,hrrr_exact_run,hrrr_exact_00z,HRRR exact event-day 00Z (fixed-cycle benchmark),fixed-cycle benchmark,2026-07-09T00:00:00+00:00,2026-07-09T03:00:00+00:00,83.7,82.0,-1.7000000000000028,1.7000000000000028,7,summer,0.0,82° or below,nws_cli_knyc,open-meteo:single-runs:ncep_hrrr_conus
KXHIGHNY-26JUL09,2026-07-09,ncep_hrrr_conus,hrrr_exact_run,hrrr_exact_06z,HRRR exact event-day 06Z (fixed-cycle benchmark),fixed-cycle benchmark,2026-07-09T06:00:00+00:00,2026-07-09T09:00:00+00:00,86.5,82.0,-4.5,4.5,7,summer,-6.0,82° or below,nws_cli_knyc,open-meteo:single-runs:ncep_hrrr_conus
KXHIGHNY-26JUL10,2026-07-10,ncep_hrrr_conus,hrrr_previous_day1,hrrr_previous_day1,HRRR previous_day1 (~24h fixed lead),fixed_lead_previous_runs,2026-07-09T00:00:00+00:00,2026-07-09T03:00:00+00:00,88.2,85.0,-3.200000000000003,3.200000000000003,7,summer,24.0,86° or below,nws_cli_knyc,open-meteo:previous-runs:ncep_hrrr_conus:previous_day1
KXHIGHNY-26JUL10,2026-07-10,ncep_hrrr_conus,hrrr_exact_run,hrrr_exact_12z,HRRR exact previous-day 12Z (fixed-cycle benchmark),fixed-cycle benchmark,2026-07-09T12:00:00+00:00,2026-07-09T15:00:00+00:00,90.2,85.0,-5.200000000000003,5.200000000000003,7,summer,12.0,86° or below,nws_cli_knyc,open-meteo:single-runs:ncep_hrrr_conus
KXHIGHNY-26JUL10,2026-07-10,ncep_hrrr_conus,hrrr_exact_run,hrrr_exact_18z,HRRR exact previous-day 18Z (fixed-cycle benchmark),fixed-cycle benchmark,2026-07-09T18:00:00+00:00,2026-07-09T21:00:00+00:00,88.2,85.0,-3.200000000000003,3.200000000000003,7,summer,6.0,86° or below,nws_cli_knyc,open-meteo:single-runs:ncep_hrrr_conus
KXHIGHNY-26JUL10,2026-07-10,ncep_hrrr_conus,hrrr_exact_run,hrrr_exact_00z,HRRR exact event-day 00Z (fixed-cycle benchmark),fixed-cycle benchmark,2026-07-10T00:00:00+00:00,2026-07-10T03:00:00+00:00,85.9,85.0,-0.9000000000000057,0.9000000000000057,7,summer,0.0,86° or below,nws_cli_knyc,open-meteo:single-runs:ncep_hrrr_conus
KXHIGHNY-26JUL10,2026-07-10,ncep_hrrr_conus,hrrr_exact_run,hrrr_exact_06z,HRRR exact event-day 06Z (fixed-cycle benchmark),fixed-cycle benchmark,2026-07-10T06:00:00+00:00,2026-07-10T09:00:00+00:00,86.6,85.0,-1.5999999999999943,1.5999999999999943,7,summer,-6.0,86° or below,nws_cli_knyc,open-meteo:single-runs:ncep_hrrr_conus
KXHIGHNY-26JUL11,2026-07-11,ncep_hrrr_conus,hrrr_previous_day1,hrrr_previous_day1,HRRR previous_day1 (~24h fixed lead),fixed_lead_previous_runs,2026-07-10T00:00:00+00:00,2026-07-10T03:00:00+00:00,80.2,82.0,1.7999999999999972,-1.7999999999999972,7,summer,24.0,81° to 82°,nws_cli_knyc,open-meteo:previous-runs:ncep_hrrr_conus:previous_day1
KXHIGHNY-26JUL11,2026-07-11,ncep_hrrr_conus,hrrr_exact_run,hrrr_exact_12z,HRRR exact previous-day 12Z (fixed-cycle benchmark),fixed-cycle benchmark,2026-07-10T12:00:00+00:00,2026-07-10T15:00:00+00:00,80.2,82.0,1.7999999999999972,-1.7999999999999972,7,summer,12.0,81° to 82°,nws_cli_knyc,open-meteo:single-runs:ncep_hrrr_conus
KXHIGHNY-26JUL11,2026-07-11,ncep_hrrr_conus,hrrr_exact_run,hrrr_exact_18z,HRRR exact previous-day 18Z (fixed-cycle benchmark),fixed-cycle benchmark,2026-07-10T18:00:00+00:00,2026-07-10T21:00:00+00:00,78.7,82.0,3.299999999999997,-3.299999999999997,7,summer,6.0,81° to 82°,nws_cli_knyc,open-meteo:single-runs:ncep_hrrr_conus
KXHIGHNY-26JUL11,2026-07-11,ncep_hrrr_conus,hrrr_exact_run,hrrr_exact_00z,HRRR exact event-day 00Z (fixed-cycle benchmark),fixed-cycle benchmark,2026-07-11T00:00:00+00:00,2026-07-11T03:00:00+00:00,81.6,82.0,0.4000000000000057,-0.4000000000000057,7,summer,0.0,81° to 82°,nws_cli_knyc,open-meteo:single-runs:ncep_hrrr_conus
KXHIGHNY-26JUL11,2026-07-11,ncep_hrrr_conus,hrrr_exact_run,hrrr_exact_06z,HRRR exact event-day 06Z (fixed-cycle benchmark),fixed-cycle benchmark,2026-07-11T06:00:00+00:00,2026-07-11T09:00:00+00:00,79.7,82.0,2.299999999999997,-2.299999999999997,7,summer,-6.0,81° to 82°,nws_cli_knyc,open-meteo:single-runs:ncep_hrrr_conus
KXHIGHNY-26JUL12,2026-07-12,ncep_hrrr_conus,hrrr_previous_day1,hrrr_previous_day1,HRRR previous_day1 (~24h fixed lead),fixed_lead_previous_runs,2026-07-11T00:00:00+00:00,2026-07-11T03:00:00+00:00,85.9,84.0,-1.9000000000000057,1.9000000000000057,7,summer,24.0,84° to 85°,nws_cli_knyc,open-meteo:previous-runs:ncep_hrrr_conus:previous_day1
KXHIGHNY-26JUL12,2026-07-12,ncep_hrrr_conus,hrrr_exact_run,hrrr_exact_12z,HRRR exact previous-day 12Z (fixed-cycle benchmark),fixed-cycle benchmark,2026-07-11T12:00:00+00:00,2026-07-11T15:00:00+00:00,79.8,84.0,4.200000000000003,-4.200000000000003,7,summer,12.0,84° to 85°,nws_cli_knyc,open-meteo:single-runs:ncep_hrrr_conus
KXHIGHNY-26JUL12,2026-07-12,ncep_hrrr_conus,hrrr_exact_run,hrrr_exact_18z,HRRR exact previous-day 18Z (fixed-cycle benchmark),fixed-cycle benchmark,2026-07-11T18:00:00+00:00,2026-07-11T21:00:00+00:00,85.9,84.0,-1.9000000000000057,1.9000000000000057,7,summer,6.0,84° to 85°,nws_cli_knyc,open-meteo:single-runs:ncep_hrrr_conus
KXHIGHNY-26JUL12,2026-07-12,ncep_hrrr_conus,hrrr_exact_run,hrrr_exact_00z,HRRR exact event-day 00Z (fixed-cycle benchmark),fixed-cycle benchmark,2026-07-12T00:00:00+00:00,2026-07-12T03:00:00+00:00,84.8,84.0,-0.7999999999999972,0.7999999999999972,7,summer,0.0,84° to 85°,nws_cli_knyc,open-meteo:single-runs:ncep_hrrr_conus
KXHIGHNY-26JUL12,2026-07-12,ncep_hrrr_conus,hrrr_exact_run,hrrr_exact_06z,HRRR exact event-day 06Z (fixed-cycle benchmark),fixed-cycle benchmark,2026-07-12T06:00:00+00:00,2026-07-12T09:00:00+00:00,86.1,84.0,-2.0999999999999943,2.0999999999999943,7,summer,-6.0,84° to 85°,nws_cli_knyc,open-meteo:single-runs:ncep_hrrr_conus
KXHIGHNY-26JUL13,2026-07-13,ncep_hrrr_conus,hrrr_previous_day1,hrrr_previous_day1,HRRR previous_day1 (~24h fixed lead),fixed_lead_previous_runs,2026-07-12T00:00:00+00:00,2026-07-12T03:00:00+00:00,86.1,84.0,-2.0999999999999943,2.0999999999999943,7,summer,24.0,84° to 85°,nws_cli_knyc,open-meteo:previous-runs:ncep_hrrr_conus:previous_day1
KXHIGHNY-26JUL13,2026-07-13,ncep_hrrr_conus,hrrr_exact_run,hrrr_exact_12z,HRRR exact previous-day 12Z (fixed-cycle benchmark),fixed-cycle benchmark,2026-07-12T12:00:00+00:00,2026-07-12T15:00:00+00:00,85.2,84.0,-1.2000000000000028,1.2000000000000028,7,summer,12.0,84° to 85°,nws_cli_knyc,open-meteo:single-runs:ncep_hrrr_conus
KXHIGHNY-26JUL13,2026-07-13,ncep_hrrr_conus,hrrr_exact_run,hrrr_exact_18z,HRRR exact previous-day 18Z (fixed-cycle benchmark),fixed-cycle benchmark,2026-07-12T18:00:00+00:00,2026-07-12T21:00:00+00:00,86.1,84.0,-2.0999999999999943,2.0999999999999943,7,summer,6.0,84° to 85°,nws_cli_knyc,open-meteo:single-runs:ncep_hrrr_conus
KXHIGHNY-26JUL13,2026-07-13,ncep_hrrr_conus,hrrr_exact_run,hrrr_exact_00z,HRRR exact event-day 00Z (fixed-cycle benchmark),fixed-cycle benchmark,2026-07-13T00:00:00+00:00,2026-07-13T03:00:00+00:00,86.1,84.0,-2.0999999999999943,2.0999999999999943,7,summer,0.0,84° to 85°,nws_cli_knyc,open-meteo:single-runs:ncep_hrrr_conus
KXHIGHNY-26JUL13,2026-07-13,ncep_hrrr_conus,hrrr_exact_run,hrrr_exact_06z,HRRR exact event-day 06Z (fixed-cycle benchmark),fixed-cycle benchmark,2026-07-13T06:00:00+00:00,2026-07-13T09:00:00+00:00,86.1,84.0,-2.0999999999999943,2.0999999999999943,7,summer,-6.0,84° to 85°,nws_cli_knyc,open-meteo:single-runs:ncep_hrrr_conus
KXHIGHNY-26JUL14,2026-07-14,ncep_hrrr_conus,hrrr_previous_day1,hrrr_previous_day1,HRRR previous_day1 (~24h fixed lead),fixed_lead_previous_runs,2026-07-13T00:00:00+00:00,2026-07-13T03:00:00+00:00,95.8,90.0,-5.799999999999997,5.799999999999997,7,summer,24.0,90° to 91°,nws_cli_knyc,open-meteo:previous-runs:ncep_hrrr_conus:previous_day1
KXHIGHNY-26JUL14,2026-07-14,ncep_hrrr_conus,hrrr_exact_run,hrrr_exact_12z,HRRR exact previous-day 12Z (fixed-cycle benchmark),fixed-cycle benchmark,2026-07-13T12:00:00+00:00,2026-07-13T15:00:00+00:00,95.7,90.0,-5.700000000000003,5.700000000000003,7,summer,12.0,90° to 91°,nws_cli_knyc,open-meteo:single-runs:ncep_hrrr_conus
KXHIGHNY-26JUL14,2026-07-14,ncep_hrrr_conus,hrrr_exact_run,hrrr_exact_18z,HRRR exact previous-day 18Z (fixed-cycle benchmark),fixed-cycle benchmark,2026-07-13T18:00:00+00:00,2026-07-13T21:00:00+00:00,95.8,90.0,-5.799999999999997,5.799999999999997,7,summer,6.0,90° to 91°,nws_cli_knyc,open-meteo:single-runs:ncep_hrrr_conus
KXHIGHNY-26JUL14,2026-07-14,ncep_hrrr_conus,hrrr_exact_run,hrrr_exact_00z,HRRR exact event-day 00Z (fixed-cycle benchmark),fixed-cycle benchmark,2026-07-14T00:00:00+00:00,2026-07-14T03:00:00+00:00,95.7,90.0,-5.700000000000003,5.700000000000003,7,summer,0.0,90° to 91°,nws_cli_knyc,open-meteo:single-runs:ncep_hrrr_conus
KXHIGHNY-26JUL14,2026-07-14,ncep_hrrr_conus,hrrr_exact_run,hrrr_exact_06z,HRRR exact event-day 06Z (fixed-cycle benchmark),fixed-cycle benchmark,2026-07-14T06:00:00+00:00,2026-07-14T09:00:00+00:00,95.3,90.0,-5.299999999999997,5.299999999999997,7,summer,-6.0,90° to 91°,nws_cli_knyc,open-meteo:single-runs:ncep_hrrr_conus
KXHIGHNY-26JUL15,2026-07-15,ncep_hrrr_conus,hrrr_previous_day1,hrrr_previous_day1,HRRR previous_day1 (~24h fixed lead),fixed_lead_previous_runs,2026-07-14T00:00:00+00:00,2026-07-14T03:00:00+00:00,99.5,95.0,-4.5,4.5,7,summer,24.0,96° or below,nws_cli_knyc,open-meteo:previous-runs:ncep_hrrr_conus:previous_day1
KXHIGHNY-26JUL15,2026-07-15,ncep_hrrr_conus,hrrr_exact_run,hrrr_exact_12z,HRRR exact previous-day 12Z (fixed-cycle benchmark),fixed-cycle benchmark,2026-07-14T12:00:00+00:00,2026-07-14T15:00:00+00:00,101.2,95.0,-6.200000000000003,6.200000000000003,7,summer,12.0,96° or below,nws_cli_knyc,open-meteo:single-runs:ncep_hrrr_conus
KXHIGHNY-26JUL15,2026-07-15,ncep_hrrr_conus,hrrr_exact_run,hrrr_exact_18z,HRRR exact previous-day 18Z (fixed-cycle benchmark),fixed-cycle benchmark,2026-07-14T18:00:00+00:00,2026-07-14T21:00:00+00:00,99.5,95.0,-4.5,4.5,7,summer,6.0,96° or below,nws_cli_knyc,open-meteo:single-runs:ncep_hrrr_conus
KXHIGHNY-26JUL15,2026-07-15,ncep_hrrr_conus,hrrr_exact_run,hrrr_exact_00z,HRRR exact event-day 00Z (fixed-cycle benchmark),fixed-cycle benchmark,2026-07-15T00:00:00+00:00,2026-07-15T03:00:00+00:00,101.3,95.0,-6.299999999999997,6.299999999999997,7,summer,0.0,96° or below,nws_cli_knyc,open-meteo:single-runs:ncep_hrrr_conus
KXHIGHNY-26JUL15,2026-07-15,ncep_hrrr_conus,hrrr_exact_run,hrrr_exact_06z,HRRR exact event-day 06Z (fixed-cycle benchmark),fixed-cycle benchmark,2026-07-15T06:00:00+00:00,2026-07-15T09:00:00+00:00,98.9,95.0,-3.9000000000000057,3.9000000000000057,7,summer,-6.0,96° or below,nws_cli_knyc,open-meteo:single-runs:ncep_hrrr_conus
KXHIGHNY-26JUL16,2026-07-16,ncep_hrrr_conus,hrrr_previous_day1,hrrr_previous_day1,HRRR previous_day1 (~24h fixed lead),fixed_lead_previous_runs,2026-07-15T00:00:00+00:00,2026-07-15T03:00:00+00:00,93.8,85.0,-8.799999999999997,8.799999999999997,7,summer,24.0,88° or below,nws_cli_knyc,open-meteo:previous-runs:ncep_hrrr_conus:previous_day1
KXHIGHNY-26JUL16,2026-07-16,ncep_hrrr_conus,hrrr_exact_run,hrrr_exact_12z,HRRR exact previous-day 12Z (fixed-cycle benchmark),fixed-cycle benchmark,2026-07-15T12:00:00+00:00,2026-07-15T15:00:00+00:00,96.4,85.0,-11.400000000000006,11.400000000000006,7,summer,12.0,88° or below,nws_cli_knyc,open-meteo:single-runs:ncep_hrrr_conus
KXHIGHNY-26JUL16,2026-07-16,ncep_hrrr_conus,hrrr_exact_run,hrrr_exact_18z,HRRR exact previous-day 18Z (fixed-cycle benchmark),fixed-cycle benchmark,2026-07-15T18:00:00+00:00,2026-07-15T21:00:00+00:00,93.8,85.0,-8.799999999999997,8.799999999999997,7,summer,6.0,88° or below,nws_cli_knyc,open-meteo:single-runs:ncep_hrrr_conus
KXHIGHNY-26JUL16,2026-07-16,ncep_hrrr_conus,hrrr_exact_run,hrrr_exact_00z,HRRR exact event-day 00Z (fixed-cycle benchmark),fixed-cycle benchmark,2026-07-16T00:00:00+00:00,2026-07-16T03:00:00+00:00,93.5,85.0,-8.5,8.5,7,summer,0.0,88° or below,nws_cli_knyc,open-meteo:single-runs:ncep_hrrr_conus
KXHIGHNY-26JUL16,2026-07-16,ncep_hrrr_conus,hrrr_exact_run,hrrr_exact_06z,HRRR exact event-day 06Z (fixed-cycle benchmark),fixed-cycle benchmark,2026-07-16T06:00:00+00:00,2026-07-16T09:00:00+00:00,93.8,85.0,-8.799999999999997,8.799999999999997,7,summer,-6.0,88° or below,nws_cli_knyc,open-meteo:single-runs:ncep_hrrr_conus
KXHIGHNY-26JUL17,2026-07-17,ncep_hrrr_conus,hrrr_previous_day1,hrrr_previous_day1,HRRR previous_day1 (~24h fixed lead),fixed_lead_previous_runs,2026-07-16T00:00:00+00:00,2026-07-16T03:00:00+00:00,88.6,86.0,-2.5999999999999943,2.5999999999999943,7,summer,24.0,85° to 86°,nws_cli_knyc,open-meteo:previous-runs:ncep_hrrr_conus:previous_day1
KXHIGHNY-26JUL17,2026-07-17,ncep_hrrr_conus,hrrr_exact_run,hrrr_exact_12z,HRRR exact previous-day 12Z (fixed-cycle benchmark),fixed-cycle benchmark,2026-07-16T12:00:00+00:00,2026-07-16T15:00:00+00:00,89.8,86.0,-3.799999999999997,3.799999999999997,7,summer,12.0,85° to 86°,nws_cli_knyc,open-meteo:single-runs:ncep_hrrr_conus
KXHIGHNY-26JUL17,2026-07-17,ncep_hrrr_conus,hrrr_exact_run,hrrr_exact_18z,HRRR exact previous-day 18Z (fixed-cycle benchmark),fixed-cycle benchmark,2026-07-16T18:00:00+00:00,2026-07-16T21:00:00+00:00,88.6,86.0,-2.5999999999999943,2.5999999999999943,7,summer,6.0,85° to 86°,nws_cli_knyc,open-meteo:single-runs:ncep_hrrr_conus
KXHIGHNY-26JUL17,2026-07-17,ncep_hrrr_conus,hrrr_exact_run,hrrr_exact_00z,HRRR exact event-day 00Z (fixed-cycle benchmark),fixed-cycle benchmark,2026-07-17T00:00:00+00:00,2026-07-17T03:00:00+00:00,90.5,86.0,-4.5,4.5,7,summer,0.0,85° to 86°,nws_cli_knyc,open-meteo:single-runs:ncep_hrrr_conus
KXHIGHNY-26JUL17,2026-07-17,ncep_hrrr_conus,hrrr_exact_run,hrrr_exact_06z,HRRR exact event-day 06Z (fixed-cycle benchmark),fixed-cycle benchmark,2026-07-17T06:00:00+00:00,2026-07-17T09:00:00+00:00,89.9,86.0,-3.9000000000000057,3.9000000000000057,7,summer,-6.0,85° to 86°,nws_cli_knyc,open-meteo:single-runs:ncep_hrrr_conus
KXHIGHNY-26JUL18,2026-07-18,ncep_hrrr_conus,hrrr_previous_day1,hrrr_previous_day1,HRRR previous_day1 (~24h fixed lead),fixed_lead_previous_runs,2026-07-17T00:00:00+00:00,2026-07-17T03:00:00+00:00,91.4,76.0,-15.400000000000006,15.400000000000006,7,summer,24.0,78° or below,nws_cli_knyc,open-meteo:previous-runs:ncep_hrrr_conus:previous_day1
KXHIGHNY-26JUL18,2026-07-18,ncep_hrrr_conus,hrrr_exact_run,hrrr_exact_12z,HRRR exact previous-day 12Z (fixed-cycle benchmark),fixed-cycle benchmark,2026-07-17T12:00:00+00:00,2026-07-17T15:00:00+00:00,80.0,76.0,-4.0,4.0,7,summer,12.0,78° or below,nws_cli_knyc,open-meteo:single-runs:ncep_hrrr_conus
KXHIGHNY-26JUL18,2026-07-18,ncep_hrrr_conus,hrrr_exact_run,hrrr_exact_18z,HRRR exact previous-day 18Z (fixed-cycle benchmark),fixed-cycle benchmark,2026-07-17T18:00:00+00:00,2026-07-17T21:00:00+00:00,91.4,76.0,-15.400000000000006,15.400000000000006,7,summer,6.0,78° or below,nws_cli_knyc,open-meteo:single-runs:ncep_hrrr_conus
KXHIGHNY-26JUL18,2026-07-18,ncep_hrrr_conus,hrrr_exact_run,hrrr_exact_00z,HRRR exact event-day 00Z (fixed-cycle benchmark),fixed-cycle benchmark,2026-07-18T00:00:00+00:00,2026-07-18T03:00:00+00:00,79.7,76.0,-3.700000000000003,3.700000000000003,7,summer,0.0,78° or below,nws_cli_knyc,open-meteo:single-runs:ncep_hrrr_conus
KXHIGHNY-26JUL18,2026-07-18,ncep_hrrr_conus,hrrr_exact_run,hrrr_exact_06z,HRRR exact event-day 06Z (fixed-cycle benchmark),fixed-cycle benchmark,2026-07-18T06:00:00+00:00,2026-07-18T09:00:00+00:00,92.1,76.0,-16.099999999999994,16.099999999999994,7,summer,-6.0,78° or below,nws_cli_knyc,open-meteo:single-runs:ncep_hrrr_conus
KXHIGHNY-26JUL19,2026-07-19,ncep_hrrr_conus,hrrr_previous_day1,hrrr_previous_day1,HRRR previous_day1 (~24h fixed lead),fixed_lead_previous_runs,2026-07-18T00:00:00+00:00,2026-07-18T03:00:00+00:00,79.7,79.0,-0.7000000000000028,0.7000000000000028,7,summer,24.0,79° or below,nws_cli_knyc,open-meteo:previous-runs:ncep_hrrr_conus:previous_day1
KXHIGHNY-26JUL19,2026-07-19,ncep_hrrr_conus,hrrr_exact_run,hrrr_exact_12z,HRRR exact previous-day 12Z (fixed-cycle benchmark),fixed-cycle benchmark,2026-07-18T12:00:00+00:00,2026-07-18T15:00:00+00:00,82.1,79.0,-3.0999999999999943,3.0999999999999943,7,summer,12.0,79° or below,nws_cli_knyc,open-meteo:single-runs:ncep_hrrr_conus
KXHIGHNY-26JUL19,2026-07-19,ncep_hrrr_conus,hrrr_exact_run,hrrr_exact_18z,HRRR exact previous-day 18Z (fixed-cycle benchmark),fixed-cycle benchmark,2026-07-18T18:00:00+00:00,2026-07-18T21:00:00+00:00,79.5,79.0,-0.5,0.5,7,summer,6.0,79° or below,nws_cli_knyc,open-meteo:single-runs:ncep_hrrr_conus
KXHIGHNY-26JUL19,2026-07-19,ncep_hrrr_conus,hrrr_exact_run,hrrr_exact_00z,HRRR exact event-day 00Z (fixed-cycle benchmark),fixed-cycle benchmark,2026-07-19T00:00:00+00:00,2026-07-19T03:00:00+00:00,79.9,79.0,-0.9000000000000057,0.9000000000000057,7,summer,0.0,79° or below,nws_cli_knyc,open-meteo:single-runs:ncep_hrrr_conus
KXHIGHNY-26JUL19,2026-07-19,ncep_hrrr_conus,hrrr_exact_run,hrrr_exact_06z,HRRR exact event-day 06Z (fixed-cycle benchmark),fixed-cycle benchmark,2026-07-19T06:00:00+00:00,2026-07-19T09:00:00+00:00,81.4,79.0,-2.4000000000000057,2.4000000000000057,7,summer,-6.0,79° or below,nws_cli_knyc,open-meteo:single-runs:ncep_hrrr_conus
KXHIGHNY-26JUL20,2026-07-20,ncep_hrrr_conus,hrrr_previous_day1,hrrr_previous_day1,HRRR previous_day1 (~24h fixed lead),fixed_lead_previous_runs,2026-07-19T00:00:00+00:00,2026-07-19T03:00:00+00:00,83.0,81.0,-2.0,2.0,7,summer,24.0,81° to 82°,nws_cli_knyc,open-meteo:previous-runs:ncep_hrrr_conus:previous_day1
KXHIGHNY-26JUL20,2026-07-20,ncep_hrrr_conus,hrrr_exact_run,hrrr_exact_12z,HRRR exact previous-day 12Z (fixed-cycle benchmark),fixed-cycle benchmark,2026-07-19T12:00:00+00:00,2026-07-19T15:00:00+00:00,83.0,81.0,-2.0,2.0,7,summer,12.0,81° to 82°,nws_cli_knyc,open-meteo:single-runs:ncep_hrrr_conus
KXHIGHNY-26JUL20,2026-07-20,ncep_hrrr_conus,hrrr_exact_run,hrrr_exact_18z,HRRR exact previous-day 18Z (fixed-cycle benchmark),fixed-cycle benchmark,2026-07-19T18:00:00+00:00,2026-07-19T21:00:00+00:00,83.0,81.0,-2.0,2.0,7,summer,6.0,81° to 82°,nws_cli_knyc,open-meteo:single-runs:ncep_hrrr_conus
KXHIGHNY-26JUL20,2026-07-20,ncep_hrrr_conus,hrrr_exact_run,hrrr_exact_00z,HRRR exact event-day 00Z (fixed-cycle benchmark),fixed-cycle benchmark,2026-07-20T00:00:00+00:00,2026-07-20T03:00:00+00:00,83.6,81.0,-2.5999999999999943,2.5999999999999943,7,summer,0.0,81° to 82°,nws_cli_knyc,open-meteo:single-runs:ncep_hrrr_conus
KXHIGHNY-26JUL20,2026-07-20,ncep_hrrr_conus,hrrr_exact_run,hrrr_exact_06z,HRRR exact event-day 06Z (fixed-cycle benchmark),fixed-cycle benchmark,2026-07-20T06:00:00+00:00,2026-07-20T09:00:00+00:00,82.5,81.0,-1.5,1.5,7,summer,-6.0,81° to 82°,nws_cli_knyc,open-meteo:single-runs:ncep_hrrr_conus
KXHIGHNY-26JUL21,2026-07-21,ncep_hrrr_conus,hrrr_previous_day1,hrrr_previous_day1,HRRR previous_day1 (~24h fixed lead),fixed_lead_previous_runs,2026-07-20T00:00:00+00:00,2026-07-20T03:00:00+00:00,80.3,81.0,0.7000000000000028,-0.7000000000000028,7,summer,24.0,81° to 82°,nws_cli_knyc,open-meteo:previous-runs:ncep_hrrr_conus:previous_day1
KXHIGHNY-26JUL21,2026-07-21,ncep_hrrr_conus,hrrr_exact_run,hrrr_exact_12z,HRRR exact previous-day 12Z (fixed-cycle benchmark),fixed-cycle benchmark,2026-07-20T12:00:00+00:00,2026-07-20T15:00:00+00:00,82.4,81.0,-1.4000000000000057,1.4000000000000057,7,summer,12.0,81° to 82°,nws_cli_knyc,open-meteo:single-runs:ncep_hrrr_conus
KXHIGHNY-26JUL21,2026-07-21,ncep_hrrr_conus,hrrr_exact_run,hrrr_exact_18z,HRRR exact previous-day 18Z (fixed-cycle benchmark),fixed-cycle benchmark,2026-07-20T18:00:00+00:00,2026-07-20T21:00:00+00:00,80.3,81.0,0.7000000000000028,-0.7000000000000028,7,summer,6.0,81° to 82°,nws_cli_knyc,open-meteo:single-runs:ncep_hrrr_conus
KXHIGHNY-26JUL21,2026-07-21,ncep_hrrr_conus,hrrr_exact_run,hrrr_exact_00z,HRRR exact event-day 00Z (fixed-cycle benchmark),fixed-cycle benchmark,2026-07-21T00:00:00+00:00,2026-07-21T03:00:00+00:00,81.2,81.0,-0.20000000000000284,0.20000000000000284,7,summer,0.0,81° to 82°,nws_cli_knyc,open-meteo:single-runs:ncep_hrrr_conus
KXHIGHNY-26JUL21,2026-07-21,ncep_hrrr_conus,hrrr_exact_run,hrrr_exact_06z,HRRR exact event-day 06Z (fixed-cycle benchmark),fixed-cycle benchmark,2026-07-21T06:00:00+00:00,2026-07-21T09:00:00+00:00,81.9,81.0,-0.9000000000000057,0.9000000000000057,7,summer,-6.0,81° to 82°,nws_cli_knyc,open-meteo:single-runs:ncep_hrrr_conus
KXHIGHNY-26JUL22,2026-07-22,ncep_hrrr_conus,hrrr_previous_day1,hrrr_previous_day1,HRRR previous_day1 (~24h fixed lead),fixed_lead_previous_runs,2026-07-21T00:00:00+00:00,2026-07-21T03:00:00+00:00,85.6,85.0,-0.5999999999999943,0.5999999999999943,7,summer,24.0,84° to 85°,nws_cli_knyc,open-meteo:previous-runs:ncep_hrrr_conus:previous_day1
KXHIGHNY-26JUL22,2026-07-22,ncep_hrrr_conus,hrrr_exact_run,hrrr_exact_12z,HRRR exact previous-day 12Z (fixed-cycle benchmark),fixed-cycle benchmark,2026-07-21T12:00:00+00:00,2026-07-21T15:00:00+00:00,85.4,85.0,-0.4000000000000057,0.4000000000000057,7,summer,12.0,84° to 85°,nws_cli_knyc,open-meteo:single-runs:ncep_hrrr_conus
KXHIGHNY-26JUL22,2026-07-22,ncep_hrrr_conus,hrrr_exact_run,hrrr_exact_18z,HRRR exact previous-day 18Z (fixed-cycle benchmark),fixed-cycle benchmark,2026-07-21T18:00:00+00:00,2026-07-21T21:00:00+00:00,85.6,85.0,-0.5999999999999943,0.5999999999999943,7,summer,6.0,84° to 85°,nws_cli_knyc,open-meteo:single-runs:ncep_hrrr_conus
KXHIGHNY-26JUL22,2026-07-22,ncep_hrrr_conus,hrrr_exact_run,hrrr_exact_00z,HRRR exact event-day 00Z (fixed-cycle benchmark),fixed-cycle benchmark,2026-07-22T00:00:00+00:00,2026-07-22T03:00:00+00:00,87.2,85.0,-2.200000000000003,2.200000000000003,7,summer,0.0,84° to 85°,nws_cli_knyc,open-meteo:single-runs:ncep_hrrr_conus
KXHIGHNY-26JUL22,2026-07-22,ncep_hrrr_conus,hrrr_exact_run,hrrr_exact_06z,HRRR exact event-day 06Z (fixed-cycle benchmark),fixed-cycle benchmark,2026-07-22T06:00:00+00:00,2026-07-22T09:00:00+00:00,88.3,85.0,-3.299999999999997,3.299999999999997,7,summer,-6.0,84° to 85°,nws_cli_knyc,open-meteo:single-runs:ncep_hrrr_conus
KXHIGHNY-26JUL23,2026-07-23,ncep_hrrr_conus,hrrr_previous_day1,hrrr_previous_day1,HRRR previous_day1 (~24h fixed lead),fixed_lead_previous_runs,2026-07-22T00:00:00+00:00,2026-07-22T03:00:00+00:00,81.6,79.0,-2.5999999999999943,2.5999999999999943,7,summer,24.0,79° to 80°,nws_cli_knyc,open-meteo:previous-runs:ncep_hrrr_conus:previous_day1
KXHIGHNY-26JUL23,2026-07-23,ncep_hrrr_conus,hrrr_exact_run,hrrr_exact_12z,HRRR exact previous-day 12Z (fixed-cycle benchmark),fixed-cycle benchmark,2026-07-22T12:00:00+00:00,2026-07-22T15:00:00+00:00,81.7,79.0,-2.700000000000003,2.700000000000003,7,summer,12.0,79° to 80°,nws_cli_knyc,open-meteo:single-runs:ncep_hrrr_conus
KXHIGHNY-26JUL23,2026-07-23,ncep_hrrr_conus,hrrr_exact_run,hrrr_exact_18z,HRRR exact previous-day 18Z (fixed-cycle benchmark),fixed-cycle benchmark,2026-07-22T18:00:00+00:00,2026-07-22T21:00:00+00:00,81.6,79.0,-2.5999999999999943,2.5999999999999943,7,summer,6.0,79° to 80°,nws_cli_knyc,open-meteo:single-runs:ncep_hrrr_conus
KXHIGHNY-26JUL23,2026-07-23,ncep_hrrr_conus,hrrr_exact_run,hrrr_exact_00z,HRRR exact event-day 00Z (fixed-cycle benchmark),fixed-cycle benchmark,2026-07-23T00:00:00+00:00,2026-07-23T03:00:00+00:00,82.2,79.0,-3.200000000000003,3.200000000000003,7,summer,0.0,79° to 80°,nws_cli_knyc,open-meteo:single-runs:ncep_hrrr_conus
KXHIGHNY-26JUL23,2026-07-23,ncep_hrrr_conus,hrrr_exact_run,hrrr_exact_06z,HRRR exact event-day 06Z (fixed-cycle benchmark),fixed-cycle benchmark,2026-07-23T06:00:00+00:00,2026-07-23T09:00:00+00:00,82.3,79.0,-3.299999999999997,3.299999999999997,7,summer,-6.0,79° to 80°,nws_cli_knyc,open-meteo:single-runs:ncep_hrrr_conus
KXHIGHNY-26JUL24,2026-07-24,ncep_hrrr_conus,hrrr_previous_day1,hrrr_previous_day1,HRRR previous_day1 (~24h fixed lead),fixed_lead_previous_runs,2026-07-23T00:00:00+00:00,2026-07-23T03:00:00+00:00,84.4,83.0,-1.4000000000000057,1.4000000000000057,7,summer,24.0,83° to 84°,nws_cli_knyc,open-meteo:previous-runs:ncep_hrrr_conus:previous_day1
KXHIGHNY-26JUL24,2026-07-24,ncep_hrrr_conus,hrrr_exact_run,hrrr_exact_12z,HRRR exact previous-day 12Z (fixed-cycle benchmark),fixed-cycle benchmark,2026-07-23T12:00:00+00:00,2026-07-23T15:00:00+00:00,83.5,83.0,-0.5,0.5,7,summer,12.0,83° to 84°,nws_cli_knyc,open-meteo:single-runs:ncep_hrrr_conus
KXHIGHNY-26JUL24,2026-07-24,ncep_hrrr_conus,hrrr_exact_run,hrrr_exact_18z,HRRR exact previous-day 18Z (fixed-cycle benchmark),fixed-cycle benchmark,2026-07-23T18:00:00+00:00,2026-07-23T21:00:00+00:00,84.4,83.0,-1.4000000000000057,1.4000000000000057,7,summer,6.0,83° to 84°,nws_cli_knyc,open-meteo:single-runs:ncep_hrrr_conus
KXHIGHNY-26JUL24,2026-07-24,ncep_hrrr_conus,hrrr_exact_run,hrrr_exact_00z,HRRR exact event-day 00Z (fixed-cycle benchmark),fixed-cycle benchmark,2026-07-24T00:00:00+00:00,2026-07-24T03:00:00+00:00,84.4,83.0,-1.4000000000000057,1.4000000000000057,7,summer,0.0,83° to 84°,nws_cli_knyc,open-meteo:single-runs:ncep_hrrr_conus
KXHIGHNY-26JUL24,2026-07-24,ncep_hrrr_conus,hrrr_exact_run,hrrr_exact_06z,HRRR exact event-day 06Z (fixed-cycle benchmark),fixed-cycle benchmark,2026-07-24T06:00:00+00:00,2026-07-24T09:00:00+00:00,82.6,83.0,0.4000000000000057,-0.4000000000000057,7,summer,-6.0,83° to 84°,nws_cli_knyc,open-meteo:single-runs:ncep_hrrr_conus
KXHIGHNY-26JUL25,2026-07-25,ncep_hrrr_conus,hrrr_previous_day1,hrrr_previous_day1,HRRR previous_day1 (~24h fixed lead),fixed_lead_previous_runs,2026-07-24T00:00:00+00:00,2026-07-24T03:00:00+00:00,83.2,81.0,-2.200000000000003,2.200000000000003,7,summer,24.0,80° to 81°,nws_cli_knyc,open-meteo:previous-runs:ncep_hrrr_conus:previous_day1
KXHIGHNY-26JUL25,2026-07-25,ncep_hrrr_conus,hrrr_exact_run,hrrr_exact_12z,HRRR exact previous-day 12Z (fixed-cycle benchmark),fixed-cycle benchmark,2026-07-24T12:00:00+00:00,2026-07-24T15:00:00+00:00,83.2,81.0,-2.200000000000003,2.200000000000003,7,summer,12.0,80° to 81°,nws_cli_knyc,open-meteo:single-runs:ncep_hrrr_conus
KXHIGHNY-26JUL25,2026-07-25,ncep_hrrr_conus,hrrr_exact_run,hrrr_exact_18z,HRRR exact previous-day 18Z (fixed-cycle benchmark),fixed-cycle benchmark,2026-07-24T18:00:00+00:00,2026-07-24T21:00:00+00:00,83.2,81.0,-2.200000000000003,2.200000000000003,7,summer,6.0,80° to 81°,nws_cli_knyc,open-meteo:single-runs:ncep_hrrr_conus
KXHIGHNY-26JUL25,2026-07-25,ncep_hrrr_conus,hrrr_exact_run,hrrr_exact_00z,HRRR exact event-day 00Z (fixed-cycle benchmark),fixed-cycle benchmark,2026-07-25T00:00:00+00:00,2026-07-25T03:00:00+00:00,83.8,81.0,-2.799999999999997,2.799999999999997,7,summer,0.0,80° to 81°,nws_cli_knyc,open-meteo:single-runs:ncep_hrrr_conus
KXHIGHNY-26JUL25,2026-07-25,ncep_hrrr_conus,hrrr_exact_run,hrrr_exact_06z,HRRR exact event-day 06Z (fixed-cycle benchmark),fixed-cycle benchmark,2026-07-25T06:00:00+00:00,2026-07-25T09:00:00+00:00,83.7,81.0,-2.700000000000003,2.700000000000003,7,summer,-6.0,80° to 81°,nws_cli_knyc,open-meteo:single-runs:ncep_hrrr_conus
