series_ticker,sport,competition_top,contract_family,phase1_coverage_status,phase1_reason,cohort,competition,phase2_family,oof_F1,oof_F2,oof_F3,calibration_status,blend_status,market_events_train,market_events_validation,market_events_evaluation,quoted_events_train,quoted_events_validation,quoted_events_evaluation,eval_frozen_contracts,phase2_status
KXAFLGAME,Aussie Rules,AFL,game_winner,kalshi_settlement_only_evaluated,,kalshi_settlement_only,k_kxaflgame,game_winner,0,0,0,unavailable: training support below threshold,unavailable: matched training support below threshold,0,0,150,0,0,150,430,calibration_unavailable+blend_unavailable
KXMLBASGAME,Baseball,Pro Baseball,awards,not_attempted_supported_sport,awards: voting outcomes without as-of inputs,,,,,,,,,,,,,,,,phase1:not_attempted_supported_sport
KXMLBALMVP,Baseball,Pro Baseball,awards,not_attempted_supported_sport,awards: voting outcomes without as-of inputs,,,,,,,,,,,,,,,,phase1:not_attempted_supported_sport
KXMLBNLROTY,Baseball,Pro Baseball,awards,not_attempted_supported_sport,awards: voting outcomes without as-of inputs,,,,,,,,,,,,,,,,phase1:not_attempted_supported_sport
KXMLBNLMVP,Baseball,Pro Baseball,awards,not_attempted_supported_sport,awards: voting outcomes without as-of inputs,,,,,,,,,,,,,,,,phase1:not_attempted_supported_sport
KXMLBNLCY,Baseball,Pro Baseball,awards,not_attempted_supported_sport,awards: voting outcomes without as-of inputs,,,,,,,,,,,,,,,,phase1:not_attempted_supported_sport
KXMLBALCY,Baseball,Pro Baseball,awards,not_attempted_supported_sport,awards: voting outcomes without as-of inputs,,,,,,,,,,,,,,,,phase1:not_attempted_supported_sport
KXWBCMVP,Baseball,World Baseball Classic,awards,not_attempted_supported_sport,awards: voting outcomes without as-of inputs,,,,,,,,,,,,,,,,phase1:not_attempted_supported_sport
KXMLBALROTY,Baseball,Pro Baseball,awards,not_attempted_supported_sport,awards: voting outcomes without as-of inputs,,,,,,,,,,,,,,,,phase1:not_attempted_supported_sport
KXMLBASGMVP,Baseball,All-Star,awards,not_attempted_supported_sport,awards: voting outcomes without as-of inputs,,,,,,,,,,,,,,,,phase1:not_attempted_supported_sport
KXMLBWSMVP,Baseball,Pro Baseball,awards,not_attempted_supported_sport,awards: voting outcomes without as-of inputs,,,,,,,,,,,,,,,,phase1:not_attempted_supported_sport
KXMLBALMOTY,Baseball,Pro Baseball,awards,not_attempted_supported_sport,awards: voting outcomes without as-of inputs,,,,,,,,,,,,,,,,phase1:not_attempted_supported_sport
KXMLBNLMOTY,Baseball,Pro Baseball,awards,not_attempted_supported_sport,awards: voting outcomes without as-of inputs,,,,,,,,,,,,,,,,phase1:not_attempted_supported_sport
KXMLBALLSTAR,Baseball,All-Star,awards,not_attempted_supported_sport,awards: voting outcomes without as-of inputs,,,,,,,,,,,,,,,,phase1:not_attempted_supported_sport
KXMLBNLCSMVP,Baseball,Pro Baseball,awards,not_attempted_supported_sport,awards: voting outcomes without as-of inputs,,,,,,,,,,,,,,,,phase1:not_attempted_supported_sport
KXMLBALCSMVP,Baseball,Pro Baseball,awards,not_attempted_supported_sport,awards: voting outcomes without as-of inputs,,,,,,,,,,,,,,,,phase1:not_attempted_supported_sport
KXMLBALRELOTY,Baseball,Pro Baseball,awards,not_attempted_supported_sport,awards: voting outcomes without as-of inputs,,,,,,,,,,,,,,,,phase1:not_attempted_supported_sport
KXMLBPITCHEROTM,Baseball,Pro Baseball,awards,not_attempted_supported_sport,awards: voting outcomes without as-of inputs,,,,,,,,,,,,,,,,phase1:not_attempted_supported_sport
KXMLBPLAYEROTM,Baseball,Pro Baseball,awards,not_attempted_supported_sport,awards: voting outcomes without as-of inputs,,,,,,,,,,,,,,,,phase1:not_attempted_supported_sport
KXMLBTRIPLECROWN,Baseball,Pro Baseball,awards,not_attempted_supported_sport,awards: voting outcomes without as-of inputs,,,,,,,,,,,,,,,,phase1:not_attempted_supported_sport
KXMLBGG,Baseball,Pro Baseball,awards,not_attempted_supported_sport,awards: voting outcomes without as-of inputs,,,,,,,,,,,,,,,,phase1:not_attempted_supported_sport
KXMLBAWARDFIN,Baseball,Pro Baseball,awards,not_attempted_supported_sport,awards: voting outcomes without as-of inputs,,,,,,,,,,,,,,,,phase1:not_attempted_supported_sport
KXMLBNLHAARON,Baseball,Pro Baseball,awards,not_attempted_supported_sport,awards: voting outcomes without as-of inputs,,,,,,,,,,,,,,,,phase1:not_attempted_supported_sport
KXMLBALCPOTY,Baseball,Pro Baseball,awards,not_attempted_supported_sport,awards: voting outcomes without as-of inputs,,,,,,,,,,,,,,,,phase1:not_attempted_supported_sport
KXMLBNLCPOTY,Baseball,Pro Baseball,awards,not_attempted_supported_sport,awards: voting outcomes without as-of inputs,,,,,,,,,,,,,,,,phase1:not_attempted_supported_sport
KXNCAABBGS,Baseball,College Baseball,awards,not_attempted_supported_sport,awards: voting outcomes without as-of inputs,,,,,,,,,,,,,,,,phase1:not_attempted_supported_sport
KXMLBNLRELOTY,Baseball,Pro Baseball,awards,not_attempted_supported_sport,awards: voting outcomes without as-of inputs,,,,,,,,,,,,,,,,phase1:not_attempted_supported_sport
KXMLBALHAARON,Baseball,Pro Baseball,awards,not_attempted_supported_sport,awards: voting outcomes without as-of inputs,,,,,,,,,,,,,,,,phase1:not_attempted_supported_sport
KXMLBEOTY,Baseball,Pro Baseball,awards,not_attempted_supported_sport,awards: voting outcomes without as-of inputs,,,,,,,,,,,,,,,,phase1:not_attempted_supported_sport
KXMLBFTGAME,Baseball,All-Star,awards,not_attempted_supported_sport,awards: voting outcomes without as-of inputs,,,,,,,,,,,,,,,,phase1:not_attempted_supported_sport
KXMLBSS,Baseball,Pro Baseball,awards,not_attempted_supported_sport,awards: voting outcomes without as-of inputs,,,,,,,,,,,,,,,,phase1:not_attempted_supported_sport
KXMLBPLAYEROTW,Baseball,Pro Baseball,awards,not_attempted_supported_sport,awards: voting outcomes without as-of inputs,,,,,,,,,,,,,,,,phase1:not_attempted_supported_sport
KXALALLSTAR,Baseball,,awards,not_attempted_supported_sport,awards: voting outcomes without as-of inputs,,,,,,,,,,,,,,,,phase1:not_attempted_supported_sport
KXOHTANIMVPCY,Baseball,,awards,not_attempted_supported_sport,awards: voting outcomes without as-of inputs,,,,,,,,,,,,,,,,phase1:not_attempted_supported_sport
KXWBCPREPACK,Baseball,World Baseball Classic,combo_parlay,not_attempted_supported_sport,out of scope (derived combination),,,,,,,,,,,,,,,,phase1:not_attempted_supported_sport
KXMLBAWARDCOMBO,Baseball,Pro Baseball,combo_parlay,not_attempted_supported_sport,out of scope (derived combination),,,,,,,,,,,,,,,,phase1:not_attempted_supported_sport
KXMLBDRAFTPICK,Baseball,Pro Baseball Draft,draft,not_attempted_supported_sport,draft: consensus mocks not archived as-of,,,,,,,,,,,,,,,,phase1:not_attempted_supported_sport
KXMLBDRAFTTOP,Baseball,Pro Baseball Draft,draft,not_attempted_supported_sport,draft: consensus mocks not archived as-of,,,,,,,,,,,,,,,,phase1:not_attempted_supported_sport
KXMLBHRDERBY,Baseball,Home Run Derby,field_finish,not_attempted_supported_sport,no independent results adapter for this competition in Phase 1 (game_winner only via Kalshi-only path),,,,,,,,,,,,,,,,phase1:not_attempted_supported_sport
KXMLBHRDERBYMATCHUP,Baseball,Home Run Derby,field_finish,not_attempted_supported_sport,no independent results adapter for this competition in Phase 1 (game_winner only via Kalshi-only path),,,,,,,,,,,,,,,,phase1:not_attempted_supported_sport
KXMLBHRDERBYSEMI,Baseball,Home Run Derby,field_finish,not_attempted_supported_sport,no independent results adapter for this competition in Phase 1 (game_winner only via Kalshi-only path),,,,,,,,,,,,,,,,phase1:not_attempted_supported_sport
KXMLBHRDERBYOU,Baseball,Home Run Derby,field_finish,not_attempted_supported_sport,no independent results adapter for this competition in Phase 1 (game_winner only via Kalshi-only path),,,,,,,,,,,,,,,,phase1:not_attempted_supported_sport
KXMLBHRDERBYFORECAST,Baseball,Home Run Derby,field_finish,not_attempted_supported_sport,no independent results adapter for this competition in Phase 1 (game_winner only via Kalshi-only path),,,,,,,,,,,,,,,,phase1:not_attempted_supported_sport
KXMLBHRDERBY500,Baseball,Home Run Derby,field_finish,not_attempted_supported_sport,no independent results adapter for this competition in Phase 1 (game_winner only via Kalshi-only path),,,,,,,,,,,,,,,,phase1:not_attempted_supported_sport
KXMLBHRDERBYR1LEAD,Baseball,Home Run Derby,field_finish,not_attempted_supported_sport,no independent results adapter for this competition in Phase 1 (game_winner only via Kalshi-only path),,,,,,,,,,,,,,,,phase1:not_attempted_supported_sport
KXMLBHRDERBYDISTANCE,Baseball,Home Run Derby,field_finish,not_attempted_supported_sport,no independent results adapter for this competition in Phase 1 (game_winner only via Kalshi-only path),,,,,,,,,,,,,,,,phase1:not_attempted_supported_sport
KXMLBHRDERBYLONGEST,Baseball,Home Run Derby,field_finish,not_attempted_supported_sport,no independent results adapter for this competition in Phase 1 (game_winner only via Kalshi-only path),,,,,,,,,,,,,,,,phase1:not_attempted_supported_sport
KXMLBHRDERBYFIN,Baseball,Home Run Derby,field_finish,not_attempted_supported_sport,no independent results adapter for this competition in Phase 1 (game_winner only via Kalshi-only path),,,,,,,,,,,,,,,,phase1:not_attempted_supported_sport
KXMLBHRDERBYTOT,Baseball,Home Run Derby,field_finish,not_attempted_supported_sport,no independent results adapter for this competition in Phase 1 (game_winner only via Kalshi-only path),,,,,,,,,,,,,,,,phase1:not_attempted_supported_sport
KXMLBHRDERBYQUAL,Baseball,Home Run Derby,field_finish,not_attempted_supported_sport,no independent results adapter for this competition in Phase 1 (game_winner only via Kalshi-only path),,,,,,,,,,,,,,,,phase1:not_attempted_supported_sport
KXMLBGAME,Baseball,Pro Baseball,game_winner,strict_evaluated,,strict,mlb,game_winner,1960,2336,74,unavailable: validation support below threshold,unavailable: matched validation support below threshold,300,37,300,300,37,300,4890,calibration_unavailable+blend_unavailable
KXNPBGAME,Baseball,Japan NPB,game_winner,kalshi_settlement_only_evaluated,,kalshi_settlement_only,k_kxnpbgame,game_winner,0,0,0,unavailable: training support below threshold,unavailable: matched training support below threshold,0,0,150,0,0,150,1652,calibration_unavailable+blend_unavailable
KXKBOGAME,Baseball,Korea KBO,game_winner,kalshi_settlement_only_evaluated,,kalshi_settlement_only,k_kxkbogame,game_winner,0,0,0,unavailable: training support below threshold,unavailable: matched training support below threshold,0,0,150,0,0,150,1344,calibration_unavailable+blend_unavailable
KXWBCGAME,Baseball,World Baseball Classic,game_winner,kalshi_settlement_only_evaluated,,kalshi_settlement_only,k_kxwbcgame,game_winner,0,0,0,unavailable: training support below threshold,unavailable: matched training support below threshold,0,0,74,0,0,74,148,calibration_unavailable+blend_unavailable
KXMLBSTGAME,Baseball,Pro Baseball,game_winner,excluded_spec,no payoff parser for suffix 'STGAME',,mlb,,,,,,,,,,,,,,phase1:excluded_spec
KXNCAABBGAME,Baseball,College Baseball,game_winner,kalshi_settlement_only_evaluated,,kalshi_settlement_only,k_kxncaabbgame,game_winner,0,0,0,unavailable: training support below threshold,unavailable: matched training support below threshold,0,0,150,0,0,139,14344,calibration_unavailable+blend_unavailable
KXMLBWORLD,Baseball,World Baseball Classic,game_winner,no_test_contracts,no scored contracts in the test window,kalshi_settlement_only,k_kxmlbworld,game_winner,0,0,0,,,0,0,0,0,0,0,0,phase1:no_test_contracts
KXLMBGAME,Baseball,Mexico LMB,game_winner,kalshi_settlement_only_evaluated,,kalshi_settlement_only,k_kxlmbgame,game_winner,0,0,0,unavailable: training support below threshold,unavailable: matched training support below threshold,0,0,150,0,0,149,808,calibration_unavailable+blend_unavailable
KXNCAASBGAME,Baseball,College Softball,game_winner,kalshi_settlement_only_evaluated,,kalshi_settlement_only,k_kxncaasbgame,game_winner,0,0,0,unavailable: training support below threshold,unavailable: matched training support below threshold,0,0,8,0,0,8,24,calibration_unavailable+blend_unavailable
KXMILBGAME,Baseball,,game_winner,no_test_contracts,no scored contracts in the test window,kalshi_settlement_only,k_kxmilbgame,game_winner,0,0,0,,,0,0,0,0,0,0,0,phase1:no_test_contracts
KXCONGRESSBASEBALL,Baseball,,game_winner,not_attempted_supported_sport,no traded markets,,,,,,,,,,,,,,,,phase1:not_attempted_supported_sport
KXMLBSTATCOUNT,Baseball,Pro Baseball,league_leaders,not_attempted_supported_sport,league leaders: one outcome per stat-season,,,,,,,,,,,,,,,,phase1:not_attempted_supported_sport
KXMLBSTAT,Baseball,Pro Baseball,league_leaders,not_attempted_supported_sport,league leaders: one outcome per stat-season,,,,,,,,,,,,,,,,phase1:not_attempted_supported_sport
KXLEADERMLBSTEALS,Baseball,Pro Baseball,league_leaders,not_attempted_supported_sport,league leaders: one outcome per stat-season,,,,,,,,,,,,,,,,phase1:not_attempted_supported_sport
KXMLBTEAMSTAT,Baseball,Pro Baseball,league_leaders,not_attempted_supported_sport,league leaders: one outcome per stat-season,,,,,,,,,,,,,,,,phase1:not_attempted_supported_sport
KXLEADERMLBERA,Baseball,Pro Baseball,league_leaders,not_attempted_supported_sport,league leaders: one outcome per stat-season,,,,,,,,,,,,,,,,phase1:not_attempted_supported_sport
KXLEADERMLBDOUBLES,Baseball,Pro Baseball,league_leaders,not_attempted_supported_sport,league leaders: one outcome per stat-season,,,,,,,,,,,,,,,,phase1:not_attempted_supported_sport
KXLEADERMLBAVG,Baseball,Pro Baseball,league_leaders,not_attempted_supported_sport,league leaders: one outcome per stat-season,,,,,,,,,,,,,,,,phase1:not_attempted_supported_sport
KXLEADERMLBRUNS,Baseball,Pro Baseball,league_leaders,not_attempted_supported_sport,league leaders: one outcome per stat-season,,,,,,,,,,,,,,,,phase1:not_attempted_supported_sport
KXLEADERMLBWAR,Baseball,Pro Baseball,league_leaders,not_attempted_supported_sport,league leaders: one outcome per stat-season,,,,,,,,,,,,,,,,phase1:not_attempted_supported_sport
KXLEADERMLBTRIPLES,Baseball,Pro Baseball,league_leaders,not_attempted_supported_sport,league leaders: one outcome per stat-season,,,,,,,,,,,,,,,,phase1:not_attempted_supported_sport
KXMLBLEADERPLAYOFF,Baseball,Pro Baseball,league_leaders,not_attempted_supported_sport,league leaders: one outcome per stat-season,,,,,,,,,,,,,,,,phase1:not_attempted_supported_sport
KXLEADERMLBOPS,Baseball,Pro Baseball,league_leaders,not_attempted_supported_sport,league leaders: one outcome per stat-season,,,,,,,,,,,,,,,,phase1:not_attempted_supported_sport
KXMLBFASTPITCH,Baseball,Pro Baseball,league_leaders,not_attempted_supported_sport,league leaders: one outcome per stat-season,,,,,,,,,,,,,,,,phase1:not_attempted_supported_sport
KXMLB100LOSS,Baseball,Pro Baseball,league_leaders,not_attempted_supported_sport,league leaders: one outcome per stat-season,,,,,,,,,,,,,,,,phase1:not_attempted_supported_sport
KXPCRO5040,Baseball,,league_leaders,not_attempted_supported_sport,league leaders: one outcome per stat-season,,,,,,,,,,,,,,,,phase1:not_attempted_supported_sport
KXMLBSERIESEXACT,Baseball,Pro Baseball,other_novelty,not_attempted_supported_sport,out of scope (novelty),,,,,,,,,,,,,,,,phase1:not_attempted_supported_sport
KXMLBSEASONGAMES,Baseball,Pro Baseball,other_novelty,not_attempted_supported_sport,out of scope (novelty),,,,,,,,,,,,,,,,phase1:not_attempted_supported_sport
KXMLBOPENINGDAY,Baseball,Pro Baseball,other_novelty,not_attempted_supported_sport,out of scope (novelty),,,,,,,,,,,,,,,,phase1:not_attempted_supported_sport
KXMLBFODTEAMS,Baseball,Pro Baseball,other_novelty,not_attempted_supported_sport,out of scope (novelty),,,,,,,,,,,,,,,,phase1:not_attempted_supported_sport
KXSALMONRUN,Baseball,Pro Baseball,other_novelty,not_attempted_supported_sport,out of scope (novelty),,,,,,,,,,,,,,,,phase1:not_attempted_supported_sport
KXMLBRETURN,Baseball,Pro Baseball,other_novelty,not_attempted_supported_sport,out of scope (novelty),,,,,,,,,,,,,,,,phase1:not_attempted_supported_sport
KXMLBNEXTHR,Baseball,Pro Baseball,other_novelty,not_attempted_supported_sport,out of scope (novelty),,,,,,,,,,,,,,,,phase1:not_attempted_supported_sport
KXCITYMLBEXPAND,Baseball,Pro Baseball,other_novelty,not_attempted_supported_sport,out of scope (novelty),,,,,,,,,,,,,,,,phase1:not_attempted_supported_sport
KXWINSTREAKHOUMLB10,Baseball,,other_novelty,not_attempted_supported_sport,out of scope (novelty),,,,,,,,,,,,,,,,phase1:not_attempted_supported_sport
KXMLBFOD,Baseball,,other_novelty,not_attempted_supported_sport,out of scope (novelty),,,,,,,,,,,,,,,,phase1:not_attempted_supported_sport
KXNLMOTY,Baseball,,other_novelty,not_attempted_supported_sport,out of scope (novelty),,,,,,,,,,,,,,,,phase1:not_attempted_supported_sport
KXNEXTTEAMMLB,Baseball,Pro Baseball,personnel_ops,not_attempted_supported_sport,out of scope (non-sporting outcome),,,,,,,,,,,,,,,,phase1:not_attempted_supported_sport
KXMLBNEXTTEAM,Baseball,Pro Baseball,personnel_ops,not_attempted_supported_sport,out of scope (non-sporting outcome),,,,,,,,,,,,,,,,phase1:not_attempted_supported_sport
KXMLBTRADE,Baseball,Pro Baseball,personnel_ops,not_attempted_supported_sport,out of scope (non-sporting outcome),,,,,,,,,,,,,,,,phase1:not_attempted_supported_sport
KXMLBDEBUT,Baseball,Pro Baseball,personnel_ops,not_attempted_supported_sport,out of scope (non-sporting outcome),,,,,,,,,,,,,,,,phase1:not_attempted_supported_sport
KXNEXTTEAMSKUBAL,Baseball,Pro Baseball,personnel_ops,not_attempted_supported_sport,out of scope (non-sporting outcome),,,,,,,,,,,,,,,,phase1:not_attempted_supported_sport
KXNEXTMANAGERMLB,Baseball,Pro Baseball,personnel_ops,not_attempted_supported_sport,out of scope (non-sporting outcome),,,,,,,,,,,,,,,,phase1:not_attempted_supported_sport
KXCOACHOUTMLB,Baseball,Pro Baseball,personnel_ops,not_attempted_supported_sport,out of scope (non-sporting outcome),,,,,,,,,,,,,,,,phase1:not_attempted_supported_sport
KXMLBTEAMSALE,Baseball,Pro Baseball,personnel_ops,not_attempted_supported_sport,out of scope (non-sporting outcome),,,,,,,,,,,,,,,,phase1:not_attempted_supported_sport
KXMLBPITCH,Baseball,Pro Baseball,personnel_ops,not_attempted_supported_sport,out of scope (non-sporting outcome),,,,,,,,,,,,,,,,phase1:not_attempted_supported_sport
KXCOACHOUTMLBDATE,Baseball,Pro Baseball,personnel_ops,not_attempted_supported_sport,out of scope (non-sporting outcome),,,,,,,,,,,,,,,,phase1:not_attempted_supported_sport
KXSELLTWINS,Baseball,Pro Baseball,personnel_ops,not_attempted_supported_sport,out of scope (non-sporting outcome),,,,,,,,,,,,,,,,phase1:not_attempted_supported_sport
KXACQUIRELADSKENES,Baseball,,personnel_ops,not_attempted_supported_sport,out of scope (non-sporting outcome),,,,,,,,,,,,,,,,phase1:not_attempted_supported_sport
KXMLBCOACH,Baseball,,personnel_ops,not_attempted_supported_sport,out of scope (non-sporting outcome),,,,,,,,,,,,,,,,phase1:not_attempted_supported_sport
KXNEXTCONTRACTSKUBAL,Baseball,,personnel_ops,not_attempted_supported_sport,out of scope (non-sporting outcome),,,,,,,,,,,,,,,,phase1:not_attempted_supported_sport
KXMLBHR,Baseball,Pro Baseball,player_prop,excluded_spec,no payoff parser for suffix 'HR',,mlb,,,,,,,,,,,,,,phase1:excluded_spec
KXMLBKS,Baseball,Pro Baseball,player_prop,excluded_spec,no payoff parser for suffix 'KS',,mlb,,,,,,,,,,,,,,phase1:excluded_spec
KXMLBHIT,Baseball,Pro Baseball,player_prop,excluded_spec,no payoff parser for suffix 'HIT',,mlb,,,,,,,,,,,,,,phase1:excluded_spec
KXMLBHRR,Baseball,Pro Baseball,player_prop,excluded_spec,no payoff parser for suffix 'HRR',,mlb,,,,,,,,,,,,,,phase1:excluded_spec
KXMLBTB,Baseball,Pro Baseball,player_prop,excluded_spec,no payoff parser for suffix 'TB',,mlb,,,,,,,,,,,,,,phase1:excluded_spec
KXMLBOUTS,Baseball,Pro Baseball,player_prop,excluded_spec,no payoff parser for suffix 'OUTS',,mlb,,,,,,,,,,,,,,phase1:excluded_spec
KXMLBRBI,Baseball,Pro Baseball,player_prop,excluded_spec,no payoff parser for suffix 'RBI',,mlb,,,,,,,,,,,,,,phase1:excluded_spec
KXMLBSB,Baseball,Pro Baseball,player_prop,excluded_spec,no payoff parser for suffix 'SB',,mlb,,,,,,,,,,,,,,phase1:excluded_spec
KXMLBASGHR,Baseball,All-Star,player_prop,not_attempted_supported_sport,player/appearance-conditioned; pregame participation not reconstructable as-of (not modelled),,,,,,,,,,,,,,,,phase1:not_attempted_supported_sport
KXMLBSEASONHR,Baseball,Pro Baseball,player_prop,excluded_spec,no payoff parser for suffix 'SEASONHR',,mlb,,,,,,,,,,,,,,phase1:excluded_spec
KXWBCHR,Baseball,World Baseball Classic,player_prop,not_attempted_supported_sport,player/appearance-conditioned; pregame participation not reconstructable as-of (not modelled),,,,,,,,,,,,,,,,phase1:not_attempted_supported_sport
KXLEADERMLBHR,Baseball,Pro Baseball,player_prop,not_attempted_supported_sport,player/appearance-conditioned; pregame participation not reconstructable as-of (not modelled),,,,,,,,,,,,,,,,phase1:not_attempted_supported_sport
KXMLBHRDERBYVELO,Baseball,Home Run Derby,player_prop,not_attempted_supported_sport,player/appearance-conditioned; pregame participation not reconstructable as-of (not modelled),,,,,,,,,,,,,,,,phase1:not_attempted_supported_sport
KXMLBWA,Baseball,Pro Baseball,player_prop,excluded_spec,no payoff parser for suffix 'WA',,mlb,,,,,,,,,,,,,,phase1:excluded_spec
KXMLBHA,Baseball,Pro Baseball,player_prop,excluded_spec,no payoff parser for suffix 'HA',,mlb,,,,,,,,,,,,,,phase1:excluded_spec
KXMLBERA,Baseball,Pro Baseball,player_prop,excluded_spec,no payoff parser for suffix 'ERA',,mlb,,,,,,,,,,,,,,phase1:excluded_spec
KXMLBASGHIT,Baseball,All-Star,player_prop,not_attempted_supported_sport,player/appearance-conditioned; pregame participation not reconstructable as-of (not modelled),,,,,,,,,,,,,,,,phase1:not_attempted_supported_sport
KXMLBASGKS,Baseball,All-Star,player_prop,not_attempted_supported_sport,player/appearance-conditioned; pregame participation not reconstructable as-of (not modelled),,,,,,,,,,,,,,,,phase1:not_attempted_supported_sport
KXWBCKS,Baseball,World Baseball Classic,player_prop,not_attempted_supported_sport,player/appearance-conditioned; pregame participation not reconstructable as-of (not modelled),,,,,,,,,,,,,,,,phase1:not_attempted_supported_sport
KXMLBALLSTARHR,Baseball,All-Star,player_prop,not_attempted_supported_sport,player/appearance-conditioned; pregame participation not reconstructable as-of (not modelled),,,,,,,,,,,,,,,,phase1:not_attempted_supported_sport
KXLEADERMLBRBI,Baseball,Pro Baseball,player_prop,not_attempted_supported_sport,player/appearance-conditioned; pregame participation not reconstructable as-of (not modelled),,,,,,,,,,,,,,,,phase1:not_attempted_supported_sport
KXLEADERMLBKS,Baseball,Pro Baseball,player_prop,not_attempted_supported_sport,player/appearance-conditioned; pregame participation not reconstructable as-of (not modelled),,,,,,,,,,,,,,,,phase1:not_attempted_supported_sport
KXLEADERMLBHITS,Baseball,Pro Baseball,player_prop,not_attempted_supported_sport,player/appearance-conditioned; pregame participation not reconstructable as-of (not modelled),,,,,,,,,,,,,,,,phase1:not_attempted_supported_sport
KXNCAABBHR,Baseball,College Baseball,player_prop,not_attempted_supported_sport,player/appearance-conditioned; pregame participation not reconstructable as-of (not modelled),,,,,,,,,,,,,,,,phase1:not_attempted_supported_sport
KXMLBPLAYOFFHRS,Baseball,Pro Baseball,player_prop,excluded_spec,no payoff parser for suffix 'PLAYOFFHRS',,mlb,,,,,,,,,,,,,,phase1:excluded_spec
KXMLBWALKOFFS,Baseball,Pro Baseball,player_prop,excluded_spec,no payoff parser for suffix 'WALKOFFS',,mlb,,,,,,,,,,,,,,phase1:excluded_spec
KXLEADERMLBSAVES,Baseball,,player_prop,not_attempted_supported_sport,player/appearance-conditioned; pregame participation not reconstructable as-of (not modelled),,,,,,,,,,,,,,,,phase1:not_attempted_supported_sport
KXLEADERMLBSTRIKEOUTS,Baseball,,player_prop,not_attempted_supported_sport,player/appearance-conditioned; pregame participation not reconstructable as-of (not modelled),,,,,,,,,,,,,,,,phase1:not_attempted_supported_sport
KXMLBSTARTER,Baseball,,player_prop,not_attempted_supported_sport,player/appearance-conditioned; pregame participation not reconstructable as-of (not modelled),,,,,,,,,,,,,,,,phase1:not_attempted_supported_sport
KXMLBWALK,Baseball,,player_prop,not_attempted_supported_sport,player/appearance-conditioned; pregame participation not reconstructable as-of (not modelled),,,,,,,,,,,,,,,,phase1:not_attempted_supported_sport
KXWBCHIT,Baseball,,player_prop,not_attempted_supported_sport,player/appearance-conditioned; pregame participation not reconstructable as-of (not modelled),,,,,,,,,,,,,,,,phase1:not_attempted_supported_sport
KXMLBRFI,Baseball,Pro Baseball,score_props,excluded_spec,no payoff parser for suffix 'RFI',,mlb,,,,,,,,,,,,,,phase1:excluded_spec
KXMLBEXTRAS,Baseball,Pro Baseball,score_props,excluded_spec,no payoff parser for suffix 'EXTRAS',,mlb,,,,,,,,,,,,,,phase1:excluded_spec
KXNPBRFI,Baseball,Japan NPB,score_props,not_attempted_supported_sport,no independent results adapter for this competition in Phase 1 (game_winner only via Kalshi-only path),,,,,,,,,,,,,,,,phase1:not_attempted_supported_sport
KXKBORFI,Baseball,Korea KBO,score_props,not_attempted_supported_sport,no independent results adapter for this competition in Phase 1 (game_winner only via Kalshi-only path),,,,,,,,,,,,,,,,phase1:not_attempted_supported_sport
KXWBCRFI,Baseball,World Baseball Classic,score_props,not_attempted_supported_sport,no independent results adapter for this competition in Phase 1 (game_winner only via Kalshi-only path),,,,,,,,,,,,,,,,phase1:not_attempted_supported_sport
KXMLBDELAY,Baseball,Pro Baseball,score_props,excluded_spec,no payoff parser for suffix 'DELAY',,mlb,,,,,,,,,,,,,,phase1:excluded_spec
KXMLBWINS-COL,Baseball,Pro Baseball,season_wins,not_attempted_supported_sport,season totals: one outcome per team-season; prospective capture required,,,,,,,,,,,,,,,,phase1:not_attempted_supported_sport
KXMLBWINS-LAD,Baseball,Pro Baseball,season_wins,not_attempted_supported_sport,season totals: one outcome per team-season; prospective capture required,,,,,,,,,,,,,,,,phase1:not_attempted_supported_sport
KXLEADERMLBWINS,Baseball,Pro Baseball,season_wins,not_attempted_supported_sport,season totals: one outcome per team-season; prospective capture required,,,,,,,,,,,,,,,,phase1:not_attempted_supported_sport
KXMLBWINS-SEA,Baseball,Pro Baseball,season_wins,not_attempted_supported_sport,season totals: one outcome per team-season; prospective capture required,,,,,,,,,,,,,,,,phase1:not_attempted_supported_sport
KXMLBWINS-NYM,Baseball,Pro Baseball,season_wins,not_attempted_supported_sport,season totals: one outcome per team-season; prospective capture required,,,,,,,,,,,,,,,,phase1:not_attempted_supported_sport
KXMLBWINS-MIL,Baseball,Pro Baseball,season_wins,not_attempted_supported_sport,season totals: one outcome per team-season; prospective capture required,,,,,,,,,,,,,,,,phase1:not_attempted_supported_sport
KXMLBWINS-BOS,Baseball,Pro Baseball,season_wins,not_attempted_supported_sport,season totals: one outcome per team-season; prospective capture required,,,,,,,,,,,,,,,,phase1:not_attempted_supported_sport
KXMLBWINS-ATL,Baseball,Pro Baseball,season_wins,not_attempted_supported_sport,season totals: one outcome per team-season; prospective capture required,,,,,,,,,,,,,,,,phase1:not_attempted_supported_sport
KXMLBWINS-ATH,Baseball,Pro Baseball,season_wins,not_attempted_supported_sport,season totals: one outcome per team-season; prospective capture required,,,,,,,,,,,,,,,,phase1:not_attempted_supported_sport
KXMLBWINS-LAA,Baseball,Pro Baseball,season_wins,not_attempted_supported_sport,season totals: one outcome per team-season; prospective capture required,,,,,,,,,,,,,,,,phase1:not_attempted_supported_sport
KXMLBWINS-SF,Baseball,Pro Baseball,season_wins,not_attempted_supported_sport,season totals: one outcome per team-season; prospective capture required,,,,,,,,,,,,,,,,phase1:not_attempted_supported_sport
KXMLBWINS-SD,Baseball,Pro Baseball,season_wins,not_attempted_supported_sport,season totals: one outcome per team-season; prospective capture required,,,,,,,,,,,,,,,,phase1:not_attempted_supported_sport
KXMLBWINS-CHC,Baseball,Pro Baseball,season_wins,not_attempted_supported_sport,season totals: one outcome per team-season; prospective capture required,,,,,,,,,,,,,,,,phase1:not_attempted_supported_sport
KXMLBWINS-NYY,Baseball,Pro Baseball,season_wins,not_attempted_supported_sport,season totals: one outcome per team-season; prospective capture required,,,,,,,,,,,,,,,,phase1:not_attempted_supported_sport
KXMLBWINS-DET,Baseball,Pro Baseball,season_wins,not_attempted_supported_sport,season totals: one outcome per team-season; prospective capture required,,,,,,,,,,,,,,,,phase1:not_attempted_supported_sport
KXMLBWINS-MIA,Baseball,Pro Baseball,season_wins,not_attempted_supported_sport,season totals: one outcome per team-season; prospective capture required,,,,,,,,,,,,,,,,phase1:not_attempted_supported_sport
KXMLBWINS-MIN,Baseball,Pro Baseball,season_wins,not_attempted_supported_sport,season totals: one outcome per team-season; prospective capture required,,,,,,,,,,,,,,,,phase1:not_attempted_supported_sport
KXMLBWINS-HOU,Baseball,Pro Baseball,season_wins,not_attempted_supported_sport,season totals: one outcome per team-season; prospective capture required,,,,,,,,,,,,,,,,phase1:not_attempted_supported_sport
KXMLBLSTREAK,Baseball,Pro Baseball,season_wins,not_attempted_supported_sport,season totals: one outcome per team-season; prospective capture required,,,,,,,,,,,,,,,,phase1:not_attempted_supported_sport
KXMLBWINS-PHI,Baseball,Pro Baseball,season_wins,not_attempted_supported_sport,season totals: one outcome per team-season; prospective capture required,,,,,,,,,,,,,,,,phase1:not_attempted_supported_sport
KXMLBWINS-CIN,Baseball,Pro Baseball,season_wins,not_attempted_supported_sport,season totals: one outcome per team-season; prospective capture required,,,,,,,,,,,,,,,,phase1:not_attempted_supported_sport
KXMLBWINS-CWS,Baseball,Pro Baseball,season_wins,not_attempted_supported_sport,season totals: one outcome per team-season; prospective capture required,,,,,,,,,,,,,,,,phase1:not_attempted_supported_sport
KXMLBWINS-KC,Baseball,Pro Baseball,season_wins,not_attempted_supported_sport,season totals: one outcome per team-season; prospective capture required,,,,,,,,,,,,,,,,phase1:not_attempted_supported_sport
KXMLBWINS-WSH,Baseball,Pro Baseball,season_wins,not_attempted_supported_sport,season totals: one outcome per team-season; prospective capture required,,,,,,,,,,,,,,,,phase1:not_attempted_supported_sport
KXMLBWINS-STL,Baseball,Pro Baseball,season_wins,not_attempted_supported_sport,season totals: one outcome per team-season; prospective capture required,,,,,,,,,,,,,,,,phase1:not_attempted_supported_sport
KXMLBWINS-PIT,Baseball,Pro Baseball,season_wins,not_attempted_supported_sport,season totals: one outcome per team-season; prospective capture required,,,,,,,,,,,,,,,,phase1:not_attempted_supported_sport
KXMLBWINS-BAL,Baseball,Pro Baseball,season_wins,not_attempted_supported_sport,season totals: one outcome per team-season; prospective capture required,,,,,,,,,,,,,,,,phase1:not_attempted_supported_sport
KXMLBWSTREAK,Baseball,Pro Baseball,season_wins,not_attempted_supported_sport,season totals: one outcome per team-season; prospective capture required,,,,,,,,,,,,,,,,phase1:not_attempted_supported_sport
KXMLBWINS-TEX,Baseball,Pro Baseball,season_wins,not_attempted_supported_sport,season totals: one outcome per team-season; prospective capture required,,,,,,,,,,,,,,,,phase1:not_attempted_supported_sport
KXMLBWINS-CLE,Baseball,Pro Baseball,season_wins,not_attempted_supported_sport,season totals: one outcome per team-season; prospective capture required,,,,,,,,,,,,,,,,phase1:not_attempted_supported_sport
KXMLBWINS-AZ,Baseball,Pro Baseball,season_wins,not_attempted_supported_sport,season totals: one outcome per team-season; prospective capture required,,,,,,,,,,,,,,,,phase1:not_attempted_supported_sport
KXMLBWINS-TOR,Baseball,Pro Baseball,season_wins,not_attempted_supported_sport,season totals: one outcome per team-season; prospective capture required,,,,,,,,,,,,,,,,phase1:not_attempted_supported_sport
KXMLBWINS-TB,Baseball,Pro Baseball,season_wins,not_attempted_supported_sport,season totals: one outcome per team-season; prospective capture required,,,,,,,,,,,,,,,,phase1:not_attempted_supported_sport
KXMLBSISTREAK,Baseball,Pro Baseball,season_wins,not_attempted_supported_sport,season totals: one outcome per team-season; prospective capture required,,,,,,,,,,,,,,,,phase1:not_attempted_supported_sport
KXMLB500,Baseball,,season_wins,not_attempted_supported_sport,season totals: one outcome per team-season; prospective capture required,,,,,,,,,,,,,,,,phase1:not_attempted_supported_sport
KXMLBF5TOTAL,Baseball,Pro Baseball,segment,exploratory_evaluated,only 0 pre-test settled contracts (< 30),exploratory,mlb,segment,0,0,0,unavailable: training support below threshold,unavailable: segment markets (quarters/halves/innings): no new historical quotes by scope decision,0,0,0,0,0,0,41284,calibration_unavailable+blend_unavailable
KXMLBF5,Baseball,Pro Baseball,segment,exploratory_evaluated,only 0 pre-test settled contracts (< 30),exploratory,mlb,segment,0,0,0,unavailable: training support below threshold,unavailable: segment markets (quarters/halves/innings): no new historical quotes by scope decision,0,0,0,0,0,0,41284,calibration_unavailable+blend_unavailable
KXMLBF5SPREAD,Baseball,Pro Baseball,segment,exploratory_evaluated,only 0 pre-test settled contracts (< 30),exploratory,mlb,segment,0,0,0,unavailable: training support below threshold,unavailable: segment markets (quarters/halves/innings): no new historical quotes by scope decision,0,0,0,0,0,0,41284,calibration_unavailable+blend_unavailable
KXMLBF3,Baseball,Pro Baseball,segment,exploratory_evaluated,only 0 pre-test settled contracts (< 30),exploratory,mlb,segment,0,0,0,unavailable: training support below threshold,unavailable: segment markets (quarters/halves/innings): no new historical quotes by scope decision,0,0,0,0,0,0,41284,calibration_unavailable+blend_unavailable
KXMLBF7,Baseball,Pro Baseball,segment,exploratory_evaluated,only 0 pre-test settled contracts (< 30),exploratory,mlb,segment,0,0,0,unavailable: training support below threshold,unavailable: segment markets (quarters/halves/innings): no new historical quotes by scope decision,0,0,0,0,0,0,41284,calibration_unavailable+blend_unavailable
KXMLBINNINGTOTAL,Baseball,Pro Baseball,segment,excluded_spec,no payoff parser for suffix 'INNINGTOTAL',,mlb,,,,,,,,,,,,,,phase1:excluded_spec
KXMLBINNINGWIN,Baseball,Pro Baseball,segment,excluded_spec,no payoff parser for suffix 'INNINGWIN',,mlb,,,,,,,,,,,,,,phase1:excluded_spec
KXWBCF5SPREAD,Baseball,World Baseball Classic,segment,not_attempted_supported_sport,no independent results adapter for this competition in Phase 1 (game_winner only via Kalshi-only path),,,,,,,,,,,,,,,,phase1:not_attempted_supported_sport
KXWBCF5,Baseball,World Baseball Classic,segment,not_attempted_supported_sport,no independent results adapter for this competition in Phase 1 (game_winner only via Kalshi-only path),,,,,,,,,,,,,,,,phase1:not_attempted_supported_sport
KXWBCF5TOTAL,Baseball,World Baseball Classic,segment,not_attempted_supported_sport,no independent results adapter for this competition in Phase 1 (game_winner only via Kalshi-only path),,,,,,,,,,,,,,,,phase1:not_attempted_supported_sport
KXMLBSERIES,Baseball,Pro Baseball,series_playoff,not_attempted_supported_sport,playoff series: few outcomes; needs game model + bracket simulation (not in Phase 1),,,,,,,,,,,,,,,,phase1:not_attempted_supported_sport
KXMLBSERIESSCORE,Baseball,Pro Baseball,series_playoff,not_attempted_supported_sport,playoff series: few outcomes; needs game model + bracket simulation (not in Phase 1),,,,,,,,,,,,,,,,phase1:not_attempted_supported_sport
KXMLBSPREAD,Baseball,Pro Baseball,spread,strict_evaluated,,strict,mlb,spread,0,6,54,unavailable: training support below threshold,unavailable: matched training support below threshold,0,9,300,0,9,300,20988,calibration_unavailable+blend_unavailable
KXKBOSPREAD,Baseball,Korea KBO,spread,not_attempted_supported_sport,no independent results adapter for this competition in Phase 1 (game_winner only via Kalshi-only path),,,,,,,,,,,,,,,,phase1:not_attempted_supported_sport
KXNPBSPREAD,Baseball,Japan NPB,spread,not_attempted_supported_sport,no independent results adapter for this competition in Phase 1 (game_winner only via Kalshi-only path),,,,,,,,,,,,,,,,phase1:not_attempted_supported_sport
KXWBCSPREAD,Baseball,World Baseball Classic,spread,not_attempted_supported_sport,no independent results adapter for this competition in Phase 1 (game_winner only via Kalshi-only path),,,,,,,,,,,,,,,,phase1:not_attempted_supported_sport
KXNCAABBSPREAD,Baseball,College Baseball,spread,not_attempted_supported_sport,no independent results adapter for this competition in Phase 1 (game_winner only via Kalshi-only path),,,,,,,,,,,,,,,,phase1:not_attempted_supported_sport
KXMLBSERIESSPREAD,Baseball,Pro Baseball,spread,excluded_spec,no payoff parser for suffix 'SERIESSPREAD',,mlb,,,,,,,,,,,,,,phase1:excluded_spec
KXMLBTEAMTOTAL,Baseball,Pro Baseball,team_total,exploratory_evaluated,only 0 pre-test settled contracts (< 30),exploratory,mlb,team_total,0,0,0,unavailable: training support below threshold,unavailable: matched training support below threshold,0,0,300,0,0,298,33316,calibration_unavailable+blend_unavailable
KXMLBTOTAL,Baseball,Pro Baseball,total,strict_evaluated,,strict,mlb,total,0,12,108,unavailable: training support below threshold,unavailable: matched training support below threshold,0,9,300,0,9,299,29794,calibration_unavailable+blend_unavailable
KXNPBTOTAL,Baseball,Japan NPB,total,not_attempted_supported_sport,no independent results adapter for this competition in Phase 1 (game_winner only via Kalshi-only path),,,,,,,,,,,,,,,,phase1:not_attempted_supported_sport
KXKBOTOTAL,Baseball,Korea KBO,total,not_attempted_supported_sport,no independent results adapter for this competition in Phase 1 (game_winner only via Kalshi-only path),,,,,,,,,,,,,,,,phase1:not_attempted_supported_sport
KXWBCTOTAL,Baseball,World Baseball Classic,total,not_attempted_supported_sport,no independent results adapter for this competition in Phase 1 (game_winner only via Kalshi-only path),,,,,,,,,,,,,,,,phase1:not_attempted_supported_sport
KXNCAABBTOTAL,Baseball,College Baseball,total,not_attempted_supported_sport,no independent results adapter for this competition in Phase 1 (game_winner only via Kalshi-only path),,,,,,,,,,,,,,,,phase1:not_attempted_supported_sport
KXMLBSERIESGAMETOTAL,Baseball,Pro Baseball,total,excluded_spec,no payoff parser for suffix 'SERIESGAMETOTAL',,mlb,,,,,,,,,,,,,,phase1:excluded_spec
KXMLBSERIESGAMES,Baseball,Pro Baseball,total,excluded_spec,no payoff parser for suffix 'SERIESGAMES',,mlb,,,,,,,,,,,,,,phase1:excluded_spec
KXMLB,Baseball,Pro Baseball,tournament_outright,not_attempted_supported_sport,outright/bracket: few independent outcomes per season; needs prospective capture + simulation,,,,,,,,,,,,,,,,phase1:not_attempted_supported_sport
KXMLBAL,Baseball,Pro Baseball,tournament_outright,not_attempted_supported_sport,outright/bracket: few independent outcomes per season; needs prospective capture + simulation,,,,,,,,,,,,,,,,phase1:not_attempted_supported_sport
KXMLBNL,Baseball,Pro Baseball,tournament_outright,not_attempted_supported_sport,outright/bracket: few independent outcomes per season; needs prospective capture + simulation,,,,,,,,,,,,,,,,phase1:not_attempted_supported_sport
KXNCAABASEBALL,Baseball,College Baseball,tournament_outright,not_attempted_supported_sport,outright/bracket: few independent outcomes per season; needs prospective capture + simulation,,,,,,,,,,,,,,,,phase1:not_attempted_supported_sport
KXMLBPLAYOFFS,Baseball,Pro Baseball,tournament_outright,not_attempted_supported_sport,outright/bracket: few independent outcomes per season; needs prospective capture + simulation,,,,,,,,,,,,,,,,phase1:not_attempted_supported_sport
KXNCAAMBACHAMP,Baseball,,tournament_outright,not_attempted_supported_sport,outright/bracket: few independent outcomes per season; needs prospective capture + simulation,,,,,,,,,,,,,,,,phase1:not_attempted_supported_sport
KXTEAMSINWS,Baseball,Pro Baseball,tournament_outright,not_attempted_supported_sport,outright/bracket: few independent outcomes per season; needs prospective capture + simulation,,,,,,,,,,,,,,,,phase1:not_attempted_supported_sport
KXMLBALWEST,Baseball,Pro Baseball,tournament_outright,not_attempted_supported_sport,outright/bracket: few independent outcomes per season; needs prospective capture + simulation,,,,,,,,,,,,,,,,phase1:not_attempted_supported_sport
KXMLBALEAST,Baseball,Pro Baseball,tournament_outright,not_attempted_supported_sport,outright/bracket: few independent outcomes per season; needs prospective capture + simulation,,,,,,,,,,,,,,,,phase1:not_attempted_supported_sport
KXMLBALCENT,Baseball,Pro Baseball,tournament_outright,not_attempted_supported_sport,outright/bracket: few independent outcomes per season; needs prospective capture + simulation,,,,,,,,,,,,,,,,phase1:not_attempted_supported_sport
KXMLBNLCENT,Baseball,Pro Baseball,tournament_outright,not_attempted_supported_sport,outright/bracket: few independent outcomes per season; needs prospective capture + simulation,,,,,,,,,,,,,,,,phase1:not_attempted_supported_sport
KXMLBNLEAST,Baseball,Pro Baseball,tournament_outright,not_attempted_supported_sport,outright/bracket: few independent outcomes per season; needs prospective capture + simulation,,,,,,,,,,,,,,,,phase1:not_attempted_supported_sport
KXMLBNLWEST,Baseball,Pro Baseball,tournament_outright,not_attempted_supported_sport,outright/bracket: few independent outcomes per season; needs prospective capture + simulation,,,,,,,,,,,,,,,,phase1:not_attempted_supported_sport
KXMLBBESTRECORD,Baseball,Pro Baseball,tournament_outright,not_attempted_supported_sport,outright/bracket: few independent outcomes per season; needs prospective capture + simulation,,,,,,,,,,,,,,,,phase1:not_attempted_supported_sport
KXNCAABBREG,Baseball,College Baseball,tournament_outright,not_attempted_supported_sport,outright/bracket: few independent outcomes per season; needs prospective capture + simulation,,,,,,,,,,,,,,,,phase1:not_attempted_supported_sport
KXNCAASOFTBALL,Baseball,College Softball,tournament_outright,not_attempted_supported_sport,outright/bracket: few independent outcomes per season; needs prospective capture + simulation,,,,,,,,,,,,,,,,phase1:not_attempted_supported_sport
KXMLBWORSTRECORD,Baseball,Pro Baseball,tournament_outright,not_attempted_supported_sport,outright/bracket: few independent outcomes per season; needs prospective capture + simulation,,,,,,,,,,,,,,,,phase1:not_attempted_supported_sport
KXWBCROUND,Baseball,World Baseball Classic,tournament_outright,not_attempted_supported_sport,outright/bracket: few independent outcomes per season; needs prospective capture + simulation,,,,,,,,,,,,,,,,phase1:not_attempted_supported_sport
KXNCAABBCONF,Baseball,College Baseball,tournament_outright,not_attempted_supported_sport,outright/bracket: few independent outcomes per season; needs prospective capture + simulation,,,,,,,,,,,,,,,,phase1:not_attempted_supported_sport
KXMLBMATCHUP,Baseball,Pro Baseball,tournament_outright,not_attempted_supported_sport,outright/bracket: few independent outcomes per season; needs prospective capture + simulation,,,,,,,,,,,,,,,,phase1:not_attempted_supported_sport
KXNCAABBPLAYOFFS,Baseball,College Baseball,tournament_outright,not_attempted_supported_sport,outright/bracket: few independent outcomes per season; needs prospective capture + simulation,,,,,,,,,,,,,,,,phase1:not_attempted_supported_sport
KXWBCGROUPQUAL,Baseball,World Baseball Classic,tournament_outright,not_attempted_supported_sport,outright/bracket: few independent outcomes per season; needs prospective capture + simulation,,,,,,,,,,,,,,,,phase1:not_attempted_supported_sport
KXMLBNLCSQUAL,Baseball,Pro Baseball,tournament_outright,not_attempted_supported_sport,outright/bracket: few independent outcomes per season; needs prospective capture + simulation,,,,,,,,,,,,,,,,phase1:not_attempted_supported_sport
KXMLBALCSQUAL,Baseball,Pro Baseball,tournament_outright,not_attempted_supported_sport,outright/bracket: few independent outcomes per season; needs prospective capture + simulation,,,,,,,,,,,,,,,,phase1:not_attempted_supported_sport
KXMLBPLAYOFFHOST,Baseball,Pro Baseball,tournament_outright,not_attempted_supported_sport,outright/bracket: few independent outcomes per season; needs prospective capture + simulation,,,,,,,,,,,,,,,,phase1:not_attempted_supported_sport
KXWBCGROUP,Baseball,World Baseball Classic,tournament_outright,not_attempted_supported_sport,outright/bracket: few independent outcomes per season; needs prospective capture + simulation,,,,,,,,,,,,,,,,phase1:not_attempted_supported_sport
KXMLBDIVWINNER,Baseball,,tournament_outright,not_attempted_supported_sport,outright/bracket: few independent outcomes per season; needs prospective capture + simulation,,,,,,,,,,,,,,,,phase1:not_attempted_supported_sport
KXTEAMSINNCAABBWS,Baseball,College Baseball,tournament_outright,not_attempted_supported_sport,outright/bracket: few independent outcomes per season; needs prospective capture + simulation,,,,,,,,,,,,,,,,phase1:not_attempted_supported_sport
KXNCAABBFINAL,Baseball,College Baseball,tournament_outright,not_attempted_supported_sport,outright/bracket: few independent outcomes per season; needs prospective capture + simulation,,,,,,,,,,,,,,,,phase1:not_attempted_supported_sport
KXMLBCHAMPDIVISION,Baseball,Pro Baseball,tournament_outright,not_attempted_supported_sport,outright/bracket: few independent outcomes per season; needs prospective capture + simulation,,,,,,,,,,,,,,,,phase1:not_attempted_supported_sport
KXNPB,Baseball,Japan NPB,tournament_outright,not_attempted_supported_sport,outright/bracket: few independent outcomes per season; needs prospective capture + simulation,,,,,,,,,,,,,,,,phase1:not_attempted_supported_sport
KXMLBCHAMPLEAGUE,Baseball,Pro Baseball,tournament_outright,not_attempted_supported_sport,outright/bracket: few independent outcomes per season; needs prospective capture + simulation,,,,,,,,,,,,,,,,phase1:not_attempted_supported_sport
KXKBO,Baseball,Korea KBO,tournament_outright,not_attempted_supported_sport,outright/bracket: few independent outcomes per season; needs prospective capture + simulation,,,,,,,,,,,,,,,,phase1:not_attempted_supported_sport
KXMLBSEEDWIN,Baseball,Pro Baseball,tournament_outright,not_attempted_supported_sport,outright/bracket: few independent outcomes per season; needs prospective capture + simulation,,,,,,,,,,,,,,,,phase1:not_attempted_supported_sport
KXMBLNLEAST,Baseball,,tournament_outright,not_attempted_supported_sport,outright/bracket: few independent outcomes per season; needs prospective capture + simulation,,,,,,,,,,,,,,,,phase1:not_attempted_supported_sport
KXMLBWS,Baseball,,tournament_outright,not_attempted_supported_sport,outright/bracket: few independent outcomes per season; needs prospective capture + simulation,,,,,,,,,,,,,,,,phase1:not_attempted_supported_sport
KXWSAL,Baseball,,tournament_outright,not_attempted_supported_sport,outright/bracket: few independent outcomes per season; needs prospective capture + simulation,,,,,,,,,,,,,,,,phase1:not_attempted_supported_sport
KXWSNL,Baseball,,tournament_outright,not_attempted_supported_sport,outright/bracket: few independent outcomes per season; needs prospective capture + simulation,,,,,,,,,,,,,,,,phase1:not_attempted_supported_sport
KXNBAMVP,Basketball,Pro Basketball (M),awards,not_attempted_supported_sport,awards: voting outcomes without as-of inputs,,,,,,,,,,,,,,,,phase1:not_attempted_supported_sport
KXNBAFINMVP,Basketball,Pro Basketball (M),awards,not_attempted_supported_sport,awards: voting outcomes without as-of inputs,,,,,,,,,,,,,,,,phase1:not_attempted_supported_sport
KXNBAALLSTARMVP,Basketball,Pro Basketball (M),awards,not_attempted_supported_sport,awards: voting outcomes without as-of inputs,,,,,,,,,,,,,,,,phase1:not_attempted_supported_sport
KXNBAFINALSMVP,Basketball,,awards,not_attempted_supported_sport,awards: voting outcomes without as-of inputs,,,,,,,,,,,,,,,,phase1:not_attempted_supported_sport
KXNBAROY,Basketball,Pro Basketball (M),awards,not_attempted_supported_sport,awards: voting outcomes without as-of inputs,,,,,,,,,,,,,,,,phase1:not_attempted_supported_sport
KXNBACOY,Basketball,Pro Basketball (M),awards,not_attempted_supported_sport,awards: voting outcomes without as-of inputs,,,,,,,,,,,,,,,,phase1:not_attempted_supported_sport
KXNBAALLSTARGAME,Basketball,Pro Basketball (M),awards,not_attempted_supported_sport,awards: voting outcomes without as-of inputs,,,,,,,,,,,,,,,,phase1:not_attempted_supported_sport
KXNBA3PTCONTEST,Basketball,Pro Basketball (M),awards,not_attempted_supported_sport,awards: voting outcomes without as-of inputs,,,,,,,,,,,,,,,,phase1:not_attempted_supported_sport
KXNBAMIMP,Basketball,Pro Basketball (M),awards,not_attempted_supported_sport,awards: voting outcomes without as-of inputs,,,,,,,,,,,,,,,,phase1:not_attempted_supported_sport
KXNBASLAMDUNK,Basketball,Pro Basketball (M),awards,not_attempted_supported_sport,awards: voting outcomes without as-of inputs,,,,,,,,,,,,,,,,phase1:not_attempted_supported_sport
KXNBADPOY,Basketball,Pro Basketball (M),awards,not_attempted_supported_sport,awards: voting outcomes without as-of inputs,,,,,,,,,,,,,,,,phase1:not_attempted_supported_sport
KXNBAWFINMVP,Basketball,Pro Basketball (M),awards,not_attempted_supported_sport,awards: voting outcomes without as-of inputs,,,,,,,,,,,,,,,,phase1:not_attempted_supported_sport
KXNBASIXTH,Basketball,Pro Basketball (M),awards,not_attempted_supported_sport,awards: voting outcomes without as-of inputs,,,,,,,,,,,,,,,,phase1:not_attempted_supported_sport
KXNCAAMBMOP,Basketball,CBB Tournament,awards,not_attempted_supported_sport,awards: voting outcomes without as-of inputs,,,,,,,,,,,,,,,,phase1:not_attempted_supported_sport
KXNBARISINGSTARS,Basketball,Pro Basketball (M),awards,not_attempted_supported_sport,awards: voting outcomes without as-of inputs,,,,,,,,,,,,,,,,phase1:not_attempted_supported_sport
KXWNBAMVP,Basketball,Pro Basketball (W),awards,not_attempted_supported_sport,awards: voting outcomes without as-of inputs,,,,,,,,,,,,,,,,phase1:not_attempted_supported_sport
KXNBACELEBRITYGAME,Basketball,Pro Basketball (M),awards,not_attempted_supported_sport,awards: voting outcomes without as-of inputs,,,,,,,,,,,,,,,,phase1:not_attempted_supported_sport
KXWNBAASGMVP,Basketball,Pro Basketball (W),awards,not_attempted_supported_sport,awards: voting outcomes without as-of inputs,,,,,,,,,,,,,,,,phase1:not_attempted_supported_sport
KXNBAALLSTARS,Basketball,Pro Basketball (M),awards,not_attempted_supported_sport,awards: voting outcomes without as-of inputs,,,,,,,,,,,,,,,,phase1:not_attempted_supported_sport
KXNBA1STTEAM,Basketball,Pro Basketball (M),awards,not_attempted_supported_sport,awards: voting outcomes without as-of inputs,,,,,,,,,,,,,,,,phase1:not_attempted_supported_sport
KXNBAEFINMVP,Basketball,Pro Basketball (M),awards,not_attempted_supported_sport,awards: voting outcomes without as-of inputs,,,,,,,,,,,,,,,,phase1:not_attempted_supported_sport
KXNBACELEBRITY3PT,Basketball,Pro Basketball (M),awards,not_attempted_supported_sport,awards: voting outcomes without as-of inputs,,,,,,,,,,,,,,,,phase1:not_attempted_supported_sport
KXNCAAMBNAISMITH,Basketball,CBB Tournament,awards,not_attempted_supported_sport,awards: voting outcomes without as-of inputs,,,,,,,,,,,,,,,,phase1:not_attempted_supported_sport
KXNBASHOOTINGSTARS,Basketball,Pro Basketball (M),awards,not_attempted_supported_sport,awards: voting outcomes without as-of inputs,,,,,,,,,,,,,,,,phase1:not_attempted_supported_sport
KXNBASUMMERMVP,Basketball,Pro Basketball Summer League,awards,not_attempted_supported_sport,awards: voting outcomes without as-of inputs,,,,,,,,,,,,,,,,phase1:not_attempted_supported_sport
KXNBACLUTCH,Basketball,Pro Basketball (M),awards,not_attempted_supported_sport,awards: voting outcomes without as-of inputs,,,,,,,,,,,,,,,,phase1:not_attempted_supported_sport
KXNBA2NDTEAM,Basketball,Pro Basketball (M),awards,not_attempted_supported_sport,awards: voting outcomes without as-of inputs,,,,,,,,,,,,,,,,phase1:not_attempted_supported_sport
KXWNBAROY,Basketball,Pro Basketball (W),awards,not_attempted_supported_sport,awards: voting outcomes without as-of inputs,,,,,,,,,,,,,,,,phase1:not_attempted_supported_sport
KXWNBADPOY,Basketball,Pro Basketball (W),awards,not_attempted_supported_sport,awards: voting outcomes without as-of inputs,,,,,,,,,,,,,,,,phase1:not_attempted_supported_sport
KXWNBACOY,Basketball,Pro Basketball (W),awards,not_attempted_supported_sport,awards: voting outcomes without as-of inputs,,,,,,,,,,,,,,,,phase1:not_attempted_supported_sport
KXNBACUPMVP,Basketball,Pro Basketball (M),awards,not_attempted_supported_sport,awards: voting outcomes without as-of inputs,,,,,,,,,,,,,,,,phase1:not_attempted_supported_sport
KXNCAAWBMOP,Basketball,CBB Tournament (W),awards,not_attempted_supported_sport,awards: voting outcomes without as-of inputs,,,,,,,,,,,,,,,,phase1:not_attempted_supported_sport
KXNBA1STTEAMDEF,Basketball,Pro Basketball (M),awards,not_attempted_supported_sport,awards: voting outcomes without as-of inputs,,,,,,,,,,,,,,,,phase1:not_attempted_supported_sport
KXWNBA6POY,Basketball,Pro Basketball (W),awards,not_attempted_supported_sport,awards: voting outcomes without as-of inputs,,,,,,,,,,,,,,,,phase1:not_attempted_supported_sport
KXNBASTARTERS,Basketball,Pro Basketball (M),awards,not_attempted_supported_sport,awards: voting outcomes without as-of inputs,,,,,,,,,,,,,,,,phase1:not_attempted_supported_sport
KXNCAAMBCOTY,Basketball,CBB Tournament,awards,not_attempted_supported_sport,awards: voting outcomes without as-of inputs,,,,,,,,,,,,,,,,phase1:not_attempted_supported_sport
KXWNBAFINALSMVP,Basketball,Pro Basketball (W),awards,not_attempted_supported_sport,awards: voting outcomes without as-of inputs,,,,,,,,,,,,,,,,phase1:not_attempted_supported_sport
KXNBA3RDTEAM,Basketball,Pro Basketball (M),awards,not_attempted_supported_sport,awards: voting outcomes without as-of inputs,,,,,,,,,,,,,,,,phase1:not_attempted_supported_sport
KXWNBAALLROOKIE,Basketball,Pro Basketball (W),awards,not_attempted_supported_sport,awards: voting outcomes without as-of inputs,,,,,,,,,,,,,,,,phase1:not_attempted_supported_sport
KXWNBAMIMP,Basketball,Pro Basketball (W),awards,not_attempted_supported_sport,awards: voting outcomes without as-of inputs,,,,,,,,,,,,,,,,phase1:not_attempted_supported_sport
KXNBAROOKIE2NDTEAM,Basketball,Pro Basketball (M),awards,not_attempted_supported_sport,awards: voting outcomes without as-of inputs,,,,,,,,,,,,,,,,phase1:not_attempted_supported_sport
KXWNBAALLSTARS,Basketball,Pro Basketball (W),awards,not_attempted_supported_sport,awards: voting outcomes without as-of inputs,,,,,,,,,,,,,,,,phase1:not_attempted_supported_sport
KXNBA2NDTEAMDEF,Basketball,Pro Basketball (M),awards,not_attempted_supported_sport,awards: voting outcomes without as-of inputs,,,,,,,,,,,,,,,,phase1:not_attempted_supported_sport
KXWNBACCUPMVP,Basketball,Pro Basketball (W),awards,not_attempted_supported_sport,awards: voting outcomes without as-of inputs,,,,,,,,,,,,,,,,phase1:not_attempted_supported_sport
KXNBAROOKIE1STTEAM,Basketball,Pro Basketball (M),awards,not_attempted_supported_sport,awards: voting outcomes without as-of inputs,,,,,,,,,,,,,,,,phase1:not_attempted_supported_sport
KXWNBAROTY,Basketball,Pro Basketball (W),awards,not_attempted_supported_sport,awards: voting outcomes without as-of inputs,,,,,,,,,,,,,,,,phase1:not_attempted_supported_sport
KXWNBAROOKAS,Basketball,Pro Basketball (W),awards,not_attempted_supported_sport,awards: voting outcomes without as-of inputs,,,,,,,,,,,,,,,,phase1:not_attempted_supported_sport
KXNBAMVPDPOY,Basketball,Pro Basketball (M),awards,not_attempted_supported_sport,awards: voting outcomes without as-of inputs,,,,,,,,,,,,,,,,phase1:not_attempted_supported_sport
KXWNBAALLTEAM,Basketball,Pro Basketball (W),awards,not_attempted_supported_sport,awards: voting outcomes without as-of inputs,,,,,,,,,,,,,,,,phase1:not_attempted_supported_sport
KXWNBAALLDEFENSE,Basketball,Pro Basketball (W),awards,not_attempted_supported_sport,awards: voting outcomes without as-of inputs,,,,,,,,,,,,,,,,phase1:not_attempted_supported_sport
KXNBASPORTSMANSHIP,Basketball,Pro Basketball (M),awards,not_attempted_supported_sport,awards: voting outcomes without as-of inputs,,,,,,,,,,,,,,,,phase1:not_attempted_supported_sport
KXNBAHALLOFFAME,Basketball,Pro Basketball (M),awards,not_attempted_supported_sport,awards: voting outcomes without as-of inputs,,,,,,,,,,,,,,,,phase1:not_attempted_supported_sport
KXNBAAWARDFIN,Basketball,Pro Basketball (M),awards,not_attempted_supported_sport,awards: voting outcomes without as-of inputs,,,,,,,,,,,,,,,,phase1:not_attempted_supported_sport
KXNBAEXEC,Basketball,Pro Basketball (M),awards,not_attempted_supported_sport,awards: voting outcomes without as-of inputs,,,,,,,,,,,,,,,,phase1:not_attempted_supported_sport
KXNBAHUSTLE,Basketball,Pro Basketball (M),awards,not_attempted_supported_sport,awards: voting outcomes without as-of inputs,,,,,,,,,,,,,,,,phase1:not_attempted_supported_sport
KXNBAPOSTASREC,Basketball,Pro Basketball (M),awards,not_attempted_supported_sport,awards: voting outcomes without as-of inputs,,,,,,,,,,,,,,,,phase1:not_attempted_supported_sport
KXNBASJC,Basketball,Pro Basketball (M),awards,not_attempted_supported_sport,awards: voting outcomes without as-of inputs,,,,,,,,,,,,,,,,phase1:not_attempted_supported_sport
KXNBATEAMMATE,Basketball,Pro Basketball (M),awards,not_attempted_supported_sport,awards: voting outcomes without as-of inputs,,,,,,,,,,,,,,,,phase1:not_attempted_supported_sport
KXWNBAASGAME,Basketball,,awards,not_attempted_supported_sport,awards: voting outcomes without as-of inputs,,,,,,,,,,,,,,,,phase1:not_attempted_supported_sport
KXWNBAFIRSTTEAM,Basketball,,awards,not_attempted_supported_sport,awards: voting outcomes without as-of inputs,,,,,,,,,,,,,,,,phase1:not_attempted_supported_sport
KXWNBASECONDTEAM,Basketball,,awards,not_attempted_supported_sport,awards: voting outcomes without as-of inputs,,,,,,,,,,,,,,,,phase1:not_attempted_supported_sport
KXNCAAMBSGP,Basketball,CBB Tournament,combo_parlay,not_attempted_supported_sport,out of scope (derived combination),,,,,,,,,,,,,,,,phase1:not_attempted_supported_sport
KXNCAAMB2ML,Basketball,CBB Tournament,combo_parlay,not_attempted_supported_sport,out of scope (derived combination),,,,,,,,,,,,,,,,phase1:not_attempted_supported_sport
KXNBAPREPACK3ML,Basketball,Pro Basketball (M),combo_parlay,not_attempted_supported_sport,out of scope (derived combination),,,,,,,,,,,,,,,,phase1:not_attempted_supported_sport
KXNBAPREPACK2ML,Basketball,Pro Basketball (M),combo_parlay,not_attempted_supported_sport,out of scope (derived combination),,,,,,,,,,,,,,,,phase1:not_attempted_supported_sport
KXNBADRAFTPICK,Basketball,Pro Basketball Draft,draft,not_attempted_supported_sport,draft: consensus mocks not archived as-of,,,,,,,,,,,,,,,,phase1:not_attempted_supported_sport
KXNBADRAFT1,Basketball,Pro Basketball Draft,draft,not_attempted_supported_sport,draft: consensus mocks not archived as-of,,,,,,,,,,,,,,,,phase1:not_attempted_supported_sport
KXNBADRAFTTOP,Basketball,Pro Basketball Draft,draft,not_attempted_supported_sport,draft: consensus mocks not archived as-of,,,,,,,,,,,,,,,,phase1:not_attempted_supported_sport
KXNBADRAFTTEAM,Basketball,Pro Basketball Draft,draft,not_attempted_supported_sport,draft: consensus mocks not archived as-of,,,,,,,,,,,,,,,,phase1:not_attempted_supported_sport
KXNBATOPPICK,Basketball,Pro Basketball Draft,draft,not_attempted_supported_sport,draft: consensus mocks not archived as-of,,,,,,,,,,,,,,,,phase1:not_attempted_supported_sport
KXNBADRAFTOU,Basketball,Pro Basketball Draft,draft,not_attempted_supported_sport,draft: consensus mocks not archived as-of,,,,,,,,,,,,,,,,phase1:not_attempted_supported_sport
KXNBATOP5ROTY,Basketball,Pro Basketball (M),draft,not_attempted_supported_sport,draft: consensus mocks not archived as-of,,,,,,,,,,,,,,,,phase1:not_attempted_supported_sport
KXNBALOTTERY,Basketball,Pro Basketball Draft,draft,not_attempted_supported_sport,draft: consensus mocks not archived as-of,,,,,,,,,,,,,,,,phase1:not_attempted_supported_sport
KXWNBADRAFT1,Basketball,Pro Basketball (W),draft,not_attempted_supported_sport,draft: consensus mocks not archived as-of,,,,,,,,,,,,,,,,phase1:not_attempted_supported_sport
KXNBADRAFTTOP5,Basketball,,draft,not_attempted_supported_sport,draft: consensus mocks not archived as-of,,,,,,,,,,,,,,,,phase1:not_attempted_supported_sport
KXWNBADRAFTTOP3,Basketball,Pro Basketball (W),draft,not_attempted_supported_sport,draft: consensus mocks not archived as-of,,,,,,,,,,,,,,,,phase1:not_attempted_supported_sport
KXNBADRAFTCAT,Basketball,Pro Basketball Draft,draft,not_attempted_supported_sport,draft: consensus mocks not archived as-of,,,,,,,,,,,,,,,,phase1:not_attempted_supported_sport
KXNBADRAFTMATCHUP,Basketball,Pro Basketball Draft,draft,not_attempted_supported_sport,draft: consensus mocks not archived as-of,,,,,,,,,,,,,,,,phase1:not_attempted_supported_sport
KXNBADRAFT3,Basketball,,draft,not_attempted_supported_sport,draft: consensus mocks not archived as-of,,,,,,,,,,,,,,,,phase1:not_attempted_supported_sport
KXWNBADRAFT2,Basketball,Pro Basketball (W),draft,not_attempted_supported_sport,draft: consensus mocks not archived as-of,,,,,,,,,,,,,,,,phase1:not_attempted_supported_sport
KXNBADRAFTTOP10,Basketball,,draft,not_attempted_supported_sport,draft: consensus mocks not archived as-of,,,,,,,,,,,,,,,,phase1:not_attempted_supported_sport
KXNBADRAFT5,Basketball,,draft,not_attempted_supported_sport,draft: consensus mocks not archived as-of,,,,,,,,,,,,,,,,phase1:not_attempted_supported_sport
KXNBADRAFT6,Basketball,,draft,not_attempted_supported_sport,draft: consensus mocks not archived as-of,,,,,,,,,,,,,,,,phase1:not_attempted_supported_sport
KXNBADRAFT4,Basketball,,draft,not_attempted_supported_sport,draft: consensus mocks not archived as-of,,,,,,,,,,,,,,,,phase1:not_attempted_supported_sport
KXNBADRAFTTOP20,Basketball,,draft,not_attempted_supported_sport,draft: consensus mocks not archived as-of,,,,,,,,,,,,,,,,phase1:not_attempted_supported_sport
KXNBADRAFT2,Basketball,,draft,not_attempted_supported_sport,draft: consensus mocks not archived as-of,,,,,,,,,,,,,,,,phase1:not_attempted_supported_sport
KXWNBADRAFT3,Basketball,Pro Basketball (W),draft,not_attempted_supported_sport,draft: consensus mocks not archived as-of,,,,,,,,,,,,,,,,phase1:not_attempted_supported_sport
KXNBADRAFTTOP15,Basketball,,draft,not_attempted_supported_sport,draft: consensus mocks not archived as-of,,,,,,,,,,,,,,,,phase1:not_attempted_supported_sport
KXNBALOTTERYODDS,Basketball,Pro Basketball Draft,draft,not_attempted_supported_sport,draft: consensus mocks not archived as-of,,,,,,,,,,,,,,,,phase1:not_attempted_supported_sport
KXNBADRAFT7,Basketball,,draft,not_attempted_supported_sport,draft: consensus mocks not archived as-of,,,,,,,,,,,,,,,,phase1:not_attempted_supported_sport
KXWNBADRAFT4,Basketball,Pro Basketball (W),draft,not_attempted_supported_sport,draft: consensus mocks not archived as-of,,,,,,,,,,,,,,,,phase1:not_attempted_supported_sport
KXNBADRAFT10,Basketball,,draft,not_attempted_supported_sport,draft: consensus mocks not archived as-of,,,,,,,,,,,,,,,,phase1:not_attempted_supported_sport
KXWNBADRAFTTOP5,Basketball,Pro Basketball (W),draft,not_attempted_supported_sport,draft: consensus mocks not archived as-of,,,,,,,,,,,,,,,,phase1:not_attempted_supported_sport
KXNBADRAFT9,Basketball,,draft,not_attempted_supported_sport,draft: consensus mocks not archived as-of,,,,,,,,,,,,,,,,phase1:not_attempted_supported_sport
KXNBADRAFTTOP30,Basketball,,draft,not_attempted_supported_sport,draft: consensus mocks not archived as-of,,,,,,,,,,,,,,,,phase1:not_attempted_supported_sport
KXNBADRAFTTOP25,Basketball,,draft,not_attempted_supported_sport,draft: consensus mocks not archived as-of,,,,,,,,,,,,,,,,phase1:not_attempted_supported_sport
KXNBADRAFT8,Basketball,,draft,not_attempted_supported_sport,draft: consensus mocks not archived as-of,,,,,,,,,,,,,,,,phase1:not_attempted_supported_sport
KXNBADRAFTCOMP,Basketball,Pro Basketball Draft,draft,not_attempted_supported_sport,draft: consensus mocks not archived as-of,,,,,,,,,,,,,,,,phase1:not_attempted_supported_sport
KXFIRSTPICKNBA,Basketball,,draft,not_attempted_supported_sport,draft: consensus mocks not archived as-of,,,,,,,,,,,,,,,,phase1:not_attempted_supported_sport
KXNBADRAFTCONF,Basketball,,draft,not_attempted_supported_sport,draft: consensus mocks not archived as-of,,,,,,,,,,,,,,,,phase1:not_attempted_supported_sport
KXNBADRAFTINT,Basketball,,draft,not_attempted_supported_sport,draft: consensus mocks not archived as-of,,,,,,,,,,,,,,,,phase1:not_attempted_supported_sport
KXNBATOP3,Basketball,,draft,not_attempted_supported_sport,draft: consensus mocks not archived as-of,,,,,,,,,,,,,,,,phase1:not_attempted_supported_sport
KXTOP3NBADRAFT,Basketball,,draft,not_attempted_supported_sport,draft: consensus mocks not archived as-of,,,,,,,,,,,,,,,,phase1:not_attempted_supported_sport
KXSOWBBALLTOTAL,Basketball,Olympic Qualifiers (W),field_finish,not_attempted_supported_sport,no independent results adapter for this competition in Phase 1 (game_winner only via Kalshi-only path),,,,,,,,,,,,,,,,phase1:not_attempted_supported_sport
KXSOWBBALLSPREAD,Basketball,Olympic Qualifiers (W),field_finish,not_attempted_supported_sport,no independent results adapter for this competition in Phase 1 (game_winner only via Kalshi-only path),,,,,,,,,,,,,,,,phase1:not_attempted_supported_sport
KXBBALLTEAMUSA,Basketball,Pro Basketball (M),field_finish,not_attempted_supported_sport,no independent results adapter for this competition in Phase 1 (game_winner only via Kalshi-only path),,,,,,,,,,,,,,,,phase1:not_attempted_supported_sport
KXWNBAH2HPTS,Basketball,Pro Basketball (W),field_finish,not_attempted_supported_sport,no independent results adapter for this competition in Phase 1 (game_winner only via Kalshi-only path),,,,,,,,,,,,,,,,phase1:not_attempted_supported_sport
KXNCAAMBBIGTENREGTOP,Basketball,College Basketball (M),field_finish,not_attempted_supported_sport,no independent results adapter for this competition in Phase 1 (game_winner only via Kalshi-only path),,,,,,,,,,,,,,,,phase1:not_attempted_supported_sport
KXNCAAMBACCREGTOP,Basketball,College Basketball (M),field_finish,not_attempted_supported_sport,no independent results adapter for this competition in Phase 1 (game_winner only via Kalshi-only path),,,,,,,,,,,,,,,,phase1:not_attempted_supported_sport
KXNCAAMBSECREGTOP,Basketball,College Basketball (M),field_finish,not_attempted_supported_sport,no independent results adapter for this competition in Phase 1 (game_winner only via Kalshi-only path),,,,,,,,,,,,,,,,phase1:not_attempted_supported_sport
KXNCAAMBBIG12REGTOP,Basketball,College Basketball (M),field_finish,not_attempted_supported_sport,no independent results adapter for this competition in Phase 1 (game_winner only via Kalshi-only path),,,,,,,,,,,,,,,,phase1:not_attempted_supported_sport
KXNCAAMBBIGEASTREGTOP,Basketball,College Basketball (M),field_finish,not_attempted_supported_sport,no independent results adapter for this competition in Phase 1 (game_winner only via Kalshi-only path),,,,,,,,,,,,,,,,phase1:not_attempted_supported_sport
KXBBALLUSACOACH,Basketball,,field_finish,not_attempted_supported_sport,no traded markets,,,,,,,,,,,,,,,,phase1:not_attempted_supported_sport
KXNCAAMBBIG10REGTOP,Basketball,,field_finish,not_attempted_supported_sport,no traded markets,,,,,,,,,,,,,,,,phase1:not_attempted_supported_sport
KXNBAGAME,Basketball,Pro Basketball (M),game_winner,strict_evaluated,,strict,nba,game_winner,172,0,982,unavailable: training support below threshold,unavailable: matched training support below threshold,86,200,300,86,200,300,1650,calibration_unavailable+blend_unavailable
KXNCAAMBGAME,Basketball,College Basketball (M),game_winner,strict_evaluated,,strict,ncaamb,game_winner,0,0,3221,unavailable: training support below threshold,unavailable: matched training support below threshold,0,200,300,0,171,300,7046,calibration_unavailable+blend_unavailable
KXWNBAGAME,Basketball,Pro Basketball (W),game_winner,strict_evaluated,,strict,wnba,game_winner,188,396,10,unavailable: validation support below threshold,unavailable: matched validation support below threshold,292,5,300,292,5,300,688,calibration_unavailable+blend_unavailable
KXNCAAWBGAME,Basketball,College Basketball (W),game_winner,strict_evaluated,,strict,ncaawb,game_winner,0,0,1678,unavailable: training support below threshold,unavailable: matched training support below threshold,0,200,300,0,178,295,6332,calibration_unavailable+blend_unavailable
KXNBASUMMERGAME,Basketball,Pro Basketball Summer League,game_winner,kalshi_settlement_only_evaluated,,kalshi_settlement_only,k_kxnbasummergame,game_winner,0,0,0,unavailable: training support below threshold,unavailable: matched training support below threshold,0,0,93,0,0,93,186,calibration_unavailable+blend_unavailable
KXEUROLEAGUEGAME,Basketball,Euroleague,game_winner,kalshi_settlement_only_evaluated,,kalshi_settlement_only,k_kxeuroleaguegame,game_winner,0,0,172,unavailable: training support below threshold,unavailable: matched training support below threshold,0,86,150,0,86,150,496,calibration_unavailable+blend_unavailable
KXWMARMAD,Basketball,CBB Tournament (W),game_winner,no_test_contracts,no scored contracts in the test window,kalshi_settlement_only,k_kxwmarmad,game_winner,64,0,0,,,32,0,0,29,0,0,0,phase1:no_test_contracts
KXCBAGAME,Basketball,Chinese Basketball Association,game_winner,kalshi_settlement_only_evaluated,,kalshi_settlement_only,k_kxcbagame,game_winner,0,0,160,unavailable: training support below threshold,unavailable: matched training support below threshold,0,80,150,0,80,150,732,calibration_unavailable+blend_unavailable
KXFIBAGAME,Basketball,FIBA World Cup Qualifiers,game_winner,kalshi_settlement_only_evaluated,,kalshi_settlement_only,k_kxfibagame,game_winner,0,0,0,unavailable: training support below threshold,unavailable: matched training support below threshold,0,0,150,0,0,148,462,calibration_unavailable+blend_unavailable
KXNBLGAME,Basketball,NBL Australia,game_winner,kalshi_settlement_only_evaluated,,kalshi_settlement_only,k_kxnblgame,game_winner,0,0,68,unavailable: training support below threshold,unavailable: matched training support below threshold,0,34,93,0,34,92,186,calibration_unavailable+blend_unavailable
KXJBLEAGUEGAME,Basketball,Japan B League,game_winner,kalshi_settlement_only_evaluated,,kalshi_settlement_only,k_kxjbleaguegame,game_winner,0,0,0,unavailable: training support below threshold,unavailable: matched training support below threshold,0,0,150,0,0,150,740,calibration_unavailable+blend_unavailable
KXKBLGAME,Basketball,South Korea KBL,game_winner,kalshi_settlement_only_evaluated,,kalshi_settlement_only,k_kxkblgame,game_winner,0,0,0,unavailable: training support below threshold,unavailable: matched training support below threshold,0,0,132,0,0,132,266,calibration_unavailable+blend_unavailable
KXBBLGAME,Basketball,Germany BBL,game_winner,kalshi_settlement_only_evaluated,,kalshi_settlement_only,k_kxbblgame,game_winner,0,0,0,unavailable: training support below threshold,unavailable: matched training support below threshold,0,0,150,0,0,150,404,calibration_unavailable+blend_unavailable
KXEUROCUPGAME,Basketball,EuroCup,game_winner,kalshi_settlement_only_evaluated,,kalshi_settlement_only,k_kxeurocupgame,game_winner,0,0,48,unavailable: training support below threshold,unavailable: matched training support below threshold,0,24,89,0,24,89,178,calibration_unavailable+blend_unavailable
KXLNBPGAME,Basketball,Mexico LNBP,game_winner,kalshi_settlement_only_evaluated,,kalshi_settlement_only,k_kxlnbpgame,game_winner,0,0,0,unavailable: training support below threshold,unavailable: matched training support below threshold,0,0,150,0,0,150,354,calibration_unavailable+blend_unavailable
KXACBGAME,Basketball,Spain Liga ACB,game_winner,kalshi_settlement_only_evaluated,,kalshi_settlement_only,k_kxacbgame,game_winner,0,0,0,unavailable: training support below threshold,unavailable: matched training support below threshold,0,0,150,0,0,150,348,calibration_unavailable+blend_unavailable
KXBSLGAME,Basketball,Turkey BSL,game_winner,kalshi_settlement_only_evaluated,,kalshi_settlement_only,k_kxbslgame,game_winner,0,0,0,unavailable: training support below threshold,unavailable: matched training support below threshold,0,0,124,0,0,123,256,calibration_unavailable+blend_unavailable
KXLNBELITEGAME,Basketball,LNB Elite,game_winner,kalshi_settlement_only_evaluated,,kalshi_settlement_only,k_kxlnbelitegame,game_winner,0,0,0,unavailable: training support below threshold,unavailable: matched training support below threshold,0,0,150,0,0,147,332,calibration_unavailable+blend_unavailable
KXWFIBAGAME,Basketball,FIBA World Cup (W),game_winner,kalshi_settlement_only_evaluated,,kalshi_settlement_only,k_kxwfibagame,game_winner,0,0,0,unavailable: training support below threshold,unavailable: matched training support below threshold,0,0,36,0,0,35,72,calibration_unavailable+blend_unavailable
KXISLGAME,Basketball,Israeli Super League,game_winner,kalshi_settlement_only_evaluated,,kalshi_settlement_only,k_kxislgame,game_winner,0,0,0,unavailable: training support below threshold,unavailable: matched training support below threshold,0,0,92,0,0,92,186,calibration_unavailable+blend_unavailable
KXABAGAME,Basketball,Adriatic ABA League,game_winner,kalshi_settlement_only_evaluated,,kalshi_settlement_only,k_kxabagame,game_winner,0,0,0,unavailable: training support below threshold,unavailable: matched training support below threshold,0,0,116,0,0,116,232,calibration_unavailable+blend_unavailable
KXVTBGAME,Basketball,Russia VTB United League,game_winner,kalshi_settlement_only_evaluated,,kalshi_settlement_only,k_kxvtbgame,game_winner,0,0,0,unavailable: training support below threshold,unavailable: matched training support below threshold,0,0,120,0,0,118,240,calibration_unavailable+blend_unavailable
KXBBSERIEAGAME,Basketball,Italy Serie A,game_winner,kalshi_settlement_only_evaluated,,kalshi_settlement_only,k_kxbbserieagame,game_winner,0,0,0,unavailable: training support below threshold,unavailable: matched training support below threshold,0,0,123,0,0,123,246,calibration_unavailable+blend_unavailable
KXGBLGAME,Basketball,Greek Basketball League,game_winner,kalshi_settlement_only_evaluated,,kalshi_settlement_only,k_kxgblgame,game_winner,0,0,0,unavailable: training support below threshold,unavailable: matched training support below threshold,0,0,68,0,0,63,136,calibration_unavailable+blend_unavailable
KXNZNBLGAME,Basketball,New Zealand NBL,game_winner,kalshi_settlement_only_evaluated,,kalshi_settlement_only,k_kxnznblgame,game_winner,0,0,0,unavailable: training support below threshold,unavailable: matched training support below threshold,0,0,100,0,0,100,200,calibration_unavailable+blend_unavailable
KXBSNGAME,Basketball,BSN Puerto Rico,game_winner,kalshi_settlement_only_evaluated,,kalshi_settlement_only,k_kxbsngame,game_winner,0,0,0,unavailable: training support below threshold,unavailable: matched training support below threshold,0,0,127,0,0,127,254,calibration_unavailable+blend_unavailable
KXNCAAMBCBC,Basketball,College Basketball Crown,game_winner,no_test_contracts,no scored contracts in the test window,kalshi_settlement_only,k_kxncaambcbc,game_winner,0,0,0,,,0,0,0,0,0,0,0,phase1:no_test_contracts
KXFIBAECUPGAME,Basketball,FIBA Europe Cup,game_winner,kalshi_settlement_only_evaluated,,kalshi_settlement_only,k_kxfibaecupgame,game_winner,0,0,0,unavailable: training support below threshold,unavailable: matched training support below threshold,0,0,37,0,0,36,74,calibration_unavailable+blend_unavailable
KXARGLNBGAME,Basketball,Liga Nacional de Basquetbol,game_winner,kalshi_settlement_only_evaluated,,kalshi_settlement_only,k_kxarglnbgame,game_winner,0,0,0,unavailable: training support below threshold,unavailable: matched training support below threshold,0,0,150,0,0,148,460,calibration_unavailable+blend_unavailable
KXPBAGAME,Basketball,Philippines PBA,game_winner,kalshi_settlement_only_evaluated,,kalshi_settlement_only,k_kxpbagame,game_winner,0,0,0,unavailable: training support below threshold,unavailable: matched training support below threshold,0,0,30,0,0,30,60,calibration_unavailable+blend_unavailable
KXNBBGAME,Basketball,NBB Brazil,game_winner,kalshi_settlement_only_evaluated,,kalshi_settlement_only,k_kxnbbgame,game_winner,0,0,0,unavailable: training support below threshold,unavailable: matched training support below threshold,0,0,10,0,0,10,20,calibration_unavailable+blend_unavailable
KXVBAGAME,Basketball,Vietnam VBA,game_winner,kalshi_settlement_only_evaluated,,kalshi_settlement_only,k_kxvbagame,game_winner,0,0,0,unavailable: training support below threshold,unavailable: matched training support below threshold,0,0,63,0,0,63,128,calibration_unavailable+blend_unavailable
KXNCAAMBMAA,Basketball,College Basketball (M),game_winner,excluded_spec,no payoff parser for suffix 'MAA',,ncaamb,,,,,,,,,,,,,,phase1:excluded_spec
KXPLKGAME,Basketball,Poland PLK,game_winner,kalshi_settlement_only_evaluated,,kalshi_settlement_only,k_kxplkgame,game_winner,0,0,0,unavailable: training support below threshold,unavailable: matched training support below threshold,0,0,14,0,0,14,28,calibration_unavailable+blend_unavailable
KXWNBA3PTCONTEST,Basketball,Pro Basketball (W),game_winner,excluded_spec,no payoff parser for suffix '3PTCONTEST',,wnba,,,,,,,,,,,,,,phase1:excluded_spec
KXTATUMRETURN,Basketball,Pro Basketball (M),game_winner,no_test_contracts,no scored contracts in the test window,kalshi_settlement_only,k_kxtatumreturn,game_winner,0,0,0,,,0,0,0,0,0,0,0,phase1:no_test_contracts
KXBILGAME,Basketball,Ballislife,game_winner,no_test_contracts,no scored contracts in the test window,kalshi_settlement_only,k_kxbilgame,game_winner,0,0,0,,,0,0,0,0,0,0,0,phase1:no_test_contracts
KXSPBGAME,Basketball,Venezuela Superliga,game_winner,kalshi_settlement_only_evaluated,,kalshi_settlement_only,k_kxspbgame,game_winner,0,0,0,unavailable: training support below threshold,unavailable: matched training support below threshold,0,0,17,0,0,17,34,calibration_unavailable+blend_unavailable
KXNBAALLSTAR,Basketball,,game_winner,no_test_contracts,no scored contracts in the test window,kalshi_settlement_only,k_kxnbaallstar,game_winner,0,0,0,,,0,0,0,0,0,0,0,phase1:no_test_contracts
KXBBSERIEBGAME,Basketball,Italy Serie B,game_winner,kalshi_settlement_only_evaluated,,kalshi_settlement_only,k_kxbbseriebgame,game_winner,0,0,0,unavailable: training support below threshold,unavailable: matched training support below threshold,0,0,19,0,0,18,38,calibration_unavailable+blend_unavailable
KXTBTGAME,Basketball,TBT Hoops,game_winner,kalshi_settlement_only_evaluated,,kalshi_settlement_only,k_kxtbtgame,game_winner,0,0,0,unavailable: training support below threshold,unavailable: matched training support below threshold,0,0,19,0,0,19,42,calibration_unavailable+blend_unavailable
KXSOWBBALLGAME,Basketball,Olympic Qualifiers (W),game_winner,kalshi_settlement_only_evaluated,,kalshi_settlement_only,k_kxsowbballgame,game_winner,0,0,0,unavailable: training support below threshold,unavailable: matched training support below threshold,0,0,15,0,0,15,30,calibration_unavailable+blend_unavailable
KXUNRIVALEDGAME,Basketball,Unrivaled,game_winner,kalshi_settlement_only_evaluated,,kalshi_settlement_only,k_kxunrivaledgame,game_winner,0,0,0,unavailable: training support below threshold,unavailable: matched training support below threshold,0,0,33,0,0,32,66,calibration_unavailable+blend_unavailable
KXLPBGAME,Basketball,Portugal LPB,game_winner,kalshi_settlement_only_evaluated,,kalshi_settlement_only,k_kxlpbgame,game_winner,0,0,0,unavailable: training support below threshold,unavailable: matched training support below threshold,0,0,7,0,0,7,14,calibration_unavailable+blend_unavailable
KXKORISLIIGAGAME,Basketball,Finland Korisliiga,game_winner,kalshi_settlement_only_evaluated,,kalshi_settlement_only,k_kxkorisliigagame,game_winner,0,0,0,unavailable: training support below threshold,unavailable: matched training support below threshold,0,0,11,0,0,11,22,calibration_unavailable+blend_unavailable
KXBBINTLGAME,Basketball,International Friendlies,game_winner,kalshi_settlement_only_evaluated,,kalshi_settlement_only,k_kxbbintlgame,game_winner,0,0,0,unavailable: training support below threshold,unavailable: matched training support below threshold,0,0,9,0,0,9,22,calibration_unavailable+blend_unavailable
KXJUDGEMENTDAYGAME,Basketball,Ballislife x OTD | Judgement Day,game_winner,no_test_contracts,no scored contracts in the test window,kalshi_settlement_only,k_kxjudgementdaygame,game_winner,0,0,0,,,0,0,0,0,0,0,0,phase1:no_test_contracts
KXCZENBLGAME,Basketball,Czech NBL,game_winner,kalshi_settlement_only_evaluated,,kalshi_settlement_only,k_kxczenblgame,game_winner,0,0,0,unavailable: training support below threshold,unavailable: matched training support below threshold,0,0,24,0,0,24,48,calibration_unavailable+blend_unavailable
KXLKLGAME,Basketball,Lithuania LKL,game_winner,kalshi_settlement_only_evaluated,,kalshi_settlement_only,k_kxlklgame,game_winner,0,0,0,unavailable: training support below threshold,unavailable: matched training support below threshold,0,0,12,0,0,12,24,calibration_unavailable+blend_unavailable
KXBALGAME,Basketball,Basketball Africa League,game_winner,kalshi_settlement_only_evaluated,,kalshi_settlement_only,k_kxbalgame,game_winner,0,0,0,unavailable: training support below threshold,unavailable: matched training support below threshold,0,0,37,0,0,37,74,calibration_unavailable+blend_unavailable
KXCEBLGAME,Basketball,Canada CEBL,game_winner,kalshi_settlement_only_evaluated,,kalshi_settlement_only,k_kxceblgame,game_winner,0,0,0,unavailable: training support below threshold,unavailable: matched training support below threshold,0,0,18,0,0,18,36,calibration_unavailable+blend_unavailable
KXSKLGAME,Basketball,Slovenia 1. SKL,game_winner,kalshi_settlement_only_evaluated,,kalshi_settlement_only,k_kxsklgame,game_winner,0,0,0,unavailable: training support below threshold,unavailable: matched training support below threshold,0,0,10,0,0,10,20,calibration_unavailable+blend_unavailable
KXBIG3GAME,Basketball,BIG3,game_winner,kalshi_settlement_only_evaluated,,kalshi_settlement_only,k_kxbig3game,game_winner,0,0,0,unavailable: training support below threshold,unavailable: matched training support below threshold,0,0,35,0,0,32,70,calibration_unavailable+blend_unavailable
KXLNBELITE2GAME,Basketball,LNB Elite 2,game_winner,kalshi_settlement_only_evaluated,,kalshi_settlement_only,k_kxlnbelite2game,game_winner,0,0,0,unavailable: training support below threshold,unavailable: matched training support below threshold,0,0,20,0,0,16,40,calibration_unavailable+blend_unavailable
KXWNBASSTARS,Basketball,Pro Basketball (W),game_winner,excluded_spec,no payoff parser for suffix 'SSTARS',,wnba,,,,,,,,,,,,,,phase1:excluded_spec
KXAUTBSLGAME,Basketball,Austria BSL,game_winner,kalshi_settlement_only_evaluated,,kalshi_settlement_only,k_kxautbslgame,game_winner,0,0,0,unavailable: training support below threshold,unavailable: matched training support below threshold,0,0,15,0,0,15,30,calibration_unavailable+blend_unavailable
KXBILBASKETBALL,Basketball,Ball is Life,game_winner,no_test_contracts,no scored contracts in the test window,kalshi_settlement_only,k_kxbilbasketball,game_winner,0,0,0,,,0,0,0,0,0,0,0,phase1:no_test_contracts
KXDBBGAME,Basketball,DBB Basketball Supercup,game_winner,kalshi_settlement_only_evaluated,,kalshi_settlement_only,k_kxdbbgame,game_winner,0,0,0,unavailable: training support below threshold,unavailable: matched training support below threshold,0,0,4,0,0,3,8,calibration_unavailable+blend_unavailable
KXSBLGAME,Basketball,Slovakia SBL,game_winner,kalshi_settlement_only_evaluated,,kalshi_settlement_only,k_kxsblgame,game_winner,0,0,0,unavailable: training support below threshold,unavailable: matched training support below threshold,0,0,15,0,0,15,30,calibration_unavailable+blend_unavailable
KXPHKLGAME,Basketball,Croatia Premijer Liga,game_winner,kalshi_settlement_only_evaluated,,kalshi_settlement_only,k_kxphklgame,game_winner,0,0,0,unavailable: training support below threshold,unavailable: matched training support below threshold,0,0,12,0,0,12,24,calibration_unavailable+blend_unavailable
KXLBPGAME,Basketball,LBP Colombia,game_winner,kalshi_settlement_only_evaluated,,kalshi_settlement_only,k_kxlbpgame,game_winner,0,0,0,unavailable: training support below threshold,unavailable: matched training support below threshold,0,0,10,0,0,10,20,calibration_unavailable+blend_unavailable
KXSESBLGAME,Basketball,Swedish Basketball League,game_winner,kalshi_settlement_only_evaluated,,kalshi_settlement_only,k_kxsesblgame,game_winner,0,0,0,unavailable: training support below threshold,unavailable: matched training support below threshold,0,0,14,0,0,8,28,calibration_unavailable+blend_unavailable
KXBBSERIEA2GAME,Basketball,Italy Serie A2,game_winner,kalshi_settlement_only_evaluated,,kalshi_settlement_only,k_kxbbseriea2game,game_winner,0,0,0,unavailable: training support below threshold,unavailable: matched training support below threshold,0,0,20,0,0,19,40,calibration_unavailable+blend_unavailable
KXBDSFTCHALLENGE,Basketball,Bob Does Sports,game_winner,no_test_contracts,no scored contracts in the test window,kalshi_settlement_only,k_kxbdsftchallenge,game_winner,0,0,0,,,0,0,0,0,0,0,0,phase1:no_test_contracts
KXSLBGAME,Basketball,England Super League,game_winner,kalshi_settlement_only_evaluated,,kalshi_settlement_only,k_kxslbgame,game_winner,0,0,0,unavailable: training support below threshold,unavailable: matched training support below threshold,0,0,10,0,0,10,20,calibration_unavailable+blend_unavailable
KXOTDBASKETBALL,Basketball,Off The Dribble,game_winner,no_test_contracts,no scored contracts in the test window,kalshi_settlement_only,k_kxotdbasketball,game_winner,0,0,0,,,0,0,0,0,0,0,0,phase1:no_test_contracts
KXTNCBASKETBALL,Basketball,The Next Chapter (TNC x FST),game_winner,no_test_contracts,no scored contracts in the test window,kalshi_settlement_only,k_kxtncbasketball,game_winner,0,0,0,,,0,0,0,0,0,0,0,phase1:no_test_contracts
KXBBWSERIEAGAME,Basketball,,game_winner,not_attempted_supported_sport,no traded markets,,,,,,,,,,,,,,,,phase1:not_attempted_supported_sport
KXBIHD1GAME,Basketball,,game_winner,not_attempted_supported_sport,no traded markets,,,,,,,,,,,,,,,,phase1:not_attempted_supported_sport
KXBNXTDGAME,Basketball,,game_winner,not_attempted_supported_sport,no traded markets,,,,,,,,,,,,,,,,phase1:not_attempted_supported_sport
KXBNXTGAME,Basketball,,game_winner,not_attempted_supported_sport,no traded markets,,,,,,,,,,,,,,,,phase1:not_attempted_supported_sport
KXDBBFGAME,Basketball,,game_winner,not_attempted_supported_sport,no traded markets,,,,,,,,,,,,,,,,phase1:not_attempted_supported_sport
KXDBBSUPERGAME,Basketball,,game_winner,not_attempted_supported_sport,no traded markets,,,,,,,,,,,,,,,,phase1:not_attempted_supported_sport
KXEUROBASKETGAME,Basketball,,game_winner,not_attempted_supported_sport,no traded markets,,,,,,,,,,,,,,,,phase1:not_attempted_supported_sport
KXFBUGAME,Basketball,,game_winner,not_attempted_supported_sport,no traded markets,,,,,,,,,,,,,,,,phase1:not_attempted_supported_sport
KXIBPLGAME,Basketball,,game_winner,not_attempted_supported_sport,no traded markets,,,,,,,,,,,,,,,,phase1:not_attempted_supported_sport
KXKLSGAME,Basketball,,game_winner,not_attempted_supported_sport,no traded markets,,,,,,,,,,,,,,,,phase1:not_attempted_supported_sport
KXKMLGAME,Basketball,,game_winner,not_attempted_supported_sport,no traded markets,,,,,,,,,,,,,,,,phase1:not_attempted_supported_sport
KXLBLGAME,Basketball,,game_winner,not_attempted_supported_sport,no traded markets,,,,,,,,,,,,,,,,phase1:not_attempted_supported_sport
KXNBIGAME,Basketball,,game_winner,not_attempted_supported_sport,no traded markets,,,,,,,,,,,,,,,,phase1:not_attempted_supported_sport
KXNCAABGAME,Basketball,,game_winner,not_attempted_supported_sport,no traded markets,,,,,,,,,,,,,,,,phase1:not_attempted_supported_sport
KXNCAAMBD3GAME,Basketball,College Basketball (M),game_winner,excluded_spec,no payoff parser for suffix 'D3GAME',,ncaamb,,,,,,,,,,,,,,phase1:excluded_spec
KXPLEAGUEGAME,Basketball,,game_winner,not_attempted_supported_sport,no traded markets,,,,,,,,,,,,,,,,phase1:not_attempted_supported_sport
KXSOBBALLGAME,Basketball,,game_winner,not_attempted_supported_sport,no traded markets,,,,,,,,,,,,,,,,phase1:not_attempted_supported_sport
KXWCBAGAME,Basketball,,game_winner,not_attempted_supported_sport,no traded markets,,,,,,,,,,,,,,,,phase1:not_attempted_supported_sport
KXWDBBLGAME,Basketball,,game_winner,not_attempted_supported_sport,no traded markets,,,,,,,,,,,,,,,,phase1:not_attempted_supported_sport
KXWEUROBASKETGAME,Basketball,,game_winner,not_attempted_supported_sport,no traded markets,,,,,,,,,,,,,,,,phase1:not_attempted_supported_sport
KXWEUROLEAGUEGAME,Basketball,,game_winner,not_attempted_supported_sport,no traded markets,,,,,,,,,,,,,,,,phase1:not_attempted_supported_sport
KXWIBPLGAME,Basketball,,game_winner,not_attempted_supported_sport,no traded markets,,,,,,,,,,,,,,,,phase1:not_attempted_supported_sport
KXWKBLGAME,Basketball,,game_winner,not_attempted_supported_sport,no traded markets,,,,,,,,,,,,,,,,phase1:not_attempted_supported_sport
KXWNBLGAME,Basketball,,game_winner,not_attempted_supported_sport,no traded markets,,,,,,,,,,,,,,,,phase1:not_attempted_supported_sport
KXWSBLGAME,Basketball,,game_winner,not_attempted_supported_sport,no traded markets,,,,,,,,,,,,,,,,phase1:not_attempted_supported_sport
KXWSESBLGAME,Basketball,,game_winner,not_attempted_supported_sport,no traded markets,,,,,,,,,,,,,,,,phase1:not_attempted_supported_sport
KXNBAPTSLEADER,Basketball,Pro Basketball (M),league_leaders,not_attempted_supported_sport,league leaders: one outcome per stat-season,,,,,,,,,,,,,,,,phase1:not_attempted_supported_sport
KXLEADERNBA3PT,Basketball,Pro Basketball (M),league_leaders,not_attempted_supported_sport,league leaders: one outcome per stat-season,,,,,,,,,,,,,,,,phase1:not_attempted_supported_sport
KXLEADERNBASTL,Basketball,Pro Basketball (M),league_leaders,not_attempted_supported_sport,league leaders: one outcome per stat-season,,,,,,,,,,,,,,,,phase1:not_attempted_supported_sport
KXLEADERNBAREB,Basketball,Pro Basketball (M),league_leaders,not_attempted_supported_sport,league leaders: one outcome per stat-season,,,,,,,,,,,,,,,,phase1:not_attempted_supported_sport
KXLEADERNBAAST,Basketball,Pro Basketball (M),league_leaders,not_attempted_supported_sport,league leaders: one outcome per stat-season,,,,,,,,,,,,,,,,phase1:not_attempted_supported_sport
KXLEADERNBABLK,Basketball,Pro Basketball (M),league_leaders,not_attempted_supported_sport,league leaders: one outcome per stat-season,,,,,,,,,,,,,,,,phase1:not_attempted_supported_sport
KXLEADERNBAPTS,Basketball,Pro Basketball (M),league_leaders,not_attempted_supported_sport,league leaders: one outcome per stat-season,,,,,,,,,,,,,,,,phase1:not_attempted_supported_sport
KXWNBAGAMESPLAYED,Basketball,Pro Basketball (W),league_leaders,not_attempted_supported_sport,league leaders: one outcome per stat-season,,,,,,,,,,,,,,,,phase1:not_attempted_supported_sport
KXLEADERWNBAAST,Basketball,Pro Basketball (W),league_leaders,not_attempted_supported_sport,league leaders: one outcome per stat-season,,,,,,,,,,,,,,,,phase1:not_attempted_supported_sport
KXLEADERWNBAREB,Basketball,Pro Basketball (W),league_leaders,not_attempted_supported_sport,league leaders: one outcome per stat-season,,,,,,,,,,,,,,,,phase1:not_attempted_supported_sport
KXWNBADUNK,Basketball,Pro Basketball (W),league_leaders,not_attempted_supported_sport,league leaders: one outcome per stat-season,,,,,,,,,,,,,,,,phase1:not_attempted_supported_sport
KXLEADERWNBAPTS,Basketball,Pro Basketball (W),league_leaders,not_attempted_supported_sport,league leaders: one outcome per stat-season,,,,,,,,,,,,,,,,phase1:not_attempted_supported_sport
KXWNBA40PTS,Basketball,Pro Basketball (W),league_leaders,not_attempted_supported_sport,league leaders: one outcome per stat-season,,,,,,,,,,,,,,,,phase1:not_attempted_supported_sport
KXNBAGAMESPECIALS,Basketball,Pro Basketball (M),league_leaders,not_attempted_supported_sport,league leaders: one outcome per stat-season,,,,,,,,,,,,,,,,phase1:not_attempted_supported_sport
KXWNBAPTSRECORD,Basketball,Pro Basketball (W),league_leaders,not_attempted_supported_sport,league leaders: one outcome per stat-season,,,,,,,,,,,,,,,,phase1:not_attempted_supported_sport
KXNBAGAMEHIGHSCORE,Basketball,Pro Basketball (M),league_leaders,not_attempted_supported_sport,league leaders: one outcome per stat-season,,,,,,,,,,,,,,,,phase1:not_attempted_supported_sport
KXNBAPLAYERSPECIALS,Basketball,,league_leaders,not_attempted_supported_sport,league leaders: one outcome per stat-season,,,,,,,,,,,,,,,,phase1:not_attempted_supported_sport
KXNBASTATAVG,Basketball,Pro Basketball (M),league_leaders,not_attempted_supported_sport,league leaders: one outcome per stat-season,,,,,,,,,,,,,,,,phase1:not_attempted_supported_sport
KXQUADRUPLEDOUBLE,Basketball,Pro Basketball (M),other_novelty,not_attempted_supported_sport,out of scope (novelty),,,,,,,,,,,,,,,,phase1:not_attempted_supported_sport
KXMANTISFREETHROWS,Basketball,,other_novelty,not_attempted_supported_sport,out of scope (novelty),,,,,,,,,,,,,,,,phase1:not_attempted_supported_sport
KXBDS3PT,Basketball,Bob Does Sports,other_novelty,not_attempted_supported_sport,out of scope (novelty),,,,,,,,,,,,,,,,phase1:not_attempted_supported_sport
KXSTEPHDEAL,Basketball,Pro Basketball (M),other_novelty,not_attempted_supported_sport,out of scope (novelty),,,,,,,,,,,,,,,,phase1:not_attempted_supported_sport
KXKNUEPPEL3PTREC,Basketball,Pro Basketball (M),other_novelty,not_attempted_supported_sport,out of scope (novelty),,,,,,,,,,,,,,,,phase1:not_attempted_supported_sport
KXNBAFINALSVIEWERGAME7,Basketball,,other_novelty,not_attempted_supported_sport,out of scope (novelty),,,,,,,,,,,,,,,,phase1:not_attempted_supported_sport
KXWNBANEXTCOMMISH,Basketball,Pro Basketball (W),other_novelty,not_attempted_supported_sport,out of scope (novelty),,,,,,,,,,,,,,,,phase1:not_attempted_supported_sport
KXWNBA7FIGS,Basketball,,other_novelty,not_attempted_supported_sport,out of scope (novelty),,,,,,,,,,,,,,,,phase1:not_attempted_supported_sport
KXSPORTSIGNAHOR,Basketball,Pro Basketball (M),other_novelty,not_attempted_supported_sport,out of scope (novelty),,,,,,,,,,,,,,,,phase1:not_attempted_supported_sport
KXWNBALAWSUIT,Basketball,Pro Basketball (W),other_novelty,not_attempted_supported_sport,out of scope (novelty),,,,,,,,,,,,,,,,phase1:not_attempted_supported_sport
KXNBANEXTGOVERNOR,Basketball,Pro Basketball (M),other_novelty,not_attempted_supported_sport,out of scope (novelty),,,,,,,,,,,,,,,,phase1:not_attempted_supported_sport
KXNBAPLAYERDEAL,Basketball,Pro Basketball (M),other_novelty,not_attempted_supported_sport,out of scope (novelty),,,,,,,,,,,,,,,,phase1:not_attempted_supported_sport
KXJCOLECBA,Basketball,Chinese Basketball Association,other_novelty,not_attempted_supported_sport,out of scope (novelty),,,,,,,,,,,,,,,,phase1:not_attempted_supported_sport
KXNBAFINALSVIEWER,Basketball,,other_novelty,not_attempted_supported_sport,out of scope (novelty),,,,,,,,,,,,,,,,phase1:not_attempted_supported_sport
KXNBARULE,Basketball,Pro Basketball (M),other_novelty,not_attempted_supported_sport,out of scope (novelty),,,,,,,,,,,,,,,,phase1:not_attempted_supported_sport
KXCHRISTMASHORNETS,Basketball,,other_novelty,not_attempted_supported_sport,out of scope (novelty),,,,,,,,,,,,,,,,phase1:not_attempted_supported_sport
KXNBALASVEGAS,Basketball,,other_novelty,not_attempted_supported_sport,out of scope (novelty),,,,,,,,,,,,,,,,phase1:not_attempted_supported_sport
KXNBATEAMSALE,Basketball,Pro Basketball (M),other_novelty,not_attempted_supported_sport,out of scope (novelty),,,,,,,,,,,,,,,,phase1:not_attempted_supported_sport
KXNEXTTEAMNBA,Basketball,Pro Basketball (M),personnel_ops,not_attempted_supported_sport,out of scope (non-sporting outcome),,,,,,,,,,,,,,,,phase1:not_attempted_supported_sport
KXNEXTTEAMGIANNIS,Basketball,Pro Basketball (M),personnel_ops,not_attempted_supported_sport,out of scope (non-sporting outcome),,,,,,,,,,,,,,,,phase1:not_attempted_supported_sport
KXNCAAMBNEXTCOACH,Basketball,College Basketball (M),personnel_ops,not_attempted_supported_sport,out of scope (non-sporting outcome),,,,,,,,,,,,,,,,phase1:not_attempted_supported_sport
KXNBATEAMANNOUNCE,Basketball,Pro Basketball (M),personnel_ops,not_attempted_supported_sport,out of scope (non-sporting outcome),,,,,,,,,,,,,,,,phase1:not_attempted_supported_sport
KXLBJRETIRE,Basketball,Pro Basketball (M),personnel_ops,not_attempted_supported_sport,out of scope (non-sporting outcome),,,,,,,,,,,,,,,,phase1:not_attempted_supported_sport
KXNBATRADE,Basketball,Pro Basketball (M),personnel_ops,not_attempted_supported_sport,out of scope (non-sporting outcome),,,,,,,,,,,,,,,,phase1:not_attempted_supported_sport
KXNEXTNBACOACH,Basketball,Pro Basketball (M),personnel_ops,not_attempted_supported_sport,out of scope (non-sporting outcome),,,,,,,,,,,,,,,,phase1:not_attempted_supported_sport
KXWNBADELAY,Basketball,Pro Basketball (W),personnel_ops,not_attempted_supported_sport,out of scope (non-sporting outcome),,,,,,,,,,,,,,,,phase1:not_attempted_supported_sport
KXNBANEXTTEAMOUTLET,Basketball,Pro Basketball (M),personnel_ops,not_attempted_supported_sport,out of scope (non-sporting outcome),,,,,,,,,,,,,,,,phase1:not_attempted_supported_sport
KXNBANEXTTEAM,Basketball,Pro Basketball (M),personnel_ops,not_attempted_supported_sport,out of scope (non-sporting outcome),,,,,,,,,,,,,,,,phase1:not_attempted_supported_sport
KXNBANEXTTEAMCONF,Basketball,Pro Basketball (M),personnel_ops,not_attempted_supported_sport,out of scope (non-sporting outcome),,,,,,,,,,,,,,,,phase1:not_attempted_supported_sport
KXNBANEXTCONTRACT,Basketball,Pro Basketball (M),personnel_ops,not_attempted_supported_sport,out of scope (non-sporting outcome),,,,,,,,,,,,,,,,phase1:not_attempted_supported_sport
KXWNBANEXTTEAM,Basketball,Pro Basketball (W),personnel_ops,not_attempted_supported_sport,out of scope (non-sporting outcome),,,,,,,,,,,,,,,,phase1:not_attempted_supported_sport
KXTRADEOFFNBA,Basketball,Pro Basketball (M),personnel_ops,not_attempted_supported_sport,out of scope (non-sporting outcome),,,,,,,,,,,,,,,,phase1:not_attempted_supported_sport
KXPLAYTOGETHERJBJT,Basketball,Pro Basketball (M),personnel_ops,not_attempted_supported_sport,out of scope (non-sporting outcome),,,,,,,,,,,,,,,,phase1:not_attempted_supported_sport
KXNBAPICKTRADE,Basketball,Pro Basketball Draft,personnel_ops,not_attempted_supported_sport,out of scope (non-sporting outcome),,,,,,,,,,,,,,,,phase1:not_attempted_supported_sport
KXCOACHOUTNBA,Basketball,,personnel_ops,not_attempted_supported_sport,out of scope (non-sporting outcome),,,,,,,,,,,,,,,,phase1:not_attempted_supported_sport
KXCOACHOUTNBADATE,Basketball,Pro Basketball (M),personnel_ops,not_attempted_supported_sport,out of scope (non-sporting outcome),,,,,,,,,,,,,,,,phase1:not_attempted_supported_sport
KXNEXTTEAMLEBRON,Basketball,Pro Basketball (M),personnel_ops,not_attempted_supported_sport,out of scope (non-sporting outcome),,,,,,,,,,,,,,,,phase1:not_attempted_supported_sport
KXNYKCOACH,Basketball,,personnel_ops,not_attempted_supported_sport,out of scope (non-sporting outcome),,,,,,,,,,,,,,,,phase1:not_attempted_supported_sport
KXNBAFIRSTOPPONENT,Basketball,Pro Basketball (M),personnel_ops,not_attempted_supported_sport,out of scope (non-sporting outcome),,,,,,,,,,,,,,,,phase1:not_attempted_supported_sport
KXNEXTTEAMWESTBROOK,Basketball,,personnel_ops,not_attempted_supported_sport,out of scope (non-sporting outcome),,,,,,,,,,,,,,,,phase1:not_attempted_supported_sport
KXNBARETIRE,Basketball,Pro Basketball (M),personnel_ops,not_attempted_supported_sport,out of scope (non-sporting outcome),,,,,,,,,,,,,,,,phase1:not_attempted_supported_sport
KXNBASEATTLE,Basketball,Pro Basketball (M),personnel_ops,not_attempted_supported_sport,out of scope (non-sporting outcome),,,,,,,,,,,,,,,,phase1:not_attempted_supported_sport
KXCITYNBAEXPAND,Basketball,Pro Basketball (M),personnel_ops,not_attempted_supported_sport,out of scope (non-sporting outcome),,,,,,,,,,,,,,,,phase1:not_attempted_supported_sport
KXNBACOMPETE,Basketball,Pro Basketball (M),personnel_ops,not_attempted_supported_sport,out of scope (non-sporting outcome),,,,,,,,,,,,,,,,phase1:not_attempted_supported_sport
KXNBAXMASOPPONENT,Basketball,Pro Basketball (M),personnel_ops,not_attempted_supported_sport,out of scope (non-sporting outcome),,,,,,,,,,,,,,,,phase1:not_attempted_supported_sport
KXWNBARAISE,Basketball,Pro Basketball (W),personnel_ops,not_attempted_supported_sport,out of scope (non-sporting outcome),,,,,,,,,,,,,,,,phase1:not_attempted_supported_sport
KXNEXTCOACHOUTNBA,Basketball,,personnel_ops,not_attempted_supported_sport,out of scope (non-sporting outcome),,,,,,,,,,,,,,,,phase1:not_attempted_supported_sport
KXNBATEAM,Basketball,Pro Basketball (M),personnel_ops,not_attempted_supported_sport,out of scope (non-sporting outcome),,,,,,,,,,,,,,,,phase1:not_attempted_supported_sport
KXWNBACOMPETE,Basketball,Pro Basketball (W),personnel_ops,not_attempted_supported_sport,out of scope (non-sporting outcome),,,,,,,,,,,,,,,,phase1:not_attempted_supported_sport
KXNBAWHATTEND,Basketball,Pro Basketball (M),personnel_ops,not_attempted_supported_sport,out of scope (non-sporting outcome),,,,,,,,,,,,,,,,phase1:not_attempted_supported_sport
KXSONICS,Basketball,Pro Basketball (M),personnel_ops,not_attempted_supported_sport,out of scope (non-sporting outcome),,,,,,,,,,,,,,,,phase1:not_attempted_supported_sport
KXNBAFRANCHISECOST,Basketball,Pro Basketball (M),personnel_ops,not_attempted_supported_sport,out of scope (non-sporting outcome),,,,,,,,,,,,,,,,phase1:not_attempted_supported_sport
KXSPORTSOWNERLBJ,Basketball,,personnel_ops,not_attempted_supported_sport,out of scope (non-sporting outcome),,,,,,,,,,,,,,,,phase1:not_attempted_supported_sport
KXNBARELOCATION,Basketball,Pro Basketball (M),personnel_ops,not_attempted_supported_sport,out of scope (non-sporting outcome),,,,,,,,,,,,,,,,phase1:not_attempted_supported_sport
KXSPORTSIGNLBJ,Basketball,,personnel_ops,not_attempted_supported_sport,out of scope (non-sporting outcome),,,,,,,,,,,,,,,,phase1:not_attempted_supported_sport
KXNBAFRANCHISEOWNER,Basketball,Pro Basketball (M),personnel_ops,not_attempted_supported_sport,out of scope (non-sporting outcome),,,,,,,,,,,,,,,,phase1:not_attempted_supported_sport
KXWNBAPORTNOY,Basketball,,personnel_ops,not_attempted_supported_sport,out of scope (non-sporting outcome),,,,,,,,,,,,,,,,phase1:not_attempted_supported_sport
KXNBACITYEXPAND,Basketball,Pro Basketball (M),personnel_ops,not_attempted_supported_sport,out of scope (non-sporting outcome),,,,,,,,,,,,,,,,phase1:not_attempted_supported_sport
KXNBASTAKESALE,Basketball,Pro Basketball (M),personnel_ops,not_attempted_supported_sport,out of scope (non-sporting outcome),,,,,,,,,,,,,,,,phase1:not_attempted_supported_sport
KXNBASTADIUM,Basketball,Pro Basketball (M),personnel_ops,not_attempted_supported_sport,out of scope (non-sporting outcome),,,,,,,,,,,,,,,,phase1:not_attempted_supported_sport
KXNBAJOINCONF,Basketball,Pro Basketball (M),personnel_ops,not_attempted_supported_sport,out of scope (non-sporting outcome),,,,,,,,,,,,,,,,phase1:not_attempted_supported_sport
KXLEBRONPLAY,Basketball,,personnel_ops,not_attempted_supported_sport,out of scope (non-sporting outcome),,,,,,,,,,,,,,,,phase1:not_attempted_supported_sport
KXNBACOACHOUT,Basketball,,personnel_ops,not_attempted_supported_sport,out of scope (non-sporting outcome),,,,,,,,,,,,,,,,phase1:not_attempted_supported_sport
KXNBADRAFTTRADE,Basketball,,personnel_ops,not_attempted_supported_sport,out of scope (non-sporting outcome),,,,,,,,,,,,,,,,phase1:not_attempted_supported_sport
KXNBAEXTENSION,Basketball,,personnel_ops,not_attempted_supported_sport,out of scope (non-sporting outcome),,,,,,,,,,,,,,,,phase1:not_attempted_supported_sport
KXNBAPARTNERSHIP,Basketball,,personnel_ops,not_attempted_supported_sport,out of scope (non-sporting outcome),,,,,,,,,,,,,,,,phase1:not_attempted_supported_sport
KXNBAPLAYTOGETHER,Basketball,,personnel_ops,not_attempted_supported_sport,out of scope (non-sporting outcome),,,,,,,,,,,,,,,,phase1:not_attempted_supported_sport
KXNBATOJOINCBA,Basketball,Pro Basketball (M),personnel_ops,not_attempted_supported_sport,out of scope (non-sporting outcome),,,,,,,,,,,,,,,,phase1:not_attempted_supported_sport
KXNEWCOACHLAL,Basketball,,personnel_ops,not_attempted_supported_sport,out of scope (non-sporting outcome),,,,,,,,,,,,,,,,phase1:not_attempted_supported_sport
KXNEXTTEAMCHRISPAUL,Basketball,,personnel_ops,not_attempted_supported_sport,out of scope (non-sporting outcome),,,,,,,,,,,,,,,,phase1:not_attempted_supported_sport
KXPLAYEROPTIONNBA,Basketball,,personnel_ops,not_attempted_supported_sport,out of scope (non-sporting outcome),,,,,,,,,,,,,,,,phase1:not_attempted_supported_sport
KXSTEPHPARTERNSHIP,Basketball,,personnel_ops,not_attempted_supported_sport,out of scope (non-sporting outcome),,,,,,,,,,,,,,,,phase1:not_attempted_supported_sport
KXSTEPHSHOEDEAL,Basketball,,personnel_ops,not_attempted_supported_sport,out of scope (non-sporting outcome),,,,,,,,,,,,,,,,phase1:not_attempted_supported_sport
KXNBAPTS,Basketball,Pro Basketball (M),player_prop,excluded_spec,no payoff parser for suffix 'PTS',,nba,,,,,,,,,,,,,,phase1:excluded_spec
KXNBA3PT,Basketball,Pro Basketball (M),player_prop,excluded_spec,no payoff parser for suffix '3PT',,nba,,,,,,,,,,,,,,phase1:excluded_spec
KXNBAREB,Basketball,Pro Basketball (M),player_prop,excluded_spec,no payoff parser for suffix 'REB',,nba,,,,,,,,,,,,,,phase1:excluded_spec
KXWNBAPTS,Basketball,Pro Basketball (W),player_prop,excluded_spec,no payoff parser for suffix 'PTS',,wnba,,,,,,,,,,,,,,phase1:excluded_spec
KXNBAAST,Basketball,Pro Basketball (M),player_prop,excluded_spec,no payoff parser for suffix 'AST',,nba,,,,,,,,,,,,,,phase1:excluded_spec
KXNBA2D,Basketball,Pro Basketball (M),player_prop,excluded_spec,no payoff parser for suffix '2D',,nba,,,,,,,,,,,,,,phase1:excluded_spec
KXNBA3D,Basketball,Pro Basketball (M),player_prop,excluded_spec,no payoff parser for suffix '3D',,nba,,,,,,,,,,,,,,phase1:excluded_spec
KXWNBAREB,Basketball,Pro Basketball (W),player_prop,excluded_spec,no payoff parser for suffix 'REB',,wnba,,,,,,,,,,,,,,phase1:excluded_spec
KXWNBA3PT,Basketball,Pro Basketball (W),player_prop,excluded_spec,no payoff parser for suffix '3PT',,wnba,,,,,,,,,,,,,,phase1:excluded_spec
KXWNBAAST,Basketball,Pro Basketball (W),player_prop,excluded_spec,no payoff parser for suffix 'AST',,wnba,,,,,,,,,,,,,,phase1:excluded_spec
KXNBASTL,Basketball,Pro Basketball (M),player_prop,excluded_spec,no payoff parser for suffix 'STL',,nba,,,,,,,,,,,,,,phase1:excluded_spec
KXNBABLK,Basketball,Pro Basketball (M),player_prop,excluded_spec,no payoff parser for suffix 'BLK',,nba,,,,,,,,,,,,,,phase1:excluded_spec
KXNBAPLAYOFFPTS,Basketball,Pro Basketball (M),player_prop,excluded_spec,no payoff parser for suffix 'PLAYOFFPTS',,nba,,,,,,,,,,,,,,phase1:excluded_spec
KXMARMAD3D,Basketball,CBB Tournament,player_prop,not_attempted_supported_sport,player/appearance-conditioned; pregame participation not reconstructable as-of (not modelled),,,,,,,,,,,,,,,,phase1:not_attempted_supported_sport
KXBDS3PTOU,Basketball,Bob Does Sports,player_prop,not_attempted_supported_sport,player/appearance-conditioned; pregame participation not reconstructable as-of (not modelled),,,,,,,,,,,,,,,,phase1:not_attempted_supported_sport
KXNBAFTM,Basketball,Pro Basketball (M),player_prop,excluded_spec,no payoff parser for suffix 'FTM',,nba,,,,,,,,,,,,,,phase1:excluded_spec
KXNBAPTSALLGAMES,Basketball,Pro Basketball (M),player_prop,excluded_spec,no payoff parser for suffix 'PTSALLGAMES',,nba,,,,,,,,,,,,,,phase1:excluded_spec
KXNBA3PTALLGAMES,Basketball,Pro Basketball (M),player_prop,excluded_spec,no payoff parser for suffix '3PTALLGAMES',,nba,,,,,,,,,,,,,,phase1:excluded_spec
KXNBAH2HBENCHPTS,Basketball,Pro Basketball (M),player_prop,excluded_spec,no payoff parser for suffix 'H2HBENCHPTS',,nba,,,,,,,,,,,,,,phase1:excluded_spec
KXNBASERIESASTLEADER,Basketball,Pro Basketball (M),player_prop,excluded_spec,no payoff parser for suffix 'SERIESASTLEADER',,nba,,,,,,,,,,,,,,phase1:excluded_spec
KXNBASERIESPTS,Basketball,Pro Basketball (M),player_prop,excluded_spec,no payoff parser for suffix 'SERIESPTS',,nba,,,,,,,,,,,,,,phase1:excluded_spec
KXNBAH2HPRA,Basketball,Pro Basketball (M),player_prop,excluded_spec,no payoff parser for suffix 'H2HPRA',,nba,,,,,,,,,,,,,,phase1:excluded_spec
KXNBASUMMERPTS,Basketball,Pro Basketball Summer League,player_prop,not_attempted_supported_sport,player/appearance-conditioned; pregame participation not reconstructable as-of (not modelled),,,,,,,,,,,,,,,,phase1:not_attempted_supported_sport
KXNBAH2HPTS,Basketball,Pro Basketball (M),player_prop,excluded_spec,no payoff parser for suffix 'H2HPTS',,nba,,,,,,,,,,,,,,phase1:excluded_spec
KXWNBAH2HPRA,Basketball,Pro Basketball (W),player_prop,excluded_spec,no payoff parser for suffix 'H2HPRA',,wnba,,,,,,,,,,,,,,phase1:excluded_spec
KXNBAH2H3PT,Basketball,Pro Basketball (M),player_prop,excluded_spec,no payoff parser for suffix 'H2H3PT',,nba,,,,,,,,,,,,,,phase1:excluded_spec
KXNBAH2HTEAM3PT,Basketball,Pro Basketball (M),player_prop,excluded_spec,no payoff parser for suffix 'H2HTEAM3PT',,nba,,,,,,,,,,,,,,phase1:excluded_spec
KXNBABENCHPTS,Basketball,,player_prop,not_attempted_supported_sport,player/appearance-conditioned; pregame participation not reconstructable as-of (not modelled),,,,,,,,,,,,,,,,phase1:not_attempted_supported_sport
KXNBAPA,Basketball,,player_prop,not_attempted_supported_sport,player/appearance-conditioned; pregame participation not reconstructable as-of (not modelled),,,,,,,,,,,,,,,,phase1:not_attempted_supported_sport
KXNBAPR,Basketball,,player_prop,not_attempted_supported_sport,player/appearance-conditioned; pregame participation not reconstructable as-of (not modelled),,,,,,,,,,,,,,,,phase1:not_attempted_supported_sport
KXNBAPRA,Basketball,,player_prop,not_attempted_supported_sport,player/appearance-conditioned; pregame participation not reconstructable as-of (not modelled),,,,,,,,,,,,,,,,phase1:not_attempted_supported_sport
KXNBARA,Basketball,,player_prop,not_attempted_supported_sport,player/appearance-conditioned; pregame participation not reconstructable as-of (not modelled),,,,,,,,,,,,,,,,phase1:not_attempted_supported_sport
KXNBASTOCK,Basketball,,player_prop,not_attempted_supported_sport,player/appearance-conditioned; pregame participation not reconstructable as-of (not modelled),,,,,,,,,,,,,,,,phase1:not_attempted_supported_sport
KXNBASTOCKS,Basketball,,player_prop,not_attempted_supported_sport,player/appearance-conditioned; pregame participation not reconstructable as-of (not modelled),,,,,,,,,,,,,,,,phase1:not_attempted_supported_sport
KXNCAAMBAPRANK,Basketball,College Basketball (M),rankings_polls,not_attempted_supported_sport,rankings/polls: poll processes (KenPom paid),,,,,,,,,,,,,,,,phase1:not_attempted_supported_sport
KXNCAAMBTOPAPRANK,Basketball,College Basketball (M),rankings_polls,not_attempted_supported_sport,rankings/polls: poll processes (KenPom paid),,,,,,,,,,,,,,,,phase1:not_attempted_supported_sport
KXNCAAWBAPRANK,Basketball,College Basketball (W),rankings_polls,not_attempted_supported_sport,rankings/polls: poll processes (KenPom paid),,,,,,,,,,,,,,,,phase1:not_attempted_supported_sport
KXNCAAMBAPANY,Basketball,,rankings_polls,not_attempted_supported_sport,rankings/polls: poll processes (KenPom paid),,,,,,,,,,,,,,,,phase1:not_attempted_supported_sport
KXNCAAMBKENPOMRANK,Basketball,,rankings_polls,not_attempted_supported_sport,rankings/polls: poll processes (KenPom paid),,,,,,,,,,,,,,,,phase1:not_attempted_supported_sport
KXNCAAMBKENPOMTOP,Basketball,College Basketball (M),rankings_polls,not_attempted_supported_sport,rankings/polls: poll processes (KenPom paid),,,,,,,,,,,,,,,,phase1:not_attempted_supported_sport
KXNCAAMBFIRST10,Basketball,CBB Tournament,score_props,not_attempted_supported_sport,no independent results adapter for this competition in Phase 1 (game_winner only via Kalshi-only path),,,,,,,,,,,,,,,,phase1:not_attempted_supported_sport
KXNBAOVERTIME,Basketball,Pro Basketball (M),score_props,excluded_spec,no payoff parser for suffix 'OVERTIME',,nba,,,,,,,,,,,,,,phase1:excluded_spec
KXWNBAOT,Basketball,Pro Basketball (W),score_props,excluded_spec,no payoff parser for suffix 'OT',,wnba,,,,,,,,,,,,,,phase1:excluded_spec
KXNCAAMBFIRST25,Basketball,CBB Tournament,score_props,not_attempted_supported_sport,no independent results adapter for this competition in Phase 1 (game_winner only via Kalshi-only path),,,,,,,,,,,,,,,,phase1:not_attempted_supported_sport
KXNBASERIESOT,Basketball,Pro Basketball (M),score_props,excluded_spec,no payoff parser for suffix 'SERIESOT',,nba,,,,,,,,,,,,,,phase1:excluded_spec
KXNCAAMBFIRST50,Basketball,CBB Tournament,score_props,not_attempted_supported_sport,no independent results adapter for this competition in Phase 1 (game_winner only via Kalshi-only path),,,,,,,,,,,,,,,,phase1:not_attempted_supported_sport
KXNBAFIRSTBASKET,Basketball,,score_props,not_attempted_supported_sport,no traded markets,,,,,,,,,,,,,,,,phase1:not_attempted_supported_sport
KXNBAOT,Basketball,,score_props,not_attempted_supported_sport,no traded markets,,,,,,,,,,,,,,,,phase1:not_attempted_supported_sport
KXNBARACE,Basketball,,score_props,not_attempted_supported_sport,no traded markets,,,,,,,,,,,,,,,,phase1:not_attempted_supported_sport
KXNBAWINMARGIN,Basketball,,score_props,not_attempted_supported_sport,no traded markets,,,,,,,,,,,,,,,,phase1:not_attempted_supported_sport
KXMARMADSEED,Basketball,CBB Tournament,season_wins,not_attempted_supported_sport,season totals: one outcome per team-season; prospective capture required,,,,,,,,,,,,,,,,phase1:not_attempted_supported_sport
KXNBAPLAYOFFWINS,Basketball,Pro Basketball (M),season_wins,not_attempted_supported_sport,season totals: one outcome per team-season; prospective capture required,,,,,,,,,,,,,,,,phase1:not_attempted_supported_sport
KXBIG10REG,Basketball,College Basketball (M),season_wins,not_attempted_supported_sport,season totals: one outcome per team-season; prospective capture required,,,,,,,,,,,,,,,,phase1:not_attempted_supported_sport
KXBIG12REG,Basketball,College Basketball (M),season_wins,not_attempted_supported_sport,season totals: one outcome per team-season; prospective capture required,,,,,,,,,,,,,,,,phase1:not_attempted_supported_sport
KXSECREG,Basketball,College Basketball (M),season_wins,not_attempted_supported_sport,season totals: one outcome per team-season; prospective capture required,,,,,,,,,,,,,,,,phase1:not_attempted_supported_sport
KXNBAEAST1SEED,Basketball,Pro Basketball (M),season_wins,not_attempted_supported_sport,season totals: one outcome per team-season; prospective capture required,,,,,,,,,,,,,,,,phase1:not_attempted_supported_sport
KXMARMAD1SEED,Basketball,College Basketball (M),season_wins,not_attempted_supported_sport,season totals: one outcome per team-season; prospective capture required,,,,,,,,,,,,,,,,phase1:not_attempted_supported_sport
KXACCREG,Basketball,College Basketball (M),season_wins,not_attempted_supported_sport,season totals: one outcome per team-season; prospective capture required,,,,,,,,,,,,,,,,phase1:not_attempted_supported_sport
KXBIGEASTREG,Basketball,College Basketball (M),season_wins,not_attempted_supported_sport,season totals: one outcome per team-season; prospective capture required,,,,,,,,,,,,,,,,phase1:not_attempted_supported_sport
KXSHAI20PTREC,Basketball,Pro Basketball (M),season_wins,not_attempted_supported_sport,season totals: one outcome per team-season; prospective capture required,,,,,,,,,,,,,,,,phase1:not_attempted_supported_sport
KXNBAWEST1SEED,Basketball,Pro Basketball (M),season_wins,not_attempted_supported_sport,season totals: one outcome per team-season; prospective capture required,,,,,,,,,,,,,,,,phase1:not_attempted_supported_sport
KXWCCREG,Basketball,College Basketball (M),season_wins,not_attempted_supported_sport,season totals: one outcome per team-season; prospective capture required,,,,,,,,,,,,,,,,phase1:not_attempted_supported_sport
KXA10REG,Basketball,College Basketball (M),season_wins,not_attempted_supported_sport,season totals: one outcome per team-season; prospective capture required,,,,,,,,,,,,,,,,phase1:not_attempted_supported_sport
KXMWREG,Basketball,College Basketball (M),season_wins,not_attempted_supported_sport,season totals: one outcome per team-season; prospective capture required,,,,,,,,,,,,,,,,phase1:not_attempted_supported_sport
KXWINSTREAKOKC,Basketball,Pro Basketball (M),season_wins,not_attempted_supported_sport,season totals: one outcome per team-season; prospective capture required,,,,,,,,,,,,,,,,phase1:not_attempted_supported_sport
KXAACREG,Basketball,College Basketball (M),season_wins,not_attempted_supported_sport,season totals: one outcome per team-season; prospective capture required,,,,,,,,,,,,,,,,phase1:not_attempted_supported_sport
KXNBASTATLEADER,Basketball,Pro Basketball (M),season_wins,not_attempted_supported_sport,season totals: one outcome per team-season; prospective capture required,,,,,,,,,,,,,,,,phase1:not_attempted_supported_sport
KXNBASEED,Basketball,Pro Basketball (M),season_wins,not_attempted_supported_sport,season totals: one outcome per team-season; prospective capture required,,,,,,,,,,,,,,,,phase1:not_attempted_supported_sport
KXNCAAMBBIG12REG,Basketball,College Basketball (M),season_wins,not_attempted_supported_sport,season totals: one outcome per team-season; prospective capture required,,,,,,,,,,,,,,,,phase1:not_attempted_supported_sport
KXNCAAMBSECREG,Basketball,College Basketball (M),season_wins,not_attempted_supported_sport,season totals: one outcome per team-season; prospective capture required,,,,,,,,,,,,,,,,phase1:not_attempted_supported_sport
KXNCAAMBACCREG,Basketball,College Basketball (M),season_wins,not_attempted_supported_sport,season totals: one outcome per team-season; prospective capture required,,,,,,,,,,,,,,,,phase1:not_attempted_supported_sport
KXNCAAWBCONFSTREAK,Basketball,College Basketball (W),season_wins,not_attempted_supported_sport,season totals: one outcome per team-season; prospective capture required,,,,,,,,,,,,,,,,phase1:not_attempted_supported_sport
KXNCAAMBBIGEASTREG,Basketball,College Basketball (M),season_wins,not_attempted_supported_sport,season totals: one outcome per team-season; prospective capture required,,,,,,,,,,,,,,,,phase1:not_attempted_supported_sport
KXNBAPLAYERHIGHSCORE,Basketball,Pro Basketball (M),season_wins,not_attempted_supported_sport,season totals: one outcome per team-season; prospective capture required,,,,,,,,,,,,,,,,phase1:not_attempted_supported_sport
KXNBATEAMWINSTREAK,Basketball,Pro Basketball (M),season_wins,not_attempted_supported_sport,season totals: one outcome per team-season; prospective capture required,,,,,,,,,,,,,,,,phase1:not_attempted_supported_sport
KXNBAWINSTREAK,Basketball,Pro Basketball (M),season_wins,not_attempted_supported_sport,season totals: one outcome per team-season; prospective capture required,,,,,,,,,,,,,,,,phase1:not_attempted_supported_sport
KXNCAAMBBIG10REG,Basketball,,season_wins,not_attempted_supported_sport,season totals: one outcome per team-season; prospective capture required,,,,,,,,,,,,,,,,phase1:not_attempted_supported_sport
KXNCAAMBBIGTENREG,Basketball,College Basketball (M),season_wins,not_attempted_supported_sport,season totals: one outcome per team-season; prospective capture required,,,,,,,,,,,,,,,,phase1:not_attempted_supported_sport
KXWMARMADSEED,Basketball,,season_wins,not_attempted_supported_sport,season totals: one outcome per team-season; prospective capture required,,,,,,,,,,,,,,,,phase1:not_attempted_supported_sport
KXNBA1HSPREAD,Basketball,Pro Basketball (M),segment,exploratory_evaluated,only 0 pre-test settled contracts (< 30),exploratory,nba,segment,0,0,0,unavailable: training support below threshold,unavailable: segment markets (quarters/halves/innings): no new historical quotes by scope decision,0,0,0,0,0,0,15818,calibration_unavailable+blend_unavailable
KXNBA1HWINNER,Basketball,Pro Basketball (M),segment,exploratory_evaluated,only 0 pre-test settled contracts (< 30),exploratory,nba,segment,0,0,0,unavailable: training support below threshold,unavailable: segment markets (quarters/halves/innings): no new historical quotes by scope decision,0,0,0,0,0,0,15818,calibration_unavailable+blend_unavailable
KXNBA1HTOTAL,Basketball,Pro Basketball (M),segment,exploratory_evaluated,only 0 pre-test settled contracts (< 30),exploratory,nba,segment,0,0,0,unavailable: training support below threshold,unavailable: segment markets (quarters/halves/innings): no new historical quotes by scope decision,0,0,0,0,0,0,15818,calibration_unavailable+blend_unavailable
KXWNBA1HTOTAL,Basketball,Pro Basketball (W),segment,exploratory_evaluated,only 0 pre-test settled contracts (< 30),exploratory,wnba,segment,0,0,0,unavailable: training support below threshold,unavailable: segment markets (quarters/halves/innings): no new historical quotes by scope decision,0,0,0,0,0,0,22245,calibration_unavailable+blend_unavailable
KXWNBA1HSPREAD,Basketball,Pro Basketball (W),segment,exploratory_evaluated,only 0 pre-test settled contracts (< 30),exploratory,wnba,segment,0,0,0,unavailable: training support below threshold,unavailable: segment markets (quarters/halves/innings): no new historical quotes by scope decision,0,0,0,0,0,0,22245,calibration_unavailable+blend_unavailable
KXWNBA1HWINNER,Basketball,Pro Basketball (W),segment,exploratory_evaluated,only 0 pre-test settled contracts (< 30),exploratory,wnba,segment,0,0,0,unavailable: training support below threshold,unavailable: segment markets (quarters/halves/innings): no new historical quotes by scope decision,0,0,0,0,0,0,22245,calibration_unavailable+blend_unavailable
KXNCAAMB1HWINNER,Basketball,College Basketball (M),segment,exploratory_evaluated,only 0 pre-test settled contracts (< 30),exploratory,ncaamb,segment,0,0,0,unavailable: training support below threshold,unavailable: segment markets (quarters/halves/innings): no new historical quotes by scope decision,0,0,0,0,0,0,24466,calibration_unavailable+blend_unavailable
KXNCAAMB1HSPREAD,Basketball,College Basketball (M),segment,exploratory_evaluated,only 0 pre-test settled contracts (< 30),exploratory,ncaamb,segment,0,0,0,unavailable: training support below threshold,unavailable: segment markets (quarters/halves/innings): no new historical quotes by scope decision,0,0,0,0,0,0,24466,calibration_unavailable+blend_unavailable
KXNBA2HWINNER,Basketball,Pro Basketball (M),segment,exploratory_evaluated,only 0 pre-test settled contracts (< 30),exploratory,nba,segment,0,0,0,unavailable: training support below threshold,unavailable: segment markets (quarters/halves/innings): no new historical quotes by scope decision,0,0,0,0,0,0,15818,calibration_unavailable+blend_unavailable
KXWNBA1QTOTAL,Basketball,Pro Basketball (W),segment,exploratory_evaluated,only 0 pre-test settled contracts (< 30),exploratory,wnba,segment,0,0,0,unavailable: training support below threshold,unavailable: segment markets (quarters/halves/innings): no new historical quotes by scope decision,0,0,0,0,0,0,22245,calibration_unavailable+blend_unavailable
KXNCAAMB1HTOTAL,Basketball,College Basketball (M),segment,exploratory_evaluated,only 0 pre-test settled contracts (< 30),exploratory,ncaamb,segment,0,0,0,unavailable: training support below threshold,unavailable: segment markets (quarters/halves/innings): no new historical quotes by scope decision,0,0,0,0,0,0,24466,calibration_unavailable+blend_unavailable
KXWNBA3QTOTAL,Basketball,Pro Basketball (W),segment,exploratory_evaluated,only 0 pre-test settled contracts (< 30),exploratory,wnba,segment,0,0,0,unavailable: training support below threshold,unavailable: segment markets (quarters/halves/innings): no new historical quotes by scope decision,0,0,0,0,0,0,22245,calibration_unavailable+blend_unavailable
KXWNBA2QTOTAL,Basketball,Pro Basketball (W),segment,exploratory_evaluated,only 0 pre-test settled contracts (< 30),exploratory,wnba,segment,0,0,0,unavailable: training support below threshold,unavailable: segment markets (quarters/halves/innings): no new historical quotes by scope decision,0,0,0,0,0,0,22245,calibration_unavailable+blend_unavailable
KXNBA2HSPREAD,Basketball,Pro Basketball (M),segment,exploratory_evaluated,only 0 pre-test settled contracts (< 30),exploratory,nba,segment,0,0,0,unavailable: training support below threshold,unavailable: segment markets (quarters/halves/innings): no new historical quotes by scope decision,0,0,0,0,0,0,15818,calibration_unavailable+blend_unavailable
KXWNBA1QSPREAD,Basketball,Pro Basketball (W),segment,exploratory_evaluated,only 0 pre-test settled contracts (< 30),exploratory,wnba,segment,0,0,0,unavailable: training support below threshold,unavailable: segment markets (quarters/halves/innings): no new historical quotes by scope decision,0,0,0,0,0,0,22245,calibration_unavailable+blend_unavailable
KXWNBA1QWINNER,Basketball,Pro Basketball (W),segment,exploratory_evaluated,only 0 pre-test settled contracts (< 30),exploratory,wnba,segment,0,0,0,unavailable: training support below threshold,unavailable: segment markets (quarters/halves/innings): no new historical quotes by scope decision,0,0,0,0,0,0,22245,calibration_unavailable+blend_unavailable
KXWNBA4QTOTAL,Basketball,Pro Basketball (W),segment,exploratory_evaluated,only 0 pre-test settled contracts (< 30),exploratory,wnba,segment,0,0,0,unavailable: training support below threshold,unavailable: segment markets (quarters/halves/innings): no new historical quotes by scope decision,0,0,0,0,0,0,22245,calibration_unavailable+blend_unavailable
KXWNBA3QSPREAD,Basketball,Pro Basketball (W),segment,exploratory_evaluated,only 0 pre-test settled contracts (< 30),exploratory,wnba,segment,0,0,0,unavailable: training support below threshold,unavailable: segment markets (quarters/halves/innings): no new historical quotes by scope decision,0,0,0,0,0,0,22245,calibration_unavailable+blend_unavailable
KXWNBA3QWINNER,Basketball,Pro Basketball (W),segment,exploratory_evaluated,only 0 pre-test settled contracts (< 30),exploratory,wnba,segment,0,0,0,unavailable: training support below threshold,unavailable: segment markets (quarters/halves/innings): no new historical quotes by scope decision,0,0,0,0,0,0,22245,calibration_unavailable+blend_unavailable
KXNBA2HTOTAL,Basketball,Pro Basketball (M),segment,exploratory_evaluated,only 0 pre-test settled contracts (< 30),exploratory,nba,segment,0,0,0,unavailable: training support below threshold,unavailable: segment markets (quarters/halves/innings): no new historical quotes by scope decision,0,0,0,0,0,0,15818,calibration_unavailable+blend_unavailable
KXNBA1QWINNER,Basketball,Pro Basketball (M),segment,exploratory_evaluated,only 0 pre-test settled contracts (< 30),exploratory,nba,segment,0,0,0,unavailable: training support below threshold,unavailable: segment markets (quarters/halves/innings): no new historical quotes by scope decision,0,0,0,0,0,0,15818,calibration_unavailable+blend_unavailable
KXWNBA2QWINNER,Basketball,Pro Basketball (W),segment,exploratory_evaluated,only 0 pre-test settled contracts (< 30),exploratory,wnba,segment,0,0,0,unavailable: training support below threshold,unavailable: segment markets (quarters/halves/innings): no new historical quotes by scope decision,0,0,0,0,0,0,22245,calibration_unavailable+blend_unavailable
KXNBA1QSPREAD,Basketball,Pro Basketball (M),segment,exploratory_evaluated,only 0 pre-test settled contracts (< 30),exploratory,nba,segment,0,0,0,unavailable: training support below threshold,unavailable: segment markets (quarters/halves/innings): no new historical quotes by scope decision,0,0,0,0,0,0,15818,calibration_unavailable+blend_unavailable
KXWNBA2QSPREAD,Basketball,Pro Basketball (W),segment,exploratory_evaluated,only 0 pre-test settled contracts (< 30),exploratory,wnba,segment,0,0,0,unavailable: training support below threshold,unavailable: segment markets (quarters/halves/innings): no new historical quotes by scope decision,0,0,0,0,0,0,22245,calibration_unavailable+blend_unavailable
KXWNBA4QWINNER,Basketball,Pro Basketball (W),segment,exploratory_evaluated,only 0 pre-test settled contracts (< 30),exploratory,wnba,segment,0,0,0,unavailable: training support below threshold,unavailable: segment markets (quarters/halves/innings): no new historical quotes by scope decision,0,0,0,0,0,0,22245,calibration_unavailable+blend_unavailable
KXWNBA2HTOTAL,Basketball,Pro Basketball (W),segment,exploratory_evaluated,only 0 pre-test settled contracts (< 30),exploratory,wnba,segment,0,0,0,unavailable: training support below threshold,unavailable: segment markets (quarters/halves/innings): no new historical quotes by scope decision,0,0,0,0,0,0,22245,calibration_unavailable+blend_unavailable
KXNBA3QSPREAD,Basketball,Pro Basketball (M),segment,exploratory_evaluated,only 0 pre-test settled contracts (< 30),exploratory,nba,segment,0,0,0,unavailable: training support below threshold,unavailable: segment markets (quarters/halves/innings): no new historical quotes by scope decision,0,0,0,0,0,0,15818,calibration_unavailable+blend_unavailable
KXNBA2QWINNER,Basketball,Pro Basketball (M),segment,exploratory_evaluated,only 0 pre-test settled contracts (< 30),exploratory,nba,segment,0,0,0,unavailable: training support below threshold,unavailable: segment markets (quarters/halves/innings): no new historical quotes by scope decision,0,0,0,0,0,0,15818,calibration_unavailable+blend_unavailable
KXNBA3QWINNER,Basketball,Pro Basketball (M),segment,exploratory_evaluated,only 0 pre-test settled contracts (< 30),exploratory,nba,segment,0,0,0,unavailable: training support below threshold,unavailable: segment markets (quarters/halves/innings): no new historical quotes by scope decision,0,0,0,0,0,0,15818,calibration_unavailable+blend_unavailable
KXNBA2QSPREAD,Basketball,Pro Basketball (M),segment,exploratory_evaluated,only 0 pre-test settled contracts (< 30),exploratory,nba,segment,0,0,0,unavailable: training support below threshold,unavailable: segment markets (quarters/halves/innings): no new historical quotes by scope decision,0,0,0,0,0,0,15818,calibration_unavailable+blend_unavailable
KXWNBA2HSPREAD,Basketball,Pro Basketball (W),segment,exploratory_evaluated,only 0 pre-test settled contracts (< 30),exploratory,wnba,segment,0,0,0,unavailable: training support below threshold,unavailable: segment markets (quarters/halves/innings): no new historical quotes by scope decision,0,0,0,0,0,0,22245,calibration_unavailable+blend_unavailable
KXNBASUMMER1HTOTAL,Basketball,Pro Basketball Summer League,segment,not_attempted_supported_sport,no independent results adapter for this competition in Phase 1 (game_winner only via Kalshi-only path),,,,,,,,,,,,,,,,phase1:not_attempted_supported_sport
KXWNBA4QSPREAD,Basketball,Pro Basketball (W),segment,exploratory_evaluated,only 0 pre-test settled contracts (< 30),exploratory,wnba,segment,0,0,0,unavailable: training support below threshold,unavailable: segment markets (quarters/halves/innings): no new historical quotes by scope decision,0,0,0,0,0,0,22245,calibration_unavailable+blend_unavailable
KXNBA4QWINNER,Basketball,Pro Basketball (M),segment,exploratory_evaluated,only 0 pre-test settled contracts (< 30),exploratory,nba,segment,0,0,0,unavailable: training support below threshold,unavailable: segment markets (quarters/halves/innings): no new historical quotes by scope decision,0,0,0,0,0,0,15818,calibration_unavailable+blend_unavailable
KXNBA1QTOTAL,Basketball,Pro Basketball (M),segment,exploratory_evaluated,only 0 pre-test settled contracts (< 30),exploratory,nba,segment,0,0,0,unavailable: training support below threshold,unavailable: segment markets (quarters/halves/innings): no new historical quotes by scope decision,0,0,0,0,0,0,15818,calibration_unavailable+blend_unavailable
KXWNBA2HWINNER,Basketball,Pro Basketball (W),segment,exploratory_evaluated,only 0 pre-test settled contracts (< 30),exploratory,wnba,segment,0,0,0,unavailable: training support below threshold,unavailable: segment markets (quarters/halves/innings): no new historical quotes by scope decision,0,0,0,0,0,0,22245,calibration_unavailable+blend_unavailable
KXNBASUMMER1HWINNER,Basketball,Pro Basketball Summer League,segment,not_attempted_supported_sport,no independent results adapter for this competition in Phase 1 (game_winner only via Kalshi-only path),,,,,,,,,,,,,,,,phase1:not_attempted_supported_sport
KXNBA3QTOTAL,Basketball,Pro Basketball (M),segment,exploratory_evaluated,only 0 pre-test settled contracts (< 30),exploratory,nba,segment,0,0,0,unavailable: training support below threshold,unavailable: segment markets (quarters/halves/innings): no new historical quotes by scope decision,0,0,0,0,0,0,15818,calibration_unavailable+blend_unavailable
KXNBASUMMER1HSPREAD,Basketball,Pro Basketball Summer League,segment,not_attempted_supported_sport,no independent results adapter for this competition in Phase 1 (game_winner only via Kalshi-only path),,,,,,,,,,,,,,,,phase1:not_attempted_supported_sport
KXNBA2QTOTAL,Basketball,Pro Basketball (M),segment,exploratory_evaluated,only 0 pre-test settled contracts (< 30),exploratory,nba,segment,0,0,0,unavailable: training support below threshold,unavailable: segment markets (quarters/halves/innings): no new historical quotes by scope decision,0,0,0,0,0,0,15818,calibration_unavailable+blend_unavailable
KXNBA4QSPREAD,Basketball,Pro Basketball (M),segment,exploratory_evaluated,only 0 pre-test settled contracts (< 30),exploratory,nba,segment,0,0,0,unavailable: training support below threshold,unavailable: segment markets (quarters/halves/innings): no new historical quotes by scope decision,0,0,0,0,0,0,15818,calibration_unavailable+blend_unavailable
KXNBA4QTOTAL,Basketball,Pro Basketball (M),segment,exploratory_evaluated,only 0 pre-test settled contracts (< 30),exploratory,nba,segment,0,0,0,unavailable: training support below threshold,unavailable: segment markets (quarters/halves/innings): no new historical quotes by scope decision,0,0,0,0,0,0,15818,calibration_unavailable+blend_unavailable
KXNBA1H,Basketball,Pro Basketball (M) Preseason,segment,not_attempted_supported_sport,no independent results adapter for this competition in Phase 1 (game_winner only via Kalshi-only path),,,,,,,,,,,,,,,,phase1:not_attempted_supported_sport
KXWNBA3PTCONTESTOU,Basketball,Pro Basketball (W),segment,excluded_spec,no payoff parser for suffix '3PTCONTESTOU',,wnba,,,,,,,,,,,,,,phase1:excluded_spec
KXNBA1HTEAMTOTAL,Basketball,,segment,not_attempted_supported_sport,no traded markets,,,,,,,,,,,,,,,,phase1:not_attempted_supported_sport
KXNBA1Q,Basketball,,segment,not_attempted_supported_sport,no traded markets,,,,,,,,,,,,,,,,phase1:not_attempted_supported_sport
KXNBA1QTEAMTOTAL,Basketball,,segment,not_attempted_supported_sport,no traded markets,,,,,,,,,,,,,,,,phase1:not_attempted_supported_sport
KXNBA2H,Basketball,,segment,not_attempted_supported_sport,no traded markets,,,,,,,,,,,,,,,,phase1:not_attempted_supported_sport
KXNBA2HTEAMTOTAL,Basketball,,segment,not_attempted_supported_sport,no traded markets,,,,,,,,,,,,,,,,phase1:not_attempted_supported_sport
KXNBA2Q,Basketball,,segment,not_attempted_supported_sport,no traded markets,,,,,,,,,,,,,,,,phase1:not_attempted_supported_sport
KXNBA2QTEAMTOTAL,Basketball,,segment,not_attempted_supported_sport,no traded markets,,,,,,,,,,,,,,,,phase1:not_attempted_supported_sport
KXNBA3Q,Basketball,,segment,not_attempted_supported_sport,no traded markets,,,,,,,,,,,,,,,,phase1:not_attempted_supported_sport
KXNBA3QTEAMTOTAL,Basketball,,segment,not_attempted_supported_sport,no traded markets,,,,,,,,,,,,,,,,phase1:not_attempted_supported_sport
KXNBA4Q,Basketball,,segment,not_attempted_supported_sport,no traded markets,,,,,,,,,,,,,,,,phase1:not_attempted_supported_sport
KXNBA4QTEAMTOTAL,Basketball,,segment,not_attempted_supported_sport,no traded markets,,,,,,,,,,,,,,,,phase1:not_attempted_supported_sport
KXNCAAMB2HSPREAD,Basketball,,segment,not_attempted_supported_sport,no traded markets,,,,,,,,,,,,,,,,phase1:not_attempted_supported_sport
KXNCAAMB2HTOTAL,Basketball,,segment,not_attempted_supported_sport,no traded markets,,,,,,,,,,,,,,,,phase1:not_attempted_supported_sport
KXNCAAWB1HSPREAD,Basketball,,segment,not_attempted_supported_sport,no traded markets,,,,,,,,,,,,,,,,phase1:not_attempted_supported_sport
KXNCAAWB2HSPREAD,Basketball,,segment,not_attempted_supported_sport,no traded markets,,,,,,,,,,,,,,,,phase1:not_attempted_supported_sport
KXWNBA1H,Basketball,,segment,not_attempted_supported_sport,no traded markets,,,,,,,,,,,,,,,,phase1:not_attempted_supported_sport
KXWNBA2H,Basketball,,segment,not_attempted_supported_sport,no traded markets,,,,,,,,,,,,,,,,phase1:not_attempted_supported_sport
KXNBASERIES,Basketball,Pro Basketball (M),series_playoff,not_attempted_supported_sport,playoff series: few outcomes; needs game model + bracket simulation (not in Phase 1),,,,,,,,,,,,,,,,phase1:not_attempted_supported_sport
KXNBASERIESSCORE,Basketball,Pro Basketball (M),series_playoff,not_attempted_supported_sport,playoff series: few outcomes; needs game model + bracket simulation (not in Phase 1),,,,,,,,,,,,,,,,phase1:not_attempted_supported_sport
KXNBASERIESROADWIN,Basketball,Pro Basketball (M),series_playoff,not_attempted_supported_sport,playoff series: few outcomes; needs game model + bracket simulation (not in Phase 1),,,,,,,,,,,,,,,,phase1:not_attempted_supported_sport
KXWNBASERIES,Basketball,Pro Basketball (W),series_playoff,not_attempted_supported_sport,playoff series: few outcomes; needs game model + bracket simulation (not in Phase 1),,,,,,,,,,,,,,,,phase1:not_attempted_supported_sport
KXNBASERIESPTSLEADER,Basketball,Pro Basketball (M),series_playoff,not_attempted_supported_sport,playoff series: few outcomes; needs game model + bracket simulation (not in Phase 1),,,,,,,,,,,,,,,,phase1:not_attempted_supported_sport
KXNBASERIES3PMLEADER,Basketball,Pro Basketball (M),series_playoff,not_attempted_supported_sport,playoff series: few outcomes; needs game model + bracket simulation (not in Phase 1),,,,,,,,,,,,,,,,phase1:not_attempted_supported_sport
KXNBAFINBLOWOUT,Basketball,Pro Basketball (M),series_playoff,not_attempted_supported_sport,playoff series: few outcomes; needs game model + bracket simulation (not in Phase 1),,,,,,,,,,,,,,,,phase1:not_attempted_supported_sport
KXNBASERIESREBLEADER,Basketball,Pro Basketball (M),series_playoff,not_attempted_supported_sport,playoff series: few outcomes; needs game model + bracket simulation (not in Phase 1),,,,,,,,,,,,,,,,phase1:not_attempted_supported_sport
KXNBASERIESCOMEBACK,Basketball,Pro Basketball (M),series_playoff,not_attempted_supported_sport,playoff series: few outcomes; needs game model + bracket simulation (not in Phase 1),,,,,,,,,,,,,,,,phase1:not_attempted_supported_sport
KXWNBASERIESSCORE,Basketball,Pro Basketball (W),series_playoff,not_attempted_supported_sport,playoff series: few outcomes; needs game model + bracket simulation (not in Phase 1),,,,,,,,,,,,,,,,phase1:not_attempted_supported_sport
KXNBASERIESGCOMEBACK,Basketball,Pro Basketball (M),series_playoff,not_attempted_supported_sport,playoff series: few outcomes; needs game model + bracket simulation (not in Phase 1),,,,,,,,,,,,,,,,phase1:not_attempted_supported_sport
KXNBAHOMECLINCH,Basketball,Pro Basketball (M),series_playoff,not_attempted_supported_sport,playoff series: few outcomes; needs game model + bracket simulation (not in Phase 1),,,,,,,,,,,,,,,,phase1:not_attempted_supported_sport
KXNBASPREAD,Basketball,Pro Basketball (M),spread,strict_evaluated,,strict,nba,spread,0,0,5252,unavailable: training support below threshold,unavailable: matched training support below threshold,0,200,300,0,200,300,11653,calibration_unavailable+blend_unavailable
KXNCAAMBSPREAD,Basketball,College Basketball (M),spread,strict_evaluated,,strict,ncaamb,spread,0,0,13886,unavailable: training support below threshold,unavailable: matched training support below threshold,0,200,300,0,199,297,35432,calibration_unavailable+blend_unavailable
KXWNBASPREAD,Basketball,Pro Basketball (W),spread,exploratory_evaluated,only 0 pre-test settled contracts (< 30),exploratory,wnba,spread,0,0,0,unavailable: training support below threshold,unavailable: matched training support below threshold,0,0,300,0,0,300,3671,calibration_unavailable+blend_unavailable
KXNBASUMMERSPREAD,Basketball,Pro Basketball Summer League,spread,not_attempted_supported_sport,no independent results adapter for this competition in Phase 1 (game_winner only via Kalshi-only path),,,,,,,,,,,,,,,,phase1:not_attempted_supported_sport
KXNCAAWBSPREAD,Basketball,CBB Tournament (W),spread,not_attempted_supported_sport,no independent results adapter for this competition in Phase 1 (game_winner only via Kalshi-only path),,,,,,,,,,,,,,,,phase1:not_attempted_supported_sport
KXNBASERIESSPREAD,Basketball,Pro Basketball (M),spread,excluded_spec,no payoff parser for suffix 'SERIESSPREAD',,nba,,,,,,,,,,,,,,phase1:excluded_spec
KXWFIBASPREAD,Basketball,FIBA World Cup (W),spread,not_attempted_supported_sport,no independent results adapter for this competition in Phase 1 (game_winner only via Kalshi-only path),,,,,,,,,,,,,,,,phase1:not_attempted_supported_sport
KXEUROLEAGUESPREAD,Basketball,EuroLeague,spread,not_attempted_supported_sport,no independent results adapter for this competition in Phase 1 (game_winner only via Kalshi-only path),,,,,,,,,,,,,,,,phase1:not_attempted_supported_sport
KXNBLSPREAD,Basketball,Australia NBL,spread,not_attempted_supported_sport,no independent results adapter for this competition in Phase 1 (game_winner only via Kalshi-only path),,,,,,,,,,,,,,,,phase1:not_attempted_supported_sport
KXLNBPSPREAD,Basketball,Mexico LNBP,spread,not_attempted_supported_sport,no independent results adapter for this competition in Phase 1 (game_winner only via Kalshi-only path),,,,,,,,,,,,,,,,phase1:not_attempted_supported_sport
KXBBLSPREAD,Basketball,Germany BBL,spread,not_attempted_supported_sport,no independent results adapter for this competition in Phase 1 (game_winner only via Kalshi-only path),,,,,,,,,,,,,,,,phase1:not_attempted_supported_sport
KXACBSPREAD,Basketball,Spain Liga ACB,spread,not_attempted_supported_sport,no independent results adapter for this competition in Phase 1 (game_winner only via Kalshi-only path),,,,,,,,,,,,,,,,phase1:not_attempted_supported_sport
KXBSLSPREAD,Basketball,Turkey BSL,spread,not_attempted_supported_sport,no independent results adapter for this competition in Phase 1 (game_winner only via Kalshi-only path),,,,,,,,,,,,,,,,phase1:not_attempted_supported_sport
KXEUROCUPSPREAD,Basketball,EuroCup,spread,not_attempted_supported_sport,no independent results adapter for this competition in Phase 1 (game_winner only via Kalshi-only path),,,,,,,,,,,,,,,,phase1:not_attempted_supported_sport
KXLNBELITESPREAD,Basketball,LNB Elite,spread,not_attempted_supported_sport,no independent results adapter for this competition in Phase 1 (game_winner only via Kalshi-only path),,,,,,,,,,,,,,,,phase1:not_attempted_supported_sport
KXBBSERIEASPREAD,Basketball,Italy Serie A,spread,not_attempted_supported_sport,no independent results adapter for this competition in Phase 1 (game_winner only via Kalshi-only path),,,,,,,,,,,,,,,,phase1:not_attempted_supported_sport
KXFIBASPREAD,Basketball,FIBA World Cup Qualifiers,spread,not_attempted_supported_sport,no independent results adapter for this competition in Phase 1 (game_winner only via Kalshi-only path),,,,,,,,,,,,,,,,phase1:not_attempted_supported_sport
KXSBLSPREAD,Basketball,Slovakia SBL,spread,not_attempted_supported_sport,no independent results adapter for this competition in Phase 1 (game_winner only via Kalshi-only path),,,,,,,,,,,,,,,,phase1:not_attempted_supported_sport
KXABASPREAD,Basketball,Adriatic ABA,spread,not_attempted_supported_sport,no independent results adapter for this competition in Phase 1 (game_winner only via Kalshi-only path),,,,,,,,,,,,,,,,phase1:not_attempted_supported_sport
KXVTBSPREAD,Basketball,Russia VTB United,spread,not_attempted_supported_sport,no independent results adapter for this competition in Phase 1 (game_winner only via Kalshi-only path),,,,,,,,,,,,,,,,phase1:not_attempted_supported_sport
KXCBASPREAD,Basketball,Chinese Basketball Association,spread,not_attempted_supported_sport,no independent results adapter for this competition in Phase 1 (game_winner only via Kalshi-only path),,,,,,,,,,,,,,,,phase1:not_attempted_supported_sport
KXSLBSPREAD,Basketball,England Super League,spread,not_attempted_supported_sport,no independent results adapter for this competition in Phase 1 (game_winner only via Kalshi-only path),,,,,,,,,,,,,,,,phase1:not_attempted_supported_sport
KXLKLSPREAD,Basketball,Lithuania LKL,spread,not_attempted_supported_sport,no independent results adapter for this competition in Phase 1 (game_winner only via Kalshi-only path),,,,,,,,,,,,,,,,phase1:not_attempted_supported_sport
KXNBASERIESPTSSPREAD,Basketball,Pro Basketball (M),spread,excluded_spec,no payoff parser for suffix 'SERIESPTSSPREAD',,nba,,,,,,,,,,,,,,phase1:excluded_spec
KXWNBASERIESSPREAD,Basketball,Pro Basketball (W),spread,excluded_spec,no payoff parser for suffix 'SERIESSPREAD',,wnba,,,,,,,,,,,,,,phase1:excluded_spec
KXEUROBASKETSPREAD,Basketball,,spread,not_attempted_supported_sport,no traded markets,,,,,,,,,,,,,,,,phase1:not_attempted_supported_sport
KXFIBACHAMPSPREAD,Basketball,,spread,not_attempted_supported_sport,no traded markets,,,,,,,,,,,,,,,,phase1:not_attempted_supported_sport
KXFIBAECUPSPREAD,Basketball,,spread,not_attempted_supported_sport,no traded markets,,,,,,,,,,,,,,,,phase1:not_attempted_supported_sport
KXISLSPREAD,Basketball,,spread,not_attempted_supported_sport,no traded markets,,,,,,,,,,,,,,,,phase1:not_attempted_supported_sport
KXKBLSPREAD,Basketball,,spread,not_attempted_supported_sport,no traded markets,,,,,,,,,,,,,,,,phase1:not_attempted_supported_sport
KXNBATEAMTOTAL,Basketball,Pro Basketball (M),team_total,exploratory_evaluated,only 0 pre-test settled contracts (< 30),exploratory,nba,team_total,0,0,0,unavailable: training support below threshold,unavailable: matched training support below threshold,0,0,300,0,0,288,9486,calibration_unavailable+blend_unavailable
KXWNBATEAMTOTAL,Basketball,Pro Basketball (W),team_total,exploratory_evaluated,only 0 pre-test settled contracts (< 30),exploratory,wnba,team_total,0,0,0,unavailable: training support below threshold,unavailable: matched training support below threshold,0,0,100,0,0,100,1941,calibration_unavailable+blend_unavailable
KXLBJRTEAM,Basketball,,test_placeholder,not_attempted_supported_sport,out of scope (test),,,,,,,,,,,,,,,,phase1:not_attempted_supported_sport
KXNBATOTAL,Basketball,Pro Basketball (M),total,strict_evaluated,,strict,nba,total,0,0,5401,unavailable: training support below threshold,unavailable: matched training support below threshold,0,200,300,0,200,300,9353,calibration_unavailable+blend_unavailable
KXNCAAMBTOTAL,Basketball,College Basketball (M),total,strict_evaluated,,strict,ncaamb,total,0,0,14016,unavailable: training support below threshold,unavailable: matched training support below threshold,0,200,300,0,200,300,34515,calibration_unavailable+blend_unavailable
KXWNBATOTAL,Basketball,Pro Basketball (W),total,exploratory_evaluated,only 0 pre-test settled contracts (< 30),exploratory,wnba,total,0,0,0,unavailable: training support below threshold,unavailable: matched training support below threshold,0,0,300,0,0,300,3252,calibration_unavailable+blend_unavailable
KXNBASUMMERTOTAL,Basketball,Pro Basketball Summer League,total,not_attempted_supported_sport,no independent results adapter for this competition in Phase 1 (game_winner only via Kalshi-only path),,,,,,,,,,,,,,,,phase1:not_attempted_supported_sport
KXNBAWINS,Basketball,Pro Basketball (M),total,excluded_spec,no payoff parser for suffix 'WINS',,nba,,,,,,,,,,,,,,phase1:excluded_spec
KXNCAAWBTOTAL,Basketball,CBB Tournament (W),total,not_attempted_supported_sport,no independent results adapter for this competition in Phase 1 (game_winner only via Kalshi-only path),,,,,,,,,,,,,,,,phase1:not_attempted_supported_sport
KXWFIBATOTAL,Basketball,FIBA World Cup (W),total,not_attempted_supported_sport,no independent results adapter for this competition in Phase 1 (game_winner only via Kalshi-only path),,,,,,,,,,,,,,,,phase1:not_attempted_supported_sport
KXNBASERIESGAMES,Basketball,Pro Basketball (M),total,excluded_spec,no payoff parser for suffix 'SERIESGAMES',,nba,,,,,,,,,,,,,,phase1:excluded_spec
KXEUROLEAGUETOTAL,Basketball,EuroLeague,total,not_attempted_supported_sport,no independent results adapter for this competition in Phase 1 (game_winner only via Kalshi-only path),,,,,,,,,,,,,,,,phase1:not_attempted_supported_sport
KXNBLTOTAL,Basketball,Australia NBL,total,not_attempted_supported_sport,no independent results adapter for this competition in Phase 1 (game_winner only via Kalshi-only path),,,,,,,,,,,,,,,,phase1:not_attempted_supported_sport
KXLNBPTOTAL,Basketball,Mexico LNBP,total,not_attempted_supported_sport,no independent results adapter for this competition in Phase 1 (game_winner only via Kalshi-only path),,,,,,,,,,,,,,,,phase1:not_attempted_supported_sport
KXWNBAWINS,Basketball,Pro Basketball (W),total,excluded_spec,no payoff parser for suffix 'WINS',,wnba,,,,,,,,,,,,,,phase1:excluded_spec
KXBBLTOTAL,Basketball,Germany BBL,total,not_attempted_supported_sport,no independent results adapter for this competition in Phase 1 (game_winner only via Kalshi-only path),,,,,,,,,,,,,,,,phase1:not_attempted_supported_sport
KXEUROCUPTOTAL,Basketball,EuroCup,total,not_attempted_supported_sport,no independent results adapter for this competition in Phase 1 (game_winner only via Kalshi-only path),,,,,,,,,,,,,,,,phase1:not_attempted_supported_sport
KXFIBATOTAL,Basketball,FIBA World Cup Qualifiers,total,not_attempted_supported_sport,no independent results adapter for this competition in Phase 1 (game_winner only via Kalshi-only path),,,,,,,,,,,,,,,,phase1:not_attempted_supported_sport
KXACBTOTAL,Basketball,Spain Liga ACB,total,not_attempted_supported_sport,no independent results adapter for this competition in Phase 1 (game_winner only via Kalshi-only path),,,,,,,,,,,,,,,,phase1:not_attempted_supported_sport
KXBSLTOTAL,Basketball,Turkey BSL,total,not_attempted_supported_sport,no independent results adapter for this competition in Phase 1 (game_winner only via Kalshi-only path),,,,,,,,,,,,,,,,phase1:not_attempted_supported_sport
KXBBSERIEATOTAL,Basketball,Italy Serie A,total,not_attempted_supported_sport,no independent results adapter for this competition in Phase 1 (game_winner only via Kalshi-only path),,,,,,,,,,,,,,,,phase1:not_attempted_supported_sport
KXLEADERWNBA3PT,Basketball,Pro Basketball (W),total,not_attempted_supported_sport,no independent results adapter for this competition in Phase 1 (game_winner only via Kalshi-only path),,,,,,,,,,,,,,,,phase1:not_attempted_supported_sport
KXLNBELITETOTAL,Basketball,LNB Elite,total,not_attempted_supported_sport,no independent results adapter for this competition in Phase 1 (game_winner only via Kalshi-only path),,,,,,,,,,,,,,,,phase1:not_attempted_supported_sport
KXVTBTOTAL,Basketball,Russia VTB United,total,not_attempted_supported_sport,no independent results adapter for this competition in Phase 1 (game_winner only via Kalshi-only path),,,,,,,,,,,,,,,,phase1:not_attempted_supported_sport
KXABATOTAL,Basketball,Adriatic ABA,total,not_attempted_supported_sport,no independent results adapter for this competition in Phase 1 (game_winner only via Kalshi-only path),,,,,,,,,,,,,,,,phase1:not_attempted_supported_sport
KXSBLTOTAL,Basketball,Slovakia SBL,total,not_attempted_supported_sport,no independent results adapter for this competition in Phase 1 (game_winner only via Kalshi-only path),,,,,,,,,,,,,,,,phase1:not_attempted_supported_sport
KXCBATOTAL,Basketball,Chinese Basketball Association,total,not_attempted_supported_sport,no independent results adapter for this competition in Phase 1 (game_winner only via Kalshi-only path),,,,,,,,,,,,,,,,phase1:not_attempted_supported_sport
KXWNBASERIESGAMES,Basketball,Pro Basketball (W),total,excluded_spec,no payoff parser for suffix 'SERIESGAMES',,wnba,,,,,,,,,,,,,,phase1:excluded_spec
KXLKLTOTAL,Basketball,Lithuania LKL,total,not_attempted_supported_sport,no independent results adapter for this competition in Phase 1 (game_winner only via Kalshi-only path),,,,,,,,,,,,,,,,phase1:not_attempted_supported_sport
KXNBASERIESROADWINS,Basketball,Pro Basketball (M),total,excluded_spec,no payoff parser for suffix 'SERIESROADWINS',,nba,,,,,,,,,,,,,,phase1:excluded_spec
KXSLBTOTAL,Basketball,England Super League,total,not_attempted_supported_sport,no independent results adapter for this competition in Phase 1 (game_winner only via Kalshi-only path),,,,,,,,,,,,,,,,phase1:not_attempted_supported_sport
KXNBASERIESTOTALPTS,Basketball,Pro Basketball (M),total,excluded_spec,no payoff parser for suffix 'SERIESTOTALPTS',,nba,,,,,,,,,,,,,,phase1:excluded_spec
KXNCAAMBWINS,Basketball,College Basketball (M),total,excluded_spec,no payoff parser for suffix 'WINS',,ncaamb,,,,,,,,,,,,,,phase1:excluded_spec
KXNBAMOSTWINS,Basketball,Pro Basketball (M),total,excluded_spec,no payoff parser for suffix 'MOSTWINS',,nba,,,,,,,,,,,,,,phase1:excluded_spec
KXNCAAWBWINS,Basketball,College Basketball (W),total,excluded_spec,no payoff parser for suffix 'WINS',,ncaawb,,,,,,,,,,,,,,phase1:excluded_spec
KXNBAH2HWINS,Basketball,Pro Basketball (M),total,excluded_spec,no payoff parser for suffix 'H2HWINS',,nba,,,,,,,,,,,,,,phase1:excluded_spec
KXEUROBASKETTOTAL,Basketball,,total,not_attempted_supported_sport,no traded markets,,,,,,,,,,,,,,,,phase1:not_attempted_supported_sport
KXFIBACHAMPTOTAL,Basketball,,total,not_attempted_supported_sport,no traded markets,,,,,,,,,,,,,,,,phase1:not_attempted_supported_sport
KXFIBAECUPTOTAL,Basketball,,total,not_attempted_supported_sport,no traded markets,,,,,,,,,,,,,,,,phase1:not_attempted_supported_sport
KXISLTOTAL,Basketball,,total,not_attempted_supported_sport,no traded markets,,,,,,,,,,,,,,,,phase1:not_attempted_supported_sport
KXKBLTOTAL,Basketball,,total,not_attempted_supported_sport,no traded markets,,,,,,,,,,,,,,,,phase1:not_attempted_supported_sport
KXMARMAD,Basketball,CBB Tournament,tournament_outright,not_attempted_supported_sport,outright/bracket: few independent outcomes per season; needs prospective capture + simulation,,,,,,,,,,,,,,,,phase1:not_attempted_supported_sport
KXNBA,Basketball,Pro Basketball (M),tournament_outright,not_attempted_supported_sport,outright/bracket: few independent outcomes per season; needs prospective capture + simulation,,,,,,,,,,,,,,,,phase1:not_attempted_supported_sport
KXNBAWEST,Basketball,Pro Basketball (M),tournament_outright,not_attempted_supported_sport,outright/bracket: few independent outcomes per season; needs prospective capture + simulation,,,,,,,,,,,,,,,,phase1:not_attempted_supported_sport
KXNBAEAST,Basketball,Pro Basketball (M),tournament_outright,not_attempted_supported_sport,outright/bracket: few independent outcomes per season; needs prospective capture + simulation,,,,,,,,,,,,,,,,phase1:not_attempted_supported_sport
KXNBACUP,Basketball,Pro Basketball (M),tournament_outright,not_attempted_supported_sport,outright/bracket: few independent outcomes per season; needs prospective capture + simulation,,,,,,,,,,,,,,,,phase1:not_attempted_supported_sport
KXMARMADROUND,Basketball,College Basketball (M),tournament_outright,not_attempted_supported_sport,outright/bracket: few independent outcomes per season; needs prospective capture + simulation,,,,,,,,,,,,,,,,phase1:not_attempted_supported_sport
KXNCAAMBBIG10,Basketball,College Basketball (M),tournament_outright,not_attempted_supported_sport,outright/bracket: few independent outcomes per season; needs prospective capture + simulation,,,,,,,,,,,,,,,,phase1:not_attempted_supported_sport
KXNCAAMBACC,Basketball,College Basketball (M),tournament_outright,not_attempted_supported_sport,outright/bracket: few independent outcomes per season; needs prospective capture + simulation,,,,,,,,,,,,,,,,phase1:not_attempted_supported_sport
KXNCAAMBSEC,Basketball,College Basketball (M),tournament_outright,not_attempted_supported_sport,outright/bracket: few independent outcomes per season; needs prospective capture + simulation,,,,,,,,,,,,,,,,phase1:not_attempted_supported_sport
KXNCAAMBBIG12,Basketball,College Basketball (M),tournament_outright,not_attempted_supported_sport,outright/bracket: few independent outcomes per season; needs prospective capture + simulation,,,,,,,,,,,,,,,,phase1:not_attempted_supported_sport
KXFIBACHAMPLEAGUEGAME,Basketball,FIBA Champions League,tournament_outright,not_attempted_supported_sport,outright/bracket: few independent outcomes per season; needs prospective capture + simulation,,,,,,,,,,,,,,,,phase1:not_attempted_supported_sport
KXWNBA,Basketball,Pro Basketball (W),tournament_outright,not_attempted_supported_sport,outright/bracket: few independent outcomes per season; needs prospective capture + simulation,,,,,,,,,,,,,,,,phase1:not_attempted_supported_sport
KXNCAAMBWAC,Basketball,College Basketball (M),tournament_outright,not_attempted_supported_sport,outright/bracket: few independent outcomes per season; needs prospective capture + simulation,,,,,,,,,,,,,,,,phase1:not_attempted_supported_sport
KXNCAAMBIVY,Basketball,College Basketball (M),tournament_outright,not_attempted_supported_sport,outright/bracket: few independent outcomes per season; needs prospective capture + simulation,,,,,,,,,,,,,,,,phase1:not_attempted_supported_sport
KXNCAAMBNIT,Basketball,NIT,tournament_outright,not_attempted_supported_sport,outright/bracket: few independent outcomes per season; needs prospective capture + simulation,,,,,,,,,,,,,,,,phase1:not_attempted_supported_sport
KXNCAAMBBIGEAST,Basketball,College Basketball (M),tournament_outright,not_attempted_supported_sport,outright/bracket: few independent outcomes per season; needs prospective capture + simulation,,,,,,,,,,,,,,,,phase1:not_attempted_supported_sport
KXTEAMSINNBAF,Basketball,Pro Basketball (M),tournament_outright,not_attempted_supported_sport,outright/bracket: few independent outcomes per season; needs prospective capture + simulation,,,,,,,,,,,,,,,,phase1:not_attempted_supported_sport
KXNCAAMBBWEST,Basketball,College Basketball (M),tournament_outright,not_attempted_supported_sport,outright/bracket: few independent outcomes per season; needs prospective capture + simulation,,,,,,,,,,,,,,,,phase1:not_attempted_supported_sport
KXNCAAMBMAMER,Basketball,College Basketball (M),tournament_outright,not_attempted_supported_sport,outright/bracket: few independent outcomes per season; needs prospective capture + simulation,,,,,,,,,,,,,,,,phase1:not_attempted_supported_sport
KXNBAPLAYOFF,Basketball,Pro Basketball (M),tournament_outright,not_attempted_supported_sport,outright/bracket: few independent outcomes per season; needs prospective capture + simulation,,,,,,,,,,,,,,,,phase1:not_attempted_supported_sport
KXNCAAMBBSKY,Basketball,College Basketball (M),tournament_outright,not_attempted_supported_sport,outright/bracket: few independent outcomes per season; needs prospective capture + simulation,,,,,,,,,,,,,,,,phase1:not_attempted_supported_sport
KXNCAAMBWCC,Basketball,College Basketball (M),tournament_outright,not_attempted_supported_sport,outright/bracket: few independent outcomes per season; needs prospective capture + simulation,,,,,,,,,,,,,,,,phase1:not_attempted_supported_sport
KXMAKEMARMAD,Basketball,CBB Tournament,tournament_outright,not_attempted_supported_sport,outright/bracket: few independent outcomes per season; needs prospective capture + simulation,,,,,,,,,,,,,,,,phase1:not_attempted_supported_sport
KXNCAAMBAMER,Basketball,College Basketball (M),tournament_outright,not_attempted_supported_sport,outright/bracket: few independent outcomes per season; needs prospective capture + simulation,,,,,,,,,,,,,,,,phase1:not_attempted_supported_sport
KXNCAAMBA10,Basketball,College Basketball (M),tournament_outright,not_attempted_supported_sport,outright/bracket: few independent outcomes per season; needs prospective capture + simulation,,,,,,,,,,,,,,,,phase1:not_attempted_supported_sport
KXNCAAMBMW,Basketball,College Basketball (M),tournament_outright,not_attempted_supported_sport,outright/bracket: few independent outcomes per season; needs prospective capture + simulation,,,,,,,,,,,,,,,,phase1:not_attempted_supported_sport
KXNCAAMBAE,Basketball,College Basketball (M),tournament_outright,not_attempted_supported_sport,outright/bracket: few independent outcomes per season; needs prospective capture + simulation,,,,,,,,,,,,,,,,phase1:not_attempted_supported_sport
KXMARMADUPSET,Basketball,CBB Tournament,tournament_outright,not_attempted_supported_sport,outright/bracket: few independent outcomes per season; needs prospective capture + simulation,,,,,,,,,,,,,,,,phase1:not_attempted_supported_sport
KXNCAAMBASUN,Basketball,College Basketball (M),tournament_outright,not_attempted_supported_sport,outright/bracket: few independent outcomes per season; needs prospective capture + simulation,,,,,,,,,,,,,,,,phase1:not_attempted_supported_sport
KXNCAAMBUSA,Basketball,College Basketball (M),tournament_outright,not_attempted_supported_sport,outright/bracket: few independent outcomes per season; needs prospective capture + simulation,,,,,,,,,,,,,,,,phase1:not_attempted_supported_sport
KXNBAFINALSEXACT,Basketball,,tournament_outright,not_attempted_supported_sport,outright/bracket: few independent outcomes per season; needs prospective capture + simulation,,,,,,,,,,,,,,,,phase1:not_attempted_supported_sport
KXNCAAMBSLC,Basketball,College Basketball (M),tournament_outright,not_attempted_supported_sport,outright/bracket: few independent outcomes per season; needs prospective capture + simulation,,,,,,,,,,,,,,,,phase1:not_attempted_supported_sport
KXMARMADSEEDWIN,Basketball,CBB Tournament,tournament_outright,not_attempted_supported_sport,outright/bracket: few independent outcomes per season; needs prospective capture + simulation,,,,,,,,,,,,,,,,phase1:not_attempted_supported_sport
KXNCAAMBSWAC,Basketball,College Basketball (M),tournament_outright,not_attempted_supported_sport,outright/bracket: few independent outcomes per season; needs prospective capture + simulation,,,,,,,,,,,,,,,,phase1:not_attempted_supported_sport
KXNCAAMBSOCON,Basketball,College Basketball (M),tournament_outright,not_attempted_supported_sport,outright/bracket: few independent outcomes per season; needs prospective capture + simulation,,,,,,,,,,,,,,,,phase1:not_attempted_supported_sport
KXNCAAMBCAA,Basketball,College Basketball (M),tournament_outright,not_attempted_supported_sport,outright/bracket: few independent outcomes per season; needs prospective capture + simulation,,,,,,,,,,,,,,,,phase1:not_attempted_supported_sport
KXNCAAMBHOR,Basketball,College Basketball (M),tournament_outright,not_attempted_supported_sport,outright/bracket: few independent outcomes per season; needs prospective capture + simulation,,,,,,,,,,,,,,,,phase1:not_attempted_supported_sport
KXNCAAMBBSOU,Basketball,College Basketball (M),tournament_outright,not_attempted_supported_sport,outright/bracket: few independent outcomes per season; needs prospective capture + simulation,,,,,,,,,,,,,,,,phase1:not_attempted_supported_sport
KXNCAAMBMVAL,Basketball,College Basketball (M),tournament_outright,not_attempted_supported_sport,outright/bracket: few independent outcomes per season; needs prospective capture + simulation,,,,,,,,,,,,,,,,phase1:not_attempted_supported_sport
KXNCAAMBSUM,Basketball,College Basketball (M),tournament_outright,not_attempted_supported_sport,outright/bracket: few independent outcomes per season; needs prospective capture + simulation,,,,,,,,,,,,,,,,phase1:not_attempted_supported_sport
KXNCAAMBSBELT,Basketball,College Basketball (M),tournament_outright,not_attempted_supported_sport,outright/bracket: few independent outcomes per season; needs prospective capture + simulation,,,,,,,,,,,,,,,,phase1:not_attempted_supported_sport
KXMARMADSEEDROUND,Basketball,CBB Tournament,tournament_outright,not_attempted_supported_sport,outright/bracket: few independent outcomes per season; needs prospective capture + simulation,,,,,,,,,,,,,,,,phase1:not_attempted_supported_sport
KXNCAAMBNEC,Basketball,College Basketball (M),tournament_outright,not_attempted_supported_sport,outright/bracket: few independent outcomes per season; needs prospective capture + simulation,,,,,,,,,,,,,,,,phase1:not_attempted_supported_sport
KXNCAAMBMEAC,Basketball,College Basketball (M),tournament_outright,not_attempted_supported_sport,outright/bracket: few independent outcomes per season; needs prospective capture + simulation,,,,,,,,,,,,,,,,phase1:not_attempted_supported_sport
KXNCAAMBPAT,Basketball,College Basketball (M),tournament_outright,not_attempted_supported_sport,outright/bracket: few independent outcomes per season; needs prospective capture + simulation,,,,,,,,,,,,,,,,phase1:not_attempted_supported_sport
KXTEAMSINNBAWF,Basketball,Pro Basketball (M),tournament_outright,not_attempted_supported_sport,outright/bracket: few independent outcomes per season; needs prospective capture + simulation,,,,,,,,,,,,,,,,phase1:not_attempted_supported_sport
KXNCAAMBOV,Basketball,College Basketball (M),tournament_outright,not_attempted_supported_sport,outright/bracket: few independent outcomes per season; needs prospective capture + simulation,,,,,,,,,,,,,,,,phase1:not_attempted_supported_sport
KXNBARETURN,Basketball,Pro Basketball (M),tournament_outright,not_attempted_supported_sport,outright/bracket: few independent outcomes per season; needs prospective capture + simulation,,,,,,,,,,,,,,,,phase1:not_attempted_supported_sport
KXNBAUNBEATEN,Basketball,Pro Basketball (M),tournament_outright,not_attempted_supported_sport,outright/bracket: few independent outcomes per season; needs prospective capture + simulation,,,,,,,,,,,,,,,,phase1:not_attempted_supported_sport
KXNCAAMBIGTEN,Basketball,,tournament_outright,not_attempted_supported_sport,outright/bracket: few independent outcomes per season; needs prospective capture + simulation,,,,,,,,,,,,,,,,phase1:not_attempted_supported_sport
KXTEAMSINNBAEF,Basketball,Pro Basketball (M),tournament_outright,not_attempted_supported_sport,outright/bracket: few independent outcomes per season; needs prospective capture + simulation,,,,,,,,,,,,,,,,phase1:not_attempted_supported_sport
KXNBA30COMEBACK,Basketball,Pro Basketball (M),tournament_outright,not_attempted_supported_sport,outright/bracket: few independent outcomes per season; needs prospective capture + simulation,,,,,,,,,,,,,,,,phase1:not_attempted_supported_sport
KXMARMADSEEDSUM,Basketball,CBB Tournament,tournament_outright,not_attempted_supported_sport,outright/bracket: few independent outcomes per season; needs prospective capture + simulation,,,,,,,,,,,,,,,,phase1:not_attempted_supported_sport
KXWMARMADROUND,Basketball,College Basketball (W),tournament_outright,not_attempted_supported_sport,outright/bracket: few independent outcomes per season; needs prospective capture + simulation,,,,,,,,,,,,,,,,phase1:not_attempted_supported_sport
KXNCAABBIGTEN,Basketball,,tournament_outright,not_attempted_supported_sport,outright/bracket: few independent outcomes per season; needs prospective capture + simulation,,,,,,,,,,,,,,,,phase1:not_attempted_supported_sport
KXNCAAMSEC,Basketball,,tournament_outright,not_attempted_supported_sport,outright/bracket: few independent outcomes per season; needs prospective capture + simulation,,,,,,,,,,,,,,,,phase1:not_attempted_supported_sport
KXRECORDNBABEST,Basketball,Pro Basketball (M),tournament_outright,not_attempted_supported_sport,outright/bracket: few independent outcomes per season; needs prospective capture + simulation,,,,,,,,,,,,,,,,phase1:not_attempted_supported_sport
KXNCAAMACC,Basketball,,tournament_outright,not_attempted_supported_sport,outright/bracket: few independent outcomes per season; needs prospective capture + simulation,,,,,,,,,,,,,,,,phase1:not_attempted_supported_sport
KXNBASOUTHEAST,Basketball,Pro Basketball (M),tournament_outright,not_attempted_supported_sport,outright/bracket: few independent outcomes per season; needs prospective capture + simulation,,,,,,,,,,,,,,,,phase1:not_attempted_supported_sport
KXNCAAMBUNDEFEATED,Basketball,College Basketball (M),tournament_outright,not_attempted_supported_sport,outright/bracket: few independent outcomes per season; needs prospective capture + simulation,,,,,,,,,,,,,,,,phase1:not_attempted_supported_sport
KXNBASUMMER,Basketball,Pro Basketball Summer League,tournament_outright,not_attempted_supported_sport,outright/bracket: few independent outcomes per season; needs prospective capture + simulation,,,,,,,,,,,,,,,,phase1:not_attempted_supported_sport
KXWNBAPLAYOFF,Basketball,Pro Basketball (W),tournament_outright,not_attempted_supported_sport,outright/bracket: few independent outcomes per season; needs prospective capture + simulation,,,,,,,,,,,,,,,,phase1:not_attempted_supported_sport
KXNCAABSEC,Basketball,,tournament_outright,not_attempted_supported_sport,outright/bracket: few independent outcomes per season; needs prospective capture + simulation,,,,,,,,,,,,,,,,phase1:not_attempted_supported_sport
KXMARMADCONFWIN,Basketball,CBB Tournament,tournament_outright,not_attempted_supported_sport,outright/bracket: few independent outcomes per season; needs prospective capture + simulation,,,,,,,,,,,,,,,,phase1:not_attempted_supported_sport
KXNBAPACIFIC,Basketball,Pro Basketball (M),tournament_outright,not_attempted_supported_sport,outright/bracket: few independent outcomes per season; needs prospective capture + simulation,,,,,,,,,,,,,,,,phase1:not_attempted_supported_sport
KXMARMADSEEDDIF,Basketball,CBB Tournament,tournament_outright,not_attempted_supported_sport,outright/bracket: few independent outcomes per season; needs prospective capture + simulation,,,,,,,,,,,,,,,,phase1:not_attempted_supported_sport
KXNCAAMBIG12,Basketball,,tournament_outright,not_attempted_supported_sport,outright/bracket: few independent outcomes per season; needs prospective capture + simulation,,,,,,,,,,,,,,,,phase1:not_attempted_supported_sport
KXNBASWEEP,Basketball,Pro Basketball (M),tournament_outright,not_attempted_supported_sport,outright/bracket: few independent outcomes per season; needs prospective capture + simulation,,,,,,,,,,,,,,,,phase1:not_attempted_supported_sport
KXNCAABACC,Basketball,,tournament_outright,not_attempted_supported_sport,outright/bracket: few independent outcomes per season; needs prospective capture + simulation,,,,,,,,,,,,,,,,phase1:not_attempted_supported_sport
KXWNBACCUP,Basketball,Pro Basketball (W),tournament_outright,not_attempted_supported_sport,outright/bracket: few independent outcomes per season; needs prospective capture + simulation,,,,,,,,,,,,,,,,phase1:not_attempted_supported_sport
KXNCAABBIG12,Basketball,,tournament_outright,not_attempted_supported_sport,outright/bracket: few independent outcomes per season; needs prospective capture + simulation,,,,,,,,,,,,,,,,phase1:not_attempted_supported_sport
KXNBAPLAYOFF3D,Basketball,Pro Basketball (M),tournament_outright,not_attempted_supported_sport,outright/bracket: few independent outcomes per season; needs prospective capture + simulation,,,,,,,,,,,,,,,,phase1:not_attempted_supported_sport
KXNBAATLANTIC,Basketball,Pro Basketball (M),tournament_outright,not_attempted_supported_sport,outright/bracket: few independent outcomes per season; needs prospective capture + simulation,,,,,,,,,,,,,,,,phase1:not_attempted_supported_sport
KXNCAABBIGEAST,Basketball,,tournament_outright,not_attempted_supported_sport,outright/bracket: few independent outcomes per season; needs prospective capture + simulation,,,,,,,,,,,,,,,,phase1:not_attempted_supported_sport
KXNBAPLAYIN,Basketball,Pro Basketball (M),tournament_outright,not_attempted_supported_sport,outright/bracket: few independent outcomes per season; needs prospective capture + simulation,,,,,,,,,,,,,,,,phase1:not_attempted_supported_sport
KXNBAGAME7,Basketball,Pro Basketball (M),tournament_outright,not_attempted_supported_sport,outright/bracket: few independent outcomes per season; needs prospective capture + simulation,,,,,,,,,,,,,,,,phase1:not_attempted_supported_sport
KXNBAPIADVANCE,Basketball,Pro Basketball (M),tournament_outright,not_attempted_supported_sport,outright/bracket: few independent outcomes per season; needs prospective capture + simulation,,,,,,,,,,,,,,,,phase1:not_attempted_supported_sport
KXMARMADPTS,Basketball,CBB Tournament,tournament_outright,not_attempted_supported_sport,outright/bracket: few independent outcomes per season; needs prospective capture + simulation,,,,,,,,,,,,,,,,phase1:not_attempted_supported_sport
KXWFIBAWC,Basketball,FIBA World Cup (W),tournament_outright,not_attempted_supported_sport,outright/bracket: few independent outcomes per season; needs prospective capture + simulation,,,,,,,,,,,,,,,,phase1:not_attempted_supported_sport
KXWNBASEMIFINAL,Basketball,Pro Basketball (W),tournament_outright,not_attempted_supported_sport,outright/bracket: few independent outcomes per season; needs prospective capture + simulation,,,,,,,,,,,,,,,,phase1:not_attempted_supported_sport
KXNBAUPSET,Basketball,Pro Basketball (M),tournament_outright,not_attempted_supported_sport,outright/bracket: few independent outcomes per season; needs prospective capture + simulation,,,,,,,,,,,,,,,,phase1:not_attempted_supported_sport
KXWNBA3PTROUND,Basketball,Pro Basketball (W),tournament_outright,not_attempted_supported_sport,outright/bracket: few independent outcomes per season; needs prospective capture + simulation,,,,,,,,,,,,,,,,phase1:not_attempted_supported_sport
KXNBAMATCHUP,Basketball,Pro Basketball (M),tournament_outright,not_attempted_supported_sport,outright/bracket: few independent outcomes per season; needs prospective capture + simulation,,,,,,,,,,,,,,,,phase1:not_attempted_supported_sport
KXNCAAMIVYLEAGUE,Basketball,,tournament_outright,not_attempted_supported_sport,outright/bracket: few independent outcomes per season; needs prospective capture + simulation,,,,,,,,,,,,,,,,phase1:not_attempted_supported_sport
KXNCAAMBIGEAST,Basketball,,tournament_outright,not_attempted_supported_sport,outright/bracket: few independent outcomes per season; needs prospective capture + simulation,,,,,,,,,,,,,,,,phase1:not_attempted_supported_sport
KXNBAWINRECORD,Basketball,Pro Basketball (M),tournament_outright,not_attempted_supported_sport,outright/bracket: few independent outcomes per season; needs prospective capture + simulation,,,,,,,,,,,,,,,,phase1:not_attempted_supported_sport
KXWNBA1SEED,Basketball,Pro Basketball (W),tournament_outright,not_attempted_supported_sport,outright/bracket: few independent outcomes per season; needs prospective capture + simulation,,,,,,,,,,,,,,,,phase1:not_attempted_supported_sport
KXWNBAFINAL,Basketball,Pro Basketball (W),tournament_outright,not_attempted_supported_sport,outright/bracket: few independent outcomes per season; needs prospective capture + simulation,,,,,,,,,,,,,,,,phase1:not_attempted_supported_sport
KXWNBAWORSTREC,Basketball,Pro Basketball (W),tournament_outright,not_attempted_supported_sport,outright/bracket: few independent outcomes per season; needs prospective capture + simulation,,,,,,,,,,,,,,,,phase1:not_attempted_supported_sport
KXNBASOUTHWEST,Basketball,Pro Basketball (M),tournament_outright,not_attempted_supported_sport,outright/bracket: few independent outcomes per season; needs prospective capture + simulation,,,,,,,,,,,,,,,,phase1:not_attempted_supported_sport
KXWNBAPLAYOFFHOST,Basketball,Pro Basketball (W),tournament_outright,not_attempted_supported_sport,outright/bracket: few independent outcomes per season; needs prospective capture + simulation,,,,,,,,,,,,,,,,phase1:not_attempted_supported_sport
KXNCAAWBNIT,Basketball,NIT (W),tournament_outright,not_attempted_supported_sport,outright/bracket: few independent outcomes per season; needs prospective capture + simulation,,,,,,,,,,,,,,,,phase1:not_attempted_supported_sport
KXNCAAMBTEAMMOSTPTS,Basketball,CBB Tournament,tournament_outright,not_attempted_supported_sport,outright/bracket: few independent outcomes per season; needs prospective capture + simulation,,,,,,,,,,,,,,,,phase1:not_attempted_supported_sport
KXNBANORTHWEST,Basketball,Pro Basketball (M),tournament_outright,not_attempted_supported_sport,outright/bracket: few independent outcomes per season; needs prospective capture + simulation,,,,,,,,,,,,,,,,phase1:not_attempted_supported_sport
KXWNBADRAFT5,Basketball,Pro Basketball (W),tournament_outright,not_attempted_supported_sport,outright/bracket: few independent outcomes per season; needs prospective capture + simulation,,,,,,,,,,,,,,,,phase1:not_attempted_supported_sport
KXEUROLEAGUE,Basketball,EuroLeague,tournament_outright,not_attempted_supported_sport,outright/bracket: few independent outcomes per season; needs prospective capture + simulation,,,,,,,,,,,,,,,,phase1:not_attempted_supported_sport
KXNBACENTRAL,Basketball,Pro Basketball (M),tournament_outright,not_attempted_supported_sport,outright/bracket: few independent outcomes per season; needs prospective capture + simulation,,,,,,,,,,,,,,,,phase1:not_attempted_supported_sport
KXNBARECORD,Basketball,Pro Basketball (M),tournament_outright,not_attempted_supported_sport,outright/bracket: few independent outcomes per season; needs prospective capture + simulation,,,,,,,,,,,,,,,,phase1:not_attempted_supported_sport
KXNBAPOLOSE,Basketball,Pro Basketball (M),tournament_outright,not_attempted_supported_sport,outright/bracket: few independent outcomes per season; needs prospective capture + simulation,,,,,,,,,,,,,,,,phase1:not_attempted_supported_sport
KXNBANEWCHAMPION,Basketball,Pro Basketball (M),tournament_outright,not_attempted_supported_sport,outright/bracket: few independent outcomes per season; needs prospective capture + simulation,,,,,,,,,,,,,,,,phase1:not_attempted_supported_sport
KXWNBAMATCHUP,Basketball,Pro Basketball (M),tournament_outright,not_attempted_supported_sport,outright/bracket: few independent outcomes per season; needs prospective capture + simulation,,,,,,,,,,,,,,,,phase1:not_attempted_supported_sport
KXNCAANIT,Basketball,,tournament_outright,not_attempted_supported_sport,outright/bracket: few independent outcomes per season; needs prospective capture + simulation,,,,,,,,,,,,,,,,phase1:not_attempted_supported_sport
KXNCAABIVY,Basketball,,tournament_outright,not_attempted_supported_sport,outright/bracket: few independent outcomes per season; needs prospective capture + simulation,,,,,,,,,,,,,,,,phase1:not_attempted_supported_sport
KXNBAAPOLOGY,Basketball,Pro Basketball (M),tournament_outright,not_attempted_supported_sport,outright/bracket: few independent outcomes per season; needs prospective capture + simulation,,,,,,,,,,,,,,,,phase1:not_attempted_supported_sport
KXNBA3PEAT,Basketball,Pro Basketball (M),tournament_outright,not_attempted_supported_sport,outright/bracket: few independent outcomes per season; needs prospective capture + simulation,,,,,,,,,,,,,,,,phase1:not_attempted_supported_sport
KXNCAAMPAC12,Basketball,,tournament_outright,not_attempted_supported_sport,outright/bracket: few independent outcomes per season; needs prospective capture + simulation,,,,,,,,,,,,,,,,phase1:not_attempted_supported_sport
KXBIG3,Basketball,BIG3,tournament_outright,not_attempted_supported_sport,outright/bracket: few independent outcomes per season; needs prospective capture + simulation,,,,,,,,,,,,,,,,phase1:not_attempted_supported_sport
KXNCAAMBBOTHQUAL,Basketball,College Basketball (M),tournament_outright,not_attempted_supported_sport,outright/bracket: few independent outcomes per season; needs prospective capture + simulation,,,,,,,,,,,,,,,,phase1:not_attempted_supported_sport
KXNCAAWBUNDEFEATED,Basketball,College Basketball (W),tournament_outright,not_attempted_supported_sport,outright/bracket: few independent outcomes per season; needs prospective capture + simulation,,,,,,,,,,,,,,,,phase1:not_attempted_supported_sport
KXWMARMAD1SEED,Basketball,College Basketball (W),tournament_outright,not_attempted_supported_sport,outright/bracket: few independent outcomes per season; needs prospective capture + simulation,,,,,,,,,,,,,,,,phase1:not_attempted_supported_sport
KXNBACONF,Basketball,Pro Basketball (M),tournament_outright,not_attempted_supported_sport,outright/bracket: few independent outcomes per season; needs prospective capture + simulation,,,,,,,,,,,,,,,,phase1:not_attempted_supported_sport
KXNCAAWBWBIT,Basketball,WBIT,tournament_outright,not_attempted_supported_sport,outright/bracket: few independent outcomes per season; needs prospective capture + simulation,,,,,,,,,,,,,,,,phase1:not_attempted_supported_sport
KXDUNKMAN,Basketball,Dunkman World Championship,tournament_outright,not_attempted_supported_sport,outright/bracket: few independent outcomes per season; needs prospective capture + simulation,,,,,,,,,,,,,,,,phase1:not_attempted_supported_sport
KXNCAAMBPAC12,Basketball,College Basketball (M),tournament_outright,not_attempted_supported_sport,outright/bracket: few independent outcomes per season; needs prospective capture + simulation,,,,,,,,,,,,,,,,phase1:not_attempted_supported_sport
KXNBACUPQUAL,Basketball,Pro Basketball (M),tournament_outright,not_attempted_supported_sport,outright/bracket: few independent outcomes per season; needs prospective capture + simulation,,,,,,,,,,,,,,,,phase1:not_attempted_supported_sport
KXNCAAMBTEAMSQUAL,Basketball,College Basketball (M),tournament_outright,not_attempted_supported_sport,outright/bracket: few independent outcomes per season; needs prospective capture + simulation,,,,,,,,,,,,,,,,phase1:not_attempted_supported_sport
KXNBAWCFQUAL,Basketball,Pro Basketball (M),tournament_outright,not_attempted_supported_sport,outright/bracket: few independent outcomes per season; needs prospective capture + simulation,,,,,,,,,,,,,,,,phase1:not_attempted_supported_sport
KXNCAAMBUAC,Basketball,College Basketball (M),tournament_outright,not_attempted_supported_sport,outright/bracket: few independent outcomes per season; needs prospective capture + simulation,,,,,,,,,,,,,,,,phase1:not_attempted_supported_sport
KXNBAECFQUAL,Basketball,Pro Basketball (M),tournament_outright,not_attempted_supported_sport,outright/bracket: few independent outcomes per season; needs prospective capture + simulation,,,,,,,,,,,,,,,,phase1:not_attempted_supported_sport
KXBBL,Basketball,,tournament_outright,not_attempted_supported_sport,outright/bracket: few independent outcomes per season; needs prospective capture + simulation,,,,,,,,,,,,,,,,phase1:not_attempted_supported_sport
KXBSOUTOURNAMENT,Basketball,,tournament_outright,not_attempted_supported_sport,outright/bracket: few independent outcomes per season; needs prospective capture + simulation,,,,,,,,,,,,,,,,phase1:not_attempted_supported_sport
KXCAATOURNAMENT,Basketball,,tournament_outright,not_attempted_supported_sport,outright/bracket: few independent outcomes per season; needs prospective capture + simulation,,,,,,,,,,,,,,,,phase1:not_attempted_supported_sport
KXFIBACHAMPGAME,Basketball,,tournament_outright,not_attempted_supported_sport,outright/bracket: few independent outcomes per season; needs prospective capture + simulation,,,,,,,,,,,,,,,,phase1:not_attempted_supported_sport
KXMARMADCONF,Basketball,,tournament_outright,not_attempted_supported_sport,outright/bracket: few independent outcomes per season; needs prospective capture + simulation,,,,,,,,,,,,,,,,phase1:not_attempted_supported_sport
KXMARMADHIGHSEED,Basketball,,tournament_outright,not_attempted_supported_sport,outright/bracket: few independent outcomes per season; needs prospective capture + simulation,,,,,,,,,,,,,,,,phase1:not_attempted_supported_sport
KXMARMADREGION,Basketball,,tournament_outright,not_attempted_supported_sport,outright/bracket: few independent outcomes per season; needs prospective capture + simulation,,,,,,,,,,,,,,,,phase1:not_attempted_supported_sport
KXNBACUP1STTEAM,Basketball,Pro Basketball (M),tournament_outright,not_attempted_supported_sport,outright/bracket: few independent outcomes per season; needs prospective capture + simulation,,,,,,,,,,,,,,,,phase1:not_attempted_supported_sport
KXNBACUPGROUP,Basketball,Pro Basketball (M),tournament_outright,not_attempted_supported_sport,outright/bracket: few independent outcomes per season; needs prospective capture + simulation,,,,,,,,,,,,,,,,phase1:not_attempted_supported_sport
KXNBACUPGROUPWIN,Basketball,Pro Basketball (M),tournament_outright,not_attempted_supported_sport,outright/bracket: few independent outcomes per season; needs prospective capture + simulation,,,,,,,,,,,,,,,,phase1:not_attempted_supported_sport
KXNBANEWCHAMP,Basketball,,tournament_outright,not_attempted_supported_sport,outright/bracket: few independent outcomes per season; needs prospective capture + simulation,,,,,,,,,,,,,,,,phase1:not_attempted_supported_sport
KXNBL,Basketball,Australia NBL,tournament_outright,not_attempted_supported_sport,outright/bracket: few independent outcomes per season; needs prospective capture + simulation,,,,,,,,,,,,,,,,phase1:not_attempted_supported_sport
KXNCAABBIG10,Basketball,,tournament_outright,not_attempted_supported_sport,outright/bracket: few independent outcomes per season; needs prospective capture + simulation,,,,,,,,,,,,,,,,phase1:not_attempted_supported_sport
KXNCAAMBHL,Basketball,,tournament_outright,not_attempted_supported_sport,outright/bracket: few independent outcomes per season; needs prospective capture + simulation,,,,,,,,,,,,,,,,phase1:not_attempted_supported_sport
KXNCAAMBSUN,Basketball,,tournament_outright,not_attempted_supported_sport,outright/bracket: few independent outcomes per season; needs prospective capture + simulation,,,,,,,,,,,,,,,,phase1:not_attempted_supported_sport
KXNCAAWB,Basketball,,tournament_outright,not_attempted_supported_sport,outright/bracket: few independent outcomes per season; needs prospective capture + simulation,,,,,,,,,,,,,,,,phase1:not_attempted_supported_sport
KXWNBAEAST,Basketball,,tournament_outright,not_attempted_supported_sport,outright/bracket: few independent outcomes per season; needs prospective capture + simulation,,,,,,,,,,,,,,,,phase1:not_attempted_supported_sport
KXWNBAEAST1,Basketball,,tournament_outright,not_attempted_supported_sport,outright/bracket: few independent outcomes per season; needs prospective capture + simulation,,,,,,,,,,,,,,,,phase1:not_attempted_supported_sport
KXWNBAWEST,Basketball,,tournament_outright,not_attempted_supported_sport,outright/bracket: few independent outcomes per season; needs prospective capture + simulation,,,,,,,,,,,,,,,,phase1:not_attempted_supported_sport
KXWNBAWEST1,Basketball,,tournament_outright,not_attempted_supported_sport,outright/bracket: few independent outcomes per season; needs prospective capture + simulation,,,,,,,,,,,,,,,,phase1:not_attempted_supported_sport
KXFLOYDTYSONFIGHT,Boxing,Boxing,game_winner,no_test_contracts,no scored contracts in the test window,kalshi_settlement_only,k_kxfloydtysonfight,game_winner,0,0,0,,,0,0,0,0,0,0,0,phase1:no_test_contracts
KXFURYJOSHUA,Boxing,Boxing,game_winner,no_test_contracts,no scored contracts in the test window,kalshi_settlement_only,k_kxfuryjoshua,game_winner,0,0,0,,,0,0,0,0,0,0,0,phase1:no_test_contracts
KXPAULBELLFIGHT,Boxing,,game_winner,not_attempted_supported_sport,no traded markets,,,,,,,,,,,,,,,,phase1:not_attempted_supported_sport
KXNBAGAMES,Boxing,,other_novelty,not_attempted_supported_sport,out of scope (novelty),,,,,,,,,,,,,,,,phase1:not_attempted_supported_sport
KXBOXINGMOV,Boxing,Boxing,score_props,not_attempted_supported_sport,no independent results adapter for this competition in Phase 1 (game_winner only via Kalshi-only path),,,,,,,,,,,,,,,,phase1:not_attempted_supported_sport
KXBOXINGVICROUND,Boxing,Boxing,score_props,not_attempted_supported_sport,no independent results adapter for this competition in Phase 1 (game_winner only via Kalshi-only path),,,,,,,,,,,,,,,,phase1:not_attempted_supported_sport
KXBOXINGDISTANCE,Boxing,Boxing,score_props,not_attempted_supported_sport,no independent results adapter for this competition in Phase 1 (game_winner only via Kalshi-only path),,,,,,,,,,,,,,,,phase1:not_attempted_supported_sport
KXBOXINGROUNDS,Boxing,Boxing,score_props,not_attempted_supported_sport,no independent results adapter for this competition in Phase 1 (game_winner only via Kalshi-only path),,,,,,,,,,,,,,,,phase1:not_attempted_supported_sport
KXBOXINGKNOCKOUT,Boxing,Boxing,score_props,not_attempted_supported_sport,no independent results adapter for this competition in Phase 1 (game_winner only via Kalshi-only path),,,,,,,,,,,,,,,,phase1:not_attempted_supported_sport
KXBOXING1MIN,Boxing,Boxing,score_props,not_attempted_supported_sport,no independent results adapter for this competition in Phase 1 (game_winner only via Kalshi-only path),,,,,,,,,,,,,,,,phase1:not_attempted_supported_sport
KXBOXING,Boxing,Boxing,tournament_outright,not_attempted_supported_sport,outright/bracket: few independent outcomes per season; needs prospective capture + simulation,,,,,,,,,,,,,,,,phase1:not_attempted_supported_sport
KXBOXINGFIGHT,Boxing,,tournament_outright,not_attempted_supported_sport,outright/bracket: few independent outcomes per season; needs prospective capture + simulation,,,,,,,,,,,,,,,,phase1:not_attempted_supported_sport
KXWBCHEAVYWEIGHTTITLE,Boxing,Boxing,tournament_outright,not_attempted_supported_sport,outright/bracket: few independent outcomes per season; needs prospective capture + simulation,,,,,,,,,,,,,,,,phase1:not_attempted_supported_sport
KXWBCWELTERWEIGHTTITLE,Boxing,Boxing,tournament_outright,not_attempted_supported_sport,outright/bracket: few independent outcomes per season; needs prospective capture + simulation,,,,,,,,,,,,,,,,phase1:not_attempted_supported_sport
KXWBCLIGHTWEIGHTTITLE,Boxing,Boxing,tournament_outright,not_attempted_supported_sport,outright/bracket: few independent outcomes per season; needs prospective capture + simulation,,,,,,,,,,,,,,,,phase1:not_attempted_supported_sport
KXWBCBANTAMWEIGHTTITLE,Boxing,Boxing,tournament_outright,not_attempted_supported_sport,outright/bracket: few independent outcomes per season; needs prospective capture + simulation,,,,,,,,,,,,,,,,phase1:not_attempted_supported_sport
KXWBCCRUISERWEIGHTTITLE,Boxing,Boxing,tournament_outright,not_attempted_supported_sport,outright/bracket: few independent outcomes per season; needs prospective capture + simulation,,,,,,,,,,,,,,,,phase1:not_attempted_supported_sport
KXWBCMIDDLEWEIGHTTITLE,Boxing,Boxing,tournament_outright,not_attempted_supported_sport,outright/bracket: few independent outcomes per season; needs prospective capture + simulation,,,,,,,,,,,,,,,,phase1:not_attempted_supported_sport
KXWBCFEATHERWEIGHTTITLE,Boxing,Boxing,tournament_outright,not_attempted_supported_sport,outright/bracket: few independent outcomes per season; needs prospective capture + simulation,,,,,,,,,,,,,,,,phase1:not_attempted_supported_sport
KXWBCFLYWEIGHTTITLE,Boxing,Boxing,tournament_outright,not_attempted_supported_sport,outright/bracket: few independent outcomes per season; needs prospective capture + simulation,,,,,,,,,,,,,,,,phase1:not_attempted_supported_sport
KXCHESSAWARD,Chess,Chess Awards,awards,not_attempted_supported_sport,awards: voting outcomes without as-of inputs,,,,,,,,,,,,,,,,phase1:not_attempted_supported_sport
KXTITLEDTUESTOP,Chess,Titled Tuesday,field_finish,not_attempted_supported_sport,no independent results adapter for this competition in Phase 1 (game_winner only via Kalshi-only path),,,,,,,,,,,,,,,,phase1:not_attempted_supported_sport
KX30THURSDAYTOP,Chess,,field_finish,not_attempted_supported_sport,no traded markets,,,,,,,,,,,,,,,,phase1:not_attempted_supported_sport
KXTITLEDTUESDAY,Chess,Titled Tuesday,game_winner,no_test_contracts,no scored contracts in the test window,kalshi_settlement_only,k_kxtitledtuesday,game_winner,0,0,0,,,0,0,0,0,0,0,0,phase1:no_test_contracts
KXCHESSMATCH,Chess,Chess Matches,game_winner,no_test_contracts,no scored contracts in the test window,kalshi_settlement_only,k_kxchessmatch,game_winner,0,0,0,,,0,0,0,0,0,0,0,phase1:no_test_contracts
KX30THURSDAY,Chess,,game_winner,not_attempted_supported_sport,no traded markets,,,,,,,,,,,,,,,,phase1:not_attempted_supported_sport
KXCHESSGAME,Chess,Chess,other_novelty,not_attempted_supported_sport,out of scope (novelty),,,,,,,,,,,,,,,,phase1:not_attempted_supported_sport
KXCHESSOLYMPIADUSA,Chess,Chess Tournaments,other_novelty,not_attempted_supported_sport,out of scope (novelty),,,,,,,,,,,,,,,,phase1:not_attempted_supported_sport
KXSINQUEFIELDCHESS,Chess,,other_novelty,not_attempted_supported_sport,out of scope (novelty),,,,,,,,,,,,,,,,phase1:not_attempted_supported_sport
KXCHESSFIDERATINGTOP,Chess,FIDE Ratings,rankings_polls,not_attempted_supported_sport,rankings/polls: poll processes (KenPom paid),,,,,,,,,,,,,,,,phase1:not_attempted_supported_sport
KXCHESSFIDERATING,Chess,FIDE Ratings,rankings_polls,not_attempted_supported_sport,rankings/polls: poll processes (KenPom paid),,,,,,,,,,,,,,,,phase1:not_attempted_supported_sport
KXCHESSCANDIDATES,Chess,,tournament_outright,not_attempted_supported_sport,outright/bracket: few independent outcomes per season; needs prospective capture + simulation,,,,,,,,,,,,,,,,phase1:not_attempted_supported_sport
KXCHESSWORLDCHAMPION,Chess,Chess Tournaments,tournament_outright,not_attempted_supported_sport,outright/bracket: few independent outcomes per season; needs prospective capture + simulation,,,,,,,,,,,,,,,,phase1:not_attempted_supported_sport
KXCHESSNORWAY,Chess,Chess Tournaments,tournament_outright,not_attempted_supported_sport,outright/bracket: few independent outcomes per season; needs prospective capture + simulation,,,,,,,,,,,,,,,,phase1:not_attempted_supported_sport
KXNORWAYCHESS,Chess,,tournament_outright,not_attempted_supported_sport,outright/bracket: few independent outcomes per season; needs prospective capture + simulation,,,,,,,,,,,,,,,,phase1:not_attempted_supported_sport
KXCHESSTOURNAMENT,Chess,Chess Tournaments,tournament_outright,not_attempted_supported_sport,outright/bracket: few independent outcomes per season; needs prospective capture + simulation,,,,,,,,,,,,,,,,phase1:not_attempted_supported_sport
KXCHESS,Chess,Chess,tournament_outright,not_attempted_supported_sport,outright/bracket: few independent outcomes per season; needs prospective capture + simulation,,,,,,,,,,,,,,,,phase1:not_attempted_supported_sport
KXCHESSOLYMPIAD,Chess,Chess Tournaments,tournament_outright,not_attempted_supported_sport,outright/bracket: few independent outcomes per season; needs prospective capture + simulation,,,,,,,,,,,,,,,,phase1:not_attempted_supported_sport
KXFIDECANDIDATES,Chess,,tournament_outright,not_attempted_supported_sport,outright/bracket: few independent outcomes per season; needs prospective capture + simulation,,,,,,,,,,,,,,,,phase1:not_attempted_supported_sport
KXCHESSGRANDTOUR,Chess,Chess Tournaments,tournament_outright,not_attempted_supported_sport,outright/bracket: few independent outcomes per season; needs prospective capture + simulation,,,,,,,,,,,,,,,,phase1:not_attempted_supported_sport
KXSPEEDCHESS,Chess,,tournament_outright,not_attempted_supported_sport,outright/bracket: few independent outcomes per season; needs prospective capture + simulation,,,,,,,,,,,,,,,,phase1:not_attempted_supported_sport
KXCHESSPOLAND,Chess,,tournament_outright,not_attempted_supported_sport,outright/bracket: few independent outcomes per season; needs prospective capture + simulation,,,,,,,,,,,,,,,,phase1:not_attempted_supported_sport
KXCHESSGRENKEOPEN,Chess,,tournament_outright,not_attempted_supported_sport,outright/bracket: few independent outcomes per season; needs prospective capture + simulation,,,,,,,,,,,,,,,,phase1:not_attempted_supported_sport
KXWEISSENHAUS,Chess,,tournament_outright,not_attempted_supported_sport,outright/bracket: few independent outcomes per season; needs prospective capture + simulation,,,,,,,,,,,,,,,,phase1:not_attempted_supported_sport
KXCHESSGRENKECLASSIC,Chess,,tournament_outright,not_attempted_supported_sport,outright/bracket: few independent outcomes per season; needs prospective capture + simulation,,,,,,,,,,,,,,,,phase1:not_attempted_supported_sport
KXCHESSSINQUEFIELD,Chess,,tournament_outright,not_attempted_supported_sport,outright/bracket: few independent outcomes per season; needs prospective capture + simulation,,,,,,,,,,,,,,,,phase1:not_attempted_supported_sport
KXCHESSTTEARLY,Chess,,tournament_outright,not_attempted_supported_sport,outright/bracket: few independent outcomes per season; needs prospective capture + simulation,,,,,,,,,,,,,,,,phase1:not_attempted_supported_sport
KXCHESSTTLATE,Chess,,tournament_outright,not_attempted_supported_sport,outright/bracket: few independent outcomes per season; needs prospective capture + simulation,,,,,,,,,,,,,,,,phase1:not_attempted_supported_sport
KXFCSOUTHAFRICA,Chess,,tournament_outright,not_attempted_supported_sport,outright/bracket: few independent outcomes per season; needs prospective capture + simulation,,,,,,,,,,,,,,,,phase1:not_attempted_supported_sport
KXFIDECHESSCHAMPION,Chess,,tournament_outright,not_attempted_supported_sport,outright/bracket: few independent outcomes per season; needs prospective capture + simulation,,,,,,,,,,,,,,,,phase1:not_attempted_supported_sport
KXSAGRANDSLAM,Chess,,tournament_outright,not_attempted_supported_sport,outright/bracket: few independent outcomes per season; needs prospective capture + simulation,,,,,,,,,,,,,,,,phase1:not_attempted_supported_sport
KXIPLORANGECAP,Cricket,IPL,awards,not_attempted_supported_sport,awards: voting outcomes without as-of inputs,,,,,,,,,,,,,,,,phase1:not_attempted_supported_sport
KXIPLPURPLECAP,Cricket,IPL,awards,not_attempted_supported_sport,awards: voting outcomes without as-of inputs,,,,,,,,,,,,,,,,phase1:not_attempted_supported_sport
KXIPLGAME,Cricket,IPL,game_winner,kalshi_settlement_only_evaluated,,kalshi_settlement_only,k_kxiplgame,game_winner,2,0,0,unavailable: training support below threshold,unavailable: matched training support below threshold,1,0,72,1,0,72,144,calibration_unavailable+blend_unavailable
KXT20MATCH,Cricket,T20 (M),game_winner,kalshi_settlement_only_evaluated,,kalshi_settlement_only,k_kxt20match,game_winner,0,0,0,unavailable: training support below threshold,unavailable: matched training support below threshold,0,0,150,0,0,146,2682,calibration_unavailable+blend_unavailable
KXODIMATCH,Cricket,One-Day Cup,game_winner,kalshi_settlement_only_evaluated,,kalshi_settlement_only,k_kxodimatch,game_winner,0,0,0,unavailable: training support below threshold,unavailable: matched training support below threshold,0,0,132,0,0,132,264,calibration_unavailable+blend_unavailable
KXCPLMATCH,Cricket,Caribbean Premier League,game_winner,kalshi_settlement_only_evaluated,,kalshi_settlement_only,k_kxcplmatch,game_winner,0,0,0,unavailable: training support below threshold,unavailable: matched training support below threshold,0,0,38,0,0,38,76,calibration_unavailable+blend_unavailable
KXWT20MATCH,Cricket,T20 International (W),game_winner,kalshi_settlement_only_evaluated,,kalshi_settlement_only,k_kxwt20match,game_winner,0,0,0,unavailable: training support below threshold,unavailable: matched training support below threshold,0,0,150,0,0,145,604,calibration_unavailable+blend_unavailable
KXHUNDREDMATCH,Cricket,The Hundred (M),game_winner,kalshi_settlement_only_evaluated,,kalshi_settlement_only,k_kxhundredmatch,game_winner,0,0,0,unavailable: training support below threshold,unavailable: matched training support below threshold,0,0,28,0,0,28,56,calibration_unavailable+blend_unavailable
KXWHUNDREDMATCH,Cricket,The Hundred (W),game_winner,kalshi_settlement_only_evaluated,,kalshi_settlement_only,k_kxwhundredmatch,game_winner,0,0,0,unavailable: training support below threshold,unavailable: matched training support below threshold,0,0,26,0,0,26,52,calibration_unavailable+blend_unavailable
KXTESTMATCH,Cricket,Test International (M),game_winner,kalshi_settlement_only_evaluated,,kalshi_settlement_only,k_kxtestmatch,game_winner,0,0,0,unavailable: training support below threshold,unavailable: matched training support below threshold,0,0,20,0,0,20,40,calibration_unavailable+blend_unavailable
KXIPL,Cricket,IPL,game_winner,no_test_contracts,no scored contracts in the test window,kalshi_settlement_only,k_kxipl,game_winner,0,0,0,,,0,0,0,0,0,0,0,phase1:no_test_contracts
KXPSLGAME,Cricket,PSL,game_winner,kalshi_settlement_only_evaluated,,kalshi_settlement_only,k_kxpslgame,game_winner,0,0,0,unavailable: training support below threshold,unavailable: matched training support below threshold,0,0,40,0,0,40,80,calibration_unavailable+blend_unavailable
KXLPLMATCH,Cricket,Lanka Premier League,game_winner,kalshi_settlement_only_evaluated,,kalshi_settlement_only,k_kxlplmatch,game_winner,0,0,0,unavailable: training support below threshold,unavailable: matched training support below threshold,0,0,13,0,0,13,26,calibration_unavailable+blend_unavailable
KXCRICKETODIMATCH,Cricket,ODI,game_winner,kalshi_settlement_only_evaluated,,kalshi_settlement_only,k_kxcricketodimatch,game_winner,0,0,4,unavailable: training support below threshold,unavailable: matched training support below threshold,0,2,20,0,2,19,42,calibration_unavailable+blend_unavailable
KXWODIMATCH,Cricket,ODI (W),game_winner,kalshi_settlement_only_evaluated,,kalshi_settlement_only,k_kxwodimatch,game_winner,0,0,0,unavailable: training support below threshold,unavailable: matched training support below threshold,0,0,20,0,0,20,40,calibration_unavailable+blend_unavailable
KXCRICKETT20IMATCH,Cricket,T20 International,game_winner,kalshi_settlement_only_evaluated,,kalshi_settlement_only,k_kxcrickett20imatch,game_winner,0,0,92,unavailable: training support below threshold,unavailable: matched training support below threshold,0,46,18,0,45,18,38,calibration_unavailable+blend_unavailable
KXCRICKETTESTMATCH,Cricket,Test International,game_winner,kalshi_settlement_only_evaluated,,kalshi_settlement_only,k_kxcrickettestmatch,game_winner,0,0,0,unavailable: training support below threshold,unavailable: matched training support below threshold,0,0,5,0,0,5,10,calibration_unavailable+blend_unavailable
KXWT20WORLDCUP,Cricket,Women's T20 World Cup,game_winner,no_test_contracts,no scored contracts in the test window,kalshi_settlement_only,k_kxwt20worldcup,game_winner,0,0,0,,,0,0,0,0,0,0,0,phase1:no_test_contracts
KXWTESTMATCH,Cricket,Test International (W),game_winner,kalshi_settlement_only_evaluated,,kalshi_settlement_only,k_kxwtestmatch,game_winner,0,0,0,unavailable: training support below threshold,unavailable: matched training support below threshold,0,0,1,0,0,1,2,calibration_unavailable+blend_unavailable
KXT20CANADAMATCH,Cricket,Global T20 Canada,game_winner,no_test_contracts,no scored contracts in the test window,kalshi_settlement_only,k_kxt20canadamatch,game_winner,0,0,0,,,0,0,0,0,0,0,0,phase1:no_test_contracts
KXWPLGAME,Cricket,Women's Premier League,game_winner,kalshi_settlement_only_evaluated,,kalshi_settlement_only,k_kxwplgame,game_winner,0,0,0,unavailable: training support below threshold,unavailable: matched training support below threshold,0,0,10,0,0,10,20,calibration_unavailable+blend_unavailable
KXSSHIELDMATCH,Cricket,Sheffield Shield,game_winner,no_test_contracts,no scored contracts in the test window,kalshi_settlement_only,k_kxsshieldmatch,game_winner,0,0,0,,,0,0,0,0,0,0,0,phase1:no_test_contracts
KXCRICKETWOMENODIMATCH,Cricket,,game_winner,not_attempted_supported_sport,no traded markets,,,,,,,,,,,,,,,,phase1:not_attempted_supported_sport
KXCRICKETWOMENT20IMATCH,Cricket,,game_winner,not_attempted_supported_sport,no traded markets,,,,,,,,,,,,,,,,phase1:not_attempted_supported_sport
KXCRICKETWOMENTESTMATCH,Cricket,,game_winner,not_attempted_supported_sport,no traded markets,,,,,,,,,,,,,,,,phase1:not_attempted_supported_sport
KXIPLFIRST10,Cricket,,player_prop,not_attempted_supported_sport,player/appearance-conditioned; pregame participation not reconstructable as-of (not modelled),,,,,,,,,,,,,,,,phase1:not_attempted_supported_sport
KXIPLFIRST15,Cricket,,player_prop,not_attempted_supported_sport,player/appearance-conditioned; pregame participation not reconstructable as-of (not modelled),,,,,,,,,,,,,,,,phase1:not_attempted_supported_sport
KXIPLFIRST6,Cricket,,player_prop,not_attempted_supported_sport,player/appearance-conditioned; pregame participation not reconstructable as-of (not modelled),,,,,,,,,,,,,,,,phase1:not_attempted_supported_sport
KXT20FIRST10,Cricket,,player_prop,not_attempted_supported_sport,player/appearance-conditioned; pregame participation not reconstructable as-of (not modelled),,,,,,,,,,,,,,,,phase1:not_attempted_supported_sport
KXT20FIRST15,Cricket,,player_prop,not_attempted_supported_sport,player/appearance-conditioned; pregame participation not reconstructable as-of (not modelled),,,,,,,,,,,,,,,,phase1:not_attempted_supported_sport
KXT20FIRST6,Cricket,,player_prop,not_attempted_supported_sport,player/appearance-conditioned; pregame participation not reconstructable as-of (not modelled),,,,,,,,,,,,,,,,phase1:not_attempted_supported_sport
KXIPLSIX,Cricket,IPL,score_props,not_attempted_supported_sport,no independent results adapter for this competition in Phase 1 (game_winner only via Kalshi-only path),,,,,,,,,,,,,,,,phase1:not_attempted_supported_sport
KXIPLFOUR,Cricket,IPL,score_props,not_attempted_supported_sport,no independent results adapter for this competition in Phase 1 (game_winner only via Kalshi-only path),,,,,,,,,,,,,,,,phase1:not_attempted_supported_sport
KXT20SIX,Cricket,Men's T20 World Cup,score_props,not_attempted_supported_sport,no independent results adapter for this competition in Phase 1 (game_winner only via Kalshi-only path),,,,,,,,,,,,,,,,phase1:not_attempted_supported_sport
KXT20FOUR,Cricket,Men's T20 World Cup,score_props,not_attempted_supported_sport,no independent results adapter for this competition in Phase 1 (game_winner only via Kalshi-only path),,,,,,,,,,,,,,,,phase1:not_attempted_supported_sport
KXT20SIXES,Cricket,,score_props,not_attempted_supported_sport,no traded markets,,,,,,,,,,,,,,,,phase1:not_attempted_supported_sport
KXIPLTEAMTOTAL,Cricket,IPL,team_total,not_attempted_supported_sport,no independent results adapter for this competition in Phase 1 (game_winner only via Kalshi-only path),,,,,,,,,,,,,,,,phase1:not_attempted_supported_sport
KXT20TEAMTOTAL,Cricket,Major League Cricket,team_total,not_attempted_supported_sport,no independent results adapter for this competition in Phase 1 (game_winner only via Kalshi-only path),,,,,,,,,,,,,,,,phase1:not_attempted_supported_sport
KXCPLTEAMTOTAL,Cricket,Caribbean Premier League,team_total,not_attempted_supported_sport,no independent results adapter for this competition in Phase 1 (game_winner only via Kalshi-only path),,,,,,,,,,,,,,,,phase1:not_attempted_supported_sport
KXWT20TEAMTOTAL,Cricket,Women's T20 World Cup,team_total,not_attempted_supported_sport,no independent results adapter for this competition in Phase 1 (game_winner only via Kalshi-only path),,,,,,,,,,,,,,,,phase1:not_attempted_supported_sport
KXTESTINNINGTOTAL,Cricket,,test_placeholder,not_attempted_supported_sport,out of scope (test),,,,,,,,,,,,,,,,phase1:not_attempted_supported_sport
KXIPLTOTAL,Cricket,,total,not_attempted_supported_sport,no traded markets,,,,,,,,,,,,,,,,phase1:not_attempted_supported_sport
KXT20TOTAL,Cricket,,total,not_attempted_supported_sport,no traded markets,,,,,,,,,,,,,,,,phase1:not_attempted_supported_sport
KXT20WORLDCUP,Cricket,Men's T20 World Cup,tournament_outright,not_attempted_supported_sport,outright/bracket: few independent outcomes per season; needs prospective capture + simulation,,,,,,,,,,,,,,,,phase1:not_attempted_supported_sport
KXCOUNTYCHAMPMATCH,Cricket,County Championship,tournament_outright,not_attempted_supported_sport,outright/bracket: few independent outcomes per season; needs prospective capture + simulation,,,,,,,,,,,,,,,,phase1:not_attempted_supported_sport
KXCPL,Cricket,Caribbean Premier League,tournament_outright,not_attempted_supported_sport,outright/bracket: few independent outcomes per season; needs prospective capture + simulation,,,,,,,,,,,,,,,,phase1:not_attempted_supported_sport
KXIPLPLAYOFF,Cricket,IPL,tournament_outright,not_attempted_supported_sport,outright/bracket: few independent outcomes per season; needs prospective capture + simulation,,,,,,,,,,,,,,,,phase1:not_attempted_supported_sport
KXASIACUPCRICKET,Cricket,,tournament_outright,not_attempted_supported_sport,outright/bracket: few independent outcomes per season; needs prospective capture + simulation,,,,,,,,,,,,,,,,phase1:not_attempted_supported_sport
KXIPLFINALS,Cricket,IPL,tournament_outright,not_attempted_supported_sport,outright/bracket: few independent outcomes per season; needs prospective capture + simulation,,,,,,,,,,,,,,,,phase1:not_attempted_supported_sport
KXIPLFINAL,Cricket,,tournament_outright,not_attempted_supported_sport,outright/bracket: few independent outcomes per season; needs prospective capture + simulation,,,,,,,,,,,,,,,,phase1:not_attempted_supported_sport
KXMLC,Cricket,Major League Cricket,tournament_outright,not_attempted_supported_sport,outright/bracket: few independent outcomes per season; needs prospective capture + simulation,,,,,,,,,,,,,,,,phase1:not_attempted_supported_sport
KXPSL,Cricket,PSL,tournament_outright,not_attempted_supported_sport,outright/bracket: few independent outcomes per season; needs prospective capture + simulation,,,,,,,,,,,,,,,,phase1:not_attempted_supported_sport
KXWPL,Cricket,Women's Premier League,tournament_outright,not_attempted_supported_sport,outright/bracket: few independent outcomes per season; needs prospective capture + simulation,,,,,,,,,,,,,,,,phase1:not_attempted_supported_sport
KXHUNDRED,Cricket,The Hundred (M),tournament_outright,not_attempted_supported_sport,outright/bracket: few independent outcomes per season; needs prospective capture + simulation,,,,,,,,,,,,,,,,phase1:not_attempted_supported_sport
KXLPL,Cricket,Lanka Premier League,tournament_outright,not_attempted_supported_sport,outright/bracket: few independent outcomes per season; needs prospective capture + simulation,,,,,,,,,,,,,,,,phase1:not_attempted_supported_sport
KXT20CANADA,Cricket,,tournament_outright,not_attempted_supported_sport,outright/bracket: few independent outcomes per season; needs prospective capture + simulation,,,,,,,,,,,,,,,,phase1:not_attempted_supported_sport
KXCYCLINGJERSEY,Cycling,Vuelta a Espana,awards,not_attempted_unsupported_sport,awards: voting outcomes without as-of inputs,,,,,,,,,,,,,,,,phase1:not_attempted_unsupported_sport
KXCYCLINGSTAGE,Cycling,Tour de France,field_finish,not_attempted_unsupported_sport,no independent results adapter for this competition in Phase 1 (game_winner only via Kalshi-only path),,,,,,,,,,,,,,,,phase1:not_attempted_unsupported_sport
KXCYCLING,Cycling,Cycling,tournament_outright,not_attempted_unsupported_sport,outright/bracket: few independent outcomes per season; needs prospective capture + simulation,,,,,,,,,,,,,,,,phase1:not_attempted_unsupported_sport
KXCYCLINGTEAM,Cycling,Tour de France,tournament_outright,not_attempted_unsupported_sport,outright/bracket: few independent outcomes per season; needs prospective capture + simulation,,,,,,,,,,,,,,,,phase1:not_attempted_unsupported_sport
KXDARTSMATCH,Darts,Modus Super Series,game_winner,kalshi_settlement_only_evaluated,,kalshi_settlement_only,k_kxdartsmatch,game_winner,0,0,178,unavailable: training support below threshold,unavailable: matched training support below threshold,0,88,150,0,84,133,958,calibration_unavailable+blend_unavailable
KXPDCDARTS,Darts,PDC,tournament_outright,not_attempted_supported_sport,outright/bracket: few independent outcomes per season; needs prospective capture + simulation,,,,,,,,,,,,,,,,phase1:not_attempted_supported_sport
KXPREMDARTS,Darts,Premier League Darts,tournament_outright,not_attempted_supported_sport,outright/bracket: few independent outcomes per season; needs prospective capture + simulation,,,,,,,,,,,,,,,,phase1:not_attempted_supported_sport
KXZYWOOMVPBP,Esports,,awards,not_attempted_supported_sport,awards: voting outcomes without as-of inputs,,,,,,,,,,,,,,,,phase1:not_attempted_supported_sport
KXWORLDSMVP,Esports,,awards,not_attempted_supported_sport,awards: voting outcomes without as-of inputs,,,,,,,,,,,,,,,,phase1:not_attempted_supported_sport
KXCHOVYMVPWF,Esports,,awards,not_attempted_supported_sport,awards: voting outcomes without as-of inputs,,,,,,,,,,,,,,,,phase1:not_attempted_supported_sport
KXLOLAWARD,Esports,League of Legends,awards,not_attempted_supported_sport,awards: voting outcomes without as-of inputs,,,,,,,,,,,,,,,,phase1:not_attempted_supported_sport
KXVALORANTAWARD,Esports,Valorant,awards,not_attempted_supported_sport,awards: voting outcomes without as-of inputs,,,,,,,,,,,,,,,,phase1:not_attempted_supported_sport
KXCHOVYMVP,Esports,,awards,not_attempted_supported_sport,awards: voting outcomes without as-of inputs,,,,,,,,,,,,,,,,phase1:not_attempted_supported_sport
KXCHOVYMVPBP,Esports,,awards,not_attempted_supported_sport,awards: voting outcomes without as-of inputs,,,,,,,,,,,,,,,,phase1:not_attempted_supported_sport
KXRANKLISTCS2TEAM,Esports,,awards,not_attempted_supported_sport,awards: voting outcomes without as-of inputs,,,,,,,,,,,,,,,,phase1:not_attempted_supported_sport
KXZYWOOMVP,Esports,,awards,not_attempted_supported_sport,awards: voting outcomes without as-of inputs,,,,,,,,,,,,,,,,phase1:not_attempted_supported_sport
KXCS2GAME,Esports,CS2,game_winner,kalshi_settlement_only_evaluated,,kalshi_settlement_only,k_kxcs2game,game_winner,0,0,0,unavailable: training support below threshold,unavailable: matched training support below threshold,0,0,150,0,0,143,6836,calibration_unavailable+blend_unavailable
KXLOLGAME,Esports,League of Legends,game_winner,kalshi_settlement_only_evaluated,,kalshi_settlement_only,k_kxlolgame,game_winner,0,0,4,unavailable: training support below threshold,unavailable: matched training support below threshold,0,2,150,0,2,149,3550,calibration_unavailable+blend_unavailable
KXVALORANTGAME,Esports,Valorant,game_winner,kalshi_settlement_only_evaluated,,kalshi_settlement_only,k_kxvalorantgame,game_winner,0,0,0,unavailable: training support below threshold,unavailable: matched training support below threshold,0,0,150,0,0,148,2424,calibration_unavailable+blend_unavailable
KXDOTA2GAME,Esports,Dota 2,game_winner,kalshi_settlement_only_evaluated,,kalshi_settlement_only,k_kxdota2game,game_winner,0,0,270,unavailable: training support below threshold,unavailable: matched training support below threshold,0,100,150,0,98,149,1532,calibration_unavailable+blend_unavailable
KXCODGAME,Esports,Call of Duty,game_winner,kalshi_settlement_only_evaluated,,kalshi_settlement_only,k_kxcodgame,game_winner,0,0,30,unavailable: training support below threshold,unavailable: matched training support below threshold,0,15,150,0,15,145,518,calibration_unavailable+blend_unavailable
KXCSGOGAME,Esports,Counter-Strike 2,game_winner,no_test_contracts,no scored contracts in the test window,kalshi_settlement_only,k_kxcsgogame,game_winner,0,0,206,,,0,97,0,0,97,0,0,phase1:no_test_contracts
KXR6GAME,Esports,R6,game_winner,kalshi_settlement_only_evaluated,,kalshi_settlement_only,k_kxr6game,game_winner,0,0,0,unavailable: training support below threshold,unavailable: matched training support below threshold,0,0,150,0,0,149,804,calibration_unavailable+blend_unavailable
KXLOLGAMES,Esports,LoL,game_winner,no_test_contracts,no scored contracts in the test window,kalshi_settlement_only,k_kxlolgames,game_winner,0,0,0,,,0,0,0,0,0,0,0,phase1:no_test_contracts
KXOWGAME,Esports,Overwatch,game_winner,kalshi_settlement_only_evaluated,,kalshi_settlement_only,k_kxowgame,game_winner,0,0,0,unavailable: training support below threshold,unavailable: matched training support below threshold,0,0,150,0,0,145,572,calibration_unavailable+blend_unavailable
KXRLGAME,Esports,Rocket League,game_winner,kalshi_settlement_only_evaluated,,kalshi_settlement_only,k_kxrlgame,game_winner,0,0,0,unavailable: training support below threshold,unavailable: matched training support below threshold,0,0,39,0,0,36,86,calibration_unavailable+blend_unavailable
KXESOCCERGAME,Esports,eSoccer,game_winner,no_test_contracts,no scored contracts in the test window,kalshi_settlement_only,k_kxesoccergame,game_winner,0,0,0,,,0,0,0,0,0,0,0,phase1:no_test_contracts
KXFORTNITE,Esports,Fortnite,game_winner,no_test_contracts,no scored contracts in the test window,kalshi_settlement_only,k_kxfortnite,game_winner,0,0,0,,,0,0,0,0,0,0,0,phase1:no_test_contracts
KXEBASKETBALLGAME,Esports,eBasketball,game_winner,no_test_contracts,no scored contracts in the test window,kalshi_settlement_only,k_kxebasketballgame,game_winner,0,0,0,,,0,0,0,0,0,0,0,phase1:no_test_contracts
KXDOTA2GAME3WAY,Esports,,game_winner,not_attempted_supported_sport,no traded markets,,,,,,,,,,,,,,,,phase1:not_attempted_supported_sport
KXEBBALLGAME,Esports,,game_winner,not_attempted_supported_sport,no traded markets,,,,,,,,,,,,,,,,phase1:not_attempted_supported_sport
KXEFOOTBALLGAME,Esports,,game_winner,not_attempted_supported_sport,no traded markets,,,,,,,,,,,,,,,,phase1:not_attempted_supported_sport
KXMLBBGAME,Esports,,game_winner,not_attempted_supported_sport,no traded markets,,,,,,,,,,,,,,,,phase1:not_attempted_supported_sport
KXRLMAP,Esports,,game_winner,not_attempted_supported_sport,no traded markets,,,,,,,,,,,,,,,,phase1:not_attempted_supported_sport
KXROCKETLEAGUEGAME,Esports,,game_winner,not_attempted_supported_sport,no traded markets,,,,,,,,,,,,,,,,phase1:not_attempted_supported_sport
KXVALORANTGAMETEAMVSMIBR,Esports,Esports,game_winner,not_attempted_supported_sport,no traded markets,,,,,,,,,,,,,,,,phase1:not_attempted_supported_sport
KXRANKLISTCS2PLAYER,Esports,CS2,other_novelty,not_attempted_supported_sport,out of scope (novelty),,,,,,,,,,,,,,,,phase1:not_attempted_supported_sport
KXCHARCOUNTLOLWORLDS,Esports,,other_novelty,not_attempted_supported_sport,out of scope (novelty),,,,,,,,,,,,,,,,phase1:not_attempted_supported_sport
KXROSTERT1,Esports,,other_novelty,not_attempted_supported_sport,out of scope (novelty),,,,,,,,,,,,,,,,phase1:not_attempted_supported_sport
KXVALPLPHIL,Esports,Valorant,other_novelty,not_attempted_supported_sport,out of scope (novelty),,,,,,,,,,,,,,,,phase1:not_attempted_supported_sport
KXVALPLIND,Esports,Valorant,other_novelty,not_attempted_supported_sport,out of scope (novelty),,,,,,,,,,,,,,,,phase1:not_attempted_supported_sport
KXSPORTSIGNINSPIRED,Esports,,other_novelty,not_attempted_supported_sport,out of scope (novelty),,,,,,,,,,,,,,,,phase1:not_attempted_supported_sport
KXDOTA2MBH,Esports,Dota 2,other_novelty,not_attempted_supported_sport,out of scope (novelty),,,,,,,,,,,,,,,,phase1:not_attempted_supported_sport
KXDOTA2MPH,Esports,Dota 2,other_novelty,not_attempted_supported_sport,out of scope (novelty),,,,,,,,,,,,,,,,phase1:not_attempted_supported_sport
KXCS2GAMES,Esports,,other_novelty,not_attempted_supported_sport,out of scope (novelty),,,,,,,,,,,,,,,,phase1:not_attempted_supported_sport
KXCSGOADVANCE,Esports,,other_novelty,not_attempted_supported_sport,out of scope (novelty),,,,,,,,,,,,,,,,phase1:not_attempted_supported_sport
KXNIKOAWPMAJOR,Esports,,other_novelty,not_attempted_supported_sport,out of scope (novelty),,,,,,,,,,,,,,,,phase1:not_attempted_supported_sport
KXVALPL,Esports,,other_novelty,not_attempted_supported_sport,out of scope (novelty),,,,,,,,,,,,,,,,phase1:not_attempted_supported_sport
KXLOLMAP,Esports,League of Legends,segment,not_attempted_supported_sport,no independent results adapter for this competition in Phase 1 (game_winner only via Kalshi-only path),,,,,,,,,,,,,,,,phase1:not_attempted_supported_sport
KXCS2MAP,Esports,CS2,segment,not_attempted_supported_sport,no independent results adapter for this competition in Phase 1 (game_winner only via Kalshi-only path),,,,,,,,,,,,,,,,phase1:not_attempted_supported_sport
KXVALORANTMAP,Esports,Valorant,segment,not_attempted_supported_sport,no independent results adapter for this competition in Phase 1 (game_winner only via Kalshi-only path),,,,,,,,,,,,,,,,phase1:not_attempted_supported_sport
KXDOTA2MAP,Esports,Dota 2,segment,not_attempted_supported_sport,no independent results adapter for this competition in Phase 1 (game_winner only via Kalshi-only path),,,,,,,,,,,,,,,,phase1:not_attempted_supported_sport
KXCODMAP,Esports,Call of Duty,segment,not_attempted_supported_sport,no independent results adapter for this competition in Phase 1 (game_winner only via Kalshi-only path),,,,,,,,,,,,,,,,phase1:not_attempted_supported_sport
KXR6MAP,Esports,R6,segment,not_attempted_supported_sport,no independent results adapter for this competition in Phase 1 (game_winner only via Kalshi-only path),,,,,,,,,,,,,,,,phase1:not_attempted_supported_sport
KXCSGOMAP,Esports,Counter-Strike 2,segment,not_attempted_supported_sport,no independent results adapter for this competition in Phase 1 (game_winner only via Kalshi-only path),,,,,,,,,,,,,,,,phase1:not_attempted_supported_sport
KXCS2MAPWINNER,Esports,,segment,not_attempted_supported_sport,no traded markets,,,,,,,,,,,,,,,,phase1:not_attempted_supported_sport
KXCODSPREAD,Esports,,spread,not_attempted_supported_sport,no traded markets,,,,,,,,,,,,,,,,phase1:not_attempted_supported_sport
KXCS2SPREAD,Esports,,spread,not_attempted_supported_sport,no traded markets,,,,,,,,,,,,,,,,phase1:not_attempted_supported_sport
KXDOTA2SPREAD,Esports,,spread,not_attempted_supported_sport,no traded markets,,,,,,,,,,,,,,,,phase1:not_attempted_supported_sport
KXLOLSPREAD,Esports,,spread,not_attempted_supported_sport,no traded markets,,,,,,,,,,,,,,,,phase1:not_attempted_supported_sport
KXOWSPREAD,Esports,,spread,not_attempted_supported_sport,no traded markets,,,,,,,,,,,,,,,,phase1:not_attempted_supported_sport
KXR6SPREAD,Esports,,spread,not_attempted_supported_sport,no traded markets,,,,,,,,,,,,,,,,phase1:not_attempted_supported_sport
KXRLSPREAD,Esports,,spread,not_attempted_supported_sport,no traded markets,,,,,,,,,,,,,,,,phase1:not_attempted_supported_sport
KXVALORANTSPREAD,Esports,,spread,not_attempted_supported_sport,no traded markets,,,,,,,,,,,,,,,,phase1:not_attempted_supported_sport
KXESPORTSTEST,Esports,,test_placeholder,not_attempted_supported_sport,out of scope (test),,,,,,,,,,,,,,,,phase1:not_attempted_supported_sport
KXLOLTOTALMAPS,Esports,League of Legends,total,not_attempted_supported_sport,no independent results adapter for this competition in Phase 1 (game_winner only via Kalshi-only path),,,,,,,,,,,,,,,,phase1:not_attempted_supported_sport
KXCS2TOTALMAPS,Esports,CS2,total,not_attempted_supported_sport,no independent results adapter for this competition in Phase 1 (game_winner only via Kalshi-only path),,,,,,,,,,,,,,,,phase1:not_attempted_supported_sport
KXCODTOTALMAPS,Esports,Call of Duty,total,not_attempted_supported_sport,no independent results adapter for this competition in Phase 1 (game_winner only via Kalshi-only path),,,,,,,,,,,,,,,,phase1:not_attempted_supported_sport
KXVALORANTTOTALMAPS,Esports,Valorant,total,not_attempted_supported_sport,no independent results adapter for this competition in Phase 1 (game_winner only via Kalshi-only path),,,,,,,,,,,,,,,,phase1:not_attempted_supported_sport
KXDOTA2TOTALMAPS,Esports,Dota 2,total,not_attempted_supported_sport,no independent results adapter for this competition in Phase 1 (game_winner only via Kalshi-only path),,,,,,,,,,,,,,,,phase1:not_attempted_supported_sport
KXLOLTOTAL,Esports,,total,not_attempted_supported_sport,no traded markets,,,,,,,,,,,,,,,,phase1:not_attempted_supported_sport
KXOWTOTALMAPS,Esports,,total,not_attempted_supported_sport,no traded markets,,,,,,,,,,,,,,,,phase1:not_attempted_supported_sport
KXR6TOTALMAPS,Esports,,total,not_attempted_supported_sport,no traded markets,,,,,,,,,,,,,,,,phase1:not_attempted_supported_sport
KXRLTOTALMAPS,Esports,,total,not_attempted_supported_sport,no traded markets,,,,,,,,,,,,,,,,phase1:not_attempted_supported_sport
KXCS2,Esports,CS2,tournament_outright,not_attempted_supported_sport,outright/bracket: few independent outcomes per season; needs prospective capture + simulation,,,,,,,,,,,,,,,,phase1:not_attempted_supported_sport
KXLEAGUEWORLDS,Esports,,tournament_outright,not_attempted_supported_sport,outright/bracket: few independent outcomes per season; needs prospective capture + simulation,,,,,,,,,,,,,,,,phase1:not_attempted_supported_sport
KXCOD,Esports,Call of Duty,tournament_outright,not_attempted_supported_sport,outright/bracket: few independent outcomes per season; needs prospective capture + simulation,,,,,,,,,,,,,,,,phase1:not_attempted_supported_sport
KXSTARLADDERBUDAPESTMAJOR,Esports,Counter-Strike 2,tournament_outright,not_attempted_supported_sport,outright/bracket: few independent outcomes per season; needs prospective capture + simulation,,,,,,,,,,,,,,,,phase1:not_attempted_supported_sport
KXLOL,Esports,League of Legends,tournament_outright,not_attempted_supported_sport,outright/bracket: few independent outcomes per season; needs prospective capture + simulation,,,,,,,,,,,,,,,,phase1:not_attempted_supported_sport
KXDOTA2,Esports,Dota 2,tournament_outright,not_attempted_supported_sport,outright/bracket: few independent outcomes per season; needs prospective capture + simulation,,,,,,,,,,,,,,,,phase1:not_attempted_supported_sport
KXVALORANT,Esports,Valorant,tournament_outright,not_attempted_supported_sport,outright/bracket: few independent outcomes per season; needs prospective capture + simulation,,,,,,,,,,,,,,,,phase1:not_attempted_supported_sport
KXBLASTRIVALS2,Esports,Counter-Strike 2,tournament_outright,not_attempted_supported_sport,outright/bracket: few independent outcomes per season; needs prospective capture + simulation,,,,,,,,,,,,,,,,phase1:not_attempted_supported_sport
KXCS2QUALIFIERS,Esports,CS2,tournament_outright,not_attempted_supported_sport,outright/bracket: few independent outcomes per season; needs prospective capture + simulation,,,,,,,,,,,,,,,,phase1:not_attempted_supported_sport
KXPGLBUCH,Esports,Counter-Strike 2,tournament_outright,not_attempted_supported_sport,outright/bracket: few independent outcomes per season; needs prospective capture + simulation,,,,,,,,,,,,,,,,phase1:not_attempted_supported_sport
KXMIDSEASONINVITATIONALB,Esports,,tournament_outright,not_attempted_supported_sport,outright/bracket: few independent outcomes per season; needs prospective capture + simulation,,,,,,,,,,,,,,,,phase1:not_attempted_supported_sport
KXEWCCHESS2025,Esports,,tournament_outright,not_attempted_supported_sport,outright/bracket: few independent outcomes per season; needs prospective capture + simulation,,,,,,,,,,,,,,,,phase1:not_attempted_supported_sport
KXTORONTOULTRACHAMPIONSHIP,Esports,,tournament_outright,not_attempted_supported_sport,outright/bracket: few independent outcomes per season; needs prospective capture + simulation,,,,,,,,,,,,,,,,phase1:not_attempted_supported_sport
KXAUSTINMAJOR,Esports,,tournament_outright,not_attempted_supported_sport,outright/bracket: few independent outcomes per season; needs prospective capture + simulation,,,,,,,,,,,,,,,,phase1:not_attempted_supported_sport
KXROCKETLEAGUE,Esports,Rocket League,tournament_outright,not_attempted_supported_sport,outright/bracket: few independent outcomes per season; needs prospective capture + simulation,,,,,,,,,,,,,,,,phase1:not_attempted_supported_sport
KXIEMCHEN,Esports,Counter-Strike 2,tournament_outright,not_attempted_supported_sport,outright/bracket: few independent outcomes per season; needs prospective capture + simulation,,,,,,,,,,,,,,,,phase1:not_attempted_supported_sport
KXEWCLEAGUEOFLEGENDS,Esports,,tournament_outright,not_attempted_supported_sport,outright/bracket: few independent outcomes per season; needs prospective capture + simulation,,,,,,,,,,,,,,,,phase1:not_attempted_supported_sport
KXCS2QUALIFY,Esports,Counter-Strike 2,tournament_outright,not_attempted_supported_sport,outright/bracket: few independent outcomes per season; needs prospective capture + simulation,,,,,,,,,,,,,,,,phase1:not_attempted_supported_sport
KXEWCCALLOFDUTYBLOPS6,Esports,,tournament_outright,not_attempted_supported_sport,outright/bracket: few independent outcomes per season; needs prospective capture + simulation,,,,,,,,,,,,,,,,phase1:not_attempted_supported_sport
KXVCCHAMPIONSPARIS,Esports,,tournament_outright,not_attempted_supported_sport,outright/bracket: few independent outcomes per season; needs prospective capture + simulation,,,,,,,,,,,,,,,,phase1:not_attempted_supported_sport
KXVALGCSEOUL,Esports,Valorant,tournament_outright,not_attempted_supported_sport,outright/bracket: few independent outcomes per season; needs prospective capture + simulation,,,,,,,,,,,,,,,,phase1:not_attempted_supported_sport
KXR6,Esports,R6,tournament_outright,not_attempted_supported_sport,outright/bracket: few independent outcomes per season; needs prospective capture + simulation,,,,,,,,,,,,,,,,phase1:not_attempted_supported_sport
KXGEOGUESSR,Esports,GeoGuessr World Championship,tournament_outright,not_attempted_supported_sport,outright/bracket: few independent outcomes per season; needs prospective capture + simulation,,,,,,,,,,,,,,,,phase1:not_attempted_supported_sport
KXBRAWLSTARS,Esports,Brawl Stars,tournament_outright,not_attempted_supported_sport,outright/bracket: few independent outcomes per season; needs prospective capture + simulation,,,,,,,,,,,,,,,,phase1:not_attempted_supported_sport
KXOVERWATCH,Esports,Overwatch,tournament_outright,not_attempted_supported_sport,outright/bracket: few independent outcomes per season; needs prospective capture + simulation,,,,,,,,,,,,,,,,phase1:not_attempted_supported_sport
KXODINVCTFINALS,Esports,,tournament_outright,not_attempted_supported_sport,outright/bracket: few independent outcomes per season; needs prospective capture + simulation,,,,,,,,,,,,,,,,phase1:not_attempted_supported_sport
KXCS2IEMCOLOGNE,Esports,,tournament_outright,not_attempted_supported_sport,outright/bracket: few independent outcomes per season; needs prospective capture + simulation,,,,,,,,,,,,,,,,phase1:not_attempted_supported_sport
KXEWCSTARCRAFTII,Esports,,tournament_outright,not_attempted_supported_sport,outright/bracket: few independent outcomes per season; needs prospective capture + simulation,,,,,,,,,,,,,,,,phase1:not_attempted_supported_sport
KXEWCVALORANT,Esports,,tournament_outright,not_attempted_supported_sport,outright/bracket: few independent outcomes per season; needs prospective capture + simulation,,,,,,,,,,,,,,,,phase1:not_attempted_supported_sport
KXLOL1STTIMEWIN,Esports,Esports,tournament_outright,not_attempted_supported_sport,outright/bracket: few independent outcomes per season; needs prospective capture + simulation,,,,,,,,,,,,,,,,phase1:not_attempted_supported_sport
KXEWCDOTA2,Esports,,tournament_outright,not_attempted_supported_sport,outright/bracket: few independent outcomes per season; needs prospective capture + simulation,,,,,,,,,,,,,,,,phase1:not_attempted_supported_sport
KXLOLQUALIFIERS,Esports,League of Legends,tournament_outright,not_attempted_supported_sport,outright/bracket: few independent outcomes per season; needs prospective capture + simulation,,,,,,,,,,,,,,,,phase1:not_attempted_supported_sport
KXEWCCS2,Esports,,tournament_outright,not_attempted_supported_sport,outright/bracket: few independent outcomes per season; needs prospective capture + simulation,,,,,,,,,,,,,,,,phase1:not_attempted_supported_sport
KXVALORANTGROUPWIN,Esports,Valorant,tournament_outright,not_attempted_supported_sport,outright/bracket: few independent outcomes per season; needs prospective capture + simulation,,,,,,,,,,,,,,,,phase1:not_attempted_supported_sport
KXWCCODWARZONE,Esports,,tournament_outright,not_attempted_supported_sport,outright/bracket: few independent outcomes per season; needs prospective capture + simulation,,,,,,,,,,,,,,,,phase1:not_attempted_supported_sport
KXPUBG,Esports,PUBG,tournament_outright,not_attempted_supported_sport,outright/bracket: few independent outcomes per season; needs prospective capture + simulation,,,,,,,,,,,,,,,,phase1:not_attempted_supported_sport
KXESLPROS1,Esports,Esports,tournament_outright,not_attempted_supported_sport,outright/bracket: few independent outcomes per season; needs prospective capture + simulation,,,,,,,,,,,,,,,,phase1:not_attempted_supported_sport
KXVALORANTMASTERSFINALS,Esports,,tournament_outright,not_attempted_supported_sport,outright/bracket: few independent outcomes per season; needs prospective capture + simulation,,,,,,,,,,,,,,,,phase1:not_attempted_supported_sport
KXEWCAPEXLEGENDS,Esports,,tournament_outright,not_attempted_supported_sport,outright/bracket: few independent outcomes per season; needs prospective capture + simulation,,,,,,,,,,,,,,,,phase1:not_attempted_supported_sport
KXLCKAHRIPICK,Esports,,tournament_outright,not_attempted_supported_sport,outright/bracket: few independent outcomes per season; needs prospective capture + simulation,,,,,,,,,,,,,,,,phase1:not_attempted_supported_sport
KXEWCRB6,Esports,,tournament_outright,not_attempted_supported_sport,outright/bracket: few independent outcomes per season; needs prospective capture + simulation,,,,,,,,,,,,,,,,phase1:not_attempted_supported_sport
KXVALORANTREGION,Esports,Valorant,tournament_outright,not_attempted_supported_sport,outright/bracket: few independent outcomes per season; needs prospective capture + simulation,,,,,,,,,,,,,,,,phase1:not_attempted_supported_sport
KXEWCTEAMFIGHTTACTICS,Esports,,tournament_outright,not_attempted_supported_sport,outright/bracket: few independent outcomes per season; needs prospective capture + simulation,,,,,,,,,,,,,,,,phase1:not_attempted_supported_sport
KXBOUNTY2025S2,Esports,,tournament_outright,not_attempted_supported_sport,outright/bracket: few independent outcomes per season; needs prospective capture + simulation,,,,,,,,,,,,,,,,phase1:not_attempted_supported_sport
KXVALORANTQUALIFIERS,Esports,Valorant,tournament_outright,not_attempted_supported_sport,outright/bracket: few independent outcomes per season; needs prospective capture + simulation,,,,,,,,,,,,,,,,phase1:not_attempted_supported_sport
KXEWCFREEFIRE,Esports,,tournament_outright,not_attempted_supported_sport,outright/bracket: few independent outcomes per season; needs prospective capture + simulation,,,,,,,,,,,,,,,,phase1:not_attempted_supported_sport
KXEWCMOBILELEGENDSBBWOMENS,Esports,,tournament_outright,not_attempted_supported_sport,outright/bracket: few independent outcomes per season; needs prospective capture + simulation,,,,,,,,,,,,,,,,phase1:not_attempted_supported_sport
KXCROSSFIRE,Esports,Crossfire,tournament_outright,not_attempted_supported_sport,outright/bracket: few independent outcomes per season; needs prospective capture + simulation,,,,,,,,,,,,,,,,phase1:not_attempted_supported_sport
KXEWCEASPORTSFC,Esports,,tournament_outright,not_attempted_supported_sport,outright/bracket: few independent outcomes per season; needs prospective capture + simulation,,,,,,,,,,,,,,,,phase1:not_attempted_supported_sport
KXEWCRENNSPORT,Esports,,tournament_outright,not_attempted_supported_sport,outright/bracket: few independent outcomes per season; needs prospective capture + simulation,,,,,,,,,,,,,,,,phase1:not_attempted_supported_sport
KXLOLREGION,Esports,League of Legends,tournament_outright,not_attempted_supported_sport,outright/bracket: few independent outcomes per season; needs prospective capture + simulation,,,,,,,,,,,,,,,,phase1:not_attempted_supported_sport
KXEWCFATALFURY,Esports,,tournament_outright,not_attempted_supported_sport,outright/bracket: few independent outcomes per season; needs prospective capture + simulation,,,,,,,,,,,,,,,,phase1:not_attempted_supported_sport
KXCS2QUALIFIER,Esports,,tournament_outright,not_attempted_supported_sport,outright/bracket: few independent outcomes per season; needs prospective capture + simulation,,,,,,,,,,,,,,,,phase1:not_attempted_supported_sport
KXCSGO,Esports,,tournament_outright,not_attempted_supported_sport,outright/bracket: few independent outcomes per season; needs prospective capture + simulation,,,,,,,,,,,,,,,,phase1:not_attempted_supported_sport
KXEWCCHESS,Esports,,tournament_outright,not_attempted_supported_sport,outright/bracket: few independent outcomes per season; needs prospective capture + simulation,,,,,,,,,,,,,,,,phase1:not_attempted_supported_sport
KXEWCHONOROFKINGS,Esports,,tournament_outright,not_attempted_supported_sport,outright/bracket: few independent outcomes per season; needs prospective capture + simulation,,,,,,,,,,,,,,,,phase1:not_attempted_supported_sport
KXEWCMLBB,Esports,,tournament_outright,not_attempted_supported_sport,outright/bracket: few independent outcomes per season; needs prospective capture + simulation,,,,,,,,,,,,,,,,phase1:not_attempted_supported_sport
KXEWCPUBGBATTLEG,Esports,,tournament_outright,not_attempted_supported_sport,outright/bracket: few independent outcomes per season; needs prospective capture + simulation,,,,,,,,,,,,,,,,phase1:not_attempted_supported_sport
KXEWCRAINBOW6SEIGE,Esports,,tournament_outright,not_attempted_supported_sport,outright/bracket: few independent outcomes per season; needs prospective capture + simulation,,,,,,,,,,,,,,,,phase1:not_attempted_supported_sport
KXEWCRSS,Esports,,tournament_outright,not_attempted_supported_sport,outright/bracket: few independent outcomes per season; needs prospective capture + simulation,,,,,,,,,,,,,,,,phase1:not_attempted_supported_sport
KXFIRSTTIMEWINNER,Esports,,tournament_outright,not_attempted_supported_sport,outright/bracket: few independent outcomes per season; needs prospective capture + simulation,,,,,,,,,,,,,,,,phase1:not_attempted_supported_sport
KXLEAGUE,Esports,,tournament_outright,not_attempted_supported_sport,outright/bracket: few independent outcomes per season; needs prospective capture + simulation,,,,,,,,,,,,,,,,phase1:not_attempted_supported_sport
KXMIDSEASONINVITATIONAL,Esports,,tournament_outright,not_attempted_supported_sport,outright/bracket: few independent outcomes per season; needs prospective capture + simulation,,,,,,,,,,,,,,,,phase1:not_attempted_supported_sport
KXOW,Esports,,tournament_outright,not_attempted_supported_sport,outright/bracket: few independent outcomes per season; needs prospective capture + simulation,,,,,,,,,,,,,,,,phase1:not_attempted_supported_sport
KXPGLMASTERSBUCHAREST,Esports,,tournament_outright,not_attempted_supported_sport,outright/bracket: few independent outcomes per season; needs prospective capture + simulation,,,,,,,,,,,,,,,,phase1:not_attempted_supported_sport
KXPUBGGC,Esports,,tournament_outright,not_attempted_supported_sport,outright/bracket: few independent outcomes per season; needs prospective capture + simulation,,,,,,,,,,,,,,,,phase1:not_attempted_supported_sport
KXHEISMAN,Football,NCAA Football,awards,not_attempted_supported_sport,awards: voting outcomes without as-of inputs,,,,,,,,,,,,,,,,phase1:not_attempted_supported_sport
KXNFLSBMVP,Football,Pro Football,awards,not_attempted_supported_sport,awards: voting outcomes without as-of inputs,,,,,,,,,,,,,,,,phase1:not_attempted_supported_sport
KXNFLCOTY,Football,Pro Football,awards,not_attempted_supported_sport,awards: voting outcomes without as-of inputs,,,,,,,,,,,,,,,,phase1:not_attempted_supported_sport
KXNFLOROTY,Football,Pro Football,awards,not_attempted_supported_sport,awards: voting outcomes without as-of inputs,,,,,,,,,,,,,,,,phase1:not_attempted_supported_sport
KXNFLOPOTY,Football,Pro Football,awards,not_attempted_supported_sport,awards: voting outcomes without as-of inputs,,,,,,,,,,,,,,,,phase1:not_attempted_supported_sport
KXNFLDPOTY,Football,Pro Football,awards,not_attempted_supported_sport,awards: voting outcomes without as-of inputs,,,,,,,,,,,,,,,,phase1:not_attempted_supported_sport
KXNFLDROTY,Football,Pro Football,awards,not_attempted_supported_sport,awards: voting outcomes without as-of inputs,,,,,,,,,,,,,,,,phase1:not_attempted_supported_sport
KXNFLCPOTY,Football,Pro Football,awards,not_attempted_supported_sport,awards: voting outcomes without as-of inputs,,,,,,,,,,,,,,,,phase1:not_attempted_supported_sport
KXNFLSBMVPPOS,Football,Pro Football,awards,not_attempted_supported_sport,awards: voting outcomes without as-of inputs,,,,,,,,,,,,,,,,phase1:not_attempted_supported_sport
KXNCAAFCOTY,Football,NCAA Football,awards,not_attempted_supported_sport,awards: voting outcomes without as-of inputs,,,,,,,,,,,,,,,,phase1:not_attempted_supported_sport
KXNFLPROOTY,Football,Pro Football,awards,not_attempted_supported_sport,awards: voting outcomes without as-of inputs,,,,,,,,,,,,,,,,phase1:not_attempted_supported_sport
KXHEISMANFINALIST,Football,NCAA Football,awards,not_attempted_supported_sport,awards: voting outcomes without as-of inputs,,,,,,,,,,,,,,,,phase1:not_attempted_supported_sport
KXNFLEXECOTY,Football,Pro Football,awards,not_attempted_supported_sport,awards: voting outcomes without as-of inputs,,,,,,,,,,,,,,,,phase1:not_attempted_supported_sport
KXNFLHALLOFFAME,Football,Pro Football,awards,not_attempted_supported_sport,awards: voting outcomes without as-of inputs,,,,,,,,,,,,,,,,phase1:not_attempted_supported_sport
KXNCAAFAWARD,Football,NCAA Football,awards,not_attempted_supported_sport,awards: voting outcomes without as-of inputs,,,,,,,,,,,,,,,,phase1:not_attempted_supported_sport
KXHEISMANSPECIAL,Football,NCAA Football,awards,not_attempted_supported_sport,awards: voting outcomes without as-of inputs,,,,,,,,,,,,,,,,phase1:not_attempted_supported_sport
KXNFLPOTM,Football,Pro Football,awards,not_attempted_supported_sport,awards: voting outcomes without as-of inputs,,,,,,,,,,,,,,,,phase1:not_attempted_supported_sport
KXNFLROTM,Football,Pro Football,awards,not_attempted_supported_sport,awards: voting outcomes without as-of inputs,,,,,,,,,,,,,,,,phase1:not_attempted_supported_sport
KXNFLAWARDFIN,Football,Pro Football,awards,not_attempted_supported_sport,awards: voting outcomes without as-of inputs,,,,,,,,,,,,,,,,phase1:not_attempted_supported_sport
KXNFLMVPSPECIALS,Football,Pro Football,awards,not_attempted_supported_sport,awards: voting outcomes without as-of inputs,,,,,,,,,,,,,,,,phase1:not_attempted_supported_sport
KXNFLALLPRO,Football,Pro Football,awards,not_attempted_supported_sport,awards: voting outcomes without as-of inputs,,,,,,,,,,,,,,,,phase1:not_attempted_supported_sport
KXHEISMANFINSPECIAL,Football,NCAA Football,awards,not_attempted_supported_sport,awards: voting outcomes without as-of inputs,,,,,,,,,,,,,,,,phase1:not_attempted_supported_sport
KXNFLOPOYSPECIALS,Football,Pro Football,awards,not_attempted_supported_sport,awards: voting outcomes without as-of inputs,,,,,,,,,,,,,,,,phase1:not_attempted_supported_sport
KXNFLWPMOTY,Football,Pro Football,awards,not_attempted_supported_sport,awards: voting outcomes without as-of inputs,,,,,,,,,,,,,,,,phase1:not_attempted_supported_sport
KXNFLDPOYSPECIALS,Football,Pro Football,awards,not_attempted_supported_sport,awards: voting outcomes without as-of inputs,,,,,,,,,,,,,,,,phase1:not_attempted_supported_sport
KXNCAAFAWARDFIN,Football,NCAA Football,awards,not_attempted_supported_sport,awards: voting outcomes without as-of inputs,,,,,,,,,,,,,,,,phase1:not_attempted_supported_sport
KXALMVP,Football,,awards,not_attempted_supported_sport,awards: voting outcomes without as-of inputs,,,,,,,,,,,,,,,,phase1:not_attempted_supported_sport
KXCFBCOTY,Football,,awards,not_attempted_supported_sport,awards: voting outcomes without as-of inputs,,,,,,,,,,,,,,,,phase1:not_attempted_supported_sport
KXCFBDOBRIEN,Football,,awards,not_attempted_supported_sport,awards: voting outcomes without as-of inputs,,,,,,,,,,,,,,,,phase1:not_attempted_supported_sport
KXDEFHEISMAN,Football,,awards,not_attempted_supported_sport,awards: voting outcomes without as-of inputs,,,,,,,,,,,,,,,,phase1:not_attempted_supported_sport
KXNCAAFACCAWARD,Football,,awards,not_attempted_supported_sport,awards: voting outcomes without as-of inputs,,,,,,,,,,,,,,,,phase1:not_attempted_supported_sport
KXNCAAFBIG12AWARD,Football,,awards,not_attempted_supported_sport,awards: voting outcomes without as-of inputs,,,,,,,,,,,,,,,,phase1:not_attempted_supported_sport
KXNCAAFBIGTENAWARD,Football,,awards,not_attempted_supported_sport,awards: voting outcomes without as-of inputs,,,,,,,,,,,,,,,,phase1:not_attempted_supported_sport
KXNCAAFCONFAWARD,Football,,awards,not_attempted_supported_sport,awards: voting outcomes without as-of inputs,,,,,,,,,,,,,,,,phase1:not_attempted_supported_sport
KXNCAAFCOTW,Football,,awards,not_attempted_supported_sport,awards: voting outcomes without as-of inputs,,,,,,,,,,,,,,,,phase1:not_attempted_supported_sport
KXNCAAFSECAWARD,Football,,awards,not_attempted_supported_sport,awards: voting outcomes without as-of inputs,,,,,,,,,,,,,,,,phase1:not_attempted_supported_sport
KXNFLASSCOACH,Football,,awards,not_attempted_supported_sport,awards: voting outcomes without as-of inputs,,,,,,,,,,,,,,,,phase1:not_attempted_supported_sport
KXNFLCOACH,Football,,awards,not_attempted_supported_sport,awards: voting outcomes without as-of inputs,,,,,,,,,,,,,,,,phase1:not_attempted_supported_sport
KXNFLDPOY,Football,,awards,not_attempted_supported_sport,awards: voting outcomes without as-of inputs,,,,,,,,,,,,,,,,phase1:not_attempted_supported_sport
KXNFLDROY,Football,,awards,not_attempted_supported_sport,awards: voting outcomes without as-of inputs,,,,,,,,,,,,,,,,phase1:not_attempted_supported_sport
KXNFLHOFINDUCTEES,Football,,awards,not_attempted_supported_sport,awards: voting outcomes without as-of inputs,,,,,,,,,,,,,,,,phase1:not_attempted_supported_sport
KXNFLOPOY,Football,,awards,not_attempted_supported_sport,awards: voting outcomes without as-of inputs,,,,,,,,,,,,,,,,phase1:not_attempted_supported_sport
KXNFLOROY,Football,,awards,not_attempted_supported_sport,awards: voting outcomes without as-of inputs,,,,,,,,,,,,,,,,phase1:not_attempted_supported_sport
KXNFLPROBOWLWIN,Football,,awards,not_attempted_supported_sport,awards: voting outcomes without as-of inputs,,,,,,,,,,,,,,,,phase1:not_attempted_supported_sport
KXNFLSBMVPDEF,Football,,awards,not_attempted_supported_sport,awards: voting outcomes without as-of inputs,,,,,,,,,,,,,,,,phase1:not_attempted_supported_sport
KXNFLSBMVPQB,Football,,awards,not_attempted_supported_sport,awards: voting outcomes without as-of inputs,,,,,,,,,,,,,,,,phase1:not_attempted_supported_sport
KXNLMVP,Football,,awards,not_attempted_supported_sport,awards: voting outcomes without as-of inputs,,,,,,,,,,,,,,,,phase1:not_attempted_supported_sport
KXWPMOTY,Football,,awards,not_attempted_supported_sport,awards: voting outcomes without as-of inputs,,,,,,,,,,,,,,,,phase1:not_attempted_supported_sport
KXNFLPREPACKSGP,Football,Pro Football,combo_parlay,not_attempted_supported_sport,out of scope (derived combination),,,,,,,,,,,,,,,,phase1:not_attempted_supported_sport
KXNCAAFPREPACKSGP,Football,College Football Playoffs,combo_parlay,not_attempted_supported_sport,out of scope (derived combination),,,,,,,,,,,,,,,,phase1:not_attempted_supported_sport
KXNFLPREPACK2ML,Football,Pro Football,combo_parlay,not_attempted_supported_sport,out of scope (derived combination),,,,,,,,,,,,,,,,phase1:not_attempted_supported_sport
KXNFLPREPACK3ML,Football,Pro Football,combo_parlay,not_attempted_supported_sport,out of scope (derived combination),,,,,,,,,,,,,,,,phase1:not_attempted_supported_sport
KXNFLPREPACK,Football,Pro Football,combo_parlay,not_attempted_supported_sport,out of scope (derived combination),,,,,,,,,,,,,,,,phase1:not_attempted_supported_sport
KXNFLPREPACK1HFT,Football,Pro Football,combo_parlay,not_attempted_supported_sport,out of scope (derived combination),,,,,,,,,,,,,,,,phase1:not_attempted_supported_sport
KXNCAAFPREPACK2ML,Football,College Football Playoffs,combo_parlay,not_attempted_supported_sport,out of scope (derived combination),,,,,,,,,,,,,,,,phase1:not_attempted_supported_sport
KXNCAAFPREPACK4ML,Football,College Football Playoffs,combo_parlay,not_attempted_supported_sport,out of scope (derived combination),,,,,,,,,,,,,,,,phase1:not_attempted_supported_sport
KXNCAAFPREPACK3ML,Football,College Football Playoffs,combo_parlay,not_attempted_supported_sport,out of scope (derived combination),,,,,,,,,,,,,,,,phase1:not_attempted_supported_sport
KXNFLCOMBO,Football,Pro Football,combo_parlay,not_attempted_supported_sport,out of scope (derived combination),,,,,,,,,,,,,,,,phase1:not_attempted_supported_sport
KXNFLPREPACK1Q1H,Football,,combo_parlay,not_attempted_supported_sport,out of scope (derived combination),,,,,,,,,,,,,,,,phase1:not_attempted_supported_sport
KXNFLPREPACKSGPSPREAD,Football,,combo_parlay,not_attempted_supported_sport,out of scope (derived combination),,,,,,,,,,,,,,,,phase1:not_attempted_supported_sport
KXNFLDRAFTPICK,Football,Pro Football Draft,draft,not_attempted_supported_sport,draft: consensus mocks not archived as-of,,,,,,,,,,,,,,,,phase1:not_attempted_supported_sport
KXNFLDRAFTTOP,Football,Pro Football Draft,draft,not_attempted_supported_sport,draft: consensus mocks not archived as-of,,,,,,,,,,,,,,,,phase1:not_attempted_supported_sport
KXNFLDRAFTTEAM,Football,Pro Football Draft,draft,not_attempted_supported_sport,draft: consensus mocks not archived as-of,,,,,,,,,,,,,,,,phase1:not_attempted_supported_sport
KXNFLDRAFT1,Football,Pro Football Draft,draft,not_attempted_supported_sport,draft: consensus mocks not archived as-of,,,,,,,,,,,,,,,,phase1:not_attempted_supported_sport
KXNFLDRAFTOU,Football,Pro Football Draft,draft,not_attempted_supported_sport,draft: consensus mocks not archived as-of,,,,,,,,,,,,,,,,phase1:not_attempted_supported_sport
KXNFLDRAFT1ST,Football,Pro Football,draft,not_attempted_supported_sport,draft: consensus mocks not archived as-of,,,,,,,,,,,,,,,,phase1:not_attempted_supported_sport
KXNFLDRAFTCAT,Football,Pro Football Draft,draft,not_attempted_supported_sport,draft: consensus mocks not archived as-of,,,,,,,,,,,,,,,,phase1:not_attempted_supported_sport
KXNFLTEAM1POS,Football,Pro Football Draft,draft,not_attempted_supported_sport,draft: consensus mocks not archived as-of,,,,,,,,,,,,,,,,phase1:not_attempted_supported_sport
KXNFLDRAFTQB,Football,Pro Football Draft,draft,not_attempted_supported_sport,draft: consensus mocks not archived as-of,,,,,,,,,,,,,,,,phase1:not_attempted_supported_sport
KXNFLDRAFTWR,Football,Pro Football Draft,draft,not_attempted_supported_sport,draft: consensus mocks not archived as-of,,,,,,,,,,,,,,,,phase1:not_attempted_supported_sport
KXNFLDRAFTOL,Football,Pro Football Draft,draft,not_attempted_supported_sport,draft: consensus mocks not archived as-of,,,,,,,,,,,,,,,,phase1:not_attempted_supported_sport
KXNFLDRAFTMATCHUP,Football,Pro Football Draft,draft,not_attempted_supported_sport,draft: consensus mocks not archived as-of,,,,,,,,,,,,,,,,phase1:not_attempted_supported_sport
KXNFLDRAFTLB,Football,Pro Football Draft,draft,not_attempted_supported_sport,draft: consensus mocks not archived as-of,,,,,,,,,,,,,,,,phase1:not_attempted_supported_sport
KXNFLDRAFTRB,Football,Pro Football Draft,draft,not_attempted_supported_sport,draft: consensus mocks not archived as-of,,,,,,,,,,,,,,,,phase1:not_attempted_supported_sport
KXNFLDRAFTEDGE,Football,Pro Football Draft,draft,not_attempted_supported_sport,draft: consensus mocks not archived as-of,,,,,,,,,,,,,,,,phase1:not_attempted_supported_sport
KXNFLDRAFTDB,Football,Pro Football Draft,draft,not_attempted_supported_sport,draft: consensus mocks not archived as-of,,,,,,,,,,,,,,,,phase1:not_attempted_supported_sport
KXNFLDRAFTTE,Football,Pro Football Draft,draft,not_attempted_supported_sport,draft: consensus mocks not archived as-of,,,,,,,,,,,,,,,,phase1:not_attempted_supported_sport
KXNFLDRAFTTEAMPOS,Football,Pro Football Draft,draft,not_attempted_supported_sport,draft: consensus mocks not archived as-of,,,,,,,,,,,,,,,,phase1:not_attempted_supported_sport
KXNFLDRAFTCOMPARE,Football,Pro Football Draft,draft,not_attempted_supported_sport,draft: consensus mocks not archived as-of,,,,,,,,,,,,,,,,phase1:not_attempted_supported_sport
KXNFLCOMBINE40,Football,Pro Football,draft,not_attempted_supported_sport,draft: consensus mocks not archived as-of,,,,,,,,,,,,,,,,phase1:not_attempted_supported_sport
KXNFLDRAFTDT,Football,Pro Football Draft,draft,not_attempted_supported_sport,draft: consensus mocks not archived as-of,,,,,,,,,,,,,,,,phase1:not_attempted_supported_sport
KXNFLLASTPICKPOS,Football,Pro Football Draft,draft,not_attempted_supported_sport,draft: consensus mocks not archived as-of,,,,,,,,,,,,,,,,phase1:not_attempted_supported_sport
KXNFLSUPDRAFTPICK,Football,Pro Football,draft,not_attempted_supported_sport,draft: consensus mocks not archived as-of,,,,,,,,,,,,,,,,phase1:not_attempted_supported_sport
KXNFLCOMBINE,Football,Pro Football,draft,not_attempted_supported_sport,draft: consensus mocks not archived as-of,,,,,,,,,,,,,,,,phase1:not_attempted_supported_sport
KXNFLDRAFTEAMPOS,Football,,draft,not_attempted_supported_sport,draft: consensus mocks not archived as-of,,,,,,,,,,,,,,,,phase1:not_attempted_supported_sport
KXNFLFIRSTPICK,Football,,draft,not_attempted_supported_sport,draft: consensus mocks not archived as-of,,,,,,,,,,,,,,,,phase1:not_attempted_supported_sport
KXNFLSDRAFTTOP,Football,,draft,not_attempted_supported_sport,draft: consensus mocks not archived as-of,,,,,,,,,,,,,,,,phase1:not_attempted_supported_sport
KXSUPDRAFTPICK,Football,,draft,not_attempted_supported_sport,draft: consensus mocks not archived as-of,,,,,,,,,,,,,,,,phase1:not_attempted_supported_sport
KXNFLSTAGEOFELIM,Football,Pro Football,field_finish,not_attempted_supported_sport,no independent results adapter for this competition in Phase 1 (game_winner only via Kalshi-only path),,,,,,,,,,,,,,,,phase1:not_attempted_supported_sport
KXNFLFFH2HSEASON,Football,Pro Football,field_finish,not_attempted_supported_sport,no independent results adapter for this competition in Phase 1 (game_winner only via Kalshi-only path),,,,,,,,,,,,,,,,phase1:not_attempted_supported_sport
KXNCAAFB12REGTOP,Football,NCAA Football,field_finish,not_attempted_supported_sport,no independent results adapter for this competition in Phase 1 (game_winner only via Kalshi-only path),,,,,,,,,,,,,,,,phase1:not_attempted_supported_sport
KXNCAAFBIGTENREGTOP,Football,NCAA Football,field_finish,not_attempted_supported_sport,no independent results adapter for this competition in Phase 1 (game_winner only via Kalshi-only path),,,,,,,,,,,,,,,,phase1:not_attempted_supported_sport
KXNCAAFSECREGTOP,Football,NCAA Football,field_finish,not_attempted_supported_sport,no independent results adapter for this competition in Phase 1 (game_winner only via Kalshi-only path),,,,,,,,,,,,,,,,phase1:not_attempted_supported_sport
KXNCAAFACCREGTOP,Football,NCAA Football,field_finish,not_attempted_supported_sport,no independent results adapter for this competition in Phase 1 (game_winner only via Kalshi-only path),,,,,,,,,,,,,,,,phase1:not_attempted_supported_sport
KXSORONDO,Football,,field_finish,not_attempted_supported_sport,no independent results adapter for this competition in Phase 1 (game_winner only via Kalshi-only path),,,,,,,,,,,,,,,,phase1:not_attempted_supported_sport
KXNFLFFH2H,Football,,field_finish,not_attempted_supported_sport,no traded markets,,,,,,,,,,,,,,,,phase1:not_attempted_supported_sport
KXNFLGAME,Football,Pro Football,game_winner,strict_evaluated,,strict,nfl,game_winner,0,126,384,unavailable: training support below threshold,unavailable: matched training support below threshold,63,192,89,63,192,89,178,calibration_unavailable+blend_unavailable
KXNCAAFGAME,Football,NCAA Football,game_winner,strict_evaluated,,strict,ncaaf,game_winner,0,728,1124,ok,ok,300,200,300,279,197,266,1312,calibrated_ok+blend_ok
KXCFLGAME,Football,CFL,game_winner,kalshi_settlement_only_evaluated,,kalshi_settlement_only,k_kxcflgame,game_winner,0,0,0,unavailable: training support below threshold,unavailable: matched training support below threshold,0,0,68,0,0,68,138,calibration_unavailable+blend_unavailable
KXUFLGAME,Football,UFL,game_winner,kalshi_settlement_only_evaluated,,kalshi_settlement_only,k_kxuflgame,game_winner,0,0,0,unavailable: training support below threshold,unavailable: matched training support below threshold,0,0,39,0,0,39,78,calibration_unavailable+blend_unavailable
KXNCAAFCSGAME,Football,NCAA Football,game_winner,excluded_spec,no payoff parser for suffix 'CSGAME',,ncaaf,,,,,,,,,,,,,,phase1:excluded_spec
KXNFLNONQBPASS,Football,Pro Football,game_winner,excluded_spec,no payoff parser for suffix 'NONQBPASS',,nfl,,,,,,,,,,,,,,phase1:excluded_spec
KXNFLCOMPETE,Football,Pro Football,game_winner,excluded_spec,no payoff parser for suffix 'COMPETE',,nfl,,,,,,,,,,,,,,phase1:excluded_spec
KXNFLLEADCHANGE,Football,Pro Football,game_winner,excluded_spec,no payoff parser for suffix 'LEADCHANGE',,nfl,,,,,,,,,,,,,,phase1:excluded_spec
KXNFLLARGELEAD,Football,Pro Football,game_winner,excluded_spec,no payoff parser for suffix 'LARGELEAD',,nfl,,,,,,,,,,,,,,phase1:excluded_spec
KXNFLCOMEBACK,Football,Pro Football,game_winner,excluded_spec,no payoff parser for suffix 'COMEBACK',,nfl,,,,,,,,,,,,,,phase1:excluded_spec
KXNFLNOSCOREQ,Football,Pro Football,game_winner,excluded_spec,no payoff parser for suffix 'NOSCOREQ',,nfl,,,,,,,,,,,,,,phase1:excluded_spec
KXNFL4DCONV,Football,Pro Football,game_winner,excluded_spec,no payoff parser for suffix '4DCONV',,nfl,,,,,,,,,,,,,,phase1:excluded_spec
KXNFLPROBOWL,Football,Pro Football,game_winner,excluded_spec,no payoff parser for suffix 'PROBOWL',,nfl,,,,,,,,,,,,,,phase1:excluded_spec
KXNFLGAMESACK,Football,Pro Football,game_winner,excluded_spec,no payoff parser for suffix 'GAMESACK',,nfl,,,,,,,,,,,,,,phase1:excluded_spec
KX1STHOMEGAME,Football,Pro Football,game_winner,no_test_contracts,no scored contracts in the test window,kalshi_settlement_only,k_kx1sthomegame,game_winner,0,0,0,,,0,0,0,0,0,0,0,phase1:no_test_contracts
KXGREYCUP,Football,CFL,game_winner,no_test_contracts,no scored contracts in the test window,kalshi_settlement_only,k_kxgreycup,game_winner,0,0,0,,,0,0,0,0,0,0,0,phase1:no_test_contracts
KXNFLCELEBRITYGAME,Football,,game_winner,no_test_contracts,no scored contracts in the test window,kalshi_settlement_only,k_kxnflcelebritygame,game_winner,0,0,0,,,0,0,0,0,0,0,0,phase1:no_test_contracts
KXNCAAFD3GAME,Football,NCAA Football,game_winner,excluded_spec,no payoff parser for suffix 'D3GAME',,ncaaf,,,,,,,,,,,,,,phase1:excluded_spec
KX1HOMEGAME,Football,,game_winner,not_attempted_supported_sport,no traded markets,,,,,,,,,,,,,,,,phase1:not_attempted_supported_sport
KXNFL4DOWNCONV,Football,,game_winner,not_attempted_supported_sport,no traded markets,,,,,,,,,,,,,,,,phase1:not_attempted_supported_sport
KXNFLGAMETO,Football,,game_winner,not_attempted_supported_sport,no traded markets,,,,,,,,,,,,,,,,phase1:not_attempted_supported_sport
KXNFLLARGESTLEAD,Football,,game_winner,not_attempted_supported_sport,no traded markets,,,,,,,,,,,,,,,,phase1:not_attempted_supported_sport
KXNFLFFPTS,Football,Pro Football,league_leaders,not_attempted_supported_sport,league leaders: one outcome per stat-season,,,,,,,,,,,,,,,,phase1:not_attempted_supported_sport
KXNFLFFLEADER,Football,Pro Football,league_leaders,not_attempted_supported_sport,league leaders: one outcome per stat-season,,,,,,,,,,,,,,,,phase1:not_attempted_supported_sport
KXNFLFANTASYMOST,Football,Pro Football,league_leaders,not_attempted_supported_sport,league leaders: one outcome per stat-season,,,,,,,,,,,,,,,,phase1:not_attempted_supported_sport
KXNFLFFLEADERTOP,Football,Pro Football,league_leaders,not_attempted_supported_sport,league leaders: one outcome per stat-season,,,,,,,,,,,,,,,,phase1:not_attempted_supported_sport
KXNFLWEEKHIGHSCORE,Football,Pro Football,league_leaders,not_attempted_supported_sport,league leaders: one outcome per stat-season,,,,,,,,,,,,,,,,phase1:not_attempted_supported_sport
KXNFLFFWEEKTOP,Football,Pro Football,league_leaders,not_attempted_supported_sport,league leaders: one outcome per stat-season,,,,,,,,,,,,,,,,phase1:not_attempted_supported_sport
KXNFLFFWEEKLEAD,Football,Pro Football,league_leaders,not_attempted_supported_sport,league leaders: one outcome per stat-season,,,,,,,,,,,,,,,,phase1:not_attempted_supported_sport
KXNFLPLAYOFFC,Football,Pro Football,league_leaders,not_attempted_supported_sport,league leaders: one outcome per stat-season,,,,,,,,,,,,,,,,phase1:not_attempted_supported_sport
KXLEADERNFLSACKS,Football,Pro Football,league_leaders,not_attempted_supported_sport,league leaders: one outcome per stat-season,,,,,,,,,,,,,,,,phase1:not_attempted_supported_sport
KXNFLSEASONREC,Football,Pro Football,league_leaders,not_attempted_supported_sport,league leaders: one outcome per stat-season,,,,,,,,,,,,,,,,phase1:not_attempted_supported_sport
KXNCAAFBIGTENLEADER,Football,NCAA Football,league_leaders,not_attempted_supported_sport,league leaders: one outcome per stat-season,,,,,,,,,,,,,,,,phase1:not_attempted_supported_sport
KXNFLTEAMDPTS,Football,Pro Football,league_leaders,not_attempted_supported_sport,league leaders: one outcome per stat-season,,,,,,,,,,,,,,,,phase1:not_attempted_supported_sport
KXNFLLASTTOWIN,Football,Pro Football,league_leaders,not_attempted_supported_sport,league leaders: one outcome per stat-season,,,,,,,,,,,,,,,,phase1:not_attempted_supported_sport
KXNCAAFSECWINS,Football,NCAA Football,league_leaders,not_attempted_supported_sport,league leaders: one outcome per stat-season,,,,,,,,,,,,,,,,phase1:not_attempted_supported_sport
KXLEADERNFLINT,Football,Pro Football,league_leaders,not_attempted_supported_sport,league leaders: one outcome per stat-season,,,,,,,,,,,,,,,,phase1:not_attempted_supported_sport
KXNCAAFUNDEFEATEDHOME,Football,NCAA Football,league_leaders,not_attempted_supported_sport,league leaders: one outcome per stat-season,,,,,,,,,,,,,,,,phase1:not_attempted_supported_sport
KXNFLSELLOUT,Football,Pro Football,league_leaders,not_attempted_supported_sport,league leaders: one outcome per stat-season,,,,,,,,,,,,,,,,phase1:not_attempted_supported_sport
KXNCAAFACCWINS,Football,NCAA Football,league_leaders,not_attempted_supported_sport,league leaders: one outcome per stat-season,,,,,,,,,,,,,,,,phase1:not_attempted_supported_sport
KXNCAAFBIGTENWINS,Football,NCAA Football,league_leaders,not_attempted_supported_sport,league leaders: one outcome per stat-season,,,,,,,,,,,,,,,,phase1:not_attempted_supported_sport
KXNCAAFBIG12WINS,Football,NCAA Football,league_leaders,not_attempted_supported_sport,league leaders: one outcome per stat-season,,,,,,,,,,,,,,,,phase1:not_attempted_supported_sport
KXNFLPLAYOFFHOST,Football,Pro Football,league_leaders,not_attempted_supported_sport,league leaders: one outcome per stat-season,,,,,,,,,,,,,,,,phase1:not_attempted_supported_sport
KXNCAAFSECLEADER,Football,NCAA Football,league_leaders,not_attempted_supported_sport,league leaders: one outcome per stat-season,,,,,,,,,,,,,,,,phase1:not_attempted_supported_sport
KXLEADERNFLPINT,Football,Pro Football,league_leaders,not_attempted_supported_sport,league leaders: one outcome per stat-season,,,,,,,,,,,,,,,,phase1:not_attempted_supported_sport
KXNCAAFACCLEADER,Football,NCAA Football,league_leaders,not_attempted_supported_sport,league leaders: one outcome per stat-season,,,,,,,,,,,,,,,,phase1:not_attempted_supported_sport
KXNFLGAMESPECIALS,Football,Pro Football,league_leaders,not_attempted_supported_sport,league leaders: one outcome per stat-season,,,,,,,,,,,,,,,,phase1:not_attempted_supported_sport
KXNCAAFBIG12LEADER,Football,NCAA Football,league_leaders,not_attempted_supported_sport,league leaders: one outcome per stat-season,,,,,,,,,,,,,,,,phase1:not_attempted_supported_sport
KXNFLWORSTTOFIRST,Football,Pro Football,league_leaders,not_attempted_supported_sport,league leaders: one outcome per stat-season,,,,,,,,,,,,,,,,phase1:not_attempted_supported_sport
KXNFLBLOWOUT,Football,Pro Football,league_leaders,not_attempted_supported_sport,league leaders: one outcome per stat-season,,,,,,,,,,,,,,,,phase1:not_attempted_supported_sport
KXNFLHIGHSCORE,Football,Pro Football,league_leaders,not_attempted_supported_sport,league leaders: one outcome per stat-season,,,,,,,,,,,,,,,,phase1:not_attempted_supported_sport
KXNFLFFHIGHSCORE,Football,Pro Football,league_leaders,not_attempted_supported_sport,league leaders: one outcome per stat-season,,,,,,,,,,,,,,,,phase1:not_attempted_supported_sport
KXNFLTIES,Football,Pro Football,league_leaders,not_attempted_supported_sport,league leaders: one outcome per stat-season,,,,,,,,,,,,,,,,phase1:not_attempted_supported_sport
KXLEADERNFLAPYDS,Football,Pro Football,league_leaders,not_attempted_supported_sport,league leaders: one outcome per stat-season,,,,,,,,,,,,,,,,phase1:not_attempted_supported_sport
KXNCAAFLEADER,Football,NCAA Football,league_leaders,not_attempted_supported_sport,league leaders: one outcome per stat-season,,,,,,,,,,,,,,,,phase1:not_attempted_supported_sport
KXNFLFFPLAYERHIGH,Football,Pro Football,league_leaders,not_attempted_supported_sport,league leaders: one outcome per stat-season,,,,,,,,,,,,,,,,phase1:not_attempted_supported_sport
KXNFLFFPLAYOFFLEADER,Football,Pro Football,league_leaders,not_attempted_supported_sport,league leaders: one outcome per stat-season,,,,,,,,,,,,,,,,phase1:not_attempted_supported_sport
KXNCAAFHIGHSCORE,Football,NCAA Football,league_leaders,not_attempted_supported_sport,league leaders: one outcome per stat-season,,,,,,,,,,,,,,,,phase1:not_attempted_supported_sport
KXCFBUNDEFEATEDHOME,Football,,league_leaders,not_attempted_supported_sport,league leaders: one outcome per stat-season,,,,,,,,,,,,,,,,phase1:not_attempted_supported_sport
KXNCAAFMOSTOT,Football,NCAA Football,league_leaders,not_attempted_supported_sport,league leaders: one outcome per stat-season,,,,,,,,,,,,,,,,phase1:not_attempted_supported_sport
KXNFLFF40PTS,Football,,league_leaders,not_attempted_supported_sport,league leaders: one outcome per stat-season,,,,,,,,,,,,,,,,phase1:not_attempted_supported_sport
KXNFLFF50PTS,Football,,league_leaders,not_attempted_supported_sport,league leaders: one outcome per stat-season,,,,,,,,,,,,,,,,phase1:not_attempted_supported_sport
KXNFLFFPTSSEASON,Football,,league_leaders,not_attempted_supported_sport,league leaders: one outcome per stat-season,,,,,,,,,,,,,,,,phase1:not_attempted_supported_sport
KXNFLFFTOP,Football,,league_leaders,not_attempted_supported_sport,league leaders: one outcome per stat-season,,,,,,,,,,,,,,,,phase1:not_attempted_supported_sport
KXNFLLEASTPENALIZED,Football,,league_leaders,not_attempted_supported_sport,league leaders: one outcome per stat-season,,,,,,,,,,,,,,,,phase1:not_attempted_supported_sport
KXSTARTINGQBWEEK1,Football,Pro Football,other_novelty,not_attempted_supported_sport,out of scope (novelty),,,,,,,,,,,,,,,,phase1:not_attempted_supported_sport
KXPHILIPRIVERSNFL,Football,Pro Football,other_novelty,not_attempted_supported_sport,out of scope (novelty),,,,,,,,,,,,,,,,phase1:not_attempted_supported_sport
KXNFLTSPEC,Football,Pro Football,other_novelty,not_attempted_supported_sport,out of scope (novelty),,,,,,,,,,,,,,,,phase1:not_attempted_supported_sport
KXCFBUNRANKEDUPSET,Football,NCAA Football,other_novelty,not_attempted_supported_sport,out of scope (novelty),,,,,,,,,,,,,,,,phase1:not_attempted_supported_sport
KXFFQBALLENMAHOMES,Football,,other_novelty,not_attempted_supported_sport,out of scope (novelty),,,,,,,,,,,,,,,,phase1:not_attempted_supported_sport
KXSTARTCLEBROWNS,Football,Pro Football,other_novelty,not_attempted_supported_sport,out of scope (novelty),,,,,,,,,,,,,,,,phase1:not_attempted_supported_sport
KXNFLPRIMETIME,Football,Pro Football,other_novelty,not_attempted_supported_sport,out of scope (novelty),,,,,,,,,,,,,,,,phase1:not_attempted_supported_sport
KXSTARTCIN,Football,Pro Football,other_novelty,not_attempted_supported_sport,out of scope (novelty),,,,,,,,,,,,,,,,phase1:not_attempted_supported_sport
KXRANKLISTAPPREALSPORTS,Football,,other_novelty,not_attempted_supported_sport,out of scope (novelty),,,,,,,,,,,,,,,,phase1:not_attempted_supported_sport
KXCOORDANNOUNCE,Football,NCAA Football,other_novelty,not_attempted_supported_sport,out of scope (novelty),,,,,,,,,,,,,,,,phase1:not_attempted_supported_sport
KXNFLREDZONEADS,Football,,other_novelty,not_attempted_supported_sport,out of scope (novelty),,,,,,,,,,,,,,,,phase1:not_attempted_supported_sport
KXNFLREDZONEBRANDADS,Football,,other_novelty,not_attempted_supported_sport,out of scope (novelty),,,,,,,,,,,,,,,,phase1:not_attempted_supported_sport
KXSWIFTATTEND,Football,,other_novelty,not_attempted_supported_sport,out of scope (novelty),,,,,,,,,,,,,,,,phase1:not_attempted_supported_sport
KXPAVIAPRESEASON,Football,Pro Football,other_novelty,not_attempted_supported_sport,out of scope (novelty),,,,,,,,,,,,,,,,phase1:not_attempted_supported_sport
KXNFLROLE,Football,Pro Football,other_novelty,not_attempted_supported_sport,out of scope (novelty),,,,,,,,,,,,,,,,phase1:not_attempted_supported_sport
KXNFLDEPTHPOSITIONCLEQB2,Football,,other_novelty,not_attempted_supported_sport,out of scope (novelty),,,,,,,,,,,,,,,,phase1:not_attempted_supported_sport
KXDONATEMRBEAST,Football,,other_novelty,not_attempted_supported_sport,out of scope (novelty),,,,,,,,,,,,,,,,phase1:not_attempted_supported_sport
KXOLEMISSATTENDANCE,Football,NCAA Football,other_novelty,not_attempted_supported_sport,out of scope (novelty),,,,,,,,,,,,,,,,phase1:not_attempted_supported_sport
KXNFLLEADERPINT,Football,,other_novelty,not_attempted_supported_sport,out of scope (novelty),,,,,,,,,,,,,,,,phase1:not_attempted_supported_sport
KXNFLREBOOT,Football,,other_novelty,not_attempted_supported_sport,out of scope (novelty),,,,,,,,,,,,,,,,phase1:not_attempted_supported_sport
KXNFLVIEWERSHIP,Football,,other_novelty,not_attempted_supported_sport,out of scope (novelty),,,,,,,,,,,,,,,,phase1:not_attempted_supported_sport
KXMICHCOACH,Football,NCAA Football,personnel_ops,not_attempted_supported_sport,out of scope (non-sporting outcome),,,,,,,,,,,,,,,,phase1:not_attempted_supported_sport
KXNEXTTEAMNFL,Football,Pro Football,personnel_ops,not_attempted_supported_sport,out of scope (non-sporting outcome),,,,,,,,,,,,,,,,phase1:not_attempted_supported_sport
KXNEXTNFLCOACH,Football,Pro Football,personnel_ops,not_attempted_supported_sport,out of scope (non-sporting outcome),,,,,,,,,,,,,,,,phase1:not_attempted_supported_sport
KXPSUCOACH,Football,NCAA Football,personnel_ops,not_attempted_supported_sport,out of scope (non-sporting outcome),,,,,,,,,,,,,,,,phase1:not_attempted_supported_sport
KXLSUCOACH,Football,NCAA Football,personnel_ops,not_attempted_supported_sport,out of scope (non-sporting outcome),,,,,,,,,,,,,,,,phase1:not_attempted_supported_sport
KXFLACOACH,Football,NCAA Football,personnel_ops,not_attempted_supported_sport,out of scope (non-sporting outcome),,,,,,,,,,,,,,,,phase1:not_attempted_supported_sport
KXNYGCOACH,Football,Pro Football,personnel_ops,not_attempted_supported_sport,out of scope (non-sporting outcome),,,,,,,,,,,,,,,,phase1:not_attempted_supported_sport
KXCOACHOUTNFL,Football,Pro Football,personnel_ops,not_attempted_supported_sport,out of scope (non-sporting outcome),,,,,,,,,,,,,,,,phase1:not_attempted_supported_sport
KXCOACHONDATE,Football,Pro Football,personnel_ops,not_attempted_supported_sport,out of scope (non-sporting outcome),,,,,,,,,,,,,,,,phase1:not_attempted_supported_sport
KXTENNCOACH,Football,Pro Football,personnel_ops,not_attempted_supported_sport,out of scope (non-sporting outcome),,,,,,,,,,,,,,,,phase1:not_attempted_supported_sport
KXRELOCATIONCHI,Football,Pro Football,personnel_ops,not_attempted_supported_sport,out of scope (non-sporting outcome),,,,,,,,,,,,,,,,phase1:not_attempted_supported_sport
KXNEXTCOACHOUTNFL,Football,Pro Football,personnel_ops,not_attempted_supported_sport,out of scope (non-sporting outcome),,,,,,,,,,,,,,,,phase1:not_attempted_supported_sport
KXARKCOACH,Football,NCAA Football,personnel_ops,not_attempted_supported_sport,out of scope (non-sporting outcome),,,,,,,,,,,,,,,,phase1:not_attempted_supported_sport
KXSUPERBOWLWHITEHOUSE,Football,,personnel_ops,not_attempted_supported_sport,out of scope (non-sporting outcome),,,,,,,,,,,,,,,,phase1:not_attempted_supported_sport
KXCOACHOUTOLEMISS,Football,NCAA Football,personnel_ops,not_attempted_supported_sport,out of scope (non-sporting outcome),,,,,,,,,,,,,,,,phase1:not_attempted_supported_sport
KXNFLTRADE,Football,Pro Football,personnel_ops,not_attempted_supported_sport,out of scope (non-sporting outcome),,,,,,,,,,,,,,,,phase1:not_attempted_supported_sport
KXVTCOACH,Football,NCAA Football,personnel_ops,not_attempted_supported_sport,out of scope (non-sporting outcome),,,,,,,,,,,,,,,,phase1:not_attempted_supported_sport
KXNFLNEXTTEAM,Football,Pro Football,personnel_ops,not_attempted_supported_sport,out of scope (non-sporting outcome),,,,,,,,,,,,,,,,phase1:not_attempted_supported_sport
KXNFLWEEKCOMPETE,Football,,personnel_ops,not_attempted_supported_sport,out of scope (non-sporting outcome),,,,,,,,,,,,,,,,phase1:not_attempted_supported_sport
KXAUBCOACH,Football,NCAA Football,personnel_ops,not_attempted_supported_sport,out of scope (non-sporting outcome),,,,,,,,,,,,,,,,phase1:not_attempted_supported_sport
KXNEWCOACHNO,Football,,personnel_ops,not_attempted_supported_sport,out of scope (non-sporting outcome),,,,,,,,,,,,,,,,phase1:not_attempted_supported_sport
KXNEWCOACHCHIBEARS,Football,,personnel_ops,not_attempted_supported_sport,out of scope (non-sporting outcome),,,,,,,,,,,,,,,,phase1:not_attempted_supported_sport
KXNEWCOACHDAL,Football,,personnel_ops,not_attempted_supported_sport,out of scope (non-sporting outcome),,,,,,,,,,,,,,,,phase1:not_attempted_supported_sport
KXUCLACOACH,Football,NCAA Football,personnel_ops,not_attempted_supported_sport,out of scope (non-sporting outcome),,,,,,,,,,,,,,,,phase1:not_attempted_supported_sport
KXNEXTTEAMMICAH,Football,Pro Football,personnel_ops,not_attempted_supported_sport,out of scope (non-sporting outcome),,,,,,,,,,,,,,,,phase1:not_attempted_supported_sport
KXKELCERETIRE,Football,Pro Football,personnel_ops,not_attempted_supported_sport,out of scope (non-sporting outcome),,,,,,,,,,,,,,,,phase1:not_attempted_supported_sport
KXARODGRETIRE,Football,Pro Football,personnel_ops,not_attempted_supported_sport,out of scope (non-sporting outcome),,,,,,,,,,,,,,,,phase1:not_attempted_supported_sport
KXCOACHOUTNCAAFB,Football,NCAA Football,personnel_ops,not_attempted_supported_sport,out of scope (non-sporting outcome),,,,,,,,,,,,,,,,phase1:not_attempted_supported_sport
KXNEXTTEAMTYREEK,Football,,personnel_ops,not_attempted_supported_sport,out of scope (non-sporting outcome),,,,,,,,,,,,,,,,phase1:not_attempted_supported_sport
KXNEWCOACHNYJ,Football,,personnel_ops,not_attempted_supported_sport,out of scope (non-sporting outcome),,,,,,,,,,,,,,,,phase1:not_attempted_supported_sport
KXTULNCOACH,Football,NCAA Football,personnel_ops,not_attempted_supported_sport,out of scope (non-sporting outcome),,,,,,,,,,,,,,,,phase1:not_attempted_supported_sport
KXNEWCOACHLV,Football,,personnel_ops,not_attempted_supported_sport,out of scope (non-sporting outcome),,,,,,,,,,,,,,,,phase1:not_attempted_supported_sport
KXNEWCOACHJAX,Football,,personnel_ops,not_attempted_supported_sport,out of scope (non-sporting outcome),,,,,,,,,,,,,,,,phase1:not_attempted_supported_sport
KXTUSHPUSH,Football,,personnel_ops,not_attempted_supported_sport,out of scope (non-sporting outcome),,,,,,,,,,,,,,,,phase1:not_attempted_supported_sport
KXNCAAFCOACHOUT,Football,NCAA Football,personnel_ops,not_attempted_supported_sport,out of scope (non-sporting outcome),,,,,,,,,,,,,,,,phase1:not_attempted_supported_sport
KXOKSTCOACH,Football,NCAA Football,personnel_ops,not_attempted_supported_sport,out of scope (non-sporting outcome),,,,,,,,,,,,,,,,phase1:not_attempted_supported_sport
KXCCARCOACH,Football,NCAA Football,personnel_ops,not_attempted_supported_sport,out of scope (non-sporting outcome),,,,,,,,,,,,,,,,phase1:not_attempted_supported_sport
KXSTANCOACH,Football,NCAA Football,personnel_ops,not_attempted_supported_sport,out of scope (non-sporting outcome),,,,,,,,,,,,,,,,phase1:not_attempted_supported_sport
KXCOACHOUTMSU,Football,NCAA Football,personnel_ops,not_attempted_supported_sport,out of scope (non-sporting outcome),,,,,,,,,,,,,,,,phase1:not_attempted_supported_sport
KXMEMCOACH,Football,NCAA Football,personnel_ops,not_attempted_supported_sport,out of scope (non-sporting outcome),,,,,,,,,,,,,,,,phase1:not_attempted_supported_sport
KXCONNCOACH,Football,NCAA Football,personnel_ops,not_attempted_supported_sport,out of scope (non-sporting outcome),,,,,,,,,,,,,,,,phase1:not_attempted_supported_sport
KXNFLRETIRE,Football,Pro Football,personnel_ops,not_attempted_supported_sport,out of scope (non-sporting outcome),,,,,,,,,,,,,,,,phase1:not_attempted_supported_sport
KXSTARTNOSAINTS,Football,Pro Football,personnel_ops,not_attempted_supported_sport,out of scope (non-sporting outcome),,,,,,,,,,,,,,,,phase1:not_attempted_supported_sport
KXNFLNEXTCOACHOUT,Football,Pro Football,personnel_ops,not_attempted_supported_sport,out of scope (non-sporting outcome),,,,,,,,,,,,,,,,phase1:not_attempted_supported_sport
KXTRADEOFFNFL,Football,Pro Football,personnel_ops,not_attempted_supported_sport,out of scope (non-sporting outcome),,,,,,,,,,,,,,,,phase1:not_attempted_supported_sport
KXNEWCOACHNE,Football,,personnel_ops,not_attempted_supported_sport,out of scope (non-sporting outcome),,,,,,,,,,,,,,,,phase1:not_attempted_supported_sport
KXSTARTIND,Football,Pro Football,personnel_ops,not_attempted_supported_sport,out of scope (non-sporting outcome),,,,,,,,,,,,,,,,phase1:not_attempted_supported_sport
KXNCAAFCOACHLEAVE,Football,NCAA Football,personnel_ops,not_attempted_supported_sport,out of scope (non-sporting outcome),,,,,,,,,,,,,,,,phase1:not_attempted_supported_sport
KXUABCOACH,Football,NCAA Football,personnel_ops,not_attempted_supported_sport,out of scope (non-sporting outcome),,,,,,,,,,,,,,,,phase1:not_attempted_supported_sport
KXNFLFIRSTSTART,Football,Pro Football,personnel_ops,not_attempted_supported_sport,out of scope (non-sporting outcome),,,,,,,,,,,,,,,,phase1:not_attempted_supported_sport
KXNFLCOACHOUT,Football,Pro Football,personnel_ops,not_attempted_supported_sport,out of scope (non-sporting outcome),,,,,,,,,,,,,,,,phase1:not_attempted_supported_sport
KXNEXTTEAMMCLAURIN,Football,Pro Football,personnel_ops,not_attempted_supported_sport,out of scope (non-sporting outcome),,,,,,,,,,,,,,,,phase1:not_attempted_supported_sport
KXCALCOACH,Football,NCAA Football,personnel_ops,not_attempted_supported_sport,out of scope (non-sporting outcome),,,,,,,,,,,,,,,,phase1:not_attempted_supported_sport
KXCOACHOUTUNC,Football,NCAA Football,personnel_ops,not_attempted_supported_sport,out of scope (non-sporting outcome),,,,,,,,,,,,,,,,phase1:not_attempted_supported_sport
KXNEWCOACHUNC,Football,,personnel_ops,not_attempted_supported_sport,out of scope (non-sporting outcome),,,,,,,,,,,,,,,,phase1:not_attempted_supported_sport
KXUSFCOACH,Football,NCAA Football,personnel_ops,not_attempted_supported_sport,out of scope (non-sporting outcome),,,,,,,,,,,,,,,,phase1:not_attempted_supported_sport
KXNFLHIRECOACH,Football,,personnel_ops,not_attempted_supported_sport,out of scope (non-sporting outcome),,,,,,,,,,,,,,,,phase1:not_attempted_supported_sport
KXNFLRETURN,Football,,personnel_ops,not_attempted_supported_sport,out of scope (non-sporting outcome),,,,,,,,,,,,,,,,phase1:not_attempted_supported_sport
KXSTARTNYG,Football,Pro Football,personnel_ops,not_attempted_supported_sport,out of scope (non-sporting outcome),,,,,,,,,,,,,,,,phase1:not_attempted_supported_sport
KXCOACHOUTAUB,Football,,personnel_ops,not_attempted_supported_sport,out of scope (non-sporting outcome),,,,,,,,,,,,,,,,phase1:not_attempted_supported_sport
KXUNTCOACH,Football,NCAA Football,personnel_ops,not_attempted_supported_sport,out of scope (non-sporting outcome),,,,,,,,,,,,,,,,phase1:not_attempted_supported_sport
KXNCAAFCONFLEAVE,Football,NCAA Football,personnel_ops,not_attempted_supported_sport,out of scope (non-sporting outcome),,,,,,,,,,,,,,,,phase1:not_attempted_supported_sport
KXNFLOWNERSTAKE,Football,Pro Football,personnel_ops,not_attempted_supported_sport,out of scope (non-sporting outcome),,,,,,,,,,,,,,,,phase1:not_attempted_supported_sport
KXNFLSTADIUM,Football,Pro Football,personnel_ops,not_attempted_supported_sport,out of scope (non-sporting outcome),,,,,,,,,,,,,,,,phase1:not_attempted_supported_sport
KXSBHOST,Football,Pro Football,personnel_ops,not_attempted_supported_sport,out of scope (non-sporting outcome),,,,,,,,,,,,,,,,phase1:not_attempted_supported_sport
KXNFL53MAN,Football,Pro Football,personnel_ops,not_attempted_supported_sport,out of scope (non-sporting outcome),,,,,,,,,,,,,,,,phase1:not_attempted_supported_sport
KXNCAAFJOINCONF,Football,NCAA Football,personnel_ops,not_attempted_supported_sport,out of scope (non-sporting outcome),,,,,,,,,,,,,,,,phase1:not_attempted_supported_sport
KXNDJOINCONF,Football,NCAA Football,personnel_ops,not_attempted_supported_sport,out of scope (non-sporting outcome),,,,,,,,,,,,,,,,phase1:not_attempted_supported_sport
KXNFLDEBUT,Football,Pro Football,personnel_ops,not_attempted_supported_sport,out of scope (non-sporting outcome),,,,,,,,,,,,,,,,phase1:not_attempted_supported_sport
KXSTARTNYJ,Football,Pro Football,personnel_ops,not_attempted_supported_sport,out of scope (non-sporting outcome),,,,,,,,,,,,,,,,phase1:not_attempted_supported_sport
KXTENCOACH,Football,,personnel_ops,not_attempted_supported_sport,out of scope (non-sporting outcome),,,,,,,,,,,,,,,,phase1:not_attempted_supported_sport
KXNFLEVERYWEEKCOMPETE,Football,,personnel_ops,not_attempted_supported_sport,out of scope (non-sporting outcome),,,,,,,,,,,,,,,,phase1:not_attempted_supported_sport
KXNFLGAMELOCATION,Football,Pro Football,personnel_ops,not_attempted_supported_sport,out of scope (non-sporting outcome),,,,,,,,,,,,,,,,phase1:not_attempted_supported_sport
KXNCAAFSTADIUM,Football,NCAA Football,personnel_ops,not_attempted_supported_sport,out of scope (non-sporting outcome),,,,,,,,,,,,,,,,phase1:not_attempted_supported_sport
KXATLCOACH,Football,,personnel_ops,not_attempted_supported_sport,out of scope (non-sporting outcome),,,,,,,,,,,,,,,,phase1:not_attempted_supported_sport
KXBELICHICKUNC,Football,,personnel_ops,not_attempted_supported_sport,out of scope (non-sporting outcome),,,,,,,,,,,,,,,,phase1:not_attempted_supported_sport
KXCONFREALIGNMENT,Football,,personnel_ops,not_attempted_supported_sport,out of scope (non-sporting outcome),,,,,,,,,,,,,,,,phase1:not_attempted_supported_sport
KXNCAAFNEXTCOACH,Football,NCAA Football,personnel_ops,not_attempted_supported_sport,out of scope (non-sporting outcome),,,,,,,,,,,,,,,,phase1:not_attempted_supported_sport
KXNEXTEAMTYREEK,Football,,personnel_ops,not_attempted_supported_sport,out of scope (non-sporting outcome),,,,,,,,,,,,,,,,phase1:not_attempted_supported_sport
KXNFLCOACHOUTFIRST,Football,,personnel_ops,not_attempted_supported_sport,out of scope (non-sporting outcome),,,,,,,,,,,,,,,,phase1:not_attempted_supported_sport
KXNFLHKANE,Football,Pro Football,personnel_ops,not_attempted_supported_sport,out of scope (non-sporting outcome),,,,,,,,,,,,,,,,phase1:not_attempted_supported_sport
KXNFLSFPRACFIELD,Football,Pro Football,personnel_ops,not_attempted_supported_sport,out of scope (non-sporting outcome),,,,,,,,,,,,,,,,phase1:not_attempted_supported_sport
KXSTADIUM,Football,,personnel_ops,not_attempted_supported_sport,out of scope (non-sporting outcome),,,,,,,,,,,,,,,,phase1:not_attempted_supported_sport
KXSTARTNO,Football,,personnel_ops,not_attempted_supported_sport,out of scope (non-sporting outcome),,,,,,,,,,,,,,,,phase1:not_attempted_supported_sport
KXSTARTNOTREDAME,Football,,personnel_ops,not_attempted_supported_sport,out of scope (non-sporting outcome),,,,,,,,,,,,,,,,phase1:not_attempted_supported_sport
KXUKCOACH,Football,,personnel_ops,not_attempted_supported_sport,out of scope (non-sporting outcome),,,,,,,,,,,,,,,,phase1:not_attempted_supported_sport
KXNFLTD,Football,Pro Football,player_prop,excluded_spec,no payoff parser for suffix 'TD',,nfl,,,,,,,,,,,,,,phase1:excluded_spec
KXNFLFIRSTTD,Football,Pro Football,player_prop,excluded_spec,no payoff parser for suffix 'FIRSTTD',,nfl,,,,,,,,,,,,,,phase1:excluded_spec
KXNFLANYTD,Football,Pro Football,player_prop,excluded_spec,no payoff parser for suffix 'ANYTD',,nfl,,,,,,,,,,,,,,phase1:excluded_spec
KXNFLRECYDS,Football,Pro Football,player_prop,excluded_spec,no payoff parser for suffix 'RECYDS',,nfl,,,,,,,,,,,,,,phase1:excluded_spec
KXNFLRSHYDS,Football,Pro Football,player_prop,excluded_spec,no payoff parser for suffix 'RSHYDS',,nfl,,,,,,,,,,,,,,phase1:excluded_spec
KXNFLPASSYDS,Football,Pro Football,player_prop,excluded_spec,no payoff parser for suffix 'PASSYDS',,nfl,,,,,,,,,,,,,,phase1:excluded_spec
KXNFLREC,Football,Pro Football,player_prop,excluded_spec,no payoff parser for suffix 'REC',,nfl,,,,,,,,,,,,,,phase1:excluded_spec
KXNFL2TD,Football,Pro Football,player_prop,excluded_spec,no payoff parser for suffix '2TD',,nfl,,,,,,,,,,,,,,phase1:excluded_spec
KXNFLPASSTDS,Football,Pro Football,player_prop,excluded_spec,no payoff parser for suffix 'PASSTDS',,nfl,,,,,,,,,,,,,,phase1:excluded_spec
KXNFLTEAMFIRSTTD,Football,Pro Football,player_prop,excluded_spec,no payoff parser for suffix 'TEAMFIRSTTD',,nfl,,,,,,,,,,,,,,phase1:excluded_spec
KXNFLRRYDS,Football,Pro Football,player_prop,excluded_spec,no payoff parser for suffix 'RRYDS',,nfl,,,,,,,,,,,,,,phase1:excluded_spec
KXNFLRSHATT,Football,Pro Football,player_prop,excluded_spec,no payoff parser for suffix 'RSHATT',,nfl,,,,,,,,,,,,,,phase1:excluded_spec
KXNFLMOSTRECYDS,Football,Pro Football,player_prop,excluded_spec,no payoff parser for suffix 'MOSTRECYDS',,nfl,,,,,,,,,,,,,,phase1:excluded_spec
KXNFLESCALATORRECYDS,Football,Pro Football,player_prop,excluded_spec,no payoff parser for suffix 'ESCALATORRECYDS',,nfl,,,,,,,,,,,,,,phase1:excluded_spec
KXNFLESCALATORRSHYDS,Football,Pro Football,player_prop,excluded_spec,no payoff parser for suffix 'ESCALATORRSHYDS',,nfl,,,,,,,,,,,,,,phase1:excluded_spec
KXNFLPASSINT,Football,Pro Football,player_prop,excluded_spec,no payoff parser for suffix 'PASSINT',,nfl,,,,,,,,,,,,,,phase1:excluded_spec
KXNCAAFTEAMRECTD,Football,NCAA Football,player_prop,excluded_spec,no payoff parser for suffix 'TEAMRECTD',,ncaaf,,,,,,,,,,,,,,phase1:excluded_spec
KXNFLLADDERRECYDS,Football,Pro Football,player_prop,excluded_spec,no payoff parser for suffix 'LADDERRECYDS',,nfl,,,,,,,,,,,,,,phase1:excluded_spec
KXNFLPASSATT,Football,Pro Football,player_prop,excluded_spec,no payoff parser for suffix 'PASSATT',,nfl,,,,,,,,,,,,,,phase1:excluded_spec
KXNFLTEAMSACK,Football,Pro Football,player_prop,excluded_spec,no payoff parser for suffix 'TEAMSACK',,nfl,,,,,,,,,,,,,,phase1:excluded_spec
KXNFLFG,Football,Pro Football,player_prop,excluded_spec,no payoff parser for suffix 'FG',,nfl,,,,,,,,,,,,,,phase1:excluded_spec
KXNFLDSTTD,Football,Pro Football,player_prop,excluded_spec,no payoff parser for suffix 'DSTTD',,nfl,,,,,,,,,,,,,,phase1:excluded_spec
KXNFLPASSCOMP,Football,Pro Football,player_prop,excluded_spec,no payoff parser for suffix 'PASSCOMP',,nfl,,,,,,,,,,,,,,phase1:excluded_spec
KXNFLFIRSTTDTIME,Football,Pro Football,player_prop,excluded_spec,no payoff parser for suffix 'FIRSTTDTIME',,nfl,,,,,,,,,,,,,,phase1:excluded_spec
KXNFLMOSTRSHYDS,Football,Pro Football,player_prop,excluded_spec,no payoff parser for suffix 'MOSTRSHYDS',,nfl,,,,,,,,,,,,,,phase1:excluded_spec
KXNFLTEAMYDS,Football,Pro Football,player_prop,excluded_spec,no payoff parser for suffix 'TEAMYDS',,nfl,,,,,,,,,,,,,,phase1:excluded_spec
KXNFLESCALATORREC,Football,Pro Football,player_prop,excluded_spec,no payoff parser for suffix 'ESCALATORREC',,nfl,,,,,,,,,,,,,,phase1:excluded_spec
KXNCAAFTEAMRECYDS,Football,NCAA Football,player_prop,excluded_spec,no payoff parser for suffix 'TEAMRECYDS',,ncaaf,,,,,,,,,,,,,,phase1:excluded_spec
KXNFLFFPTSLADDER,Football,Pro Football,player_prop,excluded_spec,no payoff parser for suffix 'FFPTSLADDER',,nfl,,,,,,,,,,,,,,phase1:excluded_spec
KXNFLLADDERREC,Football,Pro Football,player_prop,excluded_spec,no payoff parser for suffix 'LADDERREC',,nfl,,,,,,,,,,,,,,phase1:excluded_spec
KXNFLTEAMTD,Football,Pro Football,player_prop,excluded_spec,no payoff parser for suffix 'TEAMTD',,nfl,,,,,,,,,,,,,,phase1:excluded_spec
KXLEADERNFLPYDS,Football,Pro Football,player_prop,not_attempted_supported_sport,player/appearance-conditioned; pregame participation not reconstructable as-of (not modelled),,,,,,,,,,,,,,,,phase1:not_attempted_supported_sport
KXNCAAFTEAMTD,Football,NCAA Football,player_prop,excluded_spec,no payoff parser for suffix 'TEAMTD',,ncaaf,,,,,,,,,,,,,,phase1:excluded_spec
KXNFLLONGREC,Football,Pro Football,player_prop,excluded_spec,no payoff parser for suffix 'LONGREC',,nfl,,,,,,,,,,,,,,phase1:excluded_spec
KXNFLLONGRSH,Football,Pro Football,player_prop,excluded_spec,no payoff parser for suffix 'LONGRSH',,nfl,,,,,,,,,,,,,,phase1:excluded_spec
KXNCAAFDSTTD,Football,NCAA Football,player_prop,excluded_spec,no payoff parser for suffix 'DSTTD',,ncaaf,,,,,,,,,,,,,,phase1:excluded_spec
KXLEADERNFLRYDS,Football,Pro Football,player_prop,not_attempted_supported_sport,player/appearance-conditioned; pregame participation not reconstructable as-of (not modelled),,,,,,,,,,,,,,,,phase1:not_attempted_supported_sport
KXNFLGAMETD,Football,Pro Football,player_prop,excluded_spec,no payoff parser for suffix 'GAMETD',,nfl,,,,,,,,,,,,,,phase1:excluded_spec
KXNFLSEASONRECYDS,Football,Pro Football,player_prop,excluded_spec,no payoff parser for suffix 'SEASONRECYDS',,nfl,,,,,,,,,,,,,,phase1:excluded_spec
KXNFLTOTALTD,Football,Pro Football,player_prop,excluded_spec,no payoff parser for suffix 'TOTALTD',,nfl,,,,,,,,,,,,,,phase1:excluded_spec
KXNFLSEASONPASSYDS,Football,Pro Football,player_prop,excluded_spec,no payoff parser for suffix 'SEASONPASSYDS',,nfl,,,,,,,,,,,,,,phase1:excluded_spec
KXLEADERNFLRUSHYDS,Football,Pro Football,player_prop,not_attempted_supported_sport,player/appearance-conditioned; pregame participation not reconstructable as-of (not modelled),,,,,,,,,,,,,,,,phase1:not_attempted_supported_sport
KXNFL1YDPASS,Football,Pro Football,player_prop,excluded_spec,no payoff parser for suffix '1YDPASS',,nfl,,,,,,,,,,,,,,phase1:excluded_spec
KXLEADERNFLRTDS,Football,Pro Football,player_prop,not_attempted_supported_sport,player/appearance-conditioned; pregame participation not reconstructable as-of (not modelled),,,,,,,,,,,,,,,,phase1:not_attempted_supported_sport
KXNFLLADDERRSHYDS,Football,Pro Football,player_prop,excluded_spec,no payoff parser for suffix 'LADDERRSHYDS',,nfl,,,,,,,,,,,,,,phase1:excluded_spec
KXNCAAFTEAMRSHTD,Football,NCAA Football,player_prop,excluded_spec,no payoff parser for suffix 'TEAMRSHTD',,ncaaf,,,,,,,,,,,,,,phase1:excluded_spec
KXNFLSEASONRSHYDS,Football,Pro Football,player_prop,excluded_spec,no payoff parser for suffix 'SEASONRSHYDS',,nfl,,,,,,,,,,,,,,phase1:excluded_spec
KXLEADERNFLRUSHTDS,Football,Pro Football,player_prop,not_attempted_supported_sport,player/appearance-conditioned; pregame participation not reconstructable as-of (not modelled),,,,,,,,,,,,,,,,phase1:not_attempted_supported_sport
KXLEADERNFLPTDS,Football,Pro Football,player_prop,not_attempted_supported_sport,player/appearance-conditioned; pregame participation not reconstructable as-of (not modelled),,,,,,,,,,,,,,,,phase1:not_attempted_supported_sport
KXNCAAFTEAMYDS,Football,NCAA Football,player_prop,excluded_spec,no payoff parser for suffix 'TEAMYDS',,ncaaf,,,,,,,,,,,,,,phase1:excluded_spec
KXNFLSEASONRSHTD,Football,Pro Football,player_prop,excluded_spec,no payoff parser for suffix 'SEASONRSHTD',,nfl,,,,,,,,,,,,,,phase1:excluded_spec
KXNFLSEASONRECTD,Football,Pro Football,player_prop,excluded_spec,no payoff parser for suffix 'SEASONRECTD',,nfl,,,,,,,,,,,,,,phase1:excluded_spec
KXNCAAFTEAMFG,Football,NCAA Football,player_prop,excluded_spec,no payoff parser for suffix 'TEAMFG',,ncaaf,,,,,,,,,,,,,,phase1:excluded_spec
KXNFLSEASONPASSTDS,Football,Pro Football,player_prop,excluded_spec,no payoff parser for suffix 'SEASONPASSTDS',,nfl,,,,,,,,,,,,,,phase1:excluded_spec
KXNFLWEEKMOSTPASSYDS,Football,Pro Football,player_prop,excluded_spec,no payoff parser for suffix 'WEEKMOSTPASSYDS',,nfl,,,,,,,,,,,,,,phase1:excluded_spec
KXNFLRECYDSRECORD,Football,Pro Football,player_prop,excluded_spec,no payoff parser for suffix 'RECYDSRECORD',,nfl,,,,,,,,,,,,,,phase1:excluded_spec
KXNFLWEEKMOSTRECYDS,Football,Pro Football,player_prop,excluded_spec,no payoff parser for suffix 'WEEKMOSTRECYDS',,nfl,,,,,,,,,,,,,,phase1:excluded_spec
KXNFLWEEKMOSTRSHYDS,Football,Pro Football,player_prop,excluded_spec,no payoff parser for suffix 'WEEKMOSTRSHYDS',,nfl,,,,,,,,,,,,,,phase1:excluded_spec
KXNFLLONGESTFG,Football,Pro Football,player_prop,excluded_spec,no payoff parser for suffix 'LONGESTFG',,nfl,,,,,,,,,,,,,,phase1:excluded_spec
KXNFLTDPROT,Football,Pro Football,player_prop,excluded_spec,no payoff parser for suffix 'TDPROT',,nfl,,,,,,,,,,,,,,phase1:excluded_spec
KXNCAAFTEAMINT,Football,NCAA Football,player_prop,excluded_spec,no payoff parser for suffix 'TEAMINT',,ncaaf,,,,,,,,,,,,,,phase1:excluded_spec
KXNFL60YARDFGS,Football,Pro Football,player_prop,excluded_spec,no payoff parser for suffix '60YARDFGS',,nfl,,,,,,,,,,,,,,phase1:excluded_spec
KXNCAAFTEAMTO,Football,NCAA Football,player_prop,excluded_spec,no payoff parser for suffix 'TEAMTO',,ncaaf,,,,,,,,,,,,,,phase1:excluded_spec
KXNFLCAREERRSHYDS,Football,Pro Football,player_prop,excluded_spec,no payoff parser for suffix 'CAREERRSHYDS',,nfl,,,,,,,,,,,,,,phase1:excluded_spec
KXNCAAFTOTALTD,Football,NCAA Football,player_prop,excluded_spec,no payoff parser for suffix 'TOTALTD',,ncaaf,,,,,,,,,,,,,,phase1:excluded_spec
KXNFLCAREERRECYDS,Football,Pro Football,player_prop,excluded_spec,no payoff parser for suffix 'CAREERRECYDS',,nfl,,,,,,,,,,,,,,phase1:excluded_spec
KXNFLCAREERPASSYDS,Football,Pro Football,player_prop,excluded_spec,no payoff parser for suffix 'CAREERPASSYDS',,nfl,,,,,,,,,,,,,,phase1:excluded_spec
KXNCAAFTEAMSACK,Football,NCAA Football,player_prop,excluded_spec,no payoff parser for suffix 'TEAMSACK',,ncaaf,,,,,,,,,,,,,,phase1:excluded_spec
KXNCAAFTOTALFG,Football,NCAA Football,player_prop,excluded_spec,no payoff parser for suffix 'TOTALFG',,ncaaf,,,,,,,,,,,,,,phase1:excluded_spec
KXEPLANYGOAL,Football,,player_prop,not_attempted_supported_sport,player/appearance-conditioned; pregame participation not reconstructable as-of (not modelled),,,,,,,,,,,,,,,,phase1:not_attempted_supported_sport
KXNCAAFTEAMREC,Football,,player_prop,not_attempted_supported_sport,player/appearance-conditioned; pregame participation not reconstructable as-of (not modelled),,,,,,,,,,,,,,,,phase1:not_attempted_supported_sport
KXNCAAFTEAMRSHATT,Football,,player_prop,not_attempted_supported_sport,player/appearance-conditioned; pregame participation not reconstructable as-of (not modelled),,,,,,,,,,,,,,,,phase1:not_attempted_supported_sport
KXNCAAFTEAMRSHYDS,Football,,player_prop,not_attempted_supported_sport,player/appearance-conditioned; pregame participation not reconstructable as-of (not modelled),,,,,,,,,,,,,,,,phase1:not_attempted_supported_sport
KXNFL1HTD,Football,,player_prop,not_attempted_supported_sport,player/appearance-conditioned; pregame participation not reconstructable as-of (not modelled),,,,,,,,,,,,,,,,phase1:not_attempted_supported_sport
KXNFL2HTD,Football,,player_prop,not_attempted_supported_sport,player/appearance-conditioned; pregame participation not reconstructable as-of (not modelled),,,,,,,,,,,,,,,,phase1:not_attempted_supported_sport
KXNFLCAREERPASSTDS,Football,,player_prop,not_attempted_supported_sport,player/appearance-conditioned; pregame participation not reconstructable as-of (not modelled),,,,,,,,,,,,,,,,phase1:not_attempted_supported_sport
KXNFLCAREERRSHTDS,Football,,player_prop,not_attempted_supported_sport,player/appearance-conditioned; pregame participation not reconstructable as-of (not modelled),,,,,,,,,,,,,,,,phase1:not_attempted_supported_sport
KXNFLGAMEFG,Football,,player_prop,not_attempted_supported_sport,player/appearance-conditioned; pregame participation not reconstructable as-of (not modelled),,,,,,,,,,,,,,,,phase1:not_attempted_supported_sport
KXNFLINT,Football,,player_prop,not_attempted_supported_sport,player/appearance-conditioned; pregame participation not reconstructable as-of (not modelled),,,,,,,,,,,,,,,,phase1:not_attempted_supported_sport
KXNFLLONGESTPLAY,Football,Pro Football,player_prop,excluded_spec,no payoff parser for suffix 'LONGESTPLAY',,nfl,,,,,,,,,,,,,,phase1:excluded_spec
KXNFLLONGESTREC,Football,,player_prop,not_attempted_supported_sport,player/appearance-conditioned; pregame participation not reconstructable as-of (not modelled),,,,,,,,,,,,,,,,phase1:not_attempted_supported_sport
KXNFLLONGESTTD,Football,Pro Football,player_prop,excluded_spec,no payoff parser for suffix 'LONGESTTD',,nfl,,,,,,,,,,,,,,phase1:excluded_spec
KXNFLLONGFG,Football,,player_prop,not_attempted_supported_sport,player/appearance-conditioned; pregame participation not reconstructable as-of (not modelled),,,,,,,,,,,,,,,,phase1:not_attempted_supported_sport
KXNFLPASSYDSH2H,Football,,player_prop,not_attempted_supported_sport,player/appearance-conditioned; pregame participation not reconstructable as-of (not modelled),,,,,,,,,,,,,,,,phase1:not_attempted_supported_sport
KXNFLRECYDSH2H,Football,Pro Football,player_prop,excluded_spec,no payoff parser for suffix 'RECYDSH2H',,nfl,,,,,,,,,,,,,,phase1:excluded_spec
KXNFLRSHYDSH2H,Football,,player_prop,not_attempted_supported_sport,player/appearance-conditioned; pregame participation not reconstructable as-of (not modelled),,,,,,,,,,,,,,,,phase1:not_attempted_supported_sport
KXNFLSACK,Football,,player_prop,not_attempted_supported_sport,player/appearance-conditioned; pregame participation not reconstructable as-of (not modelled),,,,,,,,,,,,,,,,phase1:not_attempted_supported_sport
KXNFLSEASONRUSHYDS,Football,,player_prop,not_attempted_supported_sport,player/appearance-conditioned; pregame participation not reconstructable as-of (not modelled),,,,,,,,,,,,,,,,phase1:not_attempted_supported_sport
KXNFLSHORTESTTD,Football,Pro Football,player_prop,excluded_spec,no payoff parser for suffix 'SHORTESTTD',,nfl,,,,,,,,,,,,,,phase1:excluded_spec
KXNFLTEAM1STDOWNS,Football,,player_prop,not_attempted_supported_sport,player/appearance-conditioned; pregame participation not reconstructable as-of (not modelled),,,,,,,,,,,,,,,,phase1:not_attempted_supported_sport
KXNFLTEAMFG,Football,,player_prop,not_attempted_supported_sport,player/appearance-conditioned; pregame participation not reconstructable as-of (not modelled),,,,,,,,,,,,,,,,phase1:not_attempted_supported_sport
KXNFLTEAMTO,Football,,player_prop,not_attempted_supported_sport,player/appearance-conditioned; pregame participation not reconstructable as-of (not modelled),,,,,,,,,,,,,,,,phase1:not_attempted_supported_sport
KXNFLTKL,Football,,player_prop,not_attempted_supported_sport,player/appearance-conditioned; pregame participation not reconstructable as-of (not modelled),,,,,,,,,,,,,,,,phase1:not_attempted_supported_sport
KXNCAAFTOPAPRANK,Football,NCAA Football,rankings_polls,not_attempted_supported_sport,rankings/polls: poll processes (KenPom paid),,,,,,,,,,,,,,,,phase1:not_attempted_supported_sport
KXNFLT100TOP,Football,Pro Football,rankings_polls,not_attempted_supported_sport,rankings/polls: poll processes (KenPom paid),,,,,,,,,,,,,,,,phase1:not_attempted_supported_sport
KXCOLLEGEGAMEDAY,Football,NCAA Football,rankings_polls,not_attempted_supported_sport,rankings/polls: poll processes (KenPom paid),,,,,,,,,,,,,,,,phase1:not_attempted_supported_sport
KXNCAAFAPRANK,Football,NCAA Football,rankings_polls,not_attempted_supported_sport,rankings/polls: poll processes (KenPom paid),,,,,,,,,,,,,,,,phase1:not_attempted_supported_sport
KXNFLT100,Football,Pro Football,rankings_polls,not_attempted_supported_sport,rankings/polls: poll processes (KenPom paid),,,,,,,,,,,,,,,,phase1:not_attempted_supported_sport
KXCOLLEGEGAMEDAYGUEST,Football,NCAA Football,rankings_polls,not_attempted_supported_sport,rankings/polls: poll processes (KenPom paid),,,,,,,,,,,,,,,,phase1:not_attempted_supported_sport
KXNCAAFAPANY,Football,NCAA Football,rankings_polls,not_attempted_supported_sport,rankings/polls: poll processes (KenPom paid),,,,,,,,,,,,,,,,phase1:not_attempted_supported_sport
KXNCAAFCFPPOLL,Football,NCAA Football,rankings_polls,not_attempted_supported_sport,rankings/polls: poll processes (KenPom paid),,,,,,,,,,,,,,,,phase1:not_attempted_supported_sport
KXNCAAFTOPCFPPOLL,Football,NCAA Football,rankings_polls,not_attempted_supported_sport,rankings/polls: poll processes (KenPom paid),,,,,,,,,,,,,,,,phase1:not_attempted_supported_sport
KXNCAAFAPCHURN,Football,NCAA Football,rankings_polls,not_attempted_supported_sport,rankings/polls: poll processes (KenPom paid),,,,,,,,,,,,,,,,phase1:not_attempted_supported_sport
KXKXNCAAFTOPCFPPOLL,Football,,rankings_polls,not_attempted_supported_sport,rankings/polls: poll processes (KenPom paid),,,,,,,,,,,,,,,,phase1:not_attempted_supported_sport
KXNFLWINMARGIN,Football,Pro Football,score_props,excluded_spec,no payoff parser for suffix 'WINMARGIN',,nfl,,,,,,,,,,,,,,phase1:excluded_spec
KXNFLOT,Football,Pro Football,score_props,excluded_spec,no payoff parser for suffix 'OT',,nfl,,,,,,,,,,,,,,phase1:excluded_spec
KXNFL1HFT,Football,Pro Football,score_props,excluded_spec,no payoff parser for suffix '1HFT',,nfl,,,,,,,,,,,,,,phase1:excluded_spec
KXNFLFIRSTTDTEAM,Football,Pro Football,score_props,excluded_spec,no payoff parser for suffix 'FIRSTTDTEAM',,nfl,,,,,,,,,,,,,,phase1:excluded_spec
KXNFLRACE,Football,Pro Football,score_props,excluded_spec,no payoff parser for suffix 'RACE',,nfl,,,,,,,,,,,,,,phase1:excluded_spec
KXNCAAFOT,Football,NCAA Football,score_props,excluded_spec,no payoff parser for suffix 'OT',,ncaaf,,,,,,,,,,,,,,phase1:excluded_spec
KXNCAAFFIRSTTDTEAM,Football,NCAA Football,score_props,excluded_spec,no payoff parser for suffix 'FIRSTTDTEAM',,ncaaf,,,,,,,,,,,,,,phase1:excluded_spec
KXNFLNEXTTD,Football,Pro Football,score_props,excluded_spec,no payoff parser for suffix 'NEXTTD',,nfl,,,,,,,,,,,,,,phase1:excluded_spec
KXNFLTIE,Football,Pro Football,score_props,excluded_spec,no payoff parser for suffix 'TIE',,nfl,,,,,,,,,,,,,,phase1:excluded_spec
KXNFL2PTCONV,Football,Pro Football,score_props,excluded_spec,no payoff parser for suffix '2PTCONV',,nfl,,,,,,,,,,,,,,phase1:excluded_spec
KXNCAAF1HFT,Football,NCAA Football,score_props,excluded_spec,no payoff parser for suffix '1HFT',,ncaaf,,,,,,,,,,,,,,phase1:excluded_spec
KXNFLBOTH,Football,Pro Football,score_props,excluded_spec,no payoff parser for suffix 'BOTH',,nfl,,,,,,,,,,,,,,phase1:excluded_spec
KXNFLSFTY,Football,Pro Football,score_props,excluded_spec,no payoff parser for suffix 'SFTY',,nfl,,,,,,,,,,,,,,phase1:excluded_spec
KXNFL1QBTTS,Football,Pro Football,score_props,excluded_spec,no payoff parser for suffix '1QBTTS',,nfl,,,,,,,,,,,,,,phase1:excluded_spec
KXNFLEQBTTS,Football,Pro Football,score_props,excluded_spec,no payoff parser for suffix 'EQBTTS',,nfl,,,,,,,,,,,,,,phase1:excluded_spec
KXNFL2QBTTS,Football,Pro Football,score_props,excluded_spec,no payoff parser for suffix '2QBTTS',,nfl,,,,,,,,,,,,,,phase1:excluded_spec
KXNFL3QBTTS,Football,Pro Football,score_props,excluded_spec,no payoff parser for suffix '3QBTTS',,nfl,,,,,,,,,,,,,,phase1:excluded_spec
KXNCAAF2PT,Football,NCAA Football,score_props,excluded_spec,no payoff parser for suffix '2PT',,ncaaf,,,,,,,,,,,,,,phase1:excluded_spec
KXNFL4QBTTS,Football,Pro Football,score_props,excluded_spec,no payoff parser for suffix '4QBTTS',,nfl,,,,,,,,,,,,,,phase1:excluded_spec
KXNCAAFDELAY,Football,NCAA Football,score_props,excluded_spec,no payoff parser for suffix 'DELAY',,ncaaf,,,,,,,,,,,,,,phase1:excluded_spec
KXNFLWEEKTIE,Football,Pro Football,score_props,excluded_spec,no payoff parser for suffix 'WEEKTIE',,nfl,,,,,,,,,,,,,,phase1:excluded_spec
KXNFLDELAY,Football,Pro Football,score_props,excluded_spec,no payoff parser for suffix 'DELAY',,nfl,,,,,,,,,,,,,,phase1:excluded_spec
KXNCAAF1QBTTS,Football,,score_props,not_attempted_supported_sport,no traded markets,,,,,,,,,,,,,,,,phase1:not_attempted_supported_sport
KXNCAAF2QBTTS,Football,,score_props,not_attempted_supported_sport,no traded markets,,,,,,,,,,,,,,,,phase1:not_attempted_supported_sport
KXNCAAF3QBTTS,Football,,score_props,not_attempted_supported_sport,no traded markets,,,,,,,,,,,,,,,,phase1:not_attempted_supported_sport
KXNCAAF4QBTTS,Football,,score_props,not_attempted_supported_sport,no traded markets,,,,,,,,,,,,,,,,phase1:not_attempted_supported_sport
KXNCAAFEQBTTS,Football,,score_props,not_attempted_supported_sport,no traded markets,,,,,,,,,,,,,,,,phase1:not_attempted_supported_sport
KXNCAAFFTTS,Football,,score_props,not_attempted_supported_sport,no traded markets,,,,,,,,,,,,,,,,phase1:not_attempted_supported_sport
KXNFLSAFETY,Football,,score_props,not_attempted_supported_sport,no traded markets,,,,,,,,,,,,,,,,phase1:not_attempted_supported_sport
KXNFLMVP,Football,Pro Football,season_wins,not_attempted_supported_sport,season totals: one outcome per team-season; prospective capture required,,,,,,,,,,,,,,,,phase1:not_attempted_supported_sport
KXNFL1SEED,Football,Pro Football,season_wins,not_attempted_supported_sport,season totals: one outcome per team-season; prospective capture required,,,,,,,,,,,,,,,,phase1:not_attempted_supported_sport
KXNFLWINS-DAL,Football,Pro Football,season_wins,not_attempted_supported_sport,season totals: one outcome per team-season; prospective capture required,,,,,,,,,,,,,,,,phase1:not_attempted_supported_sport
KXNFLWINS-CHI,Football,Pro Football,season_wins,not_attempted_supported_sport,season totals: one outcome per team-season; prospective capture required,,,,,,,,,,,,,,,,phase1:not_attempted_supported_sport
KXNFLWINS-BAL,Football,Pro Football,season_wins,not_attempted_supported_sport,season totals: one outcome per team-season; prospective capture required,,,,,,,,,,,,,,,,phase1:not_attempted_supported_sport
KXNFLWINS-NYG,Football,Pro Football,season_wins,not_attempted_supported_sport,season totals: one outcome per team-season; prospective capture required,,,,,,,,,,,,,,,,phase1:not_attempted_supported_sport
KXNFLWINS-IND,Football,Pro Football,season_wins,not_attempted_supported_sport,season totals: one outcome per team-season; prospective capture required,,,,,,,,,,,,,,,,phase1:not_attempted_supported_sport
KXNFLWINS-SEA,Football,Pro Football,season_wins,not_attempted_supported_sport,season totals: one outcome per team-season; prospective capture required,,,,,,,,,,,,,,,,phase1:not_attempted_supported_sport
KXNFLWINS-SF,Football,Pro Football,season_wins,not_attempted_supported_sport,season totals: one outcome per team-season; prospective capture required,,,,,,,,,,,,,,,,phase1:not_attempted_supported_sport
KXNFLWINS-MIA,Football,Pro Football,season_wins,not_attempted_supported_sport,season totals: one outcome per team-season; prospective capture required,,,,,,,,,,,,,,,,phase1:not_attempted_supported_sport
KXNFLWINS-CIN,Football,Pro Football,season_wins,not_attempted_supported_sport,season totals: one outcome per team-season; prospective capture required,,,,,,,,,,,,,,,,phase1:not_attempted_supported_sport
KXNFLWINS-NE,Football,Pro Football,season_wins,not_attempted_supported_sport,season totals: one outcome per team-season; prospective capture required,,,,,,,,,,,,,,,,phase1:not_attempted_supported_sport
KXNFLWINS-KC,Football,Pro Football,season_wins,not_attempted_supported_sport,season totals: one outcome per team-season; prospective capture required,,,,,,,,,,,,,,,,phase1:not_attempted_supported_sport
KXNFLWINS-PIT,Football,Pro Football,season_wins,not_attempted_supported_sport,season totals: one outcome per team-season; prospective capture required,,,,,,,,,,,,,,,,phase1:not_attempted_supported_sport
KXNFLWINS-CLE,Football,Pro Football,season_wins,not_attempted_supported_sport,season totals: one outcome per team-season; prospective capture required,,,,,,,,,,,,,,,,phase1:not_attempted_supported_sport
KXNFLWINS-DET,Football,Pro Football,season_wins,not_attempted_supported_sport,season totals: one outcome per team-season; prospective capture required,,,,,,,,,,,,,,,,phase1:not_attempted_supported_sport
KXNFLWINS-WAS,Football,Pro Football,season_wins,not_attempted_supported_sport,season totals: one outcome per team-season; prospective capture required,,,,,,,,,,,,,,,,phase1:not_attempted_supported_sport
KXNFLWINS-CAR,Football,Pro Football,season_wins,not_attempted_supported_sport,season totals: one outcome per team-season; prospective capture required,,,,,,,,,,,,,,,,phase1:not_attempted_supported_sport
KXNFLWINS-HOU,Football,Pro Football,season_wins,not_attempted_supported_sport,season totals: one outcome per team-season; prospective capture required,,,,,,,,,,,,,,,,phase1:not_attempted_supported_sport
KXNFLWINS-NO,Football,Pro Football,season_wins,not_attempted_supported_sport,season totals: one outcome per team-season; prospective capture required,,,,,,,,,,,,,,,,phase1:not_attempted_supported_sport
KXNFLWINS-GB,Football,Pro Football,season_wins,not_attempted_supported_sport,season totals: one outcome per team-season; prospective capture required,,,,,,,,,,,,,,,,phase1:not_attempted_supported_sport
KXNFLWINS-PHI,Football,Pro Football,season_wins,not_attempted_supported_sport,season totals: one outcome per team-season; prospective capture required,,,,,,,,,,,,,,,,phase1:not_attempted_supported_sport
KXNFLWINS-NYJ,Football,Pro Football,season_wins,not_attempted_supported_sport,season totals: one outcome per team-season; prospective capture required,,,,,,,,,,,,,,,,phase1:not_attempted_supported_sport
KXNFLWINS-MIN,Football,Pro Football,season_wins,not_attempted_supported_sport,season totals: one outcome per team-season; prospective capture required,,,,,,,,,,,,,,,,phase1:not_attempted_supported_sport
KXNFLWINS-BUF,Football,Pro Football,season_wins,not_attempted_supported_sport,season totals: one outcome per team-season; prospective capture required,,,,,,,,,,,,,,,,phase1:not_attempted_supported_sport
KXNFLWINS-TEN,Football,Pro Football,season_wins,not_attempted_supported_sport,season totals: one outcome per team-season; prospective capture required,,,,,,,,,,,,,,,,phase1:not_attempted_supported_sport
KXNFLWINS-ATL,Football,Pro Football,season_wins,not_attempted_supported_sport,season totals: one outcome per team-season; prospective capture required,,,,,,,,,,,,,,,,phase1:not_attempted_supported_sport
KXNFLWINS-TB,Football,Pro Football,season_wins,not_attempted_supported_sport,season totals: one outcome per team-season; prospective capture required,,,,,,,,,,,,,,,,phase1:not_attempted_supported_sport
KXNFLWINS-JAC,Football,Pro Football,season_wins,not_attempted_supported_sport,season totals: one outcome per team-season; prospective capture required,,,,,,,,,,,,,,,,phase1:not_attempted_supported_sport
KXNFLWINS-LV,Football,Pro Football,season_wins,not_attempted_supported_sport,season totals: one outcome per team-season; prospective capture required,,,,,,,,,,,,,,,,phase1:not_attempted_supported_sport
KXNFLWINS-LAC,Football,Pro Football,season_wins,not_attempted_supported_sport,season totals: one outcome per team-season; prospective capture required,,,,,,,,,,,,,,,,phase1:not_attempted_supported_sport
KXNFLWINS-DEN,Football,Pro Football,season_wins,not_attempted_supported_sport,season totals: one outcome per team-season; prospective capture required,,,,,,,,,,,,,,,,phase1:not_attempted_supported_sport
KXNFLWINS-ARI,Football,Pro Football,season_wins,not_attempted_supported_sport,season totals: one outcome per team-season; prospective capture required,,,,,,,,,,,,,,,,phase1:not_attempted_supported_sport
KXNFLTEAMPTS,Football,Pro Football,season_wins,not_attempted_supported_sport,season totals: one outcome per team-season; prospective capture required,,,,,,,,,,,,,,,,phase1:not_attempted_supported_sport
KXNFLWINS-LA,Football,Pro Football,season_wins,not_attempted_supported_sport,season totals: one outcome per team-season; prospective capture required,,,,,,,,,,,,,,,,phase1:not_attempted_supported_sport
KXNCAAFSEED,Football,NCAA Football,season_wins,not_attempted_supported_sport,season totals: one outcome per team-season; prospective capture required,,,,,,,,,,,,,,,,phase1:not_attempted_supported_sport
KXNFLSACKRECORD,Football,Pro Football,season_wins,not_attempted_supported_sport,season totals: one outcome per team-season; prospective capture required,,,,,,,,,,,,,,,,phase1:not_attempted_supported_sport
KXNFLEXACTWINSSEA,Football,Pro Football,season_wins,not_attempted_supported_sport,season totals: one outcome per team-season; prospective capture required,,,,,,,,,,,,,,,,phase1:not_attempted_supported_sport
KXNFLEXACTWINSBAL,Football,Pro Football,season_wins,not_attempted_supported_sport,season totals: one outcome per team-season; prospective capture required,,,,,,,,,,,,,,,,phase1:not_attempted_supported_sport
KXNFLSEED,Football,Pro Football,season_wins,not_attempted_supported_sport,season totals: one outcome per team-season; prospective capture required,,,,,,,,,,,,,,,,phase1:not_attempted_supported_sport
KXNFLEXACTWINSPIT,Football,Pro Football,season_wins,not_attempted_supported_sport,season totals: one outcome per team-season; prospective capture required,,,,,,,,,,,,,,,,phase1:not_attempted_supported_sport
KXNFLEXACTWINSLA,Football,Pro Football,season_wins,not_attempted_supported_sport,season totals: one outcome per team-season; prospective capture required,,,,,,,,,,,,,,,,phase1:not_attempted_supported_sport
KXNFLWINS-ANY,Football,Pro Football,season_wins,not_attempted_supported_sport,season totals: one outcome per team-season; prospective capture required,,,,,,,,,,,,,,,,phase1:not_attempted_supported_sport
KXNFLEXACTWINSBUF,Football,Pro Football,season_wins,not_attempted_supported_sport,season totals: one outcome per team-season; prospective capture required,,,,,,,,,,,,,,,,phase1:not_attempted_supported_sport
KXNFLEXACTWINSSF,Football,Pro Football,season_wins,not_attempted_supported_sport,season totals: one outcome per team-season; prospective capture required,,,,,,,,,,,,,,,,phase1:not_attempted_supported_sport
KXNFLEXACTWINSGB,Football,Pro Football,season_wins,not_attempted_supported_sport,season totals: one outcome per team-season; prospective capture required,,,,,,,,,,,,,,,,phase1:not_attempted_supported_sport
KXNFLEXACTWINSMIN,Football,Pro Football,season_wins,not_attempted_supported_sport,season totals: one outcome per team-season; prospective capture required,,,,,,,,,,,,,,,,phase1:not_attempted_supported_sport
KXNFLEXACTWINSDAL,Football,Pro Football,season_wins,not_attempted_supported_sport,season totals: one outcome per team-season; prospective capture required,,,,,,,,,,,,,,,,phase1:not_attempted_supported_sport
KXNFLEXACTWINSKC,Football,Pro Football,season_wins,not_attempted_supported_sport,season totals: one outcome per team-season; prospective capture required,,,,,,,,,,,,,,,,phase1:not_attempted_supported_sport
KXNFLEXACTWINSCHI,Football,Pro Football,season_wins,not_attempted_supported_sport,season totals: one outcome per team-season; prospective capture required,,,,,,,,,,,,,,,,phase1:not_attempted_supported_sport
KXNFLEXACTWINSCAR,Football,Pro Football,season_wins,not_attempted_supported_sport,season totals: one outcome per team-season; prospective capture required,,,,,,,,,,,,,,,,phase1:not_attempted_supported_sport
KXNFLDIVMOSTWINS,Football,Pro Football,season_wins,not_attempted_supported_sport,season totals: one outcome per team-season; prospective capture required,,,,,,,,,,,,,,,,phase1:not_attempted_supported_sport
KXNFLEXACTWINSIND,Football,Pro Football,season_wins,not_attempted_supported_sport,season totals: one outcome per team-season; prospective capture required,,,,,,,,,,,,,,,,phase1:not_attempted_supported_sport
KXNFLEXACTWINSTB,Football,Pro Football,season_wins,not_attempted_supported_sport,season totals: one outcome per team-season; prospective capture required,,,,,,,,,,,,,,,,phase1:not_attempted_supported_sport
KXNFLEXACTWINSNE,Football,Pro Football,season_wins,not_attempted_supported_sport,season totals: one outcome per team-season; prospective capture required,,,,,,,,,,,,,,,,phase1:not_attempted_supported_sport
KXNFLEXACTWINSHOU,Football,Pro Football,season_wins,not_attempted_supported_sport,season totals: one outcome per team-season; prospective capture required,,,,,,,,,,,,,,,,phase1:not_attempted_supported_sport
KXNFLEXACTWINSPHI,Football,Pro Football,season_wins,not_attempted_supported_sport,season totals: one outcome per team-season; prospective capture required,,,,,,,,,,,,,,,,phase1:not_attempted_supported_sport
KXNFLEXACTWINSJAC,Football,Pro Football,season_wins,not_attempted_supported_sport,season totals: one outcome per team-season; prospective capture required,,,,,,,,,,,,,,,,phase1:not_attempted_supported_sport
KXNFLNEXTINT,Football,Pro Football,season_wins,not_attempted_supported_sport,season totals: one outcome per team-season; prospective capture required,,,,,,,,,,,,,,,,phase1:not_attempted_supported_sport
KXNFLEXACTWINSMIA,Football,Pro Football,season_wins,not_attempted_supported_sport,season totals: one outcome per team-season; prospective capture required,,,,,,,,,,,,,,,,phase1:not_attempted_supported_sport
KXNFLEXACTWINSCIN,Football,Pro Football,season_wins,not_attempted_supported_sport,season totals: one outcome per team-season; prospective capture required,,,,,,,,,,,,,,,,phase1:not_attempted_supported_sport
KXNFLEXACTWINSDEN,Football,Pro Football,season_wins,not_attempted_supported_sport,season totals: one outcome per team-season; prospective capture required,,,,,,,,,,,,,,,,phase1:not_attempted_supported_sport
KXNFLEXACTWINSNO,Football,Pro Football,season_wins,not_attempted_supported_sport,season totals: one outcome per team-season; prospective capture required,,,,,,,,,,,,,,,,phase1:not_attempted_supported_sport
KXNFLEXACTWINSLAC,Football,Pro Football,season_wins,not_attempted_supported_sport,season totals: one outcome per team-season; prospective capture required,,,,,,,,,,,,,,,,phase1:not_attempted_supported_sport
KXNFLENDSTREAK,Football,Pro Football,season_wins,not_attempted_supported_sport,season totals: one outcome per team-season; prospective capture required,,,,,,,,,,,,,,,,phase1:not_attempted_supported_sport
KXNFLEXACTWINSNYJ,Football,Pro Football,season_wins,not_attempted_supported_sport,season totals: one outcome per team-season; prospective capture required,,,,,,,,,,,,,,,,phase1:not_attempted_supported_sport
KXNCAAFLSUTEX2X,Football,NCAA Football,season_wins,not_attempted_supported_sport,season totals: one outcome per team-season; prospective capture required,,,,,,,,,,,,,,,,phase1:not_attempted_supported_sport
KXNFLEXACTWINSTEN,Football,Pro Football,season_wins,not_attempted_supported_sport,season totals: one outcome per team-season; prospective capture required,,,,,,,,,,,,,,,,phase1:not_attempted_supported_sport
KXNFLEXACTWINSLV,Football,Pro Football,season_wins,not_attempted_supported_sport,season totals: one outcome per team-season; prospective capture required,,,,,,,,,,,,,,,,phase1:not_attempted_supported_sport
KXNFLEXACTWINSATL,Football,Pro Football,season_wins,not_attempted_supported_sport,season totals: one outcome per team-season; prospective capture required,,,,,,,,,,,,,,,,phase1:not_attempted_supported_sport
KXNFLDIVLEASTWINS,Football,Pro Football,season_wins,not_attempted_supported_sport,season totals: one outcome per team-season; prospective capture required,,,,,,,,,,,,,,,,phase1:not_attempted_supported_sport
KXNFLEXACTWINSWAS,Football,Pro Football,season_wins,not_attempted_supported_sport,season totals: one outcome per team-season; prospective capture required,,,,,,,,,,,,,,,,phase1:not_attempted_supported_sport
KXNFLEXACTWINSNYG,Football,Pro Football,season_wins,not_attempted_supported_sport,season totals: one outcome per team-season; prospective capture required,,,,,,,,,,,,,,,,phase1:not_attempted_supported_sport
KXNFLWINSTREAK,Football,Pro Football,season_wins,not_attempted_supported_sport,season totals: one outcome per team-season; prospective capture required,,,,,,,,,,,,,,,,phase1:not_attempted_supported_sport
KXNFLEXACTWINSDET,Football,Pro Football,season_wins,not_attempted_supported_sport,season totals: one outcome per team-season; prospective capture required,,,,,,,,,,,,,,,,phase1:not_attempted_supported_sport
KXNFLEXACTWINSCLE,Football,Pro Football,season_wins,not_attempted_supported_sport,season totals: one outcome per team-season; prospective capture required,,,,,,,,,,,,,,,,phase1:not_attempted_supported_sport
KXNFLEXACTWINSARI,Football,Pro Football,season_wins,not_attempted_supported_sport,season totals: one outcome per team-season; prospective capture required,,,,,,,,,,,,,,,,phase1:not_attempted_supported_sport
KXNFLSZNRECORD,Football,Pro Football,season_wins,not_attempted_supported_sport,season totals: one outcome per team-season; prospective capture required,,,,,,,,,,,,,,,,phase1:not_attempted_supported_sport
KXNFLWINNINGSTREAK,Football,,season_wins,not_attempted_supported_sport,season totals: one outcome per team-season; prospective capture required,,,,,,,,,,,,,,,,phase1:not_attempted_supported_sport
KXNCAAF1HSPREAD,Football,NCAA Football,segment,exploratory_evaluated,only 0 pre-test settled contracts (< 30),exploratory,ncaaf,segment,0,0,0,unavailable: training support below threshold,unavailable: segment markets (quarters/halves/innings): no new historical quotes by scope decision,0,0,0,0,0,0,38597,calibration_unavailable+blend_unavailable
KXNFL1HSPREAD,Football,Pro Football,segment,exploratory_evaluated,only 0 pre-test settled contracts (< 30),exploratory,nfl,segment,0,0,0,unavailable: training support below threshold,unavailable: segment markets (quarters/halves/innings): no new historical quotes by scope decision,0,0,0,0,0,0,12066,calibration_unavailable+blend_unavailable
KXNCAAF1HTOTAL,Football,NCAA Football,segment,exploratory_evaluated,only 0 pre-test settled contracts (< 30),exploratory,ncaaf,segment,0,0,0,unavailable: training support below threshold,unavailable: segment markets (quarters/halves/innings): no new historical quotes by scope decision,0,0,0,0,0,0,38597,calibration_unavailable+blend_unavailable
KXNFL1HTOTAL,Football,Pro Football,segment,exploratory_evaluated,only 0 pre-test settled contracts (< 30),exploratory,nfl,segment,0,0,0,unavailable: training support below threshold,unavailable: segment markets (quarters/halves/innings): no new historical quotes by scope decision,0,0,0,0,0,0,12066,calibration_unavailable+blend_unavailable
KXNFL1H,Football,Pro Football,segment,exploratory_evaluated,only 0 pre-test settled contracts (< 30),exploratory,nfl,segment,0,0,0,unavailable: training support below threshold,unavailable: segment markets (quarters/halves/innings): no new historical quotes by scope decision,0,0,0,0,0,0,12066,calibration_unavailable+blend_unavailable
KXNCAAF1H,Football,NCAA Football,segment,exploratory_evaluated,only 0 pre-test settled contracts (< 30),exploratory,ncaaf,segment,0,0,0,unavailable: training support below threshold,unavailable: segment markets (quarters/halves/innings): no new historical quotes by scope decision,0,0,0,0,0,0,38597,calibration_unavailable+blend_unavailable
KXNFL2HSPREAD,Football,Pro Football,segment,exploratory_evaluated,only 0 pre-test settled contracts (< 30),exploratory,nfl,segment,0,0,0,unavailable: training support below threshold,unavailable: segment markets (quarters/halves/innings): no new historical quotes by scope decision,0,0,0,0,0,0,12066,calibration_unavailable+blend_unavailable
KXNFL1QTOTAL,Football,Pro Football,segment,exploratory_evaluated,only 0 pre-test settled contracts (< 30),exploratory,nfl,segment,0,0,0,unavailable: training support below threshold,unavailable: segment markets (quarters/halves/innings): no new historical quotes by scope decision,0,0,0,0,0,0,12066,calibration_unavailable+blend_unavailable
KXNFL1Q,Football,Pro Football,segment,exploratory_evaluated,only 0 pre-test settled contracts (< 30),exploratory,nfl,segment,0,0,0,unavailable: training support below threshold,unavailable: segment markets (quarters/halves/innings): no new historical quotes by scope decision,0,0,0,0,0,0,12066,calibration_unavailable+blend_unavailable
KXNCAAF2HSPREAD,Football,NCAA Football,segment,exploratory_evaluated,only 0 pre-test settled contracts (< 30),exploratory,ncaaf,segment,0,0,0,unavailable: training support below threshold,unavailable: segment markets (quarters/halves/innings): no new historical quotes by scope decision,0,0,0,0,0,0,38597,calibration_unavailable+blend_unavailable
KXNFL1QSPREAD,Football,Pro Football,segment,exploratory_evaluated,only 0 pre-test settled contracts (< 30),exploratory,nfl,segment,0,0,0,unavailable: training support below threshold,unavailable: segment markets (quarters/halves/innings): no new historical quotes by scope decision,0,0,0,0,0,0,12066,calibration_unavailable+blend_unavailable
KXNCAAF1QSPREAD,Football,NCAA Football,segment,exploratory_evaluated,only 0 pre-test settled contracts (< 30),exploratory,ncaaf,segment,0,0,0,unavailable: training support below threshold,unavailable: segment markets (quarters/halves/innings): no new historical quotes by scope decision,0,0,0,0,0,0,38597,calibration_unavailable+blend_unavailable
KXNCAAF1QTOTAL,Football,NCAA Football,segment,exploratory_evaluated,only 0 pre-test settled contracts (< 30),exploratory,ncaaf,segment,0,0,0,unavailable: training support below threshold,unavailable: segment markets (quarters/halves/innings): no new historical quotes by scope decision,0,0,0,0,0,0,38597,calibration_unavailable+blend_unavailable
KXNFL1HWINNER,Football,Pro Football,segment,exploratory_evaluated,only 0 pre-test settled contracts (< 30),exploratory,nfl,segment,0,0,0,unavailable: training support below threshold,unavailable: segment markets (quarters/halves/innings): no new historical quotes by scope decision,0,0,0,0,0,0,12066,calibration_unavailable+blend_unavailable
KXNFL3QSPREAD,Football,Pro Football,segment,exploratory_evaluated,only 0 pre-test settled contracts (< 30),exploratory,nfl,segment,0,0,0,unavailable: training support below threshold,unavailable: segment markets (quarters/halves/innings): no new historical quotes by scope decision,0,0,0,0,0,0,12066,calibration_unavailable+blend_unavailable
KXNFL2HTOTAL,Football,Pro Football,segment,exploratory_evaluated,only 0 pre-test settled contracts (< 30),exploratory,nfl,segment,0,0,0,unavailable: training support below threshold,unavailable: segment markets (quarters/halves/innings): no new historical quotes by scope decision,0,0,0,0,0,0,12066,calibration_unavailable+blend_unavailable
KXNFL2H,Football,Pro Football,segment,exploratory_evaluated,only 0 pre-test settled contracts (< 30),exploratory,nfl,segment,0,0,0,unavailable: training support below threshold,unavailable: segment markets (quarters/halves/innings): no new historical quotes by scope decision,0,0,0,0,0,0,12066,calibration_unavailable+blend_unavailable
KXNFL3Q,Football,Pro Football,segment,exploratory_evaluated,only 0 pre-test settled contracts (< 30),exploratory,nfl,segment,0,0,0,unavailable: training support below threshold,unavailable: segment markets (quarters/halves/innings): no new historical quotes by scope decision,0,0,0,0,0,0,12066,calibration_unavailable+blend_unavailable
KXNFL3QTOTAL,Football,Pro Football,segment,exploratory_evaluated,only 0 pre-test settled contracts (< 30),exploratory,nfl,segment,0,0,0,unavailable: training support below threshold,unavailable: segment markets (quarters/halves/innings): no new historical quotes by scope decision,0,0,0,0,0,0,12066,calibration_unavailable+blend_unavailable
KXNCAAF3QSPREAD,Football,NCAA Football,segment,exploratory_evaluated,only 0 pre-test settled contracts (< 30),exploratory,ncaaf,segment,0,0,0,unavailable: training support below threshold,unavailable: segment markets (quarters/halves/innings): no new historical quotes by scope decision,0,0,0,0,0,0,38597,calibration_unavailable+blend_unavailable
KXNCAAF2HTOTAL,Football,NCAA Football,segment,exploratory_evaluated,only 0 pre-test settled contracts (< 30),exploratory,ncaaf,segment,0,0,0,unavailable: training support below threshold,unavailable: segment markets (quarters/halves/innings): no new historical quotes by scope decision,0,0,0,0,0,0,38597,calibration_unavailable+blend_unavailable
KXNFL4QSPREAD,Football,Pro Football,segment,exploratory_evaluated,only 0 pre-test settled contracts (< 30),exploratory,nfl,segment,0,0,0,unavailable: training support below threshold,unavailable: segment markets (quarters/halves/innings): no new historical quotes by scope decision,0,0,0,0,0,0,12066,calibration_unavailable+blend_unavailable
KXNFL2QSPREAD,Football,Pro Football,segment,exploratory_evaluated,only 0 pre-test settled contracts (< 30),exploratory,nfl,segment,0,0,0,unavailable: training support below threshold,unavailable: segment markets (quarters/halves/innings): no new historical quotes by scope decision,0,0,0,0,0,0,12066,calibration_unavailable+blend_unavailable
KXNFL2Q,Football,Pro Football,segment,exploratory_evaluated,only 0 pre-test settled contracts (< 30),exploratory,nfl,segment,0,0,0,unavailable: training support below threshold,unavailable: segment markets (quarters/halves/innings): no new historical quotes by scope decision,0,0,0,0,0,0,12066,calibration_unavailable+blend_unavailable
KXNFL4Q,Football,Pro Football,segment,exploratory_evaluated,only 0 pre-test settled contracts (< 30),exploratory,nfl,segment,0,0,0,unavailable: training support below threshold,unavailable: segment markets (quarters/halves/innings): no new historical quotes by scope decision,0,0,0,0,0,0,12066,calibration_unavailable+blend_unavailable
KXNCAAF3QTOTAL,Football,NCAA Football,segment,exploratory_evaluated,only 0 pre-test settled contracts (< 30),exploratory,ncaaf,segment,0,0,0,unavailable: training support below threshold,unavailable: segment markets (quarters/halves/innings): no new historical quotes by scope decision,0,0,0,0,0,0,38597,calibration_unavailable+blend_unavailable
KXNCAAF1Q,Football,NCAA Football,segment,exploratory_evaluated,only 0 pre-test settled contracts (< 30),exploratory,ncaaf,segment,0,0,0,unavailable: training support below threshold,unavailable: segment markets (quarters/halves/innings): no new historical quotes by scope decision,0,0,0,0,0,0,38597,calibration_unavailable+blend_unavailable
KXNCAAF4QSPREAD,Football,NCAA Football,segment,exploratory_evaluated,only 0 pre-test settled contracts (< 30),exploratory,ncaaf,segment,0,0,0,unavailable: training support below threshold,unavailable: segment markets (quarters/halves/innings): no new historical quotes by scope decision,0,0,0,0,0,0,38597,calibration_unavailable+blend_unavailable
KXNCAAF2QSPREAD,Football,NCAA Football,segment,exploratory_evaluated,only 0 pre-test settled contracts (< 30),exploratory,ncaaf,segment,0,0,0,unavailable: training support below threshold,unavailable: segment markets (quarters/halves/innings): no new historical quotes by scope decision,0,0,0,0,0,0,38597,calibration_unavailable+blend_unavailable
KXNFL2QTOTAL,Football,Pro Football,segment,exploratory_evaluated,only 0 pre-test settled contracts (< 30),exploratory,nfl,segment,0,0,0,unavailable: training support below threshold,unavailable: segment markets (quarters/halves/innings): no new historical quotes by scope decision,0,0,0,0,0,0,12066,calibration_unavailable+blend_unavailable
KXNCAAF3Q,Football,NCAA Football,segment,exploratory_evaluated,only 0 pre-test settled contracts (< 30),exploratory,ncaaf,segment,0,0,0,unavailable: training support below threshold,unavailable: segment markets (quarters/halves/innings): no new historical quotes by scope decision,0,0,0,0,0,0,38597,calibration_unavailable+blend_unavailable
KXNCAAF1HWINNER,Football,NCAA Football,segment,exploratory_evaluated,only 0 pre-test settled contracts (< 30),exploratory,ncaaf,segment,0,0,0,unavailable: training support below threshold,unavailable: segment markets (quarters/halves/innings): no new historical quotes by scope decision,0,0,0,0,0,0,38597,calibration_unavailable+blend_unavailable
KXNFL1HTEAMTOTAL,Football,Pro Football,segment,exploratory_evaluated,only 0 pre-test settled contracts (< 30),exploratory,nfl,segment,0,0,0,unavailable: training support below threshold,unavailable: segment markets (quarters/halves/innings): no new historical quotes by scope decision,0,0,0,0,0,0,12066,calibration_unavailable+blend_unavailable
KXNCAAF2QTOTAL,Football,NCAA Football,segment,exploratory_evaluated,only 0 pre-test settled contracts (< 30),exploratory,ncaaf,segment,0,0,0,unavailable: training support below threshold,unavailable: segment markets (quarters/halves/innings): no new historical quotes by scope decision,0,0,0,0,0,0,38597,calibration_unavailable+blend_unavailable
KXNCAAF4QTOTAL,Football,NCAA Football,segment,exploratory_evaluated,only 0 pre-test settled contracts (< 30),exploratory,ncaaf,segment,0,0,0,unavailable: training support below threshold,unavailable: segment markets (quarters/halves/innings): no new historical quotes by scope decision,0,0,0,0,0,0,38597,calibration_unavailable+blend_unavailable
KXNFL4QTOTAL,Football,Pro Football,segment,exploratory_evaluated,only 0 pre-test settled contracts (< 30),exploratory,nfl,segment,0,0,0,unavailable: training support below threshold,unavailable: segment markets (quarters/halves/innings): no new historical quotes by scope decision,0,0,0,0,0,0,12066,calibration_unavailable+blend_unavailable
KXNCAAF2H,Football,NCAA Football,segment,exploratory_evaluated,only 0 pre-test settled contracts (< 30),exploratory,ncaaf,segment,0,0,0,unavailable: training support below threshold,unavailable: segment markets (quarters/halves/innings): no new historical quotes by scope decision,0,0,0,0,0,0,38597,calibration_unavailable+blend_unavailable
KXNCAAF2Q,Football,NCAA Football,segment,exploratory_evaluated,only 0 pre-test settled contracts (< 30),exploratory,ncaaf,segment,0,0,0,unavailable: training support below threshold,unavailable: segment markets (quarters/halves/innings): no new historical quotes by scope decision,0,0,0,0,0,0,38597,calibration_unavailable+blend_unavailable
KXNCAAF4Q,Football,NCAA Football,segment,exploratory_evaluated,only 0 pre-test settled contracts (< 30),exploratory,ncaaf,segment,0,0,0,unavailable: training support below threshold,unavailable: segment markets (quarters/halves/innings): no new historical quotes by scope decision,0,0,0,0,0,0,38597,calibration_unavailable+blend_unavailable
KXNFL1QWINNER,Football,Pro Football,segment,exploratory_evaluated,only 0 pre-test settled contracts (< 30),exploratory,nfl,segment,0,0,0,unavailable: training support below threshold,unavailable: segment markets (quarters/halves/innings): no new historical quotes by scope decision,0,0,0,0,0,0,12066,calibration_unavailable+blend_unavailable
KXNCAAF1HTEAMTOTAL,Football,NCAA Football,segment,exploratory_evaluated,only 0 pre-test settled contracts (< 30),exploratory,ncaaf,segment,0,0,0,unavailable: training support below threshold,unavailable: segment markets (quarters/halves/innings): no new historical quotes by scope decision,0,0,0,0,0,0,38597,calibration_unavailable+blend_unavailable
KXNFL2HWINNER,Football,Pro Football,segment,exploratory_evaluated,only 0 pre-test settled contracts (< 30),exploratory,nfl,segment,0,0,0,unavailable: training support below threshold,unavailable: segment markets (quarters/halves/innings): no new historical quotes by scope decision,0,0,0,0,0,0,12066,calibration_unavailable+blend_unavailable
KXNFL4QWINNER,Football,Pro Football,segment,exploratory_evaluated,only 0 pre-test settled contracts (< 30),exploratory,nfl,segment,0,0,0,unavailable: training support below threshold,unavailable: segment markets (quarters/halves/innings): no new historical quotes by scope decision,0,0,0,0,0,0,12066,calibration_unavailable+blend_unavailable
KXNFLHIGHSCOREQ,Football,Pro Football,segment,excluded_spec,no payoff parser for suffix 'HIGHSCOREQ',,nfl,,,,,,,,,,,,,,phase1:excluded_spec
KXNFL3QWINNER,Football,Pro Football,segment,exploratory_evaluated,only 0 pre-test settled contracts (< 30),exploratory,nfl,segment,0,0,0,unavailable: training support below threshold,unavailable: segment markets (quarters/halves/innings): no new historical quotes by scope decision,0,0,0,0,0,0,12066,calibration_unavailable+blend_unavailable
KXNFL2QWINNER,Football,Pro Football,segment,exploratory_evaluated,only 0 pre-test settled contracts (< 30),exploratory,nfl,segment,0,0,0,unavailable: training support below threshold,unavailable: segment markets (quarters/halves/innings): no new historical quotes by scope decision,0,0,0,0,0,0,12066,calibration_unavailable+blend_unavailable
KXNCAAFQHIGHSCORE,Football,NCAA Football,segment,excluded_spec,no payoff parser for suffix 'QHIGHSCORE',,ncaaf,,,,,,,,,,,,,,phase1:excluded_spec
KXNFLOTWIN,Football,,segment,not_attempted_supported_sport,no traded markets,,,,,,,,,,,,,,,,phase1:not_attempted_supported_sport
KXNFLSPREAD,Football,Pro Football,spread,strict_evaluated,,strict,nfl,spread,0,2037,3347,unavailable: training support below threshold,unavailable: matched training support below threshold,64,192,92,49,192,92,2185,calibration_unavailable+blend_unavailable
KXNCAAFSPREAD,Football,NCAA Football,spread,strict_evaluated,,strict,ncaaf,spread,0,1584,8311,ok,ok,223,200,300,204,199,300,14683,calibrated_ok+blend_ok
KXCFLSPREAD,Football,CFL,spread,not_attempted_supported_sport,no independent results adapter for this competition in Phase 1 (game_winner only via Kalshi-only path),,,,,,,,,,,,,,,,phase1:not_attempted_supported_sport
KXUFLSPREAD,Football,UFL,spread,not_attempted_supported_sport,no independent results adapter for this competition in Phase 1 (game_winner only via Kalshi-only path),,,,,,,,,,,,,,,,phase1:not_attempted_supported_sport
KXNCAAFTEAMTOTAL,Football,NCAA Football,team_total,exploratory_evaluated,only 0 pre-test settled contracts (< 30),exploratory,ncaaf,team_total,0,0,0,unavailable: training support below threshold,unavailable: matched training support below threshold,0,0,300,0,0,298,7930,calibration_unavailable+blend_unavailable
KXNFLTEAMTOTAL,Football,Pro Football,team_total,strict_evaluated,,strict,nfl,team_total,0,0,557,unavailable: training support below threshold,unavailable: matched training support below threshold,0,31,77,0,23,77,1992,calibration_unavailable+blend_unavailable
KXCANIMAKETHIS,Football,,test_placeholder,not_attempted_supported_sport,out of scope (test),,,,,,,,,,,,,,,,phase1:not_attempted_supported_sport
KXEPLTESTIMAGE,Football,,test_placeholder,not_attempted_supported_sport,out of scope (test),,,,,,,,,,,,,,,,phase1:not_attempted_supported_sport
KXNFLTOTAL,Football,Pro Football,total,strict_evaluated,,strict,nfl,total,0,1796,2549,unavailable: training support below threshold,unavailable: matched training support below threshold,64,192,92,58,192,92,1553,calibration_unavailable+blend_unavailable
KXNCAAFTOTAL,Football,NCAA Football,total,strict_evaluated,,strict,ncaaf,total,0,1617,6057,ok,ok,223,200,300,217,199,300,11312,calibrated_ok+blend_ok
KXNFLWINS,Football,Pro Football,total,excluded_spec,no payoff parser for suffix 'WINS',,nfl,,,,,,,,,,,,,,phase1:excluded_spec
KXNCAAFWINS,Football,NCAA Football,total,excluded_spec,no payoff parser for suffix 'WINS',,ncaaf,,,,,,,,,,,,,,phase1:excluded_spec
KXCFLTOTAL,Football,UFL,total,not_attempted_supported_sport,no independent results adapter for this competition in Phase 1 (game_winner only via Kalshi-only path),,,,,,,,,,,,,,,,phase1:not_attempted_supported_sport
KXNFLWINSWEEK,Football,Pro Football,total,excluded_spec,no payoff parser for suffix 'WINSWEEK',,nfl,,,,,,,,,,,,,,phase1:excluded_spec
KXUFLTOTAL,Football,UFL,total,not_attempted_supported_sport,no independent results adapter for this competition in Phase 1 (game_winner only via Kalshi-only path),,,,,,,,,,,,,,,,phase1:not_attempted_supported_sport
KXNFLH2HWINS,Football,Pro Football,total,excluded_spec,no payoff parser for suffix 'H2HWINS',,nfl,,,,,,,,,,,,,,phase1:excluded_spec
KXNCAAFH2HWINS,Football,NCAA Football,total,excluded_spec,no payoff parser for suffix 'H2HWINS',,ncaaf,,,,,,,,,,,,,,phase1:excluded_spec
KXNFLDIVISIONWINS,Football,Pro Football,total,excluded_spec,no payoff parser for suffix 'DIVISIONWINS',,nfl,,,,,,,,,,,,,,phase1:excluded_spec
KXNFLFFSEASONTOTAL,Football,Pro Football,total,excluded_spec,no payoff parser for suffix 'FFSEASONTOTAL',,nfl,,,,,,,,,,,,,,phase1:excluded_spec
KXSB,Football,Pro Football,tournament_outright,not_attempted_supported_sport,outright/bracket: few independent outcomes per season; needs prospective capture + simulation,,,,,,,,,,,,,,,,phase1:not_attempted_supported_sport
KXNCAAF,Football,College Football Playoffs,tournament_outright,not_attempted_supported_sport,outright/bracket: few independent outcomes per season; needs prospective capture + simulation,,,,,,,,,,,,,,,,phase1:not_attempted_supported_sport
KXNFLNFCCHAMP,Football,Pro Football,tournament_outright,not_attempted_supported_sport,outright/bracket: few independent outcomes per season; needs prospective capture + simulation,,,,,,,,,,,,,,,,phase1:not_attempted_supported_sport
KXNFLAFCCHAMP,Football,Pro Football,tournament_outright,not_attempted_supported_sport,outright/bracket: few independent outcomes per season; needs prospective capture + simulation,,,,,,,,,,,,,,,,phase1:not_attempted_supported_sport
KXTEAMSINSB,Football,Pro Football,tournament_outright,not_attempted_supported_sport,outright/bracket: few independent outcomes per season; needs prospective capture + simulation,,,,,,,,,,,,,,,,phase1:not_attempted_supported_sport
KXNCAAFPLAYOFF,Football,NCAA Football,tournament_outright,not_attempted_supported_sport,outright/bracket: few independent outcomes per season; needs prospective capture + simulation,,,,,,,,,,,,,,,,phase1:not_attempted_supported_sport
KXNFLMATCHUP,Football,Pro Football,tournament_outright,not_attempted_supported_sport,outright/bracket: few independent outcomes per season; needs prospective capture + simulation,,,,,,,,,,,,,,,,phase1:not_attempted_supported_sport
KXNFLPLAYOFF,Football,Pro Football,tournament_outright,not_attempted_supported_sport,outright/bracket: few independent outcomes per season; needs prospective capture + simulation,,,,,,,,,,,,,,,,phase1:not_attempted_supported_sport
KXNCAAFB12,Football,NCAA Football,tournament_outright,not_attempted_supported_sport,outright/bracket: few independent outcomes per season; needs prospective capture + simulation,,,,,,,,,,,,,,,,phase1:not_attempted_supported_sport
KXNCAAFCS,Football,NCAA Football,tournament_outright,not_attempted_supported_sport,outright/bracket: few independent outcomes per season; needs prospective capture + simulation,,,,,,,,,,,,,,,,phase1:not_attempted_supported_sport
KXNFLNFCEAST,Football,Pro Football,tournament_outright,not_attempted_supported_sport,outright/bracket: few independent outcomes per season; needs prospective capture + simulation,,,,,,,,,,,,,,,,phase1:not_attempted_supported_sport
KXNFLNFCNORTH,Football,Pro Football,tournament_outright,not_attempted_supported_sport,outright/bracket: few independent outcomes per season; needs prospective capture + simulation,,,,,,,,,,,,,,,,phase1:not_attempted_supported_sport
KXNFLAFCNORTH,Football,Pro Football,tournament_outright,not_attempted_supported_sport,outright/bracket: few independent outcomes per season; needs prospective capture + simulation,,,,,,,,,,,,,,,,phase1:not_attempted_supported_sport
KXNFLNFCWEST,Football,Pro Football,tournament_outright,not_attempted_supported_sport,outright/bracket: few independent outcomes per season; needs prospective capture + simulation,,,,,,,,,,,,,,,,phase1:not_attempted_supported_sport
KXNCAAFACC,Football,NCAA Football,tournament_outright,not_attempted_supported_sport,outright/bracket: few independent outcomes per season; needs prospective capture + simulation,,,,,,,,,,,,,,,,phase1:not_attempted_supported_sport
KXNCAAFSEC,Football,NCAA Football,tournament_outright,not_attempted_supported_sport,outright/bracket: few independent outcomes per season; needs prospective capture + simulation,,,,,,,,,,,,,,,,phase1:not_attempted_supported_sport
KXNFLAFCWEST,Football,Pro Football,tournament_outright,not_attempted_supported_sport,outright/bracket: few independent outcomes per season; needs prospective capture + simulation,,,,,,,,,,,,,,,,phase1:not_attempted_supported_sport
KXNCAAFB10,Football,NCAA Football,tournament_outright,not_attempted_supported_sport,outright/bracket: few independent outcomes per season; needs prospective capture + simulation,,,,,,,,,,,,,,,,phase1:not_attempted_supported_sport
KXNFLNFCSOUTH,Football,Pro Football,tournament_outright,not_attempted_supported_sport,outright/bracket: few independent outcomes per season; needs prospective capture + simulation,,,,,,,,,,,,,,,,phase1:not_attempted_supported_sport
KXNFLAFCSOUTH,Football,Pro Football,tournament_outright,not_attempted_supported_sport,outright/bracket: few independent outcomes per season; needs prospective capture + simulation,,,,,,,,,,,,,,,,phase1:not_attempted_supported_sport
KXAFC,Football,,tournament_outright,not_attempted_supported_sport,outright/bracket: few independent outcomes per season; needs prospective capture + simulation,,,,,,,,,,,,,,,,phase1:not_attempted_supported_sport
KXNCAAFFINALIST,Football,College Football Playoffs,tournament_outright,not_attempted_supported_sport,outright/bracket: few independent outcomes per season; needs prospective capture + simulation,,,,,,,,,,,,,,,,phase1:not_attempted_supported_sport
KXRECORDNFLBEST,Football,Pro Football,tournament_outright,not_attempted_supported_sport,outright/bracket: few independent outcomes per season; needs prospective capture + simulation,,,,,,,,,,,,,,,,phase1:not_attempted_supported_sport
KXNFLAFCEAST,Football,Pro Football,tournament_outright,not_attempted_supported_sport,outright/bracket: few independent outcomes per season; needs prospective capture + simulation,,,,,,,,,,,,,,,,phase1:not_attempted_supported_sport
KXNFC,Football,,tournament_outright,not_attempted_supported_sport,outright/bracket: few independent outcomes per season; needs prospective capture + simulation,,,,,,,,,,,,,,,,phase1:not_attempted_supported_sport
KXRECORDNFLWORST,Football,Pro Football,tournament_outright,not_attempted_supported_sport,outright/bracket: few independent outcomes per season; needs prospective capture + simulation,,,,,,,,,,,,,,,,phase1:not_attempted_supported_sport
KXNFLLASTTOLOSE,Football,Pro Football,tournament_outright,not_attempted_supported_sport,outright/bracket: few independent outcomes per season; needs prospective capture + simulation,,,,,,,,,,,,,,,,phase1:not_attempted_supported_sport
KXCFPSEED,Football,NCAA Football,tournament_outright,not_attempted_supported_sport,outright/bracket: few independent outcomes per season; needs prospective capture + simulation,,,,,,,,,,,,,,,,phase1:not_attempted_supported_sport
KXNCAAFUNDEFEATED,Football,NCAA Football,tournament_outright,not_attempted_supported_sport,outright/bracket: few independent outcomes per season; needs prospective capture + simulation,,,,,,,,,,,,,,,,phase1:not_attempted_supported_sport
KXNCAAFPAC12,Football,NCAA Football,tournament_outright,not_attempted_supported_sport,outright/bracket: few independent outcomes per season; needs prospective capture + simulation,,,,,,,,,,,,,,,,phase1:not_attempted_supported_sport
KXNCAAFSF,Football,NCAA Football,tournament_outright,not_attempted_supported_sport,outright/bracket: few independent outcomes per season; needs prospective capture + simulation,,,,,,,,,,,,,,,,phase1:not_attempted_supported_sport
KXNFCAFCSB,Football,Pro Football,tournament_outright,not_attempted_supported_sport,outright/bracket: few independent outcomes per season; needs prospective capture + simulation,,,,,,,,,,,,,,,,phase1:not_attempted_supported_sport
KXNCAAFQF,Football,NCAA Football,tournament_outright,not_attempted_supported_sport,outright/bracket: few independent outcomes per season; needs prospective capture + simulation,,,,,,,,,,,,,,,,phase1:not_attempted_supported_sport
KXNCAAFMAC,Football,NCAA Football,tournament_outright,not_attempted_supported_sport,outright/bracket: few independent outcomes per season; needs prospective capture + simulation,,,,,,,,,,,,,,,,phase1:not_attempted_supported_sport
KXNCAAFAAC,Football,NCAA Football,tournament_outright,not_attempted_supported_sport,outright/bracket: few independent outcomes per season; needs prospective capture + simulation,,,,,,,,,,,,,,,,phase1:not_attempted_supported_sport
KXNCAAFMWC,Football,NCAA Football,tournament_outright,not_attempted_supported_sport,outright/bracket: few independent outcomes per season; needs prospective capture + simulation,,,,,,,,,,,,,,,,phase1:not_attempted_supported_sport
KXNCAAFCUSA,Football,NCAA Football,tournament_outright,not_attempted_supported_sport,outright/bracket: few independent outcomes per season; needs prospective capture + simulation,,,,,,,,,,,,,,,,phase1:not_attempted_supported_sport
KXNCAAFSBELT,Football,NCAA Football,tournament_outright,not_attempted_supported_sport,outright/bracket: few independent outcomes per season; needs prospective capture + simulation,,,,,,,,,,,,,,,,phase1:not_attempted_supported_sport
KXNFLDIVISIONORDER,Football,Pro Football,tournament_outright,not_attempted_supported_sport,outright/bracket: few independent outcomes per season; needs prospective capture + simulation,,,,,,,,,,,,,,,,phase1:not_attempted_supported_sport
KXRANKLISTFFQB,Football,Pro Football,tournament_outright,not_attempted_supported_sport,outright/bracket: few independent outcomes per season; needs prospective capture + simulation,,,,,,,,,,,,,,,,phase1:not_attempted_supported_sport
KXNCAAFCONF,Football,NCAA Football,tournament_outright,not_attempted_supported_sport,outright/bracket: few independent outcomes per season; needs prospective capture + simulation,,,,,,,,,,,,,,,,phase1:not_attempted_supported_sport
KXNCAAFD3,Football,NCAA Football,tournament_outright,not_attempted_supported_sport,outright/bracket: few independent outcomes per season; needs prospective capture + simulation,,,,,,,,,,,,,,,,phase1:not_attempted_supported_sport
KXRANKLISTFFWR,Football,Pro Football,tournament_outright,not_attempted_supported_sport,outright/bracket: few independent outcomes per season; needs prospective capture + simulation,,,,,,,,,,,,,,,,phase1:not_attempted_supported_sport
KXRANKLISTFFTE,Football,Pro Football,tournament_outright,not_attempted_supported_sport,outright/bracket: few independent outcomes per season; needs prospective capture + simulation,,,,,,,,,,,,,,,,phase1:not_attempted_supported_sport
KXRANKLISTFFRB,Football,Pro Football,tournament_outright,not_attempted_supported_sport,outright/bracket: few independent outcomes per season; needs prospective capture + simulation,,,,,,,,,,,,,,,,phase1:not_attempted_supported_sport
KXUFLCHAMP,Football,UFL,tournament_outright,not_attempted_supported_sport,outright/bracket: few independent outcomes per season; needs prospective capture + simulation,,,,,,,,,,,,,,,,phase1:not_attempted_supported_sport
KXNCAAFFCS,Football,NCAA Football,tournament_outright,not_attempted_supported_sport,outright/bracket: few independent outcomes per season; needs prospective capture + simulation,,,,,,,,,,,,,,,,phase1:not_attempted_supported_sport
KXNCAAFPAC12QUAL,Football,NCAA Football,tournament_outright,not_attempted_supported_sport,outright/bracket: few independent outcomes per season; needs prospective capture + simulation,,,,,,,,,,,,,,,,phase1:not_attempted_supported_sport
KXNCAAFB12QUAL,Football,NCAA Football,tournament_outright,not_attempted_supported_sport,outright/bracket: few independent outcomes per season; needs prospective capture + simulation,,,,,,,,,,,,,,,,phase1:not_attempted_supported_sport
KXNCAAFCUSAQUAL,Football,NCAA Football,tournament_outright,not_attempted_supported_sport,outright/bracket: few independent outcomes per season; needs prospective capture + simulation,,,,,,,,,,,,,,,,phase1:not_attempted_supported_sport
KXNFLROUNDQUAL,Football,Pro Football,tournament_outright,not_attempted_supported_sport,outright/bracket: few independent outcomes per season; needs prospective capture + simulation,,,,,,,,,,,,,,,,phase1:not_attempted_supported_sport
KXNCAAFCONFMATCHUP,Football,NCAA Football,tournament_outright,not_attempted_supported_sport,outright/bracket: few independent outcomes per season; needs prospective capture + simulation,,,,,,,,,,,,,,,,phase1:not_attempted_supported_sport
KXNCAAFACCQUAL,Football,NCAA Football,tournament_outright,not_attempted_supported_sport,outright/bracket: few independent outcomes per season; needs prospective capture + simulation,,,,,,,,,,,,,,,,phase1:not_attempted_supported_sport
KXNCAAFB10QUAL,Football,NCAA Football,tournament_outright,not_attempted_supported_sport,outright/bracket: few independent outcomes per season; needs prospective capture + simulation,,,,,,,,,,,,,,,,phase1:not_attempted_supported_sport
KXNCAAFTOPSEED,Football,NCAA Football,tournament_outright,not_attempted_supported_sport,outright/bracket: few independent outcomes per season; needs prospective capture + simulation,,,,,,,,,,,,,,,,phase1:not_attempted_supported_sport
KXNCAAFAACQUAL,Football,NCAA Football,tournament_outright,not_attempted_supported_sport,outright/bracket: few independent outcomes per season; needs prospective capture + simulation,,,,,,,,,,,,,,,,phase1:not_attempted_supported_sport
KXNCAAFSECQ,Football,NCAA Football,tournament_outright,not_attempted_supported_sport,outright/bracket: few independent outcomes per season; needs prospective capture + simulation,,,,,,,,,,,,,,,,phase1:not_attempted_supported_sport
KXNCAAFTFUT,Football,NCAA Football,tournament_outright,not_attempted_supported_sport,outright/bracket: few independent outcomes per season; needs prospective capture + simulation,,,,,,,,,,,,,,,,phase1:not_attempted_supported_sport
KXNFLDIVUNDEFEATED,Football,Pro Football,tournament_outright,not_attempted_supported_sport,outright/bracket: few independent outcomes per season; needs prospective capture + simulation,,,,,,,,,,,,,,,,phase1:not_attempted_supported_sport
KXNCAAFMWCQUAL,Football,NCAA Football,tournament_outright,not_attempted_supported_sport,outright/bracket: few independent outcomes per season; needs prospective capture + simulation,,,,,,,,,,,,,,,,phase1:not_attempted_supported_sport
KXNCAAFSBELTQUAL,Football,NCAA Football,tournament_outright,not_attempted_supported_sport,outright/bracket: few independent outcomes per season; needs prospective capture + simulation,,,,,,,,,,,,,,,,phase1:not_attempted_supported_sport
KXNCAAFMACQUAL,Football,NCAA Football,tournament_outright,not_attempted_supported_sport,outright/bracket: few independent outcomes per season; needs prospective capture + simulation,,,,,,,,,,,,,,,,phase1:not_attempted_supported_sport
KXNCAAFBOWLGAME,Football,NCAA Football,tournament_outright,not_attempted_supported_sport,outright/bracket: few independent outcomes per season; needs prospective capture + simulation,,,,,,,,,,,,,,,,phase1:not_attempted_supported_sport
KXNCAAFCFPCONF,Football,NCAA Football,tournament_outright,not_attempted_supported_sport,outright/bracket: few independent outcomes per season; needs prospective capture + simulation,,,,,,,,,,,,,,,,phase1:not_attempted_supported_sport
KXCOACHOUTNFLFIRST,Football,,tournament_outright,not_attempted_supported_sport,outright/bracket: few independent outcomes per season; needs prospective capture + simulation,,,,,,,,,,,,,,,,phase1:not_attempted_supported_sport
KXLEADERPINT,Football,,tournament_outright,not_attempted_supported_sport,outright/bracket: few independent outcomes per season; needs prospective capture + simulation,,,,,,,,,,,,,,,,phase1:not_attempted_supported_sport
KXNCAAFBACC,Football,,tournament_outright,not_attempted_supported_sport,outright/bracket: few independent outcomes per season; needs prospective capture + simulation,,,,,,,,,,,,,,,,phase1:not_attempted_supported_sport
KXNCAAFBB10,Football,,tournament_outright,not_attempted_supported_sport,outright/bracket: few independent outcomes per season; needs prospective capture + simulation,,,,,,,,,,,,,,,,phase1:not_attempted_supported_sport
KXNCAAFBB12,Football,,tournament_outright,not_attempted_supported_sport,outright/bracket: few independent outcomes per season; needs prospective capture + simulation,,,,,,,,,,,,,,,,phase1:not_attempted_supported_sport
KXNCAAFBSEC,Football,,tournament_outright,not_attempted_supported_sport,outright/bracket: few independent outcomes per season; needs prospective capture + simulation,,,,,,,,,,,,,,,,phase1:not_attempted_supported_sport
KXNCAAFIVY,Football,,tournament_outright,not_attempted_supported_sport,outright/bracket: few independent outcomes per season; needs prospective capture + simulation,,,,,,,,,,,,,,,,phase1:not_attempted_supported_sport
KXNCAAFPAC10,Football,,tournament_outright,not_attempted_supported_sport,outright/bracket: few independent outcomes per season; needs prospective capture + simulation,,,,,,,,,,,,,,,,phase1:not_attempted_supported_sport
KXNCAAPLAYOFF,Football,,tournament_outright,not_attempted_supported_sport,outright/bracket: few independent outcomes per season; needs prospective capture + simulation,,,,,,,,,,,,,,,,phase1:not_attempted_supported_sport
KXNFLCONTRACTSIZE,Football,,tournament_outright,not_attempted_supported_sport,outright/bracket: few independent outcomes per season; needs prospective capture + simulation,,,,,,,,,,,,,,,,phase1:not_attempted_supported_sport
KXNFLGPICKENSCONTRACT,Football,,tournament_outright,not_attempted_supported_sport,outright/bracket: few independent outcomes per season; needs prospective capture + simulation,,,,,,,,,,,,,,,,phase1:not_attempted_supported_sport
KXUFLUSFLCONF,Football,,tournament_outright,not_attempted_supported_sport,outright/bracket: few independent outcomes per season; needs prospective capture + simulation,,,,,,,,,,,,,,,,phase1:not_attempted_supported_sport
KXUFLXFLCONF,Football,,tournament_outright,not_attempted_supported_sport,outright/bracket: few independent outcomes per season; needs prospective capture + simulation,,,,,,,,,,,,,,,,phase1:not_attempted_supported_sport
KXPGATOUR,Golf,PGA,field_finish,strict_evaluated,,strict,pga,field_finish,1990,1024,708,unavailable: training support below threshold,unavailable: field finish (golf/F1): no new historical quotes by scope decision,0,0,0,0,0,0,17027,calibration_unavailable+blend_unavailable
KXPGAR1LEAD,Golf,3M Open,field_finish,not_attempted_supported_sport,no independent results adapter for this competition in Phase 1 (game_winner only via Kalshi-only path),,,,,,,,,,,,,,,,phase1:not_attempted_supported_sport
KXPGAR2LEAD,Golf,3M Open,field_finish,not_attempted_supported_sport,no independent results adapter for this competition in Phase 1 (game_winner only via Kalshi-only path),,,,,,,,,,,,,,,,phase1:not_attempted_supported_sport
KXPGATOP20,Golf,3M Open,field_finish,exploratory_evaluated,only 0 pre-test settled contracts (< 30),exploratory,pga,field_finish,1990,1024,708,unavailable: training support below threshold,unavailable: field finish (golf/F1): no new historical quotes by scope decision,0,0,0,0,0,0,17027,calibration_unavailable+blend_unavailable
KXPGAR3LEAD,Golf,3M Open,field_finish,not_attempted_supported_sport,no independent results adapter for this competition in Phase 1 (game_winner only via Kalshi-only path),,,,,,,,,,,,,,,,phase1:not_attempted_supported_sport
KXPGATOP10,Golf,3M Open,field_finish,exploratory_evaluated,only 0 pre-test settled contracts (< 30),exploratory,pga,field_finish,1990,1024,708,unavailable: training support below threshold,unavailable: field finish (golf/F1): no new historical quotes by scope decision,0,0,0,0,0,0,17027,calibration_unavailable+blend_unavailable
KXPGATOP5,Golf,3M Open,field_finish,exploratory_evaluated,only 0 pre-test settled contracts (< 30),exploratory,pga,field_finish,1990,1024,708,unavailable: training support below threshold,unavailable: field finish (golf/F1): no new historical quotes by scope decision,0,0,0,0,0,0,17027,calibration_unavailable+blend_unavailable
KXLIVTOUR,Golf,LIV Golf Adelaide,field_finish,not_attempted_supported_sport,no independent results adapter for this competition in Phase 1 (game_winner only via Kalshi-only path),,,,,,,,,,,,,,,,phase1:not_attempted_supported_sport
KXPGAH2H,Golf,Travelers Championship,field_finish,not_attempted_supported_sport,no independent results adapter for this competition in Phase 1 (game_winner only via Kalshi-only path),,,,,,,,,,,,,,,,phase1:not_attempted_supported_sport
KXPGARYDERMATCH,Golf,Pro Golf,field_finish,not_attempted_supported_sport,no independent results adapter for this competition in Phase 1 (game_winner only via Kalshi-only path),,,,,,,,,,,,,,,,phase1:not_attempted_supported_sport
KXLPGATOUR,Golf,AIG Women's Open,field_finish,not_attempted_supported_sport,no independent results adapter for this competition in Phase 1 (game_winner only via Kalshi-only path),,,,,,,,,,,,,,,,phase1:not_attempted_supported_sport
KXPGAMAKECUT,Golf,3M Open,field_finish,not_attempted_supported_sport,no independent results adapter for this competition in Phase 1 (game_winner only via Kalshi-only path),,,,,,,,,,,,,,,,phase1:not_attempted_supported_sport
KXPGARYDER,Golf,Ryder Cup,field_finish,not_attempted_supported_sport,no independent results adapter for this competition in Phase 1 (game_winner only via Kalshi-only path),,,,,,,,,,,,,,,,phase1:not_attempted_supported_sport
KXKFTOUR,Golf,AdventHealth Championship,field_finish,not_attempted_supported_sport,no independent results adapter for this competition in Phase 1 (game_winner only via Kalshi-only path),,,,,,,,,,,,,,,,phase1:not_attempted_supported_sport
KXPGA3BALL,Golf,RBC Canadian Open,field_finish,not_attempted_supported_sport,no independent results adapter for this competition in Phase 1 (game_winner only via Kalshi-only path),,,,,,,,,,,,,,,,phase1:not_attempted_supported_sport
KXPRESCUPMATCH,Golf,Presidents Cup,field_finish,not_attempted_supported_sport,no independent results adapter for this competition in Phase 1 (game_winner only via Kalshi-only path),,,,,,,,,,,,,,,,phase1:not_attempted_supported_sport
KXDPWORLDTOURR1LEAD,Golf,Alfred Dunhill Links Championship,field_finish,not_attempted_supported_sport,no independent results adapter for this competition in Phase 1 (game_winner only via Kalshi-only path),,,,,,,,,,,,,,,,phase1:not_attempted_supported_sport
KXPRESCUP,Golf,Presidents Cup,field_finish,not_attempted_supported_sport,no independent results adapter for this competition in Phase 1 (game_winner only via Kalshi-only path),,,,,,,,,,,,,,,,phase1:not_attempted_supported_sport
KXPGAPLAYERCAT,Golf,PGA Championship,field_finish,not_attempted_supported_sport,no independent results adapter for this competition in Phase 1 (game_winner only via Kalshi-only path),,,,,,,,,,,,,,,,phase1:not_attempted_supported_sport
KXTGLMATCH,Golf,Tomorrow's Golf League (TGL),field_finish,not_attempted_supported_sport,no independent results adapter for this competition in Phase 1 (game_winner only via Kalshi-only path),,,,,,,,,,,,,,,,phase1:not_attempted_supported_sport
KXPGAWINNERWITHOUT,Golf,The Masters,field_finish,not_attempted_supported_sport,no independent results adapter for this competition in Phase 1 (game_winner only via Kalshi-only path),,,,,,,,,,,,,,,,phase1:not_attempted_supported_sport
KXPGATOP40,Golf,PGA Championship,field_finish,not_attempted_supported_sport,no independent results adapter for this competition in Phase 1 (game_winner only via Kalshi-only path),,,,,,,,,,,,,,,,phase1:not_attempted_supported_sport
KXPGAR1TOP10,Golf,3M Open,field_finish,not_attempted_supported_sport,no independent results adapter for this competition in Phase 1 (game_winner only via Kalshi-only path),,,,,,,,,,,,,,,,phase1:not_attempted_supported_sport
KXPGAWINNINGSCORE,Golf,PGA Championship,field_finish,not_attempted_supported_sport,no independent results adapter for this competition in Phase 1 (game_winner only via Kalshi-only path),,,,,,,,,,,,,,,,phase1:not_attempted_supported_sport
KXPGAR2TOP5,Golf,PGA Championship,field_finish,not_attempted_supported_sport,no independent results adapter for this competition in Phase 1 (game_winner only via Kalshi-only path),,,,,,,,,,,,,,,,phase1:not_attempted_supported_sport
KXPGAPLAYOFF,Golf,3M Open,field_finish,not_attempted_supported_sport,no independent results adapter for this competition in Phase 1 (game_winner only via Kalshi-only path),,,,,,,,,,,,,,,,phase1:not_attempted_supported_sport
KXPGAR1TOP5,Golf,3M Open,field_finish,not_attempted_supported_sport,no independent results adapter for this competition in Phase 1 (game_winner only via Kalshi-only path),,,,,,,,,,,,,,,,phase1:not_attempted_supported_sport
KXDPWORLDTOURR2LEAD,Golf,Alfred Dunhill Links Championship,field_finish,not_attempted_supported_sport,no independent results adapter for this competition in Phase 1 (game_winner only via Kalshi-only path),,,,,,,,,,,,,,,,phase1:not_attempted_supported_sport
KXLIVR1LEAD,Golf,LIV Golf Adelaide,field_finish,not_attempted_supported_sport,no independent results adapter for this competition in Phase 1 (game_winner only via Kalshi-only path),,,,,,,,,,,,,,,,phase1:not_attempted_supported_sport
KXPGABOGEYFREE,Golf,The Masters,field_finish,not_attempted_supported_sport,no independent results adapter for this competition in Phase 1 (game_winner only via Kalshi-only path),,,,,,,,,,,,,,,,phase1:not_attempted_supported_sport
KXPGACUTLINE,Golf,PGA Championship,field_finish,not_attempted_supported_sport,no independent results adapter for this competition in Phase 1 (game_winner only via Kalshi-only path),,,,,,,,,,,,,,,,phase1:not_attempted_supported_sport
KXDPWORLDTOURMAKECUT,Golf,Alfred Dunhill Links Championship,field_finish,not_attempted_supported_sport,no independent results adapter for this competition in Phase 1 (game_winner only via Kalshi-only path),,,,,,,,,,,,,,,,phase1:not_attempted_supported_sport
KXPGALOWSCORE,Golf,PGA Championship,field_finish,not_attempted_supported_sport,no independent results adapter for this competition in Phase 1 (game_winner only via Kalshi-only path),,,,,,,,,,,,,,,,phase1:not_attempted_supported_sport
KXPGAR2TOP10,Golf,3M Open,field_finish,not_attempted_supported_sport,no independent results adapter for this competition in Phase 1 (game_winner only via Kalshi-only path),,,,,,,,,,,,,,,,phase1:not_attempted_supported_sport
KXPGAR3TOP10,Golf,3M Open,field_finish,not_attempted_supported_sport,no independent results adapter for this competition in Phase 1 (game_winner only via Kalshi-only path),,,,,,,,,,,,,,,,phase1:not_attempted_supported_sport
KXDPWORLDTOURR3LEAD,Golf,Alfred Dunhill Links Championship,field_finish,not_attempted_supported_sport,no independent results adapter for this competition in Phase 1 (game_winner only via Kalshi-only path),,,,,,,,,,,,,,,,phase1:not_attempted_supported_sport
KXLPGAR1LEAD,Golf,AIG Women's Open,field_finish,not_attempted_supported_sport,no independent results adapter for this competition in Phase 1 (game_winner only via Kalshi-only path),,,,,,,,,,,,,,,,phase1:not_attempted_supported_sport
KXPGAR1TOP20,Golf,PGA Championship,field_finish,not_attempted_supported_sport,no independent results adapter for this competition in Phase 1 (game_winner only via Kalshi-only path),,,,,,,,,,,,,,,,phase1:not_attempted_supported_sport
KXLIVTOP10,Golf,LIV Golf Adelaide,field_finish,not_attempted_supported_sport,no independent results adapter for this competition in Phase 1 (game_winner only via Kalshi-only path),,,,,,,,,,,,,,,,phase1:not_attempted_supported_sport
KXDPWTTOP20,Golf,Alfred Dunhill Links Championship,field_finish,not_attempted_supported_sport,no independent results adapter for this competition in Phase 1 (game_winner only via Kalshi-only path),,,,,,,,,,,,,,,,phase1:not_attempted_supported_sport
KXLIVTOP5,Golf,LIV Golf Adelaide,field_finish,not_attempted_supported_sport,no independent results adapter for this competition in Phase 1 (game_winner only via Kalshi-only path),,,,,,,,,,,,,,,,phase1:not_attempted_supported_sport
KXPGAWINNERREGION,Golf,PGA Championship,field_finish,not_attempted_supported_sport,no independent results adapter for this competition in Phase 1 (game_winner only via Kalshi-only path),,,,,,,,,,,,,,,,phase1:not_attempted_supported_sport
KXDPWT3BALL,Golf,Amgen Irish Open,field_finish,not_attempted_supported_sport,no independent results adapter for this competition in Phase 1 (game_winner only via Kalshi-only path),,,,,,,,,,,,,,,,phase1:not_attempted_supported_sport
KXDPWTTOP10,Golf,Alfred Dunhill Links Championship,field_finish,not_attempted_supported_sport,no independent results adapter for this competition in Phase 1 (game_winner only via Kalshi-only path),,,,,,,,,,,,,,,,phase1:not_attempted_supported_sport
KXDPWTTOP5,Golf,Alfred Dunhill Links Championship,field_finish,not_attempted_supported_sport,no independent results adapter for this competition in Phase 1 (game_winner only via Kalshi-only path),,,,,,,,,,,,,,,,phase1:not_attempted_supported_sport
KXPGA5BALL,Golf,The Masters,field_finish,not_attempted_supported_sport,no independent results adapter for this competition in Phase 1 (game_winner only via Kalshi-only path),,,,,,,,,,,,,,,,phase1:not_attempted_supported_sport
KXPGAR3TOP5,Golf,PGA Championship,field_finish,not_attempted_supported_sport,no independent results adapter for this competition in Phase 1 (game_winner only via Kalshi-only path),,,,,,,,,,,,,,,,phase1:not_attempted_supported_sport
KXPGASOLHEIM,Golf,Solheim Cup,field_finish,not_attempted_supported_sport,no independent results adapter for this competition in Phase 1 (game_winner only via Kalshi-only path),,,,,,,,,,,,,,,,phase1:not_attempted_supported_sport
KXPGASTROKEMARGIN,Golf,PGA Championship,field_finish,not_attempted_supported_sport,no independent results adapter for this competition in Phase 1 (game_winner only via Kalshi-only path),,,,,,,,,,,,,,,,phase1:not_attempted_supported_sport
KXLIVH2H,Golf,LIV Golf Andalucia,field_finish,not_attempted_supported_sport,no independent results adapter for this competition in Phase 1 (game_winner only via Kalshi-only path),,,,,,,,,,,,,,,,phase1:not_attempted_supported_sport
KXPGAHOLE,Golf,The Masters,field_finish,not_attempted_supported_sport,no independent results adapter for this competition in Phase 1 (game_winner only via Kalshi-only path),,,,,,,,,,,,,,,,phase1:not_attempted_supported_sport
KXLPGAR3LEAD,Golf,AIG Women's Open,field_finish,not_attempted_supported_sport,no independent results adapter for this competition in Phase 1 (game_winner only via Kalshi-only path),,,,,,,,,,,,,,,,phase1:not_attempted_supported_sport
KXLIVR2LEAD,Golf,LIV Golf Andalucia,field_finish,not_attempted_supported_sport,no independent results adapter for this competition in Phase 1 (game_winner only via Kalshi-only path),,,,,,,,,,,,,,,,phase1:not_attempted_supported_sport
KXLPGAR2LEAD,Golf,AIG Women's Open,field_finish,not_attempted_supported_sport,no independent results adapter for this competition in Phase 1 (game_winner only via Kalshi-only path),,,,,,,,,,,,,,,,phase1:not_attempted_supported_sport
KXPGAAGECUT,Golf,The Masters,field_finish,not_attempted_supported_sport,no independent results adapter for this competition in Phase 1 (game_winner only via Kalshi-only path),,,,,,,,,,,,,,,,phase1:not_attempted_supported_sport
KXDPWTH2H,Golf,BMW PGA Championship,field_finish,not_attempted_supported_sport,no independent results adapter for this competition in Phase 1 (game_winner only via Kalshi-only path),,,,,,,,,,,,,,,,phase1:not_attempted_supported_sport
KXLIVR3LEAD,Golf,LIV Golf Andalucia,field_finish,not_attempted_supported_sport,no independent results adapter for this competition in Phase 1 (game_winner only via Kalshi-only path),,,,,,,,,,,,,,,,phase1:not_attempted_supported_sport
KXPGAUNDERPAR,Golf,U.S. Open,field_finish,not_attempted_supported_sport,no independent results adapter for this competition in Phase 1 (game_winner only via Kalshi-only path),,,,,,,,,,,,,,,,phase1:not_attempted_supported_sport
KXCHAMPTOURR1LEAD,Golf,Boeing Classic,field_finish,not_attempted_supported_sport,no independent results adapter for this competition in Phase 1 (game_winner only via Kalshi-only path),,,,,,,,,,,,,,,,phase1:not_attempted_supported_sport
KXPGA1STTIMEWIN,Golf,The Open Championship,field_finish,not_attempted_supported_sport,no independent results adapter for this competition in Phase 1 (game_winner only via Kalshi-only path),,,,,,,,,,,,,,,,phase1:not_attempted_supported_sport
KXPGAWINMARGIN,Golf,THE PLAYERS Championship,field_finish,not_attempted_supported_sport,no independent results adapter for this competition in Phase 1 (game_winner only via Kalshi-only path),,,,,,,,,,,,,,,,phase1:not_attempted_supported_sport
KXPGAWIN,Golf,PGA Championship,field_finish,not_attempted_supported_sport,no independent results adapter for this competition in Phase 1 (game_winner only via Kalshi-only path),,,,,,,,,,,,,,,,phase1:not_attempted_supported_sport
KXPGAALBATROSS,Golf,The Open Championship,field_finish,not_attempted_supported_sport,no independent results adapter for this competition in Phase 1 (game_winner only via Kalshi-only path),,,,,,,,,,,,,,,,phase1:not_attempted_supported_sport
KXGOLFH2H,Golf,,field_finish,not_attempted_supported_sport,no traded markets,,,,,,,,,,,,,,,,phase1:not_attempted_supported_sport
KXOLDESTCUT,Golf,,field_finish,not_attempted_supported_sport,no traded markets,,,,,,,,,,,,,,,,phase1:not_attempted_supported_sport
KXPGACAT,Golf,,field_finish,not_attempted_supported_sport,no traded markets,,,,,,,,,,,,,,,,phase1:not_attempted_supported_sport
KXPGAREGION,Golf,,field_finish,not_attempted_supported_sport,no traded markets,,,,,,,,,,,,,,,,phase1:not_attempted_supported_sport
KXPRESCUPPTSLEAD,Golf,Presidents Cup,league_leaders,not_attempted_supported_sport,league leaders: one outcome per stat-season,,,,,,,,,,,,,,,,phase1:not_attempted_supported_sport
KXBRYSONCOURSERECORDS,Golf,,league_leaders,not_attempted_supported_sport,league leaders: one outcome per stat-season,,,,,,,,,,,,,,,,phase1:not_attempted_supported_sport
KXPRESCUPPTSLEADER,Golf,,league_leaders,not_attempted_supported_sport,league leaders: one outcome per stat-season,,,,,,,,,,,,,,,,phase1:not_attempted_supported_sport
KXPGATIGER,Golf,PGA,other_novelty,not_attempted_supported_sport,out of scope (novelty),,,,,,,,,,,,,,,,phase1:not_attempted_supported_sport
KXPGARETURN,Golf,LIV,other_novelty,not_attempted_supported_sport,out of scope (novelty),,,,,,,,,,,,,,,,phase1:not_attempted_supported_sport
KXGOLFMAJOR,Golf,PGA,other_novelty,not_attempted_supported_sport,out of scope (novelty),,,,,,,,,,,,,,,,phase1:not_attempted_supported_sport
KXLIVMAKECUT,Golf,,other_novelty,not_attempted_supported_sport,out of scope (novelty),,,,,,,,,,,,,,,,phase1:not_attempted_supported_sport
KXNELKRTS,Golf,NELK,other_novelty,not_attempted_supported_sport,out of scope (novelty),,,,,,,,,,,,,,,,phase1:not_attempted_supported_sport
KXPGACURRY,Golf,PGA,other_novelty,not_attempted_supported_sport,out of scope (novelty),,,,,,,,,,,,,,,,phase1:not_attempted_supported_sport
KXPGAACTION,Golf,,other_novelty,not_attempted_supported_sport,out of scope (novelty),,,,,,,,,,,,,,,,phase1:not_attempted_supported_sport
KXGOLFCAT,Golf,,other_novelty,not_attempted_supported_sport,out of scope (novelty),,,,,,,,,,,,,,,,phase1:not_attempted_supported_sport
KXLIVOCCUR,Golf,LIV,personnel_ops,not_attempted_supported_sport,out of scope (non-sporting outcome),,,,,,,,,,,,,,,,phase1:not_attempted_supported_sport
KXPGAUSO,Golf,U.S. Open,personnel_ops,not_attempted_supported_sport,out of scope (non-sporting outcome),,,,,,,,,,,,,,,,phase1:not_attempted_supported_sport
KXLIVCOMPETE,Golf,LIV,personnel_ops,not_attempted_supported_sport,out of scope (non-sporting outcome),,,,,,,,,,,,,,,,phase1:not_attempted_supported_sport
KXPGAOCCUR,Golf,,personnel_ops,not_attempted_supported_sport,out of scope (non-sporting outcome),,,,,,,,,,,,,,,,phase1:not_attempted_supported_sport
KXPGAROUNDSCORE,Golf,3M Open,player_prop,not_attempted_supported_sport,player/appearance-conditioned; pregame participation not reconstructable as-of (not modelled),,,,,,,,,,,,,,,,phase1:not_attempted_supported_sport
KXPGAHOLESCORE,Golf,U.S. Open,player_prop,not_attempted_supported_sport,player/appearance-conditioned; pregame participation not reconstructable as-of (not modelled),,,,,,,,,,,,,,,,phase1:not_attempted_supported_sport
KXPGAHOLEINONE,Golf,3M Open,player_prop,not_attempted_supported_sport,player/appearance-conditioned; pregame participation not reconstructable as-of (not modelled),,,,,,,,,,,,,,,,phase1:not_attempted_supported_sport
KXPGAEAGLE,Golf,The Masters,player_prop,not_attempted_supported_sport,player/appearance-conditioned; pregame participation not reconstructable as-of (not modelled),,,,,,,,,,,,,,,,phase1:not_attempted_supported_sport
KXPGAROUNDLOW,Golf,U.S. Open,player_prop,not_attempted_supported_sport,player/appearance-conditioned; pregame participation not reconstructable as-of (not modelled),,,,,,,,,,,,,,,,phase1:not_attempted_supported_sport
KXHOLEINONE,Golf,WM Phoenix Open,player_prop,not_attempted_supported_sport,player/appearance-conditioned; pregame participation not reconstructable as-of (not modelled),,,,,,,,,,,,,,,,phase1:not_attempted_supported_sport
KXPRESCUPPTS,Golf,Presidents Cup,player_prop,not_attempted_supported_sport,player/appearance-conditioned; pregame participation not reconstructable as-of (not modelled),,,,,,,,,,,,,,,,phase1:not_attempted_supported_sport
KXPRESCUPHOLEINONE,Golf,Presidents Cup,player_prop,not_attempted_supported_sport,player/appearance-conditioned; pregame participation not reconstructable as-of (not modelled),,,,,,,,,,,,,,,,phase1:not_attempted_supported_sport
KXPGABIRDIES,Golf,The Masters,player_prop,not_attempted_supported_sport,player/appearance-conditioned; pregame participation not reconstructable as-of (not modelled),,,,,,,,,,,,,,,,phase1:not_attempted_supported_sport
KXBDSHOLEINONE,Golf,,player_prop,not_attempted_supported_sport,player/appearance-conditioned; pregame participation not reconstructable as-of (not modelled),,,,,,,,,,,,,,,,phase1:not_attempted_supported_sport
KXNELKHOLEINONE,Golf,,player_prop,not_attempted_supported_sport,player/appearance-conditioned; pregame participation not reconstructable as-of (not modelled),,,,,,,,,,,,,,,,phase1:not_attempted_supported_sport
KXPGAGOLFERSCORE,Golf,,player_prop,not_attempted_supported_sport,player/appearance-conditioned; pregame participation not reconstructable as-of (not modelled),,,,,,,,,,,,,,,,phase1:not_attempted_supported_sport
KXPGAROUNDBIRDIES,Golf,,player_prop,not_attempted_supported_sport,player/appearance-conditioned; pregame participation not reconstructable as-of (not modelled),,,,,,,,,,,,,,,,phase1:not_attempted_supported_sport
KXOWGRRANK,Golf,PGA,rankings_polls,not_attempted_supported_sport,rankings/polls: poll processes (KenPom paid),,,,,,,,,,,,,,,,phase1:not_attempted_supported_sport
KXPRESCUPWINMARGIN,Golf,Presidents Cup,score_props,not_attempted_supported_sport,no independent results adapter for this competition in Phase 1 (game_winner only via Kalshi-only path),,,,,,,,,,,,,,,,phase1:not_attempted_supported_sport
KXGOLFTENNISMAJORS,Golf,,season_wins,not_attempted_supported_sport,season totals: one outcome per team-season; prospective capture required,,,,,,,,,,,,,,,,phase1:not_attempted_supported_sport
KXPGAFUTURE,Golf,PGA,season_wins,not_attempted_supported_sport,season totals: one outcome per team-season; prospective capture required,,,,,,,,,,,,,,,,phase1:not_attempted_supported_sport
KXPGAMAJOR,Golf,,season_wins,not_attempted_supported_sport,season totals: one outcome per team-season; prospective capture required,,,,,,,,,,,,,,,,phase1:not_attempted_supported_sport
KXPRESCUPDAYWINNER,Golf,Presidents Cup,segment,not_attempted_supported_sport,no independent results adapter for this competition in Phase 1 (game_winner only via Kalshi-only path),,,,,,,,,,,,,,,,phase1:not_attempted_supported_sport
KXLPGADAYWINNER,Golf,Solheim Cup,segment,not_attempted_supported_sport,no independent results adapter for this competition in Phase 1 (game_winner only via Kalshi-only path),,,,,,,,,,,,,,,,phase1:not_attempted_supported_sport
KXDPWORLDTOUR,Golf,Alfred Dunhill Links Championship,tournament_outright,not_attempted_supported_sport,outright/bracket: few independent outcomes per season; needs prospective capture + simulation,,,,,,,,,,,,,,,,phase1:not_attempted_supported_sport
KXMASTERS,Golf,,tournament_outright,not_attempted_supported_sport,outright/bracket: few independent outcomes per season; needs prospective capture + simulation,,,,,,,,,,,,,,,,phase1:not_attempted_supported_sport
KXUSOPEN,Golf,,tournament_outright,not_attempted_supported_sport,outright/bracket: few independent outcomes per season; needs prospective capture + simulation,,,,,,,,,,,,,,,,phase1:not_attempted_supported_sport
KXTHEOPEN,Golf,,tournament_outright,not_attempted_supported_sport,outright/bracket: few independent outcomes per season; needs prospective capture + simulation,,,,,,,,,,,,,,,,phase1:not_attempted_supported_sport
KXPGA,Golf,,tournament_outright,not_attempted_supported_sport,outright/bracket: few independent outcomes per season; needs prospective capture + simulation,,,,,,,,,,,,,,,,phase1:not_attempted_supported_sport
KXPGARYDERTOP,Golf,,tournament_outright,not_attempted_supported_sport,outright/bracket: few independent outcomes per season; needs prospective capture + simulation,,,,,,,,,,,,,,,,phase1:not_attempted_supported_sport
KXCHAMPTOUR,Golf,Boeing Classic,tournament_outright,not_attempted_supported_sport,outright/bracket: few independent outcomes per season; needs prospective capture + simulation,,,,,,,,,,,,,,,,phase1:not_attempted_supported_sport
KXPGARYDERCUPD1,Golf,,tournament_outright,not_attempted_supported_sport,outright/bracket: few independent outcomes per season; needs prospective capture + simulation,,,,,,,,,,,,,,,,phase1:not_attempted_supported_sport
KXGENESISINVITATIONAL,Golf,,tournament_outright,not_attempted_supported_sport,outright/bracket: few independent outcomes per season; needs prospective capture + simulation,,,,,,,,,,,,,,,,phase1:not_attempted_supported_sport
KXPGAMAJORWIN,Golf,PGA,tournament_outright,not_attempted_supported_sport,outright/bracket: few independent outcomes per season; needs prospective capture + simulation,,,,,,,,,,,,,,,,phase1:not_attempted_supported_sport
KXPGAMASTERS,Golf,The Masters,tournament_outright,not_attempted_supported_sport,outright/bracket: few independent outcomes per season; needs prospective capture + simulation,,,,,,,,,,,,,,,,phase1:not_attempted_supported_sport
KXSCOTTIESLAM,Golf,PGA,tournament_outright,not_attempted_supported_sport,outright/bracket: few independent outcomes per season; needs prospective capture + simulation,,,,,,,,,,,,,,,,phase1:not_attempted_supported_sport
KXPGARYDERCUPD2,Golf,,tournament_outright,not_attempted_supported_sport,outright/bracket: few independent outcomes per season; needs prospective capture + simulation,,,,,,,,,,,,,,,,phase1:not_attempted_supported_sport
KXTGLCHAMPION,Golf,Tomorrow's Golf League (TGL),tournament_outright,not_attempted_supported_sport,outright/bracket: few independent outcomes per season; needs prospective capture + simulation,,,,,,,,,,,,,,,,phase1:not_attempted_supported_sport
KXPGAMAJORTOP10,Golf,PGA,tournament_outright,not_attempted_supported_sport,outright/bracket: few independent outcomes per season; needs prospective capture + simulation,,,,,,,,,,,,,,,,phase1:not_attempted_supported_sport
KXGOLFMAJORS,Golf,PGA,tournament_outright,not_attempted_supported_sport,outright/bracket: few independent outcomes per season; needs prospective capture + simulation,,,,,,,,,,,,,,,,phase1:not_attempted_supported_sport
KXGOLFTOURN,Golf,American Century Championship,tournament_outright,not_attempted_supported_sport,outright/bracket: few independent outcomes per season; needs prospective capture + simulation,,,,,,,,,,,,,,,,phase1:not_attempted_supported_sport
KXPHOENIXOPEN,Golf,,tournament_outright,not_attempted_supported_sport,outright/bracket: few independent outcomes per season; needs prospective capture + simulation,,,,,,,,,,,,,,,,phase1:not_attempted_supported_sport
KXPGACOMPETE,Golf,Presidents Cup,tournament_outright,not_attempted_supported_sport,outright/bracket: few independent outcomes per season; needs prospective capture + simulation,,,,,,,,,,,,,,,,phase1:not_attempted_supported_sport
KXGOLFNEXTWIN,Golf,PGA,tournament_outright,not_attempted_supported_sport,outright/bracket: few independent outcomes per season; needs prospective capture + simulation,,,,,,,,,,,,,,,,phase1:not_attempted_supported_sport
KXRYDERCUPCAPTAIN,Golf,Ryder Cup,tournament_outright,not_attempted_supported_sport,outright/bracket: few independent outcomes per season; needs prospective capture + simulation,,,,,,,,,,,,,,,,phase1:not_attempted_supported_sport
KXMASTERSCUT,Golf,,tournament_outright,not_attempted_supported_sport,outright/bracket: few independent outcomes per season; needs prospective capture + simulation,,,,,,,,,,,,,,,,phase1:not_attempted_supported_sport
KXPGAC,Golf,PGA Championship,tournament_outright,not_attempted_supported_sport,outright/bracket: few independent outcomes per season; needs prospective capture + simulation,,,,,,,,,,,,,,,,phase1:not_attempted_supported_sport
KXGOLF,Golf,,tournament_outright,not_attempted_supported_sport,outright/bracket: few independent outcomes per season; needs prospective capture + simulation,,,,,,,,,,,,,,,,phase1:not_attempted_supported_sport
KXGOLFMAJORFUT,Golf,,tournament_outright,not_attempted_supported_sport,outright/bracket: few independent outcomes per season; needs prospective capture + simulation,,,,,,,,,,,,,,,,phase1:not_attempted_supported_sport
KXNEXTWIN,Golf,,tournament_outright,not_attempted_supported_sport,outright/bracket: few independent outcomes per season; needs prospective capture + simulation,,,,,,,,,,,,,,,,phase1:not_attempted_supported_sport
KXPGARYDERCUPD3,Golf,,tournament_outright,not_attempted_supported_sport,outright/bracket: few independent outcomes per season; needs prospective capture + simulation,,,,,,,,,,,,,,,,phase1:not_attempted_supported_sport
KXPGARYDERTOP3,Golf,,tournament_outright,not_attempted_supported_sport,outright/bracket: few independent outcomes per season; needs prospective capture + simulation,,,,,,,,,,,,,,,,phase1:not_attempted_supported_sport
KXPGATOURCHAMP,Golf,,tournament_outright,not_attempted_supported_sport,outright/bracket: few independent outcomes per season; needs prospective capture + simulation,,,,,,,,,,,,,,,,phase1:not_attempted_supported_sport
KXRYDERCUP,Golf,,tournament_outright,not_attempted_supported_sport,outright/bracket: few independent outcomes per season; needs prospective capture + simulation,,,,,,,,,,,,,,,,phase1:not_attempted_supported_sport
KXTIGERMASTERS,Golf,,tournament_outright,not_attempted_supported_sport,outright/bracket: few independent outcomes per season; needs prospective capture + simulation,,,,,,,,,,,,,,,,phase1:not_attempted_supported_sport
KXTRUMPGOLF,Golf,,tournament_outright,not_attempted_supported_sport,outright/bracket: few independent outcomes per season; needs prospective capture + simulation,,,,,,,,,,,,,,,,phase1:not_attempted_supported_sport
KXNHLHART,Hockey,Pro Hockey,awards,not_attempted_supported_sport,awards: voting outcomes without as-of inputs,,,,,,,,,,,,,,,,phase1:not_attempted_supported_sport
KXCONNSMYTHE,Hockey,Pro Hockey,awards,not_attempted_supported_sport,awards: voting outcomes without as-of inputs,,,,,,,,,,,,,,,,phase1:not_attempted_supported_sport
KXNHLADAMS,Hockey,Pro Hockey,awards,not_attempted_supported_sport,awards: voting outcomes without as-of inputs,,,,,,,,,,,,,,,,phase1:not_attempted_supported_sport
KXNHLNORRIS,Hockey,Pro Hockey,awards,not_attempted_supported_sport,awards: voting outcomes without as-of inputs,,,,,,,,,,,,,,,,phase1:not_attempted_supported_sport
KXNHLVEZINA,Hockey,Pro Hockey,awards,not_attempted_supported_sport,awards: voting outcomes without as-of inputs,,,,,,,,,,,,,,,,phase1:not_attempted_supported_sport
KXNHLROSS,Hockey,Pro Hockey,awards,not_attempted_supported_sport,awards: voting outcomes without as-of inputs,,,,,,,,,,,,,,,,phase1:not_attempted_supported_sport
KXNHLCALDER,Hockey,Pro Hockey,awards,not_attempted_supported_sport,awards: voting outcomes without as-of inputs,,,,,,,,,,,,,,,,phase1:not_attempted_supported_sport
KXNHLRICHARD,Hockey,Pro Hockey,awards,not_attempted_supported_sport,awards: voting outcomes without as-of inputs,,,,,,,,,,,,,,,,phase1:not_attempted_supported_sport
KXNHL1STTEAM,Hockey,,awards,not_attempted_supported_sport,awards: voting outcomes without as-of inputs,,,,,,,,,,,,,,,,phase1:not_attempted_supported_sport
KXNHLLINDSAY,Hockey,Pro Hockey,awards,not_attempted_supported_sport,awards: voting outcomes without as-of inputs,,,,,,,,,,,,,,,,phase1:not_attempted_supported_sport
KXNHLMVP,Hockey,,awards,not_attempted_supported_sport,awards: voting outcomes without as-of inputs,,,,,,,,,,,,,,,,phase1:not_attempted_supported_sport
KXNHLDRAFTPICK,Hockey,NHL Draft,draft,not_attempted_supported_sport,draft: consensus mocks not archived as-of,,,,,,,,,,,,,,,,phase1:not_attempted_supported_sport
KXNHLDRAFTTOP,Hockey,NHL Draft,draft,not_attempted_supported_sport,draft: consensus mocks not archived as-of,,,,,,,,,,,,,,,,phase1:not_attempted_supported_sport
KXWOHOCKEY,Hockey,Men's Olympic Ice Hockey,field_finish,not_attempted_supported_sport,no independent results adapter for this competition in Phase 1 (game_winner only via Kalshi-only path),,,,,,,,,,,,,,,,phase1:not_attempted_supported_sport
KXWOMHOCKEYTOTAL,Hockey,Men's Olympic Ice Hockey,field_finish,not_attempted_supported_sport,no independent results adapter for this competition in Phase 1 (game_winner only via Kalshi-only path),,,,,,,,,,,,,,,,phase1:not_attempted_supported_sport
KXWOMHOCKEYSPREAD,Hockey,Men's Olympic Ice Hockey,field_finish,not_attempted_supported_sport,no independent results adapter for this competition in Phase 1 (game_winner only via Kalshi-only path),,,,,,,,,,,,,,,,phase1:not_attempted_supported_sport
KXWOMHOCKEYMVP,Hockey,Men's Olympic Ice Hockey,field_finish,not_attempted_supported_sport,no independent results adapter for this competition in Phase 1 (game_winner only via Kalshi-only path),,,,,,,,,,,,,,,,phase1:not_attempted_supported_sport
KXWOMHOCKEYGOAL,Hockey,Men's Olympic Ice Hockey,field_finish,not_attempted_supported_sport,no independent results adapter for this competition in Phase 1 (game_winner only via Kalshi-only path),,,,,,,,,,,,,,,,phase1:not_attempted_supported_sport
KXWOMHOCKEYFGOAL,Hockey,Men's Olympic Ice Hockey,field_finish,not_attempted_supported_sport,no independent results adapter for this competition in Phase 1 (game_winner only via Kalshi-only path),,,,,,,,,,,,,,,,phase1:not_attempted_supported_sport
KXWOMHOCKEYFIRSTGOAL,Hockey,,field_finish,not_attempted_supported_sport,no traded markets,,,,,,,,,,,,,,,,phase1:not_attempted_supported_sport
KXNHLGAME,Hockey,Pro Hockey,game_winner,strict_evaluated,,strict,nhl,game_winner,166,0,1252,unavailable: training support below threshold,unavailable: matched training support below threshold,83,200,300,83,200,300,1616,calibration_unavailable+blend_unavailable
KXWOMHOCKEY,Hockey,Men's Olympic Ice Hockey,game_winner,kalshi_settlement_only_evaluated,,kalshi_settlement_only,k_kxwomhockey,game_winner,0,0,0,unavailable: training support below threshold,unavailable: matched training support below threshold,0,0,29,0,0,28,58,calibration_unavailable+blend_unavailable
KXNCAAHOCKEYGAME,Hockey,College Hockey,game_winner,kalshi_settlement_only_evaluated,,kalshi_settlement_only,k_kxncaahockeygame,game_winner,0,0,0,unavailable: training support below threshold,unavailable: matched training support below threshold,0,0,53,0,0,53,106,calibration_unavailable+blend_unavailable
KXWOWHOCKEY,Hockey,Women's Olympic Ice Hockey,game_winner,kalshi_settlement_only_evaluated,,kalshi_settlement_only,k_kxwowhockey,game_winner,0,0,0,unavailable: training support below threshold,unavailable: matched training support below threshold,0,0,27,0,0,26,54,calibration_unavailable+blend_unavailable
KXAHLGAME,Hockey,AHL,game_winner,kalshi_settlement_only_evaluated,,kalshi_settlement_only,k_kxahlgame,game_winner,0,0,0,unavailable: training support below threshold,unavailable: matched training support below threshold,0,0,150,0,0,149,1404,calibration_unavailable+blend_unavailable
KXKHLGAME,Hockey,KHL,game_winner,kalshi_settlement_only_evaluated,,kalshi_settlement_only,k_kxkhlgame,game_winner,0,0,0,unavailable: training support below threshold,unavailable: matched training support below threshold,0,0,150,0,0,148,914,calibration_unavailable+blend_unavailable
KXIIHFGAME,Hockey,World Championship,game_winner,kalshi_settlement_only_evaluated,,kalshi_settlement_only,k_kxiihfgame,game_winner,0,0,10,unavailable: training support below threshold,unavailable: matched training support below threshold,0,5,70,0,5,64,144,calibration_unavailable+blend_unavailable
KXSHLGAME,Hockey,SHL,game_winner,kalshi_settlement_only_evaluated,,kalshi_settlement_only,k_kxshlgame,game_winner,0,0,0,unavailable: training support below threshold,unavailable: matched training support below threshold,0,0,150,0,0,144,418,calibration_unavailable+blend_unavailable
KXLIIGAGAME,Hockey,Finland Liiga,game_winner,kalshi_settlement_only_evaluated,,kalshi_settlement_only,k_kxliigagame,game_winner,0,0,0,unavailable: training support below threshold,unavailable: matched training support below threshold,0,0,150,0,0,142,484,calibration_unavailable+blend_unavailable
KXNLGAME,Hockey,Switzerland National League,game_winner,kalshi_settlement_only_evaluated,,kalshi_settlement_only,k_kxnlgame,game_winner,0,0,0,unavailable: training support below threshold,unavailable: matched training support below threshold,0,0,144,0,0,137,288,calibration_unavailable+blend_unavailable
KXELHGAME,Hockey,Czech Extraliga,game_winner,kalshi_settlement_only_evaluated,,kalshi_settlement_only,k_kxelhgame,game_winner,0,0,0,unavailable: training support below threshold,unavailable: matched training support below threshold,0,0,139,0,0,137,278,calibration_unavailable+blend_unavailable
KXDELGAME,Hockey,Germany DEL,game_winner,kalshi_settlement_only_evaluated,,kalshi_settlement_only,k_kxdelgame,game_winner,0,0,0,unavailable: training support below threshold,unavailable: matched training support below threshold,0,0,141,0,0,138,282,calibration_unavailable+blend_unavailable
KXNCAAHGAME,Hockey,NCAA Hockey,game_winner,kalshi_settlement_only_evaluated,,kalshi_settlement_only,k_kxncaahgame,game_winner,0,0,0,unavailable: training support below threshold,unavailable: matched training support below threshold,0,0,11,0,0,10,26,calibration_unavailable+blend_unavailable
KXNHLSEASONGOALS,Hockey,Pro Hockey,league_leaders,not_attempted_supported_sport,league leaders: one outcome per stat-season,,,,,,,,,,,,,,,,phase1:not_attempted_supported_sport
KXNHLRECORDWORST,Hockey,Pro Hockey,league_leaders,not_attempted_supported_sport,league leaders: one outcome per stat-season,,,,,,,,,,,,,,,,phase1:not_attempted_supported_sport
KXNHLEXPANSION,Hockey,Pro Hockey,other_novelty,not_attempted_supported_sport,out of scope (novelty),,,,,,,,,,,,,,,,phase1:not_attempted_supported_sport
KXINTHOCKEY,Hockey,,other_novelty,not_attempted_supported_sport,out of scope (novelty),,,,,,,,,,,,,,,,phase1:not_attempted_supported_sport
KXNEXTTEAMNHL,Hockey,Pro Hockey,personnel_ops,not_attempted_supported_sport,out of scope (non-sporting outcome),,,,,,,,,,,,,,,,phase1:not_attempted_supported_sport
KXNHLNEXTTEAM,Hockey,Pro Hockey,personnel_ops,not_attempted_supported_sport,out of scope (non-sporting outcome),,,,,,,,,,,,,,,,phase1:not_attempted_supported_sport
KXNHLRETIRE,Hockey,Pro Hockey,personnel_ops,not_attempted_supported_sport,out of scope (non-sporting outcome),,,,,,,,,,,,,,,,phase1:not_attempted_supported_sport
KXNHLNEXTGM,Hockey,,personnel_ops,not_attempted_supported_sport,out of scope (non-sporting outcome),,,,,,,,,,,,,,,,phase1:not_attempted_supported_sport
KXNHLGOAL,Hockey,Pro Hockey,player_prop,excluded_spec,no payoff parser for suffix 'GOAL',,nhl,,,,,,,,,,,,,,phase1:excluded_spec
KXNHLPTS,Hockey,Pro Hockey,player_prop,excluded_spec,no payoff parser for suffix 'PTS',,nhl,,,,,,,,,,,,,,phase1:excluded_spec
KXNHLAST,Hockey,Pro Hockey,player_prop,excluded_spec,no payoff parser for suffix 'AST',,nhl,,,,,,,,,,,,,,phase1:excluded_spec
KXNHLSAVE,Hockey,Pro Hockey,player_prop,excluded_spec,no payoff parser for suffix 'SAVE',,nhl,,,,,,,,,,,,,,phase1:excluded_spec
KXNHLSEASONPPTS,Hockey,Pro Hockey,player_prop,excluded_spec,no payoff parser for suffix 'SEASONPPTS',,nhl,,,,,,,,,,,,,,phase1:excluded_spec
KXNHLPSEASONGOALS,Hockey,Pro Hockey,player_prop,excluded_spec,no payoff parser for suffix 'PSEASONGOALS',,nhl,,,,,,,,,,,,,,phase1:excluded_spec
KXNHLANYGOAL,Hockey,,player_prop,not_attempted_supported_sport,player/appearance-conditioned; pregame participation not reconstructable as-of (not modelled),,,,,,,,,,,,,,,,phase1:not_attempted_supported_sport
KXNHLSAVES,Hockey,,player_prop,not_attempted_supported_sport,player/appearance-conditioned; pregame participation not reconstructable as-of (not modelled),,,,,,,,,,,,,,,,phase1:not_attempted_supported_sport
KXNHLFIRSTGOAL,Hockey,Pro Hockey,score_props,excluded_spec,no payoff parser for suffix 'FIRSTGOAL',,nhl,,,,,,,,,,,,,,phase1:excluded_spec
KXNHLOVERTIME,Hockey,Pro Hockey,score_props,excluded_spec,no payoff parser for suffix 'OVERTIME',,nhl,,,,,,,,,,,,,,phase1:excluded_spec
KXNHLF10G,Hockey,Pro Hockey,score_props,excluded_spec,no payoff parser for suffix 'F10G',,nhl,,,,,,,,,,,,,,phase1:excluded_spec
KXNHLOT,Hockey,Pro Hockey,score_props,excluded_spec,no payoff parser for suffix 'OT',,nhl,,,,,,,,,,,,,,phase1:excluded_spec
KXNHL2OT,Hockey,Pro Hockey,score_props,excluded_spec,no payoff parser for suffix '2OT',,nhl,,,,,,,,,,,,,,phase1:excluded_spec
KXNHLSERIESOT,Hockey,Pro Hockey,score_props,excluded_spec,no payoff parser for suffix 'SERIESOT',,nhl,,,,,,,,,,,,,,phase1:excluded_spec
KXNHL1PBTTS,Hockey,,score_props,not_attempted_supported_sport,no traded markets,,,,,,,,,,,,,,,,phase1:not_attempted_supported_sport
KXNHL2PBTTS,Hockey,,score_props,not_attempted_supported_sport,no traded markets,,,,,,,,,,,,,,,,phase1:not_attempted_supported_sport
KXNHL3PBTTS,Hockey,,score_props,not_attempted_supported_sport,no traded markets,,,,,,,,,,,,,,,,phase1:not_attempted_supported_sport
KXNHLWSTREAK,Hockey,Pro Hockey,season_wins,not_attempted_supported_sport,season totals: one outcome per team-season; prospective capture required,,,,,,,,,,,,,,,,phase1:not_attempted_supported_sport
KXNHL1PTOTAL,Hockey,Pro Hockey,segment,exploratory_evaluated,only 0 pre-test settled contracts (< 30),exploratory,nhl,segment,0,0,0,unavailable: training support below threshold,unavailable: segment markets (quarters/halves/innings): no new historical quotes by scope decision,0,0,0,0,0,0,1040,calibration_unavailable+blend_unavailable
KXNHL2PTOTAL,Hockey,Pro Hockey,segment,exploratory_evaluated,only 0 pre-test settled contracts (< 30),exploratory,nhl,segment,0,0,0,unavailable: training support below threshold,unavailable: segment markets (quarters/halves/innings): no new historical quotes by scope decision,0,0,0,0,0,0,1040,calibration_unavailable+blend_unavailable
KXNHL1P,Hockey,Pro Hockey,segment,exploratory_evaluated,only 0 pre-test settled contracts (< 30),exploratory,nhl,segment,0,0,0,unavailable: training support below threshold,unavailable: segment markets (quarters/halves/innings): no new historical quotes by scope decision,0,0,0,0,0,0,1040,calibration_unavailable+blend_unavailable
KXNHL3PTOTAL,Hockey,Pro Hockey,segment,exploratory_evaluated,only 0 pre-test settled contracts (< 30),exploratory,nhl,segment,0,0,0,unavailable: training support below threshold,unavailable: segment markets (quarters/halves/innings): no new historical quotes by scope decision,0,0,0,0,0,0,1040,calibration_unavailable+blend_unavailable
KXNHL3P,Hockey,Pro Hockey,segment,exploratory_evaluated,only 0 pre-test settled contracts (< 30),exploratory,nhl,segment,0,0,0,unavailable: training support below threshold,unavailable: segment markets (quarters/halves/innings): no new historical quotes by scope decision,0,0,0,0,0,0,1040,calibration_unavailable+blend_unavailable
KXNHL2P,Hockey,Pro Hockey,segment,exploratory_evaluated,only 0 pre-test settled contracts (< 30),exploratory,nhl,segment,0,0,0,unavailable: training support below threshold,unavailable: segment markets (quarters/halves/innings): no new historical quotes by scope decision,0,0,0,0,0,0,1040,calibration_unavailable+blend_unavailable
KXNHL3PSPREAD,Hockey,Pro Hockey,segment,exploratory_evaluated,only 0 pre-test settled contracts (< 30),exploratory,nhl,segment,0,0,0,unavailable: training support below threshold,unavailable: segment markets (quarters/halves/innings): no new historical quotes by scope decision,0,0,0,0,0,0,1040,calibration_unavailable+blend_unavailable
KXNHL2PSPREAD,Hockey,Pro Hockey,segment,exploratory_evaluated,only 0 pre-test settled contracts (< 30),exploratory,nhl,segment,0,0,0,unavailable: training support below threshold,unavailable: segment markets (quarters/halves/innings): no new historical quotes by scope decision,0,0,0,0,0,0,1040,calibration_unavailable+blend_unavailable
KXNHL1PSPREAD,Hockey,Pro Hockey,segment,exploratory_evaluated,only 0 pre-test settled contracts (< 30),exploratory,nhl,segment,0,0,0,unavailable: training support below threshold,unavailable: segment markets (quarters/halves/innings): no new historical quotes by scope decision,0,0,0,0,0,0,1040,calibration_unavailable+blend_unavailable
KXNHLSERIES,Hockey,Pro Hockey,series_playoff,not_attempted_supported_sport,playoff series: few outcomes; needs game model + bracket simulation (not in Phase 1),,,,,,,,,,,,,,,,phase1:not_attempted_supported_sport
KXNHLSERIESSCORE,Hockey,Pro Hockey,series_playoff,not_attempted_supported_sport,playoff series: few outcomes; needs game model + bracket simulation (not in Phase 1),,,,,,,,,,,,,,,,phase1:not_attempted_supported_sport
KXNHL30COMEBACK,Hockey,Pro Hockey,series_playoff,not_attempted_supported_sport,playoff series: few outcomes; needs game model + bracket simulation (not in Phase 1),,,,,,,,,,,,,,,,phase1:not_attempted_supported_sport
KXNHLPLAYOFFGOALS,Hockey,Pro Hockey,series_playoff,not_attempted_supported_sport,playoff series: few outcomes; needs game model + bracket simulation (not in Phase 1),,,,,,,,,,,,,,,,phase1:not_attempted_supported_sport
KXNHLSPREAD,Hockey,Pro Hockey,spread,strict_evaluated,,strict,nhl,spread,0,0,2068,unavailable: training support below threshold,unavailable: matched training support below threshold,0,200,300,0,200,300,3365,calibration_unavailable+blend_unavailable
KXNHLSERIESSPREAD,Hockey,Pro Hockey,spread,excluded_spec,no payoff parser for suffix 'SERIESSPREAD',,nhl,,,,,,,,,,,,,,phase1:excluded_spec
KXNHLTEAMTOTAL,Hockey,Pro Hockey,team_total,exploratory_evaluated,only 0 pre-test settled contracts (< 30),exploratory,nhl,team_total,0,0,0,unavailable: training support below threshold,unavailable: matched training support below threshold,0,0,42,0,0,42,420,calibration_unavailable+blend_unavailable
KXNHLTOTAL,Hockey,Pro Hockey,total,strict_evaluated,,strict,nhl,total,0,0,2585,unavailable: training support below threshold,unavailable: matched training support below threshold,0,200,300,0,200,300,5616,calibration_unavailable+blend_unavailable
KXNHLSEASONPTS,Hockey,Pro Hockey,total,excluded_spec,no payoff parser for suffix 'SEASONPTS',,nhl,,,,,,,,,,,,,,phase1:excluded_spec
KXNHLSERIESGAMES,Hockey,Pro Hockey,total,excluded_spec,no payoff parser for suffix 'SERIESGAMES',,nhl,,,,,,,,,,,,,,phase1:excluded_spec
KXNHLSERIESTOTALGOAL,Hockey,Pro Hockey,total,excluded_spec,no payoff parser for suffix 'SERIESTOTALGOAL',,nhl,,,,,,,,,,,,,,phase1:excluded_spec
KXNHLSERIESTOTALGOALS,Hockey,,total,not_attempted_supported_sport,no traded markets,,,,,,,,,,,,,,,,phase1:not_attempted_supported_sport
KXNHL,Hockey,Pro Hockey,tournament_outright,not_attempted_supported_sport,outright/bracket: few independent outcomes per season; needs prospective capture + simulation,,,,,,,,,,,,,,,,phase1:not_attempted_supported_sport
KXNHLWEST,Hockey,Pro Hockey,tournament_outright,not_attempted_supported_sport,outright/bracket: few independent outcomes per season; needs prospective capture + simulation,,,,,,,,,,,,,,,,phase1:not_attempted_supported_sport
KXNHLEAST,Hockey,Pro Hockey,tournament_outright,not_attempted_supported_sport,outright/bracket: few independent outcomes per season; needs prospective capture + simulation,,,,,,,,,,,,,,,,phase1:not_attempted_supported_sport
KXNHLPLAYOFF,Hockey,Pro Hockey,tournament_outright,not_attempted_supported_sport,outright/bracket: few independent outcomes per season; needs prospective capture + simulation,,,,,,,,,,,,,,,,phase1:not_attempted_supported_sport
KXTEAMSINSC,Hockey,Pro Hockey,tournament_outright,not_attempted_supported_sport,outright/bracket: few independent outcomes per season; needs prospective capture + simulation,,,,,,,,,,,,,,,,phase1:not_attempted_supported_sport
KXNCAAHOCKEY,Hockey,College Hockey,tournament_outright,not_attempted_supported_sport,outright/bracket: few independent outcomes per season; needs prospective capture + simulation,,,,,,,,,,,,,,,,phase1:not_attempted_supported_sport
KXNHL4NATIONS,Hockey,,tournament_outright,not_attempted_supported_sport,outright/bracket: few independent outcomes per season; needs prospective capture + simulation,,,,,,,,,,,,,,,,phase1:not_attempted_supported_sport
KXNHLPACIFIC,Hockey,Pro Hockey,tournament_outright,not_attempted_supported_sport,outright/bracket: few independent outcomes per season; needs prospective capture + simulation,,,,,,,,,,,,,,,,phase1:not_attempted_supported_sport
KXNHLATLANTIC,Hockey,Pro Hockey,tournament_outright,not_attempted_supported_sport,outright/bracket: few independent outcomes per season; needs prospective capture + simulation,,,,,,,,,,,,,,,,phase1:not_attempted_supported_sport
KXNHLPRES,Hockey,Pro Hockey,tournament_outright,not_attempted_supported_sport,outright/bracket: few independent outcomes per season; needs prospective capture + simulation,,,,,,,,,,,,,,,,phase1:not_attempted_supported_sport
KXNHLCENTRAL,Hockey,Pro Hockey,tournament_outright,not_attempted_supported_sport,outright/bracket: few independent outcomes per season; needs prospective capture + simulation,,,,,,,,,,,,,,,,phase1:not_attempted_supported_sport
KXNHLMETROPOLITAN,Hockey,Pro Hockey,tournament_outright,not_attempted_supported_sport,outright/bracket: few independent outcomes per season; needs prospective capture + simulation,,,,,,,,,,,,,,,,phase1:not_attempted_supported_sport
KXIIHF,Hockey,World Championship,tournament_outright,not_attempted_supported_sport,outright/bracket: few independent outcomes per season; needs prospective capture + simulation,,,,,,,,,,,,,,,,phase1:not_attempted_supported_sport
KXNHLFINALSEXACT,Hockey,,tournament_outright,not_attempted_supported_sport,outright/bracket: few independent outcomes per season; needs prospective capture + simulation,,,,,,,,,,,,,,,,phase1:not_attempted_supported_sport
KXCANADACUP,Hockey,Pro Hockey,tournament_outright,not_attempted_supported_sport,outright/bracket: few independent outcomes per season; needs prospective capture + simulation,,,,,,,,,,,,,,,,phase1:not_attempted_supported_sport
KXIIHFCHAMP,Hockey,,tournament_outright,not_attempted_supported_sport,outright/bracket: few independent outcomes per season; needs prospective capture + simulation,,,,,,,,,,,,,,,,phase1:not_attempted_supported_sport
KXNCAAH,Hockey,NCAA Hockey,tournament_outright,not_attempted_supported_sport,outright/bracket: few independent outcomes per season; needs prospective capture + simulation,,,,,,,,,,,,,,,,phase1:not_attempted_supported_sport
KXNHLWINS,Hockey,,tournament_outright,not_attempted_supported_sport,outright/bracket: few independent outcomes per season; needs prospective capture + simulation,,,,,,,,,,,,,,,,phase1:not_attempted_supported_sport
KXLAXTEWAARATON,Lacrosse,College Lacrosse,awards,not_attempted_supported_sport,awards: voting outcomes without as-of inputs,,,,,,,,,,,,,,,,phase1:not_attempted_supported_sport
KXNCAAMLAXGAME,Lacrosse,College Lacrosse,game_winner,kalshi_settlement_only_evaluated,,kalshi_settlement_only,k_kxncaamlaxgame,game_winner,0,0,0,unavailable: training support below threshold,unavailable: matched training support below threshold,0,0,150,0,0,148,882,calibration_unavailable+blend_unavailable
KXPLLGAME,Lacrosse,Premier Lacrosse League,game_winner,kalshi_settlement_only_evaluated,,kalshi_settlement_only,k_kxpllgame,game_winner,0,0,0,unavailable: training support below threshold,unavailable: matched training support below threshold,0,0,53,0,0,53,106,calibration_unavailable+blend_unavailable
KXWLLGAME,Lacrosse,Women's Lacrosse League,game_winner,no_test_contracts,no scored contracts in the test window,kalshi_settlement_only,k_kxwllgame,game_winner,0,0,0,,,0,0,0,0,0,0,0,phase1:no_test_contracts
KXLAXGAME,Lacrosse,,game_winner,not_attempted_supported_sport,no traded markets,,,,,,,,,,,,,,,,phase1:not_attempted_supported_sport
KXNCAALAXGAME,Lacrosse,,game_winner,not_attempted_supported_sport,no traded markets,,,,,,,,,,,,,,,,phase1:not_attempted_supported_sport
KXNCAALAXFINAL,Lacrosse,College Lacrosse,tournament_outright,not_attempted_supported_sport,outright/bracket: few independent outcomes per season; needs prospective capture + simulation,,,,,,,,,,,,,,,,phase1:not_attempted_supported_sport
KXNCAAMLAXF4,Lacrosse,College Lacrosse,tournament_outright,not_attempted_supported_sport,outright/bracket: few independent outcomes per season; needs prospective capture + simulation,,,,,,,,,,,,,,,,phase1:not_attempted_supported_sport
KXPLL,Lacrosse,Premier Lacrosse League,tournament_outright,not_attempted_supported_sport,outright/bracket: few independent outcomes per season; needs prospective capture + simulation,,,,,,,,,,,,,,,,phase1:not_attempted_supported_sport
KXNCAALAX,Lacrosse,College Lacrosse,tournament_outright,not_attempted_supported_sport,outright/bracket: few independent outcomes per season; needs prospective capture + simulation,,,,,,,,,,,,,,,,phase1:not_attempted_supported_sport
KXSOLAXQUAL,Lacrosse,Summer Olympics,tournament_outright,not_attempted_supported_sport,outright/bracket: few independent outcomes per season; needs prospective capture + simulation,,,,,,,,,,,,,,,,phase1:not_attempted_supported_sport
KXMMACOMPETE,MMA,MVP MMA,awards,not_attempted_supported_sport,awards: voting outcomes without as-of inputs,,,,,,,,,,,,,,,,phase1:not_attempted_supported_sport
KXUFCFIGHT,MMA,MMA,game_winner,strict_evaluated,,strict,ufc,game_winner,84,134,170,unavailable: training support below threshold,unavailable: matched training support below threshold,109,85,300,109,85,300,877,calibration_unavailable+blend_unavailable
KXMMAFIGHT,MMA,PFL,game_winner,kalshi_settlement_only_evaluated,,kalshi_settlement_only,k_kxmmafight,game_winner,0,0,0,unavailable: training support below threshold,unavailable: matched training support below threshold,0,0,15,0,0,15,30,calibration_unavailable+blend_unavailable
KXUFCOCCUR,MMA,McGregor vs Holloway 2,game_winner,no_test_contracts,no scored contracts in the test window,kalshi_settlement_only,k_kxufcoccur,game_winner,0,0,0,,,0,0,0,0,0,0,0,phase1:no_test_contracts
KXMCGREGORFIGHTNEXT,MMA,,game_winner,no_test_contracts,no scored contracts in the test window,kalshi_settlement_only,k_kxmcgregorfightnext,game_winner,0,0,0,,,0,0,0,0,0,0,0,phase1:no_test_contracts
KXPOWERSLAP,MMA,,game_winner,not_attempted_supported_sport,no traded markets,,,,,,,,,,,,,,,,phase1:not_attempted_supported_sport
KXPOWERSLAPMATCH,MMA,,game_winner,not_attempted_supported_sport,no traded markets,,,,,,,,,,,,,,,,phase1:not_attempted_supported_sport
KXCARDPRESENCEUFCWH,MMA,,personnel_ops,not_attempted_supported_sport,out of scope (non-sporting outcome),,,,,,,,,,,,,,,,phase1:not_attempted_supported_sport
KXUFCDELAY,MMA,UFC Freedom 250,personnel_ops,not_attempted_supported_sport,out of scope (non-sporting outcome),,,,,,,,,,,,,,,,phase1:not_attempted_supported_sport
KXUFCWHITEHOUSE,MMA,,personnel_ops,not_attempted_supported_sport,out of scope (non-sporting outcome),,,,,,,,,,,,,,,,phase1:not_attempted_supported_sport
KXUFCFIGHTOCCUR,MMA,MMA,personnel_ops,not_attempted_supported_sport,out of scope (non-sporting outcome),,,,,,,,,,,,,,,,phase1:not_attempted_supported_sport
KXPERSONUNRETIRE,MMA,,personnel_ops,not_attempted_supported_sport,out of scope (non-sporting outcome),,,,,,,,,,,,,,,,phase1:not_attempted_supported_sport
KXJONJONESRETIREMENT,MMA,,personnel_ops,not_attempted_supported_sport,out of scope (non-sporting outcome),,,,,,,,,,,,,,,,phase1:not_attempted_supported_sport
KXWWEFIGHTOCCUR,MMA,WWE,personnel_ops,not_attempted_supported_sport,out of scope (non-sporting outcome),,,,,,,,,,,,,,,,phase1:not_attempted_supported_sport
KXATHLETEUNRETIRE,MMA,,personnel_ops,not_attempted_supported_sport,out of scope (non-sporting outcome),,,,,,,,,,,,,,,,phase1:not_attempted_supported_sport
KXUFCMOV,MMA,MMA,score_props,not_attempted_supported_sport,no independent results adapter for this competition in Phase 1 (game_winner only via Kalshi-only path),,,,,,,,,,,,,,,,phase1:not_attempted_supported_sport
KXUFCDISTANCE,MMA,MMA,score_props,exploratory_evaluated,only 0 pre-test settled contracts (< 30),exploratory,ufc,score_props,0,0,0,unavailable: training support below threshold,unavailable: score props: no new historical quotes by scope decision,0,0,0,0,0,0,423,calibration_unavailable+blend_unavailable
KXUFCVICROUND,MMA,UFC Fight Night,score_props,not_attempted_supported_sport,no independent results adapter for this competition in Phase 1 (game_winner only via Kalshi-only path),,,,,,,,,,,,,,,,phase1:not_attempted_supported_sport
KXUFCROUNDS,MMA,UFC Fight Night,score_props,not_attempted_supported_sport,no independent results adapter for this competition in Phase 1 (game_winner only via Kalshi-only path),,,,,,,,,,,,,,,,phase1:not_attempted_supported_sport
KXUFCMOF,MMA,UFC Fight Night,score_props,not_attempted_supported_sport,no independent results adapter for this competition in Phase 1 (game_winner only via Kalshi-only path),,,,,,,,,,,,,,,,phase1:not_attempted_supported_sport
KXUFCCARDKO,MMA,331,score_props,not_attempted_supported_sport,no independent results adapter for this competition in Phase 1 (game_winner only via Kalshi-only path),,,,,,,,,,,,,,,,phase1:not_attempted_supported_sport
KXDWCSCARDKO,MMA,Contender Series,score_props,not_attempted_supported_sport,no independent results adapter for this competition in Phase 1 (game_winner only via Kalshi-only path),,,,,,,,,,,,,,,,phase1:not_attempted_supported_sport
KXUFCARDKO,MMA,,score_props,not_attempted_supported_sport,no traded markets,,,,,,,,,,,,,,,,phase1:not_attempted_supported_sport
KXUFCLIGHTWEIGHTTITLE,MMA,MMA,tournament_outright,not_attempted_supported_sport,outright/bracket: few independent outcomes per season; needs prospective capture + simulation,,,,,,,,,,,,,,,,phase1:not_attempted_supported_sport
KXUFCTITLE,MMA,MMA,tournament_outright,not_attempted_supported_sport,outright/bracket: few independent outcomes per season; needs prospective capture + simulation,,,,,,,,,,,,,,,,phase1:not_attempted_supported_sport
KXUFCHEAVYWEIGHTTITLE,MMA,MMA,tournament_outright,not_attempted_supported_sport,outright/bracket: few independent outcomes per season; needs prospective capture + simulation,,,,,,,,,,,,,,,,phase1:not_attempted_supported_sport
KXUFCLHEAVYWEIGHTTITLE,MMA,MMA,tournament_outright,not_attempted_supported_sport,outright/bracket: few independent outcomes per season; needs prospective capture + simulation,,,,,,,,,,,,,,,,phase1:not_attempted_supported_sport
KXUFCWELTERWEIGHTTITLE,MMA,MMA,tournament_outright,not_attempted_supported_sport,outright/bracket: few independent outcomes per season; needs prospective capture + simulation,,,,,,,,,,,,,,,,phase1:not_attempted_supported_sport
KXUFCFLYWEIGHTTITLE,MMA,MMA,tournament_outright,not_attempted_supported_sport,outright/bracket: few independent outcomes per season; needs prospective capture + simulation,,,,,,,,,,,,,,,,phase1:not_attempted_supported_sport
KXUFCMIDDLEWEIGHTTITLE,MMA,MMA,tournament_outright,not_attempted_supported_sport,outright/bracket: few independent outcomes per season; needs prospective capture + simulation,,,,,,,,,,,,,,,,phase1:not_attempted_supported_sport
KXUFCBANTAMWEIGHTTITLE,MMA,MMA,tournament_outright,not_attempted_supported_sport,outright/bracket: few independent outcomes per season; needs prospective capture + simulation,,,,,,,,,,,,,,,,phase1:not_attempted_supported_sport
KXUFCFEATHERWEIGHTTITLE,MMA,MMA,tournament_outright,not_attempted_supported_sport,outright/bracket: few independent outcomes per season; needs prospective capture + simulation,,,,,,,,,,,,,,,,phase1:not_attempted_supported_sport
KXUFCMWEIGHT,MMA,,tournament_outright,not_attempted_supported_sport,outright/bracket: few independent outcomes per season; needs prospective capture + simulation,,,,,,,,,,,,,,,,phase1:not_attempted_supported_sport
KXNCAAMWRESTLING125,MMA,College Wrestling,tournament_outright,not_attempted_supported_sport,outright/bracket: few independent outcomes per season; needs prospective capture + simulation,,,,,,,,,,,,,,,,phase1:not_attempted_supported_sport
KXWRESTLINGMATCH,MMA,Wrestling,tournament_outright,not_attempted_supported_sport,outright/bracket: few independent outcomes per season; needs prospective capture + simulation,,,,,,,,,,,,,,,,phase1:not_attempted_supported_sport
KXNCAAMWRESTLING133,MMA,College Wrestling,tournament_outright,not_attempted_supported_sport,outright/bracket: few independent outcomes per season; needs prospective capture + simulation,,,,,,,,,,,,,,,,phase1:not_attempted_supported_sport
KXNCAAMWRESTLING157,MMA,College Wrestling,tournament_outright,not_attempted_supported_sport,outright/bracket: few independent outcomes per season; needs prospective capture + simulation,,,,,,,,,,,,,,,,phase1:not_attempted_supported_sport
KXNCAAMWRESTLING149,MMA,College Wrestling,tournament_outright,not_attempted_supported_sport,outright/bracket: few independent outcomes per season; needs prospective capture + simulation,,,,,,,,,,,,,,,,phase1:not_attempted_supported_sport
KXNCAAMWRESTLING285,MMA,College Wrestling,tournament_outright,not_attempted_supported_sport,outright/bracket: few independent outcomes per season; needs prospective capture + simulation,,,,,,,,,,,,,,,,phase1:not_attempted_supported_sport
KXNCAAMWRESTLING141,MMA,College Wrestling,tournament_outright,not_attempted_supported_sport,outright/bracket: few independent outcomes per season; needs prospective capture + simulation,,,,,,,,,,,,,,,,phase1:not_attempted_supported_sport
KXNCAAMWRESTLING184,MMA,College Wrestling,tournament_outright,not_attempted_supported_sport,outright/bracket: few independent outcomes per season; needs prospective capture + simulation,,,,,,,,,,,,,,,,phase1:not_attempted_supported_sport
KXNCAAMWRESTLING197,MMA,College Wrestling,tournament_outright,not_attempted_supported_sport,outright/bracket: few independent outcomes per season; needs prospective capture + simulation,,,,,,,,,,,,,,,,phase1:not_attempted_supported_sport
KXNCAAMWRESTLING174,MMA,College Wrestling,tournament_outright,not_attempted_supported_sport,outright/bracket: few independent outcomes per season; needs prospective capture + simulation,,,,,,,,,,,,,,,,phase1:not_attempted_supported_sport
KXNCAAMWRESTLING165,MMA,College Wrestling,tournament_outright,not_attempted_supported_sport,outright/bracket: few independent outcomes per season; needs prospective capture + simulation,,,,,,,,,,,,,,,,phase1:not_attempted_supported_sport
KXKXUFCWOMBANTAMWEIGHTTITLE,MMA,,tournament_outright,not_attempted_supported_sport,outright/bracket: few independent outcomes per season; needs prospective capture + simulation,,,,,,,,,,,,,,,,phase1:not_attempted_supported_sport
KXUFC,MMA,,tournament_outright,not_attempted_supported_sport,outright/bracket: few independent outcomes per season; needs prospective capture + simulation,,,,,,,,,,,,,,,,phase1:not_attempted_supported_sport
KXUFCWOMBANTAMWEIGHTTITL,MMA,,tournament_outright,not_attempted_supported_sport,outright/bracket: few independent outcomes per season; needs prospective capture + simulation,,,,,,,,,,,,,,,,phase1:not_attempted_supported_sport
KXUFCWOMBANTAMWEIGHTTITLE,MMA,,tournament_outright,not_attempted_supported_sport,outright/bracket: few independent outcomes per season; needs prospective capture + simulation,,,,,,,,,,,,,,,,phase1:not_attempted_supported_sport
KXUFCWOMFLYWEIGHTTITLE,MMA,,tournament_outright,not_attempted_supported_sport,outright/bracket: few independent outcomes per season; needs prospective capture + simulation,,,,,,,,,,,,,,,,phase1:not_attempted_supported_sport
KXUFCWOMSTRAWWEIGHTTITLE,MMA,,tournament_outright,not_attempted_supported_sport,outright/bracket: few independent outcomes per season; needs prospective capture + simulation,,,,,,,,,,,,,,,,phase1:not_attempted_supported_sport
KXWRESTLING,MMA,,tournament_outright,not_attempted_supported_sport,outright/bracket: few independent outcomes per season; needs prospective capture + simulation,,,,,,,,,,,,,,,,phase1:not_attempted_supported_sport
KXF1ACTION,Motorsport,F1,awards,not_attempted_supported_sport,awards: voting outcomes without as-of inputs,,,,,,,,,,,,,,,,phase1:not_attempted_supported_sport
KXNASCARRACE,Motorsport,NASCAR Cup Series,field_finish,not_attempted_supported_sport,no independent results adapter for this competition in Phase 1 (game_winner only via Kalshi-only path),,,,,,,,,,,,,,,,phase1:not_attempted_supported_sport
KXF1RACE,Motorsport,F1,field_finish,strict_evaluated,,strict,f1,field_finish,394,120,280,unavailable: training support below threshold,unavailable: field finish (golf/F1): no new historical quotes by scope decision,0,0,0,0,0,0,1396,calibration_unavailable+blend_unavailable
KXF1RACEPODIUM,Motorsport,F1,field_finish,strict_evaluated,,strict,f1,field_finish,394,120,280,unavailable: training support below threshold,unavailable: field finish (golf/F1): no new historical quotes by scope decision,0,0,0,0,0,0,1396,calibration_unavailable+blend_unavailable
KXINDYCARRACE,Motorsport,IndyCar,field_finish,not_attempted_supported_sport,no independent results adapter for this competition in Phase 1 (game_winner only via Kalshi-only path),,,,,,,,,,,,,,,,phase1:not_attempted_supported_sport
KXF1POLE,Motorsport,F1,field_finish,not_attempted_supported_sport,no independent results adapter for this competition in Phase 1 (game_winner only via Kalshi-only path),,,,,,,,,,,,,,,,phase1:not_attempted_supported_sport
KXNASCARTOP10,Motorsport,NASCAR Cup Series,field_finish,not_attempted_supported_sport,no independent results adapter for this competition in Phase 1 (game_winner only via Kalshi-only path),,,,,,,,,,,,,,,,phase1:not_attempted_supported_sport
KXNASCARTOP3,Motorsport,NASCAR Cup Series,field_finish,not_attempted_supported_sport,no independent results adapter for this competition in Phase 1 (game_winner only via Kalshi-only path),,,,,,,,,,,,,,,,phase1:not_attempted_supported_sport
KXNASCARTOP5,Motorsport,NASCAR Cup Series,field_finish,not_attempted_supported_sport,no independent results adapter for this competition in Phase 1 (game_winner only via Kalshi-only path),,,,,,,,,,,,,,,,phase1:not_attempted_supported_sport
KXF1RACESPRINT,Motorsport,F1,field_finish,not_attempted_supported_sport,no independent results adapter for this competition in Phase 1 (game_winner only via Kalshi-only path),,,,,,,,,,,,,,,,phase1:not_attempted_supported_sport
KXF1TOP10,Motorsport,F1,field_finish,exploratory_evaluated,only 0 pre-test settled contracts (< 30),exploratory,f1,field_finish,394,120,280,unavailable: training support below threshold,unavailable: field finish (golf/F1): no new historical quotes by scope decision,0,0,0,0,0,0,1396,calibration_unavailable+blend_unavailable
KXF1TOP5,Motorsport,F1,field_finish,exploratory_evaluated,only 0 pre-test settled contracts (< 30),exploratory,f1,field_finish,394,120,280,unavailable: training support below threshold,unavailable: field finish (golf/F1): no new historical quotes by scope decision,0,0,0,0,0,0,1396,calibration_unavailable+blend_unavailable
KXNASCARTOP20,Motorsport,NASCAR Cup Series,field_finish,not_attempted_supported_sport,no independent results adapter for this competition in Phase 1 (game_winner only via Kalshi-only path),,,,,,,,,,,,,,,,phase1:not_attempted_supported_sport
KXNASCARPOLE,Motorsport,NASCAR Cup Series,field_finish,not_attempted_supported_sport,no independent results adapter for this competition in Phase 1 (game_winner only via Kalshi-only path),,,,,,,,,,,,,,,,phase1:not_attempted_supported_sport
KXF1SPRINTPOLE,Motorsport,F1,field_finish,not_attempted_supported_sport,no independent results adapter for this competition in Phase 1 (game_winner only via Kalshi-only path),,,,,,,,,,,,,,,,phase1:not_attempted_supported_sport
KXINDYCARTOP3,Motorsport,IndyCar,field_finish,not_attempted_supported_sport,no independent results adapter for this competition in Phase 1 (game_winner only via Kalshi-only path),,,,,,,,,,,,,,,,phase1:not_attempted_supported_sport
KXMOTOGPRACE,Motorsport,MotoGP,field_finish,not_attempted_supported_sport,no independent results adapter for this competition in Phase 1 (game_winner only via Kalshi-only path),,,,,,,,,,,,,,,,phase1:not_attempted_supported_sport
KXINDYCARTOP10,Motorsport,IndyCar,field_finish,not_attempted_supported_sport,no independent results adapter for this competition in Phase 1 (game_winner only via Kalshi-only path),,,,,,,,,,,,,,,,phase1:not_attempted_supported_sport
KXF1POLEPOSITION,Motorsport,,field_finish,not_attempted_supported_sport,no independent results adapter for this competition in Phase 1 (game_winner only via Kalshi-only path),,,,,,,,,,,,,,,,phase1:not_attempted_supported_sport
KXNASCARTOPTEAM,Motorsport,NASCAR Cup Series,field_finish,not_attempted_supported_sport,no independent results adapter for this competition in Phase 1 (game_winner only via Kalshi-only path),,,,,,,,,,,,,,,,phase1:not_attempted_supported_sport
KXNASCARH2H,Motorsport,NASCAR Cup Series,field_finish,not_attempted_supported_sport,no independent results adapter for this competition in Phase 1 (game_winner only via Kalshi-only path),,,,,,,,,,,,,,,,phase1:not_attempted_supported_sport
KXF1TOPCONSTRUCTOR,Motorsport,F1,field_finish,not_attempted_supported_sport,no independent results adapter for this competition in Phase 1 (game_winner only via Kalshi-only path),,,,,,,,,,,,,,,,phase1:not_attempted_supported_sport
KXINDYCARTOP5,Motorsport,IndyCar,field_finish,not_attempted_supported_sport,no independent results adapter for this competition in Phase 1 (game_winner only via Kalshi-only path),,,,,,,,,,,,,,,,phase1:not_attempted_supported_sport
KXF1BIGGESTMOVER,Motorsport,F1,field_finish,not_attempted_supported_sport,no independent results adapter for this competition in Phase 1 (game_winner only via Kalshi-only path),,,,,,,,,,,,,,,,phase1:not_attempted_supported_sport
KXDAYTONA24H,Motorsport,Daytona 24 Hour,field_finish,not_attempted_supported_sport,no independent results adapter for this competition in Phase 1 (game_winner only via Kalshi-only path),,,,,,,,,,,,,,,,phase1:not_attempted_supported_sport
KXLEMANS24H,Motorsport,24 Hours of Le Mans,field_finish,not_attempted_supported_sport,no independent results adapter for this competition in Phase 1 (game_winner only via Kalshi-only path),,,,,,,,,,,,,,,,phase1:not_attempted_supported_sport
KXF1SPRINTTOP5,Motorsport,F1,field_finish,not_attempted_supported_sport,no independent results adapter for this competition in Phase 1 (game_winner only via Kalshi-only path),,,,,,,,,,,,,,,,phase1:not_attempted_supported_sport
KXF1SPRINTTOP10,Motorsport,F1,field_finish,not_attempted_supported_sport,no independent results adapter for this competition in Phase 1 (game_winner only via Kalshi-only path),,,,,,,,,,,,,,,,phase1:not_attempted_supported_sport
KXINDYCARPOLE,Motorsport,IndyCar,field_finish,not_attempted_supported_sport,no independent results adapter for this competition in Phase 1 (game_winner only via Kalshi-only path),,,,,,,,,,,,,,,,phase1:not_attempted_supported_sport
KXF1H2H,Motorsport,F1,field_finish,not_attempted_supported_sport,no independent results adapter for this competition in Phase 1 (game_winner only via Kalshi-only path),,,,,,,,,,,,,,,,phase1:not_attempted_supported_sport
KXINDYCARBIGGESTMOVER,Motorsport,IndyCar,field_finish,not_attempted_supported_sport,no independent results adapter for this competition in Phase 1 (game_winner only via Kalshi-only path),,,,,,,,,,,,,,,,phase1:not_attempted_supported_sport
KXNASCARBIGGESTMOVER,Motorsport,NASCAR Cup Series,field_finish,not_attempted_supported_sport,no independent results adapter for this competition in Phase 1 (game_winner only via Kalshi-only path),,,,,,,,,,,,,,,,phase1:not_attempted_supported_sport
KXF1SPRINTTOPCONSTRUCTOR,Motorsport,F1,field_finish,not_attempted_supported_sport,no independent results adapter for this competition in Phase 1 (game_winner only via Kalshi-only path),,,,,,,,,,,,,,,,phase1:not_attempted_supported_sport
KXUSAF1,Motorsport,,field_finish,not_attempted_supported_sport,no independent results adapter for this competition in Phase 1 (game_winner only via Kalshi-only path),,,,,,,,,,,,,,,,phase1:not_attempted_supported_sport
KXDAYTONA24,Motorsport,,field_finish,not_attempted_supported_sport,no traded markets,,,,,,,,,,,,,,,,phase1:not_attempted_supported_sport
KXF1RACETOP10,Motorsport,,field_finish,not_attempted_supported_sport,no traded markets,,,,,,,,,,,,,,,,phase1:not_attempted_supported_sport
KXF1RACETOP5,Motorsport,,field_finish,not_attempted_supported_sport,no traded markets,,,,,,,,,,,,,,,,phase1:not_attempted_supported_sport
KXF1RACETOPX,Motorsport,,field_finish,not_attempted_supported_sport,no traded markets,,,,,,,,,,,,,,,,phase1:not_attempted_supported_sport
KXMXRACE,Motorsport,,field_finish,not_attempted_supported_sport,no traded markets,,,,,,,,,,,,,,,,phase1:not_attempted_supported_sport
KXNASCARRACEOLD,Motorsport,,field_finish,not_attempted_supported_sport,no traded markets,,,,,,,,,,,,,,,,phase1:not_attempted_supported_sport
KXNASCARTOPMANU,Motorsport,,field_finish,not_attempted_supported_sport,no traded markets,,,,,,,,,,,,,,,,phase1:not_attempted_supported_sport
KXNEXTTEAMVERSTAPPEN,Motorsport,F1,other_novelty,not_attempted_supported_sport,out of scope (novelty),,,,,,,,,,,,,,,,phase1:not_attempted_supported_sport
KXAFRICAF1,Motorsport,,other_novelty,not_attempted_supported_sport,out of scope (novelty),,,,,,,,,,,,,,,,phase1:not_attempted_supported_sport
KXSPORTSIGNPEREZ,Motorsport,,other_novelty,not_attempted_supported_sport,out of scope (novelty),,,,,,,,,,,,,,,,phase1:not_attempted_supported_sport
KXF1DELAY,Motorsport,F1,personnel_ops,not_attempted_supported_sport,out of scope (non-sporting outcome),,,,,,,,,,,,,,,,phase1:not_attempted_supported_sport
KXF1OCCUR,Motorsport,F1,personnel_ops,not_attempted_supported_sport,out of scope (non-sporting outcome),,,,,,,,,,,,,,,,phase1:not_attempted_supported_sport
KXF1NEXTTEAM,Motorsport,F1,personnel_ops,not_attempted_supported_sport,out of scope (non-sporting outcome),,,,,,,,,,,,,,,,phase1:not_attempted_supported_sport
KXF1RETIRE,Motorsport,F1,personnel_ops,not_attempted_supported_sport,out of scope (non-sporting outcome),,,,,,,,,,,,,,,,phase1:not_attempted_supported_sport
KXF1CHINA,Motorsport,F1,personnel_ops,not_attempted_supported_sport,out of scope (non-sporting outcome),,,,,,,,,,,,,,,,phase1:not_attempted_supported_sport
KXINDY500DELAY,Motorsport,,personnel_ops,not_attempted_supported_sport,out of scope (non-sporting outcome),,,,,,,,,,,,,,,,phase1:not_attempted_supported_sport
KXF1FASTLAP,Motorsport,F1,player_prop,not_attempted_supported_sport,player/appearance-conditioned; pregame participation not reconstructable as-of (not modelled),,,,,,,,,,,,,,,,phase1:not_attempted_supported_sport
KXNASCARFASTLAP,Motorsport,NASCAR Cup Series,player_prop,not_attempted_supported_sport,player/appearance-conditioned; pregame participation not reconstructable as-of (not modelled),,,,,,,,,,,,,,,,phase1:not_attempted_supported_sport
KXF1FASTESTLAP,Motorsport,,player_prop,not_attempted_supported_sport,player/appearance-conditioned; pregame participation not reconstructable as-of (not modelled),,,,,,,,,,,,,,,,phase1:not_attempted_supported_sport
KXINDYCARFASTLAP,Motorsport,IndyCar,player_prop,not_attempted_supported_sport,player/appearance-conditioned; pregame participation not reconstructable as-of (not modelled),,,,,,,,,,,,,,,,phase1:not_attempted_supported_sport
KXF1SPRINTFASTLAP,Motorsport,F1,player_prop,not_attempted_supported_sport,player/appearance-conditioned; pregame participation not reconstructable as-of (not modelled),,,,,,,,,,,,,,,,phase1:not_attempted_supported_sport
KXF1,Motorsport,F1,tournament_outright,not_attempted_supported_sport,outright/bracket: few independent outcomes per season; needs prospective capture + simulation,,,,,,,,,,,,,,,,phase1:not_attempted_supported_sport
KXINDY500,Motorsport,,tournament_outright,not_attempted_supported_sport,outright/bracket: few independent outcomes per season; needs prospective capture + simulation,,,,,,,,,,,,,,,,phase1:not_attempted_supported_sport
KXNASCARCUPSERIES,Motorsport,NASCAR Cup Series,tournament_outright,not_attempted_supported_sport,outright/bracket: few independent outcomes per season; needs prospective capture + simulation,,,,,,,,,,,,,,,,phase1:not_attempted_supported_sport
KXF1CONSTRUCTORS,Motorsport,F1,tournament_outright,not_attempted_supported_sport,outright/bracket: few independent outcomes per season; needs prospective capture + simulation,,,,,,,,,,,,,,,,phase1:not_attempted_supported_sport
KXNASCAR,Motorsport,NASCAR,tournament_outright,not_attempted_supported_sport,outright/bracket: few independent outcomes per season; needs prospective capture + simulation,,,,,,,,,,,,,,,,phase1:not_attempted_supported_sport
KXINDYCARSERIES,Motorsport,IndyCar,tournament_outright,not_attempted_supported_sport,outright/bracket: few independent outcomes per season; needs prospective capture + simulation,,,,,,,,,,,,,,,,phase1:not_attempted_supported_sport
KXNASCARAUTOPARTSSERIES,Motorsport,NASCAR O'Reilly Auto Parts Series,tournament_outright,not_attempted_supported_sport,outright/bracket: few independent outcomes per season; needs prospective capture + simulation,,,,,,,,,,,,,,,,phase1:not_attempted_supported_sport
KXNASCARTRUCKSERIES,Motorsport,NASCAR Truck Series,tournament_outright,not_attempted_supported_sport,outright/bracket: few independent outcomes per season; needs prospective capture + simulation,,,,,,,,,,,,,,,,phase1:not_attempted_supported_sport
KXNASCARCHALLENGE,Motorsport,NASCAR Cup Series,tournament_outright,not_attempted_supported_sport,outright/bracket: few independent outcomes per season; needs prospective capture + simulation,,,,,,,,,,,,,,,,phase1:not_attempted_supported_sport
KXMOTOGP,Motorsport,MotoGP,tournament_outright,not_attempted_supported_sport,outright/bracket: few independent outcomes per season; needs prospective capture + simulation,,,,,,,,,,,,,,,,phase1:not_attempted_supported_sport
KXNASCARCUPSEASON,Motorsport,NASCAR Cup Series,tournament_outright,not_attempted_supported_sport,outright/bracket: few independent outcomes per season; needs prospective capture + simulation,,,,,,,,,,,,,,,,phase1:not_attempted_supported_sport
KXMOTOGPTEAMS,Motorsport,MotoGP,tournament_outright,not_attempted_supported_sport,outright/bracket: few independent outcomes per season; needs prospective capture + simulation,,,,,,,,,,,,,,,,phase1:not_attempted_supported_sport
KXF1QUALIFY,Motorsport,,tournament_outright,not_attempted_supported_sport,outright/bracket: few independent outcomes per season; needs prospective capture + simulation,,,,,,,,,,,,,,,,phase1:not_attempted_supported_sport
KXNASCARCUPCHAMP,Motorsport,,tournament_outright,not_attempted_supported_sport,outright/bracket: few independent outcomes per season; needs prospective capture + simulation,,,,,,,,,,,,,,,,phase1:not_attempted_supported_sport
KXRANKLISTFFDST,Non-sport (sports-tagged),,league_leaders,not_attempted_unsupported_sport,not a sporting outcome (v1 class E),,,,,,,,,,,,,,,,phase1:not_attempted_unsupported_sport
KXRANKLISTFFK,Non-sport (sports-tagged),,league_leaders,not_attempted_unsupported_sport,not a sporting outcome (v1 class E),,,,,,,,,,,,,,,,phase1:not_attempted_unsupported_sport
KXSYNTHETIXTRADINGCOMP,Non-sport (sports-tagged),,other_novelty,not_attempted_unsupported_sport,not a sporting outcome (v1 class E),,,,,,,,,,,,,,,,phase1:not_attempted_unsupported_sport
KXSBMENTION,Non-sport (sports-tagged),,other_novelty,not_attempted_unsupported_sport,not a sporting outcome (v1 class E),,,,,,,,,,,,,,,,phase1:not_attempted_unsupported_sport
KXALPHAARENA,Non-sport (sports-tagged),,other_novelty,not_attempted_unsupported_sport,not a sporting outcome (v1 class E),,,,,,,,,,,,,,,,phase1:not_attempted_unsupported_sport
KXRANKLISTKAITO,Non-sport (sports-tagged),,other_novelty,not_attempted_unsupported_sport,not a sporting outcome (v1 class E),,,,,,,,,,,,,,,,phase1:not_attempted_unsupported_sport
KXALPHAARENABASE,Non-sport (sports-tagged),,other_novelty,not_attempted_unsupported_sport,not a sporting outcome (v1 class E),,,,,,,,,,,,,,,,phase1:not_attempted_unsupported_sport
KXALPHAARENALEV,Non-sport (sports-tagged),,other_novelty,not_attempted_unsupported_sport,not a sporting outcome (v1 class E),,,,,,,,,,,,,,,,phase1:not_attempted_unsupported_sport
KXALPHAARENAMONK,Non-sport (sports-tagged),,other_novelty,not_attempted_unsupported_sport,not a sporting outcome (v1 class E),,,,,,,,,,,,,,,,phase1:not_attempted_unsupported_sport
KXALPHAARENAAWARE,Non-sport (sports-tagged),,other_novelty,not_attempted_unsupported_sport,not a sporting outcome (v1 class E),,,,,,,,,,,,,,,,phase1:not_attempted_unsupported_sport
KXRANKLISTSUI,Non-sport (sports-tagged),,other_novelty,not_attempted_unsupported_sport,not a sporting outcome (v1 class E),,,,,,,,,,,,,,,,phase1:not_attempted_unsupported_sport
KXRANKLISTAICODE,Non-sport (sports-tagged),,other_novelty,not_attempted_unsupported_sport,not a sporting outcome (v1 class E),,,,,,,,,,,,,,,,phase1:not_attempted_unsupported_sport
KXRANKLISTBONK,Non-sport (sports-tagged),,other_novelty,not_attempted_unsupported_sport,not a sporting outcome (v1 class E),,,,,,,,,,,,,,,,phase1:not_attempted_unsupported_sport
KXRANKLISTIBD,Non-sport (sports-tagged),,other_novelty,not_attempted_unsupported_sport,not a sporting outcome (v1 class E),,,,,,,,,,,,,,,,phase1:not_attempted_unsupported_sport
KXRANKLISTKG,Non-sport (sports-tagged),,other_novelty,not_attempted_unsupported_sport,not a sporting outcome (v1 class E),,,,,,,,,,,,,,,,phase1:not_attempted_unsupported_sport
KXRANKLISTREALSPORTS,Non-sport (sports-tagged),,other_novelty,not_attempted_unsupported_sport,not a sporting outcome (v1 class E),,,,,,,,,,,,,,,,phase1:not_attempted_unsupported_sport
KXSPELLINGBEE,Non-sport (sports-tagged),,other_novelty,not_attempted_unsupported_sport,not a sporting outcome (v1 class E),,,,,,,,,,,,,,,,phase1:not_attempted_unsupported_sport
KXEUROVISIONISRAELBAN,Non-sport (sports-tagged),,personnel_ops,not_attempted_unsupported_sport,not a sporting outcome (v1 class E),,,,,,,,,,,,,,,,phase1:not_attempted_unsupported_sport
KXSFSPELLINGBEE,Non-sport (sports-tagged),,tournament_outright,not_attempted_unsupported_sport,not a sporting outcome (v1 class E),,,,,,,,,,,,,,,,phase1:not_attempted_unsupported_sport
KXWOFREESKI,Olympics,Freestyle Skiing,field_finish,not_attempted_unsupported_sport,no independent results adapter for this competition in Phase 1 (game_winner only via Kalshi-only path),,,,,,,,,,,,,,,,phase1:not_attempted_unsupported_sport
KXWOCURL,Olympics,Curling,field_finish,not_attempted_unsupported_sport,no independent results adapter for this competition in Phase 1 (game_winner only via Kalshi-only path),,,,,,,,,,,,,,,,phase1:not_attempted_unsupported_sport
KXWOFSKATE,Olympics,Figure Skating,field_finish,not_attempted_unsupported_sport,no independent results adapter for this competition in Phase 1 (game_winner only via Kalshi-only path),,,,,,,,,,,,,,,,phase1:not_attempted_unsupported_sport
KXWOCURLGAME,Olympics,Curling,field_finish,not_attempted_unsupported_sport,no independent results adapter for this competition in Phase 1 (game_winner only via Kalshi-only path),,,,,,,,,,,,,,,,phase1:not_attempted_unsupported_sport
KXWOSBOARD,Olympics,Snowboarding,field_finish,not_attempted_unsupported_sport,no independent results adapter for this competition in Phase 1 (game_winner only via Kalshi-only path),,,,,,,,,,,,,,,,phase1:not_attempted_unsupported_sport
KXWOSSKATE,Olympics,Speed Skating,field_finish,not_attempted_unsupported_sport,no independent results adapter for this competition in Phase 1 (game_winner only via Kalshi-only path),,,,,,,,,,,,,,,,phase1:not_attempted_unsupported_sport
KXWOSKIJUMP,Olympics,Ski Jumping,field_finish,not_attempted_unsupported_sport,no independent results adapter for this competition in Phase 1 (game_winner only via Kalshi-only path),,,,,,,,,,,,,,,,phase1:not_attempted_unsupported_sport
KXWOSTRACK,Olympics,Short Track Speed Skating,field_finish,not_attempted_unsupported_sport,no independent results adapter for this competition in Phase 1 (game_winner only via Kalshi-only path),,,,,,,,,,,,,,,,phase1:not_attempted_unsupported_sport
KXWOLUGE,Olympics,Luge,field_finish,not_attempted_unsupported_sport,no independent results adapter for this competition in Phase 1 (game_winner only via Kalshi-only path),,,,,,,,,,,,,,,,phase1:not_attempted_unsupported_sport
KXWOBIATH,Olympics,Biathlon,field_finish,not_attempted_unsupported_sport,no independent results adapter for this competition in Phase 1 (game_winner only via Kalshi-only path),,,,,,,,,,,,,,,,phase1:not_attempted_unsupported_sport
KXWONORDIC,Olympics,Nordic Combined,field_finish,not_attempted_unsupported_sport,no independent results adapter for this competition in Phase 1 (game_winner only via Kalshi-only path),,,,,,,,,,,,,,,,phase1:not_attempted_unsupported_sport
KXWOSKIMTN,Olympics,Ski Mountaineering,field_finish,not_attempted_unsupported_sport,no independent results adapter for this competition in Phase 1 (game_winner only via Kalshi-only path),,,,,,,,,,,,,,,,phase1:not_attempted_unsupported_sport
KXWOALPSKI,Olympics,Alpine Skiing,field_finish,not_attempted_unsupported_sport,no independent results adapter for this competition in Phase 1 (game_winner only via Kalshi-only path),,,,,,,,,,,,,,,,phase1:not_attempted_unsupported_sport
KXWOBOB,Olympics,Bobsledding,field_finish,not_attempted_unsupported_sport,no independent results adapter for this competition in Phase 1 (game_winner only via Kalshi-only path),,,,,,,,,,,,,,,,phase1:not_attempted_unsupported_sport
KXWOXC,Olympics,Cross Country Skiing,field_finish,not_attempted_unsupported_sport,no independent results adapter for this competition in Phase 1 (game_winner only via Kalshi-only path),,,,,,,,,,,,,,,,phase1:not_attempted_unsupported_sport
KXWOSKEL,Olympics,Bobsledding,field_finish,not_attempted_unsupported_sport,no independent results adapter for this competition in Phase 1 (game_winner only via Kalshi-only path),,,,,,,,,,,,,,,,phase1:not_attempted_unsupported_sport
KXWO-ALPSKI,Olympics,,field_finish,not_attempted_unsupported_sport,no traded markets,,,,,,,,,,,,,,,,phase1:not_attempted_unsupported_sport
KXWO-BIATH,Olympics,,field_finish,not_attempted_unsupported_sport,no traded markets,,,,,,,,,,,,,,,,phase1:not_attempted_unsupported_sport
KXWO-BOB,Olympics,,field_finish,not_attempted_unsupported_sport,no traded markets,,,,,,,,,,,,,,,,phase1:not_attempted_unsupported_sport
KXWO-CURL,Olympics,,field_finish,not_attempted_unsupported_sport,no traded markets,,,,,,,,,,,,,,,,phase1:not_attempted_unsupported_sport
KXWO-FIGSKATE,Olympics,,field_finish,not_attempted_unsupported_sport,no traded markets,,,,,,,,,,,,,,,,phase1:not_attempted_unsupported_sport
KXWO-FREESKI,Olympics,,field_finish,not_attempted_unsupported_sport,no traded markets,,,,,,,,,,,,,,,,phase1:not_attempted_unsupported_sport
KXWO-FSKATE,Olympics,,field_finish,not_attempted_unsupported_sport,no traded markets,,,,,,,,,,,,,,,,phase1:not_attempted_unsupported_sport
KXWO-HOCKEY,Olympics,,field_finish,not_attempted_unsupported_sport,no traded markets,,,,,,,,,,,,,,,,phase1:not_attempted_unsupported_sport
KXWO-LUGE,Olympics,,field_finish,not_attempted_unsupported_sport,no traded markets,,,,,,,,,,,,,,,,phase1:not_attempted_unsupported_sport
KXWO-NORDIC,Olympics,,field_finish,not_attempted_unsupported_sport,no traded markets,,,,,,,,,,,,,,,,phase1:not_attempted_unsupported_sport
KXWO-SBOARD,Olympics,,field_finish,not_attempted_unsupported_sport,no traded markets,,,,,,,,,,,,,,,,phase1:not_attempted_unsupported_sport
KXWO-SKEL,Olympics,,field_finish,not_attempted_unsupported_sport,no traded markets,,,,,,,,,,,,,,,,phase1:not_attempted_unsupported_sport
KXWO-SKIJUMP,Olympics,,field_finish,not_attempted_unsupported_sport,no traded markets,,,,,,,,,,,,,,,,phase1:not_attempted_unsupported_sport
KXWO-SKIMTN,Olympics,,field_finish,not_attempted_unsupported_sport,no traded markets,,,,,,,,,,,,,,,,phase1:not_attempted_unsupported_sport
KXWO-SSKATE,Olympics,,field_finish,not_attempted_unsupported_sport,no traded markets,,,,,,,,,,,,,,,,phase1:not_attempted_unsupported_sport
KXWO-STRACK,Olympics,,field_finish,not_attempted_unsupported_sport,no traded markets,,,,,,,,,,,,,,,,phase1:not_attempted_unsupported_sport
KXWO-XC,Olympics,,field_finish,not_attempted_unsupported_sport,no traded markets,,,,,,,,,,,,,,,,phase1:not_attempted_unsupported_sport
KXWO-GOLD,Olympics,Winter Olympics,tournament_outright,not_attempted_unsupported_sport,outright/bracket: few independent outcomes per season; needs prospective capture + simulation,,,,,,,,,,,,,,,,phase1:not_attempted_unsupported_sport
KXWO-MEDALS,Olympics,Winter Olympics,tournament_outright,not_attempted_unsupported_sport,outright/bracket: few independent outcomes per season; needs prospective capture + simulation,,,,,,,,,,,,,,,,phase1:not_attempted_unsupported_sport
KXWO-SILVER,Olympics,Winter Olympics,tournament_outright,not_attempted_unsupported_sport,outright/bracket: few independent outcomes per season; needs prospective capture + simulation,,,,,,,,,,,,,,,,phase1:not_attempted_unsupported_sport
KXWO-BRONZE,Olympics,Winter Olympics,tournament_outright,not_attempted_unsupported_sport,outright/bracket: few independent outcomes per season; needs prospective capture + simulation,,,,,,,,,,,,,,,,phase1:not_attempted_unsupported_sport
KXWO,Olympics,,tournament_outright,not_attempted_unsupported_sport,outright/bracket: few independent outcomes per season; needs prospective capture + simulation,,,,,,,,,,,,,,,,phase1:not_attempted_unsupported_sport
KXWO-SWEEPS,Olympics,,tournament_outright,not_attempted_unsupported_sport,outright/bracket: few independent outcomes per season; needs prospective capture + simulation,,,,,,,,,,,,,,,,phase1:not_attempted_unsupported_sport
KXWO-TOTALMEDALS,Olympics,,tournament_outright,not_attempted_unsupported_sport,outright/bracket: few independent outcomes per season; needs prospective capture + simulation,,,,,,,,,,,,,,,,phase1:not_attempted_unsupported_sport
KXESPYSWEEP,Other,,awards,not_attempted_unsupported_sport,awards: voting outcomes without as-of inputs,,,,,,,,,,,,,,,,phase1:not_attempted_unsupported_sport
KXNATHANSWINNERWO,Other,Nathan's Hot Dog Contest (M),field_finish,not_attempted_unsupported_sport,no independent results adapter for this competition in Phase 1 (game_winner only via Kalshi-only path),,,,,,,,,,,,,,,,phase1:not_attempted_unsupported_sport
KXSAILGPRACE,Other,SailGP,field_finish,not_attempted_unsupported_sport,no independent results adapter for this competition in Phase 1 (game_winner only via Kalshi-only path),,,,,,,,,,,,,,,,phase1:not_attempted_unsupported_sport
KXPPLMATCH,Other,Pro Padel League (M),field_finish,not_attempted_unsupported_sport,no independent results adapter for this competition in Phase 1 (game_winner only via Kalshi-only path),,,,,,,,,,,,,,,,phase1:not_attempted_unsupported_sport
KXTALLSHIPRACE,Other,Five Sisters Cup,field_finish,not_attempted_unsupported_sport,no independent results adapter for this competition in Phase 1 (game_winner only via Kalshi-only path),,,,,,,,,,,,,,,,phase1:not_attempted_unsupported_sport
KXCRYPTOFIGHTNIGHT,Other,,field_finish,not_attempted_unsupported_sport,no traded markets,,,,,,,,,,,,,,,,phase1:not_attempted_unsupported_sport
KXMARATHONTIME,Other,,field_finish,not_attempted_unsupported_sport,no traded markets,,,,,,,,,,,,,,,,phase1:not_attempted_unsupported_sport
KXNATHANSHDRECORD,Other,Nathan's Hot Dog Contest (M),league_leaders,not_attempted_unsupported_sport,league leaders: one outcome per stat-season,,,,,,,,,,,,,,,,phase1:not_attempted_unsupported_sport
KXTFWORLDRECORD,Other,Track & Field,league_leaders,not_attempted_unsupported_sport,league leaders: one outcome per stat-season,,,,,,,,,,,,,,,,phase1:not_attempted_unsupported_sport
KXNATHANDOGS,Other,,other_novelty,not_attempted_unsupported_sport,out of scope (novelty),,,,,,,,,,,,,,,,phase1:not_attempted_unsupported_sport
KXNATHANSHDOU,Other,Nathan's Hot Dog Contest (M),other_novelty,not_attempted_unsupported_sport,out of scope (novelty),,,,,,,,,,,,,,,,phase1:not_attempted_unsupported_sport
KXPICKLEBALL,Other,,other_novelty,not_attempted_unsupported_sport,out of scope (novelty),,,,,,,,,,,,,,,,phase1:not_attempted_unsupported_sport
KXWSOPENTRANTS,Other,WSOP,other_novelty,not_attempted_unsupported_sport,out of scope (novelty),,,,,,,,,,,,,,,,phase1:not_attempted_unsupported_sport
KXHONEYDEUCE,Other,,other_novelty,not_attempted_unsupported_sport,out of scope (novelty),,,,,,,,,,,,,,,,phase1:not_attempted_unsupported_sport
KXKYLEMILETIME,Other,,other_novelty,not_attempted_unsupported_sport,out of scope (novelty),,,,,,,,,,,,,,,,phase1:not_attempted_unsupported_sport
KXPPLGAMES,Other,,other_novelty,not_attempted_unsupported_sport,out of scope (novelty),,,,,,,,,,,,,,,,phase1:not_attempted_unsupported_sport
KXFANATICSGAMESFIRSTPLACE,Other,,other_novelty,not_attempted_unsupported_sport,out of scope (novelty),,,,,,,,,,,,,,,,phase1:not_attempted_unsupported_sport
KXSURF,Other,,other_novelty,not_attempted_unsupported_sport,out of scope (novelty),,,,,,,,,,,,,,,,phase1:not_attempted_unsupported_sport
KXKYLE100MRUN,Other,,other_novelty,not_attempted_unsupported_sport,out of scope (novelty),,,,,,,,,,,,,,,,phase1:not_attempted_unsupported_sport
KXPICKLEBALLGAMES,Other,,other_novelty,not_attempted_unsupported_sport,out of scope (novelty),,,,,,,,,,,,,,,,phase1:not_attempted_unsupported_sport
KXBRAD100MRUN,Other,,other_novelty,not_attempted_unsupported_sport,out of scope (novelty),,,,,,,,,,,,,,,,phase1:not_attempted_unsupported_sport
KXFANATICSGAMESTHIRDPLACE,Other,,other_novelty,not_attempted_unsupported_sport,out of scope (novelty),,,,,,,,,,,,,,,,phase1:not_attempted_unsupported_sport
KXFANATICSGAMESSECONDPLACE,Other,,other_novelty,not_attempted_unsupported_sport,out of scope (novelty),,,,,,,,,,,,,,,,phase1:not_attempted_unsupported_sport
KXGUINNESSWRCOUNT,Other,,other_novelty,not_attempted_unsupported_sport,out of scope (novelty),,,,,,,,,,,,,,,,phase1:not_attempted_unsupported_sport
KXPPL,Other,,other_novelty,not_attempted_unsupported_sport,out of scope (novelty),,,,,,,,,,,,,,,,phase1:not_attempted_unsupported_sport
KXNATHANSHD,Other,Nathan's Hot Dog Contest (M),tournament_outright,not_attempted_unsupported_sport,outright/bracket: few independent outcomes per season; needs prospective capture + simulation,,,,,,,,,,,,,,,,phase1:not_attempted_unsupported_sport
KXMARATHON,Other,Boston Marathon,tournament_outright,not_attempted_unsupported_sport,outright/bracket: few independent outcomes per season; needs prospective capture + simulation,,,,,,,,,,,,,,,,phase1:not_attempted_unsupported_sport
KXCITYCHAMPS,Other,City Titles,tournament_outright,not_attempted_unsupported_sport,outright/bracket: few independent outcomes per season; needs prospective capture + simulation,,,,,,,,,,,,,,,,phase1:not_attempted_unsupported_sport
KXSURFCOMPETITION,Other,Surfing,tournament_outright,not_attempted_unsupported_sport,outright/bracket: few independent outcomes per season; needs prospective capture + simulation,,,,,,,,,,,,,,,,phase1:not_attempted_unsupported_sport
KXTOURDEFRANCE,Other,,tournament_outright,not_attempted_unsupported_sport,outright/bracket: few independent outcomes per season; needs prospective capture + simulation,,,,,,,,,,,,,,,,phase1:not_attempted_unsupported_sport
KXSUMOWIN,Other,Sumo,tournament_outright,not_attempted_unsupported_sport,outright/bracket: few independent outcomes per season; needs prospective capture + simulation,,,,,,,,,,,,,,,,phase1:not_attempted_unsupported_sport
KXMLP,Other,MLP,tournament_outright,not_attempted_unsupported_sport,outright/bracket: few independent outcomes per season; needs prospective capture + simulation,,,,,,,,,,,,,,,,phase1:not_attempted_unsupported_sport
KX4MINMILEW,Other,,tournament_outright,not_attempted_unsupported_sport,outright/bracket: few independent outcomes per season; needs prospective capture + simulation,,,,,,,,,,,,,,,,phase1:not_attempted_unsupported_sport
KXSAILGP,Other,SailGP,tournament_outright,not_attempted_unsupported_sport,outright/bracket: few independent outcomes per season; needs prospective capture + simulation,,,,,,,,,,,,,,,,phase1:not_attempted_unsupported_sport
KXUFASEMI,Other,,tournament_outright,not_attempted_unsupported_sport,outright/bracket: few independent outcomes per season; needs prospective capture + simulation,,,,,,,,,,,,,,,,phase1:not_attempted_unsupported_sport
KXMROLYMPIA,Other,Mr Olympia,tournament_outright,not_attempted_unsupported_sport,outright/bracket: few independent outcomes per season; needs prospective capture + simulation,,,,,,,,,,,,,,,,phase1:not_attempted_unsupported_sport
KXIMOCOUNTRY,Other,,tournament_outright,not_attempted_unsupported_sport,outright/bracket: few independent outcomes per season; needs prospective capture + simulation,,,,,,,,,,,,,,,,phase1:not_attempted_unsupported_sport
KXUFA,Other,Ultimate Frisbee,tournament_outright,not_attempted_unsupported_sport,outright/bracket: few independent outcomes per season; needs prospective capture + simulation,,,,,,,,,,,,,,,,phase1:not_attempted_unsupported_sport
KXYUGIOH,Other,Yu-Gi-Oh! World Championship,tournament_outright,not_attempted_unsupported_sport,outright/bracket: few independent outcomes per season; needs prospective capture + simulation,,,,,,,,,,,,,,,,phase1:not_attempted_unsupported_sport
KXSTEELBRIDGE,Other,Steel Bridge National Championship,tournament_outright,not_attempted_unsupported_sport,outright/bracket: few independent outcomes per season; needs prospective capture + simulation,,,,,,,,,,,,,,,,phase1:not_attempted_unsupported_sport
KXCLIMBING,Other,World Climbing Series,tournament_outright,not_attempted_unsupported_sport,outright/bracket: few independent outcomes per season; needs prospective capture + simulation,,,,,,,,,,,,,,,,phase1:not_attempted_unsupported_sport
KXBEASTGAMES,Other,,tournament_outright,not_attempted_unsupported_sport,outright/bracket: few independent outcomes per season; needs prospective capture + simulation,,,,,,,,,,,,,,,,phase1:not_attempted_unsupported_sport
KXFANATICSWINNER,Other,,tournament_outright,not_attempted_unsupported_sport,outright/bracket: few independent outcomes per season; needs prospective capture + simulation,,,,,,,,,,,,,,,,phase1:not_attempted_unsupported_sport
KXFISHING,Other,,tournament_outright,not_attempted_unsupported_sport,outright/bracket: few independent outcomes per season; needs prospective capture + simulation,,,,,,,,,,,,,,,,phase1:not_attempted_unsupported_sport
KXUFACENT,Other,,tournament_outright,not_attempted_unsupported_sport,outright/bracket: few independent outcomes per season; needs prospective capture + simulation,,,,,,,,,,,,,,,,phase1:not_attempted_unsupported_sport
KXUFAEAST,Other,,tournament_outright,not_attempted_unsupported_sport,outright/bracket: few independent outcomes per season; needs prospective capture + simulation,,,,,,,,,,,,,,,,phase1:not_attempted_unsupported_sport
KXUFASOUTH,Other,,tournament_outright,not_attempted_unsupported_sport,outright/bracket: few independent outcomes per season; needs prospective capture + simulation,,,,,,,,,,,,,,,,phase1:not_attempted_unsupported_sport
KXUFAWEST,Other,,tournament_outright,not_attempted_unsupported_sport,outright/bracket: few independent outcomes per season; needs prospective capture + simulation,,,,,,,,,,,,,,,,phase1:not_attempted_unsupported_sport
KXROWING,Rowing,Rowing,field_finish,not_attempted_unsupported_sport,no independent results adapter for this competition in Phase 1 (game_winner only via Kalshi-only path),,,,,,,,,,,,,,,,phase1:not_attempted_unsupported_sport
KXRUGBYNRLMATCH,Rugby,National Rugby League,game_winner,kalshi_settlement_only_evaluated,,kalshi_settlement_only,k_kxrugbynrlmatch,game_winner,0,0,0,unavailable: training support below threshold,unavailable: matched training support below threshold,0,0,9,0,0,9,18,calibration_unavailable+blend_unavailable
KXSIXNATIONSMATCH,Rugby,Six Nations Rugby,game_winner,no_test_contracts,no scored contracts in the test window,kalshi_settlement_only,k_kxsixnationsmatch,game_winner,0,0,0,,,0,0,0,0,0,0,0,phase1:no_test_contracts
KXRUGBYESLMATCH,Rugby,Super League Rugby,game_winner,kalshi_settlement_only_evaluated,,kalshi_settlement_only,k_kxrugbyeslmatch,game_winner,0,0,0,unavailable: training support below threshold,unavailable: matched training support below threshold,0,0,5,0,0,4,10,calibration_unavailable+blend_unavailable
KXRUGBYFRA14MATCH,Rugby,France Top 14,game_winner,kalshi_settlement_only_evaluated,,kalshi_settlement_only,k_kxrugbyfra14match,game_winner,0,0,0,unavailable: training support below threshold,unavailable: matched training support below threshold,0,0,26,0,0,25,52,calibration_unavailable+blend_unavailable
KXRUGBYMLRMATCH,Rugby,Major League Rugby,game_winner,kalshi_settlement_only_evaluated,,kalshi_settlement_only,k_kxrugbymlrmatch,game_winner,0,0,0,unavailable: training support below threshold,unavailable: matched training support below threshold,0,0,1,0,0,1,2,calibration_unavailable+blend_unavailable
KXRUGBYGPREMMATCH,Rugby,Gallagher Premiership,game_winner,kalshi_settlement_only_evaluated,,kalshi_settlement_only,k_kxrugbygpremmatch,game_winner,0,0,0,unavailable: training support below threshold,unavailable: matched training support below threshold,0,0,4,0,0,1,8,calibration_unavailable+blend_unavailable
KXPREMMATCH,Rugby,PREM Rugby,game_winner,kalshi_settlement_only_evaluated,,kalshi_settlement_only,k_kxpremmatch,game_winner,0,0,0,unavailable: training support below threshold,unavailable: matched training support below threshold,0,0,4,0,0,3,8,calibration_unavailable+blend_unavailable
KXSIXNATIONS,Rugby,Six Nations Rugby,tournament_outright,not_attempted_supported_sport,outright/bracket: few independent outcomes per season; needs prospective capture + simulation,,,,,,,,,,,,,,,,phase1:not_attempted_supported_sport
KXNRLCHAMP,Rugby,National Rugby League,tournament_outright,not_attempted_supported_sport,outright/bracket: few independent outcomes per season; needs prospective capture + simulation,,,,,,,,,,,,,,,,phase1:not_attempted_supported_sport
KXPREMCHAMP,Rugby,Gallagher Premiership,tournament_outright,not_attempted_supported_sport,outright/bracket: few independent outcomes per season; needs prospective capture + simulation,,,,,,,,,,,,,,,,phase1:not_attempted_supported_sport
KXURCMATCH,Rugby,United Rugby Championship,tournament_outright,not_attempted_supported_sport,outright/bracket: few independent outcomes per season; needs prospective capture + simulation,,,,,,,,,,,,,,,,phase1:not_attempted_supported_sport
KXFRA14CHAMP,Rugby,France Top 14,tournament_outright,not_attempted_supported_sport,outright/bracket: few independent outcomes per season; needs prospective capture + simulation,,,,,,,,,,,,,,,,phase1:not_attempted_supported_sport
KXRUGBYWC,Rugby,Men's Rugby World Cup,tournament_outright,not_attempted_supported_sport,outright/bracket: few independent outcomes per season; needs prospective capture + simulation,,,,,,,,,,,,,,,,phase1:not_attempted_supported_sport
KXSLRCHAMP,Rugby,Super League Rugby,tournament_outright,not_attempted_supported_sport,outright/bracket: few independent outcomes per season; needs prospective capture + simulation,,,,,,,,,,,,,,,,phase1:not_attempted_supported_sport
KXMLR,Rugby,,tournament_outright,not_attempted_supported_sport,outright/bracket: few independent outcomes per season; needs prospective capture + simulation,,,,,,,,,,,,,,,,phase1:not_attempted_supported_sport
KXWCGOALLEADER,Soccer,FIFA World Cup,awards,not_attempted_supported_sport,awards: voting outcomes without as-of inputs,,,,,,,,,,,,,,,,phase1:not_attempted_supported_sport
KXWCAWARD,Soccer,FIFA World Cup,awards,not_attempted_supported_sport,awards: voting outcomes without as-of inputs,,,,,,,,,,,,,,,,phase1:not_attempted_supported_sport
KXBALLONDOR,Soccer,Ballon d'Or,awards,not_attempted_supported_sport,awards: voting outcomes without as-of inputs,,,,,,,,,,,,,,,,phase1:not_attempted_supported_sport
KXPFAPOY,Soccer,EPL,awards,not_attempted_supported_sport,awards: voting outcomes without as-of inputs,,,,,,,,,,,,,,,,phase1:not_attempted_supported_sport
KXWCRECORD,Soccer,FIFA World Cup,awards,not_attempted_supported_sport,awards: voting outcomes without as-of inputs,,,,,,,,,,,,,,,,phase1:not_attempted_supported_sport
KXWCAWARDCOMBO,Soccer,FIFA World Cup,awards,not_attempted_supported_sport,awards: voting outcomes without as-of inputs,,,,,,,,,,,,,,,,phase1:not_attempted_supported_sport
KXWCGOLDENBOOTCLEAT,Soccer,FIFA World Cup,awards,not_attempted_supported_sport,awards: voting outcomes without as-of inputs,,,,,,,,,,,,,,,,phase1:not_attempted_supported_sport
KXBALLONDORAWARD,Soccer,Ballon d'Or,awards,not_attempted_supported_sport,awards: voting outcomes without as-of inputs,,,,,,,,,,,,,,,,phase1:not_attempted_supported_sport
KXBALLONDORNATION,Soccer,,awards,not_attempted_supported_sport,awards: voting outcomes without as-of inputs,,,,,,,,,,,,,,,,phase1:not_attempted_supported_sport
KXSUPERBALLONDOR,Soccer,Champions League,awards,not_attempted_supported_sport,awards: voting outcomes without as-of inputs,,,,,,,,,,,,,,,,phase1:not_attempted_supported_sport
KXEPLPOY,Soccer,,awards,not_attempted_supported_sport,awards: voting outcomes without as-of inputs,,,,,,,,,,,,,,,,phase1:not_attempted_supported_sport
KXWCGOALRECORD,Soccer,,awards,not_attempted_supported_sport,awards: voting outcomes without as-of inputs,,,,,,,,,,,,,,,,phase1:not_attempted_supported_sport
KXWCPREPACK,Soccer,FIFA World Cup,combo_parlay,not_attempted_supported_sport,out of scope (derived combination),,,,,,,,,,,,,,,,phase1:not_attempted_supported_sport
KXWCSTAGEOFELIM,Soccer,FIFA World Cup,field_finish,not_attempted_supported_sport,no independent results adapter for this competition in Phase 1 (game_winner only via Kalshi-only path),,,,,,,,,,,,,,,,phase1:not_attempted_supported_sport
KXWCFURTHESTADVANCING,Soccer,FIFA World Cup,field_finish,not_attempted_supported_sport,no independent results adapter for this competition in Phase 1 (game_winner only via Kalshi-only path),,,,,,,,,,,,,,,,phase1:not_attempted_supported_sport
KXWCTEAMH2H,Soccer,FIFA World Cup,field_finish,not_attempted_supported_sport,no independent results adapter for this competition in Phase 1 (game_winner only via Kalshi-only path),,,,,,,,,,,,,,,,phase1:not_attempted_supported_sport
KXWCSTAGE,Soccer,FIFA World Cup,field_finish,not_attempted_supported_sport,no independent results adapter for this competition in Phase 1 (game_winner only via Kalshi-only path),,,,,,,,,,,,,,,,phase1:not_attempted_supported_sport
KXWCBESTHOST,Soccer,FIFA World Cup,field_finish,not_attempted_supported_sport,no independent results adapter for this competition in Phase 1 (game_winner only via Kalshi-only path),,,,,,,,,,,,,,,,phase1:not_attempted_supported_sport
KXBALLONDORRANK,Soccer,Ballon d'Or,field_finish,not_attempted_supported_sport,no independent results adapter for this competition in Phase 1 (game_winner only via Kalshi-only path),,,,,,,,,,,,,,,,phase1:not_attempted_supported_sport
KXLIGAMXTOP,Soccer,Liga MX,field_finish,not_attempted_supported_sport,no independent results adapter for this competition in Phase 1 (game_winner only via Kalshi-only path),,,,,,,,,,,,,,,,phase1:not_attempted_supported_sport
KXEPLH2HFINISH,Soccer,EPL,field_finish,not_attempted_supported_sport,no independent results adapter for this competition in Phase 1 (game_winner only via Kalshi-only path),,,,,,,,,,,,,,,,phase1:not_attempted_supported_sport
KXWCHOSTSTAGE,Soccer,,field_finish,not_attempted_supported_sport,no traded markets,,,,,,,,,,,,,,,,phase1:not_attempted_supported_sport
KXWCGAME,Soccer,FIFA World Cup,game_winner,no_test_contracts,no scored contracts in the test window,kalshi_settlement_only,k_kxwcgame,game_winner,0,0,0,,,0,0,0,0,0,0,0,phase1:no_test_contracts
KXWCADVANCE,Soccer,FIFA World Cup,game_winner,no_test_contracts,no scored contracts in the test window,kalshi_settlement_only,k_kxwcadvance,game_winner,0,0,0,,,0,0,0,0,0,0,0,phase1:no_test_contracts
KXMENWORLDCUP,Soccer,FIFA World Cup,game_winner,no_test_contracts,no scored contracts in the test window,kalshi_settlement_only,k_kxmenworldcup,game_winner,0,0,0,,,0,0,0,0,0,0,0,phase1:no_test_contracts
KXEPLGAME,Soccer,EPL,game_winner,strict_evaluated,,strict,epl,game_winner,21,180,378,unavailable: training support below threshold,unavailable: matched training support below threshold,67,126,244,66,126,244,732,calibration_unavailable+blend_unavailable
KXLALIGAGAME,Soccer,La Liga,game_winner,strict_evaluated,,strict,laliga,game_winner,3,210,303,unavailable: training support below threshold,unavailable: matched training support below threshold,71,101,277,71,101,277,834,calibration_unavailable+blend_unavailable
KXLIGAMXGAME,Soccer,Liga MX,game_winner,strict_evaluated,,strict,ligamx,game_winner,0,0,78,unavailable: training support below threshold,unavailable: matched training support below threshold,0,26,254,0,26,254,762,calibration_unavailable+blend_unavailable
KXMLSGAME,Soccer,MLS,game_winner,strict_evaluated,,strict,mls,game_winner,207,549,195,unavailable: validation support below threshold,unavailable: matched validation support below threshold,252,65,300,249,64,300,1212,calibration_unavailable+blend_unavailable
KXINTLFRIENDLYGAME,Soccer,Intl Friendlies,game_winner,no_test_contracts,no scored contracts in the test window,kalshi_settlement_only,k_kxintlfriendlygame,game_winner,0,0,0,,,0,0,0,0,0,0,0,phase1:no_test_contracts
KXSERIEAGAME,Soccer,Serie A,game_winner,strict_evaluated,,strict,seriea,game_winner,0,150,348,unavailable: training support below threshold,unavailable: matched training support below threshold,50,116,264,50,116,264,792,calibration_unavailable+blend_unavailable
KXCLUBFGAME,Soccer,Club Friendlies,game_winner,no_test_contracts,no scored contracts in the test window,kalshi_settlement_only,k_kxclubfgame,game_winner,0,0,0,,,0,0,0,0,0,0,0,phase1:no_test_contracts
KXUEFANLGAME,Soccer,UEFA Nations League,game_winner,no_test_contracts,no scored contracts in the test window,kalshi_settlement_only,k_kxuefanlgame,game_winner,0,0,0,,,0,0,0,0,0,0,0,phase1:no_test_contracts
KXLEAGUESCUPGAME,Soccer,Leagues Cup,game_winner,no_test_contracts,no scored contracts in the test window,kalshi_settlement_only,k_kxleaguescupgame,game_winner,0,0,0,,,0,0,0,0,0,0,0,phase1:no_test_contracts
KXBUNDESLIGAGAME,Soccer,Bundesliga,game_winner,strict_evaluated,,strict,bundesliga,game_winner,0,135,270,unavailable: training support below threshold,unavailable: matched training support below threshold,45,90,207,45,90,207,621,calibration_unavailable+blend_unavailable
KXARGPREMDIVGAME,Soccer,Argentina Primera Division,game_winner,exploratory_evaluated,only 21 pre-test settled contracts (< 30),exploratory,argentina,game_winner,0,0,21,unavailable: training support below threshold,unavailable: matched training support below threshold,0,7,300,0,7,300,1248,calibration_unavailable+blend_unavailable
KXLIGUE1GAME,Soccer,Ligue 1,game_winner,strict_evaluated,,strict,ligue1,game_winner,0,162,270,unavailable: training support below threshold,unavailable: matched training support below threshold,54,90,206,54,90,206,618,calibration_unavailable+blend_unavailable
KXBRASILEIROGAME,Soccer,Brasileiro Serie A,game_winner,strict_evaluated,,strict,brasileiro,game_winner,0,0,255,unavailable: training support below threshold,unavailable: matched training support below threshold,0,83,279,0,82,279,837,calibration_unavailable+blend_unavailable
KXDIMAYORGAME,Soccer,Colombian Liga DIMAYOR,game_winner,no_test_contracts,no scored contracts in the test window,kalshi_settlement_only,k_kxdimayorgame,game_winner,0,0,0,,,0,0,0,0,0,0,0,phase1:no_test_contracts
KXUELGAME,Soccer,Europa League,game_winner,strict_evaluated,,strict,uel,game_winner,0,0,162,unavailable: training support below threshold,unavailable: matched training support below threshold,0,54,82,0,54,82,246,calibration_unavailable+blend_unavailable
KXECULPGAME,Soccer,Ecuador LigaPro,game_winner,no_test_contracts,no scored contracts in the test window,kalshi_settlement_only,k_kxeculpgame,game_winner,0,0,0,,,0,0,0,0,0,0,0,phase1:no_test_contracts
KXSAUDIPLGAME,Soccer,Saudi Pro League,game_winner,strict_evaluated,,strict,saudi,game_winner,0,0,90,unavailable: training support below threshold,unavailable: matched training support below threshold,0,30,270,0,30,270,810,calibration_unavailable+blend_unavailable
KXUECLGAME,Soccer,Conference League,game_winner,strict_evaluated,,strict,uecl,game_winner,0,0,213,unavailable: training support below threshold,unavailable: matched training support below threshold,0,71,45,0,62,45,135,calibration_unavailable+blend_unavailable
KXCONCACAFNLGAME,Soccer,CONCACAF Nations League,game_winner,no_test_contracts,no scored contracts in the test window,kalshi_settlement_only,k_kxconcacafnlgame,game_winner,0,0,0,,,0,0,0,0,0,0,0,phase1:no_test_contracts
KXAFCONGAME,Soccer,AFCON Qualifiers,game_winner,no_test_contracts,no scored contracts in the test window,kalshi_settlement_only,k_kxafcongame,game_winner,0,0,0,,,0,0,0,0,0,0,0,phase1:no_test_contracts
KXLIGAPORTUGALGAME,Soccer,Liga Portugal,game_winner,strict_evaluated,,strict,ligaportugal,game_winner,0,0,186,unavailable: training support below threshold,unavailable: matched training support below threshold,0,61,226,0,61,226,678,calibration_unavailable+blend_unavailable
KXBRASILEIROBGAME,Soccer,Brasileiro Serie B,game_winner,no_test_contracts,no scored contracts in the test window,kalshi_settlement_only,k_kxbrasileirobgame,game_winner,0,0,0,,,0,0,0,0,0,0,0,phase1:no_test_contracts
KXJLEAGUEGAME,Soccer,Japan J1 League,game_winner,no_test_contracts,no scored contracts in the test window,kalshi_settlement_only,k_kxjleaguegame,game_winner,0,0,0,,,0,0,0,0,0,0,0,phase1:no_test_contracts
KXSUPERLIGGAME,Soccer,Super Lig,game_winner,no_test_contracts,no scored contracts in the test window,kalshi_settlement_only,k_kxsuperliggame,game_winner,0,0,0,,,0,0,0,0,0,0,0,phase1:no_test_contracts
KXLALIGA2GAME,Soccer,La Liga 2,game_winner,no_test_contracts,no scored contracts in the test window,kalshi_settlement_only,k_kxlaliga2game,game_winner,0,0,0,,,0,0,0,0,0,0,0,phase1:no_test_contracts
KXPERLIGA1GAME,Soccer,Peru Liga 1,game_winner,no_test_contracts,no scored contracts in the test window,kalshi_settlement_only,k_kxperliga1game,game_winner,0,0,0,,,0,0,0,0,0,0,0,phase1:no_test_contracts
KXCONMEBOLSUDGAME,Soccer,CONMEBOL Sudamericana,game_winner,no_test_contracts,no scored contracts in the test window,kalshi_settlement_only,k_kxconmebolsudgame,game_winner,0,0,0,,,0,0,0,0,0,0,0,phase1:no_test_contracts
KXALEAGUEGAME,Soccer,Australia A League,game_winner,no_test_contracts,no scored contracts in the test window,kalshi_settlement_only,k_kxaleaguegame,game_winner,0,0,0,,,0,0,0,0,0,0,0,phase1:no_test_contracts
KXFIFAGAME,Soccer,FIFA World Cup Qualifiers,game_winner,no_test_contracts,no scored contracts in the test window,kalshi_settlement_only,k_kxfifagame,game_winner,0,0,0,,,0,0,0,0,0,0,0,phase1:no_test_contracts
KXNWSLGAME,Soccer,NWSL,game_winner,no_test_contracts,no scored contracts in the test window,kalshi_settlement_only,k_kxnwslgame,game_winner,0,0,0,,,0,0,0,0,0,0,0,phase1:no_test_contracts
KXCONMEBOLLIBGAME,Soccer,CONMEBOL Libertadores,game_winner,no_test_contracts,no scored contracts in the test window,kalshi_settlement_only,k_kxconmebollibgame,game_winner,0,0,0,,,0,0,0,0,0,0,0,phase1:no_test_contracts
KXAPFDDHGAME,Soccer,APF Division de Honor,game_winner,no_test_contracts,no scored contracts in the test window,kalshi_settlement_only,k_kxapfddhgame,game_winner,0,0,0,,,0,0,0,0,0,0,0,phase1:no_test_contracts
KXCHNSLGAME,Soccer,Chinese Super League,game_winner,no_test_contracts,no scored contracts in the test window,kalshi_settlement_only,k_kxchnslgame,game_winner,0,0,0,,,0,0,0,0,0,0,0,phase1:no_test_contracts
KXEREDIVISIEGAME,Soccer,Eredivisie,game_winner,strict_evaluated,,strict,eredivisie,game_winner,0,0,186,unavailable: training support below threshold,unavailable: matched training support below threshold,0,62,216,0,62,215,648,calibration_unavailable+blend_unavailable
KXURYPDGAME,Soccer,Uruguay Primera Division,game_winner,no_test_contracts,no scored contracts in the test window,kalshi_settlement_only,k_kxurypdgame,game_winner,0,0,0,,,0,0,0,0,0,0,0,phase1:no_test_contracts
KXFACUPGAME,Soccer,FA Cup,game_winner,no_test_contracts,no scored contracts in the test window,kalshi_settlement_only,k_kxfacupgame,game_winner,0,0,0,,,0,0,0,0,0,0,0,phase1:no_test_contracts
KXALLSVENSKANGAME,Soccer,Allsvenskan,game_winner,no_test_contracts,no scored contracts in the test window,kalshi_settlement_only,k_kxallsvenskangame,game_winner,0,0,0,,,0,0,0,0,0,0,0,phase1:no_test_contracts
KXEGYPLGAME,Soccer,Egyptian Premier League,game_winner,no_test_contracts,no scored contracts in the test window,kalshi_settlement_only,k_kxegyplgame,game_winner,0,0,0,,,0,0,0,0,0,0,0,phase1:no_test_contracts
KXCHLLDPGAME,Soccer,Chile Liga de Primera,game_winner,no_test_contracts,no scored contracts in the test window,kalshi_settlement_only,k_kxchlldpgame,game_winner,0,0,0,,,0,0,0,0,0,0,0,phase1:no_test_contracts
KXKLEAGUEGAME,Soccer,Korea K League 1,game_winner,no_test_contracts,no scored contracts in the test window,kalshi_settlement_only,k_kxkleaguegame,game_winner,0,0,0,,,0,0,0,0,0,0,0,phase1:no_test_contracts
KXCOPADELREYGAME,Soccer,Copa del Rey,game_winner,no_test_contracts,no scored contracts in the test window,kalshi_settlement_only,k_kxcopadelreygame,game_winner,0,0,0,,,0,0,0,0,0,0,0,phase1:no_test_contracts
KXEFLCUPGAME,Soccer,EFL Cup,game_winner,no_test_contracts,no scored contracts in the test window,kalshi_settlement_only,k_kxeflcupgame,game_winner,0,0,0,,,0,0,0,0,0,0,0,phase1:no_test_contracts
KXEKSTRAKLASAGAME,Soccer,Ekstraklasa,game_winner,no_test_contracts,no scored contracts in the test window,kalshi_settlement_only,k_kxekstraklasagame,game_winner,0,0,0,,,0,0,0,0,0,0,0,phase1:no_test_contracts
KXELITESERIENGAME,Soccer,Eliteserien,game_winner,no_test_contracts,no scored contracts in the test window,kalshi_settlement_only,k_kxeliteseriengame,game_winner,0,0,0,,,0,0,0,0,0,0,0,phase1:no_test_contracts
KXBUNDESLIGA2GAME,Soccer,Bundesliga 2,game_winner,exploratory_evaluated,only 0 pre-test settled contracts (< 30),exploratory,bundesliga2,game_winner,0,0,0,unavailable: training support below threshold,unavailable: matched training support below threshold,0,0,171,0,0,171,513,calibration_unavailable+blend_unavailable
KXSCOTTISHPREMGAME,Soccer,Scottish Premiership,game_winner,no_test_contracts,no scored contracts in the test window,kalshi_settlement_only,k_kxscottishpremgame,game_winner,0,0,0,,,0,0,0,0,0,0,0,phase1:no_test_contracts
KXBELGIANPLGAME,Soccer,Belgian Pro League,game_winner,no_test_contracts,no scored contracts in the test window,kalshi_settlement_only,k_kxbelgianplgame,game_winner,0,0,0,,,0,0,0,0,0,0,0,phase1:no_test_contracts
KXDENSUPERLIGAGAME,Soccer,Danish Superliga,game_winner,no_test_contracts,no scored contracts in the test window,kalshi_settlement_only,k_kxdensuperligagame,game_winner,0,0,0,,,0,0,0,0,0,0,0,phase1:no_test_contracts
KXASEANGAME,Soccer,ASEAN Championship,game_winner,no_test_contracts,no scored contracts in the test window,kalshi_settlement_only,k_kxaseangame,game_winner,0,0,0,,,0,0,0,0,0,0,0,phase1:no_test_contracts
KXLIGAEXPGAME,Soccer,Liga de Expansion MX,game_winner,no_test_contracts,no scored contracts in the test window,kalshi_settlement_only,k_kxligaexpgame,game_winner,0,0,0,,,0,0,0,0,0,0,0,phase1:no_test_contracts
KXARGNACBGAME,Soccer,Argentine Nacional B,game_winner,no_test_contracts,no scored contracts in the test window,kalshi_settlement_only,k_kxargnacbgame,game_winner,0,0,0,,,0,0,0,0,0,0,0,phase1:no_test_contracts
KXCOPADOBRASILGAME,Soccer,Copa do Brasil,game_winner,no_test_contracts,no scored contracts in the test window,kalshi_settlement_only,k_kxcopadobrasilgame,game_winner,0,0,0,,,0,0,0,0,0,0,0,phase1:no_test_contracts
KXSWISSLEAGUEGAME,Soccer,Swiss Super League,game_winner,no_test_contracts,no scored contracts in the test window,kalshi_settlement_only,k_kxswissleaguegame,game_winner,0,0,0,,,0,0,0,0,0,0,0,phase1:no_test_contracts
KXCLUBWCGAME,Soccer,Club World Cup,game_winner,no_test_contracts,no scored contracts in the test window,kalshi_settlement_only,k_kxclubwcgame,game_winner,0,0,0,,,0,0,0,0,0,0,0,phase1:no_test_contracts
KXSERIEBGAME,Soccer,Serie B,game_winner,no_test_contracts,no scored contracts in the test window,kalshi_settlement_only,k_kxseriebgame,game_winner,0,0,0,,,0,0,0,0,0,0,0,phase1:no_test_contracts
KXBRASILEIROCGAME,Soccer,Brasileiro Serie C,game_winner,no_test_contracts,no scored contracts in the test window,kalshi_settlement_only,k_kxbrasileirocgame,game_winner,0,0,0,,,0,0,0,0,0,0,0,phase1:no_test_contracts
KXCZEFLGAME,Soccer,Czech First League,game_winner,no_test_contracts,no scored contracts in the test window,kalshi_settlement_only,k_kxczeflgame,game_winner,0,0,0,,,0,0,0,0,0,0,0,phase1:no_test_contracts
KXCOPPAITALIAGAME,Soccer,Coppa Italia,game_winner,no_test_contracts,no scored contracts in the test window,kalshi_settlement_only,k_kxcoppaitaliagame,game_winner,0,0,0,,,0,0,0,0,0,0,0,phase1:no_test_contracts
KXHNLGAME,Soccer,Croatia HNL,game_winner,no_test_contracts,no scored contracts in the test window,kalshi_settlement_only,k_kxhnlgame,game_winner,0,0,0,,,0,0,0,0,0,0,0,phase1:no_test_contracts
KXEWSLGAME,Soccer,English Womens Super League,game_winner,no_test_contracts,no scored contracts in the test window,kalshi_settlement_only,k_kxewslgame,game_winner,0,0,0,,,0,0,0,0,0,0,0,phase1:no_test_contracts
KXSLGREECEGAME,Soccer,Greece Super League,game_winner,no_test_contracts,no scored contracts in the test window,kalshi_settlement_only,k_kxslgreecegame,game_winner,0,0,0,,,0,0,0,0,0,0,0,phase1:no_test_contracts
KXUAEPLGAME,Soccer,UAE Pro League,game_winner,no_test_contracts,no scored contracts in the test window,kalshi_settlement_only,k_kxuaeplgame,game_winner,0,0,0,,,0,0,0,0,0,0,0,phase1:no_test_contracts
KXBOLPDIVGAME,Soccer,Bolivia Premier Division,game_winner,no_test_contracts,no scored contracts in the test window,kalshi_settlement_only,k_kxbolpdivgame,game_winner,0,0,0,,,0,0,0,0,0,0,0,phase1:no_test_contracts
KXCANPLGAME,Soccer,Canadian Premier League,game_winner,no_test_contracts,no scored contracts in the test window,kalshi_settlement_only,k_kxcanplgame,game_winner,0,0,0,,,0,0,0,0,0,0,0,phase1:no_test_contracts
KXDFBPOKALGAME,Soccer,DFB Pokal,game_winner,no_test_contracts,no scored contracts in the test window,kalshi_settlement_only,k_kxdfbpokalgame,game_winner,0,0,0,,,0,0,0,0,0,0,0,phase1:no_test_contracts
KXCOUPEDEFRANCEGAME,Soccer,Coupe de France,game_winner,no_test_contracts,no scored contracts in the test window,kalshi_settlement_only,k_kxcoupedefrancegame,game_winner,0,0,0,,,0,0,0,0,0,0,0,phase1:no_test_contracts
KXVENFUTVEGAME,Soccer,Venezuela Liga FUTVE,game_winner,no_test_contracts,no scored contracts in the test window,kalshi_settlement_only,k_kxvenfutvegame,game_winner,0,0,0,,,0,0,0,0,0,0,0,phase1:no_test_contracts
KXSERIECGAME,Soccer,Serie C,game_winner,no_test_contracts,no scored contracts in the test window,kalshi_settlement_only,k_kxseriecgame,game_winner,0,0,0,,,0,0,0,0,0,0,0,phase1:no_test_contracts
KXJ2LEAGUEGAME,Soccer,Japan J2 League,game_winner,no_test_contracts,no scored contracts in the test window,kalshi_settlement_only,k_kxj2leaguegame,game_winner,0,0,0,,,0,0,0,0,0,0,0,phase1:no_test_contracts
KXEFLL1GAME,Soccer,EFL League One,game_winner,no_test_contracts,no scored contracts in the test window,kalshi_settlement_only,k_kxefll1game,game_winner,0,0,0,,,0,0,0,0,0,0,0,phase1:no_test_contracts
KXESPSUPERCUPGAME,Soccer,Spain Super Cup,game_winner,no_test_contracts,no scored contracts in the test window,kalshi_settlement_only,k_kxespsupercupgame,game_winner,0,0,0,,,0,0,0,0,0,0,0,phase1:no_test_contracts
KXETTANGAME,Soccer,Ettan,game_winner,no_test_contracts,no scored contracts in the test window,kalshi_settlement_only,k_kxettangame,game_winner,0,0,0,,,0,0,0,0,0,0,0,phase1:no_test_contracts
KXTFF1LIGGAME,Soccer,TFF 1. Lig,game_winner,no_test_contracts,no scored contracts in the test window,kalshi_settlement_only,k_kxtff1liggame,game_winner,0,0,0,,,0,0,0,0,0,0,0,phase1:no_test_contracts
KXTACAPORTGAME,Soccer,Taca de Portugal,game_winner,no_test_contracts,no scored contracts in the test window,kalshi_settlement_only,k_kxtacaportgame,game_winner,0,0,0,,,0,0,0,0,0,0,0,phase1:no_test_contracts
KXEERSTEDIVGAME,Soccer,Eerste Divisie,game_winner,no_test_contracts,no scored contracts in the test window,kalshi_settlement_only,k_kxeerstedivgame,game_winner,0,0,0,,,0,0,0,0,0,0,0,phase1:no_test_contracts
KXCZEFNLGAME,Soccer,Czech National Football League,game_winner,no_test_contracts,no scored contracts in the test window,kalshi_settlement_only,k_kxczefnlgame,game_winner,0,0,0,,,0,0,0,0,0,0,0,phase1:no_test_contracts
KXFIFAWGAME,Soccer,FIFA World Cup Qualifiers Women,game_winner,no_test_contracts,no scored contracts in the test window,kalshi_settlement_only,k_kxfifawgame,game_winner,0,0,0,,,0,0,0,0,0,0,0,phase1:no_test_contracts
KXTHAIL1GAME,Soccer,Thai League 1,game_winner,no_test_contracts,no scored contracts in the test window,kalshi_settlement_only,k_kxthail1game,game_winner,0,0,0,,,0,0,0,0,0,0,0,phase1:no_test_contracts
KXENGNLGAME,Soccer,English National League,game_winner,no_test_contracts,no scored contracts in the test window,kalshi_settlement_only,k_kxengnlgame,game_winner,0,0,0,,,0,0,0,0,0,0,0,phase1:no_test_contracts
KXLVAVIRGAME,Soccer,Latvian Virsliga,game_winner,no_test_contracts,no scored contracts in the test window,kalshi_settlement_only,k_kxlvavirgame,game_winner,0,0,0,,,0,0,0,0,0,0,0,phase1:no_test_contracts
KXCHNL1GAME,Soccer,China League 1,game_winner,no_test_contracts,no scored contracts in the test window,kalshi_settlement_only,k_kxchnl1game,game_winner,0,0,0,,,0,0,0,0,0,0,0,phase1:no_test_contracts
KXFINYLGAME,Soccer,Finnish Ykkosliiga,game_winner,no_test_contracts,no scored contracts in the test window,kalshi_settlement_only,k_kxfinylgame,game_winner,0,0,0,,,0,0,0,0,0,0,0,phase1:no_test_contracts
KXSCOCUPGAME,Soccer,Scottish League Cup,game_winner,no_test_contracts,no scored contracts in the test window,kalshi_settlement_only,k_kxscocupgame,game_winner,0,0,0,,,0,0,0,0,0,0,0,phase1:no_test_contracts
KXKNVBCUPGAME,Soccer,KNVB,game_winner,no_test_contracts,no scored contracts in the test window,kalshi_settlement_only,k_kxknvbcupgame,game_winner,0,0,0,,,0,0,0,0,0,0,0,phase1:no_test_contracts
KXIDNSLGAME,Soccer,Indonesia Super League,game_winner,no_test_contracts,no scored contracts in the test window,kalshi_settlement_only,k_kxidnslgame,game_winner,0,0,0,,,0,0,0,0,0,0,0,phase1:no_test_contracts
KXLIGUE2GAME,Soccer,Ligue 2,game_winner,no_test_contracts,no scored contracts in the test window,kalshi_settlement_only,k_kxligue2game,game_winner,0,0,0,,,0,0,0,0,0,0,0,phase1:no_test_contracts
KXSVK2LGAME,Soccer,Slovakian 2. Liga,game_winner,no_test_contracts,no scored contracts in the test window,kalshi_settlement_only,k_kxsvk2lgame,game_winner,0,0,0,,,0,0,0,0,0,0,0,phase1:no_test_contracts
KXGRECUPGAME,Soccer,Greek Cup,game_winner,no_test_contracts,no scored contracts in the test window,kalshi_settlement_only,k_kxgrecupgame,game_winner,0,0,0,,,0,0,0,0,0,0,0,phase1:no_test_contracts
KXMYSLGAME,Soccer,Malaysia Super League,game_winner,no_test_contracts,no scored contracts in the test window,kalshi_settlement_only,k_kxmyslgame,game_winner,0,0,0,,,0,0,0,0,0,0,0,phase1:no_test_contracts
KXFRASUPERCUPGAME,Soccer,France Super Cup,game_winner,no_test_contracts,no scored contracts in the test window,kalshi_settlement_only,k_kxfrasupercupgame,game_winner,0,0,0,,,0,0,0,0,0,0,0,phase1:no_test_contracts
KXNCAAMSOCCERGAME,Soccer,NCAA Mens Soccer,game_winner,no_test_contracts,no scored contracts in the test window,kalshi_settlement_only,k_kxncaamsoccergame,game_winner,0,0,0,,,0,0,0,0,0,0,0,phase1:no_test_contracts
KXVLEAGUE1GAME,Soccer,Vietnam V-League 1,game_winner,no_test_contracts,no scored contracts in the test window,kalshi_settlement_only,k_kxvleague1game,game_winner,0,0,0,,,0,0,0,0,0,0,0,phase1:no_test_contracts
KXISRPLGAME,Soccer,Israeli Premier League,game_winner,no_test_contracts,no scored contracts in the test window,kalshi_settlement_only,k_kxisrplgame,game_winner,0,0,0,,,0,0,0,0,0,0,0,phase1:no_test_contracts
KXUEFASCGAME,Soccer,UEFA Super Cup,game_winner,no_test_contracts,no scored contracts in the test window,kalshi_settlement_only,k_kxuefascgame,game_winner,0,0,0,,,0,0,0,0,0,0,0,phase1:no_test_contracts
KXISRNLGAME,Soccer,Liga Leumit,game_winner,no_test_contracts,no scored contracts in the test window,kalshi_settlement_only,k_kxisrnlgame,game_winner,0,0,0,,,0,0,0,0,0,0,0,phase1:no_test_contracts
KXSRBSLGAME,Soccer,Serbian SuperLiga,game_winner,no_test_contracts,no scored contracts in the test window,kalshi_settlement_only,k_kxsrbslgame,game_winner,0,0,0,,,0,0,0,0,0,0,0,phase1:no_test_contracts
KXGER3LGAME,Soccer,German 3. Liga,game_winner,no_test_contracts,no scored contracts in the test window,kalshi_settlement_only,k_kxger3lgame,game_winner,0,0,0,,,0,0,0,0,0,0,0,phase1:no_test_contracts
KXK2LEAGUEGAME,Soccer,Korea K-League 2,game_winner,no_test_contracts,no scored contracts in the test window,kalshi_settlement_only,k_kxk2leaguegame,game_winner,0,0,0,,,0,0,0,0,0,0,0,phase1:no_test_contracts
KXUSOPENCUPGAME,Soccer,US Open Cup,game_winner,no_test_contracts,no scored contracts in the test window,kalshi_settlement_only,k_kxusopencupgame,game_winner,0,0,0,,,0,0,0,0,0,0,0,phase1:no_test_contracts
KXUSLCUPGAME,Soccer,USL Cup,game_winner,no_test_contracts,no scored contracts in the test window,kalshi_settlement_only,k_kxuslcupgame,game_winner,0,0,0,,,0,0,0,0,0,0,0,phase1:no_test_contracts
KXAFCACGAME,Soccer,AFC Asian Cup Qualifiers,game_winner,no_test_contracts,no scored contracts in the test window,kalshi_settlement_only,k_kxafcacgame,game_winner,0,0,0,,,0,0,0,0,0,0,0,phase1:no_test_contracts
KXSERIEAWGAME,Soccer,Serie A Femminile,game_winner,no_test_contracts,no scored contracts in the test window,kalshi_settlement_only,k_kxserieawgame,game_winner,0,0,0,,,0,0,0,0,0,0,0,phase1:no_test_contracts
KXSVNPLGAME,Soccer,Slovenian Prva Liga,game_winner,no_test_contracts,no scored contracts in the test window,kalshi_settlement_only,k_kxsvnplgame,game_winner,0,0,0,,,0,0,0,0,0,0,0,phase1:no_test_contracts
KXENGCSGAME,Soccer,Community Shield,game_winner,no_test_contracts,no scored contracts in the test window,kalshi_settlement_only,k_kxengcsgame,game_winner,0,0,0,,,0,0,0,0,0,0,0,phase1:no_test_contracts
KXTWEEDEDIVGAME,Soccer,Tweede Divisie,game_winner,no_test_contracts,no scored contracts in the test window,kalshi_settlement_only,k_kxtweededivgame,game_winner,0,0,0,,,0,0,0,0,0,0,0,phase1:no_test_contracts
KXEREDIVISIEWGAME,Soccer,Eredivisie Vrouwen,game_winner,no_test_contracts,no scored contracts in the test window,kalshi_settlement_only,k_kxeredivisiewgame,game_winner,0,0,0,,,0,0,0,0,0,0,0,phase1:no_test_contracts
KXSVKCUPGAME,Soccer,Slovakian Cup,game_winner,no_test_contracts,no scored contracts in the test window,kalshi_settlement_only,k_kxsvkcupgame,game_winner,0,0,0,,,0,0,0,0,0,0,0,phase1:no_test_contracts
KXSERIECCUPGAME,Soccer,Coppa Italia Lega Pro,game_winner,no_test_contracts,no scored contracts in the test window,kalshi_settlement_only,k_kxserieccupgame,game_winner,0,0,0,,,0,0,0,0,0,0,0,phase1:no_test_contracts
KXINTERCONCUPGAME,Soccer,FIFA Intercontinental Cup,game_winner,no_test_contracts,no scored contracts in the test window,kalshi_settlement_only,k_kxinterconcupgame,game_winner,0,0,0,,,0,0,0,0,0,0,0,phase1:no_test_contracts
KXGERSCGAME,Soccer,Germany Super Cup,game_winner,no_test_contracts,no scored contracts in the test window,kalshi_settlement_only,k_kxgerscgame,game_winner,0,0,0,,,0,0,0,0,0,0,0,phase1:no_test_contracts
KXSGPPLGAME,Soccer,Singapore Premier League,game_winner,no_test_contracts,no scored contracts in the test window,kalshi_settlement_only,k_kxsgpplgame,game_winner,0,0,0,,,0,0,0,0,0,0,0,phase1:no_test_contracts
KXBALLERLEAGUEGAME,Soccer,Baller League,game_winner,no_test_contracts,no scored contracts in the test window,kalshi_settlement_only,k_kxballerleaguegame,game_winner,0,0,0,,,0,0,0,0,0,0,0,phase1:no_test_contracts
KXMLSASTGAME,Soccer,MLS All-Star Game,game_winner,no_test_contracts,no scored contracts in the test window,kalshi_settlement_only,k_kxmlsastgame,game_winner,0,0,0,,,0,0,0,0,0,0,0,phase1:no_test_contracts
KXFROPLGAME,Soccer,Faroe Islands Premier League,game_winner,no_test_contracts,no scored contracts in the test window,kalshi_settlement_only,k_kxfroplgame,game_winner,0,0,0,,,0,0,0,0,0,0,0,phase1:no_test_contracts
KXEFLTROPHYGAME,Soccer,EFL Trophy,game_winner,no_test_contracts,no scored contracts in the test window,kalshi_settlement_only,k_kxefltrophygame,game_winner,0,0,0,,,0,0,0,0,0,0,0,phase1:no_test_contracts
KXISRPLCUPGAME,Soccer,Premier League Cup,game_winner,no_test_contracts,no scored contracts in the test window,kalshi_settlement_only,k_kxisrplcupgame,game_winner,0,0,0,,,0,0,0,0,0,0,0,phase1:no_test_contracts
KXITASUPERCUPGAME,Soccer,Italian Super Cup,game_winner,no_test_contracts,no scored contracts in the test window,kalshi_settlement_only,k_kxitasupercupgame,game_winner,0,0,0,,,0,0,0,0,0,0,0,phase1:no_test_contracts
KXFIFAUSPULLGAME,Soccer,FIFA World Cup,game_winner,no_test_contracts,no scored contracts in the test window,kalshi_settlement_only,k_kxfifauspullgame,game_winner,0,0,0,,,0,0,0,0,0,0,0,phase1:no_test_contracts
KXPPPKSO,Soccer,Ray vs Sketch PK Shootout,game_winner,no_test_contracts,no scored contracts in the test window,kalshi_settlement_only,k_kxpppkso,game_winner,0,0,0,,,0,0,0,0,0,0,0,phase1:no_test_contracts
KXFROCUPGAME,Soccer,Faroe Islands Cup,game_winner,no_test_contracts,no scored contracts in the test window,kalshi_settlement_only,k_kxfrocupgame,game_winner,0,0,0,,,0,0,0,0,0,0,0,phase1:no_test_contracts
KXFINCUPGAME,Soccer,Suomen Cup,game_winner,no_test_contracts,no scored contracts in the test window,kalshi_settlement_only,k_kxfincupgame,game_winner,0,0,0,,,0,0,0,0,0,0,0,phase1:no_test_contracts
KXFINALISSIMAGAME,Soccer,Finalissima,game_winner,no_test_contracts,no scored contracts in the test window,kalshi_settlement_only,k_kxfinalissimagame,game_winner,0,0,0,,,0,0,0,0,0,0,0,phase1:no_test_contracts
KXDANISHSUPERLIGAGAME,Soccer,,game_winner,not_attempted_supported_sport,no traded markets,,,,,,,,,,,,,,,,phase1:not_attempted_supported_sport
KXISRNLCUPGAME,Soccer,,game_winner,not_attempted_supported_sport,no traded markets,,,,,,,,,,,,,,,,phase1:not_attempted_supported_sport
KXISRSCUPGAME,Soccer,,game_winner,not_attempted_supported_sport,no traded markets,,,,,,,,,,,,,,,,phase1:not_attempted_supported_sport
KXISRSUPCUPGAME,Soccer,,game_winner,not_attempted_supported_sport,no traded markets,,,,,,,,,,,,,,,,phase1:not_attempted_supported_sport
KXMLSSKILLS,Soccer,,game_winner,not_attempted_supported_sport,no traded markets,,,,,,,,,,,,,,,,phase1:not_attempted_supported_sport
KXQSTARSGAME,Soccer,,game_winner,not_attempted_supported_sport,no traded markets,,,,,,,,,,,,,,,,phase1:not_attempted_supported_sport
KXSERIECSCUPGAME,Soccer,,game_winner,not_attempted_supported_sport,no traded markets,,,,,,,,,,,,,,,,phase1:not_attempted_supported_sport
KXSRBCUPGAME,Soccer,,game_winner,not_attempted_supported_sport,no traded markets,,,,,,,,,,,,,,,,phase1:not_attempted_supported_sport
KXSVNCUPGAME,Soccer,,game_winner,not_attempted_supported_sport,no traded markets,,,,,,,,,,,,,,,,phase1:not_attempted_supported_sport
KXEPLLEADER,Soccer,EPL,league_leaders,not_attempted_supported_sport,league leaders: one outcome per stat-season,,,,,,,,,,,,,,,,phase1:not_attempted_supported_sport
KXUCLLEADER,Soccer,Champions League,league_leaders,not_attempted_supported_sport,league leaders: one outcome per stat-season,,,,,,,,,,,,,,,,phase1:not_attempted_supported_sport
KXMLSLEADER,Soccer,MLS,league_leaders,not_attempted_supported_sport,league leaders: one outcome per stat-season,,,,,,,,,,,,,,,,phase1:not_attempted_supported_sport
KXLALIGALEADER,Soccer,La Liga,league_leaders,not_attempted_supported_sport,league leaders: one outcome per stat-season,,,,,,,,,,,,,,,,phase1:not_attempted_supported_sport
KXLIGAMXLEADER,Soccer,Liga MX,league_leaders,not_attempted_supported_sport,league leaders: one outcome per stat-season,,,,,,,,,,,,,,,,phase1:not_attempted_supported_sport
KXEPLSEASONSTAT,Soccer,EPL,league_leaders,not_attempted_supported_sport,league leaders: one outcome per stat-season,,,,,,,,,,,,,,,,phase1:not_attempted_supported_sport
KXBUNDESLIGALEADER,Soccer,Bundesliga,league_leaders,not_attempted_supported_sport,league leaders: one outcome per stat-season,,,,,,,,,,,,,,,,phase1:not_attempted_supported_sport
KXSERIEALEADER,Soccer,Serie A,league_leaders,not_attempted_supported_sport,league leaders: one outcome per stat-season,,,,,,,,,,,,,,,,phase1:not_attempted_supported_sport
KXLIGUE1LEADER,Soccer,Ligue 1,league_leaders,not_attempted_supported_sport,league leaders: one outcome per stat-season,,,,,,,,,,,,,,,,phase1:not_attempted_supported_sport
KXFIFAUSPULL,Soccer,,other_novelty,not_attempted_supported_sport,out of scope (novelty),,,,,,,,,,,,,,,,phase1:not_attempted_supported_sport
KXJOINRONALDO,Soccer,,other_novelty,not_attempted_supported_sport,out of scope (novelty),,,,,,,,,,,,,,,,phase1:not_attempted_supported_sport
KXLOSEREALMADRID,Soccer,,other_novelty,not_attempted_supported_sport,out of scope (novelty),,,,,,,,,,,,,,,,phase1:not_attempted_supported_sport
KXLAMINEYAMAL,Soccer,La Liga,other_novelty,not_attempted_supported_sport,out of scope (novelty),,,,,,,,,,,,,,,,phase1:not_attempted_supported_sport
KXCLUBCHANGEMBAPPE,Soccer,La Liga,other_novelty,not_attempted_supported_sport,out of scope (novelty),,,,,,,,,,,,,,,,phase1:not_attempted_supported_sport
KXJOINMESSI,Soccer,,other_novelty,not_attempted_supported_sport,out of scope (novelty),,,,,,,,,,,,,,,,phase1:not_attempted_supported_sport
KXLOSEBARCA,Soccer,,other_novelty,not_attempted_supported_sport,out of scope (novelty),,,,,,,,,,,,,,,,phase1:not_attempted_supported_sport
KXJOINEKITIKE,Soccer,,other_novelty,not_attempted_supported_sport,out of scope (novelty),,,,,,,,,,,,,,,,phase1:not_attempted_supported_sport
KXTRINITYRODMANNWSL,Soccer,NWSL,other_novelty,not_attempted_supported_sport,out of scope (novelty),,,,,,,,,,,,,,,,phase1:not_attempted_supported_sport
KXJOINNEYMARMIAMI,Soccer,,other_novelty,not_attempted_supported_sport,out of scope (novelty),,,,,,,,,,,,,,,,phase1:not_attempted_supported_sport
KXNEWCASTLEUBADGE,Soccer,,other_novelty,not_attempted_supported_sport,out of scope (novelty),,,,,,,,,,,,,,,,phase1:not_attempted_supported_sport
KXEPLH2H,Soccer,EPL,other_novelty,not_attempted_supported_sport,out of scope (novelty),,,,,,,,,,,,,,,,phase1:not_attempted_supported_sport
KXDWCS79,Soccer,,other_novelty,not_attempted_supported_sport,out of scope (novelty),,,,,,,,,,,,,,,,phase1:not_attempted_supported_sport
KXMANCITYFINE,Soccer,,other_novelty,not_attempted_supported_sport,out of scope (novelty),,,,,,,,,,,,,,,,phase1:not_attempted_supported_sport
KXUEFAGAME,Soccer,,other_novelty,not_attempted_supported_sport,out of scope (novelty),,,,,,,,,,,,,,,,phase1:not_attempted_supported_sport
KXWCSTART,Soccer,FIFA World Cup,personnel_ops,not_attempted_supported_sport,out of scope (non-sporting outcome),,,,,,,,,,,,,,,,phase1:not_attempted_supported_sport
KXJOINCLUB,Soccer,EPL,personnel_ops,not_attempted_supported_sport,out of scope (non-sporting outcome),,,,,,,,,,,,,,,,phase1:not_attempted_supported_sport
KXWCSQUAD,Soccer,FIFA World Cup,personnel_ops,not_attempted_supported_sport,out of scope (non-sporting outcome),,,,,,,,,,,,,,,,phase1:not_attempted_supported_sport
KXBALOGUNPLAY,Soccer,FIFA World Cup,personnel_ops,not_attempted_supported_sport,out of scope (non-sporting outcome),,,,,,,,,,,,,,,,phase1:not_attempted_supported_sport
KXNEXTMANAGERMANU,Soccer,EPL,personnel_ops,not_attempted_supported_sport,out of scope (non-sporting outcome),,,,,,,,,,,,,,,,phase1:not_attempted_supported_sport
KXJOINLEAGUE,Soccer,,personnel_ops,not_attempted_supported_sport,out of scope (non-sporting outcome),,,,,,,,,,,,,,,,phase1:not_attempted_supported_sport
KXMANAGERSOUT,Soccer,EPL,personnel_ops,not_attempted_supported_sport,out of scope (non-sporting outcome),,,,,,,,,,,,,,,,phase1:not_attempted_supported_sport
KXWCPLAY,Soccer,FIFA World Cup,personnel_ops,not_attempted_supported_sport,out of scope (non-sporting outcome),,,,,,,,,,,,,,,,phase1:not_attempted_supported_sport
KXSOCCERTRANSFER,Soccer,,personnel_ops,not_attempted_supported_sport,out of scope (non-sporting outcome),,,,,,,,,,,,,,,,phase1:not_attempted_supported_sport
KXFIFALEAVE,Soccer,FIFA World Cup,personnel_ops,not_attempted_supported_sport,out of scope (non-sporting outcome),,,,,,,,,,,,,,,,phase1:not_attempted_supported_sport
KXNEXTMANAGEREPL,Soccer,EPL,personnel_ops,not_attempted_supported_sport,out of scope (non-sporting outcome),,,,,,,,,,,,,,,,phase1:not_attempted_supported_sport
KXMLSJOIN,Soccer,MLS,personnel_ops,not_attempted_supported_sport,out of scope (non-sporting outcome),,,,,,,,,,,,,,,,phase1:not_attempted_supported_sport
KXNEXTMANAGER,Soccer,FIFA World Cup,personnel_ops,not_attempted_supported_sport,out of scope (non-sporting outcome),,,,,,,,,,,,,,,,phase1:not_attempted_supported_sport
KXNEXTMANAGERLALIGA,Soccer,La Liga,personnel_ops,not_attempted_supported_sport,out of scope (non-sporting outcome),,,,,,,,,,,,,,,,phase1:not_attempted_supported_sport
KXINTLPLAYAGAIN,Soccer,FIFA World Cup,personnel_ops,not_attempted_supported_sport,out of scope (non-sporting outcome),,,,,,,,,,,,,,,,phase1:not_attempted_supported_sport
KXWCHOSTWIN,Soccer,FIFA World Cup,personnel_ops,not_attempted_supported_sport,out of scope (non-sporting outcome),,,,,,,,,,,,,,,,phase1:not_attempted_supported_sport
KXMANAGEROUTDATE,Soccer,FIFA World Cup,personnel_ops,not_attempted_supported_sport,out of scope (non-sporting outcome),,,,,,,,,,,,,,,,phase1:not_attempted_supported_sport
KXWCLOCATION,Soccer,FIFA World Cup,personnel_ops,not_attempted_supported_sport,out of scope (non-sporting outcome),,,,,,,,,,,,,,,,phase1:not_attempted_supported_sport
KXWCHOST,Soccer,FIFA World Cup,personnel_ops,not_attempted_supported_sport,out of scope (non-sporting outcome),,,,,,,,,,,,,,,,phase1:not_attempted_supported_sport
KXRMAPLAYTOGETHER,Soccer,La Liga,personnel_ops,not_attempted_supported_sport,out of scope (non-sporting outcome),,,,,,,,,,,,,,,,phase1:not_attempted_supported_sport
KXACQUIREBARCA,Soccer,,personnel_ops,not_attempted_supported_sport,out of scope (non-sporting outcome),,,,,,,,,,,,,,,,phase1:not_attempted_supported_sport
KXMESSIRETIRE,Soccer,,personnel_ops,not_attempted_supported_sport,out of scope (non-sporting outcome),,,,,,,,,,,,,,,,phase1:not_attempted_supported_sport
KXRMALEAVE,Soccer,La Liga,personnel_ops,not_attempted_supported_sport,out of scope (non-sporting outcome),,,,,,,,,,,,,,,,phase1:not_attempted_supported_sport
KXNEXTMANAGERCHELSEA,Soccer,EPL,personnel_ops,not_attempted_supported_sport,out of scope (non-sporting outcome),,,,,,,,,,,,,,,,phase1:not_attempted_supported_sport
KXCLUBWCHOST,Soccer,Club World Cup,personnel_ops,not_attempted_supported_sport,out of scope (non-sporting outcome),,,,,,,,,,,,,,,,phase1:not_attempted_supported_sport
KXACQUIREMANU,Soccer,,personnel_ops,not_attempted_supported_sport,out of scope (non-sporting outcome),,,,,,,,,,,,,,,,phase1:not_attempted_supported_sport
KXSOCCERRETIRE,Soccer,FIFA World Cup,personnel_ops,not_attempted_supported_sport,out of scope (non-sporting outcome),,,,,,,,,,,,,,,,phase1:not_attempted_supported_sport
KXACQUIREREALMADRID,Soccer,,personnel_ops,not_attempted_supported_sport,out of scope (non-sporting outcome),,,,,,,,,,,,,,,,phase1:not_attempted_supported_sport
KXMANCITYPREMTITLE,Soccer,EPL,personnel_ops,not_attempted_supported_sport,out of scope (non-sporting outcome),,,,,,,,,,,,,,,,phase1:not_attempted_supported_sport
KXJOINDAVID,Soccer,,personnel_ops,not_attempted_supported_sport,out of scope (non-sporting outcome),,,,,,,,,,,,,,,,phase1:not_attempted_supported_sport
KXNEXTMANAGERSERIEA,Soccer,Serie A,personnel_ops,not_attempted_supported_sport,out of scope (non-sporting outcome),,,,,,,,,,,,,,,,phase1:not_attempted_supported_sport
KXJOINSANE,Soccer,,personnel_ops,not_attempted_supported_sport,out of scope (non-sporting outcome),,,,,,,,,,,,,,,,phase1:not_attempted_supported_sport
KXTRANSFERCOUNTRM,Soccer,,personnel_ops,not_attempted_supported_sport,out of scope (non-sporting outcome),,,,,,,,,,,,,,,,phase1:not_attempted_supported_sport
KXCOPAAMERICAHOST,Soccer,Copa America,personnel_ops,not_attempted_supported_sport,out of scope (non-sporting outcome),,,,,,,,,,,,,,,,phase1:not_attempted_supported_sport
KXPOCHETTINOOUT,Soccer,FIFA World Cup,personnel_ops,not_attempted_supported_sport,out of scope (non-sporting outcome),,,,,,,,,,,,,,,,phase1:not_attempted_supported_sport
KXJOINMBAPPE,Soccer,,personnel_ops,not_attempted_supported_sport,out of scope (non-sporting outcome),,,,,,,,,,,,,,,,phase1:not_attempted_supported_sport
KXJOINSALAH,Soccer,,personnel_ops,not_attempted_supported_sport,out of scope (non-sporting outcome),,,,,,,,,,,,,,,,phase1:not_attempted_supported_sport
KXMANAGEROUT,Soccer,,personnel_ops,not_attempted_supported_sport,out of scope (non-sporting outcome),,,,,,,,,,,,,,,,phase1:not_attempted_supported_sport
KXMANCITYBAN,Soccer,,personnel_ops,not_attempted_supported_sport,out of scope (non-sporting outcome),,,,,,,,,,,,,,,,phase1:not_attempted_supported_sport
KXMANCITYPOINTS,Soccer,EPL,personnel_ops,not_attempted_supported_sport,out of scope (non-sporting outcome),,,,,,,,,,,,,,,,phase1:not_attempted_supported_sport
KXMANCITYSANCTION,Soccer,,personnel_ops,not_attempted_supported_sport,out of scope (non-sporting outcome),,,,,,,,,,,,,,,,phase1:not_attempted_supported_sport
KXNEXTMANAGERJUV,Soccer,,personnel_ops,not_attempted_supported_sport,out of scope (non-sporting outcome),,,,,,,,,,,,,,,,phase1:not_attempted_supported_sport
KXNEXTMANAGERMIL,Soccer,,personnel_ops,not_attempted_supported_sport,out of scope (non-sporting outcome),,,,,,,,,,,,,,,,phase1:not_attempted_supported_sport
KXSOCCERINTLRETIRE,Soccer,,personnel_ops,not_attempted_supported_sport,out of scope (non-sporting outcome),,,,,,,,,,,,,,,,phase1:not_attempted_supported_sport
KXSOCCERJOIN,Soccer,,personnel_ops,not_attempted_supported_sport,out of scope (non-sporting outcome),,,,,,,,,,,,,,,,phase1:not_attempted_supported_sport
KXSOCCERLEAVE,Soccer,,personnel_ops,not_attempted_supported_sport,out of scope (non-sporting outcome),,,,,,,,,,,,,,,,phase1:not_attempted_supported_sport
KXUEFAISRAELBAN,Soccer,,personnel_ops,not_attempted_supported_sport,out of scope (non-sporting outcome),,,,,,,,,,,,,,,,phase1:not_attempted_supported_sport
KXWCGOAL,Soccer,FIFA World Cup,player_prop,not_attempted_supported_sport,player/appearance-conditioned; pregame participation not reconstructable as-of (not modelled),,,,,,,,,,,,,,,,phase1:not_attempted_supported_sport
KXWCSOA,Soccer,FIFA World Cup,player_prop,not_attempted_supported_sport,player/appearance-conditioned; pregame participation not reconstructable as-of (not modelled),,,,,,,,,,,,,,,,phase1:not_attempted_supported_sport
KXWCAST,Soccer,FIFA World Cup,player_prop,not_attempted_supported_sport,player/appearance-conditioned; pregame participation not reconstructable as-of (not modelled),,,,,,,,,,,,,,,,phase1:not_attempted_supported_sport
KXWCMESSIMBAPPE,Soccer,FIFA World Cup,player_prop,not_attempted_supported_sport,player/appearance-conditioned; pregame participation not reconstructable as-of (not modelled),,,,,,,,,,,,,,,,phase1:not_attempted_supported_sport
KXUEFANLGOAL,Soccer,UEFA Nations League,player_prop,not_attempted_supported_sport,player/appearance-conditioned; pregame participation not reconstructable as-of (not modelled),,,,,,,,,,,,,,,,phase1:not_attempted_supported_sport
KXLALIGAGOAL,Soccer,La Liga,player_prop,excluded_spec,no payoff parser for suffix 'GOAL',,laliga,,,,,,,,,,,,,,phase1:excluded_spec
KXWCGOALCOUNT,Soccer,FIFA World Cup,player_prop,not_attempted_supported_sport,player/appearance-conditioned; pregame participation not reconstructable as-of (not modelled),,,,,,,,,,,,,,,,phase1:not_attempted_supported_sport
KXEPLGOAL,Soccer,EPL,player_prop,excluded_spec,no payoff parser for suffix 'GOAL',,epl,,,,,,,,,,,,,,phase1:excluded_spec
KXUCLGOAL,Soccer,UCL,player_prop,not_attempted_supported_sport,player/appearance-conditioned; pregame participation not reconstructable as-of (not modelled),,,,,,,,,,,,,,,,phase1:not_attempted_supported_sport
KXINTLFRIENDLYGOAL,Soccer,Intl Friendlies,player_prop,not_attempted_supported_sport,player/appearance-conditioned; pregame participation not reconstructable as-of (not modelled),,,,,,,,,,,,,,,,phase1:not_attempted_supported_sport
KXEPLFIRSTGOAL,Soccer,EPL,player_prop,excluded_spec,no payoff parser for suffix 'FIRSTGOAL',,epl,,,,,,,,,,,,,,phase1:excluded_spec
KXUCLFIRSTGOAL,Soccer,UCL,player_prop,not_attempted_supported_sport,player/appearance-conditioned; pregame participation not reconstructable as-of (not modelled),,,,,,,,,,,,,,,,phase1:not_attempted_supported_sport
KXWCMESSIRONALDO,Soccer,FIFA World Cup,player_prop,not_attempted_supported_sport,player/appearance-conditioned; pregame participation not reconstructable as-of (not modelled),,,,,,,,,,,,,,,,phase1:not_attempted_supported_sport
KXWCPLAYERGOALS,Soccer,FIFA World Cup,player_prop,not_attempted_supported_sport,player/appearance-conditioned; pregame participation not reconstructable as-of (not modelled),,,,,,,,,,,,,,,,phase1:not_attempted_supported_sport
KXINTLFRIENDLYAST,Soccer,Intl Friendlies,player_prop,not_attempted_supported_sport,player/appearance-conditioned; pregame participation not reconstructable as-of (not modelled),,,,,,,,,,,,,,,,phase1:not_attempted_supported_sport
KXWCBRACE,Soccer,FIFA World Cup,player_prop,not_attempted_supported_sport,player/appearance-conditioned; pregame participation not reconstructable as-of (not modelled),,,,,,,,,,,,,,,,phase1:not_attempted_supported_sport
KXWCGOALCOMBO,Soccer,FIFA World Cup,player_prop,not_attempted_supported_sport,player/appearance-conditioned; pregame participation not reconstructable as-of (not modelled),,,,,,,,,,,,,,,,phase1:not_attempted_supported_sport
KXUCLSOA,Soccer,Champions League,player_prop,excluded_spec,no payoff parser for suffix 'SOA',,ucl,,,,,,,,,,,,,,phase1:excluded_spec
KXUCLAST,Soccer,Champions League,player_prop,excluded_spec,no payoff parser for suffix 'AST',,ucl,,,,,,,,,,,,,,phase1:excluded_spec
KXUEFASCGOAL,Soccer,UEFA Super Cup,player_prop,not_attempted_supported_sport,player/appearance-conditioned; pregame participation not reconstructable as-of (not modelled),,,,,,,,,,,,,,,,phase1:not_attempted_supported_sport
KXUEFASCFIRSTGOAL,Soccer,UEFA Super Cup,player_prop,not_attempted_supported_sport,player/appearance-conditioned; pregame participation not reconstructable as-of (not modelled),,,,,,,,,,,,,,,,phase1:not_attempted_supported_sport
KXBUNDESLIGAGOAL,Soccer,,player_prop,not_attempted_supported_sport,player/appearance-conditioned; pregame participation not reconstructable as-of (not modelled),,,,,,,,,,,,,,,,phase1:not_attempted_supported_sport
KXENGCSFIRSTGOAL,Soccer,,player_prop,not_attempted_supported_sport,player/appearance-conditioned; pregame participation not reconstructable as-of (not modelled),,,,,,,,,,,,,,,,phase1:not_attempted_supported_sport
KXENGCSGOAL,Soccer,,player_prop,not_attempted_supported_sport,player/appearance-conditioned; pregame participation not reconstructable as-of (not modelled),,,,,,,,,,,,,,,,phase1:not_attempted_supported_sport
KXEPLAST,Soccer,,player_prop,not_attempted_supported_sport,player/appearance-conditioned; pregame participation not reconstructable as-of (not modelled),,,,,,,,,,,,,,,,phase1:not_attempted_supported_sport
KXEPLSOA,Soccer,,player_prop,not_attempted_supported_sport,player/appearance-conditioned; pregame participation not reconstructable as-of (not modelled),,,,,,,,,,,,,,,,phase1:not_attempted_supported_sport
KXLIGAMXGOAL,Soccer,,player_prop,not_attempted_supported_sport,player/appearance-conditioned; pregame participation not reconstructable as-of (not modelled),,,,,,,,,,,,,,,,phase1:not_attempted_supported_sport
KXLIGUE1GOAL,Soccer,,player_prop,not_attempted_supported_sport,player/appearance-conditioned; pregame participation not reconstructable as-of (not modelled),,,,,,,,,,,,,,,,phase1:not_attempted_supported_sport
KXMLSGOAL,Soccer,,player_prop,not_attempted_supported_sport,player/appearance-conditioned; pregame participation not reconstructable as-of (not modelled),,,,,,,,,,,,,,,,phase1:not_attempted_supported_sport
KXSERIEAGOAL,Soccer,,player_prop,not_attempted_supported_sport,player/appearance-conditioned; pregame participation not reconstructable as-of (not modelled),,,,,,,,,,,,,,,,phase1:not_attempted_supported_sport
KXUCLSAVE,Soccer,,player_prop,not_attempted_supported_sport,player/appearance-conditioned; pregame participation not reconstructable as-of (not modelled),,,,,,,,,,,,,,,,phase1:not_attempted_supported_sport
KXUCLSHOT,Soccer,,player_prop,not_attempted_supported_sport,player/appearance-conditioned; pregame participation not reconstructable as-of (not modelled),,,,,,,,,,,,,,,,phase1:not_attempted_supported_sport
KXUCLSOT,Soccer,,player_prop,not_attempted_supported_sport,player/appearance-conditioned; pregame participation not reconstructable as-of (not modelled),,,,,,,,,,,,,,,,phase1:not_attempted_supported_sport
KXUCLTEAMSHOT,Soccer,,player_prop,not_attempted_supported_sport,player/appearance-conditioned; pregame participation not reconstructable as-of (not modelled),,,,,,,,,,,,,,,,phase1:not_attempted_supported_sport
KXUCLTEAMSOT,Soccer,,player_prop,not_attempted_supported_sport,player/appearance-conditioned; pregame participation not reconstructable as-of (not modelled),,,,,,,,,,,,,,,,phase1:not_attempted_supported_sport
KXWCSAVE,Soccer,,player_prop,not_attempted_supported_sport,player/appearance-conditioned; pregame participation not reconstructable as-of (not modelled),,,,,,,,,,,,,,,,phase1:not_attempted_supported_sport
KXWCSHOT,Soccer,,player_prop,not_attempted_supported_sport,player/appearance-conditioned; pregame participation not reconstructable as-of (not modelled),,,,,,,,,,,,,,,,phase1:not_attempted_supported_sport
KXWCSOG,Soccer,,player_prop,not_attempted_supported_sport,player/appearance-conditioned; pregame participation not reconstructable as-of (not modelled),,,,,,,,,,,,,,,,phase1:not_attempted_supported_sport
KXWCTEAMSHOT,Soccer,,player_prop,not_attempted_supported_sport,player/appearance-conditioned; pregame participation not reconstructable as-of (not modelled),,,,,,,,,,,,,,,,phase1:not_attempted_supported_sport
KXWCTEAMSOG,Soccer,,player_prop,not_attempted_supported_sport,player/appearance-conditioned; pregame participation not reconstructable as-of (not modelled),,,,,,,,,,,,,,,,phase1:not_attempted_supported_sport
KXWCSCORE,Soccer,FIFA World Cup,score_props,not_attempted_supported_sport,no independent results adapter for this competition in Phase 1 (game_winner only via Kalshi-only path),,,,,,,,,,,,,,,,phase1:not_attempted_supported_sport
KXWCBTTS,Soccer,FIFA World Cup,score_props,not_attempted_supported_sport,no independent results adapter for this competition in Phase 1 (game_winner only via Kalshi-only path),,,,,,,,,,,,,,,,phase1:not_attempted_supported_sport
KXWCMOV,Soccer,FIFA World Cup,score_props,not_attempted_supported_sport,no independent results adapter for this competition in Phase 1 (game_winner only via Kalshi-only path),,,,,,,,,,,,,,,,phase1:not_attempted_supported_sport
KXWCCORNERS,Soccer,FIFA World Cup,score_props,not_attempted_supported_sport,no independent results adapter for this competition in Phase 1 (game_winner only via Kalshi-only path),,,,,,,,,,,,,,,,phase1:not_attempted_supported_sport
KXWCTCORNERS,Soccer,FIFA World Cup,score_props,not_attempted_supported_sport,no independent results adapter for this competition in Phase 1 (game_winner only via Kalshi-only path),,,,,,,,,,,,,,,,phase1:not_attempted_supported_sport
KXWCFTTS,Soccer,FIFA World Cup,score_props,not_attempted_supported_sport,no independent results adapter for this competition in Phase 1 (game_winner only via Kalshi-only path),,,,,,,,,,,,,,,,phase1:not_attempted_supported_sport
KXWCFIRSTGOAL,Soccer,FIFA World Cup,score_props,not_attempted_supported_sport,no independent results adapter for this competition in Phase 1 (game_winner only via Kalshi-only path),,,,,,,,,,,,,,,,phase1:not_attempted_supported_sport
KXWCMOF,Soccer,FIFA World Cup,score_props,not_attempted_supported_sport,no independent results adapter for this competition in Phase 1 (game_winner only via Kalshi-only path),,,,,,,,,,,,,,,,phase1:not_attempted_supported_sport
KXEPLBTTS,Soccer,EPL,score_props,strict_evaluated,,strict,epl,score_props,0,0,39,unavailable: training support below threshold,unavailable: score props: no new historical quotes by scope decision,0,0,0,0,0,0,245,calibration_unavailable+blend_unavailable
KXLALIGABTTS,Soccer,La Liga,score_props,strict_evaluated,,strict,laliga,score_props,0,0,51,unavailable: training support below threshold,unavailable: score props: no new historical quotes by scope decision,0,0,0,0,0,0,276,calibration_unavailable+blend_unavailable
KXUCLBTTS,Soccer,Champions League,score_props,exploratory_evaluated,only 18 pre-test settled contracts (< 30),exploratory,ucl,score_props,0,0,18,unavailable: training support below threshold,unavailable: score props: no new historical quotes by scope decision,0,0,0,0,0,0,87,calibration_unavailable+blend_unavailable
KXLALIGASCORE,Soccer,La Liga,score_props,excluded_spec,no payoff parser for suffix 'SCORE',,laliga,,,,,,,,,,,,,,phase1:excluded_spec
KXUEFANLSCORE,Soccer,UEFA Nations League,score_props,not_attempted_supported_sport,no independent results adapter for this competition in Phase 1 (game_winner only via Kalshi-only path),,,,,,,,,,,,,,,,phase1:not_attempted_supported_sport
KXLIGAMXSCORE,Soccer,Liga MX,score_props,excluded_spec,no payoff parser for suffix 'SCORE',,ligamx,,,,,,,,,,,,,,phase1:excluded_spec
KXMLSBTTS,Soccer,MLS,score_props,exploratory_evaluated,only 0 pre-test settled contracts (< 30),exploratory,mls,score_props,0,0,0,unavailable: training support below threshold,unavailable: score props: no new historical quotes by scope decision,0,0,0,0,0,0,404,calibration_unavailable+blend_unavailable
KXMLSSCORE,Soccer,MLS,score_props,excluded_spec,no payoff parser for suffix 'SCORE',,mls,,,,,,,,,,,,,,phase1:excluded_spec
KXCLUBFBTTS,Soccer,Club Friendlies,score_props,not_attempted_supported_sport,no independent results adapter for this competition in Phase 1 (game_winner only via Kalshi-only path),,,,,,,,,,,,,,,,phase1:not_attempted_supported_sport
KXUEFANLBTTS,Soccer,UEFA Nations League,score_props,not_attempted_supported_sport,no independent results adapter for this competition in Phase 1 (game_winner only via Kalshi-only path),,,,,,,,,,,,,,,,phase1:not_attempted_supported_sport
KXEPLSCORE,Soccer,EPL,score_props,excluded_spec,no payoff parser for suffix 'SCORE',,epl,,,,,,,,,,,,,,phase1:excluded_spec
KXLIGAMXBTTS,Soccer,Liga MX,score_props,exploratory_evaluated,only 0 pre-test settled contracts (< 30),exploratory,ligamx,score_props,0,0,0,unavailable: training support below threshold,unavailable: score props: no new historical quotes by scope decision,0,0,0,0,0,0,88,calibration_unavailable+blend_unavailable
KXLEAGUESCUPSCORE,Soccer,Leagues Cup,score_props,not_attempted_supported_sport,no independent results adapter for this competition in Phase 1 (game_winner only via Kalshi-only path),,,,,,,,,,,,,,,,phase1:not_attempted_supported_sport
KXSERIEABTTS,Soccer,Serie A,score_props,strict_evaluated,,strict,seriea,score_props,0,0,56,unavailable: training support below threshold,unavailable: score props: no new historical quotes by scope decision,0,0,0,0,0,0,261,calibration_unavailable+blend_unavailable
KXLEAGUESCUPBTTS,Soccer,Leagues Cup,score_props,not_attempted_supported_sport,no independent results adapter for this competition in Phase 1 (game_winner only via Kalshi-only path),,,,,,,,,,,,,,,,phase1:not_attempted_supported_sport
KXARGPREMDIVBTTS,Soccer,Argentina Primera Division,score_props,exploratory_evaluated,only 0 pre-test settled contracts (< 30),exploratory,argentina,score_props,0,0,0,unavailable: training support below threshold,unavailable: score props: no new historical quotes by scope decision,0,0,0,0,0,0,170,calibration_unavailable+blend_unavailable
KXINTLFRIENDLYBTTS,Soccer,Intl Friendlies,score_props,not_attempted_supported_sport,no independent results adapter for this competition in Phase 1 (game_winner only via Kalshi-only path),,,,,,,,,,,,,,,,phase1:not_attempted_supported_sport
KXBUNDESLIGABTTS,Soccer,Bundesliga,score_props,strict_evaluated,,strict,bundesliga,score_props,0,0,45,unavailable: training support below threshold,unavailable: score props: no new historical quotes by scope decision,0,0,0,0,0,0,207,calibration_unavailable+blend_unavailable
KXUELBTTS,Soccer,Europa League,score_props,exploratory_evaluated,only 0 pre-test settled contracts (< 30),exploratory,uel,score_props,0,0,0,unavailable: training support below threshold,unavailable: score props: no new historical quotes by scope decision,0,0,0,0,0,0,6,calibration_unavailable+blend_unavailable
KXUECLBTTS,Soccer,Conference League,score_props,exploratory_evaluated,only 0 pre-test settled contracts (< 30),exploratory,uecl,score_props,0,0,0,unavailable: training support below threshold,unavailable: score props: no new historical quotes by scope decision,0,0,0,0,0,0,5,calibration_unavailable+blend_unavailable
KXWCTEAMFIRSTGOAL,Soccer,FIFA World Cup,score_props,not_attempted_supported_sport,no independent results adapter for this competition in Phase 1 (game_winner only via Kalshi-only path),,,,,,,,,,,,,,,,phase1:not_attempted_supported_sport
KXDIMAYORBTTS,Soccer,Colombian Liga DIMAYOR,score_props,not_attempted_supported_sport,no independent results adapter for this competition in Phase 1 (game_winner only via Kalshi-only path),,,,,,,,,,,,,,,,phase1:not_attempted_supported_sport
KXBRASILEIROBTTS,Soccer,Brasileiro Serie A,score_props,exploratory_evaluated,only 0 pre-test settled contracts (< 30),exploratory,brasileiro,score_props,0,0,0,unavailable: training support below threshold,unavailable: score props: no new historical quotes by scope decision,0,0,0,0,0,0,102,calibration_unavailable+blend_unavailable
KXECULPBTTS,Soccer,Ecuador LigaPro,score_props,not_attempted_supported_sport,no independent results adapter for this competition in Phase 1 (game_winner only via Kalshi-only path),,,,,,,,,,,,,,,,phase1:not_attempted_supported_sport
KXBRASILEIROBBTTS,Soccer,Brasileiro Serie B,score_props,not_attempted_supported_sport,no independent results adapter for this competition in Phase 1 (game_winner only via Kalshi-only path),,,,,,,,,,,,,,,,phase1:not_attempted_supported_sport
KXCONCACAFNLBTTS,Soccer,CONCACAF Nations League,score_props,not_attempted_supported_sport,no independent results adapter for this competition in Phase 1 (game_winner only via Kalshi-only path),,,,,,,,,,,,,,,,phase1:not_attempted_supported_sport
KXBRASILEIROSCORE,Soccer,Brasileiro Serie A,score_props,excluded_spec,no payoff parser for suffix 'SCORE',,brasileiro,,,,,,,,,,,,,,phase1:excluded_spec
KXUCLWBTTS,Soccer,Champions League Womens,score_props,not_attempted_supported_sport,no independent results adapter for this competition in Phase 1 (game_winner only via Kalshi-only path),,,,,,,,,,,,,,,,phase1:not_attempted_supported_sport
KXLIGUE1BTTS,Soccer,Ligue 1,score_props,strict_evaluated,,strict,ligue1,score_props,0,0,36,unavailable: training support below threshold,unavailable: score props: no new historical quotes by scope decision,0,0,0,0,0,0,205,calibration_unavailable+blend_unavailable
KXSERIEASCORE,Soccer,Serie A,score_props,excluded_spec,no payoff parser for suffix 'SCORE',,seriea,,,,,,,,,,,,,,phase1:excluded_spec
KXUEFANLFIRSTGOAL,Soccer,UEFA Nations League,score_props,not_attempted_supported_sport,no independent results adapter for this competition in Phase 1 (game_winner only via Kalshi-only path),,,,,,,,,,,,,,,,phase1:not_attempted_supported_sport
KXUECLSCORE,Soccer,Conference League,score_props,excluded_spec,no payoff parser for suffix 'SCORE',,uecl,,,,,,,,,,,,,,phase1:excluded_spec
KXUELSCORE,Soccer,Europa League,score_props,excluded_spec,no payoff parser for suffix 'SCORE',,uel,,,,,,,,,,,,,,phase1:excluded_spec
KXCONMEBOLSUDBTTS,Soccer,CONMEBOL Sudamericana,score_props,not_attempted_supported_sport,no independent results adapter for this competition in Phase 1 (game_winner only via Kalshi-only path),,,,,,,,,,,,,,,,phase1:not_attempted_supported_sport
KXBUNDESLIGASCORE,Soccer,Bundesliga,score_props,excluded_spec,no payoff parser for suffix 'SCORE',,bundesliga,,,,,,,,,,,,,,phase1:excluded_spec
KXWCGROUPWINELIM,Soccer,FIFA World Cup,score_props,not_attempted_supported_sport,no independent results adapter for this competition in Phase 1 (game_winner only via Kalshi-only path),,,,,,,,,,,,,,,,phase1:not_attempted_supported_sport
KXEFLCUPBTTS,Soccer,EFL Cup,score_props,not_attempted_supported_sport,no independent results adapter for this competition in Phase 1 (game_winner only via Kalshi-only path),,,,,,,,,,,,,,,,phase1:not_attempted_supported_sport
KXLALIGACORNERS,Soccer,La Liga,score_props,excluded_spec,no payoff parser for suffix 'CORNERS',,laliga,,,,,,,,,,,,,,phase1:excluded_spec
KXEFLCHAMPIONSHIPBTTS,Soccer,EFL Championship,score_props,exploratory_evaluated,only 0 pre-test settled contracts (< 30),exploratory,eflc,score_props,0,0,0,unavailable: training support below threshold,unavailable: score props: no new historical quotes by scope decision,0,0,0,0,0,0,95,calibration_unavailable+blend_unavailable
KXAPFDDHBTTS,Soccer,APF Division de Honor,score_props,not_attempted_supported_sport,no independent results adapter for this competition in Phase 1 (game_winner only via Kalshi-only path),,,,,,,,,,,,,,,,phase1:not_attempted_supported_sport
KXPERLIGA1BTTS,Soccer,Peru Liga 1,score_props,not_attempted_supported_sport,no independent results adapter for this competition in Phase 1 (game_winner only via Kalshi-only path),,,,,,,,,,,,,,,,phase1:not_attempted_supported_sport
KXEPLCORNERS,Soccer,EPL,score_props,excluded_spec,no payoff parser for suffix 'CORNERS',,epl,,,,,,,,,,,,,,phase1:excluded_spec
KXLIGUE1SCORE,Soccer,Ligue 1,score_props,excluded_spec,no payoff parser for suffix 'SCORE',,ligue1,,,,,,,,,,,,,,phase1:excluded_spec
KXCONMEBOLLIBBTTS,Soccer,CONMEBOL Libertadores,score_props,not_attempted_supported_sport,no independent results adapter for this competition in Phase 1 (game_winner only via Kalshi-only path),,,,,,,,,,,,,,,,phase1:not_attempted_supported_sport
KXALLSVENSKANBTTS,Soccer,Allsvenskan,score_props,not_attempted_supported_sport,no independent results adapter for this competition in Phase 1 (game_winner only via Kalshi-only path),,,,,,,,,,,,,,,,phase1:not_attempted_supported_sport
KXWCSCOREET,Soccer,FIFA World Cup,score_props,not_attempted_supported_sport,no independent results adapter for this competition in Phase 1 (game_winner only via Kalshi-only path),,,,,,,,,,,,,,,,phase1:not_attempted_supported_sport
KXUCLMOV,Soccer,Champions League,score_props,excluded_spec,no payoff parser for suffix 'MOV',,ucl,,,,,,,,,,,,,,phase1:excluded_spec
KXLALIGATCORNERS,Soccer,La Liga,score_props,excluded_spec,no payoff parser for suffix 'TCORNERS',,laliga,,,,,,,,,,,,,,phase1:excluded_spec
KXWCDELAY,Soccer,FIFA World Cup,score_props,not_attempted_supported_sport,no independent results adapter for this competition in Phase 1 (game_winner only via Kalshi-only path),,,,,,,,,,,,,,,,phase1:not_attempted_supported_sport
KXLALIGAFIRSTGOAL,Soccer,La Liga,score_props,excluded_spec,no payoff parser for suffix 'FIRSTGOAL',,laliga,,,,,,,,,,,,,,phase1:excluded_spec
KXNWSLBTTS,Soccer,NWSL,score_props,not_attempted_supported_sport,no independent results adapter for this competition in Phase 1 (game_winner only via Kalshi-only path),,,,,,,,,,,,,,,,phase1:not_attempted_supported_sport
KXSAUDIPLBTTS,Soccer,Saudi Pro League,score_props,exploratory_evaluated,only 0 pre-test settled contracts (< 30),exploratory,saudi,score_props,0,0,0,unavailable: training support below threshold,unavailable: score props: no new historical quotes by scope decision,0,0,0,0,0,0,63,calibration_unavailable+blend_unavailable
KXELITESERIENBTTS,Soccer,Eliteserien,score_props,not_attempted_supported_sport,no independent results adapter for this competition in Phase 1 (game_winner only via Kalshi-only path),,,,,,,,,,,,,,,,phase1:not_attempted_supported_sport
KXASEANBTTS,Soccer,ASEAN Championship,score_props,not_attempted_supported_sport,no independent results adapter for this competition in Phase 1 (game_winner only via Kalshi-only path),,,,,,,,,,,,,,,,phase1:not_attempted_supported_sport
KXURYPDBTTS,Soccer,Uruguay Primera Division,score_props,not_attempted_supported_sport,no independent results adapter for this competition in Phase 1 (game_winner only via Kalshi-only path),,,,,,,,,,,,,,,,phase1:not_attempted_supported_sport
KXCOPADOBRASILBTTS,Soccer,Copa do Brasil,score_props,not_attempted_supported_sport,no independent results adapter for this competition in Phase 1 (game_winner only via Kalshi-only path),,,,,,,,,,,,,,,,phase1:not_attempted_supported_sport
KXCHNSLBTTS,Soccer,Chinese Super League,score_props,not_attempted_supported_sport,no independent results adapter for this competition in Phase 1 (game_winner only via Kalshi-only path),,,,,,,,,,,,,,,,phase1:not_attempted_supported_sport
KXAFCONBTTS,Soccer,AFCON Qualifiers,score_props,not_attempted_supported_sport,no independent results adapter for this competition in Phase 1 (game_winner only via Kalshi-only path),,,,,,,,,,,,,,,,phase1:not_attempted_supported_sport
KXLALIGA2BTTS,Soccer,La Liga 2,score_props,not_attempted_supported_sport,no independent results adapter for this competition in Phase 1 (game_winner only via Kalshi-only path),,,,,,,,,,,,,,,,phase1:not_attempted_supported_sport
KXUCLCORNERS,Soccer,Champions League,score_props,excluded_spec,no payoff parser for suffix 'CORNERS',,ucl,,,,,,,,,,,,,,phase1:excluded_spec
KXLIGAEXPBTTS,Soccer,Liga de Expansion MX,score_props,not_attempted_supported_sport,no independent results adapter for this competition in Phase 1 (game_winner only via Kalshi-only path),,,,,,,,,,,,,,,,phase1:not_attempted_supported_sport
KXKLEAGUEBTTS,Soccer,Korea K League 1,score_props,not_attempted_supported_sport,no independent results adapter for this competition in Phase 1 (game_winner only via Kalshi-only path),,,,,,,,,,,,,,,,phase1:not_attempted_supported_sport
KXLIGAPORTUGALBTTS,Soccer,Liga Portugal,score_props,exploratory_evaluated,only 0 pre-test settled contracts (< 30),exploratory,ligaportugal,score_props,0,0,0,unavailable: training support below threshold,unavailable: score props: no new historical quotes by scope decision,0,0,0,0,0,0,62,calibration_unavailable+blend_unavailable
KXUCLSCORE,Soccer,Champions League,score_props,excluded_spec,no payoff parser for suffix 'SCORE',,ucl,,,,,,,,,,,,,,phase1:excluded_spec
KXARGNACBBTTS,Soccer,Argentine Nacional B,score_props,not_attempted_supported_sport,no independent results adapter for this competition in Phase 1 (game_winner only via Kalshi-only path),,,,,,,,,,,,,,,,phase1:not_attempted_supported_sport
KXAFCONSCORE,Soccer,AFCON Qualifiers,score_props,not_attempted_supported_sport,no independent results adapter for this competition in Phase 1 (game_winner only via Kalshi-only path),,,,,,,,,,,,,,,,phase1:not_attempted_supported_sport
KXJLEAGUEBTTS,Soccer,Japan J1 League,score_props,not_attempted_supported_sport,no independent results adapter for this competition in Phase 1 (game_winner only via Kalshi-only path),,,,,,,,,,,,,,,,phase1:not_attempted_supported_sport
KXMLSFTTS,Soccer,MLS,score_props,excluded_spec,no payoff parser for suffix 'FTTS',,mls,,,,,,,,,,,,,,phase1:excluded_spec
KXEPLTCORNERS,Soccer,EPL,score_props,excluded_spec,no payoff parser for suffix 'TCORNERS',,epl,,,,,,,,,,,,,,phase1:excluded_spec
KXLIGAMXFTTS,Soccer,Liga MX,score_props,excluded_spec,no payoff parser for suffix 'FTTS',,ligamx,,,,,,,,,,,,,,phase1:excluded_spec
KXDENSUPERLIGABTTS,Soccer,Danish Superliga,score_props,not_attempted_supported_sport,no independent results adapter for this competition in Phase 1 (game_winner only via Kalshi-only path),,,,,,,,,,,,,,,,phase1:not_attempted_supported_sport
KXCHLLDPBTTS,Soccer,Chile Liga de Primera,score_props,not_attempted_supported_sport,no independent results adapter for this competition in Phase 1 (game_winner only via Kalshi-only path),,,,,,,,,,,,,,,,phase1:not_attempted_supported_sport
KXEREDIVISIEBTTS,Soccer,Eredivisie,score_props,exploratory_evaluated,only 0 pre-test settled contracts (< 30),exploratory,eredivisie,score_props,0,0,0,unavailable: training support below threshold,unavailable: score props: no new historical quotes by scope decision,0,0,0,0,0,0,62,calibration_unavailable+blend_unavailable
KXEGYPLBTTS,Soccer,Egyptian Premier League,score_props,not_attempted_supported_sport,no independent results adapter for this competition in Phase 1 (game_winner only via Kalshi-only path),,,,,,,,,,,,,,,,phase1:not_attempted_supported_sport
KXUSLBTTS,Soccer,USL Championship,score_props,not_attempted_supported_sport,no independent results adapter for this competition in Phase 1 (game_winner only via Kalshi-only path),,,,,,,,,,,,,,,,phase1:not_attempted_supported_sport
KXSCOTTISHPREMBTTS,Soccer,Scottish Premiership,score_props,not_attempted_supported_sport,no independent results adapter for this competition in Phase 1 (game_winner only via Kalshi-only path),,,,,,,,,,,,,,,,phase1:not_attempted_supported_sport
KXWCKOPENALTIES,Soccer,FIFA World Cup,score_props,not_attempted_supported_sport,no independent results adapter for this competition in Phase 1 (game_winner only via Kalshi-only path),,,,,,,,,,,,,,,,phase1:not_attempted_supported_sport
KXUCLTCORNERS,Soccer,Champions League,score_props,excluded_spec,no payoff parser for suffix 'TCORNERS',,ucl,,,,,,,,,,,,,,phase1:excluded_spec
KXEKSTRAKLASABTTS,Soccer,Ekstraklasa,score_props,not_attempted_supported_sport,no independent results adapter for this competition in Phase 1 (game_winner only via Kalshi-only path),,,,,,,,,,,,,,,,phase1:not_attempted_supported_sport
KXCOPPAITALIABTTS,Soccer,Coppa Italia,score_props,not_attempted_supported_sport,no independent results adapter for this competition in Phase 1 (game_winner only via Kalshi-only path),,,,,,,,,,,,,,,,phase1:not_attempted_supported_sport
KXWCGOALEVERYGAME,Soccer,FIFA World Cup,score_props,not_attempted_supported_sport,no independent results adapter for this competition in Phase 1 (game_winner only via Kalshi-only path),,,,,,,,,,,,,,,,phase1:not_attempted_supported_sport
KXSUPERLIGBTTS,Soccer,Super Lig,score_props,not_attempted_supported_sport,no independent results adapter for this competition in Phase 1 (game_winner only via Kalshi-only path),,,,,,,,,,,,,,,,phase1:not_attempted_supported_sport
KXINTLFRIENDLYFGW,Soccer,International Friendly,score_props,not_attempted_supported_sport,no independent results adapter for this competition in Phase 1 (game_winner only via Kalshi-only path),,,,,,,,,,,,,,,,phase1:not_attempted_supported_sport
KXLEAGUESCUPFTTS,Soccer,Leagues Cup,score_props,not_attempted_supported_sport,no independent results adapter for this competition in Phase 1 (game_winner only via Kalshi-only path),,,,,,,,,,,,,,,,phase1:not_attempted_supported_sport
KXJ2LEAGUEBTTS,Soccer,Japan J2 League,score_props,not_attempted_supported_sport,no independent results adapter for this competition in Phase 1 (game_winner only via Kalshi-only path),,,,,,,,,,,,,,,,phase1:not_attempted_supported_sport
KXBUNDESLIGA2BTTS,Soccer,Bundesliga 2,score_props,exploratory_evaluated,only 0 pre-test settled contracts (< 30),exploratory,bundesliga2,score_props,0,0,0,unavailable: training support below threshold,unavailable: score props: no new historical quotes by scope decision,0,0,0,0,0,0,54,calibration_unavailable+blend_unavailable
KXENGCSBTTS,Soccer,Community Shield,score_props,not_attempted_supported_sport,no independent results adapter for this competition in Phase 1 (game_winner only via Kalshi-only path),,,,,,,,,,,,,,,,phase1:not_attempted_supported_sport
KXVENFUTVEBTTS,Soccer,Venezuela Liga FUTVE,score_props,not_attempted_supported_sport,no independent results adapter for this competition in Phase 1 (game_winner only via Kalshi-only path),,,,,,,,,,,,,,,,phase1:not_attempted_supported_sport
KXUEFANLFTTS,Soccer,UEFA Nations League,score_props,not_attempted_supported_sport,no independent results adapter for this competition in Phase 1 (game_winner only via Kalshi-only path),,,,,,,,,,,,,,,,phase1:not_attempted_supported_sport
KXLALIGAFTTS,Soccer,La Liga,score_props,excluded_spec,no payoff parser for suffix 'FTTS',,laliga,,,,,,,,,,,,,,phase1:excluded_spec
KXUEFASCSCORE,Soccer,UEFA Super Cup,score_props,not_attempted_supported_sport,no independent results adapter for this competition in Phase 1 (game_winner only via Kalshi-only path),,,,,,,,,,,,,,,,phase1:not_attempted_supported_sport
KXUAEPLBTTS,Soccer,UAE Pro League,score_props,not_attempted_supported_sport,no independent results adapter for this competition in Phase 1 (game_winner only via Kalshi-only path),,,,,,,,,,,,,,,,phase1:not_attempted_supported_sport
KXAFCCLBTTS,Soccer,AFC Champions League,score_props,not_attempted_supported_sport,no independent results adapter for this competition in Phase 1 (game_winner only via Kalshi-only path),,,,,,,,,,,,,,,,phase1:not_attempted_supported_sport
KXEERSTEDIVBTTS,Soccer,Eerste Divisie,score_props,not_attempted_supported_sport,no independent results adapter for this competition in Phase 1 (game_winner only via Kalshi-only path),,,,,,,,,,,,,,,,phase1:not_attempted_supported_sport
KXTFF1LIGBTTS,Soccer,TFF 1. Lig,score_props,not_attempted_supported_sport,no independent results adapter for this competition in Phase 1 (game_winner only via Kalshi-only path),,,,,,,,,,,,,,,,phase1:not_attempted_supported_sport
KXBELGIANPLBTTS,Soccer,Belgian Pro League,score_props,not_attempted_supported_sport,no independent results adapter for this competition in Phase 1 (game_winner only via Kalshi-only path),,,,,,,,,,,,,,,,phase1:not_attempted_supported_sport
KXCANPLBTTS,Soccer,Canadian Premier League,score_props,not_attempted_supported_sport,no independent results adapter for this competition in Phase 1 (game_winner only via Kalshi-only path),,,,,,,,,,,,,,,,phase1:not_attempted_supported_sport
KXCZEFLBTTS,Soccer,Czech First League,score_props,not_attempted_supported_sport,no independent results adapter for this competition in Phase 1 (game_winner only via Kalshi-only path),,,,,,,,,,,,,,,,phase1:not_attempted_supported_sport
KXSWISSLEAGUEBTTS,Soccer,Swiss Super League,score_props,not_attempted_supported_sport,no independent results adapter for this competition in Phase 1 (game_winner only via Kalshi-only path),,,,,,,,,,,,,,,,phase1:not_attempted_supported_sport
KXSERIECBTTS,Soccer,Serie C,score_props,not_attempted_supported_sport,no independent results adapter for this competition in Phase 1 (game_winner only via Kalshi-only path),,,,,,,,,,,,,,,,phase1:not_attempted_supported_sport
KXBRASILEIROCBTTS,Soccer,Brasileiro Serie C,score_props,not_attempted_supported_sport,no independent results adapter for this competition in Phase 1 (game_winner only via Kalshi-only path),,,,,,,,,,,,,,,,phase1:not_attempted_supported_sport
KXWCGOALIEPEN,Soccer,FIFA World Cup,score_props,not_attempted_supported_sport,no independent results adapter for this competition in Phase 1 (game_winner only via Kalshi-only path),,,,,,,,,,,,,,,,phase1:not_attempted_supported_sport
KXETTANBTTS,Soccer,Ettan,score_props,not_attempted_supported_sport,no independent results adapter for this competition in Phase 1 (game_winner only via Kalshi-only path),,,,,,,,,,,,,,,,phase1:not_attempted_supported_sport
KXUECLFTTS,Soccer,Conference League,score_props,excluded_spec,no payoff parser for suffix 'FTTS',,uecl,,,,,,,,,,,,,,phase1:excluded_spec
KXWCTEAMSINGAME,Soccer,FIFA World Cup,score_props,not_attempted_supported_sport,no independent results adapter for this competition in Phase 1 (game_winner only via Kalshi-only path),,,,,,,,,,,,,,,,phase1:not_attempted_supported_sport
KXUEFASCBTTS,Soccer,UEFA Super Cup,score_props,not_attempted_supported_sport,no independent results adapter for this competition in Phase 1 (game_winner only via Kalshi-only path),,,,,,,,,,,,,,,,phase1:not_attempted_supported_sport
KXCOPPAITALIASCORE,Soccer,Coppa Italia,score_props,not_attempted_supported_sport,no independent results adapter for this competition in Phase 1 (game_winner only via Kalshi-only path),,,,,,,,,,,,,,,,phase1:not_attempted_supported_sport
KXENGNLBTTS,Soccer,English National League,score_props,not_attempted_supported_sport,no independent results adapter for this competition in Phase 1 (game_winner only via Kalshi-only path),,,,,,,,,,,,,,,,phase1:not_attempted_supported_sport
KXWCUSAOPPONENT,Soccer,FIFA World Cup,score_props,not_attempted_supported_sport,no independent results adapter for this competition in Phase 1 (game_winner only via Kalshi-only path),,,,,,,,,,,,,,,,phase1:not_attempted_supported_sport
KXEPLFTTS,Soccer,EPL,score_props,excluded_spec,no payoff parser for suffix 'FTTS',,epl,,,,,,,,,,,,,,phase1:excluded_spec
KXCHNL1BTTS,Soccer,China League 1,score_props,not_attempted_supported_sport,no independent results adapter for this competition in Phase 1 (game_winner only via Kalshi-only path),,,,,,,,,,,,,,,,phase1:not_attempted_supported_sport
KXEFLL1BTTS,Soccer,EFL League One,score_props,not_attempted_supported_sport,no independent results adapter for this competition in Phase 1 (game_winner only via Kalshi-only path),,,,,,,,,,,,,,,,phase1:not_attempted_supported_sport
KXCZEFNLBTTS,Soccer,Czech National Football League,score_props,not_attempted_supported_sport,no independent results adapter for this competition in Phase 1 (game_winner only via Kalshi-only path),,,,,,,,,,,,,,,,phase1:not_attempted_supported_sport
KXGRECUPBTTS,Soccer,Greek Cup,score_props,not_attempted_supported_sport,no independent results adapter for this competition in Phase 1 (game_winner only via Kalshi-only path),,,,,,,,,,,,,,,,phase1:not_attempted_supported_sport
KXAFCCLSCORE,Soccer,AFC Champions League,score_props,not_attempted_supported_sport,no independent results adapter for this competition in Phase 1 (game_winner only via Kalshi-only path),,,,,,,,,,,,,,,,phase1:not_attempted_supported_sport
KXBRASILEIROFTTS,Soccer,Brasileiro Serie A,score_props,excluded_spec,no payoff parser for suffix 'FTTS',,brasileiro,,,,,,,,,,,,,,phase1:excluded_spec
KXUCLFTTS,Soccer,Champions League,score_props,excluded_spec,no payoff parser for suffix 'FTTS',,ucl,,,,,,,,,,,,,,phase1:excluded_spec
KXFINYLBTTS,Soccer,Finnish Ykkosliiga,score_props,not_attempted_supported_sport,no independent results adapter for this competition in Phase 1 (game_winner only via Kalshi-only path),,,,,,,,,,,,,,,,phase1:not_attempted_supported_sport
KXSVK2LBTTS,Soccer,Slovakian 2. Liga,score_props,not_attempted_supported_sport,no independent results adapter for this competition in Phase 1 (game_winner only via Kalshi-only path),,,,,,,,,,,,,,,,phase1:not_attempted_supported_sport
KXLVAVIRBTTS,Soccer,Latvian Virsliga,score_props,not_attempted_supported_sport,no independent results adapter for this competition in Phase 1 (game_winner only via Kalshi-only path),,,,,,,,,,,,,,,,phase1:not_attempted_supported_sport
KXDFBPOKALBTTS,Soccer,DFB Pokal,score_props,not_attempted_supported_sport,no independent results adapter for this competition in Phase 1 (game_winner only via Kalshi-only path),,,,,,,,,,,,,,,,phase1:not_attempted_supported_sport
KXENGCSSCORE,Soccer,Community Shield,score_props,not_attempted_supported_sport,no independent results adapter for this competition in Phase 1 (game_winner only via Kalshi-only path),,,,,,,,,,,,,,,,phase1:not_attempted_supported_sport
KXHNLBTTS,Soccer,Croatia HNL,score_props,not_attempted_supported_sport,no independent results adapter for this competition in Phase 1 (game_winner only via Kalshi-only path),,,,,,,,,,,,,,,,phase1:not_attempted_supported_sport
KXDFBPOKALSCORE,Soccer,DFB Pokal,score_props,not_attempted_supported_sport,no independent results adapter for this competition in Phase 1 (game_winner only via Kalshi-only path),,,,,,,,,,,,,,,,phase1:not_attempted_supported_sport
KXIDNSLBTTS,Soccer,Indonesia Super League,score_props,not_attempted_supported_sport,no independent results adapter for this competition in Phase 1 (game_winner only via Kalshi-only path),,,,,,,,,,,,,,,,phase1:not_attempted_supported_sport
KXSERIEBBTTS,Soccer,Serie B,score_props,not_attempted_supported_sport,no independent results adapter for this competition in Phase 1 (game_winner only via Kalshi-only path),,,,,,,,,,,,,,,,phase1:not_attempted_supported_sport
KXISRNLBTTS,Soccer,Liga Leumit,score_props,not_attempted_supported_sport,no independent results adapter for this competition in Phase 1 (game_winner only via Kalshi-only path),,,,,,,,,,,,,,,,phase1:not_attempted_supported_sport
KXVLEAGUE1BTTS,Soccer,Vietnam V-League 1,score_props,not_attempted_supported_sport,no independent results adapter for this competition in Phase 1 (game_winner only via Kalshi-only path),,,,,,,,,,,,,,,,phase1:not_attempted_supported_sport
KXLIGUE2BTTS,Soccer,Ligue 2,score_props,not_attempted_supported_sport,no independent results adapter for this competition in Phase 1 (game_winner only via Kalshi-only path),,,,,,,,,,,,,,,,phase1:not_attempted_supported_sport
KXK2LEAGUEBTTS,Soccer,Korea K-League 2,score_props,not_attempted_supported_sport,no independent results adapter for this competition in Phase 1 (game_winner only via Kalshi-only path),,,,,,,,,,,,,,,,phase1:not_attempted_supported_sport
KXUCLMOF,Soccer,Champions League,score_props,excluded_spec,no payoff parser for suffix 'MOF',,ucl,,,,,,,,,,,,,,phase1:excluded_spec
KXUELFTTS,Soccer,Europa League,score_props,excluded_spec,no payoff parser for suffix 'FTTS',,uel,,,,,,,,,,,,,,phase1:excluded_spec
KXMYSLBTTS,Soccer,Malaysia Super League,score_props,not_attempted_supported_sport,no independent results adapter for this competition in Phase 1 (game_winner only via Kalshi-only path),,,,,,,,,,,,,,,,phase1:not_attempted_supported_sport
KXSERIEAFTTS,Soccer,Serie A,score_props,excluded_spec,no payoff parser for suffix 'FTTS',,seriea,,,,,,,,,,,,,,phase1:excluded_spec
KXWCLONGESTPEN,Soccer,FIFA World Cup,score_props,not_attempted_supported_sport,no independent results adapter for this competition in Phase 1 (game_winner only via Kalshi-only path),,,,,,,,,,,,,,,,phase1:not_attempted_supported_sport
KXGER3LBTTS,Soccer,German 3. Liga,score_props,not_attempted_supported_sport,no independent results adapter for this competition in Phase 1 (game_winner only via Kalshi-only path),,,,,,,,,,,,,,,,phase1:not_attempted_supported_sport
KXUSOPENCUPBTTS,Soccer,US Open Cup,score_props,not_attempted_supported_sport,no independent results adapter for this competition in Phase 1 (game_winner only via Kalshi-only path),,,,,,,,,,,,,,,,phase1:not_attempted_supported_sport
KXWCTEAM1STGOAL,Soccer,FIFA World Cup,score_props,not_attempted_supported_sport,no independent results adapter for this competition in Phase 1 (game_winner only via Kalshi-only path),,,,,,,,,,,,,,,,phase1:not_attempted_supported_sport
KXSLGREECEBTTS,Soccer,Greece Super League,score_props,not_attempted_supported_sport,no independent results adapter for this competition in Phase 1 (game_winner only via Kalshi-only path),,,,,,,,,,,,,,,,phase1:not_attempted_supported_sport
KXSVKCUPBTTS,Soccer,Slovakian Cup,score_props,not_attempted_supported_sport,no independent results adapter for this competition in Phase 1 (game_winner only via Kalshi-only path),,,,,,,,,,,,,,,,phase1:not_attempted_supported_sport
KXTHAIL1BTTS,Soccer,Thai League 1,score_props,not_attempted_supported_sport,no independent results adapter for this competition in Phase 1 (game_winner only via Kalshi-only path),,,,,,,,,,,,,,,,phase1:not_attempted_supported_sport
KXBUNDESLIGAFTTS,Soccer,Bundesliga,score_props,excluded_spec,no payoff parser for suffix 'FTTS',,bundesliga,,,,,,,,,,,,,,phase1:excluded_spec
KXTWEEDEDIVBTTS,Soccer,Tweede Divisie,score_props,not_attempted_supported_sport,no independent results adapter for this competition in Phase 1 (game_winner only via Kalshi-only path),,,,,,,,,,,,,,,,phase1:not_attempted_supported_sport
KXGERSCSCORE,Soccer,Germany Super Cup,score_props,not_attempted_supported_sport,no independent results adapter for this competition in Phase 1 (game_winner only via Kalshi-only path),,,,,,,,,,,,,,,,phase1:not_attempted_supported_sport
KXGERSCBTTS,Soccer,Germany Super Cup,score_props,not_attempted_supported_sport,no independent results adapter for this competition in Phase 1 (game_winner only via Kalshi-only path),,,,,,,,,,,,,,,,phase1:not_attempted_supported_sport
KXISRPLBTTS,Soccer,Israeli Premier League,score_props,not_attempted_supported_sport,no independent results adapter for this competition in Phase 1 (game_winner only via Kalshi-only path),,,,,,,,,,,,,,,,phase1:not_attempted_supported_sport
KXSRBSLBTTS,Soccer,Serbian SuperLiga,score_props,not_attempted_supported_sport,no independent results adapter for this competition in Phase 1 (game_winner only via Kalshi-only path),,,,,,,,,,,,,,,,phase1:not_attempted_supported_sport
KXLIGUE1FTTS,Soccer,Ligue 1,score_props,excluded_spec,no payoff parser for suffix 'FTTS',,ligue1,,,,,,,,,,,,,,phase1:excluded_spec
KXEFLCUPSCORE,Soccer,EFL Cup,score_props,not_attempted_supported_sport,no independent results adapter for this competition in Phase 1 (game_winner only via Kalshi-only path),,,,,,,,,,,,,,,,phase1:not_attempted_supported_sport
KXUSOPENCUPSCORE,Soccer,US Open Cup,score_props,not_attempted_supported_sport,no independent results adapter for this competition in Phase 1 (game_winner only via Kalshi-only path),,,,,,,,,,,,,,,,phase1:not_attempted_supported_sport
KXSCOCUPBTTS,Soccer,Scottish League Cup,score_props,not_attempted_supported_sport,no independent results adapter for this competition in Phase 1 (game_winner only via Kalshi-only path),,,,,,,,,,,,,,,,phase1:not_attempted_supported_sport
KXSERIECCUPBTTS,Soccer,Coppa Italia Lega Pro,score_props,not_attempted_supported_sport,no independent results adapter for this competition in Phase 1 (game_winner only via Kalshi-only path),,,,,,,,,,,,,,,,phase1:not_attempted_supported_sport
KXKNVBCUPBTTS,Soccer,KNVB,score_props,not_attempted_supported_sport,no independent results adapter for this competition in Phase 1 (game_winner only via Kalshi-only path),,,,,,,,,,,,,,,,phase1:not_attempted_supported_sport
KXWCREGIONKO,Soccer,FIFA World Cup,score_props,not_attempted_supported_sport,no independent results adapter for this competition in Phase 1 (game_winner only via Kalshi-only path),,,,,,,,,,,,,,,,phase1:not_attempted_supported_sport
KXWCHOSTKO,Soccer,FIFA World Cup,score_props,not_attempted_supported_sport,no independent results adapter for this competition in Phase 1 (game_winner only via Kalshi-only path),,,,,,,,,,,,,,,,phase1:not_attempted_supported_sport
KXSVNPLBTTS,Soccer,Slovenian Prva Liga,score_props,not_attempted_supported_sport,no independent results adapter for this competition in Phase 1 (game_winner only via Kalshi-only path),,,,,,,,,,,,,,,,phase1:not_attempted_supported_sport
KXUSLCUPBTTS,Soccer,USL Cup,score_props,not_attempted_supported_sport,no independent results adapter for this competition in Phase 1 (game_winner only via Kalshi-only path),,,,,,,,,,,,,,,,phase1:not_attempted_supported_sport
KXFROPLBTTS,Soccer,Faroe Islands Premier League,score_props,not_attempted_supported_sport,no independent results adapter for this competition in Phase 1 (game_winner only via Kalshi-only path),,,,,,,,,,,,,,,,phase1:not_attempted_supported_sport
KXTACAPORTBTTS,Soccer,Taca de Portugal,score_props,not_attempted_supported_sport,no independent results adapter for this competition in Phase 1 (game_winner only via Kalshi-only path),,,,,,,,,,,,,,,,phase1:not_attempted_supported_sport
KXSGPPLBTTS,Soccer,Singapore Premier League,score_props,not_attempted_supported_sport,no independent results adapter for this competition in Phase 1 (game_winner only via Kalshi-only path),,,,,,,,,,,,,,,,phase1:not_attempted_supported_sport
KXAFCCLFTTS,Soccer,AFC Champions League,score_props,not_attempted_supported_sport,no independent results adapter for this competition in Phase 1 (game_winner only via Kalshi-only path),,,,,,,,,,,,,,,,phase1:not_attempted_supported_sport
KXCOPPAITALIAFTTS,Soccer,Coppa Italia,score_props,not_attempted_supported_sport,no independent results adapter for this competition in Phase 1 (game_winner only via Kalshi-only path),,,,,,,,,,,,,,,,phase1:not_attempted_supported_sport
KXFRASUPERCUPBTTS,Soccer,France Super Cup,score_props,not_attempted_supported_sport,no independent results adapter for this competition in Phase 1 (game_winner only via Kalshi-only path),,,,,,,,,,,,,,,,phase1:not_attempted_supported_sport
KXFRASUPERCUPSCORE,Soccer,France Super Cup,score_props,not_attempted_supported_sport,no independent results adapter for this competition in Phase 1 (game_winner only via Kalshi-only path),,,,,,,,,,,,,,,,phase1:not_attempted_supported_sport
KXUEFASCTCORNERS,Soccer,UEFA Super Cup,score_props,not_attempted_supported_sport,no independent results adapter for this competition in Phase 1 (game_winner only via Kalshi-only path),,,,,,,,,,,,,,,,phase1:not_attempted_supported_sport
KXUELMOV,Soccer,Europa League,score_props,excluded_spec,no payoff parser for suffix 'MOV',,uel,,,,,,,,,,,,,,phase1:excluded_spec
KXDFBPOKALFTTS,Soccer,DFB Pokal,score_props,not_attempted_supported_sport,no independent results adapter for this competition in Phase 1 (game_winner only via Kalshi-only path),,,,,,,,,,,,,,,,phase1:not_attempted_supported_sport
KXCOPADELREYBTTS,Soccer,Copa del Rey,score_props,not_attempted_supported_sport,no independent results adapter for this competition in Phase 1 (game_winner only via Kalshi-only path),,,,,,,,,,,,,,,,phase1:not_attempted_supported_sport
KXMLSASTBTTS,Soccer,MLS All-Star Game,score_props,not_attempted_supported_sport,no independent results adapter for this competition in Phase 1 (game_winner only via Kalshi-only path),,,,,,,,,,,,,,,,phase1:not_attempted_supported_sport
KXCOPADELREYSCORE,Soccer,Copa del Rey,score_props,not_attempted_supported_sport,no independent results adapter for this competition in Phase 1 (game_winner only via Kalshi-only path),,,,,,,,,,,,,,,,phase1:not_attempted_supported_sport
KXUEFASCCORNERS,Soccer,UEFA Super Cup,score_props,not_attempted_supported_sport,no independent results adapter for this competition in Phase 1 (game_winner only via Kalshi-only path),,,,,,,,,,,,,,,,phase1:not_attempted_supported_sport
KXEFLTROPHYBTTS,Soccer,EFL Trophy,score_props,not_attempted_supported_sport,no independent results adapter for this competition in Phase 1 (game_winner only via Kalshi-only path),,,,,,,,,,,,,,,,phase1:not_attempted_supported_sport
KXENGCSFTTS,Soccer,Community Shield,score_props,not_attempted_supported_sport,no independent results adapter for this competition in Phase 1 (game_winner only via Kalshi-only path),,,,,,,,,,,,,,,,phase1:not_attempted_supported_sport
KXUEFASCFTTS,Soccer,UEFA Super Cup,score_props,not_attempted_supported_sport,no independent results adapter for this competition in Phase 1 (game_winner only via Kalshi-only path),,,,,,,,,,,,,,,,phase1:not_attempted_supported_sport
KXEFLCUPFTTS,Soccer,EFL Cup,score_props,not_attempted_supported_sport,no independent results adapter for this competition in Phase 1 (game_winner only via Kalshi-only path),,,,,,,,,,,,,,,,phase1:not_attempted_supported_sport
KXISRPLCUPBTTS,Soccer,Premier League Cup,score_props,not_attempted_supported_sport,no independent results adapter for this competition in Phase 1 (game_winner only via Kalshi-only path),,,,,,,,,,,,,,,,phase1:not_attempted_supported_sport
KXFRASUPERCUPFTTS,Soccer,France Super Cup,score_props,not_attempted_supported_sport,no independent results adapter for this competition in Phase 1 (game_winner only via Kalshi-only path),,,,,,,,,,,,,,,,phase1:not_attempted_supported_sport
KXFROCUPBTTS,Soccer,Faroe Islands Cup,score_props,not_attempted_supported_sport,no independent results adapter for this competition in Phase 1 (game_winner only via Kalshi-only path),,,,,,,,,,,,,,,,phase1:not_attempted_supported_sport
KXFACUPBTTS,Soccer,FA Cup,score_props,not_attempted_supported_sport,no independent results adapter for this competition in Phase 1 (game_winner only via Kalshi-only path),,,,,,,,,,,,,,,,phase1:not_attempted_supported_sport
KXFINCUPBTTS,Soccer,Suomen Cup,score_props,not_attempted_supported_sport,no independent results adapter for this competition in Phase 1 (game_winner only via Kalshi-only path),,,,,,,,,,,,,,,,phase1:not_attempted_supported_sport
KXGERSCFTTS,Soccer,Germany Super Cup,score_props,not_attempted_supported_sport,no independent results adapter for this competition in Phase 1 (game_winner only via Kalshi-only path),,,,,,,,,,,,,,,,phase1:not_attempted_supported_sport
KXAFCACBTTS,Soccer,,score_props,not_attempted_supported_sport,no traded markets,,,,,,,,,,,,,,,,phase1:not_attempted_supported_sport
KXAFCACFTTS,Soccer,,score_props,not_attempted_supported_sport,no traded markets,,,,,,,,,,,,,,,,phase1:not_attempted_supported_sport
KXAFCACMOV,Soccer,,score_props,not_attempted_supported_sport,no traded markets,,,,,,,,,,,,,,,,phase1:not_attempted_supported_sport
KXAFCACSCORE,Soccer,,score_props,not_attempted_supported_sport,no traded markets,,,,,,,,,,,,,,,,phase1:not_attempted_supported_sport
KXAFCCLMOF,Soccer,,score_props,not_attempted_supported_sport,no traded markets,,,,,,,,,,,,,,,,phase1:not_attempted_supported_sport
KXAFCCLMOV,Soccer,,score_props,not_attempted_supported_sport,no traded markets,,,,,,,,,,,,,,,,phase1:not_attempted_supported_sport
KXAFCONFTTS,Soccer,AFCON Qualifiers,score_props,not_attempted_supported_sport,no traded markets,,,,,,,,,,,,,,,,phase1:not_attempted_supported_sport
KXAFCONMOV,Soccer,,score_props,not_attempted_supported_sport,no traded markets,,,,,,,,,,,,,,,,phase1:not_attempted_supported_sport
KXALEAGUEBTTS,Soccer,,score_props,not_attempted_supported_sport,no traded markets,,,,,,,,,,,,,,,,phase1:not_attempted_supported_sport
KXBRASILEIROMOV,Soccer,,score_props,not_attempted_supported_sport,no traded markets,,,,,,,,,,,,,,,,phase1:not_attempted_supported_sport
KXBUNDESLIGACORNERS,Soccer,,score_props,not_attempted_supported_sport,no traded markets,,,,,,,,,,,,,,,,phase1:not_attempted_supported_sport
KXBUNDESLIGAFIRSTGOAL,Soccer,,score_props,not_attempted_supported_sport,no traded markets,,,,,,,,,,,,,,,,phase1:not_attempted_supported_sport
KXBUNDESLIGAMOV,Soccer,,score_props,not_attempted_supported_sport,no traded markets,,,,,,,,,,,,,,,,phase1:not_attempted_supported_sport
KXBUNDESLIGATCORNERS,Soccer,,score_props,not_attempted_supported_sport,no traded markets,,,,,,,,,,,,,,,,phase1:not_attempted_supported_sport
KXCLUBWCBTTS,Soccer,,score_props,not_attempted_supported_sport,no traded markets,,,,,,,,,,,,,,,,phase1:not_attempted_supported_sport
KXCLUBWCFTTS,Soccer,,score_props,not_attempted_supported_sport,no traded markets,,,,,,,,,,,,,,,,phase1:not_attempted_supported_sport
KXCLUBWCMOF,Soccer,,score_props,not_attempted_supported_sport,no traded markets,,,,,,,,,,,,,,,,phase1:not_attempted_supported_sport
KXCLUBWCMOV,Soccer,,score_props,not_attempted_supported_sport,no traded markets,,,,,,,,,,,,,,,,phase1:not_attempted_supported_sport
KXCLUBWCSCORE,Soccer,,score_props,not_attempted_supported_sport,no traded markets,,,,,,,,,,,,,,,,phase1:not_attempted_supported_sport
KXCONCACAFCCUPBTTS,Soccer,,score_props,not_attempted_supported_sport,no traded markets,,,,,,,,,,,,,,,,phase1:not_attempted_supported_sport
KXCOPADELREYFTTS,Soccer,,score_props,not_attempted_supported_sport,no traded markets,,,,,,,,,,,,,,,,phase1:not_attempted_supported_sport
KXCOPADELREYMOF,Soccer,,score_props,not_attempted_supported_sport,no traded markets,,,,,,,,,,,,,,,,phase1:not_attempted_supported_sport
KXCOPADELREYMOV,Soccer,,score_props,not_attempted_supported_sport,no traded markets,,,,,,,,,,,,,,,,phase1:not_attempted_supported_sport
KXCOPPAITALIAMOF,Soccer,,score_props,not_attempted_supported_sport,no traded markets,,,,,,,,,,,,,,,,phase1:not_attempted_supported_sport
KXCOPPAITALIAMOV,Soccer,,score_props,not_attempted_supported_sport,no traded markets,,,,,,,,,,,,,,,,phase1:not_attempted_supported_sport
KXCOUPEDEFRANCEBTTS,Soccer,,score_props,not_attempted_supported_sport,no traded markets,,,,,,,,,,,,,,,,phase1:not_attempted_supported_sport
KXCOUPEDEFRANCEFTTS,Soccer,,score_props,not_attempted_supported_sport,no traded markets,,,,,,,,,,,,,,,,phase1:not_attempted_supported_sport
KXCOUPEDEFRANCEMOF,Soccer,,score_props,not_attempted_supported_sport,no traded markets,,,,,,,,,,,,,,,,phase1:not_attempted_supported_sport
KXCOUPEDEFRANCEMOV,Soccer,,score_props,not_attempted_supported_sport,no traded markets,,,,,,,,,,,,,,,,phase1:not_attempted_supported_sport
KXCOUPEDEFRANCESCORE,Soccer,,score_props,not_attempted_supported_sport,no traded markets,,,,,,,,,,,,,,,,phase1:not_attempted_supported_sport
KXDFBPOKALMOF,Soccer,,score_props,not_attempted_supported_sport,no traded markets,,,,,,,,,,,,,,,,phase1:not_attempted_supported_sport
KXDFBPOKALMOV,Soccer,,score_props,not_attempted_supported_sport,no traded markets,,,,,,,,,,,,,,,,phase1:not_attempted_supported_sport
KXEFLCUPMOF,Soccer,,score_props,not_attempted_supported_sport,no traded markets,,,,,,,,,,,,,,,,phase1:not_attempted_supported_sport
KXEFLCUPMOV,Soccer,,score_props,not_attempted_supported_sport,no traded markets,,,,,,,,,,,,,,,,phase1:not_attempted_supported_sport
KXENGCSCORNERS,Soccer,,score_props,not_attempted_supported_sport,no traded markets,,,,,,,,,,,,,,,,phase1:not_attempted_supported_sport
KXENGCSTCORNERS,Soccer,,score_props,not_attempted_supported_sport,no traded markets,,,,,,,,,,,,,,,,phase1:not_attempted_supported_sport
KXESPSUPERCUPBTTS,Soccer,,score_props,not_attempted_supported_sport,no traded markets,,,,,,,,,,,,,,,,phase1:not_attempted_supported_sport
KXESPSUPERCUPFTTS,Soccer,,score_props,not_attempted_supported_sport,no traded markets,,,,,,,,,,,,,,,,phase1:not_attempted_supported_sport
KXESPSUPERCUPMOF,Soccer,,score_props,not_attempted_supported_sport,no traded markets,,,,,,,,,,,,,,,,phase1:not_attempted_supported_sport
KXESPSUPERCUPMOV,Soccer,,score_props,not_attempted_supported_sport,no traded markets,,,,,,,,,,,,,,,,phase1:not_attempted_supported_sport
KXESPSUPERCUPSCORE,Soccer,,score_props,not_attempted_supported_sport,no traded markets,,,,,,,,,,,,,,,,phase1:not_attempted_supported_sport
KXFACUPFTTS,Soccer,,score_props,not_attempted_supported_sport,no traded markets,,,,,,,,,,,,,,,,phase1:not_attempted_supported_sport
KXFACUPMOF,Soccer,,score_props,not_attempted_supported_sport,no traded markets,,,,,,,,,,,,,,,,phase1:not_attempted_supported_sport
KXFACUPMOV,Soccer,,score_props,not_attempted_supported_sport,no traded markets,,,,,,,,,,,,,,,,phase1:not_attempted_supported_sport
KXFACUPSCORE,Soccer,,score_props,not_attempted_supported_sport,no traded markets,,,,,,,,,,,,,,,,phase1:not_attempted_supported_sport
KXFIFAWBTTS,Soccer,,score_props,not_attempted_supported_sport,no traded markets,,,,,,,,,,,,,,,,phase1:not_attempted_supported_sport
KXFINALISSIMABTTS,Soccer,,score_props,not_attempted_supported_sport,no traded markets,,,,,,,,,,,,,,,,phase1:not_attempted_supported_sport
KXFINALISSIMAFTTS,Soccer,,score_props,not_attempted_supported_sport,no traded markets,,,,,,,,,,,,,,,,phase1:not_attempted_supported_sport
KXFINALISSIMAMOV,Soccer,,score_props,not_attempted_supported_sport,no traded markets,,,,,,,,,,,,,,,,phase1:not_attempted_supported_sport
KXFINALISSIMASCORE,Soccer,,score_props,not_attempted_supported_sport,no traded markets,,,,,,,,,,,,,,,,phase1:not_attempted_supported_sport
KXFRASUPERCUPMOF,Soccer,,score_props,not_attempted_supported_sport,no traded markets,,,,,,,,,,,,,,,,phase1:not_attempted_supported_sport
KXFRASUPERCUPMOV,Soccer,,score_props,not_attempted_supported_sport,no traded markets,,,,,,,,,,,,,,,,phase1:not_attempted_supported_sport
KXISRNLCUPBTTS,Soccer,,score_props,not_attempted_supported_sport,no traded markets,,,,,,,,,,,,,,,,phase1:not_attempted_supported_sport
KXISRSCUPBTTS,Soccer,,score_props,not_attempted_supported_sport,no traded markets,,,,,,,,,,,,,,,,phase1:not_attempted_supported_sport
KXISRSUPCUPBTTS,Soccer,,score_props,not_attempted_supported_sport,no traded markets,,,,,,,,,,,,,,,,phase1:not_attempted_supported_sport
KXITASUPERCUPBTTS,Soccer,,score_props,not_attempted_supported_sport,no traded markets,,,,,,,,,,,,,,,,phase1:not_attempted_supported_sport
KXITASUPERCUPFTTS,Soccer,,score_props,not_attempted_supported_sport,no traded markets,,,,,,,,,,,,,,,,phase1:not_attempted_supported_sport
KXITASUPERCUPMOF,Soccer,,score_props,not_attempted_supported_sport,no traded markets,,,,,,,,,,,,,,,,phase1:not_attempted_supported_sport
KXITASUPERCUPMOV,Soccer,,score_props,not_attempted_supported_sport,no traded markets,,,,,,,,,,,,,,,,phase1:not_attempted_supported_sport
KXITASUPERCUPSCORE,Soccer,,score_props,not_attempted_supported_sport,no traded markets,,,,,,,,,,,,,,,,phase1:not_attempted_supported_sport
KXLALIGAMOV,Soccer,,score_props,not_attempted_supported_sport,no traded markets,,,,,,,,,,,,,,,,phase1:not_attempted_supported_sport
KXLIGAMXCORNERS,Soccer,,score_props,not_attempted_supported_sport,no traded markets,,,,,,,,,,,,,,,,phase1:not_attempted_supported_sport
KXLIGAMXFIRSTGOAL,Soccer,,score_props,not_attempted_supported_sport,no traded markets,,,,,,,,,,,,,,,,phase1:not_attempted_supported_sport
KXLIGAMXMOV,Soccer,,score_props,not_attempted_supported_sport,no traded markets,,,,,,,,,,,,,,,,phase1:not_attempted_supported_sport
KXLIGAMXTCORNERS,Soccer,,score_props,not_attempted_supported_sport,no traded markets,,,,,,,,,,,,,,,,phase1:not_attempted_supported_sport
KXLIGUE1CORNERS,Soccer,,score_props,not_attempted_supported_sport,no traded markets,,,,,,,,,,,,,,,,phase1:not_attempted_supported_sport
KXLIGUE1FIRSTGOAL,Soccer,,score_props,not_attempted_supported_sport,no traded markets,,,,,,,,,,,,,,,,phase1:not_attempted_supported_sport
KXLIGUE1MOV,Soccer,,score_props,not_attempted_supported_sport,no traded markets,,,,,,,,,,,,,,,,phase1:not_attempted_supported_sport
KXLIGUE1TCORNERS,Soccer,,score_props,not_attempted_supported_sport,no traded markets,,,,,,,,,,,,,,,,phase1:not_attempted_supported_sport
KXMLSCORNERS,Soccer,,score_props,not_attempted_supported_sport,no traded markets,,,,,,,,,,,,,,,,phase1:not_attempted_supported_sport
KXMLSFIRSTGOAL,Soccer,,score_props,not_attempted_supported_sport,no traded markets,,,,,,,,,,,,,,,,phase1:not_attempted_supported_sport
KXMLSMOV,Soccer,,score_props,not_attempted_supported_sport,no traded markets,,,,,,,,,,,,,,,,phase1:not_attempted_supported_sport
KXMLSTCORNERS,Soccer,,score_props,not_attempted_supported_sport,no traded markets,,,,,,,,,,,,,,,,phase1:not_attempted_supported_sport
KXPERLIGA1BBTTS,Soccer,,score_props,not_attempted_supported_sport,no traded markets,,,,,,,,,,,,,,,,phase1:not_attempted_supported_sport
KXSERIEACORNERS,Soccer,,score_props,not_attempted_supported_sport,no traded markets,,,,,,,,,,,,,,,,phase1:not_attempted_supported_sport
KXSERIEAFIRSTGOAL,Soccer,,score_props,not_attempted_supported_sport,no traded markets,,,,,,,,,,,,,,,,phase1:not_attempted_supported_sport
KXSERIEAMOV,Soccer,,score_props,not_attempted_supported_sport,no traded markets,,,,,,,,,,,,,,,,phase1:not_attempted_supported_sport
KXSERIEATCORNERS,Soccer,,score_props,not_attempted_supported_sport,no traded markets,,,,,,,,,,,,,,,,phase1:not_attempted_supported_sport
KXSERIECSCUPBTTS,Soccer,,score_props,not_attempted_supported_sport,no traded markets,,,,,,,,,,,,,,,,phase1:not_attempted_supported_sport
KXSOCCERBTTS,Soccer,,score_props,not_attempted_supported_sport,no traded markets,,,,,,,,,,,,,,,,phase1:not_attempted_supported_sport
KXSRBCUPBTTS,Soccer,,score_props,not_attempted_supported_sport,no traded markets,,,,,,,,,,,,,,,,phase1:not_attempted_supported_sport
KXSVNCUPBTTS,Soccer,,score_props,not_attempted_supported_sport,no traded markets,,,,,,,,,,,,,,,,phase1:not_attempted_supported_sport
KXUECLMOF,Soccer,,score_props,not_attempted_supported_sport,no traded markets,,,,,,,,,,,,,,,,phase1:not_attempted_supported_sport
KXUECLMOV,Soccer,,score_props,not_attempted_supported_sport,no traded markets,,,,,,,,,,,,,,,,phase1:not_attempted_supported_sport
KXUEFANLMOV,Soccer,,score_props,not_attempted_supported_sport,no traded markets,,,,,,,,,,,,,,,,phase1:not_attempted_supported_sport
KXUEFASCMOV,Soccer,,score_props,not_attempted_supported_sport,no traded markets,,,,,,,,,,,,,,,,phase1:not_attempted_supported_sport
KXUELMOF,Soccer,,score_props,not_attempted_supported_sport,no traded markets,,,,,,,,,,,,,,,,phase1:not_attempted_supported_sport
KXURYPDBBTTS,Soccer,,score_props,not_attempted_supported_sport,no traded markets,,,,,,,,,,,,,,,,phase1:not_attempted_supported_sport
KXUSOPENCUPFTTS,Soccer,,score_props,not_attempted_supported_sport,no traded markets,,,,,,,,,,,,,,,,phase1:not_attempted_supported_sport
KXUSOPENCUPMOF,Soccer,,score_props,not_attempted_supported_sport,no traded markets,,,,,,,,,,,,,,,,phase1:not_attempted_supported_sport
KXUSOPENCUPMOV,Soccer,,score_props,not_attempted_supported_sport,no traded markets,,,,,,,,,,,,,,,,phase1:not_attempted_supported_sport
KXWCTTSF,Soccer,,score_props,not_attempted_supported_sport,no traded markets,,,,,,,,,,,,,,,,phase1:not_attempted_supported_sport
KXWCWINMARGIN,Soccer,,score_props,not_attempted_supported_sport,no traded markets,,,,,,,,,,,,,,,,phase1:not_attempted_supported_sport
KXWCGROUPBOTTOM,Soccer,FIFA World Cup,season_wins,not_attempted_supported_sport,season totals: one outcome per team-season; prospective capture required,,,,,,,,,,,,,,,,phase1:not_attempted_supported_sport
KXWINSTREAKMANU,Soccer,EPL,season_wins,not_attempted_supported_sport,season totals: one outcome per team-season; prospective capture required,,,,,,,,,,,,,,,,phase1:not_attempted_supported_sport
KXWCGOALSTREAK,Soccer,FIFA World Cup,season_wins,not_attempted_supported_sport,season totals: one outcome per team-season; prospective capture required,,,,,,,,,,,,,,,,phase1:not_attempted_supported_sport
KXWC1H,Soccer,FIFA World Cup,segment,not_attempted_supported_sport,no independent results adapter for this competition in Phase 1 (game_winner only via Kalshi-only path),,,,,,,,,,,,,,,,phase1:not_attempted_supported_sport
KXWC1HTOTAL,Soccer,FIFA World Cup,segment,not_attempted_supported_sport,no independent results adapter for this competition in Phase 1 (game_winner only via Kalshi-only path),,,,,,,,,,,,,,,,phase1:not_attempted_supported_sport
KXWC1HSCORE,Soccer,FIFA World Cup,segment,not_attempted_supported_sport,no independent results adapter for this competition in Phase 1 (game_winner only via Kalshi-only path),,,,,,,,,,,,,,,,phase1:not_attempted_supported_sport
KXWC2H,Soccer,FIFA World Cup,segment,not_attempted_supported_sport,no independent results adapter for this competition in Phase 1 (game_winner only via Kalshi-only path),,,,,,,,,,,,,,,,phase1:not_attempted_supported_sport
KXWC1HSPREAD,Soccer,FIFA World Cup,segment,not_attempted_supported_sport,no independent results adapter for this competition in Phase 1 (game_winner only via Kalshi-only path),,,,,,,,,,,,,,,,phase1:not_attempted_supported_sport
KXWC1HBTTS,Soccer,FIFA World Cup,segment,not_attempted_supported_sport,no independent results adapter for this competition in Phase 1 (game_winner only via Kalshi-only path),,,,,,,,,,,,,,,,phase1:not_attempted_supported_sport
KXWC2HTOTAL,Soccer,FIFA World Cup,segment,not_attempted_supported_sport,no independent results adapter for this competition in Phase 1 (game_winner only via Kalshi-only path),,,,,,,,,,,,,,,,phase1:not_attempted_supported_sport
KXWC2HBTTS,Soccer,FIFA World Cup,segment,not_attempted_supported_sport,no independent results adapter for this competition in Phase 1 (game_winner only via Kalshi-only path),,,,,,,,,,,,,,,,phase1:not_attempted_supported_sport
KXWC2HSPREAD,Soccer,FIFA World Cup,segment,not_attempted_supported_sport,no independent results adapter for this competition in Phase 1 (game_winner only via Kalshi-only path),,,,,,,,,,,,,,,,phase1:not_attempted_supported_sport
KXLALIGA1H,Soccer,La Liga,segment,exploratory_evaluated,only 0 pre-test settled contracts (< 30),exploratory,laliga,segment,0,0,0,unavailable: training support below threshold,unavailable: segment markets (quarters/halves/innings): no new historical quotes by scope decision,0,0,0,0,0,0,1656,calibration_unavailable+blend_unavailable
KXUEFANL1HTOTAL,Soccer,UEFA Nations League,segment,not_attempted_supported_sport,no independent results adapter for this competition in Phase 1 (game_winner only via Kalshi-only path),,,,,,,,,,,,,,,,phase1:not_attempted_supported_sport
KXMLS1HTOTAL,Soccer,MLS,segment,exploratory_evaluated,only 0 pre-test settled contracts (< 30),exploratory,mls,segment,0,0,0,unavailable: training support below threshold,unavailable: segment markets (quarters/halves/innings): no new historical quotes by scope decision,0,0,0,0,0,0,2394,calibration_unavailable+blend_unavailable
KXUCL1H,Soccer,Champions League,segment,exploratory_evaluated,only 0 pre-test settled contracts (< 30),exploratory,ucl,segment,0,0,0,unavailable: training support below threshold,unavailable: segment markets (quarters/halves/innings): no new historical quotes by scope decision,0,0,0,0,0,0,207,calibration_unavailable+blend_unavailable
KXEPL1H,Soccer,EPL,segment,exploratory_evaluated,only 0 pre-test settled contracts (< 30),exploratory,epl,segment,0,0,0,unavailable: training support below threshold,unavailable: segment markets (quarters/halves/innings): no new historical quotes by scope decision,0,0,0,0,0,0,1261,calibration_unavailable+blend_unavailable
KXLALIGA1HTOTAL,Soccer,La Liga,segment,exploratory_evaluated,only 0 pre-test settled contracts (< 30),exploratory,laliga,segment,0,0,0,unavailable: training support below threshold,unavailable: segment markets (quarters/halves/innings): no new historical quotes by scope decision,0,0,0,0,0,0,1656,calibration_unavailable+blend_unavailable
KXMLS1H,Soccer,MLS,segment,exploratory_evaluated,only 0 pre-test settled contracts (< 30),exploratory,mls,segment,0,0,0,unavailable: training support below threshold,unavailable: segment markets (quarters/halves/innings): no new historical quotes by scope decision,0,0,0,0,0,0,2394,calibration_unavailable+blend_unavailable
KXLIGAMX1HTOTAL,Soccer,Liga MX,segment,exploratory_evaluated,only 0 pre-test settled contracts (< 30),exploratory,ligamx,segment,0,0,0,unavailable: training support below threshold,unavailable: segment markets (quarters/halves/innings): no new historical quotes by scope decision,0,0,0,0,0,0,1136,calibration_unavailable+blend_unavailable
KXLEAGUESCUP1HTOTAL,Soccer,Leagues Cup,segment,not_attempted_supported_sport,no independent results adapter for this competition in Phase 1 (game_winner only via Kalshi-only path),,,,,,,,,,,,,,,,phase1:not_attempted_supported_sport
KXUCL1HTOTAL,Soccer,Champions League,segment,exploratory_evaluated,only 0 pre-test settled contracts (< 30),exploratory,ucl,segment,0,0,0,unavailable: training support below threshold,unavailable: segment markets (quarters/halves/innings): no new historical quotes by scope decision,0,0,0,0,0,0,207,calibration_unavailable+blend_unavailable
KXUEFANL1H,Soccer,UEFA Nations League,segment,not_attempted_supported_sport,no independent results adapter for this competition in Phase 1 (game_winner only via Kalshi-only path),,,,,,,,,,,,,,,,phase1:not_attempted_supported_sport
KXLIGAMX1H,Soccer,Liga MX,segment,exploratory_evaluated,only 0 pre-test settled contracts (< 30),exploratory,ligamx,segment,0,0,0,unavailable: training support below threshold,unavailable: segment markets (quarters/halves/innings): no new historical quotes by scope decision,0,0,0,0,0,0,1136,calibration_unavailable+blend_unavailable
KXLEAGUESCUP1H,Soccer,Leagues Cup,segment,not_attempted_supported_sport,no independent results adapter for this competition in Phase 1 (game_winner only via Kalshi-only path),,,,,,,,,,,,,,,,phase1:not_attempted_supported_sport
KXEPL1HTOTAL,Soccer,EPL,segment,exploratory_evaluated,only 0 pre-test settled contracts (< 30),exploratory,epl,segment,0,0,0,unavailable: training support below threshold,unavailable: segment markets (quarters/halves/innings): no new historical quotes by scope decision,0,0,0,0,0,0,1261,calibration_unavailable+blend_unavailable
KXBRASILEIROB1HTOTAL,Soccer,Brasileiro Serie B,segment,not_attempted_supported_sport,no independent results adapter for this competition in Phase 1 (game_winner only via Kalshi-only path),,,,,,,,,,,,,,,,phase1:not_attempted_supported_sport
KXCONCACAFNL1HTOTAL,Soccer,CONCACAF Nations League,segment,not_attempted_supported_sport,no independent results adapter for this competition in Phase 1 (game_winner only via Kalshi-only path),,,,,,,,,,,,,,,,phase1:not_attempted_supported_sport
KXINTLFRIENDLY1HTOTAL,Soccer,Intl Friendlies,segment,not_attempted_supported_sport,no independent results adapter for this competition in Phase 1 (game_winner only via Kalshi-only path),,,,,,,,,,,,,,,,phase1:not_attempted_supported_sport
KXBRASILEIRO1HTOTAL,Soccer,Brasileiro Serie A,segment,exploratory_evaluated,only 0 pre-test settled contracts (< 30),exploratory,brasileiro,segment,0,0,0,unavailable: training support below threshold,unavailable: segment markets (quarters/halves/innings): no new historical quotes by scope decision,0,0,0,0,0,0,918,calibration_unavailable+blend_unavailable
KXSERIEA1H,Soccer,Serie A,segment,exploratory_evaluated,only 0 pre-test settled contracts (< 30),exploratory,seriea,segment,0,0,0,unavailable: training support below threshold,unavailable: segment markets (quarters/halves/innings): no new historical quotes by scope decision,0,0,0,0,0,0,1220,calibration_unavailable+blend_unavailable
KXUECL1HTOTAL,Soccer,Conference League,segment,excluded_no_reconciled_contracts,no settled contracts with a resolved independent outcome,,uecl,segment,0,0,0,,,0,0,0,0,0,0,15,phase1:excluded_no_reconciled_contracts
KXINTLFRIENDLY1H,Soccer,Intl Friendlies,segment,not_attempted_supported_sport,no independent results adapter for this competition in Phase 1 (game_winner only via Kalshi-only path),,,,,,,,,,,,,,,,phase1:not_attempted_supported_sport
KXSERIEA1HTOTAL,Soccer,Serie A,segment,exploratory_evaluated,only 0 pre-test settled contracts (< 30),exploratory,seriea,segment,0,0,0,unavailable: training support below threshold,unavailable: segment markets (quarters/halves/innings): no new historical quotes by scope decision,0,0,0,0,0,0,1220,calibration_unavailable+blend_unavailable
KXUEL1HTOTAL,Soccer,Europa League,segment,exploratory_evaluated,only 0 pre-test settled contracts (< 30),exploratory,uel,segment,0,0,0,unavailable: training support below threshold,unavailable: segment markets (quarters/halves/innings): no new historical quotes by scope decision,0,0,0,0,0,0,24,calibration_unavailable+blend_unavailable
KXBRASILEIROB1H,Soccer,Brasileiro Serie B,segment,not_attempted_supported_sport,no independent results adapter for this competition in Phase 1 (game_winner only via Kalshi-only path),,,,,,,,,,,,,,,,phase1:not_attempted_supported_sport
KXLALIGA1HSPREAD,Soccer,La Liga,segment,exploratory_evaluated,only 0 pre-test settled contracts (< 30),exploratory,laliga,segment,0,0,0,unavailable: training support below threshold,unavailable: segment markets (quarters/halves/innings): no new historical quotes by scope decision,0,0,0,0,0,0,1656,calibration_unavailable+blend_unavailable
KXBUNDESLIGA1HTOTAL,Soccer,Bundesliga,segment,exploratory_evaluated,only 0 pre-test settled contracts (< 30),exploratory,bundesliga,segment,0,0,0,unavailable: training support below threshold,unavailable: segment markets (quarters/halves/innings): no new historical quotes by scope decision,0,0,0,0,0,0,885,calibration_unavailable+blend_unavailable
KXBUNDESLIGA1H,Soccer,Bundesliga,segment,exploratory_evaluated,only 0 pre-test settled contracts (< 30),exploratory,bundesliga,segment,0,0,0,unavailable: training support below threshold,unavailable: segment markets (quarters/halves/innings): no new historical quotes by scope decision,0,0,0,0,0,0,885,calibration_unavailable+blend_unavailable
KXSAUDIPL1HTOTAL,Soccer,Saudi Pro League,segment,exploratory_evaluated,only 0 pre-test settled contracts (< 30),exploratory,saudi,segment,0,0,0,unavailable: training support below threshold,unavailable: segment markets (quarters/halves/innings): no new historical quotes by scope decision,0,0,0,0,0,0,567,calibration_unavailable+blend_unavailable
KXBRASILEIRO1H,Soccer,Brasileiro Serie A,segment,exploratory_evaluated,only 0 pre-test settled contracts (< 30),exploratory,brasileiro,segment,0,0,0,unavailable: training support below threshold,unavailable: segment markets (quarters/halves/innings): no new historical quotes by scope decision,0,0,0,0,0,0,918,calibration_unavailable+blend_unavailable
KXCONCACAFNL1H,Soccer,CONCACAF Nations League,segment,not_attempted_supported_sport,no independent results adapter for this competition in Phase 1 (game_winner only via Kalshi-only path),,,,,,,,,,,,,,,,phase1:not_attempted_supported_sport
KXEFLCUP1HTOTAL,Soccer,EFL Cup,segment,not_attempted_supported_sport,no independent results adapter for this competition in Phase 1 (game_winner only via Kalshi-only path),,,,,,,,,,,,,,,,phase1:not_attempted_supported_sport
KXCONMEBOLSUD1HTOTAL,Soccer,CONMEBOL Sudamericana,segment,not_attempted_supported_sport,no independent results adapter for this competition in Phase 1 (game_winner only via Kalshi-only path),,,,,,,,,,,,,,,,phase1:not_attempted_supported_sport
KXEREDIVISIE1HTOTAL,Soccer,Eredivisie,segment,exploratory_evaluated,only 0 pre-test settled contracts (< 30),exploratory,eredivisie,segment,0,0,0,unavailable: training support below threshold,unavailable: segment markets (quarters/halves/innings): no new historical quotes by scope decision,0,0,0,0,0,0,558,calibration_unavailable+blend_unavailable
KXUEFANL1HSPREAD,Soccer,UEFA Nations League,segment,not_attempted_supported_sport,no independent results adapter for this competition in Phase 1 (game_winner only via Kalshi-only path),,,,,,,,,,,,,,,,phase1:not_attempted_supported_sport
KXUECL1H,Soccer,Conference League,segment,exploratory_evaluated,only 0 pre-test settled contracts (< 30),exploratory,uecl,segment,0,0,0,unavailable: training support below threshold,unavailable: segment markets (quarters/halves/innings): no new historical quotes by scope decision,0,0,0,0,0,0,15,calibration_unavailable+blend_unavailable
KXLIGUE11HTOTAL,Soccer,Ligue 1,segment,exploratory_evaluated,only 0 pre-test settled contracts (< 30),exploratory,ligue1,segment,0,0,0,unavailable: training support below threshold,unavailable: segment markets (quarters/halves/innings): no new historical quotes by scope decision,0,0,0,0,0,0,1008,calibration_unavailable+blend_unavailable
KXEFLCUP1H,Soccer,EFL Cup,segment,not_attempted_supported_sport,no independent results adapter for this competition in Phase 1 (game_winner only via Kalshi-only path),,,,,,,,,,,,,,,,phase1:not_attempted_supported_sport
KXEFLCHAMPIONSHIP1HTOTAL,Soccer,EFL Championship,segment,exploratory_evaluated,only 0 pre-test settled contracts (< 30),exploratory,eflc,segment,0,0,0,unavailable: training support below threshold,unavailable: segment markets (quarters/halves/innings): no new historical quotes by scope decision,0,0,0,0,0,0,855,calibration_unavailable+blend_unavailable
KXCONMEBOLSUD1H,Soccer,CONMEBOL Sudamericana,segment,not_attempted_supported_sport,no independent results adapter for this competition in Phase 1 (game_winner only via Kalshi-only path),,,,,,,,,,,,,,,,phase1:not_attempted_supported_sport
KXLIGAMX1HSPREAD,Soccer,Liga MX,segment,exploratory_evaluated,only 0 pre-test settled contracts (< 30),exploratory,ligamx,segment,0,0,0,unavailable: training support below threshold,unavailable: segment markets (quarters/halves/innings): no new historical quotes by scope decision,0,0,0,0,0,0,1136,calibration_unavailable+blend_unavailable
KXAFCON1HTOTAL,Soccer,AFCON Qualifiers,segment,not_attempted_supported_sport,no independent results adapter for this competition in Phase 1 (game_winner only via Kalshi-only path),,,,,,,,,,,,,,,,phase1:not_attempted_supported_sport
KXSAUDIPL1H,Soccer,Saudi Pro League,segment,exploratory_evaluated,only 0 pre-test settled contracts (< 30),exploratory,saudi,segment,0,0,0,unavailable: training support below threshold,unavailable: segment markets (quarters/halves/innings): no new historical quotes by scope decision,0,0,0,0,0,0,567,calibration_unavailable+blend_unavailable
KXUEL1H,Soccer,Europa League,segment,exploratory_evaluated,only 0 pre-test settled contracts (< 30),exploratory,uel,segment,0,0,0,unavailable: training support below threshold,unavailable: segment markets (quarters/halves/innings): no new historical quotes by scope decision,0,0,0,0,0,0,24,calibration_unavailable+blend_unavailable
KXLIGUE11H,Soccer,Ligue 1,segment,exploratory_evaluated,only 0 pre-test settled contracts (< 30),exploratory,ligue1,segment,0,0,0,unavailable: training support below threshold,unavailable: segment markets (quarters/halves/innings): no new historical quotes by scope decision,0,0,0,0,0,0,1008,calibration_unavailable+blend_unavailable
KXCOPADOBRASIL1HTOTAL,Soccer,Copa do Brasil,segment,not_attempted_supported_sport,no independent results adapter for this competition in Phase 1 (game_winner only via Kalshi-only path),,,,,,,,,,,,,,,,phase1:not_attempted_supported_sport
KXLIGAEXP1HTOTAL,Soccer,Liga de Expansion MX,segment,not_attempted_supported_sport,no independent results adapter for this competition in Phase 1 (game_winner only via Kalshi-only path),,,,,,,,,,,,,,,,phase1:not_attempted_supported_sport
KXUCL1HSPREAD,Soccer,Champions League,segment,exploratory_evaluated,only 0 pre-test settled contracts (< 30),exploratory,ucl,segment,0,0,0,unavailable: training support below threshold,unavailable: segment markets (quarters/halves/innings): no new historical quotes by scope decision,0,0,0,0,0,0,207,calibration_unavailable+blend_unavailable
KXLIGAPORTUGAL1HTOTAL,Soccer,Liga Portugal,segment,exploratory_evaluated,only 0 pre-test settled contracts (< 30),exploratory,ligaportugal,segment,0,0,0,unavailable: training support below threshold,unavailable: segment markets (quarters/halves/innings): no new historical quotes by scope decision,0,0,0,0,0,0,558,calibration_unavailable+blend_unavailable
KXCONMEBOLLIB1HTOTAL,Soccer,CONMEBOL Libertadores,segment,not_attempted_supported_sport,no independent results adapter for this competition in Phase 1 (game_winner only via Kalshi-only path),,,,,,,,,,,,,,,,phase1:not_attempted_supported_sport
KXINTLFRIENDLY1HSPREAD,Soccer,Intl Friendlies,segment,not_attempted_supported_sport,no independent results adapter for this competition in Phase 1 (game_winner only via Kalshi-only path),,,,,,,,,,,,,,,,phase1:not_attempted_supported_sport
KXEPL1HSPREAD,Soccer,EPL,segment,exploratory_evaluated,only 0 pre-test settled contracts (< 30),exploratory,epl,segment,0,0,0,unavailable: training support below threshold,unavailable: segment markets (quarters/halves/innings): no new historical quotes by scope decision,0,0,0,0,0,0,1261,calibration_unavailable+blend_unavailable
KXLALIGA2H,Soccer,La Liga,segment,exploratory_evaluated,only 0 pre-test settled contracts (< 30),exploratory,laliga,segment,0,0,0,unavailable: training support below threshold,unavailable: segment markets (quarters/halves/innings): no new historical quotes by scope decision,0,0,0,0,0,0,1656,calibration_unavailable+blend_unavailable
KXLALIGA1HSCORE,Soccer,La Liga,segment,excluded_spec,no payoff parser for suffix '1HSCORE',,laliga,,,,,,,,,,,,,,phase1:excluded_spec
KXJLEAGUE1HTOTAL,Soccer,Japan J1 League,segment,not_attempted_supported_sport,no independent results adapter for this competition in Phase 1 (game_winner only via Kalshi-only path),,,,,,,,,,,,,,,,phase1:not_attempted_supported_sport
KXUSL1H,Soccer,USL Championship,segment,not_attempted_supported_sport,no independent results adapter for this competition in Phase 1 (game_winner only via Kalshi-only path),,,,,,,,,,,,,,,,phase1:not_attempted_supported_sport
KXMLS1HSPREAD,Soccer,MLS,segment,exploratory_evaluated,only 0 pre-test settled contracts (< 30),exploratory,mls,segment,0,0,0,unavailable: training support below threshold,unavailable: segment markets (quarters/halves/innings): no new historical quotes by scope decision,0,0,0,0,0,0,2394,calibration_unavailable+blend_unavailable
KXLEAGUESCUP1HSPREAD,Soccer,Leagues Cup,segment,not_attempted_supported_sport,no independent results adapter for this competition in Phase 1 (game_winner only via Kalshi-only path),,,,,,,,,,,,,,,,phase1:not_attempted_supported_sport
KXEREDIVISIE1H,Soccer,Eredivisie,segment,exploratory_evaluated,only 0 pre-test settled contracts (< 30),exploratory,eredivisie,segment,0,0,0,unavailable: training support below threshold,unavailable: segment markets (quarters/halves/innings): no new historical quotes by scope decision,0,0,0,0,0,0,558,calibration_unavailable+blend_unavailable
KXUEFANL1HBTTS,Soccer,UEFA Nations League,segment,not_attempted_supported_sport,no independent results adapter for this competition in Phase 1 (game_winner only via Kalshi-only path),,,,,,,,,,,,,,,,phase1:not_attempted_supported_sport
KXUSL1HTOTAL,Soccer,USL Championship,segment,not_attempted_supported_sport,no independent results adapter for this competition in Phase 1 (game_winner only via Kalshi-only path),,,,,,,,,,,,,,,,phase1:not_attempted_supported_sport
KXAFCON1H,Soccer,AFCON Qualifiers,segment,not_attempted_supported_sport,no independent results adapter for this competition in Phase 1 (game_winner only via Kalshi-only path),,,,,,,,,,,,,,,,phase1:not_attempted_supported_sport
KXCONMEBOLLIB1H,Soccer,CONMEBOL Libertadores,segment,not_attempted_supported_sport,no independent results adapter for this competition in Phase 1 (game_winner only via Kalshi-only path),,,,,,,,,,,,,,,,phase1:not_attempted_supported_sport
KXCOPADOBRASIL1H,Soccer,Copa do Brasil,segment,not_attempted_supported_sport,no independent results adapter for this competition in Phase 1 (game_winner only via Kalshi-only path),,,,,,,,,,,,,,,,phase1:not_attempted_supported_sport
KXJLEAGUE1H,Soccer,Japan J1 League,segment,not_attempted_supported_sport,no independent results adapter for this competition in Phase 1 (game_winner only via Kalshi-only path),,,,,,,,,,,,,,,,phase1:not_attempted_supported_sport
KXLIGAPORTUGAL1H,Soccer,Liga Portugal,segment,exploratory_evaluated,only 0 pre-test settled contracts (< 30),exploratory,ligaportugal,segment,0,0,0,unavailable: training support below threshold,unavailable: segment markets (quarters/halves/innings): no new historical quotes by scope decision,0,0,0,0,0,0,558,calibration_unavailable+blend_unavailable
KXEFLCHAMPIONSHIP1H,Soccer,EFL Championship,segment,exploratory_evaluated,only 0 pre-test settled contracts (< 30),exploratory,eflc,segment,0,0,0,unavailable: training support below threshold,unavailable: segment markets (quarters/halves/innings): no new historical quotes by scope decision,0,0,0,0,0,0,855,calibration_unavailable+blend_unavailable
KXLIGAMX1HBTTS,Soccer,Liga MX,segment,exploratory_evaluated,only 0 pre-test settled contracts (< 30),exploratory,ligamx,segment,0,0,0,unavailable: training support below threshold,unavailable: segment markets (quarters/halves/innings): no new historical quotes by scope decision,0,0,0,0,0,0,1136,calibration_unavailable+blend_unavailable
KXLIGAEXP1H,Soccer,Liga de Expansion MX,segment,not_attempted_supported_sport,no independent results adapter for this competition in Phase 1 (game_winner only via Kalshi-only path),,,,,,,,,,,,,,,,phase1:not_attempted_supported_sport
KXUCL1HBTTS,Soccer,Champions League,segment,exploratory_evaluated,only 0 pre-test settled contracts (< 30),exploratory,ucl,segment,0,0,0,unavailable: training support below threshold,unavailable: segment markets (quarters/halves/innings): no new historical quotes by scope decision,0,0,0,0,0,0,207,calibration_unavailable+blend_unavailable
KXCOPPAITALIA1HTOTAL,Soccer,Coppa Italia,segment,not_attempted_supported_sport,no independent results adapter for this competition in Phase 1 (game_winner only via Kalshi-only path),,,,,,,,,,,,,,,,phase1:not_attempted_supported_sport
KXKLEAGUE1H,Soccer,Korea K League 1,segment,not_attempted_supported_sport,no independent results adapter for this competition in Phase 1 (game_winner only via Kalshi-only path),,,,,,,,,,,,,,,,phase1:not_attempted_supported_sport
KXKLEAGUE1HTOTAL,Soccer,Korea K League 1,segment,not_attempted_supported_sport,no independent results adapter for this competition in Phase 1 (game_winner only via Kalshi-only path),,,,,,,,,,,,,,,,phase1:not_attempted_supported_sport
KXSCOTTISHPREM1HTOTAL,Soccer,Scottish Premiership,segment,not_attempted_supported_sport,no independent results adapter for this competition in Phase 1 (game_winner only via Kalshi-only path),,,,,,,,,,,,,,,,phase1:not_attempted_supported_sport
KXLEAGUESCUP1HBTTS,Soccer,Leagues Cup,segment,not_attempted_supported_sport,no independent results adapter for this competition in Phase 1 (game_winner only via Kalshi-only path),,,,,,,,,,,,,,,,phase1:not_attempted_supported_sport
KXLALIGA1HBTTS,Soccer,La Liga,segment,exploratory_evaluated,only 0 pre-test settled contracts (< 30),exploratory,laliga,segment,0,0,0,unavailable: training support below threshold,unavailable: segment markets (quarters/halves/innings): no new historical quotes by scope decision,0,0,0,0,0,0,1656,calibration_unavailable+blend_unavailable
KXCONCACAFNL1HSPREAD,Soccer,CONCACAF Nations League,segment,not_attempted_supported_sport,no independent results adapter for this competition in Phase 1 (game_winner only via Kalshi-only path),,,,,,,,,,,,,,,,phase1:not_attempted_supported_sport
KXAFCCL1HTOTAL,Soccer,AFC Champions League,segment,not_attempted_supported_sport,no independent results adapter for this competition in Phase 1 (game_winner only via Kalshi-only path),,,,,,,,,,,,,,,,phase1:not_attempted_supported_sport
KXMLS1HBTTS,Soccer,MLS,segment,exploratory_evaluated,only 0 pre-test settled contracts (< 30),exploratory,mls,segment,0,0,0,unavailable: training support below threshold,unavailable: segment markets (quarters/halves/innings): no new historical quotes by scope decision,0,0,0,0,0,0,2394,calibration_unavailable+blend_unavailable
KXEFLL11H,Soccer,EFL League One,segment,not_attempted_supported_sport,no independent results adapter for this competition in Phase 1 (game_winner only via Kalshi-only path),,,,,,,,,,,,,,,,phase1:not_attempted_supported_sport
KXEPL1HSCORE,Soccer,EPL,segment,excluded_spec,no payoff parser for suffix '1HSCORE',,epl,,,,,,,,,,,,,,phase1:excluded_spec
KXSCOTTISHPREM1H,Soccer,Scottish Premiership,segment,not_attempted_supported_sport,no independent results adapter for this competition in Phase 1 (game_winner only via Kalshi-only path),,,,,,,,,,,,,,,,phase1:not_attempted_supported_sport
KXINTLFRIENDLY1HBTTS,Soccer,Intl Friendlies,segment,not_attempted_supported_sport,no independent results adapter for this competition in Phase 1 (game_winner only via Kalshi-only path),,,,,,,,,,,,,,,,phase1:not_attempted_supported_sport
KXCOPPAITALIA1H,Soccer,Coppa Italia,segment,not_attempted_supported_sport,no independent results adapter for this competition in Phase 1 (game_winner only via Kalshi-only path),,,,,,,,,,,,,,,,phase1:not_attempted_supported_sport
KXBRASILEIROC1H,Soccer,Brasileiro Serie C,segment,not_attempted_supported_sport,no independent results adapter for this competition in Phase 1 (game_winner only via Kalshi-only path),,,,,,,,,,,,,,,,phase1:not_attempted_supported_sport
KXBRASILEIROC1HTOTAL,Soccer,Brasileiro Serie C,segment,not_attempted_supported_sport,no independent results adapter for this competition in Phase 1 (game_winner only via Kalshi-only path),,,,,,,,,,,,,,,,phase1:not_attempted_supported_sport
KXEPL1HBTTS,Soccer,EPL,segment,exploratory_evaluated,only 0 pre-test settled contracts (< 30),exploratory,epl,segment,0,0,0,unavailable: training support below threshold,unavailable: segment markets (quarters/halves/innings): no new historical quotes by scope decision,0,0,0,0,0,0,1261,calibration_unavailable+blend_unavailable
KXMLS2H,Soccer,MLS,segment,exploratory_evaluated,only 0 pre-test settled contracts (< 30),exploratory,mls,segment,0,0,0,unavailable: training support below threshold,unavailable: segment markets (quarters/halves/innings): no new historical quotes by scope decision,0,0,0,0,0,0,2394,calibration_unavailable+blend_unavailable
KXBUNDESLIGA1HSPREAD,Soccer,Bundesliga,segment,exploratory_evaluated,only 0 pre-test settled contracts (< 30),exploratory,bundesliga,segment,0,0,0,unavailable: training support below threshold,unavailable: segment markets (quarters/halves/innings): no new historical quotes by scope decision,0,0,0,0,0,0,885,calibration_unavailable+blend_unavailable
KXEPL2H,Soccer,EPL,segment,exploratory_evaluated,only 0 pre-test settled contracts (< 30),exploratory,epl,segment,0,0,0,unavailable: training support below threshold,unavailable: segment markets (quarters/halves/innings): no new historical quotes by scope decision,0,0,0,0,0,0,1261,calibration_unavailable+blend_unavailable
KXLIGAMX2H,Soccer,Liga MX,segment,exploratory_evaluated,only 0 pre-test settled contracts (< 30),exploratory,ligamx,segment,0,0,0,unavailable: training support below threshold,unavailable: segment markets (quarters/halves/innings): no new historical quotes by scope decision,0,0,0,0,0,0,1136,calibration_unavailable+blend_unavailable
KXBRASILEIROB1HBTTS,Soccer,Brasileiro Serie B,segment,not_attempted_supported_sport,no independent results adapter for this competition in Phase 1 (game_winner only via Kalshi-only path),,,,,,,,,,,,,,,,phase1:not_attempted_supported_sport
KXEFLL11HTOTAL,Soccer,EFL League One,segment,not_attempted_supported_sport,no independent results adapter for this competition in Phase 1 (game_winner only via Kalshi-only path),,,,,,,,,,,,,,,,phase1:not_attempted_supported_sport
KXLALIGA2HTOTAL,Soccer,La Liga,segment,exploratory_evaluated,only 0 pre-test settled contracts (< 30),exploratory,laliga,segment,0,0,0,unavailable: training support below threshold,unavailable: segment markets (quarters/halves/innings): no new historical quotes by scope decision,0,0,0,0,0,0,1656,calibration_unavailable+blend_unavailable
KXBRASILEIRO1HSPREAD,Soccer,Brasileiro Serie A,segment,exploratory_evaluated,only 0 pre-test settled contracts (< 30),exploratory,brasileiro,segment,0,0,0,unavailable: training support below threshold,unavailable: segment markets (quarters/halves/innings): no new historical quotes by scope decision,0,0,0,0,0,0,918,calibration_unavailable+blend_unavailable
KXSERIEA1HSPREAD,Soccer,Serie A,segment,exploratory_evaluated,only 0 pre-test settled contracts (< 30),exploratory,seriea,segment,0,0,0,unavailable: training support below threshold,unavailable: segment markets (quarters/halves/innings): no new historical quotes by scope decision,0,0,0,0,0,0,1220,calibration_unavailable+blend_unavailable
KXBRASILEIROB1HSPREAD,Soccer,Brasileiro Serie B,segment,not_attempted_supported_sport,no independent results adapter for this competition in Phase 1 (game_winner only via Kalshi-only path),,,,,,,,,,,,,,,,phase1:not_attempted_supported_sport
KXLALIGA2HSPREAD,Soccer,La Liga,segment,exploratory_evaluated,only 0 pre-test settled contracts (< 30),exploratory,laliga,segment,0,0,0,unavailable: training support below threshold,unavailable: segment markets (quarters/halves/innings): no new historical quotes by scope decision,0,0,0,0,0,0,1656,calibration_unavailable+blend_unavailable
KXCONCACAFNL1HBTTS,Soccer,CONCACAF Nations League,segment,not_attempted_supported_sport,no independent results adapter for this competition in Phase 1 (game_winner only via Kalshi-only path),,,,,,,,,,,,,,,,phase1:not_attempted_supported_sport
KXAFCCL1H,Soccer,AFC Champions League,segment,not_attempted_supported_sport,no independent results adapter for this competition in Phase 1 (game_winner only via Kalshi-only path),,,,,,,,,,,,,,,,phase1:not_attempted_supported_sport
KXMLS1HSCORE,Soccer,MLS,segment,excluded_spec,no payoff parser for suffix '1HSCORE',,mls,,,,,,,,,,,,,,phase1:excluded_spec
KXDFBPOKAL1HTOTAL,Soccer,DFB Pokal,segment,not_attempted_supported_sport,no independent results adapter for this competition in Phase 1 (game_winner only via Kalshi-only path),,,,,,,,,,,,,,,,phase1:not_attempted_supported_sport
KXDFBPOKAL1H,Soccer,DFB Pokal,segment,not_attempted_supported_sport,no independent results adapter for this competition in Phase 1 (game_winner only via Kalshi-only path),,,,,,,,,,,,,,,,phase1:not_attempted_supported_sport
KXBRASILEIRO1HBTTS,Soccer,Brasileiro Serie A,segment,exploratory_evaluated,only 0 pre-test settled contracts (< 30),exploratory,brasileiro,segment,0,0,0,unavailable: training support below threshold,unavailable: segment markets (quarters/halves/innings): no new historical quotes by scope decision,0,0,0,0,0,0,918,calibration_unavailable+blend_unavailable
KXUEL1HSPREAD,Soccer,Europa League,segment,exploratory_evaluated,only 0 pre-test settled contracts (< 30),exploratory,uel,segment,0,0,0,unavailable: training support below threshold,unavailable: segment markets (quarters/halves/innings): no new historical quotes by scope decision,0,0,0,0,0,0,24,calibration_unavailable+blend_unavailable
KXUECL1HBTTS,Soccer,Conference League,segment,excluded_no_reconciled_contracts,no settled contracts with a resolved independent outcome,,uecl,segment,0,0,0,,,0,0,0,0,0,0,15,phase1:excluded_no_reconciled_contracts
KXLIGAMX1HSCORE,Soccer,Liga MX,segment,excluded_spec,no payoff parser for suffix '1HSCORE',,ligamx,,,,,,,,,,,,,,phase1:excluded_spec
KXSAUDIPL1HSPREAD,Soccer,Saudi Pro League,segment,exploratory_evaluated,only 0 pre-test settled contracts (< 30),exploratory,saudi,segment,0,0,0,unavailable: training support below threshold,unavailable: segment markets (quarters/halves/innings): no new historical quotes by scope decision,0,0,0,0,0,0,567,calibration_unavailable+blend_unavailable
KXLIGUE11HSPREAD,Soccer,Ligue 1,segment,exploratory_evaluated,only 0 pre-test settled contracts (< 30),exploratory,ligue1,segment,0,0,0,unavailable: training support below threshold,unavailable: segment markets (quarters/halves/innings): no new historical quotes by scope decision,0,0,0,0,0,0,1008,calibration_unavailable+blend_unavailable
KXBUNDESLIGA2H,Soccer,Bundesliga,segment,exploratory_evaluated,only 0 pre-test settled contracts (< 30),exploratory,bundesliga,segment,0,0,0,unavailable: training support below threshold,unavailable: segment markets (quarters/halves/innings): no new historical quotes by scope decision,0,0,0,0,0,0,885,calibration_unavailable+blend_unavailable
KXUECL1HSPREAD,Soccer,Conference League,segment,excluded_no_reconciled_contracts,no settled contracts with a resolved independent outcome,,uecl,segment,0,0,0,,,0,0,0,0,0,0,15,phase1:excluded_no_reconciled_contracts
KXLIGUE12H,Soccer,Ligue 1,segment,exploratory_evaluated,only 0 pre-test settled contracts (< 30),exploratory,ligue1,segment,0,0,0,unavailable: training support below threshold,unavailable: segment markets (quarters/halves/innings): no new historical quotes by scope decision,0,0,0,0,0,0,1008,calibration_unavailable+blend_unavailable
KXSERIEA2H,Soccer,Serie A,segment,exploratory_evaluated,only 0 pre-test settled contracts (< 30),exploratory,seriea,segment,0,0,0,unavailable: training support below threshold,unavailable: segment markets (quarters/halves/innings): no new historical quotes by scope decision,0,0,0,0,0,0,1220,calibration_unavailable+blend_unavailable
KXEFLCUP1HSPREAD,Soccer,EFL Cup,segment,not_attempted_supported_sport,no independent results adapter for this competition in Phase 1 (game_winner only via Kalshi-only path),,,,,,,,,,,,,,,,phase1:not_attempted_supported_sport
KXBUNDESLIGA1HSCORE,Soccer,Bundesliga,segment,excluded_spec,no payoff parser for suffix '1HSCORE',,bundesliga,,,,,,,,,,,,,,phase1:excluded_spec
KXSERIEA1HBTTS,Soccer,Serie A,segment,exploratory_evaluated,only 0 pre-test settled contracts (< 30),exploratory,seriea,segment,0,0,0,unavailable: training support below threshold,unavailable: segment markets (quarters/halves/innings): no new historical quotes by scope decision,0,0,0,0,0,0,1220,calibration_unavailable+blend_unavailable
KXEPL2HTOTAL,Soccer,EPL,segment,exploratory_evaluated,only 0 pre-test settled contracts (< 30),exploratory,epl,segment,0,0,0,unavailable: training support below threshold,unavailable: segment markets (quarters/halves/innings): no new historical quotes by scope decision,0,0,0,0,0,0,1261,calibration_unavailable+blend_unavailable
KXAFCON1HSPREAD,Soccer,AFCON Qualifiers,segment,not_attempted_supported_sport,no independent results adapter for this competition in Phase 1 (game_winner only via Kalshi-only path),,,,,,,,,,,,,,,,phase1:not_attempted_supported_sport
KXEFLCHAMPIONSHIP1HSPREAD,Soccer,EFL Championship,segment,exploratory_evaluated,only 0 pre-test settled contracts (< 30),exploratory,eflc,segment,0,0,0,unavailable: training support below threshold,unavailable: segment markets (quarters/halves/innings): no new historical quotes by scope decision,0,0,0,0,0,0,855,calibration_unavailable+blend_unavailable
KXUCL2H,Soccer,Champions League,segment,exploratory_evaluated,only 0 pre-test settled contracts (< 30),exploratory,ucl,segment,0,0,0,unavailable: training support below threshold,unavailable: segment markets (quarters/halves/innings): no new historical quotes by scope decision,0,0,0,0,0,0,207,calibration_unavailable+blend_unavailable
KXUEFASC1H,Soccer,UEFA Super Cup,segment,not_attempted_supported_sport,no independent results adapter for this competition in Phase 1 (game_winner only via Kalshi-only path),,,,,,,,,,,,,,,,phase1:not_attempted_supported_sport
KXUEL1HBTTS,Soccer,Europa League,segment,exploratory_evaluated,only 0 pre-test settled contracts (< 30),exploratory,uel,segment,0,0,0,unavailable: training support below threshold,unavailable: segment markets (quarters/halves/innings): no new historical quotes by scope decision,0,0,0,0,0,0,24,calibration_unavailable+blend_unavailable
KXUEFASC1HTOTAL,Soccer,UEFA Super Cup,segment,not_attempted_supported_sport,no independent results adapter for this competition in Phase 1 (game_winner only via Kalshi-only path),,,,,,,,,,,,,,,,phase1:not_attempted_supported_sport
KXCONMEBOLSUD1HSPREAD,Soccer,CONMEBOL Sudamericana,segment,not_attempted_supported_sport,no independent results adapter for this competition in Phase 1 (game_winner only via Kalshi-only path),,,,,,,,,,,,,,,,phase1:not_attempted_supported_sport
KXLALIGA2HBTTS,Soccer,La Liga,segment,excluded_spec,no payoff parser for suffix '2HBTTS',,laliga,,,,,,,,,,,,,,phase1:excluded_spec
KXCONMEBOLSUD1HBTTS,Soccer,CONMEBOL Sudamericana,segment,not_attempted_supported_sport,no independent results adapter for this competition in Phase 1 (game_winner only via Kalshi-only path),,,,,,,,,,,,,,,,phase1:not_attempted_supported_sport
KXTACAPORT1H,Soccer,Taca de Portugal,segment,not_attempted_supported_sport,no independent results adapter for this competition in Phase 1 (game_winner only via Kalshi-only path),,,,,,,,,,,,,,,,phase1:not_attempted_supported_sport
KXEREDIVISIE1HSPREAD,Soccer,Eredivisie,segment,exploratory_evaluated,only 0 pre-test settled contracts (< 30),exploratory,eredivisie,segment,0,0,0,unavailable: training support below threshold,unavailable: segment markets (quarters/halves/innings): no new historical quotes by scope decision,0,0,0,0,0,0,558,calibration_unavailable+blend_unavailable
KXJLEAGUE1HBTTS,Soccer,Japan J1 League,segment,not_attempted_supported_sport,no independent results adapter for this competition in Phase 1 (game_winner only via Kalshi-only path),,,,,,,,,,,,,,,,phase1:not_attempted_supported_sport
KXSERIEA1HSCORE,Soccer,Serie A,segment,excluded_spec,no payoff parser for suffix '1HSCORE',,seriea,,,,,,,,,,,,,,phase1:excluded_spec
KXKLEAGUE1HBTTS,Soccer,Korea K League 1,segment,not_attempted_supported_sport,no independent results adapter for this competition in Phase 1 (game_winner only via Kalshi-only path),,,,,,,,,,,,,,,,phase1:not_attempted_supported_sport
KXUCL2HTOTAL,Soccer,Champions League,segment,exploratory_evaluated,only 0 pre-test settled contracts (< 30),exploratory,ucl,segment,0,0,0,unavailable: training support below threshold,unavailable: segment markets (quarters/halves/innings): no new historical quotes by scope decision,0,0,0,0,0,0,207,calibration_unavailable+blend_unavailable
KXLIGAPORTUGAL1HSPREAD,Soccer,Liga Portugal,segment,exploratory_evaluated,only 0 pre-test settled contracts (< 30),exploratory,ligaportugal,segment,0,0,0,unavailable: training support below threshold,unavailable: segment markets (quarters/halves/innings): no new historical quotes by scope decision,0,0,0,0,0,0,558,calibration_unavailable+blend_unavailable
KXEFLCUP1HBTTS,Soccer,EFL Cup,segment,not_attempted_supported_sport,no independent results adapter for this competition in Phase 1 (game_winner only via Kalshi-only path),,,,,,,,,,,,,,,,phase1:not_attempted_supported_sport
KXGERSC1HTOTAL,Soccer,Germany Super Cup,segment,not_attempted_supported_sport,no independent results adapter for this competition in Phase 1 (game_winner only via Kalshi-only path),,,,,,,,,,,,,,,,phase1:not_attempted_supported_sport
KXJLEAGUE1HSPREAD,Soccer,Japan J1 League,segment,not_attempted_supported_sport,no independent results adapter for this competition in Phase 1 (game_winner only via Kalshi-only path),,,,,,,,,,,,,,,,phase1:not_attempted_supported_sport
KXCONMEBOLLIB1HBTTS,Soccer,CONMEBOL Libertadores,segment,not_attempted_supported_sport,no independent results adapter for this competition in Phase 1 (game_winner only via Kalshi-only path),,,,,,,,,,,,,,,,phase1:not_attempted_supported_sport
KXSAUDIPL1HBTTS,Soccer,Saudi Pro League,segment,exploratory_evaluated,only 0 pre-test settled contracts (< 30),exploratory,saudi,segment,0,0,0,unavailable: training support below threshold,unavailable: segment markets (quarters/halves/innings): no new historical quotes by scope decision,0,0,0,0,0,0,567,calibration_unavailable+blend_unavailable
KXEREDIVISIE1HBTTS,Soccer,Eredivisie,segment,exploratory_evaluated,only 0 pre-test settled contracts (< 30),exploratory,eredivisie,segment,0,0,0,unavailable: training support below threshold,unavailable: segment markets (quarters/halves/innings): no new historical quotes by scope decision,0,0,0,0,0,0,558,calibration_unavailable+blend_unavailable
KXCOPADOBRASIL1HBTTS,Soccer,Copa do Brasil,segment,not_attempted_supported_sport,no independent results adapter for this competition in Phase 1 (game_winner only via Kalshi-only path),,,,,,,,,,,,,,,,phase1:not_attempted_supported_sport
KXENGCS1HTOTAL,Soccer,Community Shield,segment,not_attempted_supported_sport,no independent results adapter for this competition in Phase 1 (game_winner only via Kalshi-only path),,,,,,,,,,,,,,,,phase1:not_attempted_supported_sport
KXAFCON1HBTTS,Soccer,AFCON Qualifiers,segment,not_attempted_supported_sport,no independent results adapter for this competition in Phase 1 (game_winner only via Kalshi-only path),,,,,,,,,,,,,,,,phase1:not_attempted_supported_sport
KXBUNDESLIGA1HBTTS,Soccer,Bundesliga,segment,exploratory_evaluated,only 0 pre-test settled contracts (< 30),exploratory,bundesliga,segment,0,0,0,unavailable: training support below threshold,unavailable: segment markets (quarters/halves/innings): no new historical quotes by scope decision,0,0,0,0,0,0,885,calibration_unavailable+blend_unavailable
KXLIGUE11HBTTS,Soccer,Ligue 1,segment,exploratory_evaluated,only 0 pre-test settled contracts (< 30),exploratory,ligue1,segment,0,0,0,unavailable: training support below threshold,unavailable: segment markets (quarters/halves/innings): no new historical quotes by scope decision,0,0,0,0,0,0,1008,calibration_unavailable+blend_unavailable
KXCONMEBOLLIB1HSPREAD,Soccer,CONMEBOL Libertadores,segment,not_attempted_supported_sport,no independent results adapter for this competition in Phase 1 (game_winner only via Kalshi-only path),,,,,,,,,,,,,,,,phase1:not_attempted_supported_sport
KXUSOPENCUP1HTOTAL,Soccer,US Open Cup,segment,not_attempted_supported_sport,no independent results adapter for this competition in Phase 1 (game_winner only via Kalshi-only path),,,,,,,,,,,,,,,,phase1:not_attempted_supported_sport
KXGERSC1H,Soccer,Germany Super Cup,segment,not_attempted_supported_sport,no independent results adapter for this competition in Phase 1 (game_winner only via Kalshi-only path),,,,,,,,,,,,,,,,phase1:not_attempted_supported_sport
KXLIGUE11HSCORE,Soccer,Ligue 1,segment,excluded_spec,no payoff parser for suffix '1HSCORE',,ligue1,,,,,,,,,,,,,,phase1:excluded_spec
KXEPL2HSPREAD,Soccer,EPL,segment,exploratory_evaluated,only 0 pre-test settled contracts (< 30),exploratory,epl,segment,0,0,0,unavailable: training support below threshold,unavailable: segment markets (quarters/halves/innings): no new historical quotes by scope decision,0,0,0,0,0,0,1261,calibration_unavailable+blend_unavailable
KXEPL2HBTTS,Soccer,EPL,segment,excluded_spec,no payoff parser for suffix '2HBTTS',,epl,,,,,,,,,,,,,,phase1:excluded_spec
KXCOPADOBRASIL1HSPREAD,Soccer,Copa do Brasil,segment,not_attempted_supported_sport,no independent results adapter for this competition in Phase 1 (game_winner only via Kalshi-only path),,,,,,,,,,,,,,,,phase1:not_attempted_supported_sport
KXLIGAEXP1HSPREAD,Soccer,Liga de Expansion MX,segment,not_attempted_supported_sport,no independent results adapter for this competition in Phase 1 (game_winner only via Kalshi-only path),,,,,,,,,,,,,,,,phase1:not_attempted_supported_sport
KXEFLCHAMPIONSHIP1HBTTS,Soccer,EFL Championship,segment,exploratory_evaluated,only 0 pre-test settled contracts (< 30),exploratory,eflc,segment,0,0,0,unavailable: training support below threshold,unavailable: segment markets (quarters/halves/innings): no new historical quotes by scope decision,0,0,0,0,0,0,855,calibration_unavailable+blend_unavailable
KXENGCS1H,Soccer,Community Shield,segment,not_attempted_supported_sport,no independent results adapter for this competition in Phase 1 (game_winner only via Kalshi-only path),,,,,,,,,,,,,,,,phase1:not_attempted_supported_sport
KXLIGAEXP1HBTTS,Soccer,Liga de Expansion MX,segment,not_attempted_supported_sport,no independent results adapter for this competition in Phase 1 (game_winner only via Kalshi-only path),,,,,,,,,,,,,,,,phase1:not_attempted_supported_sport
KXMLS2HTOTAL,Soccer,MLS,segment,exploratory_evaluated,only 0 pre-test settled contracts (< 30),exploratory,mls,segment,0,0,0,unavailable: training support below threshold,unavailable: segment markets (quarters/halves/innings): no new historical quotes by scope decision,0,0,0,0,0,0,2394,calibration_unavailable+blend_unavailable
KXUSL1HBTTS,Soccer,USL Championship,segment,not_attempted_supported_sport,no independent results adapter for this competition in Phase 1 (game_winner only via Kalshi-only path),,,,,,,,,,,,,,,,phase1:not_attempted_supported_sport
KXUCL2HBTTS,Soccer,Champions League,segment,excluded_spec,no payoff parser for suffix '2HBTTS',,ucl,,,,,,,,,,,,,,phase1:excluded_spec
KXLIGAMX2HTOTAL,Soccer,Liga MX,segment,exploratory_evaluated,only 0 pre-test settled contracts (< 30),exploratory,ligamx,segment,0,0,0,unavailable: training support below threshold,unavailable: segment markets (quarters/halves/innings): no new historical quotes by scope decision,0,0,0,0,0,0,1136,calibration_unavailable+blend_unavailable
KXAFCCL1HSPREAD,Soccer,AFC Champions League,segment,not_attempted_supported_sport,no independent results adapter for this competition in Phase 1 (game_winner only via Kalshi-only path),,,,,,,,,,,,,,,,phase1:not_attempted_supported_sport
KXDFBPOKAL1HSPREAD,Soccer,DFB Pokal,segment,not_attempted_supported_sport,no independent results adapter for this competition in Phase 1 (game_winner only via Kalshi-only path),,,,,,,,,,,,,,,,phase1:not_attempted_supported_sport
KXUCL2HSPREAD,Soccer,Champions League,segment,exploratory_evaluated,only 0 pre-test settled contracts (< 30),exploratory,ucl,segment,0,0,0,unavailable: training support below threshold,unavailable: segment markets (quarters/halves/innings): no new historical quotes by scope decision,0,0,0,0,0,0,207,calibration_unavailable+blend_unavailable
KXLIGAMX2HSPREAD,Soccer,Liga MX,segment,exploratory_evaluated,only 0 pre-test settled contracts (< 30),exploratory,ligamx,segment,0,0,0,unavailable: training support below threshold,unavailable: segment markets (quarters/halves/innings): no new historical quotes by scope decision,0,0,0,0,0,0,1136,calibration_unavailable+blend_unavailable
KXSCOTTISHPREM1HSPREAD,Soccer,Scottish Premiership,segment,not_attempted_supported_sport,no independent results adapter for this competition in Phase 1 (game_winner only via Kalshi-only path),,,,,,,,,,,,,,,,phase1:not_attempted_supported_sport
KXLIGAPORTUGAL1HBTTS,Soccer,Liga Portugal,segment,exploratory_evaluated,only 0 pre-test settled contracts (< 30),exploratory,ligaportugal,segment,0,0,0,unavailable: training support below threshold,unavailable: segment markets (quarters/halves/innings): no new historical quotes by scope decision,0,0,0,0,0,0,558,calibration_unavailable+blend_unavailable
KXKLEAGUE1HSPREAD,Soccer,Korea K League 1,segment,not_attempted_supported_sport,no independent results adapter for this competition in Phase 1 (game_winner only via Kalshi-only path),,,,,,,,,,,,,,,,phase1:not_attempted_supported_sport
KXEFLL11HSPREAD,Soccer,EFL League One,segment,not_attempted_supported_sport,no independent results adapter for this competition in Phase 1 (game_winner only via Kalshi-only path),,,,,,,,,,,,,,,,phase1:not_attempted_supported_sport
KXCOPPAITALIA1HBTTS,Soccer,Coppa Italia,segment,not_attempted_supported_sport,no independent results adapter for this competition in Phase 1 (game_winner only via Kalshi-only path),,,,,,,,,,,,,,,,phase1:not_attempted_supported_sport
KXUCL1HSCORE,Soccer,Champions League,segment,excluded_spec,no payoff parser for suffix '1HSCORE',,ucl,,,,,,,,,,,,,,phase1:excluded_spec
KXUSOPENCUP1H,Soccer,US Open Cup,segment,not_attempted_supported_sport,no independent results adapter for this competition in Phase 1 (game_winner only via Kalshi-only path),,,,,,,,,,,,,,,,phase1:not_attempted_supported_sport
KXSERIEA2HTOTAL,Soccer,Serie A,segment,exploratory_evaluated,only 0 pre-test settled contracts (< 30),exploratory,seriea,segment,0,0,0,unavailable: training support below threshold,unavailable: segment markets (quarters/halves/innings): no new historical quotes by scope decision,0,0,0,0,0,0,1220,calibration_unavailable+blend_unavailable
KXUSL1HSPREAD,Soccer,USL Championship,segment,not_attempted_supported_sport,no independent results adapter for this competition in Phase 1 (game_winner only via Kalshi-only path),,,,,,,,,,,,,,,,phase1:not_attempted_supported_sport
KXBUNDESLIGA2HTOTAL,Soccer,Bundesliga,segment,exploratory_evaluated,only 0 pre-test settled contracts (< 30),exploratory,bundesliga,segment,0,0,0,unavailable: training support below threshold,unavailable: segment markets (quarters/halves/innings): no new historical quotes by scope decision,0,0,0,0,0,0,885,calibration_unavailable+blend_unavailable
KXBUNDESLIGA2HSPREAD,Soccer,Bundesliga,segment,exploratory_evaluated,only 0 pre-test settled contracts (< 30),exploratory,bundesliga,segment,0,0,0,unavailable: training support below threshold,unavailable: segment markets (quarters/halves/innings): no new historical quotes by scope decision,0,0,0,0,0,0,885,calibration_unavailable+blend_unavailable
KXUSLCUP1H,Soccer,USL Cup,segment,not_attempted_supported_sport,no independent results adapter for this competition in Phase 1 (game_winner only via Kalshi-only path),,,,,,,,,,,,,,,,phase1:not_attempted_supported_sport
KXMLS2HBTTS,Soccer,MLS,segment,excluded_spec,no payoff parser for suffix '2HBTTS',,mls,,,,,,,,,,,,,,phase1:excluded_spec
KXMLS2HSPREAD,Soccer,MLS,segment,exploratory_evaluated,only 0 pre-test settled contracts (< 30),exploratory,mls,segment,0,0,0,unavailable: training support below threshold,unavailable: segment markets (quarters/halves/innings): no new historical quotes by scope decision,0,0,0,0,0,0,2394,calibration_unavailable+blend_unavailable
KXCOPADELREY1H,Soccer,Copa del Rey,segment,not_attempted_supported_sport,no independent results adapter for this competition in Phase 1 (game_winner only via Kalshi-only path),,,,,,,,,,,,,,,,phase1:not_attempted_supported_sport
KXUEFASC1HBTTS,Soccer,UEFA Super Cup,segment,not_attempted_supported_sport,no independent results adapter for this competition in Phase 1 (game_winner only via Kalshi-only path),,,,,,,,,,,,,,,,phase1:not_attempted_supported_sport
KXLIGAMX2HBTTS,Soccer,Liga MX,segment,excluded_spec,no payoff parser for suffix '2HBTTS',,ligamx,,,,,,,,,,,,,,phase1:excluded_spec
KXSERIEA2HBTTS,Soccer,Serie A,segment,excluded_spec,no payoff parser for suffix '2HBTTS',,seriea,,,,,,,,,,,,,,phase1:excluded_spec
KXLIGUE12HTOTAL,Soccer,Ligue 1,segment,exploratory_evaluated,only 0 pre-test settled contracts (< 30),exploratory,ligue1,segment,0,0,0,unavailable: training support below threshold,unavailable: segment markets (quarters/halves/innings): no new historical quotes by scope decision,0,0,0,0,0,0,1008,calibration_unavailable+blend_unavailable
KXUEFASC1HSPREAD,Soccer,UEFA Super Cup,segment,not_attempted_supported_sport,no independent results adapter for this competition in Phase 1 (game_winner only via Kalshi-only path),,,,,,,,,,,,,,,,phase1:not_attempted_supported_sport
KXBRASILEIROC1HSPREAD,Soccer,Brasileiro Serie C,segment,not_attempted_supported_sport,no independent results adapter for this competition in Phase 1 (game_winner only via Kalshi-only path),,,,,,,,,,,,,,,,phase1:not_attempted_supported_sport
KXSCOTTISHPREM1HBTTS,Soccer,Scottish Premiership,segment,not_attempted_supported_sport,no independent results adapter for this competition in Phase 1 (game_winner only via Kalshi-only path),,,,,,,,,,,,,,,,phase1:not_attempted_supported_sport
KXCOPPAITALIA1HSPREAD,Soccer,Coppa Italia,segment,not_attempted_supported_sport,no independent results adapter for this competition in Phase 1 (game_winner only via Kalshi-only path),,,,,,,,,,,,,,,,phase1:not_attempted_supported_sport
KXBRASILEIROC1HBTTS,Soccer,Brasileiro Serie C,segment,not_attempted_supported_sport,no independent results adapter for this competition in Phase 1 (game_winner only via Kalshi-only path),,,,,,,,,,,,,,,,phase1:not_attempted_supported_sport
KXAFCCL1HBTTS,Soccer,AFC Champions League,segment,not_attempted_supported_sport,no independent results adapter for this competition in Phase 1 (game_winner only via Kalshi-only path),,,,,,,,,,,,,,,,phase1:not_attempted_supported_sport
KXFRASUPERCUP1HTOTAL,Soccer,France Super Cup,segment,not_attempted_supported_sport,no independent results adapter for this competition in Phase 1 (game_winner only via Kalshi-only path),,,,,,,,,,,,,,,,phase1:not_attempted_supported_sport
KXEFLL11HBTTS,Soccer,EFL League One,segment,not_attempted_supported_sport,no independent results adapter for this competition in Phase 1 (game_winner only via Kalshi-only path),,,,,,,,,,,,,,,,phase1:not_attempted_supported_sport
KXFACUP1H,Soccer,FA Cup,segment,not_attempted_supported_sport,no independent results adapter for this competition in Phase 1 (game_winner only via Kalshi-only path),,,,,,,,,,,,,,,,phase1:not_attempted_supported_sport
KXFRASUPERCUP1H,Soccer,France Super Cup,segment,not_attempted_supported_sport,no independent results adapter for this competition in Phase 1 (game_winner only via Kalshi-only path),,,,,,,,,,,,,,,,phase1:not_attempted_supported_sport
KXBUNDESLIGA2HBTTS,Soccer,Bundesliga,segment,excluded_spec,no payoff parser for suffix '2HBTTS',,bundesliga,,,,,,,,,,,,,,phase1:excluded_spec
KXENGCS1HBTTS,Soccer,Community Shield,segment,not_attempted_supported_sport,no independent results adapter for this competition in Phase 1 (game_winner only via Kalshi-only path),,,,,,,,,,,,,,,,phase1:not_attempted_supported_sport
KXLIGUE12HBTTS,Soccer,Ligue 1,segment,excluded_spec,no payoff parser for suffix '2HBTTS',,ligue1,,,,,,,,,,,,,,phase1:excluded_spec
KXUSLCUP1HTOTAL,Soccer,USL Cup,segment,not_attempted_supported_sport,no independent results adapter for this competition in Phase 1 (game_winner only via Kalshi-only path),,,,,,,,,,,,,,,,phase1:not_attempted_supported_sport
KXTACAPORT1HTOTAL,Soccer,Taca de Portugal,segment,not_attempted_supported_sport,no independent results adapter for this competition in Phase 1 (game_winner only via Kalshi-only path),,,,,,,,,,,,,,,,phase1:not_attempted_supported_sport
KXUEFASC2HBTTS,Soccer,UEFA Super Cup,segment,not_attempted_supported_sport,no independent results adapter for this competition in Phase 1 (game_winner only via Kalshi-only path),,,,,,,,,,,,,,,,phase1:not_attempted_supported_sport
KXLIGUE12HSPREAD,Soccer,Ligue 1,segment,exploratory_evaluated,only 0 pre-test settled contracts (< 30),exploratory,ligue1,segment,0,0,0,unavailable: training support below threshold,unavailable: segment markets (quarters/halves/innings): no new historical quotes by scope decision,0,0,0,0,0,0,1008,calibration_unavailable+blend_unavailable
KXUEFASC2HTOTAL,Soccer,UEFA Super Cup,segment,not_attempted_supported_sport,no independent results adapter for this competition in Phase 1 (game_winner only via Kalshi-only path),,,,,,,,,,,,,,,,phase1:not_attempted_supported_sport
KXDFBPOKAL1HBTTS,Soccer,DFB Pokal,segment,not_attempted_supported_sport,no independent results adapter for this competition in Phase 1 (game_winner only via Kalshi-only path),,,,,,,,,,,,,,,,phase1:not_attempted_supported_sport
KXENGCS1HSPREAD,Soccer,Community Shield,segment,not_attempted_supported_sport,no independent results adapter for this competition in Phase 1 (game_winner only via Kalshi-only path),,,,,,,,,,,,,,,,phase1:not_attempted_supported_sport
KXSERIEA2HSPREAD,Soccer,Serie A,segment,exploratory_evaluated,only 0 pre-test settled contracts (< 30),exploratory,seriea,segment,0,0,0,unavailable: training support below threshold,unavailable: segment markets (quarters/halves/innings): no new historical quotes by scope decision,0,0,0,0,0,0,1220,calibration_unavailable+blend_unavailable
KXUSOPENCUP1HBTTS,Soccer,US Open Cup,segment,not_attempted_supported_sport,no independent results adapter for this competition in Phase 1 (game_winner only via Kalshi-only path),,,,,,,,,,,,,,,,phase1:not_attempted_supported_sport
KXGERSC1HSPREAD,Soccer,Germany Super Cup,segment,not_attempted_supported_sport,no independent results adapter for this competition in Phase 1 (game_winner only via Kalshi-only path),,,,,,,,,,,,,,,,phase1:not_attempted_supported_sport
KXGERSC1HBTTS,Soccer,Germany Super Cup,segment,not_attempted_supported_sport,no independent results adapter for this competition in Phase 1 (game_winner only via Kalshi-only path),,,,,,,,,,,,,,,,phase1:not_attempted_supported_sport
KXUSLCUP1HBTTS,Soccer,USL Cup,segment,not_attempted_supported_sport,no independent results adapter for this competition in Phase 1 (game_winner only via Kalshi-only path),,,,,,,,,,,,,,,,phase1:not_attempted_supported_sport
KXCOPADELREY1HTOTAL,Soccer,Copa del Rey,segment,not_attempted_supported_sport,no independent results adapter for this competition in Phase 1 (game_winner only via Kalshi-only path),,,,,,,,,,,,,,,,phase1:not_attempted_supported_sport
KXTACAPORT1HBTTS,Soccer,Taca de Portugal,segment,not_attempted_supported_sport,no independent results adapter for this competition in Phase 1 (game_winner only via Kalshi-only path),,,,,,,,,,,,,,,,phase1:not_attempted_supported_sport
KXFACUP1HTOTAL,Soccer,FA Cup,segment,not_attempted_supported_sport,no independent results adapter for this competition in Phase 1 (game_winner only via Kalshi-only path),,,,,,,,,,,,,,,,phase1:not_attempted_supported_sport
KXTACAPORT1HSPREAD,Soccer,Taca de Portugal,segment,not_attempted_supported_sport,no independent results adapter for this competition in Phase 1 (game_winner only via Kalshi-only path),,,,,,,,,,,,,,,,phase1:not_attempted_supported_sport
KXUEFASC2H,Soccer,UEFA Super Cup,segment,not_attempted_supported_sport,no independent results adapter for this competition in Phase 1 (game_winner only via Kalshi-only path),,,,,,,,,,,,,,,,phase1:not_attempted_supported_sport
KXUSLCUP1HSPREAD,Soccer,USL Cup,segment,not_attempted_supported_sport,no independent results adapter for this competition in Phase 1 (game_winner only via Kalshi-only path),,,,,,,,,,,,,,,,phase1:not_attempted_supported_sport
KXFRASUPERCUP1HSPREAD,Soccer,France Super Cup,segment,not_attempted_supported_sport,no independent results adapter for this competition in Phase 1 (game_winner only via Kalshi-only path),,,,,,,,,,,,,,,,phase1:not_attempted_supported_sport
KXUSOPENCUP1HSPREAD,Soccer,US Open Cup,segment,not_attempted_supported_sport,no independent results adapter for this competition in Phase 1 (game_winner only via Kalshi-only path),,,,,,,,,,,,,,,,phase1:not_attempted_supported_sport
KXCOPADELREY1HSPREAD,Soccer,Copa del Rey,segment,not_attempted_supported_sport,no independent results adapter for this competition in Phase 1 (game_winner only via Kalshi-only path),,,,,,,,,,,,,,,,phase1:not_attempted_supported_sport
KXUEFASC2HSPREAD,Soccer,UEFA Super Cup,segment,not_attempted_supported_sport,no independent results adapter for this competition in Phase 1 (game_winner only via Kalshi-only path),,,,,,,,,,,,,,,,phase1:not_attempted_supported_sport
KXFRASUPERCUP1HBTTS,Soccer,France Super Cup,segment,not_attempted_supported_sport,no independent results adapter for this competition in Phase 1 (game_winner only via Kalshi-only path),,,,,,,,,,,,,,,,phase1:not_attempted_supported_sport
KXFACUP1HBTTS,Soccer,FA Cup,segment,not_attempted_supported_sport,no independent results adapter for this competition in Phase 1 (game_winner only via Kalshi-only path),,,,,,,,,,,,,,,,phase1:not_attempted_supported_sport
KXCOPADELREY1HBTTS,Soccer,Copa del Rey,segment,not_attempted_supported_sport,no independent results adapter for this competition in Phase 1 (game_winner only via Kalshi-only path),,,,,,,,,,,,,,,,phase1:not_attempted_supported_sport
KXFACUP1HSPREAD,Soccer,FA Cup,segment,not_attempted_supported_sport,no independent results adapter for this competition in Phase 1 (game_winner only via Kalshi-only path),,,,,,,,,,,,,,,,phase1:not_attempted_supported_sport
KXAFCAC1H,Soccer,,segment,not_attempted_supported_sport,no traded markets,,,,,,,,,,,,,,,,phase1:not_attempted_supported_sport
KXAFCAC1HBTTS,Soccer,,segment,not_attempted_supported_sport,no traded markets,,,,,,,,,,,,,,,,phase1:not_attempted_supported_sport
KXAFCAC1HSPREAD,Soccer,,segment,not_attempted_supported_sport,no traded markets,,,,,,,,,,,,,,,,phase1:not_attempted_supported_sport
KXAFCAC1HTOTAL,Soccer,,segment,not_attempted_supported_sport,no traded markets,,,,,,,,,,,,,,,,phase1:not_attempted_supported_sport
KXALEAGUE1H,Soccer,,segment,not_attempted_supported_sport,no traded markets,,,,,,,,,,,,,,,,phase1:not_attempted_supported_sport
KXALEAGUE1HBTTS,Soccer,,segment,not_attempted_supported_sport,no traded markets,,,,,,,,,,,,,,,,phase1:not_attempted_supported_sport
KXALEAGUE1HSPREAD,Soccer,,segment,not_attempted_supported_sport,no traded markets,,,,,,,,,,,,,,,,phase1:not_attempted_supported_sport
KXALEAGUE1HTOTAL,Soccer,,segment,not_attempted_supported_sport,no traded markets,,,,,,,,,,,,,,,,phase1:not_attempted_supported_sport
KXCLUBWC1H,Soccer,,segment,not_attempted_supported_sport,no traded markets,,,,,,,,,,,,,,,,phase1:not_attempted_supported_sport
KXCLUBWC1HBTTS,Soccer,,segment,not_attempted_supported_sport,no traded markets,,,,,,,,,,,,,,,,phase1:not_attempted_supported_sport
KXCLUBWC1HSCORE,Soccer,,segment,not_attempted_supported_sport,no traded markets,,,,,,,,,,,,,,,,phase1:not_attempted_supported_sport
KXCLUBWC1HSPREAD,Soccer,,segment,not_attempted_supported_sport,no traded markets,,,,,,,,,,,,,,,,phase1:not_attempted_supported_sport
KXCLUBWC1HTOTAL,Soccer,,segment,not_attempted_supported_sport,no traded markets,,,,,,,,,,,,,,,,phase1:not_attempted_supported_sport
KXCLUBWC2H,Soccer,,segment,not_attempted_supported_sport,no traded markets,,,,,,,,,,,,,,,,phase1:not_attempted_supported_sport
KXCLUBWC2HBTTS,Soccer,,segment,not_attempted_supported_sport,no traded markets,,,,,,,,,,,,,,,,phase1:not_attempted_supported_sport
KXCLUBWC2HSPREAD,Soccer,,segment,not_attempted_supported_sport,no traded markets,,,,,,,,,,,,,,,,phase1:not_attempted_supported_sport
KXCLUBWC2HTOTAL,Soccer,,segment,not_attempted_supported_sport,no traded markets,,,,,,,,,,,,,,,,phase1:not_attempted_supported_sport
KXCONCACAFCCUP1H,Soccer,,segment,not_attempted_supported_sport,no traded markets,,,,,,,,,,,,,,,,phase1:not_attempted_supported_sport
KXCONCACAFCCUP1HBTTS,Soccer,,segment,not_attempted_supported_sport,no traded markets,,,,,,,,,,,,,,,,phase1:not_attempted_supported_sport
KXCONCACAFCCUP1HSPREAD,Soccer,,segment,not_attempted_supported_sport,no traded markets,,,,,,,,,,,,,,,,phase1:not_attempted_supported_sport
KXCONCACAFCCUP1HTOTAL,Soccer,,segment,not_attempted_supported_sport,no traded markets,,,,,,,,,,,,,,,,phase1:not_attempted_supported_sport
KXCOUPEDEFRANCE1H,Soccer,,segment,not_attempted_supported_sport,no traded markets,,,,,,,,,,,,,,,,phase1:not_attempted_supported_sport
KXCOUPEDEFRANCE1HBTTS,Soccer,,segment,not_attempted_supported_sport,no traded markets,,,,,,,,,,,,,,,,phase1:not_attempted_supported_sport
KXCOUPEDEFRANCE1HSPREAD,Soccer,,segment,not_attempted_supported_sport,no traded markets,,,,,,,,,,,,,,,,phase1:not_attempted_supported_sport
KXCOUPEDEFRANCE1HTOTAL,Soccer,,segment,not_attempted_supported_sport,no traded markets,,,,,,,,,,,,,,,,phase1:not_attempted_supported_sport
KXENGCS1HSCORE,Soccer,,segment,not_attempted_supported_sport,no traded markets,,,,,,,,,,,,,,,,phase1:not_attempted_supported_sport
KXENGCS2H,Soccer,,segment,not_attempted_supported_sport,no traded markets,,,,,,,,,,,,,,,,phase1:not_attempted_supported_sport
KXENGCS2HBTTS,Soccer,,segment,not_attempted_supported_sport,no traded markets,,,,,,,,,,,,,,,,phase1:not_attempted_supported_sport
KXENGCS2HSPREAD,Soccer,,segment,not_attempted_supported_sport,no traded markets,,,,,,,,,,,,,,,,phase1:not_attempted_supported_sport
KXENGCS2HTOTAL,Soccer,,segment,not_attempted_supported_sport,no traded markets,,,,,,,,,,,,,,,,phase1:not_attempted_supported_sport
KXESPSUPERCUP1H,Soccer,,segment,not_attempted_supported_sport,no traded markets,,,,,,,,,,,,,,,,phase1:not_attempted_supported_sport
KXESPSUPERCUP1HBTTS,Soccer,,segment,not_attempted_supported_sport,no traded markets,,,,,,,,,,,,,,,,phase1:not_attempted_supported_sport
KXESPSUPERCUP1HSPREAD,Soccer,,segment,not_attempted_supported_sport,no traded markets,,,,,,,,,,,,,,,,phase1:not_attempted_supported_sport
KXESPSUPERCUP1HTOTAL,Soccer,,segment,not_attempted_supported_sport,no traded markets,,,,,,,,,,,,,,,,phase1:not_attempted_supported_sport
KXFACUP1HSCORE,Soccer,,segment,not_attempted_supported_sport,no traded markets,,,,,,,,,,,,,,,,phase1:not_attempted_supported_sport
KXFACUP2H,Soccer,,segment,not_attempted_supported_sport,no traded markets,,,,,,,,,,,,,,,,phase1:not_attempted_supported_sport
KXFACUP2HBTTS,Soccer,,segment,not_attempted_supported_sport,no traded markets,,,,,,,,,,,,,,,,phase1:not_attempted_supported_sport
KXFACUP2HSPREAD,Soccer,,segment,not_attempted_supported_sport,no traded markets,,,,,,,,,,,,,,,,phase1:not_attempted_supported_sport
KXFACUP2HTOTAL,Soccer,,segment,not_attempted_supported_sport,no traded markets,,,,,,,,,,,,,,,,phase1:not_attempted_supported_sport
KXFINALISSIMA1H,Soccer,,segment,not_attempted_supported_sport,no traded markets,,,,,,,,,,,,,,,,phase1:not_attempted_supported_sport
KXFINALISSIMA1HBTTS,Soccer,,segment,not_attempted_supported_sport,no traded markets,,,,,,,,,,,,,,,,phase1:not_attempted_supported_sport
KXFINALISSIMA1HSPREAD,Soccer,,segment,not_attempted_supported_sport,no traded markets,,,,,,,,,,,,,,,,phase1:not_attempted_supported_sport
KXFINALISSIMA1HTOTAL,Soccer,,segment,not_attempted_supported_sport,no traded markets,,,,,,,,,,,,,,,,phase1:not_attempted_supported_sport
KXITASUPERCUP1H,Soccer,,segment,not_attempted_supported_sport,no traded markets,,,,,,,,,,,,,,,,phase1:not_attempted_supported_sport
KXITASUPERCUP1HBTTS,Soccer,,segment,not_attempted_supported_sport,no traded markets,,,,,,,,,,,,,,,,phase1:not_attempted_supported_sport
KXITASUPERCUP1HSPREAD,Soccer,,segment,not_attempted_supported_sport,no traded markets,,,,,,,,,,,,,,,,phase1:not_attempted_supported_sport
KXITASUPERCUP1HTOTAL,Soccer,,segment,not_attempted_supported_sport,no traded markets,,,,,,,,,,,,,,,,phase1:not_attempted_supported_sport
KXUEFASC1HSCORE,Soccer,,segment,not_attempted_supported_sport,no traded markets,,,,,,,,,,,,,,,,phase1:not_attempted_supported_sport
KXWCSPREAD,Soccer,FIFA World Cup,spread,not_attempted_supported_sport,no independent results adapter for this competition in Phase 1 (game_winner only via Kalshi-only path),,,,,,,,,,,,,,,,phase1:not_attempted_supported_sport
KXLALIGASPREAD,Soccer,La Liga,spread,strict_evaluated,,strict,laliga,spread,0,0,204,unavailable: training support below threshold,unavailable: matched training support below threshold,0,51,277,0,47,277,1171,calibration_unavailable+blend_unavailable
KXEPLSPREAD,Soccer,EPL,spread,strict_evaluated,,strict,epl,spread,0,0,304,unavailable: training support below threshold,unavailable: matched training support below threshold,0,76,244,0,76,244,1024,calibration_unavailable+blend_unavailable
KXUCLSPREAD,Soccer,Champions League,spread,strict_evaluated,,strict,ucl,spread,0,0,144,unavailable: training support below threshold,unavailable: matched training support below threshold,0,36,87,0,36,87,365,calibration_unavailable+blend_unavailable
KXMLSSPREAD,Soccer,MLS,spread,exploratory_evaluated,only 0 pre-test settled contracts (< 30),exploratory,mls,spread,0,0,0,unavailable: training support below threshold,unavailable: matched training support below threshold,0,0,300,0,0,300,1737,calibration_unavailable+blend_unavailable
KXLIGAMXSPREAD,Soccer,Liga MX,spread,exploratory_evaluated,only 0 pre-test settled contracts (< 30),exploratory,ligamx,spread,0,0,0,unavailable: training support below threshold,unavailable: matched training support below threshold,0,0,201,0,0,201,853,calibration_unavailable+blend_unavailable
KXCLUBFSPREAD,Soccer,Club Friendlies,spread,not_attempted_supported_sport,no independent results adapter for this competition in Phase 1 (game_winner only via Kalshi-only path),,,,,,,,,,,,,,,,phase1:not_attempted_supported_sport
KXINTLFRIENDLYSPREAD,Soccer,Intl Friendlies,spread,not_attempted_supported_sport,no independent results adapter for this competition in Phase 1 (game_winner only via Kalshi-only path),,,,,,,,,,,,,,,,phase1:not_attempted_supported_sport
KXUEFANLSPREAD,Soccer,UEFA Nations League,spread,not_attempted_supported_sport,no independent results adapter for this competition in Phase 1 (game_winner only via Kalshi-only path),,,,,,,,,,,,,,,,phase1:not_attempted_supported_sport
KXLEAGUESCUPSPREAD,Soccer,Leagues Cup,spread,not_attempted_supported_sport,no independent results adapter for this competition in Phase 1 (game_winner only via Kalshi-only path),,,,,,,,,,,,,,,,phase1:not_attempted_supported_sport
KXSERIEASPREAD,Soccer,Serie A,spread,strict_evaluated,,strict,seriea,spread,0,0,224,unavailable: training support below threshold,unavailable: matched training support below threshold,0,56,262,0,52,262,1080,calibration_unavailable+blend_unavailable
KXBUNDESLIGASPREAD,Soccer,Bundesliga,spread,strict_evaluated,,strict,bundesliga,spread,0,0,180,unavailable: training support below threshold,unavailable: matched training support below threshold,0,45,207,0,43,207,879,calibration_unavailable+blend_unavailable
KXARGPREMDIVSPREAD,Soccer,Argentina Primera Division,spread,exploratory_evaluated,only 0 pre-test settled contracts (< 30),exploratory,argentina,spread,0,0,0,unavailable: training support below threshold,unavailable: matched training support below threshold,0,0,170,0,0,170,733,calibration_unavailable+blend_unavailable
KXUECLSPREAD,Soccer,Conference League,spread,exploratory_evaluated,only 0 pre-test settled contracts (< 30),exploratory,uecl,spread,0,0,0,unavailable: training support below threshold,unavailable: matched training support below threshold,0,0,5,0,0,5,20,calibration_unavailable+blend_unavailable
KXLIGUE1SPREAD,Soccer,Ligue 1,spread,strict_evaluated,,strict,ligue1,spread,0,0,144,unavailable: training support below threshold,unavailable: matched training support below threshold,0,36,206,0,33,206,855,calibration_unavailable+blend_unavailable
KXCONCACAFNLSPREAD,Soccer,CONCACAF Nations League,spread,not_attempted_supported_sport,no independent results adapter for this competition in Phase 1 (game_winner only via Kalshi-only path),,,,,,,,,,,,,,,,phase1:not_attempted_supported_sport
KXBRASILEIROSPREAD,Soccer,Brasileiro,spread,exploratory_evaluated,only 0 pre-test settled contracts (< 30),exploratory,brasileiro,spread,0,0,0,unavailable: training support below threshold,unavailable: matched training support below threshold,0,0,256,0,0,254,1083,calibration_unavailable+blend_unavailable
KXDIMAYORSPREAD,Soccer,Colombian Liga DIMAYOR,spread,not_attempted_supported_sport,no independent results adapter for this competition in Phase 1 (game_winner only via Kalshi-only path),,,,,,,,,,,,,,,,phase1:not_attempted_supported_sport
KXUELSPREAD,Soccer,Europa League,spread,exploratory_evaluated,only 0 pre-test settled contracts (< 30),exploratory,uel,spread,0,0,0,unavailable: training support below threshold,unavailable: matched training support below threshold,0,0,42,0,0,42,185,calibration_unavailable+blend_unavailable
KXECULPSPREAD,Soccer,Ecuador LigaPro,spread,not_attempted_supported_sport,no independent results adapter for this competition in Phase 1 (game_winner only via Kalshi-only path),,,,,,,,,,,,,,,,phase1:not_attempted_supported_sport
KXALLSVENSKANSPREAD,Soccer,Allsvenskan,spread,not_attempted_supported_sport,no independent results adapter for this competition in Phase 1 (game_winner only via Kalshi-only path),,,,,,,,,,,,,,,,phase1:not_attempted_supported_sport
KXSAUDIPLSPREAD,Soccer,Saudi Pro League,spread,exploratory_evaluated,only 0 pre-test settled contracts (< 30),exploratory,saudi,spread,0,0,0,unavailable: training support below threshold,unavailable: matched training support below threshold,0,0,189,0,0,188,819,calibration_unavailable+blend_unavailable
KXBRASILEIROBSPREAD,Soccer,Brasileiro Serie B,spread,not_attempted_supported_sport,no independent results adapter for this competition in Phase 1 (game_winner only via Kalshi-only path),,,,,,,,,,,,,,,,phase1:not_attempted_supported_sport
KXAPFDDHSPREAD,Soccer,APF Division de Honor,spread,not_attempted_supported_sport,no independent results adapter for this competition in Phase 1 (game_winner only via Kalshi-only path),,,,,,,,,,,,,,,,phase1:not_attempted_supported_sport
KXUCLWSPREAD,Soccer,Champions League Womens,spread,not_attempted_supported_sport,no independent results adapter for this competition in Phase 1 (game_winner only via Kalshi-only path),,,,,,,,,,,,,,,,phase1:not_attempted_supported_sport
KXPERLIGA1SPREAD,Soccer,Peru Liga 1,spread,not_attempted_supported_sport,no independent results adapter for this competition in Phase 1 (game_winner only via Kalshi-only path),,,,,,,,,,,,,,,,phase1:not_attempted_supported_sport
KXEFLCUPSPREAD,Soccer,EFL Cup,spread,not_attempted_supported_sport,no independent results adapter for this competition in Phase 1 (game_winner only via Kalshi-only path),,,,,,,,,,,,,,,,phase1:not_attempted_supported_sport
KXCHNSLSPREAD,Soccer,Chinese Super League,spread,not_attempted_supported_sport,no independent results adapter for this competition in Phase 1 (game_winner only via Kalshi-only path),,,,,,,,,,,,,,,,phase1:not_attempted_supported_sport
KXEFLCHAMPIONSHIPSPREAD,Soccer,EFL Championship,spread,exploratory_evaluated,only 0 pre-test settled contracts (< 30),exploratory,eflc,spread,0,0,0,unavailable: training support below threshold,unavailable: matched training support below threshold,0,0,124,0,0,124,563,calibration_unavailable+blend_unavailable
KXCONMEBOLSUDSPREAD,Soccer,CONMEBOL Sudamericana,spread,not_attempted_supported_sport,no independent results adapter for this competition in Phase 1 (game_winner only via Kalshi-only path),,,,,,,,,,,,,,,,phase1:not_attempted_supported_sport
KXELITESERIENSPREAD,Soccer,Eliteserien,spread,not_attempted_supported_sport,no independent results adapter for this competition in Phase 1 (game_winner only via Kalshi-only path),,,,,,,,,,,,,,,,phase1:not_attempted_supported_sport
KXLIGAPORTUGALSPREAD,Soccer,Liga Portugal,spread,exploratory_evaluated,only 0 pre-test settled contracts (< 30),exploratory,ligaportugal,spread,0,0,0,unavailable: training support below threshold,unavailable: matched training support below threshold,0,0,62,0,0,62,301,calibration_unavailable+blend_unavailable
KXEREDIVISIESPREAD,Soccer,Eredivisie,spread,exploratory_evaluated,only 0 pre-test settled contracts (< 30),exploratory,eredivisie,spread,0,0,0,unavailable: training support below threshold,unavailable: matched training support below threshold,0,0,99,0,0,99,483,calibration_unavailable+blend_unavailable
KXASEANSPREAD,Soccer,ASEAN Championship,spread,not_attempted_supported_sport,no independent results adapter for this competition in Phase 1 (game_winner only via Kalshi-only path),,,,,,,,,,,,,,,,phase1:not_attempted_supported_sport
KXJLEAGUESPREAD,Soccer,Japan J1 League,spread,not_attempted_supported_sport,no independent results adapter for this competition in Phase 1 (game_winner only via Kalshi-only path),,,,,,,,,,,,,,,,phase1:not_attempted_supported_sport
KXLALIGA2SPREAD,Soccer,La Liga 2,spread,not_attempted_supported_sport,no independent results adapter for this competition in Phase 1 (game_winner only via Kalshi-only path),,,,,,,,,,,,,,,,phase1:not_attempted_supported_sport
KXAFCONSPREAD,Soccer,AFCON Qualifiers,spread,not_attempted_supported_sport,no independent results adapter for this competition in Phase 1 (game_winner only via Kalshi-only path),,,,,,,,,,,,,,,,phase1:not_attempted_supported_sport
KXCOPADOBRASILSPREAD,Soccer,Copa do Brasil,spread,not_attempted_supported_sport,no independent results adapter for this competition in Phase 1 (game_winner only via Kalshi-only path),,,,,,,,,,,,,,,,phase1:not_attempted_supported_sport
KXSUPERLIGSPREAD,Soccer,Super Lig,spread,not_attempted_supported_sport,no independent results adapter for this competition in Phase 1 (game_winner only via Kalshi-only path),,,,,,,,,,,,,,,,phase1:not_attempted_supported_sport
KXLIGAEXPSPREAD,Soccer,Liga de Expansion MX,spread,not_attempted_supported_sport,no independent results adapter for this competition in Phase 1 (game_winner only via Kalshi-only path),,,,,,,,,,,,,,,,phase1:not_attempted_supported_sport
KXURYPDSPREAD,Soccer,Uruguay Primera Division,spread,not_attempted_supported_sport,no independent results adapter for this competition in Phase 1 (game_winner only via Kalshi-only path),,,,,,,,,,,,,,,,phase1:not_attempted_supported_sport
KXFACUPSPREAD,Soccer,FA Cup,spread,not_attempted_supported_sport,no independent results adapter for this competition in Phase 1 (game_winner only via Kalshi-only path),,,,,,,,,,,,,,,,phase1:not_attempted_supported_sport
KXSCOTTISHPREMSPREAD,Soccer,Scottish Premiership,spread,not_attempted_supported_sport,no independent results adapter for this competition in Phase 1 (game_winner only via Kalshi-only path),,,,,,,,,,,,,,,,phase1:not_attempted_supported_sport
KXEKSTRAKLASASPREAD,Soccer,Ekstraklasa,spread,not_attempted_supported_sport,no independent results adapter for this competition in Phase 1 (game_winner only via Kalshi-only path),,,,,,,,,,,,,,,,phase1:not_attempted_supported_sport
KXARGNACBSPREAD,Soccer,Argentine Nacional B,spread,not_attempted_supported_sport,no independent results adapter for this competition in Phase 1 (game_winner only via Kalshi-only path),,,,,,,,,,,,,,,,phase1:not_attempted_supported_sport
KXNWSLSPREAD,Soccer,NWSL,spread,not_attempted_supported_sport,no independent results adapter for this competition in Phase 1 (game_winner only via Kalshi-only path),,,,,,,,,,,,,,,,phase1:not_attempted_supported_sport
KXCHLLDPSPREAD,Soccer,Chile Liga de Primera,spread,not_attempted_supported_sport,no independent results adapter for this competition in Phase 1 (game_winner only via Kalshi-only path),,,,,,,,,,,,,,,,phase1:not_attempted_supported_sport
KXEGYPLSPREAD,Soccer,Egyptian Premier League,spread,not_attempted_supported_sport,no independent results adapter for this competition in Phase 1 (game_winner only via Kalshi-only path),,,,,,,,,,,,,,,,phase1:not_attempted_supported_sport
KXCONMEBOLLIBSPREAD,Soccer,CONMEBOL Libertadores,spread,not_attempted_supported_sport,no independent results adapter for this competition in Phase 1 (game_winner only via Kalshi-only path),,,,,,,,,,,,,,,,phase1:not_attempted_supported_sport
KXCZEFLSPREAD,Soccer,Czech First League,spread,not_attempted_supported_sport,no independent results adapter for this competition in Phase 1 (game_winner only via Kalshi-only path),,,,,,,,,,,,,,,,phase1:not_attempted_supported_sport
KXBELGIANPLSPREAD,Soccer,Belgian Pro League,spread,not_attempted_supported_sport,no independent results adapter for this competition in Phase 1 (game_winner only via Kalshi-only path),,,,,,,,,,,,,,,,phase1:not_attempted_supported_sport
KXDENSUPERLIGASPREAD,Soccer,Danish Superliga,spread,not_attempted_supported_sport,no independent results adapter for this competition in Phase 1 (game_winner only via Kalshi-only path),,,,,,,,,,,,,,,,phase1:not_attempted_supported_sport
KXKLEAGUESPREAD,Soccer,Korea K League 1,spread,not_attempted_supported_sport,no independent results adapter for this competition in Phase 1 (game_winner only via Kalshi-only path),,,,,,,,,,,,,,,,phase1:not_attempted_supported_sport
KXDFBPOKALSPREAD,Soccer,DFB Pokal,spread,not_attempted_supported_sport,no independent results adapter for this competition in Phase 1 (game_winner only via Kalshi-only path),,,,,,,,,,,,,,,,phase1:not_attempted_supported_sport
KXUSLSPREAD,Soccer,USL Championship,spread,not_attempted_supported_sport,no independent results adapter for this competition in Phase 1 (game_winner only via Kalshi-only path),,,,,,,,,,,,,,,,phase1:not_attempted_supported_sport
KXSERIECSPREAD,Soccer,Serie C,spread,not_attempted_supported_sport,no independent results adapter for this competition in Phase 1 (game_winner only via Kalshi-only path),,,,,,,,,,,,,,,,phase1:not_attempted_supported_sport
KXBUNDESLIGA2SPREAD,Soccer,Bundesliga 2,spread,exploratory_evaluated,only 0 pre-test settled contracts (< 30),exploratory,bundesliga2,spread,0,0,0,unavailable: training support below threshold,unavailable: matched training support below threshold,0,0,54,0,0,54,257,calibration_unavailable+blend_unavailable
KXJ2LEAGUESPREAD,Soccer,Japan J2 League,spread,not_attempted_supported_sport,no independent results adapter for this competition in Phase 1 (game_winner only via Kalshi-only path),,,,,,,,,,,,,,,,phase1:not_attempted_supported_sport
KXSWISSLEAGUESPREAD,Soccer,Swiss Super League,spread,not_attempted_supported_sport,no independent results adapter for this competition in Phase 1 (game_winner only via Kalshi-only path),,,,,,,,,,,,,,,,phase1:not_attempted_supported_sport
KXEERSTEDIVSPREAD,Soccer,Eerste Divisie,spread,not_attempted_supported_sport,no independent results adapter for this competition in Phase 1 (game_winner only via Kalshi-only path),,,,,,,,,,,,,,,,phase1:not_attempted_supported_sport
KXAFCCLSPREAD,Soccer,AFC Champions League,spread,not_attempted_supported_sport,no independent results adapter for this competition in Phase 1 (game_winner only via Kalshi-only path),,,,,,,,,,,,,,,,phase1:not_attempted_supported_sport
KXETTANSPREAD,Soccer,Ettan,spread,not_attempted_supported_sport,no independent results adapter for this competition in Phase 1 (game_winner only via Kalshi-only path),,,,,,,,,,,,,,,,phase1:not_attempted_supported_sport
KXCOPADELREYSPREAD,Soccer,Copa del Rey,spread,not_attempted_supported_sport,no independent results adapter for this competition in Phase 1 (game_winner only via Kalshi-only path),,,,,,,,,,,,,,,,phase1:not_attempted_supported_sport
KXENGNLSPREAD,Soccer,English National League,spread,not_attempted_supported_sport,no independent results adapter for this competition in Phase 1 (game_winner only via Kalshi-only path),,,,,,,,,,,,,,,,phase1:not_attempted_supported_sport
KXUAEPLSPREAD,Soccer,UAE Pro League,spread,not_attempted_supported_sport,no independent results adapter for this competition in Phase 1 (game_winner only via Kalshi-only path),,,,,,,,,,,,,,,,phase1:not_attempted_supported_sport
KXCANPLSPREAD,Soccer,Canadian Premier League,spread,not_attempted_supported_sport,no independent results adapter for this competition in Phase 1 (game_winner only via Kalshi-only path),,,,,,,,,,,,,,,,phase1:not_attempted_supported_sport
KXBRASILEIROCSPREAD,Soccer,Brasileiro Serie C,spread,not_attempted_supported_sport,no independent results adapter for this competition in Phase 1 (game_winner only via Kalshi-only path),,,,,,,,,,,,,,,,phase1:not_attempted_supported_sport
KXALEAGUESPREAD,Soccer,A-League,spread,not_attempted_supported_sport,no independent results adapter for this competition in Phase 1 (game_winner only via Kalshi-only path),,,,,,,,,,,,,,,,phase1:not_attempted_supported_sport
KXTFF1LIGSPREAD,Soccer,TFF 1. Lig,spread,not_attempted_supported_sport,no independent results adapter for this competition in Phase 1 (game_winner only via Kalshi-only path),,,,,,,,,,,,,,,,phase1:not_attempted_supported_sport
KXVENFUTVESPREAD,Soccer,Venezuela Liga FUTVE,spread,not_attempted_supported_sport,no independent results adapter for this competition in Phase 1 (game_winner only via Kalshi-only path),,,,,,,,,,,,,,,,phase1:not_attempted_supported_sport
KXCOPPAITALIASPREAD,Soccer,Coppa Italia,spread,not_attempted_supported_sport,no independent results adapter for this competition in Phase 1 (game_winner only via Kalshi-only path),,,,,,,,,,,,,,,,phase1:not_attempted_supported_sport
KXEFLL1SPREAD,Soccer,EFL League One,spread,not_attempted_supported_sport,no independent results adapter for this competition in Phase 1 (game_winner only via Kalshi-only path),,,,,,,,,,,,,,,,phase1:not_attempted_supported_sport
KXFIFASPREAD,Soccer,FIFA World Cup Qualifiers,spread,not_attempted_supported_sport,no independent results adapter for this competition in Phase 1 (game_winner only via Kalshi-only path),,,,,,,,,,,,,,,,phase1:not_attempted_supported_sport
KXCZEFNLSPREAD,Soccer,Czech National Football League,spread,not_attempted_supported_sport,no independent results adapter for this competition in Phase 1 (game_winner only via Kalshi-only path),,,,,,,,,,,,,,,,phase1:not_attempted_supported_sport
KXHNLSPREAD,Soccer,Croatia HNL,spread,not_attempted_supported_sport,no independent results adapter for this competition in Phase 1 (game_winner only via Kalshi-only path),,,,,,,,,,,,,,,,phase1:not_attempted_supported_sport
KXSVK2LSPREAD,Soccer,Slovakian 2. Liga,spread,not_attempted_supported_sport,no independent results adapter for this competition in Phase 1 (game_winner only via Kalshi-only path),,,,,,,,,,,,,,,,phase1:not_attempted_supported_sport
KXCHNL1SPREAD,Soccer,China League 1,spread,not_attempted_supported_sport,no independent results adapter for this competition in Phase 1 (game_winner only via Kalshi-only path),,,,,,,,,,,,,,,,phase1:not_attempted_supported_sport
KXGRECUPSPREAD,Soccer,Greek Cup,spread,not_attempted_supported_sport,no independent results adapter for this competition in Phase 1 (game_winner only via Kalshi-only path),,,,,,,,,,,,,,,,phase1:not_attempted_supported_sport
KXFINYLSPREAD,Soccer,Finnish Ykkosliiga,spread,not_attempted_supported_sport,no independent results adapter for this competition in Phase 1 (game_winner only via Kalshi-only path),,,,,,,,,,,,,,,,phase1:not_attempted_supported_sport
KXLVAVIRSPREAD,Soccer,Latvian Virsliga,spread,not_attempted_supported_sport,no independent results adapter for this competition in Phase 1 (game_winner only via Kalshi-only path),,,,,,,,,,,,,,,,phase1:not_attempted_supported_sport
KXISRNLSPREAD,Soccer,Liga Leumit,spread,not_attempted_supported_sport,no independent results adapter for this competition in Phase 1 (game_winner only via Kalshi-only path),,,,,,,,,,,,,,,,phase1:not_attempted_supported_sport
KXGER3LSPREAD,Soccer,German 3. Liga,spread,not_attempted_supported_sport,no independent results adapter for this competition in Phase 1 (game_winner only via Kalshi-only path),,,,,,,,,,,,,,,,phase1:not_attempted_supported_sport
KXLIGUE2SPREAD,Soccer,Ligue 2,spread,not_attempted_supported_sport,no independent results adapter for this competition in Phase 1 (game_winner only via Kalshi-only path),,,,,,,,,,,,,,,,phase1:not_attempted_supported_sport
KXUEFASCSPREAD,Soccer,UEFA Super Cup,spread,not_attempted_supported_sport,no independent results adapter for this competition in Phase 1 (game_winner only via Kalshi-only path),,,,,,,,,,,,,,,,phase1:not_attempted_supported_sport
KXSERIEBSPREAD,Soccer,Serie B,spread,not_attempted_supported_sport,no independent results adapter for this competition in Phase 1 (game_winner only via Kalshi-only path),,,,,,,,,,,,,,,,phase1:not_attempted_supported_sport
KXVLEAGUE1SPREAD,Soccer,Vietnam V-League 1,spread,not_attempted_supported_sport,no independent results adapter for this competition in Phase 1 (game_winner only via Kalshi-only path),,,,,,,,,,,,,,,,phase1:not_attempted_supported_sport
KXIDNSLSPREAD,Soccer,Indonesia Super League,spread,not_attempted_supported_sport,no independent results adapter for this competition in Phase 1 (game_winner only via Kalshi-only path),,,,,,,,,,,,,,,,phase1:not_attempted_supported_sport
KXMYSLSPREAD,Soccer,Malaysia Super League,spread,not_attempted_supported_sport,no independent results adapter for this competition in Phase 1 (game_winner only via Kalshi-only path),,,,,,,,,,,,,,,,phase1:not_attempted_supported_sport
KXSVKCUPSPREAD,Soccer,Slovakian Cup,spread,not_attempted_supported_sport,no independent results adapter for this competition in Phase 1 (game_winner only via Kalshi-only path),,,,,,,,,,,,,,,,phase1:not_attempted_supported_sport
KXTWEEDEDIVSPREAD,Soccer,Tweede Divisie,spread,not_attempted_supported_sport,no independent results adapter for this competition in Phase 1 (game_winner only via Kalshi-only path),,,,,,,,,,,,,,,,phase1:not_attempted_supported_sport
KXSRBSLSPREAD,Soccer,Serbian SuperLiga,spread,not_attempted_supported_sport,no independent results adapter for this competition in Phase 1 (game_winner only via Kalshi-only path),,,,,,,,,,,,,,,,phase1:not_attempted_supported_sport
KXTHAIL1SPREAD,Soccer,Thai League 1,spread,not_attempted_supported_sport,no independent results adapter for this competition in Phase 1 (game_winner only via Kalshi-only path),,,,,,,,,,,,,,,,phase1:not_attempted_supported_sport
KXTACAPORTSPREAD,Soccer,Taca de Portugal,spread,not_attempted_supported_sport,no independent results adapter for this competition in Phase 1 (game_winner only via Kalshi-only path),,,,,,,,,,,,,,,,phase1:not_attempted_supported_sport
KXSLGREECESPREAD,Soccer,Greece Super League,spread,not_attempted_supported_sport,no independent results adapter for this competition in Phase 1 (game_winner only via Kalshi-only path),,,,,,,,,,,,,,,,phase1:not_attempted_supported_sport
KXSCOCUPSPREAD,Soccer,Scottish League Cup,spread,not_attempted_supported_sport,no independent results adapter for this competition in Phase 1 (game_winner only via Kalshi-only path),,,,,,,,,,,,,,,,phase1:not_attempted_supported_sport
KXISRPLSPREAD,Soccer,Israeli Premier League,spread,not_attempted_supported_sport,no independent results adapter for this competition in Phase 1 (game_winner only via Kalshi-only path),,,,,,,,,,,,,,,,phase1:not_attempted_supported_sport
KXK2LEAGUESPREAD,Soccer,Korea K-League 2,spread,not_attempted_supported_sport,no independent results adapter for this competition in Phase 1 (game_winner only via Kalshi-only path),,,,,,,,,,,,,,,,phase1:not_attempted_supported_sport
KXENGCSSPREAD,Soccer,Community Shield,spread,not_attempted_supported_sport,no independent results adapter for this competition in Phase 1 (game_winner only via Kalshi-only path),,,,,,,,,,,,,,,,phase1:not_attempted_supported_sport
KXKNVBCUPSPREAD,Soccer,KNVB,spread,not_attempted_supported_sport,no independent results adapter for this competition in Phase 1 (game_winner only via Kalshi-only path),,,,,,,,,,,,,,,,phase1:not_attempted_supported_sport
KXSVNPLSPREAD,Soccer,Slovenian Prva Liga,spread,not_attempted_supported_sport,no independent results adapter for this competition in Phase 1 (game_winner only via Kalshi-only path),,,,,,,,,,,,,,,,phase1:not_attempted_supported_sport
KXSERIECCUPSPREAD,Soccer,Coppa Italia Lega Pro,spread,not_attempted_supported_sport,no independent results adapter for this competition in Phase 1 (game_winner only via Kalshi-only path),,,,,,,,,,,,,,,,phase1:not_attempted_supported_sport
KXGERSCSPREAD,Soccer,Germany Super Cup,spread,not_attempted_supported_sport,no independent results adapter for this competition in Phase 1 (game_winner only via Kalshi-only path),,,,,,,,,,,,,,,,phase1:not_attempted_supported_sport
KXFROPLSPREAD,Soccer,Faroe Islands Premier League,spread,not_attempted_supported_sport,no independent results adapter for this competition in Phase 1 (game_winner only via Kalshi-only path),,,,,,,,,,,,,,,,phase1:not_attempted_supported_sport
KXSGPPLSPREAD,Soccer,Singapore Premier League,spread,not_attempted_supported_sport,no independent results adapter for this competition in Phase 1 (game_winner only via Kalshi-only path),,,,,,,,,,,,,,,,phase1:not_attempted_supported_sport
KXUSOPENCUPSPREAD,Soccer,US Open Cup,spread,not_attempted_supported_sport,no independent results adapter for this competition in Phase 1 (game_winner only via Kalshi-only path),,,,,,,,,,,,,,,,phase1:not_attempted_supported_sport
KXFRASUPERCUPSPREAD,Soccer,France Super Cup,spread,not_attempted_supported_sport,no independent results adapter for this competition in Phase 1 (game_winner only via Kalshi-only path),,,,,,,,,,,,,,,,phase1:not_attempted_supported_sport
KXEFLTROPHYSPREAD,Soccer,EFL Trophy,spread,not_attempted_supported_sport,no independent results adapter for this competition in Phase 1 (game_winner only via Kalshi-only path),,,,,,,,,,,,,,,,phase1:not_attempted_supported_sport
KXMLSASTSPREAD,Soccer,MLS All-Star Game,spread,not_attempted_supported_sport,no independent results adapter for this competition in Phase 1 (game_winner only via Kalshi-only path),,,,,,,,,,,,,,,,phase1:not_attempted_supported_sport
KXUSLCUPSPREAD,Soccer,USL Cup,spread,not_attempted_supported_sport,no independent results adapter for this competition in Phase 1 (game_winner only via Kalshi-only path),,,,,,,,,,,,,,,,phase1:not_attempted_supported_sport
KXISRPLCUPSPREAD,Soccer,Premier League Cup,spread,not_attempted_supported_sport,no independent results adapter for this competition in Phase 1 (game_winner only via Kalshi-only path),,,,,,,,,,,,,,,,phase1:not_attempted_supported_sport
KXFINCUPSPREAD,Soccer,Suomen Cup,spread,not_attempted_supported_sport,no independent results adapter for this competition in Phase 1 (game_winner only via Kalshi-only path),,,,,,,,,,,,,,,,phase1:not_attempted_supported_sport
KXFROCUPSPREAD,Soccer,Faroe Islands Cup,spread,not_attempted_supported_sport,no independent results adapter for this competition in Phase 1 (game_winner only via Kalshi-only path),,,,,,,,,,,,,,,,phase1:not_attempted_supported_sport
KXAFCACSPREAD,Soccer,,spread,not_attempted_supported_sport,no traded markets,,,,,,,,,,,,,,,,phase1:not_attempted_supported_sport
KXCLUBWCSPREAD,Soccer,,spread,not_attempted_supported_sport,no traded markets,,,,,,,,,,,,,,,,phase1:not_attempted_supported_sport
KXCONCACAFCCUPSPREAD,Soccer,,spread,not_attempted_supported_sport,no traded markets,,,,,,,,,,,,,,,,phase1:not_attempted_supported_sport
KXCOUPEDEFRANCESPREAD,Soccer,,spread,not_attempted_supported_sport,no traded markets,,,,,,,,,,,,,,,,phase1:not_attempted_supported_sport
KXESPSUPERCUPSPREAD,Soccer,,spread,not_attempted_supported_sport,no traded markets,,,,,,,,,,,,,,,,phase1:not_attempted_supported_sport
KXFIFAWSPREAD,Soccer,,spread,not_attempted_supported_sport,no traded markets,,,,,,,,,,,,,,,,phase1:not_attempted_supported_sport
KXFINALISSIMASPREAD,Soccer,,spread,not_attempted_supported_sport,no traded markets,,,,,,,,,,,,,,,,phase1:not_attempted_supported_sport
KXISRNLCUPSPREAD,Soccer,,spread,not_attempted_supported_sport,no traded markets,,,,,,,,,,,,,,,,phase1:not_attempted_supported_sport
KXISRSCUPSPREAD,Soccer,,spread,not_attempted_supported_sport,no traded markets,,,,,,,,,,,,,,,,phase1:not_attempted_supported_sport
KXISRSUPCUPSPREAD,Soccer,,spread,not_attempted_supported_sport,no traded markets,,,,,,,,,,,,,,,,phase1:not_attempted_supported_sport
KXITASUPERCUPSPREAD,Soccer,,spread,not_attempted_supported_sport,no traded markets,,,,,,,,,,,,,,,,phase1:not_attempted_supported_sport
KXSERIECSCUPSPREAD,Soccer,,spread,not_attempted_supported_sport,no traded markets,,,,,,,,,,,,,,,,phase1:not_attempted_supported_sport
KXSOCCERSPREAD,Soccer,,spread,not_attempted_supported_sport,no traded markets,,,,,,,,,,,,,,,,phase1:not_attempted_supported_sport
KXSRBCUPSPREAD,Soccer,,spread,not_attempted_supported_sport,no traded markets,,,,,,,,,,,,,,,,phase1:not_attempted_supported_sport
KXSVNCUPSPREAD,Soccer,,spread,not_attempted_supported_sport,no traded markets,,,,,,,,,,,,,,,,phase1:not_attempted_supported_sport
KXWCTEAMTOTAL,Soccer,FIFA World Cup,team_total,not_attempted_supported_sport,no independent results adapter for this competition in Phase 1 (game_winner only via Kalshi-only path),,,,,,,,,,,,,,,,phase1:not_attempted_supported_sport
KXUEFANLTEAMTOTAL,Soccer,UEFA Nations League,team_total,not_attempted_supported_sport,no independent results adapter for this competition in Phase 1 (game_winner only via Kalshi-only path),,,,,,,,,,,,,,,,phase1:not_attempted_supported_sport
KXLALIGATEAMTOTAL,Soccer,La Liga,team_total,exploratory_evaluated,only 0 pre-test settled contracts (< 30),exploratory,laliga,team_total,0,0,0,unavailable: training support below threshold,unavailable: matched training support below threshold,0,0,69,0,0,69,554,calibration_unavailable+blend_unavailable
KXEPLTEAMTOTAL,Soccer,EPL,team_total,exploratory_evaluated,only 0 pre-test settled contracts (< 30),exploratory,epl,team_total,0,0,0,unavailable: training support below threshold,unavailable: matched training support below threshold,0,0,69,0,0,69,514,calibration_unavailable+blend_unavailable
KXLIGAMXTEAMTOTAL,Soccer,Liga MX,team_total,exploratory_evaluated,only 0 pre-test settled contracts (< 30),exploratory,ligamx,team_total,0,0,0,unavailable: training support below threshold,unavailable: matched training support below threshold,0,0,88,0,0,88,674,calibration_unavailable+blend_unavailable
KXLEAGUESCUPTEAMTOTAL,Soccer,Leagues Cup,team_total,not_attempted_supported_sport,no independent results adapter for this competition in Phase 1 (game_winner only via Kalshi-only path),,,,,,,,,,,,,,,,phase1:not_attempted_supported_sport
KXMLSTEAMTOTAL,Soccer,MLS,team_total,exploratory_evaluated,only 0 pre-test settled contracts (< 30),exploratory,mls,team_total,0,0,0,unavailable: training support below threshold,unavailable: matched training support below threshold,0,0,186,0,0,186,1481,calibration_unavailable+blend_unavailable
KXUECLTEAMTOTAL,Soccer,Conference League,team_total,excluded_no_reconciled_contracts,no settled contracts with a resolved independent outcome,,uecl,team_total,0,0,0,,,0,0,0,0,0,0,0,phase1:excluded_no_reconciled_contracts
KXUELTEAMTOTAL,Soccer,Europa League,team_total,exploratory_evaluated,only 0 pre-test settled contracts (< 30),exploratory,uel,team_total,0,0,0,unavailable: training support below threshold,unavailable: matched training support below threshold,0,0,1,0,0,1,9,calibration_unavailable+blend_unavailable
KXBRASILEIROTEAMTOTAL,Soccer,Brasileiro Serie A,team_total,exploratory_evaluated,only 0 pre-test settled contracts (< 30),exploratory,brasileiro,team_total,0,0,0,unavailable: training support below threshold,unavailable: matched training support below threshold,0,0,100,0,0,100,754,calibration_unavailable+blend_unavailable
KXUCLTEAMTOTAL,Soccer,Champions League,team_total,exploratory_evaluated,only 0 pre-test settled contracts (< 30),exploratory,ucl,team_total,0,0,0,unavailable: training support below threshold,unavailable: matched training support below threshold,0,0,6,0,0,6,52,calibration_unavailable+blend_unavailable
KXSERIEATEAMTOTAL,Soccer,Serie A,team_total,exploratory_evaluated,only 0 pre-test settled contracts (< 30),exploratory,seriea,team_total,0,0,0,unavailable: training support below threshold,unavailable: matched training support below threshold,0,0,50,0,0,50,378,calibration_unavailable+blend_unavailable
KXLIGUE1TEAMTOTAL,Soccer,Ligue 1,team_total,exploratory_evaluated,only 0 pre-test settled contracts (< 30),exploratory,ligue1,team_total,0,0,0,unavailable: training support below threshold,unavailable: matched training support below threshold,0,0,45,0,0,45,344,calibration_unavailable+blend_unavailable
KXBUNDESLIGATEAMTOTAL,Soccer,Bundesliga,team_total,exploratory_evaluated,only 0 pre-test settled contracts (< 30),exploratory,bundesliga,team_total,0,0,0,unavailable: training support below threshold,unavailable: matched training support below threshold,0,0,36,0,0,36,313,calibration_unavailable+blend_unavailable
KXEPLTEAMPOINTS,Soccer,EPL,team_total,excluded_spec,no payoff parser for suffix 'TEAMPOINTS',,epl,,,,,,,,,,,,,,phase1:excluded_spec
KXAFCONTEAMTOTAL,Soccer,AFCON Qualifiers,team_total,not_attempted_supported_sport,no independent results adapter for this competition in Phase 1 (game_winner only via Kalshi-only path),,,,,,,,,,,,,,,,phase1:not_attempted_supported_sport
KXCOPPAITALIATEAMTOTAL,Soccer,Coppa Italia,team_total,not_attempted_supported_sport,no independent results adapter for this competition in Phase 1 (game_winner only via Kalshi-only path),,,,,,,,,,,,,,,,phase1:not_attempted_supported_sport
KXDFBPOKALTEAMTOTAL,Soccer,DFB Pokal,team_total,not_attempted_supported_sport,no independent results adapter for this competition in Phase 1 (game_winner only via Kalshi-only path),,,,,,,,,,,,,,,,phase1:not_attempted_supported_sport
KXUEFASCTEAMTOTAL,Soccer,UEFA Super Cup,team_total,not_attempted_supported_sport,no independent results adapter for this competition in Phase 1 (game_winner only via Kalshi-only path),,,,,,,,,,,,,,,,phase1:not_attempted_supported_sport
KXENGCSTEAMTOTAL,Soccer,Community Shield,team_total,not_attempted_supported_sport,no independent results adapter for this competition in Phase 1 (game_winner only via Kalshi-only path),,,,,,,,,,,,,,,,phase1:not_attempted_supported_sport
KXAFCCLTEAMTOTAL,Soccer,AFC Champions League,team_total,not_attempted_supported_sport,no independent results adapter for this competition in Phase 1 (game_winner only via Kalshi-only path),,,,,,,,,,,,,,,,phase1:not_attempted_supported_sport
KXEFLCUPTEAMTOTAL,Soccer,EFL Cup,team_total,not_attempted_supported_sport,no independent results adapter for this competition in Phase 1 (game_winner only via Kalshi-only path),,,,,,,,,,,,,,,,phase1:not_attempted_supported_sport
KXFRASUPERCUPTEAMTOTAL,Soccer,France Super Cup,team_total,not_attempted_supported_sport,no independent results adapter for this competition in Phase 1 (game_winner only via Kalshi-only path),,,,,,,,,,,,,,,,phase1:not_attempted_supported_sport
KXGERSCTEAMTOTAL,Soccer,Germany Super Cup,team_total,not_attempted_supported_sport,no independent results adapter for this competition in Phase 1 (game_winner only via Kalshi-only path),,,,,,,,,,,,,,,,phase1:not_attempted_supported_sport
KXUSOPENCUPTEAMTOTAL,Soccer,US Open Cup,team_total,not_attempted_supported_sport,no independent results adapter for this competition in Phase 1 (game_winner only via Kalshi-only path),,,,,,,,,,,,,,,,phase1:not_attempted_supported_sport
KXCOPADELREYTEAMTOTAL,Soccer,Copa del Rey,team_total,not_attempted_supported_sport,no independent results adapter for this competition in Phase 1 (game_winner only via Kalshi-only path),,,,,,,,,,,,,,,,phase1:not_attempted_supported_sport
KXLALIGATEAMPOINTS,Soccer,La Liga,team_total,excluded_spec,no payoff parser for suffix 'TEAMPOINTS',,laliga,,,,,,,,,,,,,,phase1:excluded_spec
KXSERIEATEAMPOINTS,Soccer,Serie A,team_total,excluded_spec,no payoff parser for suffix 'TEAMPOINTS',,seriea,,,,,,,,,,,,,,phase1:excluded_spec
KXBUNDESLIGATEAMPOINTS,Soccer,Bundesliga,team_total,excluded_spec,no payoff parser for suffix 'TEAMPOINTS',,bundesliga,,,,,,,,,,,,,,phase1:excluded_spec
KXLIGUE1TEAMPOINTS,Soccer,Ligue 1,team_total,excluded_spec,no payoff parser for suffix 'TEAMPOINTS',,ligue1,,,,,,,,,,,,,,phase1:excluded_spec
KXAFCACTEAMTOTAL,Soccer,,team_total,not_attempted_supported_sport,no traded markets,,,,,,,,,,,,,,,,phase1:not_attempted_supported_sport
KXALEAGUETEAMTOTAL,Soccer,,team_total,not_attempted_supported_sport,no traded markets,,,,,,,,,,,,,,,,phase1:not_attempted_supported_sport
KXBRASILEIROBTEAMTOTAL,Soccer,,team_total,not_attempted_supported_sport,no traded markets,,,,,,,,,,,,,,,,phase1:not_attempted_supported_sport
KXBRASILEIROCTEAMTOTAL,Soccer,,team_total,not_attempted_supported_sport,no traded markets,,,,,,,,,,,,,,,,phase1:not_attempted_supported_sport
KXCLUBWCTEAMTOTAL,Soccer,,team_total,not_attempted_supported_sport,no traded markets,,,,,,,,,,,,,,,,phase1:not_attempted_supported_sport
KXCONCACAFCCUPTEAMTOTAL,Soccer,,team_total,not_attempted_supported_sport,no traded markets,,,,,,,,,,,,,,,,phase1:not_attempted_supported_sport
KXCONMEBOLLIBTEAMTOTAL,Soccer,,team_total,not_attempted_supported_sport,no traded markets,,,,,,,,,,,,,,,,phase1:not_attempted_supported_sport
KXCONMEBOLSUDTEAMTOTAL,Soccer,,team_total,not_attempted_supported_sport,no traded markets,,,,,,,,,,,,,,,,phase1:not_attempted_supported_sport
KXCOPADOBRASILTEAMTOTAL,Soccer,,team_total,not_attempted_supported_sport,no traded markets,,,,,,,,,,,,,,,,phase1:not_attempted_supported_sport
KXCOUPEDEFRANCETEAMTOTAL,Soccer,,team_total,not_attempted_supported_sport,no traded markets,,,,,,,,,,,,,,,,phase1:not_attempted_supported_sport
KXEFLCHAMPIONSHIPTEAMTOTAL,Soccer,,team_total,not_attempted_supported_sport,no traded markets,,,,,,,,,,,,,,,,phase1:not_attempted_supported_sport
KXEFLL1TEAMTOTAL,Soccer,,team_total,not_attempted_supported_sport,no traded markets,,,,,,,,,,,,,,,,phase1:not_attempted_supported_sport
KXEREDIVISIETEAMTOTAL,Soccer,,team_total,not_attempted_supported_sport,no traded markets,,,,,,,,,,,,,,,,phase1:not_attempted_supported_sport
KXESPSUPERCUPTEAMTOTAL,Soccer,,team_total,not_attempted_supported_sport,no traded markets,,,,,,,,,,,,,,,,phase1:not_attempted_supported_sport
KXFACUPTEAMTOTAL,Soccer,,team_total,not_attempted_supported_sport,no traded markets,,,,,,,,,,,,,,,,phase1:not_attempted_supported_sport
KXFINALISSIMATEAMTOTAL,Soccer,,team_total,not_attempted_supported_sport,no traded markets,,,,,,,,,,,,,,,,phase1:not_attempted_supported_sport
KXINTLFRIENDLYTEAMTOTAL,Soccer,,team_total,not_attempted_supported_sport,no traded markets,,,,,,,,,,,,,,,,phase1:not_attempted_supported_sport
KXITASUPERCUPTEAMTOTAL,Soccer,,team_total,not_attempted_supported_sport,no traded markets,,,,,,,,,,,,,,,,phase1:not_attempted_supported_sport
KXJLEAGUETEAMTOTAL,Soccer,,team_total,not_attempted_supported_sport,no traded markets,,,,,,,,,,,,,,,,phase1:not_attempted_supported_sport
KXKLEAGUETEAMTOTAL,Soccer,,team_total,not_attempted_supported_sport,no traded markets,,,,,,,,,,,,,,,,phase1:not_attempted_supported_sport
KXLIGAEXPTEAMTOTAL,Soccer,,team_total,not_attempted_supported_sport,no traded markets,,,,,,,,,,,,,,,,phase1:not_attempted_supported_sport
KXLIGAPORTUGALTEAMTOTAL,Soccer,,team_total,not_attempted_supported_sport,no traded markets,,,,,,,,,,,,,,,,phase1:not_attempted_supported_sport
KXSAUDIPLTEAMTOTAL,Soccer,,team_total,not_attempted_supported_sport,no traded markets,,,,,,,,,,,,,,,,phase1:not_attempted_supported_sport
KXSCOTTISHPREMTEAMTOTAL,Soccer,,team_total,not_attempted_supported_sport,no traded markets,,,,,,,,,,,,,,,,phase1:not_attempted_supported_sport
KXTACAPORTTEAMTOTAL,Soccer,,team_total,not_attempted_supported_sport,no traded markets,,,,,,,,,,,,,,,,phase1:not_attempted_supported_sport
KXUSLCUPTEAMTOTAL,Soccer,,team_total,not_attempted_supported_sport,no traded markets,,,,,,,,,,,,,,,,phase1:not_attempted_supported_sport
KXUSLTEAMTOTAL,Soccer,,team_total,not_attempted_supported_sport,no traded markets,,,,,,,,,,,,,,,,phase1:not_attempted_supported_sport
KXARCHIVETEST,Soccer,,test_placeholder,not_attempted_supported_sport,out of scope (test),,,,,,,,,,,,,,,,phase1:not_attempted_supported_sport
KXKXECULPGAME,Soccer,,test_placeholder,not_attempted_supported_sport,out of scope (test),,,,,,,,,,,,,,,,phase1:not_attempted_supported_sport
KXPRYLIGA1GAME,Soccer,,test_placeholder,not_attempted_supported_sport,out of scope (test),,,,,,,,,,,,,,,,phase1:not_attempted_supported_sport
KXTHISISMORETHAN16LETTERS,Soccer,,test_placeholder,not_attempted_supported_sport,out of scope (test),,,,,,,,,,,,,,,,phase1:not_attempted_supported_sport
KXTHISISMORETHAN17LETTERS,Soccer,,test_placeholder,not_attempted_supported_sport,out of scope (test),,,,,,,,,,,,,,,,phase1:not_attempted_supported_sport
KXWCTOTAL,Soccer,FIFA World Cup,total,not_attempted_supported_sport,no independent results adapter for this competition in Phase 1 (game_winner only via Kalshi-only path),,,,,,,,,,,,,,,,phase1:not_attempted_supported_sport
KXEPLTOTAL,Soccer,EPL,total,strict_evaluated,,strict,epl,total,0,0,228,unavailable: training support below threshold,unavailable: matched training support below threshold,0,76,244,0,76,244,1059,calibration_unavailable+blend_unavailable
KXLALIGATOTAL,Soccer,La Liga,total,strict_evaluated,,strict,laliga,total,0,0,153,unavailable: training support below threshold,unavailable: matched training support below threshold,0,51,276,0,51,276,1268,calibration_unavailable+blend_unavailable
KXMLSTOTAL,Soccer,MLS,total,exploratory_evaluated,only 0 pre-test settled contracts (< 30),exploratory,mls,total,0,0,0,unavailable: training support below threshold,unavailable: matched training support below threshold,0,0,300,0,0,300,2213,calibration_unavailable+blend_unavailable
KXCLUBFTOTAL,Soccer,Club Friendlies,total,not_attempted_supported_sport,no independent results adapter for this competition in Phase 1 (game_winner only via Kalshi-only path),,,,,,,,,,,,,,,,phase1:not_attempted_supported_sport
KXUCLTOTAL,Soccer,Champions League,total,strict_evaluated,,strict,ucl,total,0,0,108,unavailable: training support below threshold,unavailable: matched training support below threshold,0,36,87,0,36,87,368,calibration_unavailable+blend_unavailable
KXLIGAMXTOTAL,Soccer,Liga MX,total,exploratory_evaluated,only 0 pre-test settled contracts (< 30),exploratory,ligamx,total,0,0,0,unavailable: training support below threshold,unavailable: matched training support below threshold,0,0,201,0,0,201,1025,calibration_unavailable+blend_unavailable
KXINTLFRIENDLYTOTAL,Soccer,Intl Friendlies,total,not_attempted_supported_sport,no independent results adapter for this competition in Phase 1 (game_winner only via Kalshi-only path),,,,,,,,,,,,,,,,phase1:not_attempted_supported_sport
KXARGPREMDIVTOTAL,Soccer,Argentina Primera Division,total,exploratory_evaluated,only 0 pre-test settled contracts (< 30),exploratory,argentina,total,0,0,0,unavailable: training support below threshold,unavailable: matched training support below threshold,0,0,170,0,0,170,1058,calibration_unavailable+blend_unavailable
KXSERIEATOTAL,Soccer,Serie A,total,strict_evaluated,,strict,seriea,total,0,0,168,unavailable: training support below threshold,unavailable: matched training support below threshold,0,56,261,0,56,261,1125,calibration_unavailable+blend_unavailable
KXLEAGUESCUPTOTAL,Soccer,Leagues Cup,total,not_attempted_supported_sport,no independent results adapter for this competition in Phase 1 (game_winner only via Kalshi-only path),,,,,,,,,,,,,,,,phase1:not_attempted_supported_sport
KXUEFANLTOTAL,Soccer,UEFA Nations League,total,not_attempted_supported_sport,no independent results adapter for this competition in Phase 1 (game_winner only via Kalshi-only path),,,,,,,,,,,,,,,,phase1:not_attempted_supported_sport
KXUECLTOTAL,Soccer,Conference League,total,exploratory_evaluated,only 0 pre-test settled contracts (< 30),exploratory,uecl,total,0,0,0,unavailable: training support below threshold,unavailable: matched training support below threshold,0,0,5,0,0,5,20,calibration_unavailable+blend_unavailable
KXBUNDESLIGATOTAL,Soccer,Bundesliga,total,strict_evaluated,,strict,bundesliga,total,0,0,135,unavailable: training support below threshold,unavailable: matched training support below threshold,0,45,207,0,44,207,919,calibration_unavailable+blend_unavailable
KXDIMAYORTOTAL,Soccer,Colombian Liga DIMAYOR,total,not_attempted_supported_sport,no independent results adapter for this competition in Phase 1 (game_winner only via Kalshi-only path),,,,,,,,,,,,,,,,phase1:not_attempted_supported_sport
KXBRASILEIROTOTAL,Soccer,Brasileiro,total,exploratory_evaluated,only 0 pre-test settled contracts (< 30),exploratory,brasileiro,total,0,0,0,unavailable: training support below threshold,unavailable: matched training support below threshold,0,0,256,0,0,254,1271,calibration_unavailable+blend_unavailable
KXBRASILEIROBTOTAL,Soccer,Brasileiro Serie B,total,not_attempted_supported_sport,no independent results adapter for this competition in Phase 1 (game_winner only via Kalshi-only path),,,,,,,,,,,,,,,,phase1:not_attempted_supported_sport
KXUELTOTAL,Soccer,Europa League,total,exploratory_evaluated,only 0 pre-test settled contracts (< 30),exploratory,uel,total,0,0,0,unavailable: training support below threshold,unavailable: matched training support below threshold,0,0,42,0,0,42,189,calibration_unavailable+blend_unavailable
KXECULPTOTAL,Soccer,Ecuador LigaPro,total,not_attempted_supported_sport,no independent results adapter for this competition in Phase 1 (game_winner only via Kalshi-only path),,,,,,,,,,,,,,,,phase1:not_attempted_supported_sport
KXCONCACAFNLTOTAL,Soccer,CONCACAF Nations League,total,not_attempted_supported_sport,no independent results adapter for this competition in Phase 1 (game_winner only via Kalshi-only path),,,,,,,,,,,,,,,,phase1:not_attempted_supported_sport
KXLIGUE1TOTAL,Soccer,Ligue 1,total,strict_evaluated,,strict,ligue1,total,0,0,108,unavailable: training support below threshold,unavailable: matched training support below threshold,0,36,206,0,34,206,926,calibration_unavailable+blend_unavailable
KXPERLIGA1TOTAL,Soccer,Peru Liga 1,total,not_attempted_supported_sport,no independent results adapter for this competition in Phase 1 (game_winner only via Kalshi-only path),,,,,,,,,,,,,,,,phase1:not_attempted_supported_sport
KXAPFDDHTOTAL,Soccer,APF Division de Honor,total,not_attempted_supported_sport,no independent results adapter for this competition in Phase 1 (game_winner only via Kalshi-only path),,,,,,,,,,,,,,,,phase1:not_attempted_supported_sport
KXUCLWTOTAL,Soccer,Champions League Womens,total,not_attempted_supported_sport,no independent results adapter for this competition in Phase 1 (game_winner only via Kalshi-only path),,,,,,,,,,,,,,,,phase1:not_attempted_supported_sport
KXSAUDIPLTOTAL,Soccer,Saudi Pro League,total,exploratory_evaluated,only 0 pre-test settled contracts (< 30),exploratory,saudi,total,0,0,0,unavailable: training support below threshold,unavailable: matched training support below threshold,0,0,189,0,0,188,954,calibration_unavailable+blend_unavailable
KXALLSVENSKANTOTAL,Soccer,Allsvenskan,total,not_attempted_supported_sport,no independent results adapter for this competition in Phase 1 (game_winner only via Kalshi-only path),,,,,,,,,,,,,,,,phase1:not_attempted_supported_sport
KXCHNSLTOTAL,Soccer,Chinese Super League,total,not_attempted_supported_sport,no independent results adapter for this competition in Phase 1 (game_winner only via Kalshi-only path),,,,,,,,,,,,,,,,phase1:not_attempted_supported_sport
KXEFLCHAMPIONSHIPTOTAL,Soccer,EFL Championship,total,exploratory_evaluated,only 0 pre-test settled contracts (< 30),exploratory,eflc,total,0,0,0,unavailable: training support below threshold,unavailable: matched training support below threshold,0,0,124,0,0,124,785,calibration_unavailable+blend_unavailable
KXCONMEBOLSUDTOTAL,Soccer,CONMEBOL Sudamericana,total,not_attempted_supported_sport,no independent results adapter for this competition in Phase 1 (game_winner only via Kalshi-only path),,,,,,,,,,,,,,,,phase1:not_attempted_supported_sport
KXELITESERIENTOTAL,Soccer,Eliteserien,total,not_attempted_supported_sport,no independent results adapter for this competition in Phase 1 (game_winner only via Kalshi-only path),,,,,,,,,,,,,,,,phase1:not_attempted_supported_sport
KXEFLCUPTOTAL,Soccer,EFL Cup,total,not_attempted_supported_sport,no independent results adapter for this competition in Phase 1 (game_winner only via Kalshi-only path),,,,,,,,,,,,,,,,phase1:not_attempted_supported_sport
KXNWSLTOTAL,Soccer,NWSL,total,not_attempted_supported_sport,no independent results adapter for this competition in Phase 1 (game_winner only via Kalshi-only path),,,,,,,,,,,,,,,,phase1:not_attempted_supported_sport
KXEREDIVISIETOTAL,Soccer,Eredivisie,total,exploratory_evaluated,only 0 pre-test settled contracts (< 30),exploratory,eredivisie,total,0,0,0,unavailable: training support below threshold,unavailable: matched training support below threshold,0,0,99,0,0,98,634,calibration_unavailable+blend_unavailable
KXLIGAPORTUGALTOTAL,Soccer,Liga Portugal,total,exploratory_evaluated,only 0 pre-test settled contracts (< 30),exploratory,ligaportugal,total,0,0,0,unavailable: training support below threshold,unavailable: matched training support below threshold,0,0,62,0,0,62,428,calibration_unavailable+blend_unavailable
KXLIGAEXPTOTAL,Soccer,Liga de Expansion MX,total,not_attempted_supported_sport,no independent results adapter for this competition in Phase 1 (game_winner only via Kalshi-only path),,,,,,,,,,,,,,,,phase1:not_attempted_supported_sport
KXCOPADOBRASILTOTAL,Soccer,Copa do Brasil,total,not_attempted_supported_sport,no independent results adapter for this competition in Phase 1 (game_winner only via Kalshi-only path),,,,,,,,,,,,,,,,phase1:not_attempted_supported_sport
KXURYPDTOTAL,Soccer,Uruguay Primera Division,total,not_attempted_supported_sport,no independent results adapter for this competition in Phase 1 (game_winner only via Kalshi-only path),,,,,,,,,,,,,,,,phase1:not_attempted_supported_sport
KXLALIGA2TOTAL,Soccer,La Liga 2,total,not_attempted_supported_sport,no independent results adapter for this competition in Phase 1 (game_winner only via Kalshi-only path),,,,,,,,,,,,,,,,phase1:not_attempted_supported_sport
KXEKSTRAKLASATOTAL,Soccer,Ekstraklasa,total,not_attempted_supported_sport,no independent results adapter for this competition in Phase 1 (game_winner only via Kalshi-only path),,,,,,,,,,,,,,,,phase1:not_attempted_supported_sport
KXJLEAGUETOTAL,Soccer,Japan J1 League,total,not_attempted_supported_sport,no independent results adapter for this competition in Phase 1 (game_winner only via Kalshi-only path),,,,,,,,,,,,,,,,phase1:not_attempted_supported_sport
KXCHLLDPTOTAL,Soccer,Chile Liga de Primera,total,not_attempted_supported_sport,no independent results adapter for this competition in Phase 1 (game_winner only via Kalshi-only path),,,,,,,,,,,,,,,,phase1:not_attempted_supported_sport
KXARGNACBTOTAL,Soccer,Argentine Nacional B,total,not_attempted_supported_sport,no independent results adapter for this competition in Phase 1 (game_winner only via Kalshi-only path),,,,,,,,,,,,,,,,phase1:not_attempted_supported_sport
KXCONMEBOLLIBTOTAL,Soccer,CONMEBOL Libertadores,total,not_attempted_supported_sport,no independent results adapter for this competition in Phase 1 (game_winner only via Kalshi-only path),,,,,,,,,,,,,,,,phase1:not_attempted_supported_sport
KXDENSUPERLIGATOTAL,Soccer,Danish Superliga,total,not_attempted_supported_sport,no independent results adapter for this competition in Phase 1 (game_winner only via Kalshi-only path),,,,,,,,,,,,,,,,phase1:not_attempted_supported_sport
KXAFCONTOTAL,Soccer,AFCON Qualifiers,total,not_attempted_supported_sport,no independent results adapter for this competition in Phase 1 (game_winner only via Kalshi-only path),,,,,,,,,,,,,,,,phase1:not_attempted_supported_sport
KXUSLTOTAL,Soccer,USL Championship,total,not_attempted_supported_sport,no independent results adapter for this competition in Phase 1 (game_winner only via Kalshi-only path),,,,,,,,,,,,,,,,phase1:not_attempted_supported_sport
KXEGYPLTOTAL,Soccer,Egyptian Premier League,total,not_attempted_supported_sport,no independent results adapter for this competition in Phase 1 (game_winner only via Kalshi-only path),,,,,,,,,,,,,,,,phase1:not_attempted_supported_sport
KXASEANTOTAL,Soccer,ASEAN Championship,total,not_attempted_supported_sport,no independent results adapter for this competition in Phase 1 (game_winner only via Kalshi-only path),,,,,,,,,,,,,,,,phase1:not_attempted_supported_sport
KXSUPERLIGTOTAL,Soccer,Super Lig,total,not_attempted_supported_sport,no independent results adapter for this competition in Phase 1 (game_winner only via Kalshi-only path),,,,,,,,,,,,,,,,phase1:not_attempted_supported_sport
KXCZEFLTOTAL,Soccer,Czech First League,total,not_attempted_supported_sport,no independent results adapter for this competition in Phase 1 (game_winner only via Kalshi-only path),,,,,,,,,,,,,,,,phase1:not_attempted_supported_sport
KXKLEAGUETOTAL,Soccer,Korea K League 1,total,not_attempted_supported_sport,no independent results adapter for this competition in Phase 1 (game_winner only via Kalshi-only path),,,,,,,,,,,,,,,,phase1:not_attempted_supported_sport
KXBUNDESLIGA2TOTAL,Soccer,Bundesliga 2,total,exploratory_evaluated,only 0 pre-test settled contracts (< 30),exploratory,bundesliga2,total,0,0,0,unavailable: training support below threshold,unavailable: matched training support below threshold,0,0,54,0,0,54,413,calibration_unavailable+blend_unavailable
KXBELGIANPLTOTAL,Soccer,Belgian Pro League,total,not_attempted_supported_sport,no independent results adapter for this competition in Phase 1 (game_winner only via Kalshi-only path),,,,,,,,,,,,,,,,phase1:not_attempted_supported_sport
KXSCOTTISHPREMTOTAL,Soccer,Scottish Premiership,total,not_attempted_supported_sport,no independent results adapter for this competition in Phase 1 (game_winner only via Kalshi-only path),,,,,,,,,,,,,,,,phase1:not_attempted_supported_sport
KXEERSTEDIVTOTAL,Soccer,Eerste Divisie,total,not_attempted_supported_sport,no independent results adapter for this competition in Phase 1 (game_winner only via Kalshi-only path),,,,,,,,,,,,,,,,phase1:not_attempted_supported_sport
KXWCTOTALGOAL,Soccer,FIFA World Cup,total,not_attempted_supported_sport,no independent results adapter for this competition in Phase 1 (game_winner only via Kalshi-only path),,,,,,,,,,,,,,,,phase1:not_attempted_supported_sport
KXSWISSLEAGUETOTAL,Soccer,Swiss Super League,total,not_attempted_supported_sport,no independent results adapter for this competition in Phase 1 (game_winner only via Kalshi-only path),,,,,,,,,,,,,,,,phase1:not_attempted_supported_sport
KXJ2LEAGUETOTAL,Soccer,Japan J2 League,total,not_attempted_supported_sport,no independent results adapter for this competition in Phase 1 (game_winner only via Kalshi-only path),,,,,,,,,,,,,,,,phase1:not_attempted_supported_sport
KXETTANTOTAL,Soccer,Ettan,total,not_attempted_supported_sport,no independent results adapter for this competition in Phase 1 (game_winner only via Kalshi-only path),,,,,,,,,,,,,,,,phase1:not_attempted_supported_sport
KXUAEPLTOTAL,Soccer,UAE Pro League,total,not_attempted_supported_sport,no independent results adapter for this competition in Phase 1 (game_winner only via Kalshi-only path),,,,,,,,,,,,,,,,phase1:not_attempted_supported_sport
KXCOPPAITALIATOTAL,Soccer,Coppa Italia,total,not_attempted_supported_sport,no independent results adapter for this competition in Phase 1 (game_winner only via Kalshi-only path),,,,,,,,,,,,,,,,phase1:not_attempted_supported_sport
KXALEAGUETOTAL,Soccer,A-League,total,not_attempted_supported_sport,no independent results adapter for this competition in Phase 1 (game_winner only via Kalshi-only path),,,,,,,,,,,,,,,,phase1:not_attempted_supported_sport
KXCANPLTOTAL,Soccer,Canadian Premier League,total,not_attempted_supported_sport,no independent results adapter for this competition in Phase 1 (game_winner only via Kalshi-only path),,,,,,,,,,,,,,,,phase1:not_attempted_supported_sport
KXBRASILEIROCTOTAL,Soccer,Brasileiro Serie C,total,not_attempted_supported_sport,no independent results adapter for this competition in Phase 1 (game_winner only via Kalshi-only path),,,,,,,,,,,,,,,,phase1:not_attempted_supported_sport
KXSERIECTOTAL,Soccer,Serie C,total,not_attempted_supported_sport,no independent results adapter for this competition in Phase 1 (game_winner only via Kalshi-only path),,,,,,,,,,,,,,,,phase1:not_attempted_supported_sport
KXAFCCLTOTAL,Soccer,AFC Champions League,total,not_attempted_supported_sport,no independent results adapter for this competition in Phase 1 (game_winner only via Kalshi-only path),,,,,,,,,,,,,,,,phase1:not_attempted_supported_sport
KXTFF1LIGTOTAL,Soccer,TFF 1. Lig,total,not_attempted_supported_sport,no independent results adapter for this competition in Phase 1 (game_winner only via Kalshi-only path),,,,,,,,,,,,,,,,phase1:not_attempted_supported_sport
KXENGNLTOTAL,Soccer,English National League,total,not_attempted_supported_sport,no independent results adapter for this competition in Phase 1 (game_winner only via Kalshi-only path),,,,,,,,,,,,,,,,phase1:not_attempted_supported_sport
KXVENFUTVETOTAL,Soccer,Venezuela Liga FUTVE,total,not_attempted_supported_sport,no independent results adapter for this competition in Phase 1 (game_winner only via Kalshi-only path),,,,,,,,,,,,,,,,phase1:not_attempted_supported_sport
KXFINYLTOTAL,Soccer,Finnish Ykkosliiga,total,not_attempted_supported_sport,no independent results adapter for this competition in Phase 1 (game_winner only via Kalshi-only path),,,,,,,,,,,,,,,,phase1:not_attempted_supported_sport
KXDFBPOKALTOTAL,Soccer,DFB Pokal,total,not_attempted_supported_sport,no independent results adapter for this competition in Phase 1 (game_winner only via Kalshi-only path),,,,,,,,,,,,,,,,phase1:not_attempted_supported_sport
KXCHNL1TOTAL,Soccer,China League 1,total,not_attempted_supported_sport,no independent results adapter for this competition in Phase 1 (game_winner only via Kalshi-only path),,,,,,,,,,,,,,,,phase1:not_attempted_supported_sport
KXEFLL1TOTAL,Soccer,EFL League One,total,not_attempted_supported_sport,no independent results adapter for this competition in Phase 1 (game_winner only via Kalshi-only path),,,,,,,,,,,,,,,,phase1:not_attempted_supported_sport
KXHNLTOTAL,Soccer,Croatia HNL,total,not_attempted_supported_sport,no independent results adapter for this competition in Phase 1 (game_winner only via Kalshi-only path),,,,,,,,,,,,,,,,phase1:not_attempted_supported_sport
KXCZEFNLTOTAL,Soccer,Czech National Football League,total,not_attempted_supported_sport,no independent results adapter for this competition in Phase 1 (game_winner only via Kalshi-only path),,,,,,,,,,,,,,,,phase1:not_attempted_supported_sport
KXFACUPTOTAL,Soccer,FA Cup,total,not_attempted_supported_sport,no independent results adapter for this competition in Phase 1 (game_winner only via Kalshi-only path),,,,,,,,,,,,,,,,phase1:not_attempted_supported_sport
KXLVAVIRTOTAL,Soccer,Latvian Virsliga,total,not_attempted_supported_sport,no independent results adapter for this competition in Phase 1 (game_winner only via Kalshi-only path),,,,,,,,,,,,,,,,phase1:not_attempted_supported_sport
KXSVK2LTOTAL,Soccer,Slovakian 2. Liga,total,not_attempted_supported_sport,no independent results adapter for this competition in Phase 1 (game_winner only via Kalshi-only path),,,,,,,,,,,,,,,,phase1:not_attempted_supported_sport
KXGRECUPTOTAL,Soccer,Greek Cup,total,not_attempted_supported_sport,no independent results adapter for this competition in Phase 1 (game_winner only via Kalshi-only path),,,,,,,,,,,,,,,,phase1:not_attempted_supported_sport
KXIDNSLTOTAL,Soccer,Indonesia Super League,total,not_attempted_supported_sport,no independent results adapter for this competition in Phase 1 (game_winner only via Kalshi-only path),,,,,,,,,,,,,,,,phase1:not_attempted_supported_sport
KXMYSLTOTAL,Soccer,Malaysia Super League,total,not_attempted_supported_sport,no independent results adapter for this competition in Phase 1 (game_winner only via Kalshi-only path),,,,,,,,,,,,,,,,phase1:not_attempted_supported_sport
KXLIGUE2TOTAL,Soccer,Ligue 2,total,not_attempted_supported_sport,no independent results adapter for this competition in Phase 1 (game_winner only via Kalshi-only path),,,,,,,,,,,,,,,,phase1:not_attempted_supported_sport
KXSERIEBTOTAL,Soccer,Serie B,total,not_attempted_supported_sport,no independent results adapter for this competition in Phase 1 (game_winner only via Kalshi-only path),,,,,,,,,,,,,,,,phase1:not_attempted_supported_sport
KXGER3LTOTAL,Soccer,German 3. Liga,total,not_attempted_supported_sport,no independent results adapter for this competition in Phase 1 (game_winner only via Kalshi-only path),,,,,,,,,,,,,,,,phase1:not_attempted_supported_sport
KXVLEAGUE1TOTAL,Soccer,Vietnam V-League 1,total,not_attempted_supported_sport,no independent results adapter for this competition in Phase 1 (game_winner only via Kalshi-only path),,,,,,,,,,,,,,,,phase1:not_attempted_supported_sport
KXISRNLTOTAL,Soccer,Liga Leumit,total,not_attempted_supported_sport,no independent results adapter for this competition in Phase 1 (game_winner only via Kalshi-only path),,,,,,,,,,,,,,,,phase1:not_attempted_supported_sport
KXSLGREECETOTAL,Soccer,Greece Super League,total,not_attempted_supported_sport,no independent results adapter for this competition in Phase 1 (game_winner only via Kalshi-only path),,,,,,,,,,,,,,,,phase1:not_attempted_supported_sport
KXFIFATOTAL,Soccer,FIFA World Cup Qualifiers,total,not_attempted_supported_sport,no independent results adapter for this competition in Phase 1 (game_winner only via Kalshi-only path),,,,,,,,,,,,,,,,phase1:not_attempted_supported_sport
KXTHAIL1TOTAL,Soccer,Thai League 1,total,not_attempted_supported_sport,no independent results adapter for this competition in Phase 1 (game_winner only via Kalshi-only path),,,,,,,,,,,,,,,,phase1:not_attempted_supported_sport
KXSVKCUPTOTAL,Soccer,Slovakian Cup,total,not_attempted_supported_sport,no independent results adapter for this competition in Phase 1 (game_winner only via Kalshi-only path),,,,,,,,,,,,,,,,phase1:not_attempted_supported_sport
KXISRPLTOTAL,Soccer,Israeli Premier League,total,not_attempted_supported_sport,no independent results adapter for this competition in Phase 1 (game_winner only via Kalshi-only path),,,,,,,,,,,,,,,,phase1:not_attempted_supported_sport
KXUEFASCTOTAL,Soccer,UEFA Super Cup,total,not_attempted_supported_sport,no independent results adapter for this competition in Phase 1 (game_winner only via Kalshi-only path),,,,,,,,,,,,,,,,phase1:not_attempted_supported_sport
KXSCOCUPTOTAL,Soccer,Scottish League Cup,total,not_attempted_supported_sport,no independent results adapter for this competition in Phase 1 (game_winner only via Kalshi-only path),,,,,,,,,,,,,,,,phase1:not_attempted_supported_sport
KXK2LEAGUETOTAL,Soccer,Korea K-League 2,total,not_attempted_supported_sport,no independent results adapter for this competition in Phase 1 (game_winner only via Kalshi-only path),,,,,,,,,,,,,,,,phase1:not_attempted_supported_sport
KXSRBSLTOTAL,Soccer,Serbian SuperLiga,total,not_attempted_supported_sport,no independent results adapter for this competition in Phase 1 (game_winner only via Kalshi-only path),,,,,,,,,,,,,,,,phase1:not_attempted_supported_sport
KXENGCSTOTAL,Soccer,Community Shield,total,not_attempted_supported_sport,no independent results adapter for this competition in Phase 1 (game_winner only via Kalshi-only path),,,,,,,,,,,,,,,,phase1:not_attempted_supported_sport
KXTWEEDEDIVTOTAL,Soccer,Tweede Divisie,total,not_attempted_supported_sport,no independent results adapter for this competition in Phase 1 (game_winner only via Kalshi-only path),,,,,,,,,,,,,,,,phase1:not_attempted_supported_sport
KXSVNPLTOTAL,Soccer,Slovenian Prva Liga,total,not_attempted_supported_sport,no independent results adapter for this competition in Phase 1 (game_winner only via Kalshi-only path),,,,,,,,,,,,,,,,phase1:not_attempted_supported_sport
KXCOPADELREYTOTAL,Soccer,Copa del Rey,total,not_attempted_supported_sport,no independent results adapter for this competition in Phase 1 (game_winner only via Kalshi-only path),,,,,,,,,,,,,,,,phase1:not_attempted_supported_sport
KXKNVBCUPTOTAL,Soccer,KNVB,total,not_attempted_supported_sport,no independent results adapter for this competition in Phase 1 (game_winner only via Kalshi-only path),,,,,,,,,,,,,,,,phase1:not_attempted_supported_sport
KXWCGBOOTGOALS,Soccer,FIFA World Cup,total,not_attempted_supported_sport,no independent results adapter for this competition in Phase 1 (game_winner only via Kalshi-only path),,,,,,,,,,,,,,,,phase1:not_attempted_supported_sport
KXSERIECCUPTOTAL,Soccer,Coppa Italia Lega Pro,total,not_attempted_supported_sport,no independent results adapter for this competition in Phase 1 (game_winner only via Kalshi-only path),,,,,,,,,,,,,,,,phase1:not_attempted_supported_sport
KXTACAPORTTOTAL,Soccer,Taca de Portugal,total,not_attempted_supported_sport,no independent results adapter for this competition in Phase 1 (game_winner only via Kalshi-only path),,,,,,,,,,,,,,,,phase1:not_attempted_supported_sport
KXUSOPENCUPTOTAL,Soccer,US Open Cup,total,not_attempted_supported_sport,no independent results adapter for this competition in Phase 1 (game_winner only via Kalshi-only path),,,,,,,,,,,,,,,,phase1:not_attempted_supported_sport
KXSGPPLTOTAL,Soccer,Singapore Premier League,total,not_attempted_supported_sport,no independent results adapter for this competition in Phase 1 (game_winner only via Kalshi-only path),,,,,,,,,,,,,,,,phase1:not_attempted_supported_sport
KXGERSCTOTAL,Soccer,Germany Super Cup,total,not_attempted_supported_sport,no independent results adapter for this competition in Phase 1 (game_winner only via Kalshi-only path),,,,,,,,,,,,,,,,phase1:not_attempted_supported_sport
KXMLSASTTOTAL,Soccer,MLS All-Star Game,total,not_attempted_supported_sport,no independent results adapter for this competition in Phase 1 (game_winner only via Kalshi-only path),,,,,,,,,,,,,,,,phase1:not_attempted_supported_sport
KXFROPLTOTAL,Soccer,Faroe Islands Premier League,total,not_attempted_supported_sport,no independent results adapter for this competition in Phase 1 (game_winner only via Kalshi-only path),,,,,,,,,,,,,,,,phase1:not_attempted_supported_sport
KXUSLCUPTOTAL,Soccer,USL Cup,total,not_attempted_supported_sport,no independent results adapter for this competition in Phase 1 (game_winner only via Kalshi-only path),,,,,,,,,,,,,,,,phase1:not_attempted_supported_sport
KXFRASUPERCUPTOTAL,Soccer,France Super Cup,total,not_attempted_supported_sport,no independent results adapter for this competition in Phase 1 (game_winner only via Kalshi-only path),,,,,,,,,,,,,,,,phase1:not_attempted_supported_sport
KXEFLTROPHYTOTAL,Soccer,EFL Trophy,total,not_attempted_supported_sport,no independent results adapter for this competition in Phase 1 (game_winner only via Kalshi-only path),,,,,,,,,,,,,,,,phase1:not_attempted_supported_sport
KXISRPLCUPTOTAL,Soccer,Premier League Cup,total,not_attempted_supported_sport,no independent results adapter for this competition in Phase 1 (game_winner only via Kalshi-only path),,,,,,,,,,,,,,,,phase1:not_attempted_supported_sport
KXFINCUPTOTAL,Soccer,Suomen Cup,total,not_attempted_supported_sport,no independent results adapter for this competition in Phase 1 (game_winner only via Kalshi-only path),,,,,,,,,,,,,,,,phase1:not_attempted_supported_sport
KXFROCUPTOTAL,Soccer,Faroe Islands Cup,total,not_attempted_supported_sport,no independent results adapter for this competition in Phase 1 (game_winner only via Kalshi-only path),,,,,,,,,,,,,,,,phase1:not_attempted_supported_sport
KXAFCACTOTAL,Soccer,,total,not_attempted_supported_sport,no traded markets,,,,,,,,,,,,,,,,phase1:not_attempted_supported_sport
KXCLUBWCTOTAL,Soccer,,total,not_attempted_supported_sport,no traded markets,,,,,,,,,,,,,,,,phase1:not_attempted_supported_sport
KXCONCACAFCCUPTOTAL,Soccer,,total,not_attempted_supported_sport,no traded markets,,,,,,,,,,,,,,,,phase1:not_attempted_supported_sport
KXCOUPEDEFRANCETOTAL,Soccer,,total,not_attempted_supported_sport,no traded markets,,,,,,,,,,,,,,,,phase1:not_attempted_supported_sport
KXESPSUPERCUPTOTAL,Soccer,,total,not_attempted_supported_sport,no traded markets,,,,,,,,,,,,,,,,phase1:not_attempted_supported_sport
KXFIFAWTOTAL,Soccer,,total,not_attempted_supported_sport,no traded markets,,,,,,,,,,,,,,,,phase1:not_attempted_supported_sport
KXFINALISSIMATOTAL,Soccer,,total,not_attempted_supported_sport,no traded markets,,,,,,,,,,,,,,,,phase1:not_attempted_supported_sport
KXISRNLCUPTOTAL,Soccer,,total,not_attempted_supported_sport,no traded markets,,,,,,,,,,,,,,,,phase1:not_attempted_supported_sport
KXISRSCUPTOTAL,Soccer,,total,not_attempted_supported_sport,no traded markets,,,,,,,,,,,,,,,,phase1:not_attempted_supported_sport
KXISRSUPCUPTOTAL,Soccer,,total,not_attempted_supported_sport,no traded markets,,,,,,,,,,,,,,,,phase1:not_attempted_supported_sport
KXITASUPERCUPTOTAL,Soccer,,total,not_attempted_supported_sport,no traded markets,,,,,,,,,,,,,,,,phase1:not_attempted_supported_sport
KXSERIECSCUPTOTAL,Soccer,,total,not_attempted_supported_sport,no traded markets,,,,,,,,,,,,,,,,phase1:not_attempted_supported_sport
KXSOCCERTOTAL,Soccer,,total,not_attempted_supported_sport,no traded markets,,,,,,,,,,,,,,,,phase1:not_attempted_supported_sport
KXSRBCUPTOTAL,Soccer,,total,not_attempted_supported_sport,no traded markets,,,,,,,,,,,,,,,,phase1:not_attempted_supported_sport
KXSVNCUPTOTAL,Soccer,,total,not_attempted_supported_sport,no traded markets,,,,,,,,,,,,,,,,phase1:not_attempted_supported_sport
KXUCLGAME,Soccer,Champions League,tournament_outright,not_attempted_supported_sport,outright/bracket: few independent outcomes per season; needs prospective capture + simulation,,,,,,,,,,,,,,,,phase1:not_attempted_supported_sport
KXEFLCHAMPIONSHIPGAME,Soccer,EFL Championship,tournament_outright,not_attempted_supported_sport,outright/bracket: few independent outcomes per season; needs prospective capture + simulation,,,,,,,,,,,,,,,,phase1:not_attempted_supported_sport
KXUCL,Soccer,Champions League,tournament_outright,not_attempted_supported_sport,outright/bracket: few independent outcomes per season; needs prospective capture + simulation,,,,,,,,,,,,,,,,phase1:not_attempted_supported_sport
KXUCLWGAME,Soccer,Champions League Womens,tournament_outright,not_attempted_supported_sport,outright/bracket: few independent outcomes per season; needs prospective capture + simulation,,,,,,,,,,,,,,,,phase1:not_attempted_supported_sport
KXUSLGAME,Soccer,USL Championship,tournament_outright,not_attempted_supported_sport,outright/bracket: few independent outcomes per season; needs prospective capture + simulation,,,,,,,,,,,,,,,,phase1:not_attempted_supported_sport
KXWCROUND,Soccer,FIFA World Cup,tournament_outright,not_attempted_supported_sport,outright/bracket: few independent outcomes per season; needs prospective capture + simulation,,,,,,,,,,,,,,,,phase1:not_attempted_supported_sport
KXUCLADVANCE,Soccer,Champions League,tournament_outright,not_attempted_supported_sport,outright/bracket: few independent outcomes per season; needs prospective capture + simulation,,,,,,,,,,,,,,,,phase1:not_attempted_supported_sport
KXCONCACAFCCUPGAME,Soccer,CONCACAF Champions Cup,tournament_outright,not_attempted_supported_sport,outright/bracket: few independent outcomes per season; needs prospective capture + simulation,,,,,,,,,,,,,,,,phase1:not_attempted_supported_sport
KXPREMIERLEAGUE,Soccer,EPL,tournament_outright,not_attempted_supported_sport,outright/bracket: few independent outcomes per season; needs prospective capture + simulation,,,,,,,,,,,,,,,,phase1:not_attempted_supported_sport
KXAFCCLGAME,Soccer,AFC Champions League,tournament_outright,not_attempted_supported_sport,outright/bracket: few independent outcomes per season; needs prospective capture + simulation,,,,,,,,,,,,,,,,phase1:not_attempted_supported_sport
KXWCMATCHUP,Soccer,FIFA World Cup,tournament_outright,not_attempted_supported_sport,outright/bracket: few independent outcomes per season; needs prospective capture + simulation,,,,,,,,,,,,,,,,phase1:not_attempted_supported_sport
KXWCGROUPWIN,Soccer,FIFA World Cup,tournament_outright,not_attempted_supported_sport,outright/bracket: few independent outcomes per season; needs prospective capture + simulation,,,,,,,,,,,,,,,,phase1:not_attempted_supported_sport
KXWCFINISHINGORDER,Soccer,FIFA World Cup,tournament_outright,not_attempted_supported_sport,outright/bracket: few independent outcomes per season; needs prospective capture + simulation,,,,,,,,,,,,,,,,phase1:not_attempted_supported_sport
KXLEAGUESCUPADVANCE,Soccer,Leagues Cup,tournament_outright,not_attempted_supported_sport,outright/bracket: few independent outcomes per season; needs prospective capture + simulation,,,,,,,,,,,,,,,,phase1:not_attempted_supported_sport
KXUECLADVANCE,Soccer,Conference League,tournament_outright,not_attempted_supported_sport,outright/bracket: few independent outcomes per season; needs prospective capture + simulation,,,,,,,,,,,,,,,,phase1:not_attempted_supported_sport
KXEFLCUPADVANCE,Soccer,EFL Cup,tournament_outright,not_attempted_supported_sport,outright/bracket: few independent outcomes per season; needs prospective capture + simulation,,,,,,,,,,,,,,,,phase1:not_attempted_supported_sport
KXCONMEBOLSUDADVANCE,Soccer,CONMEBOL Sudamericana,tournament_outright,not_attempted_supported_sport,outright/bracket: few independent outcomes per season; needs prospective capture + simulation,,,,,,,,,,,,,,,,phase1:not_attempted_supported_sport
KXWCCONTINENT,Soccer,FIFA World Cup,tournament_outright,not_attempted_supported_sport,outright/bracket: few independent outcomes per season; needs prospective capture + simulation,,,,,,,,,,,,,,,,phase1:not_attempted_supported_sport
KXLALIGARELEGATION,Soccer,La Liga,tournament_outright,not_attempted_supported_sport,outright/bracket: few independent outcomes per season; needs prospective capture + simulation,,,,,,,,,,,,,,,,phase1:not_attempted_supported_sport
KXWCGROUPQUAL,Soccer,FIFA World Cup,tournament_outright,not_attempted_supported_sport,outright/bracket: few independent outcomes per season; needs prospective capture + simulation,,,,,,,,,,,,,,,,phase1:not_attempted_supported_sport
KXUEFACL,Soccer,,tournament_outright,not_attempted_supported_sport,outright/bracket: few independent outcomes per season; needs prospective capture + simulation,,,,,,,,,,,,,,,,phase1:not_attempted_supported_sport
KXCONMEBOLLIBADVANCE,Soccer,CONMEBOL Libertadores,tournament_outright,not_attempted_supported_sport,outright/bracket: few independent outcomes per season; needs prospective capture + simulation,,,,,,,,,,,,,,,,phase1:not_attempted_supported_sport
KXWC3RDPLACE,Soccer,FIFA World Cup,tournament_outright,not_attempted_supported_sport,outright/bracket: few independent outcomes per season; needs prospective capture + simulation,,,,,,,,,,,,,,,,phase1:not_attempted_supported_sport
KXCOPADOBRASILADVANCE,Soccer,Copa do Brasil,tournament_outright,not_attempted_supported_sport,outright/bracket: few independent outcomes per season; needs prospective capture + simulation,,,,,,,,,,,,,,,,phase1:not_attempted_supported_sport
KXUELADVANCE,Soccer,Europa League,tournament_outright,not_attempted_supported_sport,outright/bracket: few independent outcomes per season; needs prospective capture + simulation,,,,,,,,,,,,,,,,phase1:not_attempted_supported_sport
KXUCLWADVANCE,Soccer,Champions League Womens,tournament_outright,not_attempted_supported_sport,outright/bracket: few independent outcomes per season; needs prospective capture + simulation,,,,,,,,,,,,,,,,phase1:not_attempted_supported_sport
KXMLSCUP,Soccer,MLS,tournament_outright,not_attempted_supported_sport,outright/bracket: few independent outcomes per season; needs prospective capture + simulation,,,,,,,,,,,,,,,,phase1:not_attempted_supported_sport
KXLALIGA,Soccer,La Liga,tournament_outright,not_attempted_supported_sport,outright/bracket: few independent outcomes per season; needs prospective capture + simulation,,,,,,,,,,,,,,,,phase1:not_attempted_supported_sport
KXLIGAMX,Soccer,Liga MX,tournament_outright,not_attempted_supported_sport,outright/bracket: few independent outcomes per season; needs prospective capture + simulation,,,,,,,,,,,,,,,,phase1:not_attempted_supported_sport
KXEPLTOP4,Soccer,EPL,tournament_outright,not_attempted_supported_sport,outright/bracket: few independent outcomes per season; needs prospective capture + simulation,,,,,,,,,,,,,,,,phase1:not_attempted_supported_sport
KXCOPPAITALIAADVANCE,Soccer,Coppa Italia,tournament_outright,not_attempted_supported_sport,outright/bracket: few independent outcomes per season; needs prospective capture + simulation,,,,,,,,,,,,,,,,phase1:not_attempted_supported_sport
KXEPLRELEGATION,Soccer,EPL,tournament_outright,not_attempted_supported_sport,outright/bracket: few independent outcomes per season; needs prospective capture + simulation,,,,,,,,,,,,,,,,phase1:not_attempted_supported_sport
KXUCLROUND,Soccer,Champions League,tournament_outright,not_attempted_supported_sport,outright/bracket: few independent outcomes per season; needs prospective capture + simulation,,,,,,,,,,,,,,,,phase1:not_attempted_supported_sport
KXWCTEAMLEADGOAL,Soccer,FIFA World Cup,tournament_outright,not_attempted_supported_sport,outright/bracket: few independent outcomes per season; needs prospective capture + simulation,,,,,,,,,,,,,,,,phase1:not_attempted_supported_sport
KXWCGROUPWINNER,Soccer,FIFA World Cup,tournament_outright,not_attempted_supported_sport,outright/bracket: few independent outcomes per season; needs prospective capture + simulation,,,,,,,,,,,,,,,,phase1:not_attempted_supported_sport
KXCLUBWC,Soccer,,tournament_outright,not_attempted_supported_sport,outright/bracket: few independent outcomes per season; needs prospective capture + simulation,,,,,,,,,,,,,,,,phase1:not_attempted_supported_sport
KXUEFASCADVANCE,Soccer,UEFA Super Cup,tournament_outright,not_attempted_supported_sport,outright/bracket: few independent outcomes per season; needs prospective capture + simulation,,,,,,,,,,,,,,,,phase1:not_attempted_supported_sport
KXUEL,Soccer,Europa League,tournament_outright,not_attempted_supported_sport,outright/bracket: few independent outcomes per season; needs prospective capture + simulation,,,,,,,,,,,,,,,,phase1:not_attempted_supported_sport
KXWCGSGOALS,Soccer,FIFA World Cup,tournament_outright,not_attempted_supported_sport,outright/bracket: few independent outcomes per season; needs prospective capture + simulation,,,,,,,,,,,,,,,,phase1:not_attempted_supported_sport
KXWCGROUPORDER,Soccer,FIFA World Cup,tournament_outright,not_attempted_supported_sport,outright/bracket: few independent outcomes per season; needs prospective capture + simulation,,,,,,,,,,,,,,,,phase1:not_attempted_supported_sport
KXENGCSADVANCE,Soccer,Community Shield,tournament_outright,not_attempted_supported_sport,outright/bracket: few independent outcomes per season; needs prospective capture + simulation,,,,,,,,,,,,,,,,phase1:not_attempted_supported_sport
KXLEAGUESCUP,Soccer,Leagues Cup,tournament_outright,not_attempted_supported_sport,outright/bracket: few independent outcomes per season; needs prospective capture + simulation,,,,,,,,,,,,,,,,phase1:not_attempted_supported_sport
KXASEANADVANCE,Soccer,ASEAN Championship,tournament_outright,not_attempted_supported_sport,outright/bracket: few independent outcomes per season; needs prospective capture + simulation,,,,,,,,,,,,,,,,phase1:not_attempted_supported_sport
KXFACUP,Soccer,FA Cup,tournament_outright,not_attempted_supported_sport,outright/bracket: few independent outcomes per season; needs prospective capture + simulation,,,,,,,,,,,,,,,,phase1:not_attempted_supported_sport
KXSERIEA,Soccer,Serie A,tournament_outright,not_attempted_supported_sport,outright/bracket: few independent outcomes per season; needs prospective capture + simulation,,,,,,,,,,,,,,,,phase1:not_attempted_supported_sport
KXUCLRO4,Soccer,Champions League,tournament_outright,not_attempted_supported_sport,outright/bracket: few independent outcomes per season; needs prospective capture + simulation,,,,,,,,,,,,,,,,phase1:not_attempted_supported_sport
KXWCTEAMTOTALGOALS,Soccer,FIFA World Cup,tournament_outright,not_attempted_supported_sport,outright/bracket: few independent outcomes per season; needs prospective capture + simulation,,,,,,,,,,,,,,,,phase1:not_attempted_supported_sport
KXTEAMSINUCL,Soccer,Champions League,tournament_outright,not_attempted_supported_sport,outright/bracket: few independent outcomes per season; needs prospective capture + simulation,,,,,,,,,,,,,,,,phase1:not_attempted_supported_sport
KXDFBPOKALADVANCE,Soccer,DFB Pokal,tournament_outright,not_attempted_supported_sport,outright/bracket: few independent outcomes per season; needs prospective capture + simulation,,,,,,,,,,,,,,,,phase1:not_attempted_supported_sport
KXCOPADELREYADVANCE,Soccer,Copa del Rey,tournament_outright,not_attempted_supported_sport,outright/bracket: few independent outcomes per season; needs prospective capture + simulation,,,,,,,,,,,,,,,,phase1:not_attempted_supported_sport
KXWCFIFATOP10,Soccer,FIFA World Cup,tournament_outright,not_attempted_supported_sport,outright/bracket: few independent outcomes per season; needs prospective capture + simulation,,,,,,,,,,,,,,,,phase1:not_attempted_supported_sport
KXFACUPADVANCE,Soccer,FA Cup,tournament_outright,not_attempted_supported_sport,outright/bracket: few independent outcomes per season; needs prospective capture + simulation,,,,,,,,,,,,,,,,phase1:not_attempted_supported_sport
KXWC1STTIMEWIN,Soccer,FIFA World Cup,tournament_outright,not_attempted_supported_sport,outright/bracket: few independent outcomes per season; needs prospective capture + simulation,,,,,,,,,,,,,,,,phase1:not_attempted_supported_sport
KXWC,Soccer,FIFA World Cup,tournament_outright,not_attempted_supported_sport,outright/bracket: few independent outcomes per season; needs prospective capture + simulation,,,,,,,,,,,,,,,,phase1:not_attempted_supported_sport
KXWCGSUNDEFEATED,Soccer,FIFA World Cup,tournament_outright,not_attempted_supported_sport,outright/bracket: few independent outcomes per season; needs prospective capture + simulation,,,,,,,,,,,,,,,,phase1:not_attempted_supported_sport
KXUSOPENCUPADVANCE,Soccer,US Open Cup,tournament_outright,not_attempted_supported_sport,outright/bracket: few independent outcomes per season; needs prospective capture + simulation,,,,,,,,,,,,,,,,phase1:not_attempted_supported_sport
KXWCGOALIEGOAL,Soccer,FIFA World Cup,tournament_outright,not_attempted_supported_sport,outright/bracket: few independent outcomes per season; needs prospective capture + simulation,,,,,,,,,,,,,,,,phase1:not_attempted_supported_sport
KXMLSASTADVANCE,Soccer,MLS All-Star Game,tournament_outright,not_attempted_supported_sport,outright/bracket: few independent outcomes per season; needs prospective capture + simulation,,,,,,,,,,,,,,,,phase1:not_attempted_supported_sport
KXWCTEAMGOALS,Soccer,FIFA World Cup,tournament_outright,not_attempted_supported_sport,outright/bracket: few independent outcomes per season; needs prospective capture + simulation,,,,,,,,,,,,,,,,phase1:not_attempted_supported_sport
KXWCNOEURSA,Soccer,FIFA World Cup,tournament_outright,not_attempted_supported_sport,outright/bracket: few independent outcomes per season; needs prospective capture + simulation,,,,,,,,,,,,,,,,phase1:not_attempted_supported_sport
KXAFCONADVANCE,Soccer,Africa Cup of Nations,tournament_outright,not_attempted_supported_sport,outright/bracket: few independent outcomes per season; needs prospective capture + simulation,,,,,,,,,,,,,,,,phase1:not_attempted_supported_sport
KXUCLFINALIST,Soccer,Champions League,tournament_outright,not_attempted_supported_sport,outright/bracket: few independent outcomes per season; needs prospective capture + simulation,,,,,,,,,,,,,,,,phase1:not_attempted_supported_sport
KXGERSCADVANCE,Soccer,Germany Super Cup,tournament_outright,not_attempted_supported_sport,outright/bracket: few independent outcomes per season; needs prospective capture + simulation,,,,,,,,,,,,,,,,phase1:not_attempted_supported_sport
KXKNVBCUPADVANCE,Soccer,KNVB,tournament_outright,not_attempted_supported_sport,outright/bracket: few independent outcomes per season; needs prospective capture + simulation,,,,,,,,,,,,,,,,phase1:not_attempted_supported_sport
KXSVKCUPADVANCE,Soccer,Slovakian Cup,tournament_outright,not_attempted_supported_sport,outright/bracket: few independent outcomes per season; needs prospective capture + simulation,,,,,,,,,,,,,,,,phase1:not_attempted_supported_sport
KXEPLTOP,Soccer,EPL,tournament_outright,not_attempted_supported_sport,outright/bracket: few independent outcomes per season; needs prospective capture + simulation,,,,,,,,,,,,,,,,phase1:not_attempted_supported_sport
KXUECL,Soccer,Conference League,tournament_outright,not_attempted_supported_sport,outright/bracket: few independent outcomes per season; needs prospective capture + simulation,,,,,,,,,,,,,,,,phase1:not_attempted_supported_sport
KXTACAPORTADVANCE,Soccer,Taca de Portugal,tournament_outright,not_attempted_supported_sport,outright/bracket: few independent outcomes per season; needs prospective capture + simulation,,,,,,,,,,,,,,,,phase1:not_attempted_supported_sport
KXWCHATTRICK,Soccer,FIFA World Cup,tournament_outright,not_attempted_supported_sport,outright/bracket: few independent outcomes per season; needs prospective capture + simulation,,,,,,,,,,,,,,,,phase1:not_attempted_supported_sport
KXLIGUE1,Soccer,Ligue 1,tournament_outright,not_attempted_supported_sport,outright/bracket: few independent outcomes per season; needs prospective capture + simulation,,,,,,,,,,,,,,,,phase1:not_attempted_supported_sport
KXEFLCUP,Soccer,EFL Cup,tournament_outright,not_attempted_supported_sport,outright/bracket: few independent outcomes per season; needs prospective capture + simulation,,,,,,,,,,,,,,,,phase1:not_attempted_supported_sport
KXUCLRO8,Soccer,Champions League,tournament_outright,not_attempted_supported_sport,outright/bracket: few independent outcomes per season; needs prospective capture + simulation,,,,,,,,,,,,,,,,phase1:not_attempted_supported_sport
KXWCGAMEGOALS,Soccer,FIFA World Cup,tournament_outright,not_attempted_supported_sport,outright/bracket: few independent outcomes per season; needs prospective capture + simulation,,,,,,,,,,,,,,,,phase1:not_attempted_supported_sport
KXBUNDESLIGA,Soccer,Bundesliga,tournament_outright,not_attempted_supported_sport,outright/bracket: few independent outcomes per season; needs prospective capture + simulation,,,,,,,,,,,,,,,,phase1:not_attempted_supported_sport
KXCOPADELREY,Soccer,Copa del Rey,tournament_outright,not_attempted_supported_sport,outright/bracket: few independent outcomes per season; needs prospective capture + simulation,,,,,,,,,,,,,,,,phase1:not_attempted_supported_sport
KXWCGROUPGOALS,Soccer,FIFA World Cup,tournament_outright,not_attempted_supported_sport,outright/bracket: few independent outcomes per season; needs prospective capture + simulation,,,,,,,,,,,,,,,,phase1:not_attempted_supported_sport
KXWCIRAN,Soccer,FIFA World Cup,tournament_outright,not_attempted_supported_sport,outright/bracket: few independent outcomes per season; needs prospective capture + simulation,,,,,,,,,,,,,,,,phase1:not_attempted_supported_sport
KXUCLRO16,Soccer,Champions League,tournament_outright,not_attempted_supported_sport,outright/bracket: few independent outcomes per season; needs prospective capture + simulation,,,,,,,,,,,,,,,,phase1:not_attempted_supported_sport
KXMLSEAST,Soccer,MLS,tournament_outright,not_attempted_supported_sport,outright/bracket: few independent outcomes per season; needs prospective capture + simulation,,,,,,,,,,,,,,,,phase1:not_attempted_supported_sport
KXSERIECCUPADVANCE,Soccer,Coppa Italia Lega Pro,tournament_outright,not_attempted_supported_sport,outright/bracket: few independent outcomes per season; needs prospective capture + simulation,,,,,,,,,,,,,,,,phase1:not_attempted_supported_sport
KXWCWINNERTRAIL,Soccer,FIFA World Cup,tournament_outright,not_attempted_supported_sport,outright/bracket: few independent outcomes per season; needs prospective capture + simulation,,,,,,,,,,,,,,,,phase1:not_attempted_supported_sport
KXESPSUPERCUPADVANCE,Soccer,Spain Super Cup,tournament_outright,not_attempted_supported_sport,outright/bracket: few independent outcomes per season; needs prospective capture + simulation,,,,,,,,,,,,,,,,phase1:not_attempted_supported_sport
KXGRECUPADVANCE,Soccer,Greek Cup,tournament_outright,not_attempted_supported_sport,outright/bracket: few independent outcomes per season; needs prospective capture + simulation,,,,,,,,,,,,,,,,phase1:not_attempted_supported_sport
KXAFCON,Soccer,AFCON,tournament_outright,not_attempted_supported_sport,outright/bracket: few independent outcomes per season; needs prospective capture + simulation,,,,,,,,,,,,,,,,phase1:not_attempted_supported_sport
KXEFLPROMO,Soccer,EFL Championship,tournament_outright,not_attempted_supported_sport,outright/bracket: few independent outcomes per season; needs prospective capture + simulation,,,,,,,,,,,,,,,,phase1:not_attempted_supported_sport
KXAFCCLADVANCE,Soccer,AFC Champions League,tournament_outright,not_attempted_supported_sport,outright/bracket: few independent outcomes per season; needs prospective capture + simulation,,,,,,,,,,,,,,,,phase1:not_attempted_supported_sport
KXMLSWEST,Soccer,MLS,tournament_outright,not_attempted_supported_sport,outright/bracket: few independent outcomes per season; needs prospective capture + simulation,,,,,,,,,,,,,,,,phase1:not_attempted_supported_sport
KXARSENALCUPS,Soccer,EPL,tournament_outright,not_attempted_supported_sport,outright/bracket: few independent outcomes per season; needs prospective capture + simulation,,,,,,,,,,,,,,,,phase1:not_attempted_supported_sport
KXWCFASTESTGOAL,Soccer,FIFA World Cup,tournament_outright,not_attempted_supported_sport,outright/bracket: few independent outcomes per season; needs prospective capture + simulation,,,,,,,,,,,,,,,,phase1:not_attempted_supported_sport
KXLIGAMXADVANCE,Soccer,Liga MX,tournament_outright,not_attempted_supported_sport,outright/bracket: few independent outcomes per season; needs prospective capture + simulation,,,,,,,,,,,,,,,,phase1:not_attempted_supported_sport
KXEPLTOP6,Soccer,EPL,tournament_outright,not_attempted_supported_sport,outright/bracket: few independent outcomes per season; needs prospective capture + simulation,,,,,,,,,,,,,,,,phase1:not_attempted_supported_sport
KXDFBPOKAL,Soccer,DFB Pokal,tournament_outright,not_attempted_supported_sport,outright/bracket: few independent outcomes per season; needs prospective capture + simulation,,,,,,,,,,,,,,,,phase1:not_attempted_supported_sport
KXUCLTOP,Soccer,Champions League,tournament_outright,not_attempted_supported_sport,outright/bracket: few independent outcomes per season; needs prospective capture + simulation,,,,,,,,,,,,,,,,phase1:not_attempted_supported_sport
KXUCL16PSVJUV,Soccer,,tournament_outright,not_attempted_supported_sport,outright/bracket: few independent outcomes per season; needs prospective capture + simulation,,,,,,,,,,,,,,,,phase1:not_attempted_supported_sport
KXLEADERUCLGOALS,Soccer,Champions League,tournament_outright,not_attempted_supported_sport,outright/bracket: few independent outcomes per season; needs prospective capture + simulation,,,,,,,,,,,,,,,,phase1:not_attempted_supported_sport
KXEPLTOP2,Soccer,EPL,tournament_outright,not_attempted_supported_sport,outright/bracket: few independent outcomes per season; needs prospective capture + simulation,,,,,,,,,,,,,,,,phase1:not_attempted_supported_sport
KXSCOCUPADVANCE,Soccer,Scottish League Cup,tournament_outright,not_attempted_supported_sport,outright/bracket: few independent outcomes per season; needs prospective capture + simulation,,,,,,,,,,,,,,,,phase1:not_attempted_supported_sport
KXWCWINGROUP,Soccer,FIFA World Cup,tournament_outright,not_attempted_supported_sport,outright/bracket: few independent outcomes per season; needs prospective capture + simulation,,,,,,,,,,,,,,,,phase1:not_attempted_supported_sport
KXUEFANL,Soccer,UEFA Nations League,tournament_outright,not_attempted_supported_sport,outright/bracket: few independent outcomes per season; needs prospective capture + simulation,,,,,,,,,,,,,,,,phase1:not_attempted_supported_sport
KXEFLCHAMPIONSHIP,Soccer,EFL Championship,tournament_outright,not_attempted_supported_sport,outright/bracket: few independent outcomes per season; needs prospective capture + simulation,,,,,,,,,,,,,,,,phase1:not_attempted_supported_sport
KXFIFAADVANCE,Soccer,FIFA Play-Off Tournament,tournament_outright,not_attempted_supported_sport,outright/bracket: few independent outcomes per season; needs prospective capture + simulation,,,,,,,,,,,,,,,,phase1:not_attempted_supported_sport
KXWCMBAPPEGOALLEADER,Soccer,FIFA World Cup,tournament_outright,not_attempted_supported_sport,outright/bracket: few independent outcomes per season; needs prospective capture + simulation,,,,,,,,,,,,,,,,phase1:not_attempted_supported_sport
KXSOCCERPLAYMESSI,Soccer,FIFA World Cup,tournament_outright,not_attempted_supported_sport,outright/bracket: few independent outcomes per season; needs prospective capture + simulation,,,,,,,,,,,,,,,,phase1:not_attempted_supported_sport
KXBUNDESLIGARELEGATION,Soccer,Bundesliga,tournament_outright,not_attempted_supported_sport,outright/bracket: few independent outcomes per season; needs prospective capture + simulation,,,,,,,,,,,,,,,,phase1:not_attempted_supported_sport
KXUCL16RMAMCI,Soccer,,tournament_outright,not_attempted_supported_sport,outright/bracket: few independent outcomes per season; needs prospective capture + simulation,,,,,,,,,,,,,,,,phase1:not_attempted_supported_sport
KXEFLCHAMPIONSHIPADVANCE,Soccer,EFL Championship,tournament_outright,not_attempted_supported_sport,outright/bracket: few independent outcomes per season; needs prospective capture + simulation,,,,,,,,,,,,,,,,phase1:not_attempted_supported_sport
KXSUPERLIG,Soccer,Super Lig,tournament_outright,not_attempted_supported_sport,outright/bracket: few independent outcomes per season; needs prospective capture + simulation,,,,,,,,,,,,,,,,phase1:not_attempted_supported_sport
KXUCLTOP8,Soccer,Champions League,tournament_outright,not_attempted_supported_sport,outright/bracket: few independent outcomes per season; needs prospective capture + simulation,,,,,,,,,,,,,,,,phase1:not_attempted_supported_sport
KXINTERCUPADVANCE,Soccer,FIFA Intercontinental Cup,tournament_outright,not_attempted_supported_sport,outright/bracket: few independent outcomes per season; needs prospective capture + simulation,,,,,,,,,,,,,,,,phase1:not_attempted_supported_sport
KXWCOLIMPICO,Soccer,FIFA World Cup,tournament_outright,not_attempted_supported_sport,outright/bracket: few independent outcomes per season; needs prospective capture + simulation,,,,,,,,,,,,,,,,phase1:not_attempted_supported_sport
KXLIGAPORTUGAL,Soccer,Liga Portugal,tournament_outright,not_attempted_supported_sport,outright/bracket: few independent outcomes per season; needs prospective capture + simulation,,,,,,,,,,,,,,,,phase1:not_attempted_supported_sport
KXCOUPEDEFRANCEADVANCE,Soccer,Coupe de France,tournament_outright,not_attempted_supported_sport,outright/bracket: few independent outcomes per season; needs prospective capture + simulation,,,,,,,,,,,,,,,,phase1:not_attempted_supported_sport
KXCOPPAITALIA,Soccer,Coppa Italia,tournament_outright,not_attempted_supported_sport,outright/bracket: few independent outcomes per season; needs prospective capture + simulation,,,,,,,,,,,,,,,,phase1:not_attempted_supported_sport
KXSERIEATOP4,Soccer,Serie A,tournament_outright,not_attempted_supported_sport,outright/bracket: few independent outcomes per season; needs prospective capture + simulation,,,,,,,,,,,,,,,,phase1:not_attempted_supported_sport
KXUEFAEURO,Soccer,European Championship,tournament_outright,not_attempted_supported_sport,outright/bracket: few independent outcomes per season; needs prospective capture + simulation,,,,,,,,,,,,,,,,phase1:not_attempted_supported_sport
KXUSLCUPADVANCE,Soccer,USL Cup,tournament_outright,not_attempted_supported_sport,outright/bracket: few independent outcomes per season; needs prospective capture + simulation,,,,,,,,,,,,,,,,phase1:not_attempted_supported_sport
KXWCEVERYTEAMGOAL,Soccer,FIFA World Cup,tournament_outright,not_attempted_supported_sport,outright/bracket: few independent outcomes per season; needs prospective capture + simulation,,,,,,,,,,,,,,,,phase1:not_attempted_supported_sport
KXWCGOALSALLOWED,Soccer,FIFA World Cup,tournament_outright,not_attempted_supported_sport,outright/bracket: few independent outcomes per season; needs prospective capture + simulation,,,,,,,,,,,,,,,,phase1:not_attempted_supported_sport
KXBRASILEIRO,Soccer,Brasileiro Serie A,tournament_outright,not_attempted_supported_sport,outright/bracket: few independent outcomes per season; needs prospective capture + simulation,,,,,,,,,,,,,,,,phase1:not_attempted_supported_sport
KXCONCACAFNL,Soccer,CONCACAF Nations League,tournament_outright,not_attempted_supported_sport,outright/bracket: few independent outcomes per season; needs prospective capture + simulation,,,,,,,,,,,,,,,,phase1:not_attempted_supported_sport
KXSOCCERPLAYCRON,Soccer,FIFA World Cup,tournament_outright,not_attempted_supported_sport,outright/bracket: few independent outcomes per season; needs prospective capture + simulation,,,,,,,,,,,,,,,,phase1:not_attempted_supported_sport
KXFRASUPERCUPADVANCE,Soccer,France Super Cup,tournament_outright,not_attempted_supported_sport,outright/bracket: few independent outcomes per season; needs prospective capture + simulation,,,,,,,,,,,,,,,,phase1:not_attempted_supported_sport
KXLIGUE1RELEGATION,Soccer,Ligue 1,tournament_outright,not_attempted_supported_sport,outright/bracket: few independent outcomes per season; needs prospective capture + simulation,,,,,,,,,,,,,,,,phase1:not_attempted_supported_sport
KXWCW,Soccer,FIFA World Cup (W),tournament_outright,not_attempted_supported_sport,outright/bracket: few independent outcomes per season; needs prospective capture + simulation,,,,,,,,,,,,,,,,phase1:not_attempted_supported_sport
KXBUNDESLIGATOP4,Soccer,Bundesliga,tournament_outright,not_attempted_supported_sport,outright/bracket: few independent outcomes per season; needs prospective capture + simulation,,,,,,,,,,,,,,,,phase1:not_attempted_supported_sport
KXUCLW,Soccer,Champions League Womens,tournament_outright,not_attempted_supported_sport,outright/bracket: few independent outcomes per season; needs prospective capture + simulation,,,,,,,,,,,,,,,,phase1:not_attempted_supported_sport
KXCLUBWCGD,Soccer,,tournament_outright,not_attempted_supported_sport,outright/bracket: few independent outcomes per season; needs prospective capture + simulation,,,,,,,,,,,,,,,,phase1:not_attempted_supported_sport
KXSLGREECE,Soccer,Greece Super League,tournament_outright,not_attempted_supported_sport,outright/bracket: few independent outcomes per season; needs prospective capture + simulation,,,,,,,,,,,,,,,,phase1:not_attempted_supported_sport
KXNWSL,Soccer,NWSL,tournament_outright,not_attempted_supported_sport,outright/bracket: few independent outcomes per season; needs prospective capture + simulation,,,,,,,,,,,,,,,,phase1:not_attempted_supported_sport
KXLALIGATOP4,Soccer,La Liga,tournament_outright,not_attempted_supported_sport,outright/bracket: few independent outcomes per season; needs prospective capture + simulation,,,,,,,,,,,,,,,,phase1:not_attempted_supported_sport
KXWC3RDPLACEQUAL,Soccer,FIFA World Cup,tournament_outright,not_attempted_supported_sport,outright/bracket: few independent outcomes per season; needs prospective capture + simulation,,,,,,,,,,,,,,,,phase1:not_attempted_supported_sport
KXCLUBWCGA,Soccer,,tournament_outright,not_attempted_supported_sport,outright/bracket: few independent outcomes per season; needs prospective capture + simulation,,,,,,,,,,,,,,,,phase1:not_attempted_supported_sport
KXLIGUE1TOP4,Soccer,Ligue 1,tournament_outright,not_attempted_supported_sport,outright/bracket: few independent outcomes per season; needs prospective capture + simulation,,,,,,,,,,,,,,,,phase1:not_attempted_supported_sport
KXWCCLUBGOALS,Soccer,FIFA World Cup,tournament_outright,not_attempted_supported_sport,outright/bracket: few independent outcomes per season; needs prospective capture + simulation,,,,,,,,,,,,,,,,phase1:not_attempted_supported_sport
KXSERIEARELEGATION,Soccer,Serie A,tournament_outright,not_attempted_supported_sport,outright/bracket: few independent outcomes per season; needs prospective capture + simulation,,,,,,,,,,,,,,,,phase1:not_attempted_supported_sport
KXEREDIVISIE,Soccer,Eredivisie,tournament_outright,not_attempted_supported_sport,outright/bracket: few independent outcomes per season; needs prospective capture + simulation,,,,,,,,,,,,,,,,phase1:not_attempted_supported_sport
KXAFCA,Soccer,AFC Asian Cup,tournament_outright,not_attempted_supported_sport,outright/bracket: few independent outcomes per season; needs prospective capture + simulation,,,,,,,,,,,,,,,,phase1:not_attempted_supported_sport
KXSOCCERTROPHIES,Soccer,EPL,tournament_outright,not_attempted_supported_sport,outright/bracket: few independent outcomes per season; needs prospective capture + simulation,,,,,,,,,,,,,,,,phase1:not_attempted_supported_sport
KXCONMEBOLLIB,Soccer,CONMEBOL Libertadores,tournament_outright,not_attempted_supported_sport,outright/bracket: few independent outcomes per season; needs prospective capture + simulation,,,,,,,,,,,,,,,,phase1:not_attempted_supported_sport
KXARGPREMDIV,Soccer,Argentina Primera Division,tournament_outright,not_attempted_supported_sport,outright/bracket: few independent outcomes per season; needs prospective capture + simulation,,,,,,,,,,,,,,,,phase1:not_attempted_supported_sport
KXBELGIANPL,Soccer,Belgian Pro League,tournament_outright,not_attempted_supported_sport,outright/bracket: few independent outcomes per season; needs prospective capture + simulation,,,,,,,,,,,,,,,,phase1:not_attempted_supported_sport
KXMLSADVANCE,Soccer,MLS,tournament_outright,not_attempted_supported_sport,outright/bracket: few independent outcomes per season; needs prospective capture + simulation,,,,,,,,,,,,,,,,phase1:not_attempted_supported_sport
KXWCCONCEDE1ST,Soccer,FIFA World Cup,tournament_outright,not_attempted_supported_sport,outright/bracket: few independent outcomes per season; needs prospective capture + simulation,,,,,,,,,,,,,,,,phase1:not_attempted_supported_sport
KXCLUBWCGB,Soccer,,tournament_outright,not_attempted_supported_sport,outright/bracket: few independent outcomes per season; needs prospective capture + simulation,,,,,,,,,,,,,,,,phase1:not_attempted_supported_sport
KXDENSUPERLIGA,Soccer,Danish Superliga,tournament_outright,not_attempted_supported_sport,outright/bracket: few independent outcomes per season; needs prospective capture + simulation,,,,,,,,,,,,,,,,phase1:not_attempted_supported_sport
KXUEL16AJAUSG,Soccer,,tournament_outright,not_attempted_supported_sport,outright/bracket: few independent outcomes per season; needs prospective capture + simulation,,,,,,,,,,,,,,,,phase1:not_attempted_supported_sport
KXUCLBOTTOM,Soccer,Champions League,tournament_outright,not_attempted_supported_sport,outright/bracket: few independent outcomes per season; needs prospective capture + simulation,,,,,,,,,,,,,,,,phase1:not_attempted_supported_sport
KXCOUPEDEFRANCE,Soccer,Coupe de France,tournament_outright,not_attempted_supported_sport,outright/bracket: few independent outcomes per season; needs prospective capture + simulation,,,,,,,,,,,,,,,,phase1:not_attempted_supported_sport
KXCLUBWCGH,Soccer,,tournament_outright,not_attempted_supported_sport,outright/bracket: few independent outcomes per season; needs prospective capture + simulation,,,,,,,,,,,,,,,,phase1:not_attempted_supported_sport
KXWCCAREERGOALS,Soccer,FIFA World Cup,tournament_outright,not_attempted_supported_sport,outright/bracket: few independent outcomes per season; needs prospective capture + simulation,,,,,,,,,,,,,,,,phase1:not_attempted_supported_sport
KXFIFAWADVANCE,Soccer,FIFA World Cup Qualifiers Women,tournament_outright,not_attempted_supported_sport,outright/bracket: few independent outcomes per season; needs prospective capture + simulation,,,,,,,,,,,,,,,,phase1:not_attempted_supported_sport
KXEKSTRAKLASA,Soccer,Ekstraklasa,tournament_outright,not_attempted_supported_sport,outright/bracket: few independent outcomes per season; needs prospective capture + simulation,,,,,,,,,,,,,,,,phase1:not_attempted_supported_sport
KXISRPLCUPADVANCE,Soccer,Premier League Cup,tournament_outright,not_attempted_supported_sport,outright/bracket: few independent outcomes per season; needs prospective capture + simulation,,,,,,,,,,,,,,,,phase1:not_attempted_supported_sport
KXCLUBWCGF,Soccer,,tournament_outright,not_attempted_supported_sport,outright/bracket: few independent outcomes per season; needs prospective capture + simulation,,,,,,,,,,,,,,,,phase1:not_attempted_supported_sport
KXCLUBWCGC,Soccer,,tournament_outright,not_attempted_supported_sport,outright/bracket: few independent outcomes per season; needs prospective capture + simulation,,,,,,,,,,,,,,,,phase1:not_attempted_supported_sport
KXUEL16RSCFEN,Soccer,,tournament_outright,not_attempted_supported_sport,outright/bracket: few independent outcomes per season; needs prospective capture + simulation,,,,,,,,,,,,,,,,phase1:not_attempted_supported_sport
KXCLUBWCGE,Soccer,,tournament_outright,not_attempted_supported_sport,outright/bracket: few independent outcomes per season; needs prospective capture + simulation,,,,,,,,,,,,,,,,phase1:not_attempted_supported_sport
KXTACAPORT,Soccer,Taca de Portugal,tournament_outright,not_attempted_supported_sport,outright/bracket: few independent outcomes per season; needs prospective capture + simulation,,,,,,,,,,,,,,,,phase1:not_attempted_supported_sport
KXWCGROUPPTS,Soccer,FIFA World Cup,tournament_outright,not_attempted_supported_sport,outright/bracket: few independent outcomes per season; needs prospective capture + simulation,,,,,,,,,,,,,,,,phase1:not_attempted_supported_sport
KXWCQUAL,Soccer,FIFA World Cup,tournament_outright,not_attempted_supported_sport,outright/bracket: few independent outcomes per season; needs prospective capture + simulation,,,,,,,,,,,,,,,,phase1:not_attempted_supported_sport
KXFINCUPADVANCE,Soccer,Suomen Cup,tournament_outright,not_attempted_supported_sport,outright/bracket: few independent outcomes per season; needs prospective capture + simulation,,,,,,,,,,,,,,,,phase1:not_attempted_supported_sport
KXARGPREMDIVADVANCE,Soccer,Argentina Primera Division,tournament_outright,not_attempted_supported_sport,outright/bracket: few independent outcomes per season; needs prospective capture + simulation,,,,,,,,,,,,,,,,phase1:not_attempted_supported_sport
KXPLAYWC,Soccer,FIFA World Cup,tournament_outright,not_attempted_supported_sport,outright/bracket: few independent outcomes per season; needs prospective capture + simulation,,,,,,,,,,,,,,,,phase1:not_attempted_supported_sport
KXCOPAAMERICA,Soccer,Copa America,tournament_outright,not_attempted_supported_sport,outright/bracket: few independent outcomes per season; needs prospective capture + simulation,,,,,,,,,,,,,,,,phase1:not_attempted_supported_sport
KXCLUBWCGG,Soccer,,tournament_outright,not_attempted_supported_sport,outright/bracket: few independent outcomes per season; needs prospective capture + simulation,,,,,,,,,,,,,,,,phase1:not_attempted_supported_sport
KXEPLLAST,Soccer,EPL,tournament_outright,not_attempted_supported_sport,outright/bracket: few independent outcomes per season; needs prospective capture + simulation,,,,,,,,,,,,,,,,phase1:not_attempted_supported_sport
KXCONCACAFGC,Soccer,CONCACAF Gold Cup,tournament_outright,not_attempted_supported_sport,outright/bracket: few independent outcomes per season; needs prospective capture + simulation,,,,,,,,,,,,,,,,phase1:not_attempted_supported_sport
KXCOPADOBRASIL,Soccer,Copa do Brasil,tournament_outright,not_attempted_supported_sport,outright/bracket: few independent outcomes per season; needs prospective capture + simulation,,,,,,,,,,,,,,,,phase1:not_attempted_supported_sport
KXWCCONGO,Soccer,FIFA World Cup,tournament_outright,not_attempted_supported_sport,outright/bracket: few independent outcomes per season; needs prospective capture + simulation,,,,,,,,,,,,,,,,phase1:not_attempted_supported_sport
KXFROCUPADVANCE,Soccer,Faroe Islands Cup,tournament_outright,not_attempted_supported_sport,outright/bracket: few independent outcomes per season; needs prospective capture + simulation,,,,,,,,,,,,,,,,phase1:not_attempted_supported_sport
KXUEFASUPERCUP,Soccer,,tournament_outright,not_attempted_supported_sport,outright/bracket: few independent outcomes per season; needs prospective capture + simulation,,,,,,,,,,,,,,,,phase1:not_attempted_supported_sport
KXBRASILEIROTOPX,Soccer,Brasileiro Serie A,tournament_outright,not_attempted_supported_sport,outright/bracket: few independent outcomes per season; needs prospective capture + simulation,,,,,,,,,,,,,,,,phase1:not_attempted_supported_sport
KXUEL16VIKFTC,Soccer,,tournament_outright,not_attempted_supported_sport,outright/bracket: few independent outcomes per season; needs prospective capture + simulation,,,,,,,,,,,,,,,,phase1:not_attempted_supported_sport
KXECULP,Soccer,Ecuador LigaPro,tournament_outright,not_attempted_supported_sport,outright/bracket: few independent outcomes per season; needs prospective capture + simulation,,,,,,,,,,,,,,,,phase1:not_attempted_supported_sport
KXMANCITYTITLES,Soccer,EPL,tournament_outright,not_attempted_supported_sport,outright/bracket: few independent outcomes per season; needs prospective capture + simulation,,,,,,,,,,,,,,,,phase1:not_attempted_supported_sport
KXTHAIL1,Soccer,Thai League 1,tournament_outright,not_attempted_supported_sport,outright/bracket: few independent outcomes per season; needs prospective capture + simulation,,,,,,,,,,,,,,,,phase1:not_attempted_supported_sport
KXCHNSL,Soccer,Chinese Super League,tournament_outright,not_attempted_supported_sport,outright/bracket: few independent outcomes per season; needs prospective capture + simulation,,,,,,,,,,,,,,,,phase1:not_attempted_supported_sport
KXCHLLDP,Soccer,Chile Liga de Primera,tournament_outright,not_attempted_supported_sport,outright/bracket: few independent outcomes per season; needs prospective capture + simulation,,,,,,,,,,,,,,,,phase1:not_attempted_supported_sport
KXUEFANLROUND,Soccer,UEFA Nations League,tournament_outright,not_attempted_supported_sport,outright/bracket: few independent outcomes per season; needs prospective capture + simulation,,,,,,,,,,,,,,,,phase1:not_attempted_supported_sport
KXAPFDDH,Soccer,APF Division de Honor,tournament_outright,not_attempted_supported_sport,outright/bracket: few independent outcomes per season; needs prospective capture + simulation,,,,,,,,,,,,,,,,phase1:not_attempted_supported_sport
KXSERIEATOP,Soccer,Serie A,tournament_outright,not_attempted_supported_sport,outright/bracket: few independent outcomes per season; needs prospective capture + simulation,,,,,,,,,,,,,,,,phase1:not_attempted_supported_sport
KXWCFREEKICKGOAL,Soccer,FIFA World Cup,tournament_outright,not_attempted_supported_sport,outright/bracket: few independent outcomes per season; needs prospective capture + simulation,,,,,,,,,,,,,,,,phase1:not_attempted_supported_sport
KXSOCCERTREBLE,Soccer,EPL,tournament_outright,not_attempted_supported_sport,outright/bracket: few independent outcomes per season; needs prospective capture + simulation,,,,,,,,,,,,,,,,phase1:not_attempted_supported_sport
KXUEFANLGROUPWIN,Soccer,UEFA Nations League,tournament_outright,not_attempted_supported_sport,outright/bracket: few independent outcomes per season; needs prospective capture + simulation,,,,,,,,,,,,,,,,phase1:not_attempted_supported_sport
KXLALIGA2PROMO,Soccer,La Liga 2,tournament_outright,not_attempted_supported_sport,outright/bracket: few independent outcomes per season; needs prospective capture + simulation,,,,,,,,,,,,,,,,phase1:not_attempted_supported_sport
KXUCLQUAL,Soccer,Champions League,tournament_outright,not_attempted_supported_sport,outright/bracket: few independent outcomes per season; needs prospective capture + simulation,,,,,,,,,,,,,,,,phase1:not_attempted_supported_sport
KXKNVBCUP,Soccer,KNVB,tournament_outright,not_attempted_supported_sport,outright/bracket: few independent outcomes per season; needs prospective capture + simulation,,,,,,,,,,,,,,,,phase1:not_attempted_supported_sport
KXKLEAGUE,Soccer,Korea K League 1,tournament_outright,not_attempted_supported_sport,outright/bracket: few independent outcomes per season; needs prospective capture + simulation,,,,,,,,,,,,,,,,phase1:not_attempted_supported_sport
KXLALIGATOP,Soccer,La Liga,tournament_outright,not_attempted_supported_sport,outright/bracket: few independent outcomes per season; needs prospective capture + simulation,,,,,,,,,,,,,,,,phase1:not_attempted_supported_sport
KXUEL16ROMFCP,Soccer,,tournament_outright,not_attempted_supported_sport,outright/bracket: few independent outcomes per season; needs prospective capture + simulation,,,,,,,,,,,,,,,,phase1:not_attempted_supported_sport
KXUEL16RSOFCM,Soccer,,tournament_outright,not_attempted_supported_sport,outright/bracket: few independent outcomes per season; needs prospective capture + simulation,,,,,,,,,,,,,,,,phase1:not_attempted_supported_sport
KXBALLERLEAGUE,Soccer,Baller League,tournament_outright,not_attempted_supported_sport,outright/bracket: few independent outcomes per season; needs prospective capture + simulation,,,,,,,,,,,,,,,,phase1:not_attempted_supported_sport
KXUEFANLGROUPQUAL,Soccer,UEFA Nations League,tournament_outright,not_attempted_supported_sport,outright/bracket: few independent outcomes per season; needs prospective capture + simulation,,,,,,,,,,,,,,,,phase1:not_attempted_supported_sport
KXWCTEAMS,Soccer,FIFA World Cup,tournament_outright,not_attempted_supported_sport,outright/bracket: few independent outcomes per season; needs prospective capture + simulation,,,,,,,,,,,,,,,,phase1:not_attempted_supported_sport
KXUCLLEAGUE,Soccer,Champions League,tournament_outright,not_attempted_supported_sport,outright/bracket: few independent outcomes per season; needs prospective capture + simulation,,,,,,,,,,,,,,,,phase1:not_attempted_supported_sport
KXITASUPERCUPADVANCE,Soccer,Italian Super Cup,tournament_outright,not_attempted_supported_sport,outright/bracket: few independent outcomes per season; needs prospective capture + simulation,,,,,,,,,,,,,,,,phase1:not_attempted_supported_sport
KXUSL,Soccer,USL Championship,tournament_outright,not_attempted_supported_sport,outright/bracket: few independent outcomes per season; needs prospective capture + simulation,,,,,,,,,,,,,,,,phase1:not_attempted_supported_sport
KXUEFAEUROQUAL,Soccer,Euros,tournament_outright,not_attempted_supported_sport,outright/bracket: few independent outcomes per season; needs prospective capture + simulation,,,,,,,,,,,,,,,,phase1:not_attempted_supported_sport
KXCONMEBOLSUD,Soccer,CONMEBOL Sudamericana,tournament_outright,not_attempted_supported_sport,outright/bracket: few independent outcomes per season; needs prospective capture + simulation,,,,,,,,,,,,,,,,phase1:not_attempted_supported_sport
KXUCL16PSGSTB,Soccer,,tournament_outright,not_attempted_supported_sport,outright/bracket: few independent outcomes per season; needs prospective capture + simulation,,,,,,,,,,,,,,,,phase1:not_attempted_supported_sport
KXLALIGALAST,Soccer,La Liga,tournament_outright,not_attempted_supported_sport,outright/bracket: few independent outcomes per season; needs prospective capture + simulation,,,,,,,,,,,,,,,,phase1:not_attempted_supported_sport
KXPERLIGA1,Soccer,Peru Liga 1 ,tournament_outright,not_attempted_supported_sport,outright/bracket: few independent outcomes per season; needs prospective capture + simulation,,,,,,,,,,,,,,,,phase1:not_attempted_supported_sport
KXUCL16BVBSPO,Soccer,,tournament_outright,not_attempted_supported_sport,outright/bracket: few independent outcomes per season; needs prospective capture + simulation,,,,,,,,,,,,,,,,phase1:not_attempted_supported_sport
KXUEL16BOGTWE,Soccer,,tournament_outright,not_attempted_supported_sport,outright/bracket: few independent outcomes per season; needs prospective capture + simulation,,,,,,,,,,,,,,,,phase1:not_attempted_supported_sport
KXEPLPOINTMARGIN,Soccer,EPL,tournament_outright,not_attempted_supported_sport,outright/bracket: few independent outcomes per season; needs prospective capture + simulation,,,,,,,,,,,,,,,,phase1:not_attempted_supported_sport
KXLIGUE1TOP,Soccer,Ligue 1,tournament_outright,not_attempted_supported_sport,outright/bracket: few independent outcomes per season; needs prospective capture + simulation,,,,,,,,,,,,,,,,phase1:not_attempted_supported_sport
KXBUNDESLIGATOP,Soccer,Bundesliga,tournament_outright,not_attempted_supported_sport,outright/bracket: few independent outcomes per season; needs prospective capture + simulation,,,,,,,,,,,,,,,,phase1:not_attempted_supported_sport
KXBUNDESLIGAPOINTMARGIN,Soccer,Bundesliga,tournament_outright,not_attempted_supported_sport,outright/bracket: few independent outcomes per season; needs prospective capture + simulation,,,,,,,,,,,,,,,,phase1:not_attempted_supported_sport
KXURYPD,Soccer,Uruguayan Primera Division,tournament_outright,not_attempted_supported_sport,outright/bracket: few independent outcomes per season; needs prospective capture + simulation,,,,,,,,,,,,,,,,phase1:not_attempted_supported_sport
KXBUNDESLIGALAST,Soccer,Bundesliga,tournament_outright,not_attempted_supported_sport,outright/bracket: few independent outcomes per season; needs prospective capture + simulation,,,,,,,,,,,,,,,,phase1:not_attempted_supported_sport
KXVENFUTVE,Soccer,Venezuela Liga FUTVE,tournament_outright,not_attempted_supported_sport,outright/bracket: few independent outcomes per season; needs prospective capture + simulation,,,,,,,,,,,,,,,,phase1:not_attempted_supported_sport
KXLALIGAPOINTMARGIN,Soccer,La Liga,tournament_outright,not_attempted_supported_sport,outright/bracket: few independent outcomes per season; needs prospective capture + simulation,,,,,,,,,,,,,,,,phase1:not_attempted_supported_sport
KXAFCACADVANCE,Soccer,,tournament_outright,not_attempted_supported_sport,outright/bracket: few independent outcomes per season; needs prospective capture + simulation,,,,,,,,,,,,,,,,phase1:not_attempted_supported_sport
KXALEAGUEADVANCE,Soccer,,tournament_outright,not_attempted_supported_sport,outright/bracket: few independent outcomes per season; needs prospective capture + simulation,,,,,,,,,,,,,,,,phase1:not_attempted_supported_sport
KXALLSVENSKANADVANCE,Soccer,,tournament_outright,not_attempted_supported_sport,outright/bracket: few independent outcomes per season; needs prospective capture + simulation,,,,,,,,,,,,,,,,phase1:not_attempted_supported_sport
KXAPFDDHADVANCE,Soccer,,tournament_outright,not_attempted_supported_sport,outright/bracket: few independent outcomes per season; needs prospective capture + simulation,,,,,,,,,,,,,,,,phase1:not_attempted_supported_sport
KXARGNACBADVANCE,Soccer,,tournament_outright,not_attempted_supported_sport,outright/bracket: few independent outcomes per season; needs prospective capture + simulation,,,,,,,,,,,,,,,,phase1:not_attempted_supported_sport
KXBELGIANPLADVANCE,Soccer,,tournament_outright,not_attempted_supported_sport,outright/bracket: few independent outcomes per season; needs prospective capture + simulation,,,,,,,,,,,,,,,,phase1:not_attempted_supported_sport
KXBOLPDIVADVANCE,Soccer,,tournament_outright,not_attempted_supported_sport,outright/bracket: few independent outcomes per season; needs prospective capture + simulation,,,,,,,,,,,,,,,,phase1:not_attempted_supported_sport
KXBRASILEIROADVANCE,Soccer,,tournament_outright,not_attempted_supported_sport,outright/bracket: few independent outcomes per season; needs prospective capture + simulation,,,,,,,,,,,,,,,,phase1:not_attempted_supported_sport
KXBRASILEIROBADVANCE,Soccer,,tournament_outright,not_attempted_supported_sport,outright/bracket: few independent outcomes per season; needs prospective capture + simulation,,,,,,,,,,,,,,,,phase1:not_attempted_supported_sport
KXBRASILEIROCADVANCE,Soccer,,tournament_outright,not_attempted_supported_sport,outright/bracket: few independent outcomes per season; needs prospective capture + simulation,,,,,,,,,,,,,,,,phase1:not_attempted_supported_sport
KXBRASILEIRORELEGATION,Soccer,,tournament_outright,not_attempted_supported_sport,outright/bracket: few independent outcomes per season; needs prospective capture + simulation,,,,,,,,,,,,,,,,phase1:not_attempted_supported_sport
KXBRASILEIROTOP,Soccer,,tournament_outright,not_attempted_supported_sport,outright/bracket: few independent outcomes per season; needs prospective capture + simulation,,,,,,,,,,,,,,,,phase1:not_attempted_supported_sport
KXBUNDESLIGA2ADVANCE,Soccer,,tournament_outright,not_attempted_supported_sport,outright/bracket: few independent outcomes per season; needs prospective capture + simulation,,,,,,,,,,,,,,,,phase1:not_attempted_supported_sport
KXBUNDESLIGAADVANCE,Soccer,,tournament_outright,not_attempted_supported_sport,outright/bracket: few independent outcomes per season; needs prospective capture + simulation,,,,,,,,,,,,,,,,phase1:not_attempted_supported_sport
KXCANPLADVANCE,Soccer,,tournament_outright,not_attempted_supported_sport,outright/bracket: few independent outcomes per season; needs prospective capture + simulation,,,,,,,,,,,,,,,,phase1:not_attempted_supported_sport
KXCHLLDPADVANCE,Soccer,,tournament_outright,not_attempted_supported_sport,outright/bracket: few independent outcomes per season; needs prospective capture + simulation,,,,,,,,,,,,,,,,phase1:not_attempted_supported_sport
KXCHNL1ADVANCE,Soccer,,tournament_outright,not_attempted_supported_sport,outright/bracket: few independent outcomes per season; needs prospective capture + simulation,,,,,,,,,,,,,,,,phase1:not_attempted_supported_sport
KXCHNSLADVANCE,Soccer,,tournament_outright,not_attempted_supported_sport,outright/bracket: few independent outcomes per season; needs prospective capture + simulation,,,,,,,,,,,,,,,,phase1:not_attempted_supported_sport
KXCLUBWCADVANCE,Soccer,,tournament_outright,not_attempted_supported_sport,outright/bracket: few independent outcomes per season; needs prospective capture + simulation,,,,,,,,,,,,,,,,phase1:not_attempted_supported_sport
KXCONCACAFCCUPADVANCE,Soccer,,tournament_outright,not_attempted_supported_sport,outright/bracket: few independent outcomes per season; needs prospective capture + simulation,,,,,,,,,,,,,,,,phase1:not_attempted_supported_sport
KXCZEFLADVANCE,Soccer,,tournament_outright,not_attempted_supported_sport,outright/bracket: few independent outcomes per season; needs prospective capture + simulation,,,,,,,,,,,,,,,,phase1:not_attempted_supported_sport
KXDENSUPERLIGAADVANCE,Soccer,,tournament_outright,not_attempted_supported_sport,outright/bracket: few independent outcomes per season; needs prospective capture + simulation,,,,,,,,,,,,,,,,phase1:not_attempted_supported_sport
KXDIMAYORADVANCE,Soccer,,tournament_outright,not_attempted_supported_sport,outright/bracket: few independent outcomes per season; needs prospective capture + simulation,,,,,,,,,,,,,,,,phase1:not_attempted_supported_sport
KXECULPADVANCE,Soccer,,tournament_outright,not_attempted_supported_sport,outright/bracket: few independent outcomes per season; needs prospective capture + simulation,,,,,,,,,,,,,,,,phase1:not_attempted_supported_sport
KXEFLL1ADVANCE,Soccer,,tournament_outright,not_attempted_supported_sport,outright/bracket: few independent outcomes per season; needs prospective capture + simulation,,,,,,,,,,,,,,,,phase1:not_attempted_supported_sport
KXEGYPL,Soccer,,tournament_outright,not_attempted_supported_sport,outright/bracket: few independent outcomes per season; needs prospective capture + simulation,,,,,,,,,,,,,,,,phase1:not_attempted_supported_sport
KXEGYPLADVANCE,Soccer,,tournament_outright,not_attempted_supported_sport,outright/bracket: few independent outcomes per season; needs prospective capture + simulation,,,,,,,,,,,,,,,,phase1:not_attempted_supported_sport
KXEKSTRAKLASAADVANCE,Soccer,,tournament_outright,not_attempted_supported_sport,outright/bracket: few independent outcomes per season; needs prospective capture + simulation,,,,,,,,,,,,,,,,phase1:not_attempted_supported_sport
KXELITESERIENADVANCE,Soccer,,tournament_outright,not_attempted_supported_sport,outright/bracket: few independent outcomes per season; needs prospective capture + simulation,,,,,,,,,,,,,,,,phase1:not_attempted_supported_sport
KXEPLADVANCE,Soccer,,tournament_outright,not_attempted_supported_sport,outright/bracket: few independent outcomes per season; needs prospective capture + simulation,,,,,,,,,,,,,,,,phase1:not_attempted_supported_sport
KXEREDIVISIEADVANCE,Soccer,,tournament_outright,not_attempted_supported_sport,outright/bracket: few independent outcomes per season; needs prospective capture + simulation,,,,,,,,,,,,,,,,phase1:not_attempted_supported_sport
KXEWSLADVANCE,Soccer,,tournament_outright,not_attempted_supported_sport,outright/bracket: few independent outcomes per season; needs prospective capture + simulation,,,,,,,,,,,,,,,,phase1:not_attempted_supported_sport
KXFINALISSIMAADVANCE,Soccer,,tournament_outright,not_attempted_supported_sport,outright/bracket: few independent outcomes per season; needs prospective capture + simulation,,,,,,,,,,,,,,,,phase1:not_attempted_supported_sport
KXHNLADVANCE,Soccer,,tournament_outright,not_attempted_supported_sport,outright/bracket: few independent outcomes per season; needs prospective capture + simulation,,,,,,,,,,,,,,,,phase1:not_attempted_supported_sport
KXIDNSLADVANCE,Soccer,,tournament_outright,not_attempted_supported_sport,outright/bracket: few independent outcomes per season; needs prospective capture + simulation,,,,,,,,,,,,,,,,phase1:not_attempted_supported_sport
KXINTLFRIENDLYADVANCE,Soccer,,tournament_outright,not_attempted_supported_sport,outright/bracket: few independent outcomes per season; needs prospective capture + simulation,,,,,,,,,,,,,,,,phase1:not_attempted_supported_sport
KXISRNLCUPADVANCE,Soccer,,tournament_outright,not_attempted_supported_sport,outright/bracket: few independent outcomes per season; needs prospective capture + simulation,,,,,,,,,,,,,,,,phase1:not_attempted_supported_sport
KXISRSCUPADVANCE,Soccer,,tournament_outright,not_attempted_supported_sport,outright/bracket: few independent outcomes per season; needs prospective capture + simulation,,,,,,,,,,,,,,,,phase1:not_attempted_supported_sport
KXJ2LEAGUEADVANCE,Soccer,,tournament_outright,not_attempted_supported_sport,outright/bracket: few independent outcomes per season; needs prospective capture + simulation,,,,,,,,,,,,,,,,phase1:not_attempted_supported_sport
KXJLEAGUEADVANCE,Soccer,,tournament_outright,not_attempted_supported_sport,outright/bracket: few independent outcomes per season; needs prospective capture + simulation,,,,,,,,,,,,,,,,phase1:not_attempted_supported_sport
KXK2LEAGUEADVANCE,Soccer,,tournament_outright,not_attempted_supported_sport,outright/bracket: few independent outcomes per season; needs prospective capture + simulation,,,,,,,,,,,,,,,,phase1:not_attempted_supported_sport
KXKLEAGUEADVANCE,Soccer,,tournament_outright,not_attempted_supported_sport,outright/bracket: few independent outcomes per season; needs prospective capture + simulation,,,,,,,,,,,,,,,,phase1:not_attempted_supported_sport
KXLALIGA2ADVANCE,Soccer,,tournament_outright,not_attempted_supported_sport,outright/bracket: few independent outcomes per season; needs prospective capture + simulation,,,,,,,,,,,,,,,,phase1:not_attempted_supported_sport
KXLALIGAADVANCE,Soccer,,tournament_outright,not_attempted_supported_sport,outright/bracket: few independent outcomes per season; needs prospective capture + simulation,,,,,,,,,,,,,,,,phase1:not_attempted_supported_sport
KXLIGAEXPADVANCE,Soccer,,tournament_outright,not_attempted_supported_sport,outright/bracket: few independent outcomes per season; needs prospective capture + simulation,,,,,,,,,,,,,,,,phase1:not_attempted_supported_sport
KXLIGAPORTUGALADVANCE,Soccer,,tournament_outright,not_attempted_supported_sport,outright/bracket: few independent outcomes per season; needs prospective capture + simulation,,,,,,,,,,,,,,,,phase1:not_attempted_supported_sport
KXLIGUE1ADVANCE,Soccer,,tournament_outright,not_attempted_supported_sport,outright/bracket: few independent outcomes per season; needs prospective capture + simulation,,,,,,,,,,,,,,,,phase1:not_attempted_supported_sport
KXLIGUE1LAST,Soccer,Ligue 1,tournament_outright,not_attempted_supported_sport,outright/bracket: few independent outcomes per season; needs prospective capture + simulation,,,,,,,,,,,,,,,,phase1:not_attempted_supported_sport
KXLIGUE1POINTMARGIN,Soccer,Ligue 1,tournament_outright,not_attempted_supported_sport,outright/bracket: few independent outcomes per season; needs prospective capture + simulation,,,,,,,,,,,,,,,,phase1:not_attempted_supported_sport
KXLIGUILLAQUAL,Soccer,,tournament_outright,not_attempted_supported_sport,outright/bracket: few independent outcomes per season; needs prospective capture + simulation,,,,,,,,,,,,,,,,phase1:not_attempted_supported_sport
KXMWORLDCUP,Soccer,,tournament_outright,not_attempted_supported_sport,outright/bracket: few independent outcomes per season; needs prospective capture + simulation,,,,,,,,,,,,,,,,phase1:not_attempted_supported_sport
KXMYSLADVANCE,Soccer,,tournament_outright,not_attempted_supported_sport,outright/bracket: few independent outcomes per season; needs prospective capture + simulation,,,,,,,,,,,,,,,,phase1:not_attempted_supported_sport
KXNWSLADVANCE,Soccer,,tournament_outright,not_attempted_supported_sport,outright/bracket: few independent outcomes per season; needs prospective capture + simulation,,,,,,,,,,,,,,,,phase1:not_attempted_supported_sport
KXPERLIGA1ADVANCE,Soccer,,tournament_outright,not_attempted_supported_sport,outright/bracket: few independent outcomes per season; needs prospective capture + simulation,,,,,,,,,,,,,,,,phase1:not_attempted_supported_sport
KXSAUDIPLADVANCE,Soccer,,tournament_outright,not_attempted_supported_sport,outright/bracket: few independent outcomes per season; needs prospective capture + simulation,,,,,,,,,,,,,,,,phase1:not_attempted_supported_sport
KXSCOTTISHPREMADVANCE,Soccer,,tournament_outright,not_attempted_supported_sport,outright/bracket: few independent outcomes per season; needs prospective capture + simulation,,,,,,,,,,,,,,,,phase1:not_attempted_supported_sport
KXSERIEAADVANCE,Soccer,,tournament_outright,not_attempted_supported_sport,outright/bracket: few independent outcomes per season; needs prospective capture + simulation,,,,,,,,,,,,,,,,phase1:not_attempted_supported_sport
KXSERIEALAST,Soccer,Serie A,tournament_outright,not_attempted_supported_sport,outright/bracket: few independent outcomes per season; needs prospective capture + simulation,,,,,,,,,,,,,,,,phase1:not_attempted_supported_sport
KXSERIEAPOINTMARGIN,Soccer,Serie A,tournament_outright,not_attempted_supported_sport,outright/bracket: few independent outcomes per season; needs prospective capture + simulation,,,,,,,,,,,,,,,,phase1:not_attempted_supported_sport
KXSERIEBADVANCE,Soccer,,tournament_outright,not_attempted_supported_sport,outright/bracket: few independent outcomes per season; needs prospective capture + simulation,,,,,,,,,,,,,,,,phase1:not_attempted_supported_sport
KXSGPPLADVANCE,Soccer,,tournament_outright,not_attempted_supported_sport,outright/bracket: few independent outcomes per season; needs prospective capture + simulation,,,,,,,,,,,,,,,,phase1:not_attempted_supported_sport
KXSLGREECEADVANCE,Soccer,,tournament_outright,not_attempted_supported_sport,outright/bracket: few independent outcomes per season; needs prospective capture + simulation,,,,,,,,,,,,,,,,phase1:not_attempted_supported_sport
KXSRBCUPADVANCE,Soccer,,tournament_outright,not_attempted_supported_sport,outright/bracket: few independent outcomes per season; needs prospective capture + simulation,,,,,,,,,,,,,,,,phase1:not_attempted_supported_sport
KXSUPERLIGADVANCE,Soccer,,tournament_outright,not_attempted_supported_sport,outright/bracket: few independent outcomes per season; needs prospective capture + simulation,,,,,,,,,,,,,,,,phase1:not_attempted_supported_sport
KXSVNCUPADVANCE,Soccer,,tournament_outright,not_attempted_supported_sport,outright/bracket: few independent outcomes per season; needs prospective capture + simulation,,,,,,,,,,,,,,,,phase1:not_attempted_supported_sport
KXSWISSLEAGUEADVANCE,Soccer,,tournament_outright,not_attempted_supported_sport,outright/bracket: few independent outcomes per season; needs prospective capture + simulation,,,,,,,,,,,,,,,,phase1:not_attempted_supported_sport
KXTHAIL1ADVANCE,Soccer,,tournament_outright,not_attempted_supported_sport,outright/bracket: few independent outcomes per season; needs prospective capture + simulation,,,,,,,,,,,,,,,,phase1:not_attempted_supported_sport
KXUAEPLADVANCE,Soccer,,tournament_outright,not_attempted_supported_sport,outright/bracket: few independent outcomes per season; needs prospective capture + simulation,,,,,,,,,,,,,,,,phase1:not_attempted_supported_sport
KXUCL16,Soccer,,tournament_outright,not_attempted_supported_sport,outright/bracket: few independent outcomes per season; needs prospective capture + simulation,,,,,,,,,,,,,,,,phase1:not_attempted_supported_sport
KXUCL8,Soccer,,tournament_outright,not_attempted_supported_sport,outright/bracket: few independent outcomes per season; needs prospective capture + simulation,,,,,,,,,,,,,,,,phase1:not_attempted_supported_sport
KXUEFACLTOPGOAL,Soccer,,tournament_outright,not_attempted_supported_sport,outright/bracket: few independent outcomes per season; needs prospective capture + simulation,,,,,,,,,,,,,,,,phase1:not_attempted_supported_sport
KXUEFANLADVANCE,Soccer,,tournament_outright,not_attempted_supported_sport,outright/bracket: few independent outcomes per season; needs prospective capture + simulation,,,,,,,,,,,,,,,,phase1:not_attempted_supported_sport
KXUEL16FCSBPAOK,Soccer,,tournament_outright,not_attempted_supported_sport,outright/bracket: few independent outcomes per season; needs prospective capture + simulation,,,,,,,,,,,,,,,,phase1:not_attempted_supported_sport
KXUEL16FTCRSO,Soccer,,tournament_outright,not_attempted_supported_sport,outright/bracket: few independent outcomes per season; needs prospective capture + simulation,,,,,,,,,,,,,,,,phase1:not_attempted_supported_sport
KXUEL16GALAZA,Soccer,,tournament_outright,not_attempted_supported_sport,outright/bracket: few independent outcomes per season; needs prospective capture + simulation,,,,,,,,,,,,,,,,phase1:not_attempted_supported_sport
KXUEL16TWEVIK,Soccer,,tournament_outright,not_attempted_supported_sport,outright/bracket: few independent outcomes per season; needs prospective capture + simulation,,,,,,,,,,,,,,,,phase1:not_attempted_supported_sport
KXURYPDADVANCE,Soccer,,tournament_outright,not_attempted_supported_sport,outright/bracket: few independent outcomes per season; needs prospective capture + simulation,,,,,,,,,,,,,,,,phase1:not_attempted_supported_sport
KXUSLADVANCE,Soccer,,tournament_outright,not_attempted_supported_sport,outright/bracket: few independent outcomes per season; needs prospective capture + simulation,,,,,,,,,,,,,,,,phase1:not_attempted_supported_sport
KXUSOPENCUP,Soccer,,tournament_outright,not_attempted_supported_sport,outright/bracket: few independent outcomes per season; needs prospective capture + simulation,,,,,,,,,,,,,,,,phase1:not_attempted_supported_sport
KXVENFUTVEADVANCE,Soccer,,tournament_outright,not_attempted_supported_sport,outright/bracket: few independent outcomes per season; needs prospective capture + simulation,,,,,,,,,,,,,,,,phase1:not_attempted_supported_sport
KXVLEAGUE1ADVANCE,Soccer,,tournament_outright,not_attempted_supported_sport,outright/bracket: few independent outcomes per season; needs prospective capture + simulation,,,,,,,,,,,,,,,,phase1:not_attempted_supported_sport
KXWCFINALMATCHUP,Soccer,,tournament_outright,not_attempted_supported_sport,outright/bracket: few independent outcomes per season; needs prospective capture + simulation,,,,,,,,,,,,,,,,phase1:not_attempted_supported_sport
KXWCGS3WINS,Soccer,,tournament_outright,not_attempted_supported_sport,outright/bracket: few independent outcomes per season; needs prospective capture + simulation,,,,,,,,,,,,,,,,phase1:not_attempted_supported_sport
KXWCWOMEN,Soccer,,tournament_outright,not_attempted_supported_sport,outright/bracket: few independent outcomes per season; needs prospective capture + simulation,,,,,,,,,,,,,,,,phase1:not_attempted_supported_sport
KXSQUASHMATCH,Squash,Pro Squash (M),game_winner,kalshi_settlement_only_evaluated,,kalshi_settlement_only,k_kxsquashmatch,game_winner,0,0,0,unavailable: training support below threshold,unavailable: matched training support below threshold,0,0,150,0,0,72,338,calibration_unavailable+blend_unavailable
KXPSASQUASH,Squash,Pro Squash (M),tournament_outright,not_attempted_supported_sport,outright/bracket: few independent outcomes per season; needs prospective capture + simulation,,,,,,,,,,,,,,,,phase1:not_attempted_supported_sport
KXBRITISHOPENSQUASH,Squash,Squash,tournament_outright,not_attempted_supported_sport,outright/bracket: few independent outcomes per season; needs prospective capture + simulation,,,,,,,,,,,,,,,,phase1:not_attempted_supported_sport
KXTTELITEMATCH,Table Tennis,TT Elite Series,game_winner,kalshi_settlement_only_evaluated,,kalshi_settlement_only,k_kxttelitematch,game_winner,0,0,0,unavailable: training support below threshold,unavailable: matched training support below threshold,0,0,150,0,0,122,22054,calibration_unavailable+blend_unavailable
KXTTSTARMATCH,Table Tennis,TT Star Series,game_winner,kalshi_settlement_only_evaluated,,kalshi_settlement_only,k_kxttstarmatch,game_winner,0,0,0,unavailable: training support below threshold,unavailable: matched training support below threshold,0,0,150,0,0,129,2018,calibration_unavailable+blend_unavailable
KXTABLETENNIS,Table Tennis,TT Elite Series Men,game_winner,kalshi_settlement_only_evaluated,,kalshi_settlement_only,k_kxtabletennis,game_winner,0,0,0,unavailable: training support below threshold,unavailable: matched training support below threshold,0,0,1,0,0,0,4304,calibration_unavailable+blend_unavailable
KXTTMATCH,Table Tennis,TT Star Series,game_winner,kalshi_settlement_only_evaluated,,kalshi_settlement_only,k_kxttmatch,game_winner,0,0,0,unavailable: training support below threshold,unavailable: matched training support below threshold,0,0,150,0,0,117,466,calibration_unavailable+blend_unavailable
KXTABLETENNISMATCH,Table Tennis,Setka Cup,game_winner,kalshi_settlement_only_evaluated,,kalshi_settlement_only,k_kxtabletennismatch,game_winner,0,0,0,unavailable: training support below threshold,unavailable: matched training support below threshold,0,0,0,0,0,0,422,calibration_unavailable+blend_unavailable
KXITTFMENMATCH,Table Tennis,World Team Championships Men,game_winner,kalshi_settlement_only_evaluated,,kalshi_settlement_only,k_kxittfmenmatch,game_winner,0,0,0,unavailable: training support below threshold,unavailable: matched training support below threshold,0,0,47,0,0,18,94,calibration_unavailable+blend_unavailable
KXITTFWOMENMATCH,Table Tennis,World Team Championships Women,game_winner,not_attempted_supported_sport,no traded markets,,,,,,,,,,,,,,,,phase1:not_attempted_supported_sport
KXTTELITEGAME,Table Tennis,,game_winner,not_attempted_supported_sport,no traded markets,,,,,,,,,,,,,,,,phase1:not_attempted_supported_sport
KXWTABLETENNISMATCH,Table Tennis,,game_winner,not_attempted_supported_sport,no traded markets,,,,,,,,,,,,,,,,phase1:not_attempted_supported_sport
KXWTTMATCH,Table Tennis,,game_winner,not_attempted_supported_sport,no traded markets,,,,,,,,,,,,,,,,phase1:not_attempted_supported_sport
KXITTFWOMEN,Table Tennis,World Team Championships Women,tournament_outright,not_attempted_supported_sport,outright/bracket: few independent outcomes per season; needs prospective capture + simulation,,,,,,,,,,,,,,,,phase1:not_attempted_supported_sport
KXITTFMEN,Table Tennis,World Team Championships Men,tournament_outright,not_attempted_supported_sport,outright/bracket: few independent outcomes per season; needs prospective capture + simulation,,,,,,,,,,,,,,,,phase1:not_attempted_supported_sport
KXWTAROE,Tennis,Wimbledon Women Singles,field_finish,not_attempted_supported_sport,no independent results adapter for this competition in Phase 1 (game_winner only via Kalshi-only path),,,,,,,,,,,,,,,,phase1:not_attempted_supported_sport
KXATPMATCH,Tennis,US Open Men Singles,game_winner,kalshi_settlement_only_evaluated,,kalshi_settlement_only,k_kxatpmatch,game_winner,296,1388,744,ok,unavailable: matched training support below threshold,150,100,150,147,100,149,6712,calibrated_ok+blend_unavailable
KXATPCHALLENGERMATCH,Tennis,ATP Challenger Newport,game_winner,kalshi_settlement_only_evaluated,,kalshi_settlement_only,k_kxatpchallengermatch,game_winner,0,0,0,unavailable: training support below threshold,unavailable: matched training support below threshold,0,0,150,0,0,149,18744,calibration_unavailable+blend_unavailable
KXWTAMATCH,Tennis,Wimbledon Women Singles,game_winner,kalshi_settlement_only_evaluated,,kalshi_settlement_only,k_kxwtamatch,game_winner,292,1490,564,ok,unavailable: matched training support below threshold,150,100,150,148,100,149,6912,calibrated_ok+blend_unavailable
KXITFMATCH,Tennis,ITF,game_winner,kalshi_settlement_only_evaluated,,kalshi_settlement_only,k_kxitfmatch,game_winner,0,0,0,unavailable: training support below threshold,unavailable: matched training support below threshold,0,0,150,0,0,139,37126,calibration_unavailable+blend_unavailable
KXITFWMATCH,Tennis,ITF,game_winner,kalshi_settlement_only_evaluated,,kalshi_settlement_only,k_kxitfwmatch,game_winner,0,0,0,unavailable: training support below threshold,unavailable: matched training support below threshold,0,0,150,0,0,139,33262,calibration_unavailable+blend_unavailable
KXWTACHALLENGERMATCH,Tennis,WTA 125K Birmingham,game_winner,kalshi_settlement_only_evaluated,,kalshi_settlement_only,k_kxwtachallengermatch,game_winner,0,0,0,unavailable: training support below threshold,unavailable: matched training support below threshold,0,0,150,0,0,150,3980,calibration_unavailable+blend_unavailable
KXFOMEN,Tennis,French Open Men Singles,game_winner,no_test_contracts,no scored contracts in the test window,kalshi_settlement_only,k_kxfomen,game_winner,250,0,0,,,105,0,0,90,0,0,0,phase1:no_test_contracts
KXITFDOUBLES,Tennis,ITF Doubles,game_winner,kalshi_settlement_only_evaluated,,kalshi_settlement_only,k_kxitfdoubles,game_winner,0,0,0,unavailable: training support below threshold,unavailable: matched training support below threshold,0,0,150,0,0,137,4832,calibration_unavailable+blend_unavailable
KXDAVISCUPMATCH,Tennis,Davis Cup,game_winner,kalshi_settlement_only_evaluated,,kalshi_settlement_only,k_kxdaviscupmatch,game_winner,0,0,26,unavailable: training support below threshold,unavailable: matched training support below threshold,0,5,51,0,4,51,122,calibration_unavailable+blend_unavailable
KXITFWDOUBLES,Tennis,ITF Doubles,game_winner,kalshi_settlement_only_evaluated,,kalshi_settlement_only,k_kxitfwdoubles,game_winner,0,0,0,unavailable: training support below threshold,unavailable: matched training support below threshold,0,0,150,0,0,133,3926,calibration_unavailable+blend_unavailable
KXWTADOUBLES,Tennis,French Open Women Doubles,game_winner,kalshi_settlement_only_evaluated,,kalshi_settlement_only,k_kxwtadoubles,game_winner,0,0,0,unavailable: training support below threshold,unavailable: matched training support below threshold,0,0,150,0,0,146,686,calibration_unavailable+blend_unavailable
KXATPDOUBLES,Tennis,French Open Men Doubles,game_winner,kalshi_settlement_only_evaluated,,kalshi_settlement_only,k_kxatpdoubles,game_winner,0,0,30,unavailable: training support below threshold,unavailable: matched training support below threshold,0,15,150,0,15,145,692,calibration_unavailable+blend_unavailable
KXUNITEDCUPMATCH,Tennis,United Cup,game_winner,kalshi_settlement_only_evaluated,,kalshi_settlement_only,k_kxunitedcupmatch,game_winner,0,0,0,unavailable: training support below threshold,unavailable: matched training support below threshold,0,0,50,0,0,49,100,calibration_unavailable+blend_unavailable
KXFOWOMEN,Tennis,French Open Women Singles,game_winner,no_test_contracts,no scored contracts in the test window,kalshi_settlement_only,k_kxfowomen,game_winner,248,0,0,,,106,0,0,85,0,0,0,phase1:no_test_contracts
KXLAVERCUPMATCH,Tennis,Laver Cup Singles,game_winner,kalshi_settlement_only_evaluated,,kalshi_settlement_only,k_kxlavercupmatch,game_winner,0,0,0,unavailable: training support below threshold,unavailable: matched training support below threshold,0,0,5,0,0,5,10,calibration_unavailable+blend_unavailable
KXATPCHALLENGERDOUBLES,Tennis,ATP Challenger Kingston,game_winner,kalshi_settlement_only_evaluated,,kalshi_settlement_only,k_kxatpchallengerdoubles,game_winner,0,0,0,unavailable: training support below threshold,unavailable: matched training support below threshold,0,0,150,0,0,115,1088,calibration_unavailable+blend_unavailable
KXIWMEN,Tennis,ATP Indian Wells,game_winner,no_test_contracts,no scored contracts in the test window,kalshi_settlement_only,k_kxiwmen,game_winner,0,0,0,,,0,0,0,0,0,0,0,phase1:no_test_contracts
KXMOWOMEN,Tennis,WTA Miami,game_winner,no_test_contracts,no scored contracts in the test window,kalshi_settlement_only,k_kxmowomen,game_winner,0,0,0,,,0,0,0,0,0,0,0,phase1:no_test_contracts
KXIWWOMEN,Tennis,WTA Indian Wells,game_winner,no_test_contracts,no scored contracts in the test window,kalshi_settlement_only,k_kxiwwomen,game_winner,0,0,0,,,0,0,0,0,0,0,0,phase1:no_test_contracts
KXMOMEN,Tennis,ATP Miami,game_winner,no_test_contracts,no scored contracts in the test window,kalshi_settlement_only,k_kxmomen,game_winner,0,0,0,,,0,0,0,0,0,0,0,phase1:no_test_contracts
KXMIXEDDOUBLESMATCH,Tennis,US Open Mixed Doubles,game_winner,kalshi_settlement_only_evaluated,,kalshi_settlement_only,k_kxmixeddoublesmatch,game_winner,0,0,0,unavailable: training support below threshold,unavailable: matched training support below threshold,0,0,12,0,0,12,42,calibration_unavailable+blend_unavailable
KXBATTLEOFSEXES,Tennis,Battle of the Sexes,game_winner,no_test_contracts,no scored contracts in the test window,kalshi_settlement_only,k_kxbattleofsexes,game_winner,0,0,2,,,0,1,0,0,1,0,0,phase1:no_test_contracts
KXLAVERCUPDOUBLESMATCH,Tennis,Laver Cup Doubles,game_winner,kalshi_settlement_only_evaluated,,kalshi_settlement_only,k_kxlavercupdoublesmatch,game_winner,0,0,0,unavailable: training support below threshold,unavailable: matched training support below threshold,0,0,3,0,0,3,6,calibration_unavailable+blend_unavailable
KXTENNISEXHIBITION,Tennis,UTS London Grand Final,game_winner,no_test_contracts,no scored contracts in the test window,kalshi_settlement_only,k_kxtennisexhibition,game_winner,0,0,66,,,0,26,0,0,23,0,0,phase1:no_test_contracts
KXMADMEN,Tennis,ATP Madrid,game_winner,no_test_contracts,no scored contracts in the test window,kalshi_settlement_only,k_kxmadmen,game_winner,0,0,0,,,0,0,0,0,0,0,0,phase1:no_test_contracts
KXSIXKINGSSLAMMATCH,Tennis,Six Kings Slam,game_winner,no_test_contracts,no scored contracts in the test window,kalshi_settlement_only,k_kxsixkingsslammatch,game_winner,0,0,4,,,0,2,0,0,2,0,0,phase1:no_test_contracts
KXEXHIBITIONMEN,Tennis,Alcaraz vs Sinner,game_winner,kalshi_settlement_only_evaluated,,kalshi_settlement_only,k_kxexhibitionmen,game_winner,0,0,0,unavailable: training support below threshold,unavailable: matched training support below threshold,0,0,1,0,0,1,2,calibration_unavailable+blend_unavailable
KXMADWOMEN,Tennis,WTA Madrid,game_winner,no_test_contracts,no scored contracts in the test window,kalshi_settlement_only,k_kxmadwomen,game_winner,0,0,0,,,0,0,0,0,0,0,0,phase1:no_test_contracts
KXPICKLEBALLMATCH,Tennis,David Dobrik Pickleball,game_winner,no_test_contracts,no scored contracts in the test window,kalshi_settlement_only,k_kxpickleballmatch,game_winner,0,0,0,,,0,0,0,0,0,0,0,phase1:no_test_contracts
KXATPGWINNER,Tennis,,game_winner,not_attempted_supported_sport,no traded markets,,,,,,,,,,,,,,,,phase1:not_attempted_supported_sport
KXEXHIBITIONWOMEN,Tennis,,game_winner,not_attempted_supported_sport,no traded markets,,,,,,,,,,,,,,,,phase1:not_attempted_supported_sport
KXSIXKINGSMATCH,Tennis,,game_winner,not_attempted_supported_sport,no traded markets,,,,,,,,,,,,,,,,phase1:not_attempted_supported_sport
KXSIXKINGSQUARTER,Tennis,,game_winner,not_attempted_supported_sport,no traded markets,,,,,,,,,,,,,,,,phase1:not_attempted_supported_sport
KXSIXKINGSSEMI,Tennis,,game_winner,not_attempted_supported_sport,no traded markets,,,,,,,,,,,,,,,,phase1:not_attempted_supported_sport
KXTENNISMAJORDJOKOVIC,Tennis,,other_novelty,not_attempted_supported_sport,out of scope (novelty),,,,,,,,,,,,,,,,phase1:not_attempted_supported_sport
KXPLAYERDEAL,Tennis,ATP,other_novelty,not_attempted_supported_sport,out of scope (novelty),,,,,,,,,,,,,,,,phase1:not_attempted_supported_sport
KXATPNOVAK25,Tennis,ATP,other_novelty,not_attempted_supported_sport,out of scope (novelty),,,,,,,,,,,,,,,,phase1:not_attempted_supported_sport
KXATPCOMPETE,Tennis,US Open,personnel_ops,not_attempted_supported_sport,out of scope (non-sporting outcome),,,,,,,,,,,,,,,,phase1:not_attempted_supported_sport
KXATPNATWINNER,Tennis,US Open Men Singles,personnel_ops,not_attempted_supported_sport,out of scope (non-sporting outcome),,,,,,,,,,,,,,,,phase1:not_attempted_supported_sport
KXALCARAZCOACH,Tennis,,personnel_ops,not_attempted_supported_sport,out of scope (non-sporting outcome),,,,,,,,,,,,,,,,phase1:not_attempted_supported_sport
KXATPRETIRE,Tennis,ATP,personnel_ops,not_attempted_supported_sport,out of scope (non-sporting outcome),,,,,,,,,,,,,,,,phase1:not_attempted_supported_sport
KXWTANATSTAGE,Tennis,US Open Women Singles,personnel_ops,not_attempted_supported_sport,out of scope (non-sporting outcome),,,,,,,,,,,,,,,,phase1:not_attempted_supported_sport
KXDJOKOVICRETIRE,Tennis,,personnel_ops,not_attempted_supported_sport,out of scope (non-sporting outcome),,,,,,,,,,,,,,,,phase1:not_attempted_supported_sport
KXATPNATSTAGE,Tennis,US Open Men Singles,personnel_ops,not_attempted_supported_sport,out of scope (non-sporting outcome),,,,,,,,,,,,,,,,phase1:not_attempted_supported_sport
KXATPACES,Tennis,Wimbledon Men Singles,player_prop,not_attempted_supported_sport,player/appearance-conditioned; pregame participation not reconstructable as-of (not modelled),,,,,,,,,,,,,,,,phase1:not_attempted_supported_sport
KXWTAACES,Tennis,,player_prop,not_attempted_supported_sport,player/appearance-conditioned; pregame participation not reconstructable as-of (not modelled),,,,,,,,,,,,,,,,phase1:not_attempted_supported_sport
KXATP1RANK,Tennis,ATP,rankings_polls,not_attempted_supported_sport,rankings/polls: poll processes (KenPom paid),,,,,,,,,,,,,,,,phase1:not_attempted_supported_sport
KXWTA1RANK,Tennis,WTA,rankings_polls,not_attempted_supported_sport,rankings/polls: poll processes (KenPom paid),,,,,,,,,,,,,,,,phase1:not_attempted_supported_sport
KXATPT5RANK,Tennis,ATP,rankings_polls,not_attempted_supported_sport,rankings/polls: poll processes (KenPom paid),,,,,,,,,,,,,,,,phase1:not_attempted_supported_sport
KXATPEXACTMATCH,Tennis,US Open Men Singles,score_props,not_attempted_supported_sport,no independent results adapter for this competition in Phase 1 (game_winner only via Kalshi-only path),,,,,,,,,,,,,,,,phase1:not_attempted_supported_sport
KXWTAEXACTMATCH,Tennis,US Open Women Singles,score_props,not_attempted_supported_sport,no independent results adapter for this competition in Phase 1 (game_winner only via Kalshi-only path),,,,,,,,,,,,,,,,phase1:not_attempted_supported_sport
KXATPTIEBREAK,Tennis,,score_props,not_attempted_supported_sport,no traded markets,,,,,,,,,,,,,,,,phase1:not_attempted_supported_sport
KXATPSETWINNER,Tennis,Wimbledon Men Singles,segment,not_attempted_supported_sport,no independent results adapter for this competition in Phase 1 (game_winner only via Kalshi-only path),,,,,,,,,,,,,,,,phase1:not_attempted_supported_sport
KXWTASETWINNER,Tennis,US Open Women Singles,segment,not_attempted_supported_sport,no independent results adapter for this competition in Phase 1 (game_winner only via Kalshi-only path),,,,,,,,,,,,,,,,phase1:not_attempted_supported_sport
KXATPSSPREAD,Tennis,US Open Men Singles,segment,not_attempted_supported_sport,no independent results adapter for this competition in Phase 1 (game_winner only via Kalshi-only path),,,,,,,,,,,,,,,,phase1:not_attempted_supported_sport
KXATPS1GWINNER,Tennis,ATP S-Hertogenbosch,segment,not_attempted_supported_sport,no independent results adapter for this competition in Phase 1 (game_winner only via Kalshi-only path),,,,,,,,,,,,,,,,phase1:not_attempted_supported_sport
KXATPS4GWINNER,Tennis,French Open Men Singles,segment,not_attempted_supported_sport,no independent results adapter for this competition in Phase 1 (game_winner only via Kalshi-only path),,,,,,,,,,,,,,,,phase1:not_attempted_supported_sport
KXATPS2GWINNER,Tennis,ATP Stuttgart,segment,not_attempted_supported_sport,no independent results adapter for this competition in Phase 1 (game_winner only via Kalshi-only path),,,,,,,,,,,,,,,,phase1:not_attempted_supported_sport
KXATPS3GWINNER,Tennis,ATP S-Hertogenbosch,segment,not_attempted_supported_sport,no independent results adapter for this competition in Phase 1 (game_winner only via Kalshi-only path),,,,,,,,,,,,,,,,phase1:not_attempted_supported_sport
KXATPANYSET,Tennis,,segment,not_attempted_supported_sport,no traded markets,,,,,,,,,,,,,,,,phase1:not_attempted_supported_sport
KXATPS5GWINNER,Tennis,,segment,not_attempted_supported_sport,no traded markets,,,,,,,,,,,,,,,,phase1:not_attempted_supported_sport
KXBATTLEOFSEXESSET,Tennis,,segment,not_attempted_supported_sport,no traded markets,,,,,,,,,,,,,,,,phase1:not_attempted_supported_sport
KXATPGSPREAD,Tennis,US Open Men Singles,spread,not_attempted_supported_sport,no independent results adapter for this competition in Phase 1 (game_winner only via Kalshi-only path),,,,,,,,,,,,,,,,phase1:not_attempted_supported_sport
KXATPGAMESPREAD,Tennis,,spread,not_attempted_supported_sport,no traded markets,,,,,,,,,,,,,,,,phase1:not_attempted_supported_sport
KXATPEXACTSETS,Tennis,,test_placeholder,not_attempted_supported_sport,out of scope (test),,,,,,,,,,,,,,,,phase1:not_attempted_supported_sport
KXATPGTOTAL,Tennis,US Open Men Singles,total,not_attempted_supported_sport,no independent results adapter for this competition in Phase 1 (game_winner only via Kalshi-only path),,,,,,,,,,,,,,,,phase1:not_attempted_supported_sport
KXWTAGTOTAL,Tennis,US Open Women Singles,total,not_attempted_supported_sport,no independent results adapter for this competition in Phase 1 (game_winner only via Kalshi-only path),,,,,,,,,,,,,,,,phase1:not_attempted_supported_sport
KXATPTOTALSETS,Tennis,US Open Men Singles,total,not_attempted_supported_sport,no independent results adapter for this competition in Phase 1 (game_winner only via Kalshi-only path),,,,,,,,,,,,,,,,phase1:not_attempted_supported_sport
KXATPGAMETOTAL,Tennis,ATP Indian Wells,total,not_attempted_supported_sport,no independent results adapter for this competition in Phase 1 (game_winner only via Kalshi-only path),,,,,,,,,,,,,,,,phase1:not_attempted_supported_sport
KXATP,Tennis,2027 US Open Men's Singles,tournament_outright,not_attempted_supported_sport,outright/bracket: few independent outcomes per season; needs prospective capture + simulation,,,,,,,,,,,,,,,,phase1:not_attempted_supported_sport
KXWTA,Tennis,2026 WTA Athens,tournament_outright,not_attempted_supported_sport,outright/bracket: few independent outcomes per season; needs prospective capture + simulation,,,,,,,,,,,,,,,,phase1:not_attempted_supported_sport
KXWMENSINGLES,Tennis,Wimbledon Men's Tennis,tournament_outright,not_attempted_supported_sport,outright/bracket: few independent outcomes per season; needs prospective capture + simulation,,,,,,,,,,,,,,,,phase1:not_attempted_supported_sport
KXUSOMENSINGLES,Tennis,Grand Slam,tournament_outright,not_attempted_supported_sport,outright/bracket: few independent outcomes per season; needs prospective capture + simulation,,,,,,,,,,,,,,,,phase1:not_attempted_supported_sport
KXFOMENSINGLES,Tennis,,tournament_outright,not_attempted_supported_sport,outright/bracket: few independent outcomes per season; needs prospective capture + simulation,,,,,,,,,,,,,,,,phase1:not_attempted_supported_sport
KXAOMEN,Tennis,Australian Open Men Singles,tournament_outright,not_attempted_supported_sport,outright/bracket: few independent outcomes per season; needs prospective capture + simulation,,,,,,,,,,,,,,,,phase1:not_attempted_supported_sport
KXUSOWOMENSINGLES,Tennis,Grand Slam,tournament_outright,not_attempted_supported_sport,outright/bracket: few independent outcomes per season; needs prospective capture + simulation,,,,,,,,,,,,,,,,phase1:not_attempted_supported_sport
KXWWOMENSINGLES,Tennis,Wimbledon Women's Tennis,tournament_outright,not_attempted_supported_sport,outright/bracket: few independent outcomes per season; needs prospective capture + simulation,,,,,,,,,,,,,,,,phase1:not_attempted_supported_sport
KXFOWOMENSINGLES,Tennis,,tournament_outright,not_attempted_supported_sport,outright/bracket: few independent outcomes per season; needs prospective capture + simulation,,,,,,,,,,,,,,,,phase1:not_attempted_supported_sport
KXAOWOMEN,Tennis,Australian Open Women Singles,tournament_outright,not_attempted_supported_sport,outright/bracket: few independent outcomes per season; needs prospective capture + simulation,,,,,,,,,,,,,,,,phase1:not_attempted_supported_sport
KXATPFINALS,Tennis,ATP World Tour Finals Men Singles,tournament_outright,not_attempted_supported_sport,outright/bracket: few independent outcomes per season; needs prospective capture + simulation,,,,,,,,,,,,,,,,phase1:not_attempted_supported_sport
KXATPIT,Tennis,,tournament_outright,not_attempted_supported_sport,outright/bracket: few independent outcomes per season; needs prospective capture + simulation,,,,,,,,,,,,,,,,phase1:not_attempted_supported_sport
KXWTAIT,Tennis,,tournament_outright,not_attempted_supported_sport,outright/bracket: few independent outcomes per season; needs prospective capture + simulation,,,,,,,,,,,,,,,,phase1:not_attempted_supported_sport
KXATPMIA,Tennis,,tournament_outright,not_attempted_supported_sport,outright/bracket: few independent outcomes per season; needs prospective capture + simulation,,,,,,,,,,,,,,,,phase1:not_attempted_supported_sport
KXATPMAD,Tennis,,tournament_outright,not_attempted_supported_sport,outright/bracket: few independent outcomes per season; needs prospective capture + simulation,,,,,,,,,,,,,,,,phase1:not_attempted_supported_sport
KXATPWTA,Tennis,US Open Men Singles,tournament_outright,not_attempted_supported_sport,outright/bracket: few independent outcomes per season; needs prospective capture + simulation,,,,,,,,,,,,,,,,phase1:not_attempted_supported_sport
KXATPADVANCE,Tennis,US Open Men Singles,tournament_outright,not_attempted_supported_sport,outright/bracket: few independent outcomes per season; needs prospective capture + simulation,,,,,,,,,,,,,,,,phase1:not_attempted_supported_sport
KXWTAFINALS,Tennis,WTA Finals Women Singles,tournament_outright,not_attempted_supported_sport,outright/bracket: few independent outcomes per season; needs prospective capture + simulation,,,,,,,,,,,,,,,,phase1:not_attempted_supported_sport
KXWTAMAD,Tennis,,tournament_outright,not_attempted_supported_sport,outright/bracket: few independent outcomes per season; needs prospective capture + simulation,,,,,,,,,,,,,,,,phase1:not_attempted_supported_sport
KXWTAMIA,Tennis,,tournament_outright,not_attempted_supported_sport,outright/bracket: few independent outcomes per season; needs prospective capture + simulation,,,,,,,,,,,,,,,,phase1:not_attempted_supported_sport
KXATPGRANDSLAM,Tennis,ATP,tournament_outright,not_attempted_supported_sport,outright/bracket: few independent outcomes per season; needs prospective capture + simulation,,,,,,,,,,,,,,,,phase1:not_attempted_supported_sport
KXDAVISCUPADVANCE,Tennis,Davis Cup,tournament_outright,not_attempted_supported_sport,outright/bracket: few independent outcomes per season; needs prospective capture + simulation,,,,,,,,,,,,,,,,phase1:not_attempted_supported_sport
KXDAVISCUP,Tennis,Davis Cup,tournament_outright,not_attempted_supported_sport,outright/bracket: few independent outcomes per season; needs prospective capture + simulation,,,,,,,,,,,,,,,,phase1:not_attempted_supported_sport
KXGRANDSLAM,Tennis,ATP,tournament_outright,not_attempted_supported_sport,outright/bracket: few independent outcomes per season; needs prospective capture + simulation,,,,,,,,,,,,,,,,phase1:not_attempted_supported_sport
KXUNITEDCUP,Tennis,United Cup,tournament_outright,not_attempted_supported_sport,outright/bracket: few independent outcomes per season; needs prospective capture + simulation,,,,,,,,,,,,,,,,phase1:not_attempted_supported_sport
KXWTAADVANCE,Tennis,US Open Women Singles,tournament_outright,not_attempted_supported_sport,outright/bracket: few independent outcomes per season; needs prospective capture + simulation,,,,,,,,,,,,,,,,phase1:not_attempted_supported_sport
KXATPMC,Tennis,,tournament_outright,not_attempted_supported_sport,outright/bracket: few independent outcomes per season; needs prospective capture + simulation,,,,,,,,,,,,,,,,phase1:not_attempted_supported_sport
KXSIXKINGSSLAM,Tennis,Six Kings Slam,tournament_outright,not_attempted_supported_sport,outright/bracket: few independent outcomes per season; needs prospective capture + simulation,,,,,,,,,,,,,,,,phase1:not_attempted_supported_sport
KXWTAGRANDSLAM,Tennis,WTA,tournament_outright,not_attempted_supported_sport,outright/bracket: few independent outcomes per season; needs prospective capture + simulation,,,,,,,,,,,,,,,,phase1:not_attempted_supported_sport
KXATPIWO,Tennis,,tournament_outright,not_attempted_supported_sport,outright/bracket: few independent outcomes per season; needs prospective capture + simulation,,,,,,,,,,,,,,,,phase1:not_attempted_supported_sport
KXWTAIWO,Tennis,,tournament_outright,not_attempted_supported_sport,outright/bracket: few independent outcomes per season; needs prospective capture + simulation,,,,,,,,,,,,,,,,phase1:not_attempted_supported_sport
KXATPGRANDSLAMFIELD,Tennis,,tournament_outright,not_attempted_supported_sport,outright/bracket: few independent outcomes per season; needs prospective capture + simulation,,,,,,,,,,,,,,,,phase1:not_attempted_supported_sport
KXMCMMEN,Tennis,ATP Monte Carlo,tournament_outright,not_attempted_supported_sport,outright/bracket: few independent outcomes per season; needs prospective capture + simulation,,,,,,,,,,,,,,,,phase1:not_attempted_supported_sport
KXATPRETURN,Tennis,ATP,tournament_outright,not_attempted_supported_sport,outright/bracket: few independent outcomes per season; needs prospective capture + simulation,,,,,,,,,,,,,,,,phase1:not_attempted_supported_sport
KXATPNEXTGEN,Tennis,Next Gen ATP Finals Men Singles,tournament_outright,not_attempted_supported_sport,outright/bracket: few independent outcomes per season; needs prospective capture + simulation,,,,,,,,,,,,,,,,phase1:not_attempted_supported_sport
KXWTATOURNWIN,Tennis,WTA,tournament_outright,not_attempted_supported_sport,outright/bracket: few independent outcomes per season; needs prospective capture + simulation,,,,,,,,,,,,,,,,phase1:not_attempted_supported_sport
KXLAVERCUP,Tennis,Laver Cup,tournament_outright,not_attempted_supported_sport,outright/bracket: few independent outcomes per season; needs prospective capture + simulation,,,,,,,,,,,,,,,,phase1:not_attempted_supported_sport
KXATPAMT,Tennis,,tournament_outright,not_attempted_supported_sport,outright/bracket: few independent outcomes per season; needs prospective capture + simulation,,,,,,,,,,,,,,,,phase1:not_attempted_supported_sport
KXWTADDF,Tennis,,tournament_outright,not_attempted_supported_sport,outright/bracket: few independent outcomes per season; needs prospective capture + simulation,,,,,,,,,,,,,,,,phase1:not_attempted_supported_sport
KXWTAFINALSQUAL,Tennis,WTA,tournament_outright,not_attempted_supported_sport,outright/bracket: few independent outcomes per season; needs prospective capture + simulation,,,,,,,,,,,,,,,,phase1:not_attempted_supported_sport
KXDDFWOMENSINGLES,Tennis,,tournament_outright,not_attempted_supported_sport,outright/bracket: few independent outcomes per season; needs prospective capture + simulation,,,,,,,,,,,,,,,,phase1:not_attempted_supported_sport
KXGRANDSLAMJFONSECA,Tennis,ATP,tournament_outright,not_attempted_supported_sport,outright/bracket: few independent outcomes per season; needs prospective capture + simulation,,,,,,,,,,,,,,,,phase1:not_attempted_supported_sport
KXATPMCO,Tennis,,tournament_outright,not_attempted_supported_sport,outright/bracket: few independent outcomes per season; needs prospective capture + simulation,,,,,,,,,,,,,,,,phase1:not_attempted_supported_sport
KXWTASERENA,Tennis,,tournament_outright,not_attempted_supported_sport,outright/bracket: few independent outcomes per season; needs prospective capture + simulation,,,,,,,,,,,,,,,,phase1:not_attempted_supported_sport
KXROMENSSINGLES,Tennis,,tournament_outright,not_attempted_supported_sport,outright/bracket: few independent outcomes per season; needs prospective capture + simulation,,,,,,,,,,,,,,,,phase1:not_attempted_supported_sport
KXWTAATX,Tennis,,tournament_outright,not_attempted_supported_sport,outright/bracket: few independent outcomes per season; needs prospective capture + simulation,,,,,,,,,,,,,,,,phase1:not_attempted_supported_sport
KXATPFINALSQUAL,Tennis,ATP,tournament_outright,not_attempted_supported_sport,outright/bracket: few independent outcomes per season; needs prospective capture + simulation,,,,,,,,,,,,,,,,phase1:not_attempted_supported_sport
KXWTAMOA,Tennis,,tournament_outright,not_attempted_supported_sport,outright/bracket: few independent outcomes per season; needs prospective capture + simulation,,,,,,,,,,,,,,,,phase1:not_attempted_supported_sport
KXCALCFO,Tennis,,tournament_outright,not_attempted_supported_sport,outright/bracket: few independent outcomes per season; needs prospective capture + simulation,,,,,,,,,,,,,,,,phase1:not_attempted_supported_sport
KXFIRSTUSOPEN,Tennis,,tournament_outright,not_attempted_supported_sport,outright/bracket: few independent outcomes per season; needs prospective capture + simulation,,,,,,,,,,,,,,,,phase1:not_attempted_supported_sport
KXQOWOMENSINGLES,Tennis,,tournament_outright,not_attempted_supported_sport,outright/bracket: few independent outcomes per season; needs prospective capture + simulation,,,,,,,,,,,,,,,,phase1:not_attempted_supported_sport
KXQEMOMENSSINGLES,Tennis,,tournament_outright,not_attempted_supported_sport,outright/bracket: few independent outcomes per season; needs prospective capture + simulation,,,,,,,,,,,,,,,,phase1:not_attempted_supported_sport
KXATPSETSWEEP,Tennis,French Open Men Singles,tournament_outright,not_attempted_supported_sport,outright/bracket: few independent outcomes per season; needs prospective capture + simulation,,,,,,,,,,,,,,,,phase1:not_attempted_supported_sport
KXAOMENSINGLES,Tennis,,tournament_outright,not_attempted_supported_sport,outright/bracket: few independent outcomes per season; needs prospective capture + simulation,,,,,,,,,,,,,,,,phase1:not_attempted_supported_sport
KXO13MENSINGLES,Tennis,,tournament_outright,not_attempted_supported_sport,outright/bracket: few independent outcomes per season; needs prospective capture + simulation,,,,,,,,,,,,,,,,phase1:not_attempted_supported_sport
KXSINNERFINISH,Tennis,ATP,tournament_outright,not_attempted_supported_sport,outright/bracket: few independent outcomes per season; needs prospective capture + simulation,,,,,,,,,,,,,,,,phase1:not_attempted_supported_sport
KXROMENSDOUBLES,Tennis,,tournament_outright,not_attempted_supported_sport,outright/bracket: few independent outcomes per season; needs prospective capture + simulation,,,,,,,,,,,,,,,,phase1:not_attempted_supported_sport
KXDDFMENSINGLES,Tennis,,tournament_outright,not_attempted_supported_sport,outright/bracket: few independent outcomes per season; needs prospective capture + simulation,,,,,,,,,,,,,,,,phase1:not_attempted_supported_sport
KXATPGAME,Tennis,,tournament_outright,not_attempted_supported_sport,outright/bracket: few independent outcomes per season; needs prospective capture + simulation,,,,,,,,,,,,,,,,phase1:not_attempted_supported_sport
KXATPMEN,Tennis,,tournament_outright,not_attempted_supported_sport,outright/bracket: few independent outcomes per season; needs prospective capture + simulation,,,,,,,,,,,,,,,,phase1:not_attempted_supported_sport
KXATPRANK,Tennis,,tournament_outright,not_attempted_supported_sport,outright/bracket: few independent outcomes per season; needs prospective capture + simulation,,,,,,,,,,,,,,,,phase1:not_attempted_supported_sport
KXATPROUND,Tennis,,tournament_outright,not_attempted_supported_sport,outright/bracket: few independent outcomes per season; needs prospective capture + simulation,,,,,,,,,,,,,,,,phase1:not_attempted_supported_sport
KXATPWDDF,Tennis,,tournament_outright,not_attempted_supported_sport,outright/bracket: few independent outcomes per season; needs prospective capture + simulation,,,,,,,,,,,,,,,,phase1:not_attempted_supported_sport
KXCHALLENGERMATCH,Tennis,,tournament_outright,not_attempted_supported_sport,outright/bracket: few independent outcomes per season; needs prospective capture + simulation,,,,,,,,,,,,,,,,phase1:not_attempted_supported_sport
KXFOPENMENSINGLE,Tennis,,tournament_outright,not_attempted_supported_sport,outright/bracket: few independent outcomes per season; needs prospective capture + simulation,,,,,,,,,,,,,,,,phase1:not_attempted_supported_sport
KXFOPENWMENSINGLE,Tennis,,tournament_outright,not_attempted_supported_sport,outright/bracket: few independent outcomes per season; needs prospective capture + simulation,,,,,,,,,,,,,,,,phase1:not_attempted_supported_sport
KXGRANDSLAMSINNERALCARAZ,Tennis,,tournament_outright,not_attempted_supported_sport,outright/bracket: few independent outcomes per season; needs prospective capture + simulation,,,,,,,,,,,,,,,,phase1:not_attempted_supported_sport
KXIWMENDOUBLES,Tennis,,tournament_outright,not_attempted_supported_sport,outright/bracket: few independent outcomes per season; needs prospective capture + simulation,,,,,,,,,,,,,,,,phase1:not_attempted_supported_sport
KXMCMEN,Tennis,,tournament_outright,not_attempted_supported_sport,outright/bracket: few independent outcomes per season; needs prospective capture + simulation,,,,,,,,,,,,,,,,phase1:not_attempted_supported_sport
KXMIXEDDOUBLES,Tennis,,tournament_outright,not_attempted_supported_sport,outright/bracket: few independent outcomes per season; needs prospective capture + simulation,,,,,,,,,,,,,,,,phase1:not_attempted_supported_sport
KXTENNISGRANDSLAM,Tennis,,tournament_outright,not_attempted_supported_sport,outright/bracket: few independent outcomes per season; needs prospective capture + simulation,,,,,,,,,,,,,,,,phase1:not_attempted_supported_sport
KXUNITEDCUPADVANCE,Tennis,,tournament_outright,not_attempted_supported_sport,outright/bracket: few independent outcomes per season; needs prospective capture + simulation,,,,,,,,,,,,,,,,phase1:not_attempted_supported_sport
KXWIMMEN,Tennis,,tournament_outright,not_attempted_supported_sport,outright/bracket: few independent outcomes per season; needs prospective capture + simulation,,,,,,,,,,,,,,,,phase1:not_attempted_supported_sport
KXWIMWOMEN,Tennis,,tournament_outright,not_attempted_supported_sport,outright/bracket: few independent outcomes per season; needs prospective capture + simulation,,,,,,,,,,,,,,,,phase1:not_attempted_supported_sport
KXWTAGAME,Tennis,,tournament_outright,not_attempted_supported_sport,outright/bracket: few independent outcomes per season; needs prospective capture + simulation,,,,,,,,,,,,,,,,phase1:not_attempted_supported_sport
KXALLSTARROSTER,Unassigned,,awards,not_attempted_unsupported_sport,not a sporting outcome (v1 class E),,,,,,,,,,,,,,,,phase1:not_attempted_unsupported_sport
KXMULTIPREPACK,Unassigned,Cross-sport,combo_parlay,not_attempted_unsupported_sport,not a sporting outcome (v1 class E),,,,,,,,,,,,,,,,phase1:not_attempted_unsupported_sport
KXINTERNETINVITATIONAL,Unassigned,,other_novelty,not_attempted_unsupported_sport,not a sporting outcome (v1 class E),,,,,,,,,,,,,,,,phase1:not_attempted_unsupported_sport
KXDONATEBEASTWATER,Unassigned,,other_novelty,not_attempted_unsupported_sport,not a sporting outcome (v1 class E),,,,,,,,,,,,,,,,phase1:not_attempted_unsupported_sport
KXWOTW,Unassigned,,other_novelty,not_attempted_unsupported_sport,not a sporting outcome (v1 class E),,,,,,,,,,,,,,,,phase1:not_attempted_unsupported_sport
KXFOODCONSUMEDSOURAJI,Unassigned,,other_novelty,not_attempted_unsupported_sport,not a sporting outcome (v1 class E),,,,,,,,,,,,,,,,phase1:not_attempted_unsupported_sport
KXMANTIS,Unassigned,,other_novelty,not_attempted_unsupported_sport,not a sporting outcome (v1 class E),,,,,,,,,,,,,,,,phase1:not_attempted_unsupported_sport
KXREBOOT,Unassigned,,other_novelty,not_attempted_unsupported_sport,not a sporting outcome (v1 class E),,,,,,,,,,,,,,,,phase1:not_attempted_unsupported_sport
KXCOACHOUTDALWINGS,Unassigned,,personnel_ops,not_attempted_unsupported_sport,not a sporting outcome (v1 class E),,,,,,,,,,,,,,,,phase1:not_attempted_unsupported_sport
KXCOACHOUTDALSTARS,Unassigned,,personnel_ops,not_attempted_unsupported_sport,not a sporting outcome (v1 class E),,,,,,,,,,,,,,,,phase1:not_attempted_unsupported_sport
KXPLAYEROPTION,Unassigned,,personnel_ops,not_attempted_unsupported_sport,not a sporting outcome (v1 class E),,,,,,,,,,,,,,,,phase1:not_attempted_unsupported_sport
KXNCAAWVMATCH,Volleyball,NCAA Volleyball (W),game_winner,kalshi_settlement_only_evaluated,,kalshi_settlement_only,k_kxncaawvmatch,game_winner,0,0,0,unavailable: training support below threshold,unavailable: matched training support below threshold,0,0,150,0,0,138,1540,calibration_unavailable+blend_unavailable
KXVOLLEYBALLMATCH,Volleyball,Pan American Cup 2026,game_winner,kalshi_settlement_only_evaluated,,kalshi_settlement_only,k_kxvolleyballmatch,game_winner,0,0,0,unavailable: training support below threshold,unavailable: matched training support below threshold,0,0,14,0,0,13,28,calibration_unavailable+blend_unavailable
KXNCAAWV,Volleyball,NCAA Volleyball (W),tournament_outright,not_attempted_supported_sport,outright/bracket: few independent outcomes per season; needs prospective capture + simulation,,,,,,,,,,,,,,,,phase1:not_attempted_supported_sport
