series_ticker,sport,competition_top,contract_family,phase1_coverage_status,competition,source,family,live_status,live_reason,comparability,calibration_status,blend_status,market_candidate
KXAFLGAME,Aussie Rules,AFL,game_winner,kalshi_settlement_only_evaluated,k_kxaflgame,kalshi_only,game_winner,supported,frozen elo model,exact,unavailable: training support below threshold,unavailable: matched training support below threshold,candle rule
KXMLBASGAME,Baseball,Pro Baseball,awards,not_attempted_supported_sport,,,,unattempted,awards: voting outcomes without as-of inputs,,,,
KXMLBALMVP,Baseball,Pro Baseball,awards,not_attempted_supported_sport,,,,unattempted,awards: voting outcomes without as-of inputs,,,,
KXMLBNLROTY,Baseball,Pro Baseball,awards,not_attempted_supported_sport,,,,unattempted,awards: voting outcomes without as-of inputs,,,,
KXMLBNLMVP,Baseball,Pro Baseball,awards,not_attempted_supported_sport,,,,unattempted,awards: voting outcomes without as-of inputs,,,,
KXMLBNLCY,Baseball,Pro Baseball,awards,not_attempted_supported_sport,,,,unattempted,awards: voting outcomes without as-of inputs,,,,
KXMLBALCY,Baseball,Pro Baseball,awards,not_attempted_supported_sport,,,,unattempted,awards: voting outcomes without as-of inputs,,,,
KXWBCMVP,Baseball,World Baseball Classic,awards,not_attempted_supported_sport,,,,unattempted,awards: voting outcomes without as-of inputs,,,,
KXMLBALROTY,Baseball,Pro Baseball,awards,not_attempted_supported_sport,,,,unattempted,awards: voting outcomes without as-of inputs,,,,
KXMLBASGMVP,Baseball,All-Star,awards,not_attempted_supported_sport,,,,unattempted,awards: voting outcomes without as-of inputs,,,,
KXMLBWSMVP,Baseball,Pro Baseball,awards,not_attempted_supported_sport,,,,unattempted,awards: voting outcomes without as-of inputs,,,,
KXMLBALMOTY,Baseball,Pro Baseball,awards,not_attempted_supported_sport,,,,unattempted,awards: voting outcomes without as-of inputs,,,,
KXMLBNLMOTY,Baseball,Pro Baseball,awards,not_attempted_supported_sport,,,,unattempted,awards: voting outcomes without as-of inputs,,,,
KXMLBALLSTAR,Baseball,All-Star,awards,not_attempted_supported_sport,,,,unattempted,awards: voting outcomes without as-of inputs,,,,
KXMLBNLCSMVP,Baseball,Pro Baseball,awards,not_attempted_supported_sport,,,,unattempted,awards: voting outcomes without as-of inputs,,,,
KXMLBALCSMVP,Baseball,Pro Baseball,awards,not_attempted_supported_sport,,,,unattempted,awards: voting outcomes without as-of inputs,,,,
KXMLBALRELOTY,Baseball,Pro Baseball,awards,not_attempted_supported_sport,,,,unattempted,awards: voting outcomes without as-of inputs,,,,
KXMLBPITCHEROTM,Baseball,Pro Baseball,awards,not_attempted_supported_sport,,,,unattempted,awards: voting outcomes without as-of inputs,,,,
KXMLBPLAYEROTM,Baseball,Pro Baseball,awards,not_attempted_supported_sport,,,,unattempted,awards: voting outcomes without as-of inputs,,,,
KXMLBTRIPLECROWN,Baseball,Pro Baseball,awards,not_attempted_supported_sport,,,,unattempted,awards: voting outcomes without as-of inputs,,,,
KXMLBGG,Baseball,Pro Baseball,awards,not_attempted_supported_sport,,,,unattempted,awards: voting outcomes without as-of inputs,,,,
KXMLBAWARDFIN,Baseball,Pro Baseball,awards,not_attempted_supported_sport,,,,unattempted,awards: voting outcomes without as-of inputs,,,,
KXMLBNLHAARON,Baseball,Pro Baseball,awards,not_attempted_supported_sport,,,,unattempted,awards: voting outcomes without as-of inputs,,,,
KXMLBALCPOTY,Baseball,Pro Baseball,awards,not_attempted_supported_sport,,,,unattempted,awards: voting outcomes without as-of inputs,,,,
KXMLBNLCPOTY,Baseball,Pro Baseball,awards,not_attempted_supported_sport,,,,unattempted,awards: voting outcomes without as-of inputs,,,,
KXNCAABBGS,Baseball,College Baseball,awards,not_attempted_supported_sport,,,,unattempted,awards: voting outcomes without as-of inputs,,,,
KXMLBNLRELOTY,Baseball,Pro Baseball,awards,not_attempted_supported_sport,,,,unattempted,awards: voting outcomes without as-of inputs,,,,
KXMLBALHAARON,Baseball,Pro Baseball,awards,not_attempted_supported_sport,,,,unattempted,awards: voting outcomes without as-of inputs,,,,
KXMLBEOTY,Baseball,Pro Baseball,awards,not_attempted_supported_sport,,,,unattempted,awards: voting outcomes without as-of inputs,,,,
KXMLBFTGAME,Baseball,All-Star,awards,not_attempted_supported_sport,,,,unattempted,awards: voting outcomes without as-of inputs,,,,
KXMLBSS,Baseball,Pro Baseball,awards,not_attempted_supported_sport,,,,unattempted,awards: voting outcomes without as-of inputs,,,,
KXMLBPLAYEROTW,Baseball,Pro Baseball,awards,not_attempted_supported_sport,,,,unattempted,awards: voting outcomes without as-of inputs,,,,
KXALALLSTAR,Baseball,,awards,not_attempted_supported_sport,,,,unattempted,awards: voting outcomes without as-of inputs,,,,
KXOHTANIMVPCY,Baseball,,awards,not_attempted_supported_sport,,,,unattempted,awards: voting outcomes without as-of inputs,,,,
KXWBCPREPACK,Baseball,World Baseball Classic,combo_parlay,not_attempted_supported_sport,,,,unattempted,out of scope (derived combination),,,,
KXMLBAWARDCOMBO,Baseball,Pro Baseball,combo_parlay,not_attempted_supported_sport,,,,unattempted,out of scope (derived combination),,,,
KXMLBDRAFTPICK,Baseball,Pro Baseball Draft,draft,not_attempted_supported_sport,,,,unattempted,draft: consensus mocks not archived as-of,,,,
KXMLBDRAFTTOP,Baseball,Pro Baseball Draft,draft,not_attempted_supported_sport,,,,unattempted,draft: consensus mocks not archived as-of,,,,
KXMLBHRDERBY,Baseball,Home Run Derby,field_finish,not_attempted_supported_sport,,,,unattempted,no independent results adapter for this competition in Phase 1 (game_winner only via Kalshi-only path),,,,
KXMLBHRDERBYMATCHUP,Baseball,Home Run Derby,field_finish,not_attempted_supported_sport,,,,unattempted,no independent results adapter for this competition in Phase 1 (game_winner only via Kalshi-only path),,,,
KXMLBHRDERBYSEMI,Baseball,Home Run Derby,field_finish,not_attempted_supported_sport,,,,unattempted,no independent results adapter for this competition in Phase 1 (game_winner only via Kalshi-only path),,,,
KXMLBHRDERBYOU,Baseball,Home Run Derby,field_finish,not_attempted_supported_sport,,,,unattempted,no independent results adapter for this competition in Phase 1 (game_winner only via Kalshi-only path),,,,
KXMLBHRDERBYFORECAST,Baseball,Home Run Derby,field_finish,not_attempted_supported_sport,,,,unattempted,no independent results adapter for this competition in Phase 1 (game_winner only via Kalshi-only path),,,,
KXMLBHRDERBY500,Baseball,Home Run Derby,field_finish,not_attempted_supported_sport,,,,unattempted,no independent results adapter for this competition in Phase 1 (game_winner only via Kalshi-only path),,,,
KXMLBHRDERBYR1LEAD,Baseball,Home Run Derby,field_finish,not_attempted_supported_sport,,,,unattempted,no independent results adapter for this competition in Phase 1 (game_winner only via Kalshi-only path),,,,
KXMLBHRDERBYDISTANCE,Baseball,Home Run Derby,field_finish,not_attempted_supported_sport,,,,unattempted,no independent results adapter for this competition in Phase 1 (game_winner only via Kalshi-only path),,,,
KXMLBHRDERBYLONGEST,Baseball,Home Run Derby,field_finish,not_attempted_supported_sport,,,,unattempted,no independent results adapter for this competition in Phase 1 (game_winner only via Kalshi-only path),,,,
KXMLBHRDERBYFIN,Baseball,Home Run Derby,field_finish,not_attempted_supported_sport,,,,unattempted,no independent results adapter for this competition in Phase 1 (game_winner only via Kalshi-only path),,,,
KXMLBHRDERBYTOT,Baseball,Home Run Derby,field_finish,not_attempted_supported_sport,,,,unattempted,no independent results adapter for this competition in Phase 1 (game_winner only via Kalshi-only path),,,,
KXMLBHRDERBYQUAL,Baseball,Home Run Derby,field_finish,not_attempted_supported_sport,,,,unattempted,no independent results adapter for this competition in Phase 1 (game_winner only via Kalshi-only path),,,,
KXMLBGAME,Baseball,Pro Baseball,game_winner,strict_evaluated,mlb,espn_team,game_winner,supported,frozen elo model,exact,unavailable: validation support below threshold,unavailable: matched validation support below threshold,candle rule
KXNPBGAME,Baseball,Japan NPB,game_winner,kalshi_settlement_only_evaluated,k_kxnpbgame,kalshi_only,game_winner,supported,frozen elo model,exact,unavailable: training support below threshold,unavailable: matched training support below threshold,candle rule
KXKBOGAME,Baseball,Korea KBO,game_winner,kalshi_settlement_only_evaluated,k_kxkbogame,kalshi_only,game_winner,supported,frozen elo model,exact,unavailable: training support below threshold,unavailable: matched training support below threshold,candle rule
KXWBCGAME,Baseball,World Baseball Classic,game_winner,kalshi_settlement_only_evaluated,k_kxwbcgame,kalshi_only,game_winner,supported,frozen elo model,exact,unavailable: training support below threshold,unavailable: matched training support below threshold,candle rule
KXMLBSTGAME,Baseball,Pro Baseball,game_winner,excluded_spec,mlb,espn_team,,unsupported,no payoff parser / spec: no payoff parser for suffix 'STGAME',,,,
KXNCAABBGAME,Baseball,College Baseball,game_winner,kalshi_settlement_only_evaluated,k_kxncaabbgame,kalshi_only,game_winner,supported,frozen elo model,exact,unavailable: training support below threshold,unavailable: matched training support below threshold,candle rule
KXMLBWORLD,Baseball,World Baseball Classic,game_winner,no_test_contracts,k_kxmlbworld,kalshi_only,game_winner,supported,frozen elo model,exact,,,candle rule
KXLMBGAME,Baseball,Mexico LMB,game_winner,kalshi_settlement_only_evaluated,k_kxlmbgame,kalshi_only,game_winner,supported,frozen elo model,exact,unavailable: training support below threshold,unavailable: matched training support below threshold,candle rule
KXNCAASBGAME,Baseball,College Softball,game_winner,kalshi_settlement_only_evaluated,k_kxncaasbgame,kalshi_only,game_winner,supported,frozen elo model,exact,unavailable: training support below threshold,unavailable: matched training support below threshold,candle rule
KXMILBGAME,Baseball,,game_winner,no_test_contracts,k_kxmilbgame,kalshi_only,game_winner,supported,frozen elo model,exact,,,candle rule
KXCONGRESSBASEBALL,Baseball,,game_winner,not_attempted_supported_sport,,,,unattempted,no traded markets,,,,
KXMLBSTATCOUNT,Baseball,Pro Baseball,league_leaders,not_attempted_supported_sport,,,,unattempted,league leaders: one outcome per stat-season,,,,
KXMLBSTAT,Baseball,Pro Baseball,league_leaders,not_attempted_supported_sport,,,,unattempted,league leaders: one outcome per stat-season,,,,
KXLEADERMLBSTEALS,Baseball,Pro Baseball,league_leaders,not_attempted_supported_sport,,,,unattempted,league leaders: one outcome per stat-season,,,,
KXMLBTEAMSTAT,Baseball,Pro Baseball,league_leaders,not_attempted_supported_sport,,,,unattempted,league leaders: one outcome per stat-season,,,,
KXLEADERMLBERA,Baseball,Pro Baseball,league_leaders,not_attempted_supported_sport,,,,unattempted,league leaders: one outcome per stat-season,,,,
KXLEADERMLBDOUBLES,Baseball,Pro Baseball,league_leaders,not_attempted_supported_sport,,,,unattempted,league leaders: one outcome per stat-season,,,,
KXLEADERMLBAVG,Baseball,Pro Baseball,league_leaders,not_attempted_supported_sport,,,,unattempted,league leaders: one outcome per stat-season,,,,
KXLEADERMLBRUNS,Baseball,Pro Baseball,league_leaders,not_attempted_supported_sport,,,,unattempted,league leaders: one outcome per stat-season,,,,
KXLEADERMLBWAR,Baseball,Pro Baseball,league_leaders,not_attempted_supported_sport,,,,unattempted,league leaders: one outcome per stat-season,,,,
KXLEADERMLBTRIPLES,Baseball,Pro Baseball,league_leaders,not_attempted_supported_sport,,,,unattempted,league leaders: one outcome per stat-season,,,,
KXMLBLEADERPLAYOFF,Baseball,Pro Baseball,league_leaders,not_attempted_supported_sport,,,,unattempted,league leaders: one outcome per stat-season,,,,
KXLEADERMLBOPS,Baseball,Pro Baseball,league_leaders,not_attempted_supported_sport,,,,unattempted,league leaders: one outcome per stat-season,,,,
KXMLBFASTPITCH,Baseball,Pro Baseball,league_leaders,not_attempted_supported_sport,,,,unattempted,league leaders: one outcome per stat-season,,,,
KXMLB100LOSS,Baseball,Pro Baseball,league_leaders,not_attempted_supported_sport,,,,unattempted,league leaders: one outcome per stat-season,,,,
KXPCRO5040,Baseball,,league_leaders,not_attempted_supported_sport,,,,unattempted,league leaders: one outcome per stat-season,,,,
KXMLBSERIESEXACT,Baseball,Pro Baseball,other_novelty,not_attempted_supported_sport,,,,unattempted,out of scope (novelty),,,,
KXMLBSEASONGAMES,Baseball,Pro Baseball,other_novelty,not_attempted_supported_sport,,,,unattempted,out of scope (novelty),,,,
KXMLBOPENINGDAY,Baseball,Pro Baseball,other_novelty,not_attempted_supported_sport,,,,unattempted,out of scope (novelty),,,,
KXMLBFODTEAMS,Baseball,Pro Baseball,other_novelty,not_attempted_supported_sport,,,,unattempted,out of scope (novelty),,,,
KXSALMONRUN,Baseball,Pro Baseball,other_novelty,not_attempted_supported_sport,,,,unattempted,out of scope (novelty),,,,
KXMLBRETURN,Baseball,Pro Baseball,other_novelty,not_attempted_supported_sport,,,,unattempted,out of scope (novelty),,,,
KXMLBNEXTHR,Baseball,Pro Baseball,other_novelty,not_attempted_supported_sport,,,,unattempted,out of scope (novelty),,,,
KXCITYMLBEXPAND,Baseball,Pro Baseball,other_novelty,not_attempted_supported_sport,,,,unattempted,out of scope (novelty),,,,
KXWINSTREAKHOUMLB10,Baseball,,other_novelty,not_attempted_supported_sport,,,,unattempted,out of scope (novelty),,,,
KXMLBFOD,Baseball,,other_novelty,not_attempted_supported_sport,,,,unattempted,out of scope (novelty),,,,
KXNLMOTY,Baseball,,other_novelty,not_attempted_supported_sport,,,,unattempted,out of scope (novelty),,,,
KXNEXTTEAMMLB,Baseball,Pro Baseball,personnel_ops,not_attempted_supported_sport,,,,unattempted,out of scope (non-sporting outcome),,,,
KXMLBNEXTTEAM,Baseball,Pro Baseball,personnel_ops,not_attempted_supported_sport,,,,unattempted,out of scope (non-sporting outcome),,,,
KXMLBTRADE,Baseball,Pro Baseball,personnel_ops,not_attempted_supported_sport,,,,unattempted,out of scope (non-sporting outcome),,,,
KXMLBDEBUT,Baseball,Pro Baseball,personnel_ops,not_attempted_supported_sport,,,,unattempted,out of scope (non-sporting outcome),,,,
KXNEXTTEAMSKUBAL,Baseball,Pro Baseball,personnel_ops,not_attempted_supported_sport,,,,unattempted,out of scope (non-sporting outcome),,,,
KXNEXTMANAGERMLB,Baseball,Pro Baseball,personnel_ops,not_attempted_supported_sport,,,,unattempted,out of scope (non-sporting outcome),,,,
KXCOACHOUTMLB,Baseball,Pro Baseball,personnel_ops,not_attempted_supported_sport,,,,unattempted,out of scope (non-sporting outcome),,,,
KXMLBTEAMSALE,Baseball,Pro Baseball,personnel_ops,not_attempted_supported_sport,,,,unattempted,out of scope (non-sporting outcome),,,,
KXMLBPITCH,Baseball,Pro Baseball,personnel_ops,not_attempted_supported_sport,,,,unattempted,out of scope (non-sporting outcome),,,,
KXCOACHOUTMLBDATE,Baseball,Pro Baseball,personnel_ops,not_attempted_supported_sport,,,,unattempted,out of scope (non-sporting outcome),,,,
KXSELLTWINS,Baseball,Pro Baseball,personnel_ops,not_attempted_supported_sport,,,,unattempted,out of scope (non-sporting outcome),,,,
KXACQUIRELADSKENES,Baseball,,personnel_ops,not_attempted_supported_sport,,,,unattempted,out of scope (non-sporting outcome),,,,
KXMLBCOACH,Baseball,,personnel_ops,not_attempted_supported_sport,,,,unattempted,out of scope (non-sporting outcome),,,,
KXNEXTCONTRACTSKUBAL,Baseball,,personnel_ops,not_attempted_supported_sport,,,,unattempted,out of scope (non-sporting outcome),,,,
KXMLBHR,Baseball,Pro Baseball,player_prop,excluded_spec,mlb,espn_team,,unsupported,no payoff parser / spec: no payoff parser for suffix 'HR',,,,
KXMLBKS,Baseball,Pro Baseball,player_prop,excluded_spec,mlb,espn_team,,unsupported,no payoff parser / spec: no payoff parser for suffix 'KS',,,,
KXMLBHIT,Baseball,Pro Baseball,player_prop,excluded_spec,mlb,espn_team,,unsupported,no payoff parser / spec: no payoff parser for suffix 'HIT',,,,
KXMLBHRR,Baseball,Pro Baseball,player_prop,excluded_spec,mlb,espn_team,,unsupported,no payoff parser / spec: no payoff parser for suffix 'HRR',,,,
KXMLBTB,Baseball,Pro Baseball,player_prop,excluded_spec,mlb,espn_team,,unsupported,no payoff parser / spec: no payoff parser for suffix 'TB',,,,
KXMLBOUTS,Baseball,Pro Baseball,player_prop,excluded_spec,mlb,espn_team,,unsupported,no payoff parser / spec: no payoff parser for suffix 'OUTS',,,,
KXMLBRBI,Baseball,Pro Baseball,player_prop,excluded_spec,mlb,espn_team,,unsupported,no payoff parser / spec: no payoff parser for suffix 'RBI',,,,
KXMLBSB,Baseball,Pro Baseball,player_prop,excluded_spec,mlb,espn_team,,unsupported,no payoff parser / spec: no payoff parser for suffix 'SB',,,,
KXMLBASGHR,Baseball,All-Star,player_prop,not_attempted_supported_sport,,,,unattempted,player/appearance-conditioned; pregame participation not reconstructable as-of (not modelled),,,,
KXMLBSEASONHR,Baseball,Pro Baseball,player_prop,excluded_spec,mlb,espn_team,,unsupported,no payoff parser / spec: no payoff parser for suffix 'SEASONHR',,,,
KXWBCHR,Baseball,World Baseball Classic,player_prop,not_attempted_supported_sport,,,,unattempted,player/appearance-conditioned; pregame participation not reconstructable as-of (not modelled),,,,
KXLEADERMLBHR,Baseball,Pro Baseball,player_prop,not_attempted_supported_sport,,,,unattempted,player/appearance-conditioned; pregame participation not reconstructable as-of (not modelled),,,,
KXMLBHRDERBYVELO,Baseball,Home Run Derby,player_prop,not_attempted_supported_sport,,,,unattempted,player/appearance-conditioned; pregame participation not reconstructable as-of (not modelled),,,,
KXMLBWA,Baseball,Pro Baseball,player_prop,excluded_spec,mlb,espn_team,,unsupported,no payoff parser / spec: no payoff parser for suffix 'WA',,,,
KXMLBHA,Baseball,Pro Baseball,player_prop,excluded_spec,mlb,espn_team,,unsupported,no payoff parser / spec: no payoff parser for suffix 'HA',,,,
KXMLBERA,Baseball,Pro Baseball,player_prop,excluded_spec,mlb,espn_team,,unsupported,no payoff parser / spec: no payoff parser for suffix 'ERA',,,,
KXMLBASGHIT,Baseball,All-Star,player_prop,not_attempted_supported_sport,,,,unattempted,player/appearance-conditioned; pregame participation not reconstructable as-of (not modelled),,,,
KXMLBASGKS,Baseball,All-Star,player_prop,not_attempted_supported_sport,,,,unattempted,player/appearance-conditioned; pregame participation not reconstructable as-of (not modelled),,,,
KXWBCKS,Baseball,World Baseball Classic,player_prop,not_attempted_supported_sport,,,,unattempted,player/appearance-conditioned; pregame participation not reconstructable as-of (not modelled),,,,
KXMLBALLSTARHR,Baseball,All-Star,player_prop,not_attempted_supported_sport,,,,unattempted,player/appearance-conditioned; pregame participation not reconstructable as-of (not modelled),,,,
KXLEADERMLBRBI,Baseball,Pro Baseball,player_prop,not_attempted_supported_sport,,,,unattempted,player/appearance-conditioned; pregame participation not reconstructable as-of (not modelled),,,,
KXLEADERMLBKS,Baseball,Pro Baseball,player_prop,not_attempted_supported_sport,,,,unattempted,player/appearance-conditioned; pregame participation not reconstructable as-of (not modelled),,,,
KXLEADERMLBHITS,Baseball,Pro Baseball,player_prop,not_attempted_supported_sport,,,,unattempted,player/appearance-conditioned; pregame participation not reconstructable as-of (not modelled),,,,
KXNCAABBHR,Baseball,College Baseball,player_prop,not_attempted_supported_sport,,,,unattempted,player/appearance-conditioned; pregame participation not reconstructable as-of (not modelled),,,,
KXMLBPLAYOFFHRS,Baseball,Pro Baseball,player_prop,excluded_spec,mlb,espn_team,,unsupported,no payoff parser / spec: no payoff parser for suffix 'PLAYOFFHRS',,,,
KXMLBWALKOFFS,Baseball,Pro Baseball,player_prop,excluded_spec,mlb,espn_team,,unsupported,no payoff parser / spec: no payoff parser for suffix 'WALKOFFS',,,,
KXLEADERMLBSAVES,Baseball,,player_prop,not_attempted_supported_sport,,,,unattempted,player/appearance-conditioned; pregame participation not reconstructable as-of (not modelled),,,,
KXLEADERMLBSTRIKEOUTS,Baseball,,player_prop,not_attempted_supported_sport,,,,unattempted,player/appearance-conditioned; pregame participation not reconstructable as-of (not modelled),,,,
KXMLBSTARTER,Baseball,,player_prop,not_attempted_supported_sport,,,,unattempted,player/appearance-conditioned; pregame participation not reconstructable as-of (not modelled),,,,
KXMLBWALK,Baseball,,player_prop,not_attempted_supported_sport,,,,unattempted,player/appearance-conditioned; pregame participation not reconstructable as-of (not modelled),,,,
KXWBCHIT,Baseball,,player_prop,not_attempted_supported_sport,,,,unattempted,player/appearance-conditioned; pregame participation not reconstructable as-of (not modelled),,,,
KXMLBRFI,Baseball,Pro Baseball,score_props,excluded_spec,mlb,espn_team,,unsupported,no payoff parser / spec: no payoff parser for suffix 'RFI',,,,
KXMLBEXTRAS,Baseball,Pro Baseball,score_props,excluded_spec,mlb,espn_team,,unsupported,no payoff parser / spec: no payoff parser for suffix 'EXTRAS',,,,
KXNPBRFI,Baseball,Japan NPB,score_props,not_attempted_supported_sport,,,,unattempted,no independent results adapter for this competition in Phase 1 (game_winner only via Kalshi-only path),,,,
KXKBORFI,Baseball,Korea KBO,score_props,not_attempted_supported_sport,,,,unattempted,no independent results adapter for this competition in Phase 1 (game_winner only via Kalshi-only path),,,,
KXWBCRFI,Baseball,World Baseball Classic,score_props,not_attempted_supported_sport,,,,unattempted,no independent results adapter for this competition in Phase 1 (game_winner only via Kalshi-only path),,,,
KXMLBDELAY,Baseball,Pro Baseball,score_props,excluded_spec,mlb,espn_team,,unsupported,no payoff parser / spec: no payoff parser for suffix 'DELAY',,,,
KXMLBWINS-COL,Baseball,Pro Baseball,season_wins,not_attempted_supported_sport,,,,unattempted,season totals: one outcome per team-season; prospective capture required,,,,
KXMLBWINS-LAD,Baseball,Pro Baseball,season_wins,not_attempted_supported_sport,,,,unattempted,season totals: one outcome per team-season; prospective capture required,,,,
KXLEADERMLBWINS,Baseball,Pro Baseball,season_wins,not_attempted_supported_sport,,,,unattempted,season totals: one outcome per team-season; prospective capture required,,,,
KXMLBWINS-SEA,Baseball,Pro Baseball,season_wins,not_attempted_supported_sport,,,,unattempted,season totals: one outcome per team-season; prospective capture required,,,,
KXMLBWINS-NYM,Baseball,Pro Baseball,season_wins,not_attempted_supported_sport,,,,unattempted,season totals: one outcome per team-season; prospective capture required,,,,
KXMLBWINS-MIL,Baseball,Pro Baseball,season_wins,not_attempted_supported_sport,,,,unattempted,season totals: one outcome per team-season; prospective capture required,,,,
KXMLBWINS-BOS,Baseball,Pro Baseball,season_wins,not_attempted_supported_sport,,,,unattempted,season totals: one outcome per team-season; prospective capture required,,,,
KXMLBWINS-ATL,Baseball,Pro Baseball,season_wins,not_attempted_supported_sport,,,,unattempted,season totals: one outcome per team-season; prospective capture required,,,,
KXMLBWINS-ATH,Baseball,Pro Baseball,season_wins,not_attempted_supported_sport,,,,unattempted,season totals: one outcome per team-season; prospective capture required,,,,
KXMLBWINS-LAA,Baseball,Pro Baseball,season_wins,not_attempted_supported_sport,,,,unattempted,season totals: one outcome per team-season; prospective capture required,,,,
KXMLBWINS-SF,Baseball,Pro Baseball,season_wins,not_attempted_supported_sport,,,,unattempted,season totals: one outcome per team-season; prospective capture required,,,,
KXMLBWINS-SD,Baseball,Pro Baseball,season_wins,not_attempted_supported_sport,,,,unattempted,season totals: one outcome per team-season; prospective capture required,,,,
KXMLBWINS-CHC,Baseball,Pro Baseball,season_wins,not_attempted_supported_sport,,,,unattempted,season totals: one outcome per team-season; prospective capture required,,,,
KXMLBWINS-NYY,Baseball,Pro Baseball,season_wins,not_attempted_supported_sport,,,,unattempted,season totals: one outcome per team-season; prospective capture required,,,,
KXMLBWINS-DET,Baseball,Pro Baseball,season_wins,not_attempted_supported_sport,,,,unattempted,season totals: one outcome per team-season; prospective capture required,,,,
KXMLBWINS-MIA,Baseball,Pro Baseball,season_wins,not_attempted_supported_sport,,,,unattempted,season totals: one outcome per team-season; prospective capture required,,,,
KXMLBWINS-MIN,Baseball,Pro Baseball,season_wins,not_attempted_supported_sport,,,,unattempted,season totals: one outcome per team-season; prospective capture required,,,,
KXMLBWINS-HOU,Baseball,Pro Baseball,season_wins,not_attempted_supported_sport,,,,unattempted,season totals: one outcome per team-season; prospective capture required,,,,
KXMLBLSTREAK,Baseball,Pro Baseball,season_wins,not_attempted_supported_sport,,,,unattempted,season totals: one outcome per team-season; prospective capture required,,,,
KXMLBWINS-PHI,Baseball,Pro Baseball,season_wins,not_attempted_supported_sport,,,,unattempted,season totals: one outcome per team-season; prospective capture required,,,,
KXMLBWINS-CIN,Baseball,Pro Baseball,season_wins,not_attempted_supported_sport,,,,unattempted,season totals: one outcome per team-season; prospective capture required,,,,
KXMLBWINS-CWS,Baseball,Pro Baseball,season_wins,not_attempted_supported_sport,,,,unattempted,season totals: one outcome per team-season; prospective capture required,,,,
KXMLBWINS-KC,Baseball,Pro Baseball,season_wins,not_attempted_supported_sport,,,,unattempted,season totals: one outcome per team-season; prospective capture required,,,,
KXMLBWINS-WSH,Baseball,Pro Baseball,season_wins,not_attempted_supported_sport,,,,unattempted,season totals: one outcome per team-season; prospective capture required,,,,
KXMLBWINS-STL,Baseball,Pro Baseball,season_wins,not_attempted_supported_sport,,,,unattempted,season totals: one outcome per team-season; prospective capture required,,,,
KXMLBWINS-PIT,Baseball,Pro Baseball,season_wins,not_attempted_supported_sport,,,,unattempted,season totals: one outcome per team-season; prospective capture required,,,,
KXMLBWINS-BAL,Baseball,Pro Baseball,season_wins,not_attempted_supported_sport,,,,unattempted,season totals: one outcome per team-season; prospective capture required,,,,
KXMLBWSTREAK,Baseball,Pro Baseball,season_wins,not_attempted_supported_sport,,,,unattempted,season totals: one outcome per team-season; prospective capture required,,,,
KXMLBWINS-TEX,Baseball,Pro Baseball,season_wins,not_attempted_supported_sport,,,,unattempted,season totals: one outcome per team-season; prospective capture required,,,,
KXMLBWINS-CLE,Baseball,Pro Baseball,season_wins,not_attempted_supported_sport,,,,unattempted,season totals: one outcome per team-season; prospective capture required,,,,
KXMLBWINS-AZ,Baseball,Pro Baseball,season_wins,not_attempted_supported_sport,,,,unattempted,season totals: one outcome per team-season; prospective capture required,,,,
KXMLBWINS-TOR,Baseball,Pro Baseball,season_wins,not_attempted_supported_sport,,,,unattempted,season totals: one outcome per team-season; prospective capture required,,,,
KXMLBWINS-TB,Baseball,Pro Baseball,season_wins,not_attempted_supported_sport,,,,unattempted,season totals: one outcome per team-season; prospective capture required,,,,
KXMLBSISTREAK,Baseball,Pro Baseball,season_wins,not_attempted_supported_sport,,,,unattempted,season totals: one outcome per team-season; prospective capture required,,,,
KXMLB500,Baseball,,season_wins,not_attempted_supported_sport,,,,unattempted,season totals: one outcome per team-season; prospective capture required,,,,
KXMLBF5TOTAL,Baseball,Pro Baseball,segment,exploratory_evaluated,mlb,espn_team,segment,supported,frozen score model,exact,unavailable: training support below threshold,unavailable: segment markets (quarters/halves/innings): no new historical quotes by scope decision,out of market scope
KXMLBF5,Baseball,Pro Baseball,segment,exploratory_evaluated,mlb,espn_team,segment,supported,frozen score model,exact,unavailable: training support below threshold,unavailable: segment markets (quarters/halves/innings): no new historical quotes by scope decision,out of market scope
KXMLBF5SPREAD,Baseball,Pro Baseball,segment,exploratory_evaluated,mlb,espn_team,segment,supported,frozen score model,exact,unavailable: training support below threshold,unavailable: segment markets (quarters/halves/innings): no new historical quotes by scope decision,out of market scope
KXMLBF3,Baseball,Pro Baseball,segment,exploratory_evaluated,mlb,espn_team,segment,supported,frozen score model,exact,unavailable: training support below threshold,unavailable: segment markets (quarters/halves/innings): no new historical quotes by scope decision,out of market scope
KXMLBF7,Baseball,Pro Baseball,segment,exploratory_evaluated,mlb,espn_team,segment,supported,frozen score model,exact,unavailable: training support below threshold,unavailable: segment markets (quarters/halves/innings): no new historical quotes by scope decision,out of market scope
KXMLBINNINGTOTAL,Baseball,Pro Baseball,segment,excluded_spec,mlb,espn_team,,unsupported,no payoff parser / spec: no payoff parser for suffix 'INNINGTOTAL',,,,
KXMLBINNINGWIN,Baseball,Pro Baseball,segment,excluded_spec,mlb,espn_team,,unsupported,no payoff parser / spec: no payoff parser for suffix 'INNINGWIN',,,,
KXWBCF5SPREAD,Baseball,World Baseball Classic,segment,not_attempted_supported_sport,,,,unattempted,no independent results adapter for this competition in Phase 1 (game_winner only via Kalshi-only path),,,,
KXWBCF5,Baseball,World Baseball Classic,segment,not_attempted_supported_sport,,,,unattempted,no independent results adapter for this competition in Phase 1 (game_winner only via Kalshi-only path),,,,
KXWBCF5TOTAL,Baseball,World Baseball Classic,segment,not_attempted_supported_sport,,,,unattempted,no independent results adapter for this competition in Phase 1 (game_winner only via Kalshi-only path),,,,
KXMLBSERIES,Baseball,Pro Baseball,series_playoff,not_attempted_supported_sport,,,,unattempted,playoff series: few outcomes; needs game model + bracket simulation (not in Phase 1),,,,
KXMLBSERIESSCORE,Baseball,Pro Baseball,series_playoff,not_attempted_supported_sport,,,,unattempted,playoff series: few outcomes; needs game model + bracket simulation (not in Phase 1),,,,
KXMLBSPREAD,Baseball,Pro Baseball,spread,strict_evaluated,mlb,espn_team,spread,supported,frozen score model,exact,unavailable: training support below threshold,unavailable: matched training support below threshold,candle rule
KXKBOSPREAD,Baseball,Korea KBO,spread,not_attempted_supported_sport,,,,unattempted,no independent results adapter for this competition in Phase 1 (game_winner only via Kalshi-only path),,,,
KXNPBSPREAD,Baseball,Japan NPB,spread,not_attempted_supported_sport,,,,unattempted,no independent results adapter for this competition in Phase 1 (game_winner only via Kalshi-only path),,,,
KXWBCSPREAD,Baseball,World Baseball Classic,spread,not_attempted_supported_sport,,,,unattempted,no independent results adapter for this competition in Phase 1 (game_winner only via Kalshi-only path),,,,
KXNCAABBSPREAD,Baseball,College Baseball,spread,not_attempted_supported_sport,,,,unattempted,no independent results adapter for this competition in Phase 1 (game_winner only via Kalshi-only path),,,,
KXMLBSERIESSPREAD,Baseball,Pro Baseball,spread,excluded_spec,mlb,espn_team,,unsupported,no payoff parser / spec: no payoff parser for suffix 'SERIESSPREAD',,,,
KXMLBTEAMTOTAL,Baseball,Pro Baseball,team_total,exploratory_evaluated,mlb,espn_team,team_total,supported,frozen score model,exact,unavailable: training support below threshold,unavailable: matched training support below threshold,candle rule
KXMLBTOTAL,Baseball,Pro Baseball,total,strict_evaluated,mlb,espn_team,total,supported,frozen score model,exact,unavailable: training support below threshold,unavailable: matched training support below threshold,candle rule
KXNPBTOTAL,Baseball,Japan NPB,total,not_attempted_supported_sport,,,,unattempted,no independent results adapter for this competition in Phase 1 (game_winner only via Kalshi-only path),,,,
KXKBOTOTAL,Baseball,Korea KBO,total,not_attempted_supported_sport,,,,unattempted,no independent results adapter for this competition in Phase 1 (game_winner only via Kalshi-only path),,,,
KXWBCTOTAL,Baseball,World Baseball Classic,total,not_attempted_supported_sport,,,,unattempted,no independent results adapter for this competition in Phase 1 (game_winner only via Kalshi-only path),,,,
KXNCAABBTOTAL,Baseball,College Baseball,total,not_attempted_supported_sport,,,,unattempted,no independent results adapter for this competition in Phase 1 (game_winner only via Kalshi-only path),,,,
KXMLBSERIESGAMETOTAL,Baseball,Pro Baseball,total,excluded_spec,mlb,espn_team,,unsupported,no payoff parser / spec: no payoff parser for suffix 'SERIESGAMETOTAL',,,,
KXMLBSERIESGAMES,Baseball,Pro Baseball,total,excluded_spec,mlb,espn_team,,unsupported,no payoff parser / spec: no payoff parser for suffix 'SERIESGAMES',,,,
KXMLB,Baseball,Pro Baseball,tournament_outright,not_attempted_supported_sport,,,,unattempted,outright/bracket: few independent outcomes per season; needs prospective capture + simulation,,,,
KXMLBAL,Baseball,Pro Baseball,tournament_outright,not_attempted_supported_sport,,,,unattempted,outright/bracket: few independent outcomes per season; needs prospective capture + simulation,,,,
KXMLBNL,Baseball,Pro Baseball,tournament_outright,not_attempted_supported_sport,,,,unattempted,outright/bracket: few independent outcomes per season; needs prospective capture + simulation,,,,
KXNCAABASEBALL,Baseball,College Baseball,tournament_outright,not_attempted_supported_sport,,,,unattempted,outright/bracket: few independent outcomes per season; needs prospective capture + simulation,,,,
KXMLBPLAYOFFS,Baseball,Pro Baseball,tournament_outright,not_attempted_supported_sport,,,,unattempted,outright/bracket: few independent outcomes per season; needs prospective capture + simulation,,,,
KXNCAAMBACHAMP,Baseball,,tournament_outright,not_attempted_supported_sport,,,,unattempted,outright/bracket: few independent outcomes per season; needs prospective capture + simulation,,,,
KXTEAMSINWS,Baseball,Pro Baseball,tournament_outright,not_attempted_supported_sport,,,,unattempted,outright/bracket: few independent outcomes per season; needs prospective capture + simulation,,,,
KXMLBALWEST,Baseball,Pro Baseball,tournament_outright,not_attempted_supported_sport,,,,unattempted,outright/bracket: few independent outcomes per season; needs prospective capture + simulation,,,,
KXMLBALEAST,Baseball,Pro Baseball,tournament_outright,not_attempted_supported_sport,,,,unattempted,outright/bracket: few independent outcomes per season; needs prospective capture + simulation,,,,
KXMLBALCENT,Baseball,Pro Baseball,tournament_outright,not_attempted_supported_sport,,,,unattempted,outright/bracket: few independent outcomes per season; needs prospective capture + simulation,,,,
KXMLBNLCENT,Baseball,Pro Baseball,tournament_outright,not_attempted_supported_sport,,,,unattempted,outright/bracket: few independent outcomes per season; needs prospective capture + simulation,,,,
KXMLBNLEAST,Baseball,Pro Baseball,tournament_outright,not_attempted_supported_sport,,,,unattempted,outright/bracket: few independent outcomes per season; needs prospective capture + simulation,,,,
KXMLBNLWEST,Baseball,Pro Baseball,tournament_outright,not_attempted_supported_sport,,,,unattempted,outright/bracket: few independent outcomes per season; needs prospective capture + simulation,,,,
KXMLBBESTRECORD,Baseball,Pro Baseball,tournament_outright,not_attempted_supported_sport,,,,unattempted,outright/bracket: few independent outcomes per season; needs prospective capture + simulation,,,,
KXNCAABBREG,Baseball,College Baseball,tournament_outright,not_attempted_supported_sport,,,,unattempted,outright/bracket: few independent outcomes per season; needs prospective capture + simulation,,,,
KXNCAASOFTBALL,Baseball,College Softball,tournament_outright,not_attempted_supported_sport,,,,unattempted,outright/bracket: few independent outcomes per season; needs prospective capture + simulation,,,,
KXMLBWORSTRECORD,Baseball,Pro Baseball,tournament_outright,not_attempted_supported_sport,,,,unattempted,outright/bracket: few independent outcomes per season; needs prospective capture + simulation,,,,
KXWBCROUND,Baseball,World Baseball Classic,tournament_outright,not_attempted_supported_sport,,,,unattempted,outright/bracket: few independent outcomes per season; needs prospective capture + simulation,,,,
KXNCAABBCONF,Baseball,College Baseball,tournament_outright,not_attempted_supported_sport,,,,unattempted,outright/bracket: few independent outcomes per season; needs prospective capture + simulation,,,,
KXMLBMATCHUP,Baseball,Pro Baseball,tournament_outright,not_attempted_supported_sport,,,,unattempted,outright/bracket: few independent outcomes per season; needs prospective capture + simulation,,,,
KXNCAABBPLAYOFFS,Baseball,College Baseball,tournament_outright,not_attempted_supported_sport,,,,unattempted,outright/bracket: few independent outcomes per season; needs prospective capture + simulation,,,,
KXWBCGROUPQUAL,Baseball,World Baseball Classic,tournament_outright,not_attempted_supported_sport,,,,unattempted,outright/bracket: few independent outcomes per season; needs prospective capture + simulation,,,,
KXMLBNLCSQUAL,Baseball,Pro Baseball,tournament_outright,not_attempted_supported_sport,,,,unattempted,outright/bracket: few independent outcomes per season; needs prospective capture + simulation,,,,
KXMLBALCSQUAL,Baseball,Pro Baseball,tournament_outright,not_attempted_supported_sport,,,,unattempted,outright/bracket: few independent outcomes per season; needs prospective capture + simulation,,,,
KXMLBPLAYOFFHOST,Baseball,Pro Baseball,tournament_outright,not_attempted_supported_sport,,,,unattempted,outright/bracket: few independent outcomes per season; needs prospective capture + simulation,,,,
KXWBCGROUP,Baseball,World Baseball Classic,tournament_outright,not_attempted_supported_sport,,,,unattempted,outright/bracket: few independent outcomes per season; needs prospective capture + simulation,,,,
KXMLBDIVWINNER,Baseball,,tournament_outright,not_attempted_supported_sport,,,,unattempted,outright/bracket: few independent outcomes per season; needs prospective capture + simulation,,,,
KXTEAMSINNCAABBWS,Baseball,College Baseball,tournament_outright,not_attempted_supported_sport,,,,unattempted,outright/bracket: few independent outcomes per season; needs prospective capture + simulation,,,,
KXNCAABBFINAL,Baseball,College Baseball,tournament_outright,not_attempted_supported_sport,,,,unattempted,outright/bracket: few independent outcomes per season; needs prospective capture + simulation,,,,
KXMLBCHAMPDIVISION,Baseball,Pro Baseball,tournament_outright,not_attempted_supported_sport,,,,unattempted,outright/bracket: few independent outcomes per season; needs prospective capture + simulation,,,,
KXNPB,Baseball,Japan NPB,tournament_outright,not_attempted_supported_sport,,,,unattempted,outright/bracket: few independent outcomes per season; needs prospective capture + simulation,,,,
KXMLBCHAMPLEAGUE,Baseball,Pro Baseball,tournament_outright,not_attempted_supported_sport,,,,unattempted,outright/bracket: few independent outcomes per season; needs prospective capture + simulation,,,,
KXKBO,Baseball,Korea KBO,tournament_outright,not_attempted_supported_sport,,,,unattempted,outright/bracket: few independent outcomes per season; needs prospective capture + simulation,,,,
KXMLBSEEDWIN,Baseball,Pro Baseball,tournament_outright,not_attempted_supported_sport,,,,unattempted,outright/bracket: few independent outcomes per season; needs prospective capture + simulation,,,,
KXMBLNLEAST,Baseball,,tournament_outright,not_attempted_supported_sport,,,,unattempted,outright/bracket: few independent outcomes per season; needs prospective capture + simulation,,,,
KXMLBWS,Baseball,,tournament_outright,not_attempted_supported_sport,,,,unattempted,outright/bracket: few independent outcomes per season; needs prospective capture + simulation,,,,
KXWSAL,Baseball,,tournament_outright,not_attempted_supported_sport,,,,unattempted,outright/bracket: few independent outcomes per season; needs prospective capture + simulation,,,,
KXWSNL,Baseball,,tournament_outright,not_attempted_supported_sport,,,,unattempted,outright/bracket: few independent outcomes per season; needs prospective capture + simulation,,,,
KXNBAMVP,Basketball,Pro Basketball (M),awards,not_attempted_supported_sport,,,,unattempted,awards: voting outcomes without as-of inputs,,,,
KXNBAFINMVP,Basketball,Pro Basketball (M),awards,not_attempted_supported_sport,,,,unattempted,awards: voting outcomes without as-of inputs,,,,
KXNBAALLSTARMVP,Basketball,Pro Basketball (M),awards,not_attempted_supported_sport,,,,unattempted,awards: voting outcomes without as-of inputs,,,,
KXNBAFINALSMVP,Basketball,,awards,not_attempted_supported_sport,,,,unattempted,awards: voting outcomes without as-of inputs,,,,
KXNBAROY,Basketball,Pro Basketball (M),awards,not_attempted_supported_sport,,,,unattempted,awards: voting outcomes without as-of inputs,,,,
KXNBACOY,Basketball,Pro Basketball (M),awards,not_attempted_supported_sport,,,,unattempted,awards: voting outcomes without as-of inputs,,,,
KXNBAALLSTARGAME,Basketball,Pro Basketball (M),awards,not_attempted_supported_sport,,,,unattempted,awards: voting outcomes without as-of inputs,,,,
KXNBA3PTCONTEST,Basketball,Pro Basketball (M),awards,not_attempted_supported_sport,,,,unattempted,awards: voting outcomes without as-of inputs,,,,
KXNBAMIMP,Basketball,Pro Basketball (M),awards,not_attempted_supported_sport,,,,unattempted,awards: voting outcomes without as-of inputs,,,,
KXNBASLAMDUNK,Basketball,Pro Basketball (M),awards,not_attempted_supported_sport,,,,unattempted,awards: voting outcomes without as-of inputs,,,,
KXNBADPOY,Basketball,Pro Basketball (M),awards,not_attempted_supported_sport,,,,unattempted,awards: voting outcomes without as-of inputs,,,,
KXNBAWFINMVP,Basketball,Pro Basketball (M),awards,not_attempted_supported_sport,,,,unattempted,awards: voting outcomes without as-of inputs,,,,
KXNBASIXTH,Basketball,Pro Basketball (M),awards,not_attempted_supported_sport,,,,unattempted,awards: voting outcomes without as-of inputs,,,,
KXNCAAMBMOP,Basketball,CBB Tournament,awards,not_attempted_supported_sport,,,,unattempted,awards: voting outcomes without as-of inputs,,,,
KXNBARISINGSTARS,Basketball,Pro Basketball (M),awards,not_attempted_supported_sport,,,,unattempted,awards: voting outcomes without as-of inputs,,,,
KXWNBAMVP,Basketball,Pro Basketball (W),awards,not_attempted_supported_sport,,,,unattempted,awards: voting outcomes without as-of inputs,,,,
KXNBACELEBRITYGAME,Basketball,Pro Basketball (M),awards,not_attempted_supported_sport,,,,unattempted,awards: voting outcomes without as-of inputs,,,,
KXWNBAASGMVP,Basketball,Pro Basketball (W),awards,not_attempted_supported_sport,,,,unattempted,awards: voting outcomes without as-of inputs,,,,
KXNBAALLSTARS,Basketball,Pro Basketball (M),awards,not_attempted_supported_sport,,,,unattempted,awards: voting outcomes without as-of inputs,,,,
KXNBA1STTEAM,Basketball,Pro Basketball (M),awards,not_attempted_supported_sport,,,,unattempted,awards: voting outcomes without as-of inputs,,,,
KXNBAEFINMVP,Basketball,Pro Basketball (M),awards,not_attempted_supported_sport,,,,unattempted,awards: voting outcomes without as-of inputs,,,,
KXNBACELEBRITY3PT,Basketball,Pro Basketball (M),awards,not_attempted_supported_sport,,,,unattempted,awards: voting outcomes without as-of inputs,,,,
KXNCAAMBNAISMITH,Basketball,CBB Tournament,awards,not_attempted_supported_sport,,,,unattempted,awards: voting outcomes without as-of inputs,,,,
KXNBASHOOTINGSTARS,Basketball,Pro Basketball (M),awards,not_attempted_supported_sport,,,,unattempted,awards: voting outcomes without as-of inputs,,,,
KXNBASUMMERMVP,Basketball,Pro Basketball Summer League,awards,not_attempted_supported_sport,,,,unattempted,awards: voting outcomes without as-of inputs,,,,
KXNBACLUTCH,Basketball,Pro Basketball (M),awards,not_attempted_supported_sport,,,,unattempted,awards: voting outcomes without as-of inputs,,,,
KXNBA2NDTEAM,Basketball,Pro Basketball (M),awards,not_attempted_supported_sport,,,,unattempted,awards: voting outcomes without as-of inputs,,,,
KXWNBAROY,Basketball,Pro Basketball (W),awards,not_attempted_supported_sport,,,,unattempted,awards: voting outcomes without as-of inputs,,,,
KXWNBADPOY,Basketball,Pro Basketball (W),awards,not_attempted_supported_sport,,,,unattempted,awards: voting outcomes without as-of inputs,,,,
KXWNBACOY,Basketball,Pro Basketball (W),awards,not_attempted_supported_sport,,,,unattempted,awards: voting outcomes without as-of inputs,,,,
KXNBACUPMVP,Basketball,Pro Basketball (M),awards,not_attempted_supported_sport,,,,unattempted,awards: voting outcomes without as-of inputs,,,,
KXNCAAWBMOP,Basketball,CBB Tournament (W),awards,not_attempted_supported_sport,,,,unattempted,awards: voting outcomes without as-of inputs,,,,
KXNBA1STTEAMDEF,Basketball,Pro Basketball (M),awards,not_attempted_supported_sport,,,,unattempted,awards: voting outcomes without as-of inputs,,,,
KXWNBA6POY,Basketball,Pro Basketball (W),awards,not_attempted_supported_sport,,,,unattempted,awards: voting outcomes without as-of inputs,,,,
KXNBASTARTERS,Basketball,Pro Basketball (M),awards,not_attempted_supported_sport,,,,unattempted,awards: voting outcomes without as-of inputs,,,,
KXNCAAMBCOTY,Basketball,CBB Tournament,awards,not_attempted_supported_sport,,,,unattempted,awards: voting outcomes without as-of inputs,,,,
KXWNBAFINALSMVP,Basketball,Pro Basketball (W),awards,not_attempted_supported_sport,,,,unattempted,awards: voting outcomes without as-of inputs,,,,
KXNBA3RDTEAM,Basketball,Pro Basketball (M),awards,not_attempted_supported_sport,,,,unattempted,awards: voting outcomes without as-of inputs,,,,
KXWNBAALLROOKIE,Basketball,Pro Basketball (W),awards,not_attempted_supported_sport,,,,unattempted,awards: voting outcomes without as-of inputs,,,,
KXWNBAMIMP,Basketball,Pro Basketball (W),awards,not_attempted_supported_sport,,,,unattempted,awards: voting outcomes without as-of inputs,,,,
KXNBAROOKIE2NDTEAM,Basketball,Pro Basketball (M),awards,not_attempted_supported_sport,,,,unattempted,awards: voting outcomes without as-of inputs,,,,
KXWNBAALLSTARS,Basketball,Pro Basketball (W),awards,not_attempted_supported_sport,,,,unattempted,awards: voting outcomes without as-of inputs,,,,
KXNBA2NDTEAMDEF,Basketball,Pro Basketball (M),awards,not_attempted_supported_sport,,,,unattempted,awards: voting outcomes without as-of inputs,,,,
KXWNBACCUPMVP,Basketball,Pro Basketball (W),awards,not_attempted_supported_sport,,,,unattempted,awards: voting outcomes without as-of inputs,,,,
KXNBAROOKIE1STTEAM,Basketball,Pro Basketball (M),awards,not_attempted_supported_sport,,,,unattempted,awards: voting outcomes without as-of inputs,,,,
KXWNBAROTY,Basketball,Pro Basketball (W),awards,not_attempted_supported_sport,,,,unattempted,awards: voting outcomes without as-of inputs,,,,
KXWNBAROOKAS,Basketball,Pro Basketball (W),awards,not_attempted_supported_sport,,,,unattempted,awards: voting outcomes without as-of inputs,,,,
KXNBAMVPDPOY,Basketball,Pro Basketball (M),awards,not_attempted_supported_sport,,,,unattempted,awards: voting outcomes without as-of inputs,,,,
KXWNBAALLTEAM,Basketball,Pro Basketball (W),awards,not_attempted_supported_sport,,,,unattempted,awards: voting outcomes without as-of inputs,,,,
KXWNBAALLDEFENSE,Basketball,Pro Basketball (W),awards,not_attempted_supported_sport,,,,unattempted,awards: voting outcomes without as-of inputs,,,,
KXNBASPORTSMANSHIP,Basketball,Pro Basketball (M),awards,not_attempted_supported_sport,,,,unattempted,awards: voting outcomes without as-of inputs,,,,
KXNBAHALLOFFAME,Basketball,Pro Basketball (M),awards,not_attempted_supported_sport,,,,unattempted,awards: voting outcomes without as-of inputs,,,,
KXNBAAWARDFIN,Basketball,Pro Basketball (M),awards,not_attempted_supported_sport,,,,unattempted,awards: voting outcomes without as-of inputs,,,,
KXNBAEXEC,Basketball,Pro Basketball (M),awards,not_attempted_supported_sport,,,,unattempted,awards: voting outcomes without as-of inputs,,,,
KXNBAHUSTLE,Basketball,Pro Basketball (M),awards,not_attempted_supported_sport,,,,unattempted,awards: voting outcomes without as-of inputs,,,,
KXNBAPOSTASREC,Basketball,Pro Basketball (M),awards,not_attempted_supported_sport,,,,unattempted,awards: voting outcomes without as-of inputs,,,,
KXNBASJC,Basketball,Pro Basketball (M),awards,not_attempted_supported_sport,,,,unattempted,awards: voting outcomes without as-of inputs,,,,
KXNBATEAMMATE,Basketball,Pro Basketball (M),awards,not_attempted_supported_sport,,,,unattempted,awards: voting outcomes without as-of inputs,,,,
KXWNBAASGAME,Basketball,,awards,not_attempted_supported_sport,,,,unattempted,awards: voting outcomes without as-of inputs,,,,
KXWNBAFIRSTTEAM,Basketball,,awards,not_attempted_supported_sport,,,,unattempted,awards: voting outcomes without as-of inputs,,,,
KXWNBASECONDTEAM,Basketball,,awards,not_attempted_supported_sport,,,,unattempted,awards: voting outcomes without as-of inputs,,,,
KXNCAAMBSGP,Basketball,CBB Tournament,combo_parlay,not_attempted_supported_sport,,,,unattempted,out of scope (derived combination),,,,
KXNCAAMB2ML,Basketball,CBB Tournament,combo_parlay,not_attempted_supported_sport,,,,unattempted,out of scope (derived combination),,,,
KXNBAPREPACK3ML,Basketball,Pro Basketball (M),combo_parlay,not_attempted_supported_sport,,,,unattempted,out of scope (derived combination),,,,
KXNBAPREPACK2ML,Basketball,Pro Basketball (M),combo_parlay,not_attempted_supported_sport,,,,unattempted,out of scope (derived combination),,,,
KXNBADRAFTPICK,Basketball,Pro Basketball Draft,draft,not_attempted_supported_sport,,,,unattempted,draft: consensus mocks not archived as-of,,,,
KXNBADRAFT1,Basketball,Pro Basketball Draft,draft,not_attempted_supported_sport,,,,unattempted,draft: consensus mocks not archived as-of,,,,
KXNBADRAFTTOP,Basketball,Pro Basketball Draft,draft,not_attempted_supported_sport,,,,unattempted,draft: consensus mocks not archived as-of,,,,
KXNBADRAFTTEAM,Basketball,Pro Basketball Draft,draft,not_attempted_supported_sport,,,,unattempted,draft: consensus mocks not archived as-of,,,,
KXNBATOPPICK,Basketball,Pro Basketball Draft,draft,not_attempted_supported_sport,,,,unattempted,draft: consensus mocks not archived as-of,,,,
KXNBADRAFTOU,Basketball,Pro Basketball Draft,draft,not_attempted_supported_sport,,,,unattempted,draft: consensus mocks not archived as-of,,,,
KXNBATOP5ROTY,Basketball,Pro Basketball (M),draft,not_attempted_supported_sport,,,,unattempted,draft: consensus mocks not archived as-of,,,,
KXNBALOTTERY,Basketball,Pro Basketball Draft,draft,not_attempted_supported_sport,,,,unattempted,draft: consensus mocks not archived as-of,,,,
KXWNBADRAFT1,Basketball,Pro Basketball (W),draft,not_attempted_supported_sport,,,,unattempted,draft: consensus mocks not archived as-of,,,,
KXNBADRAFTTOP5,Basketball,,draft,not_attempted_supported_sport,,,,unattempted,draft: consensus mocks not archived as-of,,,,
KXWNBADRAFTTOP3,Basketball,Pro Basketball (W),draft,not_attempted_supported_sport,,,,unattempted,draft: consensus mocks not archived as-of,,,,
KXNBADRAFTCAT,Basketball,Pro Basketball Draft,draft,not_attempted_supported_sport,,,,unattempted,draft: consensus mocks not archived as-of,,,,
KXNBADRAFTMATCHUP,Basketball,Pro Basketball Draft,draft,not_attempted_supported_sport,,,,unattempted,draft: consensus mocks not archived as-of,,,,
KXNBADRAFT3,Basketball,,draft,not_attempted_supported_sport,,,,unattempted,draft: consensus mocks not archived as-of,,,,
KXWNBADRAFT2,Basketball,Pro Basketball (W),draft,not_attempted_supported_sport,,,,unattempted,draft: consensus mocks not archived as-of,,,,
KXNBADRAFTTOP10,Basketball,,draft,not_attempted_supported_sport,,,,unattempted,draft: consensus mocks not archived as-of,,,,
KXNBADRAFT5,Basketball,,draft,not_attempted_supported_sport,,,,unattempted,draft: consensus mocks not archived as-of,,,,
KXNBADRAFT6,Basketball,,draft,not_attempted_supported_sport,,,,unattempted,draft: consensus mocks not archived as-of,,,,
KXNBADRAFT4,Basketball,,draft,not_attempted_supported_sport,,,,unattempted,draft: consensus mocks not archived as-of,,,,
KXNBADRAFTTOP20,Basketball,,draft,not_attempted_supported_sport,,,,unattempted,draft: consensus mocks not archived as-of,,,,
KXNBADRAFT2,Basketball,,draft,not_attempted_supported_sport,,,,unattempted,draft: consensus mocks not archived as-of,,,,
KXWNBADRAFT3,Basketball,Pro Basketball (W),draft,not_attempted_supported_sport,,,,unattempted,draft: consensus mocks not archived as-of,,,,
KXNBADRAFTTOP15,Basketball,,draft,not_attempted_supported_sport,,,,unattempted,draft: consensus mocks not archived as-of,,,,
KXNBALOTTERYODDS,Basketball,Pro Basketball Draft,draft,not_attempted_supported_sport,,,,unattempted,draft: consensus mocks not archived as-of,,,,
KXNBADRAFT7,Basketball,,draft,not_attempted_supported_sport,,,,unattempted,draft: consensus mocks not archived as-of,,,,
KXWNBADRAFT4,Basketball,Pro Basketball (W),draft,not_attempted_supported_sport,,,,unattempted,draft: consensus mocks not archived as-of,,,,
KXNBADRAFT10,Basketball,,draft,not_attempted_supported_sport,,,,unattempted,draft: consensus mocks not archived as-of,,,,
KXWNBADRAFTTOP5,Basketball,Pro Basketball (W),draft,not_attempted_supported_sport,,,,unattempted,draft: consensus mocks not archived as-of,,,,
KXNBADRAFT9,Basketball,,draft,not_attempted_supported_sport,,,,unattempted,draft: consensus mocks not archived as-of,,,,
KXNBADRAFTTOP30,Basketball,,draft,not_attempted_supported_sport,,,,unattempted,draft: consensus mocks not archived as-of,,,,
KXNBADRAFTTOP25,Basketball,,draft,not_attempted_supported_sport,,,,unattempted,draft: consensus mocks not archived as-of,,,,
KXNBADRAFT8,Basketball,,draft,not_attempted_supported_sport,,,,unattempted,draft: consensus mocks not archived as-of,,,,
KXNBADRAFTCOMP,Basketball,Pro Basketball Draft,draft,not_attempted_supported_sport,,,,unattempted,draft: consensus mocks not archived as-of,,,,
KXFIRSTPICKNBA,Basketball,,draft,not_attempted_supported_sport,,,,unattempted,draft: consensus mocks not archived as-of,,,,
KXNBADRAFTCONF,Basketball,,draft,not_attempted_supported_sport,,,,unattempted,draft: consensus mocks not archived as-of,,,,
KXNBADRAFTINT,Basketball,,draft,not_attempted_supported_sport,,,,unattempted,draft: consensus mocks not archived as-of,,,,
KXNBATOP3,Basketball,,draft,not_attempted_supported_sport,,,,unattempted,draft: consensus mocks not archived as-of,,,,
KXTOP3NBADRAFT,Basketball,,draft,not_attempted_supported_sport,,,,unattempted,draft: consensus mocks not archived as-of,,,,
KXSOWBBALLTOTAL,Basketball,Olympic Qualifiers (W),field_finish,not_attempted_supported_sport,,,,unattempted,no independent results adapter for this competition in Phase 1 (game_winner only via Kalshi-only path),,,,
KXSOWBBALLSPREAD,Basketball,Olympic Qualifiers (W),field_finish,not_attempted_supported_sport,,,,unattempted,no independent results adapter for this competition in Phase 1 (game_winner only via Kalshi-only path),,,,
KXBBALLTEAMUSA,Basketball,Pro Basketball (M),field_finish,not_attempted_supported_sport,,,,unattempted,no independent results adapter for this competition in Phase 1 (game_winner only via Kalshi-only path),,,,
KXWNBAH2HPTS,Basketball,Pro Basketball (W),field_finish,not_attempted_supported_sport,,,,unattempted,no independent results adapter for this competition in Phase 1 (game_winner only via Kalshi-only path),,,,
KXNCAAMBBIGTENREGTOP,Basketball,College Basketball (M),field_finish,not_attempted_supported_sport,,,,unattempted,no independent results adapter for this competition in Phase 1 (game_winner only via Kalshi-only path),,,,
KXNCAAMBACCREGTOP,Basketball,College Basketball (M),field_finish,not_attempted_supported_sport,,,,unattempted,no independent results adapter for this competition in Phase 1 (game_winner only via Kalshi-only path),,,,
KXNCAAMBSECREGTOP,Basketball,College Basketball (M),field_finish,not_attempted_supported_sport,,,,unattempted,no independent results adapter for this competition in Phase 1 (game_winner only via Kalshi-only path),,,,
KXNCAAMBBIG12REGTOP,Basketball,College Basketball (M),field_finish,not_attempted_supported_sport,,,,unattempted,no independent results adapter for this competition in Phase 1 (game_winner only via Kalshi-only path),,,,
KXNCAAMBBIGEASTREGTOP,Basketball,College Basketball (M),field_finish,not_attempted_supported_sport,,,,unattempted,no independent results adapter for this competition in Phase 1 (game_winner only via Kalshi-only path),,,,
KXBBALLUSACOACH,Basketball,,field_finish,not_attempted_supported_sport,,,,unattempted,no traded markets,,,,
KXNCAAMBBIG10REGTOP,Basketball,,field_finish,not_attempted_supported_sport,,,,unattempted,no traded markets,,,,
KXNBAGAME,Basketball,Pro Basketball (M),game_winner,strict_evaluated,nba,espn_team,game_winner,supported,frozen elo model,exact,unavailable: training support below threshold,unavailable: matched training support below threshold,candle rule
KXNCAAMBGAME,Basketball,College Basketball (M),game_winner,strict_evaluated,ncaamb,espn_team,game_winner,supported,frozen elo model,exact,unavailable: training support below threshold,unavailable: matched training support below threshold,candle rule
KXWNBAGAME,Basketball,Pro Basketball (W),game_winner,strict_evaluated,wnba,espn_team,game_winner,supported,frozen elo model,exact,unavailable: validation support below threshold,unavailable: matched validation support below threshold,candle rule
KXNCAAWBGAME,Basketball,College Basketball (W),game_winner,strict_evaluated,ncaawb,espn_team,game_winner,supported,frozen elo model,exact,unavailable: training support below threshold,unavailable: matched training support below threshold,candle rule
KXNBASUMMERGAME,Basketball,Pro Basketball Summer League,game_winner,kalshi_settlement_only_evaluated,k_kxnbasummergame,kalshi_only,game_winner,supported,frozen elo model,exact,unavailable: training support below threshold,unavailable: matched training support below threshold,candle rule
KXEUROLEAGUEGAME,Basketball,Euroleague,game_winner,kalshi_settlement_only_evaluated,k_kxeuroleaguegame,kalshi_only,game_winner,supported,frozen elo model,exact,unavailable: training support below threshold,unavailable: matched training support below threshold,candle rule
KXWMARMAD,Basketball,CBB Tournament (W),game_winner,no_test_contracts,k_kxwmarmad,kalshi_only,game_winner,supported,frozen elo model,exact,unavailable: training support below threshold,unavailable: matched training support below threshold,candle rule
KXCBAGAME,Basketball,Chinese Basketball Association,game_winner,kalshi_settlement_only_evaluated,k_kxcbagame,kalshi_only,game_winner,supported,frozen elo model,exact,unavailable: training support below threshold,unavailable: matched training support below threshold,candle rule
KXFIBAGAME,Basketball,FIBA World Cup Qualifiers,game_winner,kalshi_settlement_only_evaluated,k_kxfibagame,kalshi_only,game_winner,supported,frozen elo model,exact,unavailable: training support below threshold,unavailable: matched training support below threshold,candle rule
KXNBLGAME,Basketball,NBL Australia,game_winner,kalshi_settlement_only_evaluated,k_kxnblgame,kalshi_only,game_winner,supported,frozen elo model,exact,unavailable: training support below threshold,unavailable: matched training support below threshold,candle rule
KXJBLEAGUEGAME,Basketball,Japan B League,game_winner,kalshi_settlement_only_evaluated,k_kxjbleaguegame,kalshi_only,game_winner,supported,frozen elo model,exact,unavailable: training support below threshold,unavailable: matched training support below threshold,candle rule
KXKBLGAME,Basketball,South Korea KBL,game_winner,kalshi_settlement_only_evaluated,k_kxkblgame,kalshi_only,game_winner,supported,frozen elo model,exact,unavailable: training support below threshold,unavailable: matched training support below threshold,candle rule
KXBBLGAME,Basketball,Germany BBL,game_winner,kalshi_settlement_only_evaluated,k_kxbblgame,kalshi_only,game_winner,supported,frozen elo model,exact,unavailable: training support below threshold,unavailable: matched training support below threshold,candle rule
KXEUROCUPGAME,Basketball,EuroCup,game_winner,kalshi_settlement_only_evaluated,k_kxeurocupgame,kalshi_only,game_winner,supported,frozen elo model,exact,unavailable: training support below threshold,unavailable: matched training support below threshold,candle rule
KXLNBPGAME,Basketball,Mexico LNBP,game_winner,kalshi_settlement_only_evaluated,k_kxlnbpgame,kalshi_only,game_winner,supported,frozen elo model,exact,unavailable: training support below threshold,unavailable: matched training support below threshold,candle rule
KXACBGAME,Basketball,Spain Liga ACB,game_winner,kalshi_settlement_only_evaluated,k_kxacbgame,kalshi_only,game_winner,supported,frozen elo model,exact,unavailable: training support below threshold,unavailable: matched training support below threshold,candle rule
KXBSLGAME,Basketball,Turkey BSL,game_winner,kalshi_settlement_only_evaluated,k_kxbslgame,kalshi_only,game_winner,supported,frozen elo model,exact,unavailable: training support below threshold,unavailable: matched training support below threshold,candle rule
KXLNBELITEGAME,Basketball,LNB Elite,game_winner,kalshi_settlement_only_evaluated,k_kxlnbelitegame,kalshi_only,game_winner,supported,frozen elo model,exact,unavailable: training support below threshold,unavailable: matched training support below threshold,candle rule
KXWFIBAGAME,Basketball,FIBA World Cup (W),game_winner,kalshi_settlement_only_evaluated,k_kxwfibagame,kalshi_only,game_winner,supported,frozen elo model,exact,unavailable: training support below threshold,unavailable: matched training support below threshold,candle rule
KXISLGAME,Basketball,Israeli Super League,game_winner,kalshi_settlement_only_evaluated,k_kxislgame,kalshi_only,game_winner,supported,frozen elo model,exact,unavailable: training support below threshold,unavailable: matched training support below threshold,candle rule
KXABAGAME,Basketball,Adriatic ABA League,game_winner,kalshi_settlement_only_evaluated,k_kxabagame,kalshi_only,game_winner,supported,frozen elo model,exact,unavailable: training support below threshold,unavailable: matched training support below threshold,candle rule
KXVTBGAME,Basketball,Russia VTB United League,game_winner,kalshi_settlement_only_evaluated,k_kxvtbgame,kalshi_only,game_winner,supported,frozen elo model,exact,unavailable: training support below threshold,unavailable: matched training support below threshold,candle rule
KXBBSERIEAGAME,Basketball,Italy Serie A,game_winner,kalshi_settlement_only_evaluated,k_kxbbserieagame,kalshi_only,game_winner,supported,frozen elo model,exact,unavailable: training support below threshold,unavailable: matched training support below threshold,candle rule
KXGBLGAME,Basketball,Greek Basketball League,game_winner,kalshi_settlement_only_evaluated,k_kxgblgame,kalshi_only,game_winner,supported,frozen elo model,exact,unavailable: training support below threshold,unavailable: matched training support below threshold,candle rule
KXNZNBLGAME,Basketball,New Zealand NBL,game_winner,kalshi_settlement_only_evaluated,k_kxnznblgame,kalshi_only,game_winner,supported,frozen elo model,exact,unavailable: training support below threshold,unavailable: matched training support below threshold,candle rule
KXBSNGAME,Basketball,BSN Puerto Rico,game_winner,kalshi_settlement_only_evaluated,k_kxbsngame,kalshi_only,game_winner,supported,frozen elo model,exact,unavailable: training support below threshold,unavailable: matched training support below threshold,candle rule
KXNCAAMBCBC,Basketball,College Basketball Crown,game_winner,no_test_contracts,k_kxncaambcbc,kalshi_only,game_winner,supported,frozen elo model,exact,,,candle rule
KXFIBAECUPGAME,Basketball,FIBA Europe Cup,game_winner,kalshi_settlement_only_evaluated,k_kxfibaecupgame,kalshi_only,game_winner,supported,frozen elo model,exact,unavailable: training support below threshold,unavailable: matched training support below threshold,candle rule
KXARGLNBGAME,Basketball,Liga Nacional de Basquetbol,game_winner,kalshi_settlement_only_evaluated,k_kxarglnbgame,kalshi_only,game_winner,supported,frozen elo model,exact,unavailable: training support below threshold,unavailable: matched training support below threshold,candle rule
KXPBAGAME,Basketball,Philippines PBA,game_winner,kalshi_settlement_only_evaluated,k_kxpbagame,kalshi_only,game_winner,supported,frozen elo model,exact,unavailable: training support below threshold,unavailable: matched training support below threshold,candle rule
KXNBBGAME,Basketball,NBB Brazil,game_winner,kalshi_settlement_only_evaluated,k_kxnbbgame,kalshi_only,game_winner,supported,frozen elo model,exact,unavailable: training support below threshold,unavailable: matched training support below threshold,candle rule
KXVBAGAME,Basketball,Vietnam VBA,game_winner,kalshi_settlement_only_evaluated,k_kxvbagame,kalshi_only,game_winner,supported,frozen elo model,exact,unavailable: training support below threshold,unavailable: matched training support below threshold,candle rule
KXNCAAMBMAA,Basketball,College Basketball (M),game_winner,excluded_spec,ncaamb,espn_team,,unsupported,no payoff parser / spec: no payoff parser for suffix 'MAA',,,,
KXPLKGAME,Basketball,Poland PLK,game_winner,kalshi_settlement_only_evaluated,k_kxplkgame,kalshi_only,game_winner,supported,frozen elo model,exact,unavailable: training support below threshold,unavailable: matched training support below threshold,candle rule
KXWNBA3PTCONTEST,Basketball,Pro Basketball (W),game_winner,excluded_spec,wnba,espn_team,,unsupported,no payoff parser / spec: no payoff parser for suffix '3PTCONTEST',,,,
KXTATUMRETURN,Basketball,Pro Basketball (M),game_winner,no_test_contracts,k_kxtatumreturn,kalshi_only,game_winner,supported,frozen elo model,exact,,,candle rule
KXBILGAME,Basketball,Ballislife,game_winner,no_test_contracts,k_kxbilgame,kalshi_only,game_winner,supported,frozen elo model,exact,,,candle rule
KXSPBGAME,Basketball,Venezuela Superliga,game_winner,kalshi_settlement_only_evaluated,k_kxspbgame,kalshi_only,game_winner,supported,frozen elo model,exact,unavailable: training support below threshold,unavailable: matched training support below threshold,candle rule
KXNBAALLSTAR,Basketball,,game_winner,no_test_contracts,k_kxnbaallstar,kalshi_only,game_winner,supported,frozen elo model,exact,,,candle rule
KXBBSERIEBGAME,Basketball,Italy Serie B,game_winner,kalshi_settlement_only_evaluated,k_kxbbseriebgame,kalshi_only,game_winner,supported,frozen elo model,exact,unavailable: training support below threshold,unavailable: matched training support below threshold,candle rule
KXTBTGAME,Basketball,TBT Hoops,game_winner,kalshi_settlement_only_evaluated,k_kxtbtgame,kalshi_only,game_winner,supported,frozen elo model,exact,unavailable: training support below threshold,unavailable: matched training support below threshold,candle rule
KXSOWBBALLGAME,Basketball,Olympic Qualifiers (W),game_winner,kalshi_settlement_only_evaluated,k_kxsowbballgame,kalshi_only,game_winner,supported,frozen elo model,exact,unavailable: training support below threshold,unavailable: matched training support below threshold,candle rule
KXUNRIVALEDGAME,Basketball,Unrivaled,game_winner,kalshi_settlement_only_evaluated,k_kxunrivaledgame,kalshi_only,game_winner,supported,frozen elo model,exact,unavailable: training support below threshold,unavailable: matched training support below threshold,candle rule
KXLPBGAME,Basketball,Portugal LPB,game_winner,kalshi_settlement_only_evaluated,k_kxlpbgame,kalshi_only,game_winner,supported,frozen elo model,exact,unavailable: training support below threshold,unavailable: matched training support below threshold,candle rule
KXKORISLIIGAGAME,Basketball,Finland Korisliiga,game_winner,kalshi_settlement_only_evaluated,k_kxkorisliigagame,kalshi_only,game_winner,supported,frozen elo model,exact,unavailable: training support below threshold,unavailable: matched training support below threshold,candle rule
KXBBINTLGAME,Basketball,International Friendlies,game_winner,kalshi_settlement_only_evaluated,k_kxbbintlgame,kalshi_only,game_winner,supported,frozen elo model,exact,unavailable: training support below threshold,unavailable: matched training support below threshold,candle rule
KXJUDGEMENTDAYGAME,Basketball,Ballislife x OTD | Judgement Day,game_winner,no_test_contracts,k_kxjudgementdaygame,kalshi_only,game_winner,supported,frozen elo model,exact,,,candle rule
KXCZENBLGAME,Basketball,Czech NBL,game_winner,kalshi_settlement_only_evaluated,k_kxczenblgame,kalshi_only,game_winner,supported,frozen elo model,exact,unavailable: training support below threshold,unavailable: matched training support below threshold,candle rule
KXLKLGAME,Basketball,Lithuania LKL,game_winner,kalshi_settlement_only_evaluated,k_kxlklgame,kalshi_only,game_winner,supported,frozen elo model,exact,unavailable: training support below threshold,unavailable: matched training support below threshold,candle rule
KXBALGAME,Basketball,Basketball Africa League,game_winner,kalshi_settlement_only_evaluated,k_kxbalgame,kalshi_only,game_winner,supported,frozen elo model,exact,unavailable: training support below threshold,unavailable: matched training support below threshold,candle rule
KXCEBLGAME,Basketball,Canada CEBL,game_winner,kalshi_settlement_only_evaluated,k_kxceblgame,kalshi_only,game_winner,supported,frozen elo model,exact,unavailable: training support below threshold,unavailable: matched training support below threshold,candle rule
KXSKLGAME,Basketball,Slovenia 1. SKL,game_winner,kalshi_settlement_only_evaluated,k_kxsklgame,kalshi_only,game_winner,supported,frozen elo model,exact,unavailable: training support below threshold,unavailable: matched training support below threshold,candle rule
KXBIG3GAME,Basketball,BIG3,game_winner,kalshi_settlement_only_evaluated,k_kxbig3game,kalshi_only,game_winner,supported,frozen elo model,exact,unavailable: training support below threshold,unavailable: matched training support below threshold,candle rule
KXLNBELITE2GAME,Basketball,LNB Elite 2,game_winner,kalshi_settlement_only_evaluated,k_kxlnbelite2game,kalshi_only,game_winner,supported,frozen elo model,exact,unavailable: training support below threshold,unavailable: matched training support below threshold,candle rule
KXWNBASSTARS,Basketball,Pro Basketball (W),game_winner,excluded_spec,wnba,espn_team,,unsupported,no payoff parser / spec: no payoff parser for suffix 'SSTARS',,,,
KXAUTBSLGAME,Basketball,Austria BSL,game_winner,kalshi_settlement_only_evaluated,k_kxautbslgame,kalshi_only,game_winner,supported,frozen elo model,exact,unavailable: training support below threshold,unavailable: matched training support below threshold,candle rule
KXBILBASKETBALL,Basketball,Ball is Life,game_winner,no_test_contracts,k_kxbilbasketball,kalshi_only,game_winner,supported,frozen elo model,exact,,,candle rule
KXDBBGAME,Basketball,DBB Basketball Supercup,game_winner,kalshi_settlement_only_evaluated,k_kxdbbgame,kalshi_only,game_winner,supported,frozen elo model,exact,unavailable: training support below threshold,unavailable: matched training support below threshold,candle rule
KXSBLGAME,Basketball,Slovakia SBL,game_winner,kalshi_settlement_only_evaluated,k_kxsblgame,kalshi_only,game_winner,supported,frozen elo model,exact,unavailable: training support below threshold,unavailable: matched training support below threshold,candle rule
KXPHKLGAME,Basketball,Croatia Premijer Liga,game_winner,kalshi_settlement_only_evaluated,k_kxphklgame,kalshi_only,game_winner,supported,frozen elo model,exact,unavailable: training support below threshold,unavailable: matched training support below threshold,candle rule
KXLBPGAME,Basketball,LBP Colombia,game_winner,kalshi_settlement_only_evaluated,k_kxlbpgame,kalshi_only,game_winner,supported,frozen elo model,exact,unavailable: training support below threshold,unavailable: matched training support below threshold,candle rule
KXSESBLGAME,Basketball,Swedish Basketball League,game_winner,kalshi_settlement_only_evaluated,k_kxsesblgame,kalshi_only,game_winner,supported,frozen elo model,exact,unavailable: training support below threshold,unavailable: matched training support below threshold,candle rule
KXBBSERIEA2GAME,Basketball,Italy Serie A2,game_winner,kalshi_settlement_only_evaluated,k_kxbbseriea2game,kalshi_only,game_winner,supported,frozen elo model,exact,unavailable: training support below threshold,unavailable: matched training support below threshold,candle rule
KXBDSFTCHALLENGE,Basketball,Bob Does Sports,game_winner,no_test_contracts,k_kxbdsftchallenge,kalshi_only,game_winner,supported,frozen elo model,exact,,,candle rule
KXSLBGAME,Basketball,England Super League,game_winner,kalshi_settlement_only_evaluated,k_kxslbgame,kalshi_only,game_winner,supported,frozen elo model,exact,unavailable: training support below threshold,unavailable: matched training support below threshold,candle rule
KXOTDBASKETBALL,Basketball,Off The Dribble,game_winner,no_test_contracts,k_kxotdbasketball,kalshi_only,game_winner,supported,frozen elo model,exact,,,candle rule
KXTNCBASKETBALL,Basketball,The Next Chapter (TNC x FST),game_winner,no_test_contracts,k_kxtncbasketball,kalshi_only,game_winner,supported,frozen elo model,exact,,,candle rule
KXBBWSERIEAGAME,Basketball,,game_winner,not_attempted_supported_sport,,,,unattempted,no traded markets,,,,
KXBIHD1GAME,Basketball,,game_winner,not_attempted_supported_sport,,,,unattempted,no traded markets,,,,
KXBNXTDGAME,Basketball,,game_winner,not_attempted_supported_sport,,,,unattempted,no traded markets,,,,
KXBNXTGAME,Basketball,,game_winner,not_attempted_supported_sport,,,,unattempted,no traded markets,,,,
KXDBBFGAME,Basketball,,game_winner,not_attempted_supported_sport,,,,unattempted,no traded markets,,,,
KXDBBSUPERGAME,Basketball,,game_winner,not_attempted_supported_sport,,,,unattempted,no traded markets,,,,
KXEUROBASKETGAME,Basketball,,game_winner,not_attempted_supported_sport,,,,unattempted,no traded markets,,,,
KXFBUGAME,Basketball,,game_winner,not_attempted_supported_sport,,,,unattempted,no traded markets,,,,
KXIBPLGAME,Basketball,,game_winner,not_attempted_supported_sport,,,,unattempted,no traded markets,,,,
KXKLSGAME,Basketball,,game_winner,not_attempted_supported_sport,,,,unattempted,no traded markets,,,,
KXKMLGAME,Basketball,,game_winner,not_attempted_supported_sport,,,,unattempted,no traded markets,,,,
KXLBLGAME,Basketball,,game_winner,not_attempted_supported_sport,,,,unattempted,no traded markets,,,,
KXNBIGAME,Basketball,,game_winner,not_attempted_supported_sport,,,,unattempted,no traded markets,,,,
KXNCAABGAME,Basketball,,game_winner,not_attempted_supported_sport,,,,unattempted,no traded markets,,,,
KXNCAAMBD3GAME,Basketball,College Basketball (M),game_winner,excluded_spec,ncaamb,espn_team,,unsupported,no payoff parser / spec: no payoff parser for suffix 'D3GAME',,,,
KXPLEAGUEGAME,Basketball,,game_winner,not_attempted_supported_sport,,,,unattempted,no traded markets,,,,
KXSOBBALLGAME,Basketball,,game_winner,not_attempted_supported_sport,,,,unattempted,no traded markets,,,,
KXWCBAGAME,Basketball,,game_winner,not_attempted_supported_sport,,,,unattempted,no traded markets,,,,
KXWDBBLGAME,Basketball,,game_winner,not_attempted_supported_sport,,,,unattempted,no traded markets,,,,
KXWEUROBASKETGAME,Basketball,,game_winner,not_attempted_supported_sport,,,,unattempted,no traded markets,,,,
KXWEUROLEAGUEGAME,Basketball,,game_winner,not_attempted_supported_sport,,,,unattempted,no traded markets,,,,
KXWIBPLGAME,Basketball,,game_winner,not_attempted_supported_sport,,,,unattempted,no traded markets,,,,
KXWKBLGAME,Basketball,,game_winner,not_attempted_supported_sport,,,,unattempted,no traded markets,,,,
KXWNBLGAME,Basketball,,game_winner,not_attempted_supported_sport,,,,unattempted,no traded markets,,,,
KXWSBLGAME,Basketball,,game_winner,not_attempted_supported_sport,,,,unattempted,no traded markets,,,,
KXWSESBLGAME,Basketball,,game_winner,not_attempted_supported_sport,,,,unattempted,no traded markets,,,,
KXNBAPTSLEADER,Basketball,Pro Basketball (M),league_leaders,not_attempted_supported_sport,,,,unattempted,league leaders: one outcome per stat-season,,,,
KXLEADERNBA3PT,Basketball,Pro Basketball (M),league_leaders,not_attempted_supported_sport,,,,unattempted,league leaders: one outcome per stat-season,,,,
KXLEADERNBASTL,Basketball,Pro Basketball (M),league_leaders,not_attempted_supported_sport,,,,unattempted,league leaders: one outcome per stat-season,,,,
KXLEADERNBAREB,Basketball,Pro Basketball (M),league_leaders,not_attempted_supported_sport,,,,unattempted,league leaders: one outcome per stat-season,,,,
KXLEADERNBAAST,Basketball,Pro Basketball (M),league_leaders,not_attempted_supported_sport,,,,unattempted,league leaders: one outcome per stat-season,,,,
KXLEADERNBABLK,Basketball,Pro Basketball (M),league_leaders,not_attempted_supported_sport,,,,unattempted,league leaders: one outcome per stat-season,,,,
KXLEADERNBAPTS,Basketball,Pro Basketball (M),league_leaders,not_attempted_supported_sport,,,,unattempted,league leaders: one outcome per stat-season,,,,
KXWNBAGAMESPLAYED,Basketball,Pro Basketball (W),league_leaders,not_attempted_supported_sport,,,,unattempted,league leaders: one outcome per stat-season,,,,
KXLEADERWNBAAST,Basketball,Pro Basketball (W),league_leaders,not_attempted_supported_sport,,,,unattempted,league leaders: one outcome per stat-season,,,,
KXLEADERWNBAREB,Basketball,Pro Basketball (W),league_leaders,not_attempted_supported_sport,,,,unattempted,league leaders: one outcome per stat-season,,,,
KXWNBADUNK,Basketball,Pro Basketball (W),league_leaders,not_attempted_supported_sport,,,,unattempted,league leaders: one outcome per stat-season,,,,
KXLEADERWNBAPTS,Basketball,Pro Basketball (W),league_leaders,not_attempted_supported_sport,,,,unattempted,league leaders: one outcome per stat-season,,,,
KXWNBA40PTS,Basketball,Pro Basketball (W),league_leaders,not_attempted_supported_sport,,,,unattempted,league leaders: one outcome per stat-season,,,,
KXNBAGAMESPECIALS,Basketball,Pro Basketball (M),league_leaders,not_attempted_supported_sport,,,,unattempted,league leaders: one outcome per stat-season,,,,
KXWNBAPTSRECORD,Basketball,Pro Basketball (W),league_leaders,not_attempted_supported_sport,,,,unattempted,league leaders: one outcome per stat-season,,,,
KXNBAGAMEHIGHSCORE,Basketball,Pro Basketball (M),league_leaders,not_attempted_supported_sport,,,,unattempted,league leaders: one outcome per stat-season,,,,
KXNBAPLAYERSPECIALS,Basketball,,league_leaders,not_attempted_supported_sport,,,,unattempted,league leaders: one outcome per stat-season,,,,
KXNBASTATAVG,Basketball,Pro Basketball (M),league_leaders,not_attempted_supported_sport,,,,unattempted,league leaders: one outcome per stat-season,,,,
KXQUADRUPLEDOUBLE,Basketball,Pro Basketball (M),other_novelty,not_attempted_supported_sport,,,,unattempted,out of scope (novelty),,,,
KXMANTISFREETHROWS,Basketball,,other_novelty,not_attempted_supported_sport,,,,unattempted,out of scope (novelty),,,,
KXBDS3PT,Basketball,Bob Does Sports,other_novelty,not_attempted_supported_sport,,,,unattempted,out of scope (novelty),,,,
KXSTEPHDEAL,Basketball,Pro Basketball (M),other_novelty,not_attempted_supported_sport,,,,unattempted,out of scope (novelty),,,,
KXKNUEPPEL3PTREC,Basketball,Pro Basketball (M),other_novelty,not_attempted_supported_sport,,,,unattempted,out of scope (novelty),,,,
KXNBAFINALSVIEWERGAME7,Basketball,,other_novelty,not_attempted_supported_sport,,,,unattempted,out of scope (novelty),,,,
KXWNBANEXTCOMMISH,Basketball,Pro Basketball (W),other_novelty,not_attempted_supported_sport,,,,unattempted,out of scope (novelty),,,,
KXWNBA7FIGS,Basketball,,other_novelty,not_attempted_supported_sport,,,,unattempted,out of scope (novelty),,,,
KXSPORTSIGNAHOR,Basketball,Pro Basketball (M),other_novelty,not_attempted_supported_sport,,,,unattempted,out of scope (novelty),,,,
KXWNBALAWSUIT,Basketball,Pro Basketball (W),other_novelty,not_attempted_supported_sport,,,,unattempted,out of scope (novelty),,,,
KXNBANEXTGOVERNOR,Basketball,Pro Basketball (M),other_novelty,not_attempted_supported_sport,,,,unattempted,out of scope (novelty),,,,
KXNBAPLAYERDEAL,Basketball,Pro Basketball (M),other_novelty,not_attempted_supported_sport,,,,unattempted,out of scope (novelty),,,,
KXJCOLECBA,Basketball,Chinese Basketball Association,other_novelty,not_attempted_supported_sport,,,,unattempted,out of scope (novelty),,,,
KXNBAFINALSVIEWER,Basketball,,other_novelty,not_attempted_supported_sport,,,,unattempted,out of scope (novelty),,,,
KXNBARULE,Basketball,Pro Basketball (M),other_novelty,not_attempted_supported_sport,,,,unattempted,out of scope (novelty),,,,
KXCHRISTMASHORNETS,Basketball,,other_novelty,not_attempted_supported_sport,,,,unattempted,out of scope (novelty),,,,
KXNBALASVEGAS,Basketball,,other_novelty,not_attempted_supported_sport,,,,unattempted,out of scope (novelty),,,,
KXNBATEAMSALE,Basketball,Pro Basketball (M),other_novelty,not_attempted_supported_sport,,,,unattempted,out of scope (novelty),,,,
KXNEXTTEAMNBA,Basketball,Pro Basketball (M),personnel_ops,not_attempted_supported_sport,,,,unattempted,out of scope (non-sporting outcome),,,,
KXNEXTTEAMGIANNIS,Basketball,Pro Basketball (M),personnel_ops,not_attempted_supported_sport,,,,unattempted,out of scope (non-sporting outcome),,,,
KXNCAAMBNEXTCOACH,Basketball,College Basketball (M),personnel_ops,not_attempted_supported_sport,,,,unattempted,out of scope (non-sporting outcome),,,,
KXNBATEAMANNOUNCE,Basketball,Pro Basketball (M),personnel_ops,not_attempted_supported_sport,,,,unattempted,out of scope (non-sporting outcome),,,,
KXLBJRETIRE,Basketball,Pro Basketball (M),personnel_ops,not_attempted_supported_sport,,,,unattempted,out of scope (non-sporting outcome),,,,
KXNBATRADE,Basketball,Pro Basketball (M),personnel_ops,not_attempted_supported_sport,,,,unattempted,out of scope (non-sporting outcome),,,,
KXNEXTNBACOACH,Basketball,Pro Basketball (M),personnel_ops,not_attempted_supported_sport,,,,unattempted,out of scope (non-sporting outcome),,,,
KXWNBADELAY,Basketball,Pro Basketball (W),personnel_ops,not_attempted_supported_sport,,,,unattempted,out of scope (non-sporting outcome),,,,
KXNBANEXTTEAMOUTLET,Basketball,Pro Basketball (M),personnel_ops,not_attempted_supported_sport,,,,unattempted,out of scope (non-sporting outcome),,,,
KXNBANEXTTEAM,Basketball,Pro Basketball (M),personnel_ops,not_attempted_supported_sport,,,,unattempted,out of scope (non-sporting outcome),,,,
KXNBANEXTTEAMCONF,Basketball,Pro Basketball (M),personnel_ops,not_attempted_supported_sport,,,,unattempted,out of scope (non-sporting outcome),,,,
KXNBANEXTCONTRACT,Basketball,Pro Basketball (M),personnel_ops,not_attempted_supported_sport,,,,unattempted,out of scope (non-sporting outcome),,,,
KXWNBANEXTTEAM,Basketball,Pro Basketball (W),personnel_ops,not_attempted_supported_sport,,,,unattempted,out of scope (non-sporting outcome),,,,
KXTRADEOFFNBA,Basketball,Pro Basketball (M),personnel_ops,not_attempted_supported_sport,,,,unattempted,out of scope (non-sporting outcome),,,,
KXPLAYTOGETHERJBJT,Basketball,Pro Basketball (M),personnel_ops,not_attempted_supported_sport,,,,unattempted,out of scope (non-sporting outcome),,,,
KXNBAPICKTRADE,Basketball,Pro Basketball Draft,personnel_ops,not_attempted_supported_sport,,,,unattempted,out of scope (non-sporting outcome),,,,
KXCOACHOUTNBA,Basketball,,personnel_ops,not_attempted_supported_sport,,,,unattempted,out of scope (non-sporting outcome),,,,
KXCOACHOUTNBADATE,Basketball,Pro Basketball (M),personnel_ops,not_attempted_supported_sport,,,,unattempted,out of scope (non-sporting outcome),,,,
KXNEXTTEAMLEBRON,Basketball,Pro Basketball (M),personnel_ops,not_attempted_supported_sport,,,,unattempted,out of scope (non-sporting outcome),,,,
KXNYKCOACH,Basketball,,personnel_ops,not_attempted_supported_sport,,,,unattempted,out of scope (non-sporting outcome),,,,
KXNBAFIRSTOPPONENT,Basketball,Pro Basketball (M),personnel_ops,not_attempted_supported_sport,,,,unattempted,out of scope (non-sporting outcome),,,,
KXNEXTTEAMWESTBROOK,Basketball,,personnel_ops,not_attempted_supported_sport,,,,unattempted,out of scope (non-sporting outcome),,,,
KXNBARETIRE,Basketball,Pro Basketball (M),personnel_ops,not_attempted_supported_sport,,,,unattempted,out of scope (non-sporting outcome),,,,
KXNBASEATTLE,Basketball,Pro Basketball (M),personnel_ops,not_attempted_supported_sport,,,,unattempted,out of scope (non-sporting outcome),,,,
KXCITYNBAEXPAND,Basketball,Pro Basketball (M),personnel_ops,not_attempted_supported_sport,,,,unattempted,out of scope (non-sporting outcome),,,,
KXNBACOMPETE,Basketball,Pro Basketball (M),personnel_ops,not_attempted_supported_sport,,,,unattempted,out of scope (non-sporting outcome),,,,
KXNBAXMASOPPONENT,Basketball,Pro Basketball (M),personnel_ops,not_attempted_supported_sport,,,,unattempted,out of scope (non-sporting outcome),,,,
KXWNBARAISE,Basketball,Pro Basketball (W),personnel_ops,not_attempted_supported_sport,,,,unattempted,out of scope (non-sporting outcome),,,,
KXNEXTCOACHOUTNBA,Basketball,,personnel_ops,not_attempted_supported_sport,,,,unattempted,out of scope (non-sporting outcome),,,,
KXNBATEAM,Basketball,Pro Basketball (M),personnel_ops,not_attempted_supported_sport,,,,unattempted,out of scope (non-sporting outcome),,,,
KXWNBACOMPETE,Basketball,Pro Basketball (W),personnel_ops,not_attempted_supported_sport,,,,unattempted,out of scope (non-sporting outcome),,,,
KXNBAWHATTEND,Basketball,Pro Basketball (M),personnel_ops,not_attempted_supported_sport,,,,unattempted,out of scope (non-sporting outcome),,,,
KXSONICS,Basketball,Pro Basketball (M),personnel_ops,not_attempted_supported_sport,,,,unattempted,out of scope (non-sporting outcome),,,,
KXNBAFRANCHISECOST,Basketball,Pro Basketball (M),personnel_ops,not_attempted_supported_sport,,,,unattempted,out of scope (non-sporting outcome),,,,
KXSPORTSOWNERLBJ,Basketball,,personnel_ops,not_attempted_supported_sport,,,,unattempted,out of scope (non-sporting outcome),,,,
KXNBARELOCATION,Basketball,Pro Basketball (M),personnel_ops,not_attempted_supported_sport,,,,unattempted,out of scope (non-sporting outcome),,,,
KXSPORTSIGNLBJ,Basketball,,personnel_ops,not_attempted_supported_sport,,,,unattempted,out of scope (non-sporting outcome),,,,
KXNBAFRANCHISEOWNER,Basketball,Pro Basketball (M),personnel_ops,not_attempted_supported_sport,,,,unattempted,out of scope (non-sporting outcome),,,,
KXWNBAPORTNOY,Basketball,,personnel_ops,not_attempted_supported_sport,,,,unattempted,out of scope (non-sporting outcome),,,,
KXNBACITYEXPAND,Basketball,Pro Basketball (M),personnel_ops,not_attempted_supported_sport,,,,unattempted,out of scope (non-sporting outcome),,,,
KXNBASTAKESALE,Basketball,Pro Basketball (M),personnel_ops,not_attempted_supported_sport,,,,unattempted,out of scope (non-sporting outcome),,,,
KXNBASTADIUM,Basketball,Pro Basketball (M),personnel_ops,not_attempted_supported_sport,,,,unattempted,out of scope (non-sporting outcome),,,,
KXNBAJOINCONF,Basketball,Pro Basketball (M),personnel_ops,not_attempted_supported_sport,,,,unattempted,out of scope (non-sporting outcome),,,,
KXLEBRONPLAY,Basketball,,personnel_ops,not_attempted_supported_sport,,,,unattempted,out of scope (non-sporting outcome),,,,
KXNBACOACHOUT,Basketball,,personnel_ops,not_attempted_supported_sport,,,,unattempted,out of scope (non-sporting outcome),,,,
KXNBADRAFTTRADE,Basketball,,personnel_ops,not_attempted_supported_sport,,,,unattempted,out of scope (non-sporting outcome),,,,
KXNBAEXTENSION,Basketball,,personnel_ops,not_attempted_supported_sport,,,,unattempted,out of scope (non-sporting outcome),,,,
KXNBAPARTNERSHIP,Basketball,,personnel_ops,not_attempted_supported_sport,,,,unattempted,out of scope (non-sporting outcome),,,,
KXNBAPLAYTOGETHER,Basketball,,personnel_ops,not_attempted_supported_sport,,,,unattempted,out of scope (non-sporting outcome),,,,
KXNBATOJOINCBA,Basketball,Pro Basketball (M),personnel_ops,not_attempted_supported_sport,,,,unattempted,out of scope (non-sporting outcome),,,,
KXNEWCOACHLAL,Basketball,,personnel_ops,not_attempted_supported_sport,,,,unattempted,out of scope (non-sporting outcome),,,,
KXNEXTTEAMCHRISPAUL,Basketball,,personnel_ops,not_attempted_supported_sport,,,,unattempted,out of scope (non-sporting outcome),,,,
KXPLAYEROPTIONNBA,Basketball,,personnel_ops,not_attempted_supported_sport,,,,unattempted,out of scope (non-sporting outcome),,,,
KXSTEPHPARTERNSHIP,Basketball,,personnel_ops,not_attempted_supported_sport,,,,unattempted,out of scope (non-sporting outcome),,,,
KXSTEPHSHOEDEAL,Basketball,,personnel_ops,not_attempted_supported_sport,,,,unattempted,out of scope (non-sporting outcome),,,,
KXNBAPTS,Basketball,Pro Basketball (M),player_prop,excluded_spec,nba,espn_team,,unsupported,no payoff parser / spec: no payoff parser for suffix 'PTS',,,,
KXNBA3PT,Basketball,Pro Basketball (M),player_prop,excluded_spec,nba,espn_team,,unsupported,no payoff parser / spec: no payoff parser for suffix '3PT',,,,
KXNBAREB,Basketball,Pro Basketball (M),player_prop,excluded_spec,nba,espn_team,,unsupported,no payoff parser / spec: no payoff parser for suffix 'REB',,,,
KXWNBAPTS,Basketball,Pro Basketball (W),player_prop,excluded_spec,wnba,espn_team,,unsupported,no payoff parser / spec: no payoff parser for suffix 'PTS',,,,
KXNBAAST,Basketball,Pro Basketball (M),player_prop,excluded_spec,nba,espn_team,,unsupported,no payoff parser / spec: no payoff parser for suffix 'AST',,,,
KXNBA2D,Basketball,Pro Basketball (M),player_prop,excluded_spec,nba,espn_team,,unsupported,no payoff parser / spec: no payoff parser for suffix '2D',,,,
KXNBA3D,Basketball,Pro Basketball (M),player_prop,excluded_spec,nba,espn_team,,unsupported,no payoff parser / spec: no payoff parser for suffix '3D',,,,
KXWNBAREB,Basketball,Pro Basketball (W),player_prop,excluded_spec,wnba,espn_team,,unsupported,no payoff parser / spec: no payoff parser for suffix 'REB',,,,
KXWNBA3PT,Basketball,Pro Basketball (W),player_prop,excluded_spec,wnba,espn_team,,unsupported,no payoff parser / spec: no payoff parser for suffix '3PT',,,,
KXWNBAAST,Basketball,Pro Basketball (W),player_prop,excluded_spec,wnba,espn_team,,unsupported,no payoff parser / spec: no payoff parser for suffix 'AST',,,,
KXNBASTL,Basketball,Pro Basketball (M),player_prop,excluded_spec,nba,espn_team,,unsupported,no payoff parser / spec: no payoff parser for suffix 'STL',,,,
KXNBABLK,Basketball,Pro Basketball (M),player_prop,excluded_spec,nba,espn_team,,unsupported,no payoff parser / spec: no payoff parser for suffix 'BLK',,,,
KXNBAPLAYOFFPTS,Basketball,Pro Basketball (M),player_prop,excluded_spec,nba,espn_team,,unsupported,no payoff parser / spec: no payoff parser for suffix 'PLAYOFFPTS',,,,
KXMARMAD3D,Basketball,CBB Tournament,player_prop,not_attempted_supported_sport,,,,unattempted,player/appearance-conditioned; pregame participation not reconstructable as-of (not modelled),,,,
KXBDS3PTOU,Basketball,Bob Does Sports,player_prop,not_attempted_supported_sport,,,,unattempted,player/appearance-conditioned; pregame participation not reconstructable as-of (not modelled),,,,
KXNBAFTM,Basketball,Pro Basketball (M),player_prop,excluded_spec,nba,espn_team,,unsupported,no payoff parser / spec: no payoff parser for suffix 'FTM',,,,
KXNBAPTSALLGAMES,Basketball,Pro Basketball (M),player_prop,excluded_spec,nba,espn_team,,unsupported,no payoff parser / spec: no payoff parser for suffix 'PTSALLGAMES',,,,
KXNBA3PTALLGAMES,Basketball,Pro Basketball (M),player_prop,excluded_spec,nba,espn_team,,unsupported,no payoff parser / spec: no payoff parser for suffix '3PTALLGAMES',,,,
KXNBAH2HBENCHPTS,Basketball,Pro Basketball (M),player_prop,excluded_spec,nba,espn_team,,unsupported,no payoff parser / spec: no payoff parser for suffix 'H2HBENCHPTS',,,,
KXNBASERIESASTLEADER,Basketball,Pro Basketball (M),player_prop,excluded_spec,nba,espn_team,,unsupported,no payoff parser / spec: no payoff parser for suffix 'SERIESASTLEADER',,,,
KXNBASERIESPTS,Basketball,Pro Basketball (M),player_prop,excluded_spec,nba,espn_team,,unsupported,no payoff parser / spec: no payoff parser for suffix 'SERIESPTS',,,,
KXNBAH2HPRA,Basketball,Pro Basketball (M),player_prop,excluded_spec,nba,espn_team,,unsupported,no payoff parser / spec: no payoff parser for suffix 'H2HPRA',,,,
KXNBASUMMERPTS,Basketball,Pro Basketball Summer League,player_prop,not_attempted_supported_sport,,,,unattempted,player/appearance-conditioned; pregame participation not reconstructable as-of (not modelled),,,,
KXNBAH2HPTS,Basketball,Pro Basketball (M),player_prop,excluded_spec,nba,espn_team,,unsupported,no payoff parser / spec: no payoff parser for suffix 'H2HPTS',,,,
KXWNBAH2HPRA,Basketball,Pro Basketball (W),player_prop,excluded_spec,wnba,espn_team,,unsupported,no payoff parser / spec: no payoff parser for suffix 'H2HPRA',,,,
KXNBAH2H3PT,Basketball,Pro Basketball (M),player_prop,excluded_spec,nba,espn_team,,unsupported,no payoff parser / spec: no payoff parser for suffix 'H2H3PT',,,,
KXNBAH2HTEAM3PT,Basketball,Pro Basketball (M),player_prop,excluded_spec,nba,espn_team,,unsupported,no payoff parser / spec: no payoff parser for suffix 'H2HTEAM3PT',,,,
KXNBABENCHPTS,Basketball,,player_prop,not_attempted_supported_sport,,,,unattempted,player/appearance-conditioned; pregame participation not reconstructable as-of (not modelled),,,,
KXNBAPA,Basketball,,player_prop,not_attempted_supported_sport,,,,unattempted,player/appearance-conditioned; pregame participation not reconstructable as-of (not modelled),,,,
KXNBAPR,Basketball,,player_prop,not_attempted_supported_sport,,,,unattempted,player/appearance-conditioned; pregame participation not reconstructable as-of (not modelled),,,,
KXNBAPRA,Basketball,,player_prop,not_attempted_supported_sport,,,,unattempted,player/appearance-conditioned; pregame participation not reconstructable as-of (not modelled),,,,
KXNBARA,Basketball,,player_prop,not_attempted_supported_sport,,,,unattempted,player/appearance-conditioned; pregame participation not reconstructable as-of (not modelled),,,,
KXNBASTOCK,Basketball,,player_prop,not_attempted_supported_sport,,,,unattempted,player/appearance-conditioned; pregame participation not reconstructable as-of (not modelled),,,,
KXNBASTOCKS,Basketball,,player_prop,not_attempted_supported_sport,,,,unattempted,player/appearance-conditioned; pregame participation not reconstructable as-of (not modelled),,,,
KXNCAAMBAPRANK,Basketball,College Basketball (M),rankings_polls,not_attempted_supported_sport,,,,unattempted,rankings/polls: poll processes (KenPom paid),,,,
KXNCAAMBTOPAPRANK,Basketball,College Basketball (M),rankings_polls,not_attempted_supported_sport,,,,unattempted,rankings/polls: poll processes (KenPom paid),,,,
KXNCAAWBAPRANK,Basketball,College Basketball (W),rankings_polls,not_attempted_supported_sport,,,,unattempted,rankings/polls: poll processes (KenPom paid),,,,
KXNCAAMBAPANY,Basketball,,rankings_polls,not_attempted_supported_sport,,,,unattempted,rankings/polls: poll processes (KenPom paid),,,,
KXNCAAMBKENPOMRANK,Basketball,,rankings_polls,not_attempted_supported_sport,,,,unattempted,rankings/polls: poll processes (KenPom paid),,,,
KXNCAAMBKENPOMTOP,Basketball,College Basketball (M),rankings_polls,not_attempted_supported_sport,,,,unattempted,rankings/polls: poll processes (KenPom paid),,,,
KXNCAAMBFIRST10,Basketball,CBB Tournament,score_props,not_attempted_supported_sport,,,,unattempted,no independent results adapter for this competition in Phase 1 (game_winner only via Kalshi-only path),,,,
KXNBAOVERTIME,Basketball,Pro Basketball (M),score_props,excluded_spec,nba,espn_team,,unsupported,no payoff parser / spec: no payoff parser for suffix 'OVERTIME',,,,
KXWNBAOT,Basketball,Pro Basketball (W),score_props,excluded_spec,wnba,espn_team,,unsupported,no payoff parser / spec: no payoff parser for suffix 'OT',,,,
KXNCAAMBFIRST25,Basketball,CBB Tournament,score_props,not_attempted_supported_sport,,,,unattempted,no independent results adapter for this competition in Phase 1 (game_winner only via Kalshi-only path),,,,
KXNBASERIESOT,Basketball,Pro Basketball (M),score_props,excluded_spec,nba,espn_team,,unsupported,no payoff parser / spec: no payoff parser for suffix 'SERIESOT',,,,
KXNCAAMBFIRST50,Basketball,CBB Tournament,score_props,not_attempted_supported_sport,,,,unattempted,no independent results adapter for this competition in Phase 1 (game_winner only via Kalshi-only path),,,,
KXNBAFIRSTBASKET,Basketball,,score_props,not_attempted_supported_sport,,,,unattempted,no traded markets,,,,
KXNBAOT,Basketball,,score_props,not_attempted_supported_sport,,,,unattempted,no traded markets,,,,
KXNBARACE,Basketball,,score_props,not_attempted_supported_sport,,,,unattempted,no traded markets,,,,
KXNBAWINMARGIN,Basketball,,score_props,not_attempted_supported_sport,,,,unattempted,no traded markets,,,,
KXMARMADSEED,Basketball,CBB Tournament,season_wins,not_attempted_supported_sport,,,,unattempted,season totals: one outcome per team-season; prospective capture required,,,,
KXNBAPLAYOFFWINS,Basketball,Pro Basketball (M),season_wins,not_attempted_supported_sport,,,,unattempted,season totals: one outcome per team-season; prospective capture required,,,,
KXBIG10REG,Basketball,College Basketball (M),season_wins,not_attempted_supported_sport,,,,unattempted,season totals: one outcome per team-season; prospective capture required,,,,
KXBIG12REG,Basketball,College Basketball (M),season_wins,not_attempted_supported_sport,,,,unattempted,season totals: one outcome per team-season; prospective capture required,,,,
KXSECREG,Basketball,College Basketball (M),season_wins,not_attempted_supported_sport,,,,unattempted,season totals: one outcome per team-season; prospective capture required,,,,
KXNBAEAST1SEED,Basketball,Pro Basketball (M),season_wins,not_attempted_supported_sport,,,,unattempted,season totals: one outcome per team-season; prospective capture required,,,,
KXMARMAD1SEED,Basketball,College Basketball (M),season_wins,not_attempted_supported_sport,,,,unattempted,season totals: one outcome per team-season; prospective capture required,,,,
KXACCREG,Basketball,College Basketball (M),season_wins,not_attempted_supported_sport,,,,unattempted,season totals: one outcome per team-season; prospective capture required,,,,
KXBIGEASTREG,Basketball,College Basketball (M),season_wins,not_attempted_supported_sport,,,,unattempted,season totals: one outcome per team-season; prospective capture required,,,,
KXSHAI20PTREC,Basketball,Pro Basketball (M),season_wins,not_attempted_supported_sport,,,,unattempted,season totals: one outcome per team-season; prospective capture required,,,,
KXNBAWEST1SEED,Basketball,Pro Basketball (M),season_wins,not_attempted_supported_sport,,,,unattempted,season totals: one outcome per team-season; prospective capture required,,,,
KXWCCREG,Basketball,College Basketball (M),season_wins,not_attempted_supported_sport,,,,unattempted,season totals: one outcome per team-season; prospective capture required,,,,
KXA10REG,Basketball,College Basketball (M),season_wins,not_attempted_supported_sport,,,,unattempted,season totals: one outcome per team-season; prospective capture required,,,,
KXMWREG,Basketball,College Basketball (M),season_wins,not_attempted_supported_sport,,,,unattempted,season totals: one outcome per team-season; prospective capture required,,,,
KXWINSTREAKOKC,Basketball,Pro Basketball (M),season_wins,not_attempted_supported_sport,,,,unattempted,season totals: one outcome per team-season; prospective capture required,,,,
KXAACREG,Basketball,College Basketball (M),season_wins,not_attempted_supported_sport,,,,unattempted,season totals: one outcome per team-season; prospective capture required,,,,
KXNBASTATLEADER,Basketball,Pro Basketball (M),season_wins,not_attempted_supported_sport,,,,unattempted,season totals: one outcome per team-season; prospective capture required,,,,
KXNBASEED,Basketball,Pro Basketball (M),season_wins,not_attempted_supported_sport,,,,unattempted,season totals: one outcome per team-season; prospective capture required,,,,
KXNCAAMBBIG12REG,Basketball,College Basketball (M),season_wins,not_attempted_supported_sport,,,,unattempted,season totals: one outcome per team-season; prospective capture required,,,,
KXNCAAMBSECREG,Basketball,College Basketball (M),season_wins,not_attempted_supported_sport,,,,unattempted,season totals: one outcome per team-season; prospective capture required,,,,
KXNCAAMBACCREG,Basketball,College Basketball (M),season_wins,not_attempted_supported_sport,,,,unattempted,season totals: one outcome per team-season; prospective capture required,,,,
KXNCAAWBCONFSTREAK,Basketball,College Basketball (W),season_wins,not_attempted_supported_sport,,,,unattempted,season totals: one outcome per team-season; prospective capture required,,,,
KXNCAAMBBIGEASTREG,Basketball,College Basketball (M),season_wins,not_attempted_supported_sport,,,,unattempted,season totals: one outcome per team-season; prospective capture required,,,,
KXNBAPLAYERHIGHSCORE,Basketball,Pro Basketball (M),season_wins,not_attempted_supported_sport,,,,unattempted,season totals: one outcome per team-season; prospective capture required,,,,
KXNBATEAMWINSTREAK,Basketball,Pro Basketball (M),season_wins,not_attempted_supported_sport,,,,unattempted,season totals: one outcome per team-season; prospective capture required,,,,
KXNBAWINSTREAK,Basketball,Pro Basketball (M),season_wins,not_attempted_supported_sport,,,,unattempted,season totals: one outcome per team-season; prospective capture required,,,,
KXNCAAMBBIG10REG,Basketball,,season_wins,not_attempted_supported_sport,,,,unattempted,season totals: one outcome per team-season; prospective capture required,,,,
KXNCAAMBBIGTENREG,Basketball,College Basketball (M),season_wins,not_attempted_supported_sport,,,,unattempted,season totals: one outcome per team-season; prospective capture required,,,,
KXWMARMADSEED,Basketball,,season_wins,not_attempted_supported_sport,,,,unattempted,season totals: one outcome per team-season; prospective capture required,,,,
KXNBA1HSPREAD,Basketball,Pro Basketball (M),segment,exploratory_evaluated,nba,espn_team,segment,supported,frozen score model,exact,unavailable: training support below threshold,unavailable: segment markets (quarters/halves/innings): no new historical quotes by scope decision,out of market scope
KXNBA1HWINNER,Basketball,Pro Basketball (M),segment,exploratory_evaluated,nba,espn_team,segment,supported,frozen score model,exact,unavailable: training support below threshold,unavailable: segment markets (quarters/halves/innings): no new historical quotes by scope decision,out of market scope
KXNBA1HTOTAL,Basketball,Pro Basketball (M),segment,exploratory_evaluated,nba,espn_team,segment,supported,frozen score model,exact,unavailable: training support below threshold,unavailable: segment markets (quarters/halves/innings): no new historical quotes by scope decision,out of market scope
KXWNBA1HTOTAL,Basketball,Pro Basketball (W),segment,exploratory_evaluated,wnba,espn_team,segment,supported,frozen score model,exact,unavailable: training support below threshold,unavailable: segment markets (quarters/halves/innings): no new historical quotes by scope decision,out of market scope
KXWNBA1HSPREAD,Basketball,Pro Basketball (W),segment,exploratory_evaluated,wnba,espn_team,segment,supported,frozen score model,exact,unavailable: training support below threshold,unavailable: segment markets (quarters/halves/innings): no new historical quotes by scope decision,out of market scope
KXWNBA1HWINNER,Basketball,Pro Basketball (W),segment,exploratory_evaluated,wnba,espn_team,segment,supported,frozen score model,exact,unavailable: training support below threshold,unavailable: segment markets (quarters/halves/innings): no new historical quotes by scope decision,out of market scope
KXNCAAMB1HWINNER,Basketball,College Basketball (M),segment,exploratory_evaluated,ncaamb,espn_team,segment,supported,frozen score model,exact,unavailable: training support below threshold,unavailable: segment markets (quarters/halves/innings): no new historical quotes by scope decision,out of market scope
KXNCAAMB1HSPREAD,Basketball,College Basketball (M),segment,exploratory_evaluated,ncaamb,espn_team,segment,supported,frozen score model,exact,unavailable: training support below threshold,unavailable: segment markets (quarters/halves/innings): no new historical quotes by scope decision,out of market scope
KXNBA2HWINNER,Basketball,Pro Basketball (M),segment,exploratory_evaluated,nba,espn_team,segment,supported,frozen score model,exact,unavailable: training support below threshold,unavailable: segment markets (quarters/halves/innings): no new historical quotes by scope decision,out of market scope
KXWNBA1QTOTAL,Basketball,Pro Basketball (W),segment,exploratory_evaluated,wnba,espn_team,segment,supported,frozen score model,exact,unavailable: training support below threshold,unavailable: segment markets (quarters/halves/innings): no new historical quotes by scope decision,out of market scope
KXNCAAMB1HTOTAL,Basketball,College Basketball (M),segment,exploratory_evaluated,ncaamb,espn_team,segment,supported,frozen score model,exact,unavailable: training support below threshold,unavailable: segment markets (quarters/halves/innings): no new historical quotes by scope decision,out of market scope
KXWNBA3QTOTAL,Basketball,Pro Basketball (W),segment,exploratory_evaluated,wnba,espn_team,segment,supported,frozen score model,exact,unavailable: training support below threshold,unavailable: segment markets (quarters/halves/innings): no new historical quotes by scope decision,out of market scope
KXWNBA2QTOTAL,Basketball,Pro Basketball (W),segment,exploratory_evaluated,wnba,espn_team,segment,supported,frozen score model,exact,unavailable: training support below threshold,unavailable: segment markets (quarters/halves/innings): no new historical quotes by scope decision,out of market scope
KXNBA2HSPREAD,Basketball,Pro Basketball (M),segment,exploratory_evaluated,nba,espn_team,segment,supported,frozen score model,exact,unavailable: training support below threshold,unavailable: segment markets (quarters/halves/innings): no new historical quotes by scope decision,out of market scope
KXWNBA1QSPREAD,Basketball,Pro Basketball (W),segment,exploratory_evaluated,wnba,espn_team,segment,supported,frozen score model,exact,unavailable: training support below threshold,unavailable: segment markets (quarters/halves/innings): no new historical quotes by scope decision,out of market scope
KXWNBA1QWINNER,Basketball,Pro Basketball (W),segment,exploratory_evaluated,wnba,espn_team,segment,supported,frozen score model,exact,unavailable: training support below threshold,unavailable: segment markets (quarters/halves/innings): no new historical quotes by scope decision,out of market scope
KXWNBA4QTOTAL,Basketball,Pro Basketball (W),segment,exploratory_evaluated,wnba,espn_team,segment,supported,frozen score model,exact,unavailable: training support below threshold,unavailable: segment markets (quarters/halves/innings): no new historical quotes by scope decision,out of market scope
KXWNBA3QSPREAD,Basketball,Pro Basketball (W),segment,exploratory_evaluated,wnba,espn_team,segment,supported,frozen score model,exact,unavailable: training support below threshold,unavailable: segment markets (quarters/halves/innings): no new historical quotes by scope decision,out of market scope
KXWNBA3QWINNER,Basketball,Pro Basketball (W),segment,exploratory_evaluated,wnba,espn_team,segment,supported,frozen score model,exact,unavailable: training support below threshold,unavailable: segment markets (quarters/halves/innings): no new historical quotes by scope decision,out of market scope
KXNBA2HTOTAL,Basketball,Pro Basketball (M),segment,exploratory_evaluated,nba,espn_team,segment,supported,frozen score model,exact,unavailable: training support below threshold,unavailable: segment markets (quarters/halves/innings): no new historical quotes by scope decision,out of market scope
KXNBA1QWINNER,Basketball,Pro Basketball (M),segment,exploratory_evaluated,nba,espn_team,segment,supported,frozen score model,exact,unavailable: training support below threshold,unavailable: segment markets (quarters/halves/innings): no new historical quotes by scope decision,out of market scope
KXWNBA2QWINNER,Basketball,Pro Basketball (W),segment,exploratory_evaluated,wnba,espn_team,segment,supported,frozen score model,exact,unavailable: training support below threshold,unavailable: segment markets (quarters/halves/innings): no new historical quotes by scope decision,out of market scope
KXNBA1QSPREAD,Basketball,Pro Basketball (M),segment,exploratory_evaluated,nba,espn_team,segment,supported,frozen score model,exact,unavailable: training support below threshold,unavailable: segment markets (quarters/halves/innings): no new historical quotes by scope decision,out of market scope
KXWNBA2QSPREAD,Basketball,Pro Basketball (W),segment,exploratory_evaluated,wnba,espn_team,segment,supported,frozen score model,exact,unavailable: training support below threshold,unavailable: segment markets (quarters/halves/innings): no new historical quotes by scope decision,out of market scope
KXWNBA4QWINNER,Basketball,Pro Basketball (W),segment,exploratory_evaluated,wnba,espn_team,segment,supported,frozen score model,exact,unavailable: training support below threshold,unavailable: segment markets (quarters/halves/innings): no new historical quotes by scope decision,out of market scope
KXWNBA2HTOTAL,Basketball,Pro Basketball (W),segment,exploratory_evaluated,wnba,espn_team,segment,supported,frozen score model,exact,unavailable: training support below threshold,unavailable: segment markets (quarters/halves/innings): no new historical quotes by scope decision,out of market scope
KXNBA3QSPREAD,Basketball,Pro Basketball (M),segment,exploratory_evaluated,nba,espn_team,segment,supported,frozen score model,exact,unavailable: training support below threshold,unavailable: segment markets (quarters/halves/innings): no new historical quotes by scope decision,out of market scope
KXNBA2QWINNER,Basketball,Pro Basketball (M),segment,exploratory_evaluated,nba,espn_team,segment,supported,frozen score model,exact,unavailable: training support below threshold,unavailable: segment markets (quarters/halves/innings): no new historical quotes by scope decision,out of market scope
KXNBA3QWINNER,Basketball,Pro Basketball (M),segment,exploratory_evaluated,nba,espn_team,segment,supported,frozen score model,exact,unavailable: training support below threshold,unavailable: segment markets (quarters/halves/innings): no new historical quotes by scope decision,out of market scope
KXNBA2QSPREAD,Basketball,Pro Basketball (M),segment,exploratory_evaluated,nba,espn_team,segment,supported,frozen score model,exact,unavailable: training support below threshold,unavailable: segment markets (quarters/halves/innings): no new historical quotes by scope decision,out of market scope
KXWNBA2HSPREAD,Basketball,Pro Basketball (W),segment,exploratory_evaluated,wnba,espn_team,segment,supported,frozen score model,exact,unavailable: training support below threshold,unavailable: segment markets (quarters/halves/innings): no new historical quotes by scope decision,out of market scope
KXNBASUMMER1HTOTAL,Basketball,Pro Basketball Summer League,segment,not_attempted_supported_sport,,,,unattempted,no independent results adapter for this competition in Phase 1 (game_winner only via Kalshi-only path),,,,
KXWNBA4QSPREAD,Basketball,Pro Basketball (W),segment,exploratory_evaluated,wnba,espn_team,segment,supported,frozen score model,exact,unavailable: training support below threshold,unavailable: segment markets (quarters/halves/innings): no new historical quotes by scope decision,out of market scope
KXNBA4QWINNER,Basketball,Pro Basketball (M),segment,exploratory_evaluated,nba,espn_team,segment,supported,frozen score model,exact,unavailable: training support below threshold,unavailable: segment markets (quarters/halves/innings): no new historical quotes by scope decision,out of market scope
KXNBA1QTOTAL,Basketball,Pro Basketball (M),segment,exploratory_evaluated,nba,espn_team,segment,supported,frozen score model,exact,unavailable: training support below threshold,unavailable: segment markets (quarters/halves/innings): no new historical quotes by scope decision,out of market scope
KXWNBA2HWINNER,Basketball,Pro Basketball (W),segment,exploratory_evaluated,wnba,espn_team,segment,supported,frozen score model,exact,unavailable: training support below threshold,unavailable: segment markets (quarters/halves/innings): no new historical quotes by scope decision,out of market scope
KXNBASUMMER1HWINNER,Basketball,Pro Basketball Summer League,segment,not_attempted_supported_sport,,,,unattempted,no independent results adapter for this competition in Phase 1 (game_winner only via Kalshi-only path),,,,
KXNBA3QTOTAL,Basketball,Pro Basketball (M),segment,exploratory_evaluated,nba,espn_team,segment,supported,frozen score model,exact,unavailable: training support below threshold,unavailable: segment markets (quarters/halves/innings): no new historical quotes by scope decision,out of market scope
KXNBASUMMER1HSPREAD,Basketball,Pro Basketball Summer League,segment,not_attempted_supported_sport,,,,unattempted,no independent results adapter for this competition in Phase 1 (game_winner only via Kalshi-only path),,,,
KXNBA2QTOTAL,Basketball,Pro Basketball (M),segment,exploratory_evaluated,nba,espn_team,segment,supported,frozen score model,exact,unavailable: training support below threshold,unavailable: segment markets (quarters/halves/innings): no new historical quotes by scope decision,out of market scope
KXNBA4QSPREAD,Basketball,Pro Basketball (M),segment,exploratory_evaluated,nba,espn_team,segment,supported,frozen score model,exact,unavailable: training support below threshold,unavailable: segment markets (quarters/halves/innings): no new historical quotes by scope decision,out of market scope
KXNBA4QTOTAL,Basketball,Pro Basketball (M),segment,exploratory_evaluated,nba,espn_team,segment,supported,frozen score model,exact,unavailable: training support below threshold,unavailable: segment markets (quarters/halves/innings): no new historical quotes by scope decision,out of market scope
KXNBA1H,Basketball,Pro Basketball (M) Preseason,segment,not_attempted_supported_sport,,,,unattempted,no independent results adapter for this competition in Phase 1 (game_winner only via Kalshi-only path),,,,
KXWNBA3PTCONTESTOU,Basketball,Pro Basketball (W),segment,excluded_spec,wnba,espn_team,,unsupported,no payoff parser / spec: no payoff parser for suffix '3PTCONTESTOU',,,,
KXNBA1HTEAMTOTAL,Basketball,,segment,not_attempted_supported_sport,,,,unattempted,no traded markets,,,,
KXNBA1Q,Basketball,,segment,not_attempted_supported_sport,,,,unattempted,no traded markets,,,,
KXNBA1QTEAMTOTAL,Basketball,,segment,not_attempted_supported_sport,,,,unattempted,no traded markets,,,,
KXNBA2H,Basketball,,segment,not_attempted_supported_sport,,,,unattempted,no traded markets,,,,
KXNBA2HTEAMTOTAL,Basketball,,segment,not_attempted_supported_sport,,,,unattempted,no traded markets,,,,
KXNBA2Q,Basketball,,segment,not_attempted_supported_sport,,,,unattempted,no traded markets,,,,
KXNBA2QTEAMTOTAL,Basketball,,segment,not_attempted_supported_sport,,,,unattempted,no traded markets,,,,
KXNBA3Q,Basketball,,segment,not_attempted_supported_sport,,,,unattempted,no traded markets,,,,
KXNBA3QTEAMTOTAL,Basketball,,segment,not_attempted_supported_sport,,,,unattempted,no traded markets,,,,
KXNBA4Q,Basketball,,segment,not_attempted_supported_sport,,,,unattempted,no traded markets,,,,
KXNBA4QTEAMTOTAL,Basketball,,segment,not_attempted_supported_sport,,,,unattempted,no traded markets,,,,
KXNCAAMB2HSPREAD,Basketball,,segment,not_attempted_supported_sport,,,,unattempted,no traded markets,,,,
KXNCAAMB2HTOTAL,Basketball,,segment,not_attempted_supported_sport,,,,unattempted,no traded markets,,,,
KXNCAAWB1HSPREAD,Basketball,,segment,not_attempted_supported_sport,,,,unattempted,no traded markets,,,,
KXNCAAWB2HSPREAD,Basketball,,segment,not_attempted_supported_sport,,,,unattempted,no traded markets,,,,
KXWNBA1H,Basketball,,segment,not_attempted_supported_sport,,,,unattempted,no traded markets,,,,
KXWNBA2H,Basketball,,segment,not_attempted_supported_sport,,,,unattempted,no traded markets,,,,
KXNBASERIES,Basketball,Pro Basketball (M),series_playoff,not_attempted_supported_sport,,,,unattempted,playoff series: few outcomes; needs game model + bracket simulation (not in Phase 1),,,,
KXNBASERIESSCORE,Basketball,Pro Basketball (M),series_playoff,not_attempted_supported_sport,,,,unattempted,playoff series: few outcomes; needs game model + bracket simulation (not in Phase 1),,,,
KXNBASERIESROADWIN,Basketball,Pro Basketball (M),series_playoff,not_attempted_supported_sport,,,,unattempted,playoff series: few outcomes; needs game model + bracket simulation (not in Phase 1),,,,
KXWNBASERIES,Basketball,Pro Basketball (W),series_playoff,not_attempted_supported_sport,,,,unattempted,playoff series: few outcomes; needs game model + bracket simulation (not in Phase 1),,,,
KXNBASERIESPTSLEADER,Basketball,Pro Basketball (M),series_playoff,not_attempted_supported_sport,,,,unattempted,playoff series: few outcomes; needs game model + bracket simulation (not in Phase 1),,,,
KXNBASERIES3PMLEADER,Basketball,Pro Basketball (M),series_playoff,not_attempted_supported_sport,,,,unattempted,playoff series: few outcomes; needs game model + bracket simulation (not in Phase 1),,,,
KXNBAFINBLOWOUT,Basketball,Pro Basketball (M),series_playoff,not_attempted_supported_sport,,,,unattempted,playoff series: few outcomes; needs game model + bracket simulation (not in Phase 1),,,,
KXNBASERIESREBLEADER,Basketball,Pro Basketball (M),series_playoff,not_attempted_supported_sport,,,,unattempted,playoff series: few outcomes; needs game model + bracket simulation (not in Phase 1),,,,
KXNBASERIESCOMEBACK,Basketball,Pro Basketball (M),series_playoff,not_attempted_supported_sport,,,,unattempted,playoff series: few outcomes; needs game model + bracket simulation (not in Phase 1),,,,
KXWNBASERIESSCORE,Basketball,Pro Basketball (W),series_playoff,not_attempted_supported_sport,,,,unattempted,playoff series: few outcomes; needs game model + bracket simulation (not in Phase 1),,,,
KXNBASERIESGCOMEBACK,Basketball,Pro Basketball (M),series_playoff,not_attempted_supported_sport,,,,unattempted,playoff series: few outcomes; needs game model + bracket simulation (not in Phase 1),,,,
KXNBAHOMECLINCH,Basketball,Pro Basketball (M),series_playoff,not_attempted_supported_sport,,,,unattempted,playoff series: few outcomes; needs game model + bracket simulation (not in Phase 1),,,,
KXNBASPREAD,Basketball,Pro Basketball (M),spread,strict_evaluated,nba,espn_team,spread,supported,frozen score model,exact,unavailable: training support below threshold,unavailable: matched training support below threshold,candle rule
KXNCAAMBSPREAD,Basketball,College Basketball (M),spread,strict_evaluated,ncaamb,espn_team,spread,supported,frozen score model,exact,unavailable: training support below threshold,unavailable: matched training support below threshold,candle rule
KXWNBASPREAD,Basketball,Pro Basketball (W),spread,exploratory_evaluated,wnba,espn_team,spread,supported,frozen score model,exact,unavailable: training support below threshold,unavailable: matched training support below threshold,candle rule
KXNBASUMMERSPREAD,Basketball,Pro Basketball Summer League,spread,not_attempted_supported_sport,,,,unattempted,no independent results adapter for this competition in Phase 1 (game_winner only via Kalshi-only path),,,,
KXNCAAWBSPREAD,Basketball,CBB Tournament (W),spread,not_attempted_supported_sport,,,,unattempted,no independent results adapter for this competition in Phase 1 (game_winner only via Kalshi-only path),,,,
KXNBASERIESSPREAD,Basketball,Pro Basketball (M),spread,excluded_spec,nba,espn_team,,unsupported,no payoff parser / spec: no payoff parser for suffix 'SERIESSPREAD',,,,
KXWFIBASPREAD,Basketball,FIBA World Cup (W),spread,not_attempted_supported_sport,,,,unattempted,no independent results adapter for this competition in Phase 1 (game_winner only via Kalshi-only path),,,,
KXEUROLEAGUESPREAD,Basketball,EuroLeague,spread,not_attempted_supported_sport,,,,unattempted,no independent results adapter for this competition in Phase 1 (game_winner only via Kalshi-only path),,,,
KXNBLSPREAD,Basketball,Australia NBL,spread,not_attempted_supported_sport,,,,unattempted,no independent results adapter for this competition in Phase 1 (game_winner only via Kalshi-only path),,,,
KXLNBPSPREAD,Basketball,Mexico LNBP,spread,not_attempted_supported_sport,,,,unattempted,no independent results adapter for this competition in Phase 1 (game_winner only via Kalshi-only path),,,,
KXBBLSPREAD,Basketball,Germany BBL,spread,not_attempted_supported_sport,,,,unattempted,no independent results adapter for this competition in Phase 1 (game_winner only via Kalshi-only path),,,,
KXACBSPREAD,Basketball,Spain Liga ACB,spread,not_attempted_supported_sport,,,,unattempted,no independent results adapter for this competition in Phase 1 (game_winner only via Kalshi-only path),,,,
KXBSLSPREAD,Basketball,Turkey BSL,spread,not_attempted_supported_sport,,,,unattempted,no independent results adapter for this competition in Phase 1 (game_winner only via Kalshi-only path),,,,
KXEUROCUPSPREAD,Basketball,EuroCup,spread,not_attempted_supported_sport,,,,unattempted,no independent results adapter for this competition in Phase 1 (game_winner only via Kalshi-only path),,,,
KXLNBELITESPREAD,Basketball,LNB Elite,spread,not_attempted_supported_sport,,,,unattempted,no independent results adapter for this competition in Phase 1 (game_winner only via Kalshi-only path),,,,
KXBBSERIEASPREAD,Basketball,Italy Serie A,spread,not_attempted_supported_sport,,,,unattempted,no independent results adapter for this competition in Phase 1 (game_winner only via Kalshi-only path),,,,
KXFIBASPREAD,Basketball,FIBA World Cup Qualifiers,spread,not_attempted_supported_sport,,,,unattempted,no independent results adapter for this competition in Phase 1 (game_winner only via Kalshi-only path),,,,
KXSBLSPREAD,Basketball,Slovakia SBL,spread,not_attempted_supported_sport,,,,unattempted,no independent results adapter for this competition in Phase 1 (game_winner only via Kalshi-only path),,,,
KXABASPREAD,Basketball,Adriatic ABA,spread,not_attempted_supported_sport,,,,unattempted,no independent results adapter for this competition in Phase 1 (game_winner only via Kalshi-only path),,,,
KXVTBSPREAD,Basketball,Russia VTB United,spread,not_attempted_supported_sport,,,,unattempted,no independent results adapter for this competition in Phase 1 (game_winner only via Kalshi-only path),,,,
KXCBASPREAD,Basketball,Chinese Basketball Association,spread,not_attempted_supported_sport,,,,unattempted,no independent results adapter for this competition in Phase 1 (game_winner only via Kalshi-only path),,,,
KXSLBSPREAD,Basketball,England Super League,spread,not_attempted_supported_sport,,,,unattempted,no independent results adapter for this competition in Phase 1 (game_winner only via Kalshi-only path),,,,
KXLKLSPREAD,Basketball,Lithuania LKL,spread,not_attempted_supported_sport,,,,unattempted,no independent results adapter for this competition in Phase 1 (game_winner only via Kalshi-only path),,,,
KXNBASERIESPTSSPREAD,Basketball,Pro Basketball (M),spread,excluded_spec,nba,espn_team,,unsupported,no payoff parser / spec: no payoff parser for suffix 'SERIESPTSSPREAD',,,,
KXWNBASERIESSPREAD,Basketball,Pro Basketball (W),spread,excluded_spec,wnba,espn_team,,unsupported,no payoff parser / spec: no payoff parser for suffix 'SERIESSPREAD',,,,
KXEUROBASKETSPREAD,Basketball,,spread,not_attempted_supported_sport,,,,unattempted,no traded markets,,,,
KXFIBACHAMPSPREAD,Basketball,,spread,not_attempted_supported_sport,,,,unattempted,no traded markets,,,,
KXFIBAECUPSPREAD,Basketball,,spread,not_attempted_supported_sport,,,,unattempted,no traded markets,,,,
KXISLSPREAD,Basketball,,spread,not_attempted_supported_sport,,,,unattempted,no traded markets,,,,
KXKBLSPREAD,Basketball,,spread,not_attempted_supported_sport,,,,unattempted,no traded markets,,,,
KXNBATEAMTOTAL,Basketball,Pro Basketball (M),team_total,exploratory_evaluated,nba,espn_team,team_total,supported,frozen score model,exact,unavailable: training support below threshold,unavailable: matched training support below threshold,candle rule
KXWNBATEAMTOTAL,Basketball,Pro Basketball (W),team_total,exploratory_evaluated,wnba,espn_team,team_total,supported,frozen score model,exact,unavailable: training support below threshold,unavailable: matched training support below threshold,candle rule
KXLBJRTEAM,Basketball,,test_placeholder,not_attempted_supported_sport,,,,unattempted,out of scope (test),,,,
KXNBATOTAL,Basketball,Pro Basketball (M),total,strict_evaluated,nba,espn_team,total,supported,frozen score model,exact,unavailable: training support below threshold,unavailable: matched training support below threshold,candle rule
KXNCAAMBTOTAL,Basketball,College Basketball (M),total,strict_evaluated,ncaamb,espn_team,total,supported,frozen score model,exact,unavailable: training support below threshold,unavailable: matched training support below threshold,candle rule
KXWNBATOTAL,Basketball,Pro Basketball (W),total,exploratory_evaluated,wnba,espn_team,total,supported,frozen score model,exact,unavailable: training support below threshold,unavailable: matched training support below threshold,candle rule
KXNBASUMMERTOTAL,Basketball,Pro Basketball Summer League,total,not_attempted_supported_sport,,,,unattempted,no independent results adapter for this competition in Phase 1 (game_winner only via Kalshi-only path),,,,
KXNBAWINS,Basketball,Pro Basketball (M),total,excluded_spec,nba,espn_team,,unsupported,no payoff parser / spec: no payoff parser for suffix 'WINS',,,,
KXNCAAWBTOTAL,Basketball,CBB Tournament (W),total,not_attempted_supported_sport,,,,unattempted,no independent results adapter for this competition in Phase 1 (game_winner only via Kalshi-only path),,,,
KXWFIBATOTAL,Basketball,FIBA World Cup (W),total,not_attempted_supported_sport,,,,unattempted,no independent results adapter for this competition in Phase 1 (game_winner only via Kalshi-only path),,,,
KXNBASERIESGAMES,Basketball,Pro Basketball (M),total,excluded_spec,nba,espn_team,,unsupported,no payoff parser / spec: no payoff parser for suffix 'SERIESGAMES',,,,
KXEUROLEAGUETOTAL,Basketball,EuroLeague,total,not_attempted_supported_sport,,,,unattempted,no independent results adapter for this competition in Phase 1 (game_winner only via Kalshi-only path),,,,
KXNBLTOTAL,Basketball,Australia NBL,total,not_attempted_supported_sport,,,,unattempted,no independent results adapter for this competition in Phase 1 (game_winner only via Kalshi-only path),,,,
KXLNBPTOTAL,Basketball,Mexico LNBP,total,not_attempted_supported_sport,,,,unattempted,no independent results adapter for this competition in Phase 1 (game_winner only via Kalshi-only path),,,,
KXWNBAWINS,Basketball,Pro Basketball (W),total,excluded_spec,wnba,espn_team,,unsupported,no payoff parser / spec: no payoff parser for suffix 'WINS',,,,
KXBBLTOTAL,Basketball,Germany BBL,total,not_attempted_supported_sport,,,,unattempted,no independent results adapter for this competition in Phase 1 (game_winner only via Kalshi-only path),,,,
KXEUROCUPTOTAL,Basketball,EuroCup,total,not_attempted_supported_sport,,,,unattempted,no independent results adapter for this competition in Phase 1 (game_winner only via Kalshi-only path),,,,
KXFIBATOTAL,Basketball,FIBA World Cup Qualifiers,total,not_attempted_supported_sport,,,,unattempted,no independent results adapter for this competition in Phase 1 (game_winner only via Kalshi-only path),,,,
KXACBTOTAL,Basketball,Spain Liga ACB,total,not_attempted_supported_sport,,,,unattempted,no independent results adapter for this competition in Phase 1 (game_winner only via Kalshi-only path),,,,
KXBSLTOTAL,Basketball,Turkey BSL,total,not_attempted_supported_sport,,,,unattempted,no independent results adapter for this competition in Phase 1 (game_winner only via Kalshi-only path),,,,
KXBBSERIEATOTAL,Basketball,Italy Serie A,total,not_attempted_supported_sport,,,,unattempted,no independent results adapter for this competition in Phase 1 (game_winner only via Kalshi-only path),,,,
KXLEADERWNBA3PT,Basketball,Pro Basketball (W),total,not_attempted_supported_sport,,,,unattempted,no independent results adapter for this competition in Phase 1 (game_winner only via Kalshi-only path),,,,
KXLNBELITETOTAL,Basketball,LNB Elite,total,not_attempted_supported_sport,,,,unattempted,no independent results adapter for this competition in Phase 1 (game_winner only via Kalshi-only path),,,,
KXVTBTOTAL,Basketball,Russia VTB United,total,not_attempted_supported_sport,,,,unattempted,no independent results adapter for this competition in Phase 1 (game_winner only via Kalshi-only path),,,,
KXABATOTAL,Basketball,Adriatic ABA,total,not_attempted_supported_sport,,,,unattempted,no independent results adapter for this competition in Phase 1 (game_winner only via Kalshi-only path),,,,
KXSBLTOTAL,Basketball,Slovakia SBL,total,not_attempted_supported_sport,,,,unattempted,no independent results adapter for this competition in Phase 1 (game_winner only via Kalshi-only path),,,,
KXCBATOTAL,Basketball,Chinese Basketball Association,total,not_attempted_supported_sport,,,,unattempted,no independent results adapter for this competition in Phase 1 (game_winner only via Kalshi-only path),,,,
KXWNBASERIESGAMES,Basketball,Pro Basketball (W),total,excluded_spec,wnba,espn_team,,unsupported,no payoff parser / spec: no payoff parser for suffix 'SERIESGAMES',,,,
KXLKLTOTAL,Basketball,Lithuania LKL,total,not_attempted_supported_sport,,,,unattempted,no independent results adapter for this competition in Phase 1 (game_winner only via Kalshi-only path),,,,
KXNBASERIESROADWINS,Basketball,Pro Basketball (M),total,excluded_spec,nba,espn_team,,unsupported,no payoff parser / spec: no payoff parser for suffix 'SERIESROADWINS',,,,
KXSLBTOTAL,Basketball,England Super League,total,not_attempted_supported_sport,,,,unattempted,no independent results adapter for this competition in Phase 1 (game_winner only via Kalshi-only path),,,,
KXNBASERIESTOTALPTS,Basketball,Pro Basketball (M),total,excluded_spec,nba,espn_team,,unsupported,no payoff parser / spec: no payoff parser for suffix 'SERIESTOTALPTS',,,,
KXNCAAMBWINS,Basketball,College Basketball (M),total,excluded_spec,ncaamb,espn_team,,unsupported,no payoff parser / spec: no payoff parser for suffix 'WINS',,,,
KXNBAMOSTWINS,Basketball,Pro Basketball (M),total,excluded_spec,nba,espn_team,,unsupported,no payoff parser / spec: no payoff parser for suffix 'MOSTWINS',,,,
KXNCAAWBWINS,Basketball,College Basketball (W),total,excluded_spec,ncaawb,espn_team,,unsupported,no payoff parser / spec: no payoff parser for suffix 'WINS',,,,
KXNBAH2HWINS,Basketball,Pro Basketball (M),total,excluded_spec,nba,espn_team,,unsupported,no payoff parser / spec: no payoff parser for suffix 'H2HWINS',,,,
KXEUROBASKETTOTAL,Basketball,,total,not_attempted_supported_sport,,,,unattempted,no traded markets,,,,
KXFIBACHAMPTOTAL,Basketball,,total,not_attempted_supported_sport,,,,unattempted,no traded markets,,,,
KXFIBAECUPTOTAL,Basketball,,total,not_attempted_supported_sport,,,,unattempted,no traded markets,,,,
KXISLTOTAL,Basketball,,total,not_attempted_supported_sport,,,,unattempted,no traded markets,,,,
KXKBLTOTAL,Basketball,,total,not_attempted_supported_sport,,,,unattempted,no traded markets,,,,
KXMARMAD,Basketball,CBB Tournament,tournament_outright,not_attempted_supported_sport,,,,unattempted,outright/bracket: few independent outcomes per season; needs prospective capture + simulation,,,,
KXNBA,Basketball,Pro Basketball (M),tournament_outright,not_attempted_supported_sport,,,,unattempted,outright/bracket: few independent outcomes per season; needs prospective capture + simulation,,,,
KXNBAWEST,Basketball,Pro Basketball (M),tournament_outright,not_attempted_supported_sport,,,,unattempted,outright/bracket: few independent outcomes per season; needs prospective capture + simulation,,,,
KXNBAEAST,Basketball,Pro Basketball (M),tournament_outright,not_attempted_supported_sport,,,,unattempted,outright/bracket: few independent outcomes per season; needs prospective capture + simulation,,,,
KXNBACUP,Basketball,Pro Basketball (M),tournament_outright,not_attempted_supported_sport,,,,unattempted,outright/bracket: few independent outcomes per season; needs prospective capture + simulation,,,,
KXMARMADROUND,Basketball,College Basketball (M),tournament_outright,not_attempted_supported_sport,,,,unattempted,outright/bracket: few independent outcomes per season; needs prospective capture + simulation,,,,
KXNCAAMBBIG10,Basketball,College Basketball (M),tournament_outright,not_attempted_supported_sport,,,,unattempted,outright/bracket: few independent outcomes per season; needs prospective capture + simulation,,,,
KXNCAAMBACC,Basketball,College Basketball (M),tournament_outright,not_attempted_supported_sport,,,,unattempted,outright/bracket: few independent outcomes per season; needs prospective capture + simulation,,,,
KXNCAAMBSEC,Basketball,College Basketball (M),tournament_outright,not_attempted_supported_sport,,,,unattempted,outright/bracket: few independent outcomes per season; needs prospective capture + simulation,,,,
KXNCAAMBBIG12,Basketball,College Basketball (M),tournament_outright,not_attempted_supported_sport,,,,unattempted,outright/bracket: few independent outcomes per season; needs prospective capture + simulation,,,,
KXFIBACHAMPLEAGUEGAME,Basketball,FIBA Champions League,tournament_outright,not_attempted_supported_sport,,,,unattempted,outright/bracket: few independent outcomes per season; needs prospective capture + simulation,,,,
KXWNBA,Basketball,Pro Basketball (W),tournament_outright,not_attempted_supported_sport,,,,unattempted,outright/bracket: few independent outcomes per season; needs prospective capture + simulation,,,,
KXNCAAMBWAC,Basketball,College Basketball (M),tournament_outright,not_attempted_supported_sport,,,,unattempted,outright/bracket: few independent outcomes per season; needs prospective capture + simulation,,,,
KXNCAAMBIVY,Basketball,College Basketball (M),tournament_outright,not_attempted_supported_sport,,,,unattempted,outright/bracket: few independent outcomes per season; needs prospective capture + simulation,,,,
KXNCAAMBNIT,Basketball,NIT,tournament_outright,not_attempted_supported_sport,,,,unattempted,outright/bracket: few independent outcomes per season; needs prospective capture + simulation,,,,
KXNCAAMBBIGEAST,Basketball,College Basketball (M),tournament_outright,not_attempted_supported_sport,,,,unattempted,outright/bracket: few independent outcomes per season; needs prospective capture + simulation,,,,
KXTEAMSINNBAF,Basketball,Pro Basketball (M),tournament_outright,not_attempted_supported_sport,,,,unattempted,outright/bracket: few independent outcomes per season; needs prospective capture + simulation,,,,
KXNCAAMBBWEST,Basketball,College Basketball (M),tournament_outright,not_attempted_supported_sport,,,,unattempted,outright/bracket: few independent outcomes per season; needs prospective capture + simulation,,,,
KXNCAAMBMAMER,Basketball,College Basketball (M),tournament_outright,not_attempted_supported_sport,,,,unattempted,outright/bracket: few independent outcomes per season; needs prospective capture + simulation,,,,
KXNBAPLAYOFF,Basketball,Pro Basketball (M),tournament_outright,not_attempted_supported_sport,,,,unattempted,outright/bracket: few independent outcomes per season; needs prospective capture + simulation,,,,
KXNCAAMBBSKY,Basketball,College Basketball (M),tournament_outright,not_attempted_supported_sport,,,,unattempted,outright/bracket: few independent outcomes per season; needs prospective capture + simulation,,,,
KXNCAAMBWCC,Basketball,College Basketball (M),tournament_outright,not_attempted_supported_sport,,,,unattempted,outright/bracket: few independent outcomes per season; needs prospective capture + simulation,,,,
KXMAKEMARMAD,Basketball,CBB Tournament,tournament_outright,not_attempted_supported_sport,,,,unattempted,outright/bracket: few independent outcomes per season; needs prospective capture + simulation,,,,
KXNCAAMBAMER,Basketball,College Basketball (M),tournament_outright,not_attempted_supported_sport,,,,unattempted,outright/bracket: few independent outcomes per season; needs prospective capture + simulation,,,,
KXNCAAMBA10,Basketball,College Basketball (M),tournament_outright,not_attempted_supported_sport,,,,unattempted,outright/bracket: few independent outcomes per season; needs prospective capture + simulation,,,,
KXNCAAMBMW,Basketball,College Basketball (M),tournament_outright,not_attempted_supported_sport,,,,unattempted,outright/bracket: few independent outcomes per season; needs prospective capture + simulation,,,,
KXNCAAMBAE,Basketball,College Basketball (M),tournament_outright,not_attempted_supported_sport,,,,unattempted,outright/bracket: few independent outcomes per season; needs prospective capture + simulation,,,,
KXMARMADUPSET,Basketball,CBB Tournament,tournament_outright,not_attempted_supported_sport,,,,unattempted,outright/bracket: few independent outcomes per season; needs prospective capture + simulation,,,,
KXNCAAMBASUN,Basketball,College Basketball (M),tournament_outright,not_attempted_supported_sport,,,,unattempted,outright/bracket: few independent outcomes per season; needs prospective capture + simulation,,,,
KXNCAAMBUSA,Basketball,College Basketball (M),tournament_outright,not_attempted_supported_sport,,,,unattempted,outright/bracket: few independent outcomes per season; needs prospective capture + simulation,,,,
KXNBAFINALSEXACT,Basketball,,tournament_outright,not_attempted_supported_sport,,,,unattempted,outright/bracket: few independent outcomes per season; needs prospective capture + simulation,,,,
KXNCAAMBSLC,Basketball,College Basketball (M),tournament_outright,not_attempted_supported_sport,,,,unattempted,outright/bracket: few independent outcomes per season; needs prospective capture + simulation,,,,
KXMARMADSEEDWIN,Basketball,CBB Tournament,tournament_outright,not_attempted_supported_sport,,,,unattempted,outright/bracket: few independent outcomes per season; needs prospective capture + simulation,,,,
KXNCAAMBSWAC,Basketball,College Basketball (M),tournament_outright,not_attempted_supported_sport,,,,unattempted,outright/bracket: few independent outcomes per season; needs prospective capture + simulation,,,,
KXNCAAMBSOCON,Basketball,College Basketball (M),tournament_outright,not_attempted_supported_sport,,,,unattempted,outright/bracket: few independent outcomes per season; needs prospective capture + simulation,,,,
KXNCAAMBCAA,Basketball,College Basketball (M),tournament_outright,not_attempted_supported_sport,,,,unattempted,outright/bracket: few independent outcomes per season; needs prospective capture + simulation,,,,
KXNCAAMBHOR,Basketball,College Basketball (M),tournament_outright,not_attempted_supported_sport,,,,unattempted,outright/bracket: few independent outcomes per season; needs prospective capture + simulation,,,,
KXNCAAMBBSOU,Basketball,College Basketball (M),tournament_outright,not_attempted_supported_sport,,,,unattempted,outright/bracket: few independent outcomes per season; needs prospective capture + simulation,,,,
KXNCAAMBMVAL,Basketball,College Basketball (M),tournament_outright,not_attempted_supported_sport,,,,unattempted,outright/bracket: few independent outcomes per season; needs prospective capture + simulation,,,,
KXNCAAMBSUM,Basketball,College Basketball (M),tournament_outright,not_attempted_supported_sport,,,,unattempted,outright/bracket: few independent outcomes per season; needs prospective capture + simulation,,,,
KXNCAAMBSBELT,Basketball,College Basketball (M),tournament_outright,not_attempted_supported_sport,,,,unattempted,outright/bracket: few independent outcomes per season; needs prospective capture + simulation,,,,
KXMARMADSEEDROUND,Basketball,CBB Tournament,tournament_outright,not_attempted_supported_sport,,,,unattempted,outright/bracket: few independent outcomes per season; needs prospective capture + simulation,,,,
KXNCAAMBNEC,Basketball,College Basketball (M),tournament_outright,not_attempted_supported_sport,,,,unattempted,outright/bracket: few independent outcomes per season; needs prospective capture + simulation,,,,
KXNCAAMBMEAC,Basketball,College Basketball (M),tournament_outright,not_attempted_supported_sport,,,,unattempted,outright/bracket: few independent outcomes per season; needs prospective capture + simulation,,,,
KXNCAAMBPAT,Basketball,College Basketball (M),tournament_outright,not_attempted_supported_sport,,,,unattempted,outright/bracket: few independent outcomes per season; needs prospective capture + simulation,,,,
KXTEAMSINNBAWF,Basketball,Pro Basketball (M),tournament_outright,not_attempted_supported_sport,,,,unattempted,outright/bracket: few independent outcomes per season; needs prospective capture + simulation,,,,
KXNCAAMBOV,Basketball,College Basketball (M),tournament_outright,not_attempted_supported_sport,,,,unattempted,outright/bracket: few independent outcomes per season; needs prospective capture + simulation,,,,
KXNBARETURN,Basketball,Pro Basketball (M),tournament_outright,not_attempted_supported_sport,,,,unattempted,outright/bracket: few independent outcomes per season; needs prospective capture + simulation,,,,
KXNBAUNBEATEN,Basketball,Pro Basketball (M),tournament_outright,not_attempted_supported_sport,,,,unattempted,outright/bracket: few independent outcomes per season; needs prospective capture + simulation,,,,
KXNCAAMBIGTEN,Basketball,,tournament_outright,not_attempted_supported_sport,,,,unattempted,outright/bracket: few independent outcomes per season; needs prospective capture + simulation,,,,
KXTEAMSINNBAEF,Basketball,Pro Basketball (M),tournament_outright,not_attempted_supported_sport,,,,unattempted,outright/bracket: few independent outcomes per season; needs prospective capture + simulation,,,,
KXNBA30COMEBACK,Basketball,Pro Basketball (M),tournament_outright,not_attempted_supported_sport,,,,unattempted,outright/bracket: few independent outcomes per season; needs prospective capture + simulation,,,,
KXMARMADSEEDSUM,Basketball,CBB Tournament,tournament_outright,not_attempted_supported_sport,,,,unattempted,outright/bracket: few independent outcomes per season; needs prospective capture + simulation,,,,
KXWMARMADROUND,Basketball,College Basketball (W),tournament_outright,not_attempted_supported_sport,,,,unattempted,outright/bracket: few independent outcomes per season; needs prospective capture + simulation,,,,
KXNCAABBIGTEN,Basketball,,tournament_outright,not_attempted_supported_sport,,,,unattempted,outright/bracket: few independent outcomes per season; needs prospective capture + simulation,,,,
KXNCAAMSEC,Basketball,,tournament_outright,not_attempted_supported_sport,,,,unattempted,outright/bracket: few independent outcomes per season; needs prospective capture + simulation,,,,
KXRECORDNBABEST,Basketball,Pro Basketball (M),tournament_outright,not_attempted_supported_sport,,,,unattempted,outright/bracket: few independent outcomes per season; needs prospective capture + simulation,,,,
KXNCAAMACC,Basketball,,tournament_outright,not_attempted_supported_sport,,,,unattempted,outright/bracket: few independent outcomes per season; needs prospective capture + simulation,,,,
KXNBASOUTHEAST,Basketball,Pro Basketball (M),tournament_outright,not_attempted_supported_sport,,,,unattempted,outright/bracket: few independent outcomes per season; needs prospective capture + simulation,,,,
KXNCAAMBUNDEFEATED,Basketball,College Basketball (M),tournament_outright,not_attempted_supported_sport,,,,unattempted,outright/bracket: few independent outcomes per season; needs prospective capture + simulation,,,,
KXNBASUMMER,Basketball,Pro Basketball Summer League,tournament_outright,not_attempted_supported_sport,,,,unattempted,outright/bracket: few independent outcomes per season; needs prospective capture + simulation,,,,
KXWNBAPLAYOFF,Basketball,Pro Basketball (W),tournament_outright,not_attempted_supported_sport,,,,unattempted,outright/bracket: few independent outcomes per season; needs prospective capture + simulation,,,,
KXNCAABSEC,Basketball,,tournament_outright,not_attempted_supported_sport,,,,unattempted,outright/bracket: few independent outcomes per season; needs prospective capture + simulation,,,,
KXMARMADCONFWIN,Basketball,CBB Tournament,tournament_outright,not_attempted_supported_sport,,,,unattempted,outright/bracket: few independent outcomes per season; needs prospective capture + simulation,,,,
KXNBAPACIFIC,Basketball,Pro Basketball (M),tournament_outright,not_attempted_supported_sport,,,,unattempted,outright/bracket: few independent outcomes per season; needs prospective capture + simulation,,,,
KXMARMADSEEDDIF,Basketball,CBB Tournament,tournament_outright,not_attempted_supported_sport,,,,unattempted,outright/bracket: few independent outcomes per season; needs prospective capture + simulation,,,,
KXNCAAMBIG12,Basketball,,tournament_outright,not_attempted_supported_sport,,,,unattempted,outright/bracket: few independent outcomes per season; needs prospective capture + simulation,,,,
KXNBASWEEP,Basketball,Pro Basketball (M),tournament_outright,not_attempted_supported_sport,,,,unattempted,outright/bracket: few independent outcomes per season; needs prospective capture + simulation,,,,
KXNCAABACC,Basketball,,tournament_outright,not_attempted_supported_sport,,,,unattempted,outright/bracket: few independent outcomes per season; needs prospective capture + simulation,,,,
KXWNBACCUP,Basketball,Pro Basketball (W),tournament_outright,not_attempted_supported_sport,,,,unattempted,outright/bracket: few independent outcomes per season; needs prospective capture + simulation,,,,
KXNCAABBIG12,Basketball,,tournament_outright,not_attempted_supported_sport,,,,unattempted,outright/bracket: few independent outcomes per season; needs prospective capture + simulation,,,,
KXNBAPLAYOFF3D,Basketball,Pro Basketball (M),tournament_outright,not_attempted_supported_sport,,,,unattempted,outright/bracket: few independent outcomes per season; needs prospective capture + simulation,,,,
KXNBAATLANTIC,Basketball,Pro Basketball (M),tournament_outright,not_attempted_supported_sport,,,,unattempted,outright/bracket: few independent outcomes per season; needs prospective capture + simulation,,,,
KXNCAABBIGEAST,Basketball,,tournament_outright,not_attempted_supported_sport,,,,unattempted,outright/bracket: few independent outcomes per season; needs prospective capture + simulation,,,,
KXNBAPLAYIN,Basketball,Pro Basketball (M),tournament_outright,not_attempted_supported_sport,,,,unattempted,outright/bracket: few independent outcomes per season; needs prospective capture + simulation,,,,
KXNBAGAME7,Basketball,Pro Basketball (M),tournament_outright,not_attempted_supported_sport,,,,unattempted,outright/bracket: few independent outcomes per season; needs prospective capture + simulation,,,,
KXNBAPIADVANCE,Basketball,Pro Basketball (M),tournament_outright,not_attempted_supported_sport,,,,unattempted,outright/bracket: few independent outcomes per season; needs prospective capture + simulation,,,,
KXMARMADPTS,Basketball,CBB Tournament,tournament_outright,not_attempted_supported_sport,,,,unattempted,outright/bracket: few independent outcomes per season; needs prospective capture + simulation,,,,
KXWFIBAWC,Basketball,FIBA World Cup (W),tournament_outright,not_attempted_supported_sport,,,,unattempted,outright/bracket: few independent outcomes per season; needs prospective capture + simulation,,,,
KXWNBASEMIFINAL,Basketball,Pro Basketball (W),tournament_outright,not_attempted_supported_sport,,,,unattempted,outright/bracket: few independent outcomes per season; needs prospective capture + simulation,,,,
KXNBAUPSET,Basketball,Pro Basketball (M),tournament_outright,not_attempted_supported_sport,,,,unattempted,outright/bracket: few independent outcomes per season; needs prospective capture + simulation,,,,
KXWNBA3PTROUND,Basketball,Pro Basketball (W),tournament_outright,not_attempted_supported_sport,,,,unattempted,outright/bracket: few independent outcomes per season; needs prospective capture + simulation,,,,
KXNBAMATCHUP,Basketball,Pro Basketball (M),tournament_outright,not_attempted_supported_sport,,,,unattempted,outright/bracket: few independent outcomes per season; needs prospective capture + simulation,,,,
KXNCAAMIVYLEAGUE,Basketball,,tournament_outright,not_attempted_supported_sport,,,,unattempted,outright/bracket: few independent outcomes per season; needs prospective capture + simulation,,,,
KXNCAAMBIGEAST,Basketball,,tournament_outright,not_attempted_supported_sport,,,,unattempted,outright/bracket: few independent outcomes per season; needs prospective capture + simulation,,,,
KXNBAWINRECORD,Basketball,Pro Basketball (M),tournament_outright,not_attempted_supported_sport,,,,unattempted,outright/bracket: few independent outcomes per season; needs prospective capture + simulation,,,,
KXWNBA1SEED,Basketball,Pro Basketball (W),tournament_outright,not_attempted_supported_sport,,,,unattempted,outright/bracket: few independent outcomes per season; needs prospective capture + simulation,,,,
KXWNBAFINAL,Basketball,Pro Basketball (W),tournament_outright,not_attempted_supported_sport,,,,unattempted,outright/bracket: few independent outcomes per season; needs prospective capture + simulation,,,,
KXWNBAWORSTREC,Basketball,Pro Basketball (W),tournament_outright,not_attempted_supported_sport,,,,unattempted,outright/bracket: few independent outcomes per season; needs prospective capture + simulation,,,,
KXNBASOUTHWEST,Basketball,Pro Basketball (M),tournament_outright,not_attempted_supported_sport,,,,unattempted,outright/bracket: few independent outcomes per season; needs prospective capture + simulation,,,,
KXWNBAPLAYOFFHOST,Basketball,Pro Basketball (W),tournament_outright,not_attempted_supported_sport,,,,unattempted,outright/bracket: few independent outcomes per season; needs prospective capture + simulation,,,,
KXNCAAWBNIT,Basketball,NIT (W),tournament_outright,not_attempted_supported_sport,,,,unattempted,outright/bracket: few independent outcomes per season; needs prospective capture + simulation,,,,
KXNCAAMBTEAMMOSTPTS,Basketball,CBB Tournament,tournament_outright,not_attempted_supported_sport,,,,unattempted,outright/bracket: few independent outcomes per season; needs prospective capture + simulation,,,,
KXNBANORTHWEST,Basketball,Pro Basketball (M),tournament_outright,not_attempted_supported_sport,,,,unattempted,outright/bracket: few independent outcomes per season; needs prospective capture + simulation,,,,
KXWNBADRAFT5,Basketball,Pro Basketball (W),tournament_outright,not_attempted_supported_sport,,,,unattempted,outright/bracket: few independent outcomes per season; needs prospective capture + simulation,,,,
KXEUROLEAGUE,Basketball,EuroLeague,tournament_outright,not_attempted_supported_sport,,,,unattempted,outright/bracket: few independent outcomes per season; needs prospective capture + simulation,,,,
KXNBACENTRAL,Basketball,Pro Basketball (M),tournament_outright,not_attempted_supported_sport,,,,unattempted,outright/bracket: few independent outcomes per season; needs prospective capture + simulation,,,,
KXNBARECORD,Basketball,Pro Basketball (M),tournament_outright,not_attempted_supported_sport,,,,unattempted,outright/bracket: few independent outcomes per season; needs prospective capture + simulation,,,,
KXNBAPOLOSE,Basketball,Pro Basketball (M),tournament_outright,not_attempted_supported_sport,,,,unattempted,outright/bracket: few independent outcomes per season; needs prospective capture + simulation,,,,
KXNBANEWCHAMPION,Basketball,Pro Basketball (M),tournament_outright,not_attempted_supported_sport,,,,unattempted,outright/bracket: few independent outcomes per season; needs prospective capture + simulation,,,,
KXWNBAMATCHUP,Basketball,Pro Basketball (M),tournament_outright,not_attempted_supported_sport,,,,unattempted,outright/bracket: few independent outcomes per season; needs prospective capture + simulation,,,,
KXNCAANIT,Basketball,,tournament_outright,not_attempted_supported_sport,,,,unattempted,outright/bracket: few independent outcomes per season; needs prospective capture + simulation,,,,
KXNCAABIVY,Basketball,,tournament_outright,not_attempted_supported_sport,,,,unattempted,outright/bracket: few independent outcomes per season; needs prospective capture + simulation,,,,
KXNBAAPOLOGY,Basketball,Pro Basketball (M),tournament_outright,not_attempted_supported_sport,,,,unattempted,outright/bracket: few independent outcomes per season; needs prospective capture + simulation,,,,
KXNBA3PEAT,Basketball,Pro Basketball (M),tournament_outright,not_attempted_supported_sport,,,,unattempted,outright/bracket: few independent outcomes per season; needs prospective capture + simulation,,,,
KXNCAAMPAC12,Basketball,,tournament_outright,not_attempted_supported_sport,,,,unattempted,outright/bracket: few independent outcomes per season; needs prospective capture + simulation,,,,
KXBIG3,Basketball,BIG3,tournament_outright,not_attempted_supported_sport,,,,unattempted,outright/bracket: few independent outcomes per season; needs prospective capture + simulation,,,,
KXNCAAMBBOTHQUAL,Basketball,College Basketball (M),tournament_outright,not_attempted_supported_sport,,,,unattempted,outright/bracket: few independent outcomes per season; needs prospective capture + simulation,,,,
KXNCAAWBUNDEFEATED,Basketball,College Basketball (W),tournament_outright,not_attempted_supported_sport,,,,unattempted,outright/bracket: few independent outcomes per season; needs prospective capture + simulation,,,,
KXWMARMAD1SEED,Basketball,College Basketball (W),tournament_outright,not_attempted_supported_sport,,,,unattempted,outright/bracket: few independent outcomes per season; needs prospective capture + simulation,,,,
KXNBACONF,Basketball,Pro Basketball (M),tournament_outright,not_attempted_supported_sport,,,,unattempted,outright/bracket: few independent outcomes per season; needs prospective capture + simulation,,,,
KXNCAAWBWBIT,Basketball,WBIT,tournament_outright,not_attempted_supported_sport,,,,unattempted,outright/bracket: few independent outcomes per season; needs prospective capture + simulation,,,,
KXDUNKMAN,Basketball,Dunkman World Championship,tournament_outright,not_attempted_supported_sport,,,,unattempted,outright/bracket: few independent outcomes per season; needs prospective capture + simulation,,,,
KXNCAAMBPAC12,Basketball,College Basketball (M),tournament_outright,not_attempted_supported_sport,,,,unattempted,outright/bracket: few independent outcomes per season; needs prospective capture + simulation,,,,
KXNBACUPQUAL,Basketball,Pro Basketball (M),tournament_outright,not_attempted_supported_sport,,,,unattempted,outright/bracket: few independent outcomes per season; needs prospective capture + simulation,,,,
KXNCAAMBTEAMSQUAL,Basketball,College Basketball (M),tournament_outright,not_attempted_supported_sport,,,,unattempted,outright/bracket: few independent outcomes per season; needs prospective capture + simulation,,,,
KXNBAWCFQUAL,Basketball,Pro Basketball (M),tournament_outright,not_attempted_supported_sport,,,,unattempted,outright/bracket: few independent outcomes per season; needs prospective capture + simulation,,,,
KXNCAAMBUAC,Basketball,College Basketball (M),tournament_outright,not_attempted_supported_sport,,,,unattempted,outright/bracket: few independent outcomes per season; needs prospective capture + simulation,,,,
KXNBAECFQUAL,Basketball,Pro Basketball (M),tournament_outright,not_attempted_supported_sport,,,,unattempted,outright/bracket: few independent outcomes per season; needs prospective capture + simulation,,,,
KXBBL,Basketball,,tournament_outright,not_attempted_supported_sport,,,,unattempted,outright/bracket: few independent outcomes per season; needs prospective capture + simulation,,,,
KXBSOUTOURNAMENT,Basketball,,tournament_outright,not_attempted_supported_sport,,,,unattempted,outright/bracket: few independent outcomes per season; needs prospective capture + simulation,,,,
KXCAATOURNAMENT,Basketball,,tournament_outright,not_attempted_supported_sport,,,,unattempted,outright/bracket: few independent outcomes per season; needs prospective capture + simulation,,,,
KXFIBACHAMPGAME,Basketball,,tournament_outright,not_attempted_supported_sport,,,,unattempted,outright/bracket: few independent outcomes per season; needs prospective capture + simulation,,,,
KXMARMADCONF,Basketball,,tournament_outright,not_attempted_supported_sport,,,,unattempted,outright/bracket: few independent outcomes per season; needs prospective capture + simulation,,,,
KXMARMADHIGHSEED,Basketball,,tournament_outright,not_attempted_supported_sport,,,,unattempted,outright/bracket: few independent outcomes per season; needs prospective capture + simulation,,,,
KXMARMADREGION,Basketball,,tournament_outright,not_attempted_supported_sport,,,,unattempted,outright/bracket: few independent outcomes per season; needs prospective capture + simulation,,,,
KXNBACUP1STTEAM,Basketball,Pro Basketball (M),tournament_outright,not_attempted_supported_sport,,,,unattempted,outright/bracket: few independent outcomes per season; needs prospective capture + simulation,,,,
KXNBACUPGROUP,Basketball,Pro Basketball (M),tournament_outright,not_attempted_supported_sport,,,,unattempted,outright/bracket: few independent outcomes per season; needs prospective capture + simulation,,,,
KXNBACUPGROUPWIN,Basketball,Pro Basketball (M),tournament_outright,not_attempted_supported_sport,,,,unattempted,outright/bracket: few independent outcomes per season; needs prospective capture + simulation,,,,
KXNBANEWCHAMP,Basketball,,tournament_outright,not_attempted_supported_sport,,,,unattempted,outright/bracket: few independent outcomes per season; needs prospective capture + simulation,,,,
KXNBL,Basketball,Australia NBL,tournament_outright,not_attempted_supported_sport,,,,unattempted,outright/bracket: few independent outcomes per season; needs prospective capture + simulation,,,,
KXNCAABBIG10,Basketball,,tournament_outright,not_attempted_supported_sport,,,,unattempted,outright/bracket: few independent outcomes per season; needs prospective capture + simulation,,,,
KXNCAAMBHL,Basketball,,tournament_outright,not_attempted_supported_sport,,,,unattempted,outright/bracket: few independent outcomes per season; needs prospective capture + simulation,,,,
KXNCAAMBSUN,Basketball,,tournament_outright,not_attempted_supported_sport,,,,unattempted,outright/bracket: few independent outcomes per season; needs prospective capture + simulation,,,,
KXNCAAWB,Basketball,,tournament_outright,not_attempted_supported_sport,,,,unattempted,outright/bracket: few independent outcomes per season; needs prospective capture + simulation,,,,
KXWNBAEAST,Basketball,,tournament_outright,not_attempted_supported_sport,,,,unattempted,outright/bracket: few independent outcomes per season; needs prospective capture + simulation,,,,
KXWNBAEAST1,Basketball,,tournament_outright,not_attempted_supported_sport,,,,unattempted,outright/bracket: few independent outcomes per season; needs prospective capture + simulation,,,,
KXWNBAWEST,Basketball,,tournament_outright,not_attempted_supported_sport,,,,unattempted,outright/bracket: few independent outcomes per season; needs prospective capture + simulation,,,,
KXWNBAWEST1,Basketball,,tournament_outright,not_attempted_supported_sport,,,,unattempted,outright/bracket: few independent outcomes per season; needs prospective capture + simulation,,,,
KXFLOYDTYSONFIGHT,Boxing,Boxing,game_winner,no_test_contracts,k_kxfloydtysonfight,kalshi_only,game_winner,supported,frozen elo model,exact,,,candle rule
KXFURYJOSHUA,Boxing,Boxing,game_winner,no_test_contracts,k_kxfuryjoshua,kalshi_only,game_winner,supported,frozen elo model,exact,,,candle rule
KXPAULBELLFIGHT,Boxing,,game_winner,not_attempted_supported_sport,,,,unattempted,no traded markets,,,,
KXNBAGAMES,Boxing,,other_novelty,not_attempted_supported_sport,,,,unattempted,out of scope (novelty),,,,
KXBOXINGMOV,Boxing,Boxing,score_props,not_attempted_supported_sport,,,,unattempted,no independent results adapter for this competition in Phase 1 (game_winner only via Kalshi-only path),,,,
KXBOXINGVICROUND,Boxing,Boxing,score_props,not_attempted_supported_sport,,,,unattempted,no independent results adapter for this competition in Phase 1 (game_winner only via Kalshi-only path),,,,
KXBOXINGDISTANCE,Boxing,Boxing,score_props,not_attempted_supported_sport,,,,unattempted,no independent results adapter for this competition in Phase 1 (game_winner only via Kalshi-only path),,,,
KXBOXINGROUNDS,Boxing,Boxing,score_props,not_attempted_supported_sport,,,,unattempted,no independent results adapter for this competition in Phase 1 (game_winner only via Kalshi-only path),,,,
KXBOXINGKNOCKOUT,Boxing,Boxing,score_props,not_attempted_supported_sport,,,,unattempted,no independent results adapter for this competition in Phase 1 (game_winner only via Kalshi-only path),,,,
KXBOXING1MIN,Boxing,Boxing,score_props,not_attempted_supported_sport,,,,unattempted,no independent results adapter for this competition in Phase 1 (game_winner only via Kalshi-only path),,,,
KXBOXING,Boxing,Boxing,tournament_outright,not_attempted_supported_sport,,,,unattempted,outright/bracket: few independent outcomes per season; needs prospective capture + simulation,,,,
KXBOXINGFIGHT,Boxing,,tournament_outright,not_attempted_supported_sport,,,,unattempted,outright/bracket: few independent outcomes per season; needs prospective capture + simulation,,,,
KXWBCHEAVYWEIGHTTITLE,Boxing,Boxing,tournament_outright,not_attempted_supported_sport,,,,unattempted,outright/bracket: few independent outcomes per season; needs prospective capture + simulation,,,,
KXWBCWELTERWEIGHTTITLE,Boxing,Boxing,tournament_outright,not_attempted_supported_sport,,,,unattempted,outright/bracket: few independent outcomes per season; needs prospective capture + simulation,,,,
KXWBCLIGHTWEIGHTTITLE,Boxing,Boxing,tournament_outright,not_attempted_supported_sport,,,,unattempted,outright/bracket: few independent outcomes per season; needs prospective capture + simulation,,,,
KXWBCBANTAMWEIGHTTITLE,Boxing,Boxing,tournament_outright,not_attempted_supported_sport,,,,unattempted,outright/bracket: few independent outcomes per season; needs prospective capture + simulation,,,,
KXWBCCRUISERWEIGHTTITLE,Boxing,Boxing,tournament_outright,not_attempted_supported_sport,,,,unattempted,outright/bracket: few independent outcomes per season; needs prospective capture + simulation,,,,
KXWBCMIDDLEWEIGHTTITLE,Boxing,Boxing,tournament_outright,not_attempted_supported_sport,,,,unattempted,outright/bracket: few independent outcomes per season; needs prospective capture + simulation,,,,
KXWBCFEATHERWEIGHTTITLE,Boxing,Boxing,tournament_outright,not_attempted_supported_sport,,,,unattempted,outright/bracket: few independent outcomes per season; needs prospective capture + simulation,,,,
KXWBCFLYWEIGHTTITLE,Boxing,Boxing,tournament_outright,not_attempted_supported_sport,,,,unattempted,outright/bracket: few independent outcomes per season; needs prospective capture + simulation,,,,
KXCHESSAWARD,Chess,Chess Awards,awards,not_attempted_supported_sport,,,,unattempted,awards: voting outcomes without as-of inputs,,,,
KXTITLEDTUESTOP,Chess,Titled Tuesday,field_finish,not_attempted_supported_sport,,,,unattempted,no independent results adapter for this competition in Phase 1 (game_winner only via Kalshi-only path),,,,
KX30THURSDAYTOP,Chess,,field_finish,not_attempted_supported_sport,,,,unattempted,no traded markets,,,,
KXTITLEDTUESDAY,Chess,Titled Tuesday,game_winner,no_test_contracts,k_kxtitledtuesday,kalshi_only,game_winner,supported,frozen elo model,exact,,,candle rule
KXCHESSMATCH,Chess,Chess Matches,game_winner,no_test_contracts,k_kxchessmatch,kalshi_only,game_winner,supported,frozen elo model,exact,,,candle rule
KX30THURSDAY,Chess,,game_winner,not_attempted_supported_sport,,,,unattempted,no traded markets,,,,
KXCHESSGAME,Chess,Chess,other_novelty,not_attempted_supported_sport,,,,unattempted,out of scope (novelty),,,,
KXCHESSOLYMPIADUSA,Chess,Chess Tournaments,other_novelty,not_attempted_supported_sport,,,,unattempted,out of scope (novelty),,,,
KXSINQUEFIELDCHESS,Chess,,other_novelty,not_attempted_supported_sport,,,,unattempted,out of scope (novelty),,,,
KXCHESSFIDERATINGTOP,Chess,FIDE Ratings,rankings_polls,not_attempted_supported_sport,,,,unattempted,rankings/polls: poll processes (KenPom paid),,,,
KXCHESSFIDERATING,Chess,FIDE Ratings,rankings_polls,not_attempted_supported_sport,,,,unattempted,rankings/polls: poll processes (KenPom paid),,,,
KXCHESSCANDIDATES,Chess,,tournament_outright,not_attempted_supported_sport,,,,unattempted,outright/bracket: few independent outcomes per season; needs prospective capture + simulation,,,,
KXCHESSWORLDCHAMPION,Chess,Chess Tournaments,tournament_outright,not_attempted_supported_sport,,,,unattempted,outright/bracket: few independent outcomes per season; needs prospective capture + simulation,,,,
KXCHESSNORWAY,Chess,Chess Tournaments,tournament_outright,not_attempted_supported_sport,,,,unattempted,outright/bracket: few independent outcomes per season; needs prospective capture + simulation,,,,
KXNORWAYCHESS,Chess,,tournament_outright,not_attempted_supported_sport,,,,unattempted,outright/bracket: few independent outcomes per season; needs prospective capture + simulation,,,,
KXCHESSTOURNAMENT,Chess,Chess Tournaments,tournament_outright,not_attempted_supported_sport,,,,unattempted,outright/bracket: few independent outcomes per season; needs prospective capture + simulation,,,,
KXCHESS,Chess,Chess,tournament_outright,not_attempted_supported_sport,,,,unattempted,outright/bracket: few independent outcomes per season; needs prospective capture + simulation,,,,
KXCHESSOLYMPIAD,Chess,Chess Tournaments,tournament_outright,not_attempted_supported_sport,,,,unattempted,outright/bracket: few independent outcomes per season; needs prospective capture + simulation,,,,
KXFIDECANDIDATES,Chess,,tournament_outright,not_attempted_supported_sport,,,,unattempted,outright/bracket: few independent outcomes per season; needs prospective capture + simulation,,,,
KXCHESSGRANDTOUR,Chess,Chess Tournaments,tournament_outright,not_attempted_supported_sport,,,,unattempted,outright/bracket: few independent outcomes per season; needs prospective capture + simulation,,,,
KXSPEEDCHESS,Chess,,tournament_outright,not_attempted_supported_sport,,,,unattempted,outright/bracket: few independent outcomes per season; needs prospective capture + simulation,,,,
KXCHESSPOLAND,Chess,,tournament_outright,not_attempted_supported_sport,,,,unattempted,outright/bracket: few independent outcomes per season; needs prospective capture + simulation,,,,
KXCHESSGRENKEOPEN,Chess,,tournament_outright,not_attempted_supported_sport,,,,unattempted,outright/bracket: few independent outcomes per season; needs prospective capture + simulation,,,,
KXWEISSENHAUS,Chess,,tournament_outright,not_attempted_supported_sport,,,,unattempted,outright/bracket: few independent outcomes per season; needs prospective capture + simulation,,,,
KXCHESSGRENKECLASSIC,Chess,,tournament_outright,not_attempted_supported_sport,,,,unattempted,outright/bracket: few independent outcomes per season; needs prospective capture + simulation,,,,
KXCHESSSINQUEFIELD,Chess,,tournament_outright,not_attempted_supported_sport,,,,unattempted,outright/bracket: few independent outcomes per season; needs prospective capture + simulation,,,,
KXCHESSTTEARLY,Chess,,tournament_outright,not_attempted_supported_sport,,,,unattempted,outright/bracket: few independent outcomes per season; needs prospective capture + simulation,,,,
KXCHESSTTLATE,Chess,,tournament_outright,not_attempted_supported_sport,,,,unattempted,outright/bracket: few independent outcomes per season; needs prospective capture + simulation,,,,
KXFCSOUTHAFRICA,Chess,,tournament_outright,not_attempted_supported_sport,,,,unattempted,outright/bracket: few independent outcomes per season; needs prospective capture + simulation,,,,
KXFIDECHESSCHAMPION,Chess,,tournament_outright,not_attempted_supported_sport,,,,unattempted,outright/bracket: few independent outcomes per season; needs prospective capture + simulation,,,,
KXSAGRANDSLAM,Chess,,tournament_outright,not_attempted_supported_sport,,,,unattempted,outright/bracket: few independent outcomes per season; needs prospective capture + simulation,,,,
KXIPLORANGECAP,Cricket,IPL,awards,not_attempted_supported_sport,,,,unattempted,awards: voting outcomes without as-of inputs,,,,
KXIPLPURPLECAP,Cricket,IPL,awards,not_attempted_supported_sport,,,,unattempted,awards: voting outcomes without as-of inputs,,,,
KXIPLGAME,Cricket,IPL,game_winner,kalshi_settlement_only_evaluated,k_kxiplgame,kalshi_only,game_winner,supported,frozen elo model,exact,unavailable: training support below threshold,unavailable: matched training support below threshold,candle rule
KXT20MATCH,Cricket,T20 (M),game_winner,kalshi_settlement_only_evaluated,k_kxt20match,kalshi_only,game_winner,supported,frozen elo model,exact,unavailable: training support below threshold,unavailable: matched training support below threshold,candle rule
KXODIMATCH,Cricket,One-Day Cup,game_winner,kalshi_settlement_only_evaluated,k_kxodimatch,kalshi_only,game_winner,supported,frozen elo model,exact,unavailable: training support below threshold,unavailable: matched training support below threshold,candle rule
KXCPLMATCH,Cricket,Caribbean Premier League,game_winner,kalshi_settlement_only_evaluated,k_kxcplmatch,kalshi_only,game_winner,supported,frozen elo model,exact,unavailable: training support below threshold,unavailable: matched training support below threshold,candle rule
KXWT20MATCH,Cricket,T20 International (W),game_winner,kalshi_settlement_only_evaluated,k_kxwt20match,kalshi_only,game_winner,supported,frozen elo model,exact,unavailable: training support below threshold,unavailable: matched training support below threshold,candle rule
KXHUNDREDMATCH,Cricket,The Hundred (M),game_winner,kalshi_settlement_only_evaluated,k_kxhundredmatch,kalshi_only,game_winner,supported,frozen elo model,exact,unavailable: training support below threshold,unavailable: matched training support below threshold,candle rule
KXWHUNDREDMATCH,Cricket,The Hundred (W),game_winner,kalshi_settlement_only_evaluated,k_kxwhundredmatch,kalshi_only,game_winner,supported,frozen elo model,exact,unavailable: training support below threshold,unavailable: matched training support below threshold,candle rule
KXTESTMATCH,Cricket,Test International (M),game_winner,kalshi_settlement_only_evaluated,k_kxtestmatch,kalshi_only,game_winner,supported,frozen elo model,exact,unavailable: training support below threshold,unavailable: matched training support below threshold,candle rule
KXIPL,Cricket,IPL,game_winner,no_test_contracts,k_kxipl,kalshi_only,game_winner,supported,frozen elo model,exact,,,candle rule
KXPSLGAME,Cricket,PSL,game_winner,kalshi_settlement_only_evaluated,k_kxpslgame,kalshi_only,game_winner,supported,frozen elo model,exact,unavailable: training support below threshold,unavailable: matched training support below threshold,candle rule
KXLPLMATCH,Cricket,Lanka Premier League,game_winner,kalshi_settlement_only_evaluated,k_kxlplmatch,kalshi_only,game_winner,supported,frozen elo model,exact,unavailable: training support below threshold,unavailable: matched training support below threshold,candle rule
KXCRICKETODIMATCH,Cricket,ODI,game_winner,kalshi_settlement_only_evaluated,k_kxcricketodimatch,kalshi_only,game_winner,supported,frozen elo model,exact,unavailable: training support below threshold,unavailable: matched training support below threshold,candle rule
KXWODIMATCH,Cricket,ODI (W),game_winner,kalshi_settlement_only_evaluated,k_kxwodimatch,kalshi_only,game_winner,supported,frozen elo model,exact,unavailable: training support below threshold,unavailable: matched training support below threshold,candle rule
KXCRICKETT20IMATCH,Cricket,T20 International,game_winner,kalshi_settlement_only_evaluated,k_kxcrickett20imatch,kalshi_only,game_winner,supported,frozen elo model,exact,unavailable: training support below threshold,unavailable: matched training support below threshold,candle rule
KXCRICKETTESTMATCH,Cricket,Test International,game_winner,kalshi_settlement_only_evaluated,k_kxcrickettestmatch,kalshi_only,game_winner,supported,frozen elo model,exact,unavailable: training support below threshold,unavailable: matched training support below threshold,candle rule
KXWT20WORLDCUP,Cricket,Women's T20 World Cup,game_winner,no_test_contracts,k_kxwt20worldcup,kalshi_only,game_winner,supported,frozen elo model,exact,,,candle rule
KXWTESTMATCH,Cricket,Test International (W),game_winner,kalshi_settlement_only_evaluated,k_kxwtestmatch,kalshi_only,game_winner,supported,frozen elo model,exact,unavailable: training support below threshold,unavailable: matched training support below threshold,candle rule
KXT20CANADAMATCH,Cricket,Global T20 Canada,game_winner,no_test_contracts,k_kxt20canadamatch,kalshi_only,game_winner,supported,frozen elo model,exact,,,candle rule
KXWPLGAME,Cricket,Women's Premier League,game_winner,kalshi_settlement_only_evaluated,k_kxwplgame,kalshi_only,game_winner,supported,frozen elo model,exact,unavailable: training support below threshold,unavailable: matched training support below threshold,candle rule
KXSSHIELDMATCH,Cricket,Sheffield Shield,game_winner,no_test_contracts,k_kxsshieldmatch,kalshi_only,game_winner,supported,frozen elo model,exact,,,candle rule
KXCRICKETWOMENODIMATCH,Cricket,,game_winner,not_attempted_supported_sport,,,,unattempted,no traded markets,,,,
KXCRICKETWOMENT20IMATCH,Cricket,,game_winner,not_attempted_supported_sport,,,,unattempted,no traded markets,,,,
KXCRICKETWOMENTESTMATCH,Cricket,,game_winner,not_attempted_supported_sport,,,,unattempted,no traded markets,,,,
KXIPLFIRST10,Cricket,,player_prop,not_attempted_supported_sport,,,,unattempted,player/appearance-conditioned; pregame participation not reconstructable as-of (not modelled),,,,
KXIPLFIRST15,Cricket,,player_prop,not_attempted_supported_sport,,,,unattempted,player/appearance-conditioned; pregame participation not reconstructable as-of (not modelled),,,,
KXIPLFIRST6,Cricket,,player_prop,not_attempted_supported_sport,,,,unattempted,player/appearance-conditioned; pregame participation not reconstructable as-of (not modelled),,,,
KXT20FIRST10,Cricket,,player_prop,not_attempted_supported_sport,,,,unattempted,player/appearance-conditioned; pregame participation not reconstructable as-of (not modelled),,,,
KXT20FIRST15,Cricket,,player_prop,not_attempted_supported_sport,,,,unattempted,player/appearance-conditioned; pregame participation not reconstructable as-of (not modelled),,,,
KXT20FIRST6,Cricket,,player_prop,not_attempted_supported_sport,,,,unattempted,player/appearance-conditioned; pregame participation not reconstructable as-of (not modelled),,,,
KXIPLSIX,Cricket,IPL,score_props,not_attempted_supported_sport,,,,unattempted,no independent results adapter for this competition in Phase 1 (game_winner only via Kalshi-only path),,,,
KXIPLFOUR,Cricket,IPL,score_props,not_attempted_supported_sport,,,,unattempted,no independent results adapter for this competition in Phase 1 (game_winner only via Kalshi-only path),,,,
KXT20SIX,Cricket,Men's T20 World Cup,score_props,not_attempted_supported_sport,,,,unattempted,no independent results adapter for this competition in Phase 1 (game_winner only via Kalshi-only path),,,,
KXT20FOUR,Cricket,Men's T20 World Cup,score_props,not_attempted_supported_sport,,,,unattempted,no independent results adapter for this competition in Phase 1 (game_winner only via Kalshi-only path),,,,
KXT20SIXES,Cricket,,score_props,not_attempted_supported_sport,,,,unattempted,no traded markets,,,,
KXIPLTEAMTOTAL,Cricket,IPL,team_total,not_attempted_supported_sport,,,,unattempted,no independent results adapter for this competition in Phase 1 (game_winner only via Kalshi-only path),,,,
KXT20TEAMTOTAL,Cricket,Major League Cricket,team_total,not_attempted_supported_sport,,,,unattempted,no independent results adapter for this competition in Phase 1 (game_winner only via Kalshi-only path),,,,
KXCPLTEAMTOTAL,Cricket,Caribbean Premier League,team_total,not_attempted_supported_sport,,,,unattempted,no independent results adapter for this competition in Phase 1 (game_winner only via Kalshi-only path),,,,
KXWT20TEAMTOTAL,Cricket,Women's T20 World Cup,team_total,not_attempted_supported_sport,,,,unattempted,no independent results adapter for this competition in Phase 1 (game_winner only via Kalshi-only path),,,,
KXTESTINNINGTOTAL,Cricket,,test_placeholder,not_attempted_supported_sport,,,,unattempted,out of scope (test),,,,
KXIPLTOTAL,Cricket,,total,not_attempted_supported_sport,,,,unattempted,no traded markets,,,,
KXT20TOTAL,Cricket,,total,not_attempted_supported_sport,,,,unattempted,no traded markets,,,,
KXT20WORLDCUP,Cricket,Men's T20 World Cup,tournament_outright,not_attempted_supported_sport,,,,unattempted,outright/bracket: few independent outcomes per season; needs prospective capture + simulation,,,,
KXCOUNTYCHAMPMATCH,Cricket,County Championship,tournament_outright,not_attempted_supported_sport,,,,unattempted,outright/bracket: few independent outcomes per season; needs prospective capture + simulation,,,,
KXCPL,Cricket,Caribbean Premier League,tournament_outright,not_attempted_supported_sport,,,,unattempted,outright/bracket: few independent outcomes per season; needs prospective capture + simulation,,,,
KXIPLPLAYOFF,Cricket,IPL,tournament_outright,not_attempted_supported_sport,,,,unattempted,outright/bracket: few independent outcomes per season; needs prospective capture + simulation,,,,
KXASIACUPCRICKET,Cricket,,tournament_outright,not_attempted_supported_sport,,,,unattempted,outright/bracket: few independent outcomes per season; needs prospective capture + simulation,,,,
KXIPLFINALS,Cricket,IPL,tournament_outright,not_attempted_supported_sport,,,,unattempted,outright/bracket: few independent outcomes per season; needs prospective capture + simulation,,,,
KXIPLFINAL,Cricket,,tournament_outright,not_attempted_supported_sport,,,,unattempted,outright/bracket: few independent outcomes per season; needs prospective capture + simulation,,,,
KXMLC,Cricket,Major League Cricket,tournament_outright,not_attempted_supported_sport,,,,unattempted,outright/bracket: few independent outcomes per season; needs prospective capture + simulation,,,,
KXPSL,Cricket,PSL,tournament_outright,not_attempted_supported_sport,,,,unattempted,outright/bracket: few independent outcomes per season; needs prospective capture + simulation,,,,
KXWPL,Cricket,Women's Premier League,tournament_outright,not_attempted_supported_sport,,,,unattempted,outright/bracket: few independent outcomes per season; needs prospective capture + simulation,,,,
KXHUNDRED,Cricket,The Hundred (M),tournament_outright,not_attempted_supported_sport,,,,unattempted,outright/bracket: few independent outcomes per season; needs prospective capture + simulation,,,,
KXLPL,Cricket,Lanka Premier League,tournament_outright,not_attempted_supported_sport,,,,unattempted,outright/bracket: few independent outcomes per season; needs prospective capture + simulation,,,,
KXT20CANADA,Cricket,,tournament_outright,not_attempted_supported_sport,,,,unattempted,outright/bracket: few independent outcomes per season; needs prospective capture + simulation,,,,
KXCYCLINGJERSEY,Cycling,Vuelta a Espana,awards,not_attempted_unsupported_sport,,,,unattempted,awards: voting outcomes without as-of inputs,,,,
KXCYCLINGSTAGE,Cycling,Tour de France,field_finish,not_attempted_unsupported_sport,,,,unattempted,no independent results adapter for this competition in Phase 1 (game_winner only via Kalshi-only path),,,,
KXCYCLING,Cycling,Cycling,tournament_outright,not_attempted_unsupported_sport,,,,unattempted,outright/bracket: few independent outcomes per season; needs prospective capture + simulation,,,,
KXCYCLINGTEAM,Cycling,Tour de France,tournament_outright,not_attempted_unsupported_sport,,,,unattempted,outright/bracket: few independent outcomes per season; needs prospective capture + simulation,,,,
KXDARTSMATCH,Darts,Modus Super Series,game_winner,kalshi_settlement_only_evaluated,k_kxdartsmatch,kalshi_only,game_winner,supported,frozen elo model,exact,unavailable: training support below threshold,unavailable: matched training support below threshold,candle rule
KXPDCDARTS,Darts,PDC,tournament_outright,not_attempted_supported_sport,,,,unattempted,outright/bracket: few independent outcomes per season; needs prospective capture + simulation,,,,
KXPREMDARTS,Darts,Premier League Darts,tournament_outright,not_attempted_supported_sport,,,,unattempted,outright/bracket: few independent outcomes per season; needs prospective capture + simulation,,,,
KXZYWOOMVPBP,Esports,,awards,not_attempted_supported_sport,,,,unattempted,awards: voting outcomes without as-of inputs,,,,
KXWORLDSMVP,Esports,,awards,not_attempted_supported_sport,,,,unattempted,awards: voting outcomes without as-of inputs,,,,
KXCHOVYMVPWF,Esports,,awards,not_attempted_supported_sport,,,,unattempted,awards: voting outcomes without as-of inputs,,,,
KXLOLAWARD,Esports,League of Legends,awards,not_attempted_supported_sport,,,,unattempted,awards: voting outcomes without as-of inputs,,,,
KXVALORANTAWARD,Esports,Valorant,awards,not_attempted_supported_sport,,,,unattempted,awards: voting outcomes without as-of inputs,,,,
KXCHOVYMVP,Esports,,awards,not_attempted_supported_sport,,,,unattempted,awards: voting outcomes without as-of inputs,,,,
KXCHOVYMVPBP,Esports,,awards,not_attempted_supported_sport,,,,unattempted,awards: voting outcomes without as-of inputs,,,,
KXRANKLISTCS2TEAM,Esports,,awards,not_attempted_supported_sport,,,,unattempted,awards: voting outcomes without as-of inputs,,,,
KXZYWOOMVP,Esports,,awards,not_attempted_supported_sport,,,,unattempted,awards: voting outcomes without as-of inputs,,,,
KXCS2GAME,Esports,CS2,game_winner,kalshi_settlement_only_evaluated,k_kxcs2game,kalshi_only,game_winner,supported,frozen elo model,exact,unavailable: training support below threshold,unavailable: matched training support below threshold,candle rule
KXLOLGAME,Esports,League of Legends,game_winner,kalshi_settlement_only_evaluated,k_kxlolgame,kalshi_only,game_winner,supported,frozen elo model,exact,unavailable: training support below threshold,unavailable: matched training support below threshold,candle rule
KXVALORANTGAME,Esports,Valorant,game_winner,kalshi_settlement_only_evaluated,k_kxvalorantgame,kalshi_only,game_winner,supported,frozen elo model,exact,unavailable: training support below threshold,unavailable: matched training support below threshold,candle rule
KXDOTA2GAME,Esports,Dota 2,game_winner,kalshi_settlement_only_evaluated,k_kxdota2game,kalshi_only,game_winner,supported,frozen elo model,exact,unavailable: training support below threshold,unavailable: matched training support below threshold,candle rule
KXCODGAME,Esports,Call of Duty,game_winner,kalshi_settlement_only_evaluated,k_kxcodgame,kalshi_only,game_winner,supported,frozen elo model,exact,unavailable: training support below threshold,unavailable: matched training support below threshold,candle rule
KXCSGOGAME,Esports,Counter-Strike 2,game_winner,no_test_contracts,k_kxcsgogame,kalshi_only,game_winner,supported,frozen elo model,exact,unavailable: training support below threshold,unavailable: matched training support below threshold,candle rule
KXR6GAME,Esports,R6,game_winner,kalshi_settlement_only_evaluated,k_kxr6game,kalshi_only,game_winner,supported,frozen elo model,exact,unavailable: training support below threshold,unavailable: matched training support below threshold,candle rule
KXLOLGAMES,Esports,LoL,game_winner,no_test_contracts,k_kxlolgames,kalshi_only,game_winner,supported,frozen elo model,exact,,,candle rule
KXOWGAME,Esports,Overwatch,game_winner,kalshi_settlement_only_evaluated,k_kxowgame,kalshi_only,game_winner,supported,frozen elo model,exact,unavailable: training support below threshold,unavailable: matched training support below threshold,candle rule
KXRLGAME,Esports,Rocket League,game_winner,kalshi_settlement_only_evaluated,k_kxrlgame,kalshi_only,game_winner,supported,frozen elo model,exact,unavailable: training support below threshold,unavailable: matched training support below threshold,candle rule
KXESOCCERGAME,Esports,eSoccer,game_winner,no_test_contracts,k_kxesoccergame,kalshi_only,game_winner,supported,frozen elo model,exact,,,candle rule
KXFORTNITE,Esports,Fortnite,game_winner,no_test_contracts,k_kxfortnite,kalshi_only,game_winner,supported,frozen elo model,exact,,,candle rule
KXEBASKETBALLGAME,Esports,eBasketball,game_winner,no_test_contracts,k_kxebasketballgame,kalshi_only,game_winner,supported,frozen elo model,exact,,,candle rule
KXDOTA2GAME3WAY,Esports,,game_winner,not_attempted_supported_sport,,,,unattempted,no traded markets,,,,
KXEBBALLGAME,Esports,,game_winner,not_attempted_supported_sport,,,,unattempted,no traded markets,,,,
KXEFOOTBALLGAME,Esports,,game_winner,not_attempted_supported_sport,,,,unattempted,no traded markets,,,,
KXMLBBGAME,Esports,,game_winner,not_attempted_supported_sport,,,,unattempted,no traded markets,,,,
KXRLMAP,Esports,,game_winner,not_attempted_supported_sport,,,,unattempted,no traded markets,,,,
KXROCKETLEAGUEGAME,Esports,,game_winner,not_attempted_supported_sport,,,,unattempted,no traded markets,,,,
KXVALORANTGAMETEAMVSMIBR,Esports,Esports,game_winner,not_attempted_supported_sport,,,,unattempted,no traded markets,,,,
KXRANKLISTCS2PLAYER,Esports,CS2,other_novelty,not_attempted_supported_sport,,,,unattempted,out of scope (novelty),,,,
KXCHARCOUNTLOLWORLDS,Esports,,other_novelty,not_attempted_supported_sport,,,,unattempted,out of scope (novelty),,,,
KXROSTERT1,Esports,,other_novelty,not_attempted_supported_sport,,,,unattempted,out of scope (novelty),,,,
KXVALPLPHIL,Esports,Valorant,other_novelty,not_attempted_supported_sport,,,,unattempted,out of scope (novelty),,,,
KXVALPLIND,Esports,Valorant,other_novelty,not_attempted_supported_sport,,,,unattempted,out of scope (novelty),,,,
KXSPORTSIGNINSPIRED,Esports,,other_novelty,not_attempted_supported_sport,,,,unattempted,out of scope (novelty),,,,
KXDOTA2MBH,Esports,Dota 2,other_novelty,not_attempted_supported_sport,,,,unattempted,out of scope (novelty),,,,
KXDOTA2MPH,Esports,Dota 2,other_novelty,not_attempted_supported_sport,,,,unattempted,out of scope (novelty),,,,
KXCS2GAMES,Esports,,other_novelty,not_attempted_supported_sport,,,,unattempted,out of scope (novelty),,,,
KXCSGOADVANCE,Esports,,other_novelty,not_attempted_supported_sport,,,,unattempted,out of scope (novelty),,,,
KXNIKOAWPMAJOR,Esports,,other_novelty,not_attempted_supported_sport,,,,unattempted,out of scope (novelty),,,,
KXVALPL,Esports,,other_novelty,not_attempted_supported_sport,,,,unattempted,out of scope (novelty),,,,
KXLOLMAP,Esports,League of Legends,segment,not_attempted_supported_sport,,,,unattempted,no independent results adapter for this competition in Phase 1 (game_winner only via Kalshi-only path),,,,
KXCS2MAP,Esports,CS2,segment,not_attempted_supported_sport,,,,unattempted,no independent results adapter for this competition in Phase 1 (game_winner only via Kalshi-only path),,,,
KXVALORANTMAP,Esports,Valorant,segment,not_attempted_supported_sport,,,,unattempted,no independent results adapter for this competition in Phase 1 (game_winner only via Kalshi-only path),,,,
KXDOTA2MAP,Esports,Dota 2,segment,not_attempted_supported_sport,,,,unattempted,no independent results adapter for this competition in Phase 1 (game_winner only via Kalshi-only path),,,,
KXCODMAP,Esports,Call of Duty,segment,not_attempted_supported_sport,,,,unattempted,no independent results adapter for this competition in Phase 1 (game_winner only via Kalshi-only path),,,,
KXR6MAP,Esports,R6,segment,not_attempted_supported_sport,,,,unattempted,no independent results adapter for this competition in Phase 1 (game_winner only via Kalshi-only path),,,,
KXCSGOMAP,Esports,Counter-Strike 2,segment,not_attempted_supported_sport,,,,unattempted,no independent results adapter for this competition in Phase 1 (game_winner only via Kalshi-only path),,,,
KXCS2MAPWINNER,Esports,,segment,not_attempted_supported_sport,,,,unattempted,no traded markets,,,,
KXCODSPREAD,Esports,,spread,not_attempted_supported_sport,,,,unattempted,no traded markets,,,,
KXCS2SPREAD,Esports,,spread,not_attempted_supported_sport,,,,unattempted,no traded markets,,,,
KXDOTA2SPREAD,Esports,,spread,not_attempted_supported_sport,,,,unattempted,no traded markets,,,,
KXLOLSPREAD,Esports,,spread,not_attempted_supported_sport,,,,unattempted,no traded markets,,,,
KXOWSPREAD,Esports,,spread,not_attempted_supported_sport,,,,unattempted,no traded markets,,,,
KXR6SPREAD,Esports,,spread,not_attempted_supported_sport,,,,unattempted,no traded markets,,,,
KXRLSPREAD,Esports,,spread,not_attempted_supported_sport,,,,unattempted,no traded markets,,,,
KXVALORANTSPREAD,Esports,,spread,not_attempted_supported_sport,,,,unattempted,no traded markets,,,,
KXESPORTSTEST,Esports,,test_placeholder,not_attempted_supported_sport,,,,unattempted,out of scope (test),,,,
KXLOLTOTALMAPS,Esports,League of Legends,total,not_attempted_supported_sport,,,,unattempted,no independent results adapter for this competition in Phase 1 (game_winner only via Kalshi-only path),,,,
KXCS2TOTALMAPS,Esports,CS2,total,not_attempted_supported_sport,,,,unattempted,no independent results adapter for this competition in Phase 1 (game_winner only via Kalshi-only path),,,,
KXCODTOTALMAPS,Esports,Call of Duty,total,not_attempted_supported_sport,,,,unattempted,no independent results adapter for this competition in Phase 1 (game_winner only via Kalshi-only path),,,,
KXVALORANTTOTALMAPS,Esports,Valorant,total,not_attempted_supported_sport,,,,unattempted,no independent results adapter for this competition in Phase 1 (game_winner only via Kalshi-only path),,,,
KXDOTA2TOTALMAPS,Esports,Dota 2,total,not_attempted_supported_sport,,,,unattempted,no independent results adapter for this competition in Phase 1 (game_winner only via Kalshi-only path),,,,
KXLOLTOTAL,Esports,,total,not_attempted_supported_sport,,,,unattempted,no traded markets,,,,
KXOWTOTALMAPS,Esports,,total,not_attempted_supported_sport,,,,unattempted,no traded markets,,,,
KXR6TOTALMAPS,Esports,,total,not_attempted_supported_sport,,,,unattempted,no traded markets,,,,
KXRLTOTALMAPS,Esports,,total,not_attempted_supported_sport,,,,unattempted,no traded markets,,,,
KXCS2,Esports,CS2,tournament_outright,not_attempted_supported_sport,,,,unattempted,outright/bracket: few independent outcomes per season; needs prospective capture + simulation,,,,
KXLEAGUEWORLDS,Esports,,tournament_outright,not_attempted_supported_sport,,,,unattempted,outright/bracket: few independent outcomes per season; needs prospective capture + simulation,,,,
KXCOD,Esports,Call of Duty,tournament_outright,not_attempted_supported_sport,,,,unattempted,outright/bracket: few independent outcomes per season; needs prospective capture + simulation,,,,
KXSTARLADDERBUDAPESTMAJOR,Esports,Counter-Strike 2,tournament_outright,not_attempted_supported_sport,,,,unattempted,outright/bracket: few independent outcomes per season; needs prospective capture + simulation,,,,
KXLOL,Esports,League of Legends,tournament_outright,not_attempted_supported_sport,,,,unattempted,outright/bracket: few independent outcomes per season; needs prospective capture + simulation,,,,
KXDOTA2,Esports,Dota 2,tournament_outright,not_attempted_supported_sport,,,,unattempted,outright/bracket: few independent outcomes per season; needs prospective capture + simulation,,,,
KXVALORANT,Esports,Valorant,tournament_outright,not_attempted_supported_sport,,,,unattempted,outright/bracket: few independent outcomes per season; needs prospective capture + simulation,,,,
KXBLASTRIVALS2,Esports,Counter-Strike 2,tournament_outright,not_attempted_supported_sport,,,,unattempted,outright/bracket: few independent outcomes per season; needs prospective capture + simulation,,,,
KXCS2QUALIFIERS,Esports,CS2,tournament_outright,not_attempted_supported_sport,,,,unattempted,outright/bracket: few independent outcomes per season; needs prospective capture + simulation,,,,
KXPGLBUCH,Esports,Counter-Strike 2,tournament_outright,not_attempted_supported_sport,,,,unattempted,outright/bracket: few independent outcomes per season; needs prospective capture + simulation,,,,
KXMIDSEASONINVITATIONALB,Esports,,tournament_outright,not_attempted_supported_sport,,,,unattempted,outright/bracket: few independent outcomes per season; needs prospective capture + simulation,,,,
KXEWCCHESS2025,Esports,,tournament_outright,not_attempted_supported_sport,,,,unattempted,outright/bracket: few independent outcomes per season; needs prospective capture + simulation,,,,
KXTORONTOULTRACHAMPIONSHIP,Esports,,tournament_outright,not_attempted_supported_sport,,,,unattempted,outright/bracket: few independent outcomes per season; needs prospective capture + simulation,,,,
KXAUSTINMAJOR,Esports,,tournament_outright,not_attempted_supported_sport,,,,unattempted,outright/bracket: few independent outcomes per season; needs prospective capture + simulation,,,,
KXROCKETLEAGUE,Esports,Rocket League,tournament_outright,not_attempted_supported_sport,,,,unattempted,outright/bracket: few independent outcomes per season; needs prospective capture + simulation,,,,
KXIEMCHEN,Esports,Counter-Strike 2,tournament_outright,not_attempted_supported_sport,,,,unattempted,outright/bracket: few independent outcomes per season; needs prospective capture + simulation,,,,
KXEWCLEAGUEOFLEGENDS,Esports,,tournament_outright,not_attempted_supported_sport,,,,unattempted,outright/bracket: few independent outcomes per season; needs prospective capture + simulation,,,,
KXCS2QUALIFY,Esports,Counter-Strike 2,tournament_outright,not_attempted_supported_sport,,,,unattempted,outright/bracket: few independent outcomes per season; needs prospective capture + simulation,,,,
KXEWCCALLOFDUTYBLOPS6,Esports,,tournament_outright,not_attempted_supported_sport,,,,unattempted,outright/bracket: few independent outcomes per season; needs prospective capture + simulation,,,,
KXVCCHAMPIONSPARIS,Esports,,tournament_outright,not_attempted_supported_sport,,,,unattempted,outright/bracket: few independent outcomes per season; needs prospective capture + simulation,,,,
KXVALGCSEOUL,Esports,Valorant,tournament_outright,not_attempted_supported_sport,,,,unattempted,outright/bracket: few independent outcomes per season; needs prospective capture + simulation,,,,
KXR6,Esports,R6,tournament_outright,not_attempted_supported_sport,,,,unattempted,outright/bracket: few independent outcomes per season; needs prospective capture + simulation,,,,
KXGEOGUESSR,Esports,GeoGuessr World Championship,tournament_outright,not_attempted_supported_sport,,,,unattempted,outright/bracket: few independent outcomes per season; needs prospective capture + simulation,,,,
KXBRAWLSTARS,Esports,Brawl Stars,tournament_outright,not_attempted_supported_sport,,,,unattempted,outright/bracket: few independent outcomes per season; needs prospective capture + simulation,,,,
KXOVERWATCH,Esports,Overwatch,tournament_outright,not_attempted_supported_sport,,,,unattempted,outright/bracket: few independent outcomes per season; needs prospective capture + simulation,,,,
KXODINVCTFINALS,Esports,,tournament_outright,not_attempted_supported_sport,,,,unattempted,outright/bracket: few independent outcomes per season; needs prospective capture + simulation,,,,
KXCS2IEMCOLOGNE,Esports,,tournament_outright,not_attempted_supported_sport,,,,unattempted,outright/bracket: few independent outcomes per season; needs prospective capture + simulation,,,,
KXEWCSTARCRAFTII,Esports,,tournament_outright,not_attempted_supported_sport,,,,unattempted,outright/bracket: few independent outcomes per season; needs prospective capture + simulation,,,,
KXEWCVALORANT,Esports,,tournament_outright,not_attempted_supported_sport,,,,unattempted,outright/bracket: few independent outcomes per season; needs prospective capture + simulation,,,,
KXLOL1STTIMEWIN,Esports,Esports,tournament_outright,not_attempted_supported_sport,,,,unattempted,outright/bracket: few independent outcomes per season; needs prospective capture + simulation,,,,
KXEWCDOTA2,Esports,,tournament_outright,not_attempted_supported_sport,,,,unattempted,outright/bracket: few independent outcomes per season; needs prospective capture + simulation,,,,
KXLOLQUALIFIERS,Esports,League of Legends,tournament_outright,not_attempted_supported_sport,,,,unattempted,outright/bracket: few independent outcomes per season; needs prospective capture + simulation,,,,
KXEWCCS2,Esports,,tournament_outright,not_attempted_supported_sport,,,,unattempted,outright/bracket: few independent outcomes per season; needs prospective capture + simulation,,,,
KXVALORANTGROUPWIN,Esports,Valorant,tournament_outright,not_attempted_supported_sport,,,,unattempted,outright/bracket: few independent outcomes per season; needs prospective capture + simulation,,,,
KXWCCODWARZONE,Esports,,tournament_outright,not_attempted_supported_sport,,,,unattempted,outright/bracket: few independent outcomes per season; needs prospective capture + simulation,,,,
KXPUBG,Esports,PUBG,tournament_outright,not_attempted_supported_sport,,,,unattempted,outright/bracket: few independent outcomes per season; needs prospective capture + simulation,,,,
KXESLPROS1,Esports,Esports,tournament_outright,not_attempted_supported_sport,,,,unattempted,outright/bracket: few independent outcomes per season; needs prospective capture + simulation,,,,
KXVALORANTMASTERSFINALS,Esports,,tournament_outright,not_attempted_supported_sport,,,,unattempted,outright/bracket: few independent outcomes per season; needs prospective capture + simulation,,,,
KXEWCAPEXLEGENDS,Esports,,tournament_outright,not_attempted_supported_sport,,,,unattempted,outright/bracket: few independent outcomes per season; needs prospective capture + simulation,,,,
KXLCKAHRIPICK,Esports,,tournament_outright,not_attempted_supported_sport,,,,unattempted,outright/bracket: few independent outcomes per season; needs prospective capture + simulation,,,,
KXEWCRB6,Esports,,tournament_outright,not_attempted_supported_sport,,,,unattempted,outright/bracket: few independent outcomes per season; needs prospective capture + simulation,,,,
KXVALORANTREGION,Esports,Valorant,tournament_outright,not_attempted_supported_sport,,,,unattempted,outright/bracket: few independent outcomes per season; needs prospective capture + simulation,,,,
KXEWCTEAMFIGHTTACTICS,Esports,,tournament_outright,not_attempted_supported_sport,,,,unattempted,outright/bracket: few independent outcomes per season; needs prospective capture + simulation,,,,
KXBOUNTY2025S2,Esports,,tournament_outright,not_attempted_supported_sport,,,,unattempted,outright/bracket: few independent outcomes per season; needs prospective capture + simulation,,,,
KXVALORANTQUALIFIERS,Esports,Valorant,tournament_outright,not_attempted_supported_sport,,,,unattempted,outright/bracket: few independent outcomes per season; needs prospective capture + simulation,,,,
KXEWCFREEFIRE,Esports,,tournament_outright,not_attempted_supported_sport,,,,unattempted,outright/bracket: few independent outcomes per season; needs prospective capture + simulation,,,,
KXEWCMOBILELEGENDSBBWOMENS,Esports,,tournament_outright,not_attempted_supported_sport,,,,unattempted,outright/bracket: few independent outcomes per season; needs prospective capture + simulation,,,,
KXCROSSFIRE,Esports,Crossfire,tournament_outright,not_attempted_supported_sport,,,,unattempted,outright/bracket: few independent outcomes per season; needs prospective capture + simulation,,,,
KXEWCEASPORTSFC,Esports,,tournament_outright,not_attempted_supported_sport,,,,unattempted,outright/bracket: few independent outcomes per season; needs prospective capture + simulation,,,,
KXEWCRENNSPORT,Esports,,tournament_outright,not_attempted_supported_sport,,,,unattempted,outright/bracket: few independent outcomes per season; needs prospective capture + simulation,,,,
KXLOLREGION,Esports,League of Legends,tournament_outright,not_attempted_supported_sport,,,,unattempted,outright/bracket: few independent outcomes per season; needs prospective capture + simulation,,,,
KXEWCFATALFURY,Esports,,tournament_outright,not_attempted_supported_sport,,,,unattempted,outright/bracket: few independent outcomes per season; needs prospective capture + simulation,,,,
KXCS2QUALIFIER,Esports,,tournament_outright,not_attempted_supported_sport,,,,unattempted,outright/bracket: few independent outcomes per season; needs prospective capture + simulation,,,,
KXCSGO,Esports,,tournament_outright,not_attempted_supported_sport,,,,unattempted,outright/bracket: few independent outcomes per season; needs prospective capture + simulation,,,,
KXEWCCHESS,Esports,,tournament_outright,not_attempted_supported_sport,,,,unattempted,outright/bracket: few independent outcomes per season; needs prospective capture + simulation,,,,
KXEWCHONOROFKINGS,Esports,,tournament_outright,not_attempted_supported_sport,,,,unattempted,outright/bracket: few independent outcomes per season; needs prospective capture + simulation,,,,
KXEWCMLBB,Esports,,tournament_outright,not_attempted_supported_sport,,,,unattempted,outright/bracket: few independent outcomes per season; needs prospective capture + simulation,,,,
KXEWCPUBGBATTLEG,Esports,,tournament_outright,not_attempted_supported_sport,,,,unattempted,outright/bracket: few independent outcomes per season; needs prospective capture + simulation,,,,
KXEWCRAINBOW6SEIGE,Esports,,tournament_outright,not_attempted_supported_sport,,,,unattempted,outright/bracket: few independent outcomes per season; needs prospective capture + simulation,,,,
KXEWCRSS,Esports,,tournament_outright,not_attempted_supported_sport,,,,unattempted,outright/bracket: few independent outcomes per season; needs prospective capture + simulation,,,,
KXFIRSTTIMEWINNER,Esports,,tournament_outright,not_attempted_supported_sport,,,,unattempted,outright/bracket: few independent outcomes per season; needs prospective capture + simulation,,,,
KXLEAGUE,Esports,,tournament_outright,not_attempted_supported_sport,,,,unattempted,outright/bracket: few independent outcomes per season; needs prospective capture + simulation,,,,
KXMIDSEASONINVITATIONAL,Esports,,tournament_outright,not_attempted_supported_sport,,,,unattempted,outright/bracket: few independent outcomes per season; needs prospective capture + simulation,,,,
KXOW,Esports,,tournament_outright,not_attempted_supported_sport,,,,unattempted,outright/bracket: few independent outcomes per season; needs prospective capture + simulation,,,,
KXPGLMASTERSBUCHAREST,Esports,,tournament_outright,not_attempted_supported_sport,,,,unattempted,outright/bracket: few independent outcomes per season; needs prospective capture + simulation,,,,
KXPUBGGC,Esports,,tournament_outright,not_attempted_supported_sport,,,,unattempted,outright/bracket: few independent outcomes per season; needs prospective capture + simulation,,,,
KXHEISMAN,Football,NCAA Football,awards,not_attempted_supported_sport,,,,unattempted,awards: voting outcomes without as-of inputs,,,,
KXNFLSBMVP,Football,Pro Football,awards,not_attempted_supported_sport,,,,unattempted,awards: voting outcomes without as-of inputs,,,,
KXNFLCOTY,Football,Pro Football,awards,not_attempted_supported_sport,,,,unattempted,awards: voting outcomes without as-of inputs,,,,
KXNFLOROTY,Football,Pro Football,awards,not_attempted_supported_sport,,,,unattempted,awards: voting outcomes without as-of inputs,,,,
KXNFLOPOTY,Football,Pro Football,awards,not_attempted_supported_sport,,,,unattempted,awards: voting outcomes without as-of inputs,,,,
KXNFLDPOTY,Football,Pro Football,awards,not_attempted_supported_sport,,,,unattempted,awards: voting outcomes without as-of inputs,,,,
KXNFLDROTY,Football,Pro Football,awards,not_attempted_supported_sport,,,,unattempted,awards: voting outcomes without as-of inputs,,,,
KXNFLCPOTY,Football,Pro Football,awards,not_attempted_supported_sport,,,,unattempted,awards: voting outcomes without as-of inputs,,,,
KXNFLSBMVPPOS,Football,Pro Football,awards,not_attempted_supported_sport,,,,unattempted,awards: voting outcomes without as-of inputs,,,,
KXNCAAFCOTY,Football,NCAA Football,awards,not_attempted_supported_sport,,,,unattempted,awards: voting outcomes without as-of inputs,,,,
KXNFLPROOTY,Football,Pro Football,awards,not_attempted_supported_sport,,,,unattempted,awards: voting outcomes without as-of inputs,,,,
KXHEISMANFINALIST,Football,NCAA Football,awards,not_attempted_supported_sport,,,,unattempted,awards: voting outcomes without as-of inputs,,,,
KXNFLEXECOTY,Football,Pro Football,awards,not_attempted_supported_sport,,,,unattempted,awards: voting outcomes without as-of inputs,,,,
KXNFLHALLOFFAME,Football,Pro Football,awards,not_attempted_supported_sport,,,,unattempted,awards: voting outcomes without as-of inputs,,,,
KXNCAAFAWARD,Football,NCAA Football,awards,not_attempted_supported_sport,,,,unattempted,awards: voting outcomes without as-of inputs,,,,
KXHEISMANSPECIAL,Football,NCAA Football,awards,not_attempted_supported_sport,,,,unattempted,awards: voting outcomes without as-of inputs,,,,
KXNFLPOTM,Football,Pro Football,awards,not_attempted_supported_sport,,,,unattempted,awards: voting outcomes without as-of inputs,,,,
KXNFLROTM,Football,Pro Football,awards,not_attempted_supported_sport,,,,unattempted,awards: voting outcomes without as-of inputs,,,,
KXNFLAWARDFIN,Football,Pro Football,awards,not_attempted_supported_sport,,,,unattempted,awards: voting outcomes without as-of inputs,,,,
KXNFLMVPSPECIALS,Football,Pro Football,awards,not_attempted_supported_sport,,,,unattempted,awards: voting outcomes without as-of inputs,,,,
KXNFLALLPRO,Football,Pro Football,awards,not_attempted_supported_sport,,,,unattempted,awards: voting outcomes without as-of inputs,,,,
KXHEISMANFINSPECIAL,Football,NCAA Football,awards,not_attempted_supported_sport,,,,unattempted,awards: voting outcomes without as-of inputs,,,,
KXNFLOPOYSPECIALS,Football,Pro Football,awards,not_attempted_supported_sport,,,,unattempted,awards: voting outcomes without as-of inputs,,,,
KXNFLWPMOTY,Football,Pro Football,awards,not_attempted_supported_sport,,,,unattempted,awards: voting outcomes without as-of inputs,,,,
KXNFLDPOYSPECIALS,Football,Pro Football,awards,not_attempted_supported_sport,,,,unattempted,awards: voting outcomes without as-of inputs,,,,
KXNCAAFAWARDFIN,Football,NCAA Football,awards,not_attempted_supported_sport,,,,unattempted,awards: voting outcomes without as-of inputs,,,,
KXALMVP,Football,,awards,not_attempted_supported_sport,,,,unattempted,awards: voting outcomes without as-of inputs,,,,
KXCFBCOTY,Football,,awards,not_attempted_supported_sport,,,,unattempted,awards: voting outcomes without as-of inputs,,,,
KXCFBDOBRIEN,Football,,awards,not_attempted_supported_sport,,,,unattempted,awards: voting outcomes without as-of inputs,,,,
KXDEFHEISMAN,Football,,awards,not_attempted_supported_sport,,,,unattempted,awards: voting outcomes without as-of inputs,,,,
KXNCAAFACCAWARD,Football,,awards,not_attempted_supported_sport,,,,unattempted,awards: voting outcomes without as-of inputs,,,,
KXNCAAFBIG12AWARD,Football,,awards,not_attempted_supported_sport,,,,unattempted,awards: voting outcomes without as-of inputs,,,,
KXNCAAFBIGTENAWARD,Football,,awards,not_attempted_supported_sport,,,,unattempted,awards: voting outcomes without as-of inputs,,,,
KXNCAAFCONFAWARD,Football,,awards,not_attempted_supported_sport,,,,unattempted,awards: voting outcomes without as-of inputs,,,,
KXNCAAFCOTW,Football,,awards,not_attempted_supported_sport,,,,unattempted,awards: voting outcomes without as-of inputs,,,,
KXNCAAFSECAWARD,Football,,awards,not_attempted_supported_sport,,,,unattempted,awards: voting outcomes without as-of inputs,,,,
KXNFLASSCOACH,Football,,awards,not_attempted_supported_sport,,,,unattempted,awards: voting outcomes without as-of inputs,,,,
KXNFLCOACH,Football,,awards,not_attempted_supported_sport,,,,unattempted,awards: voting outcomes without as-of inputs,,,,
KXNFLDPOY,Football,,awards,not_attempted_supported_sport,,,,unattempted,awards: voting outcomes without as-of inputs,,,,
KXNFLDROY,Football,,awards,not_attempted_supported_sport,,,,unattempted,awards: voting outcomes without as-of inputs,,,,
KXNFLHOFINDUCTEES,Football,,awards,not_attempted_supported_sport,,,,unattempted,awards: voting outcomes without as-of inputs,,,,
KXNFLOPOY,Football,,awards,not_attempted_supported_sport,,,,unattempted,awards: voting outcomes without as-of inputs,,,,
KXNFLOROY,Football,,awards,not_attempted_supported_sport,,,,unattempted,awards: voting outcomes without as-of inputs,,,,
KXNFLPROBOWLWIN,Football,,awards,not_attempted_supported_sport,,,,unattempted,awards: voting outcomes without as-of inputs,,,,
KXNFLSBMVPDEF,Football,,awards,not_attempted_supported_sport,,,,unattempted,awards: voting outcomes without as-of inputs,,,,
KXNFLSBMVPQB,Football,,awards,not_attempted_supported_sport,,,,unattempted,awards: voting outcomes without as-of inputs,,,,
KXNLMVP,Football,,awards,not_attempted_supported_sport,,,,unattempted,awards: voting outcomes without as-of inputs,,,,
KXWPMOTY,Football,,awards,not_attempted_supported_sport,,,,unattempted,awards: voting outcomes without as-of inputs,,,,
KXNFLPREPACKSGP,Football,Pro Football,combo_parlay,not_attempted_supported_sport,,,,unattempted,out of scope (derived combination),,,,
KXNCAAFPREPACKSGP,Football,College Football Playoffs,combo_parlay,not_attempted_supported_sport,,,,unattempted,out of scope (derived combination),,,,
KXNFLPREPACK2ML,Football,Pro Football,combo_parlay,not_attempted_supported_sport,,,,unattempted,out of scope (derived combination),,,,
KXNFLPREPACK3ML,Football,Pro Football,combo_parlay,not_attempted_supported_sport,,,,unattempted,out of scope (derived combination),,,,
KXNFLPREPACK,Football,Pro Football,combo_parlay,not_attempted_supported_sport,,,,unattempted,out of scope (derived combination),,,,
KXNFLPREPACK1HFT,Football,Pro Football,combo_parlay,not_attempted_supported_sport,,,,unattempted,out of scope (derived combination),,,,
KXNCAAFPREPACK2ML,Football,College Football Playoffs,combo_parlay,not_attempted_supported_sport,,,,unattempted,out of scope (derived combination),,,,
KXNCAAFPREPACK4ML,Football,College Football Playoffs,combo_parlay,not_attempted_supported_sport,,,,unattempted,out of scope (derived combination),,,,
KXNCAAFPREPACK3ML,Football,College Football Playoffs,combo_parlay,not_attempted_supported_sport,,,,unattempted,out of scope (derived combination),,,,
KXNFLCOMBO,Football,Pro Football,combo_parlay,not_attempted_supported_sport,,,,unattempted,out of scope (derived combination),,,,
KXNFLPREPACK1Q1H,Football,,combo_parlay,not_attempted_supported_sport,,,,unattempted,out of scope (derived combination),,,,
KXNFLPREPACKSGPSPREAD,Football,,combo_parlay,not_attempted_supported_sport,,,,unattempted,out of scope (derived combination),,,,
KXNFLDRAFTPICK,Football,Pro Football Draft,draft,not_attempted_supported_sport,,,,unattempted,draft: consensus mocks not archived as-of,,,,
KXNFLDRAFTTOP,Football,Pro Football Draft,draft,not_attempted_supported_sport,,,,unattempted,draft: consensus mocks not archived as-of,,,,
KXNFLDRAFTTEAM,Football,Pro Football Draft,draft,not_attempted_supported_sport,,,,unattempted,draft: consensus mocks not archived as-of,,,,
KXNFLDRAFT1,Football,Pro Football Draft,draft,not_attempted_supported_sport,,,,unattempted,draft: consensus mocks not archived as-of,,,,
KXNFLDRAFTOU,Football,Pro Football Draft,draft,not_attempted_supported_sport,,,,unattempted,draft: consensus mocks not archived as-of,,,,
KXNFLDRAFT1ST,Football,Pro Football,draft,not_attempted_supported_sport,,,,unattempted,draft: consensus mocks not archived as-of,,,,
KXNFLDRAFTCAT,Football,Pro Football Draft,draft,not_attempted_supported_sport,,,,unattempted,draft: consensus mocks not archived as-of,,,,
KXNFLTEAM1POS,Football,Pro Football Draft,draft,not_attempted_supported_sport,,,,unattempted,draft: consensus mocks not archived as-of,,,,
KXNFLDRAFTQB,Football,Pro Football Draft,draft,not_attempted_supported_sport,,,,unattempted,draft: consensus mocks not archived as-of,,,,
KXNFLDRAFTWR,Football,Pro Football Draft,draft,not_attempted_supported_sport,,,,unattempted,draft: consensus mocks not archived as-of,,,,
KXNFLDRAFTOL,Football,Pro Football Draft,draft,not_attempted_supported_sport,,,,unattempted,draft: consensus mocks not archived as-of,,,,
KXNFLDRAFTMATCHUP,Football,Pro Football Draft,draft,not_attempted_supported_sport,,,,unattempted,draft: consensus mocks not archived as-of,,,,
KXNFLDRAFTLB,Football,Pro Football Draft,draft,not_attempted_supported_sport,,,,unattempted,draft: consensus mocks not archived as-of,,,,
KXNFLDRAFTRB,Football,Pro Football Draft,draft,not_attempted_supported_sport,,,,unattempted,draft: consensus mocks not archived as-of,,,,
KXNFLDRAFTEDGE,Football,Pro Football Draft,draft,not_attempted_supported_sport,,,,unattempted,draft: consensus mocks not archived as-of,,,,
KXNFLDRAFTDB,Football,Pro Football Draft,draft,not_attempted_supported_sport,,,,unattempted,draft: consensus mocks not archived as-of,,,,
KXNFLDRAFTTE,Football,Pro Football Draft,draft,not_attempted_supported_sport,,,,unattempted,draft: consensus mocks not archived as-of,,,,
KXNFLDRAFTTEAMPOS,Football,Pro Football Draft,draft,not_attempted_supported_sport,,,,unattempted,draft: consensus mocks not archived as-of,,,,
KXNFLDRAFTCOMPARE,Football,Pro Football Draft,draft,not_attempted_supported_sport,,,,unattempted,draft: consensus mocks not archived as-of,,,,
KXNFLCOMBINE40,Football,Pro Football,draft,not_attempted_supported_sport,,,,unattempted,draft: consensus mocks not archived as-of,,,,
KXNFLDRAFTDT,Football,Pro Football Draft,draft,not_attempted_supported_sport,,,,unattempted,draft: consensus mocks not archived as-of,,,,
KXNFLLASTPICKPOS,Football,Pro Football Draft,draft,not_attempted_supported_sport,,,,unattempted,draft: consensus mocks not archived as-of,,,,
KXNFLSUPDRAFTPICK,Football,Pro Football,draft,not_attempted_supported_sport,,,,unattempted,draft: consensus mocks not archived as-of,,,,
KXNFLCOMBINE,Football,Pro Football,draft,not_attempted_supported_sport,,,,unattempted,draft: consensus mocks not archived as-of,,,,
KXNFLDRAFTEAMPOS,Football,,draft,not_attempted_supported_sport,,,,unattempted,draft: consensus mocks not archived as-of,,,,
KXNFLFIRSTPICK,Football,,draft,not_attempted_supported_sport,,,,unattempted,draft: consensus mocks not archived as-of,,,,
KXNFLSDRAFTTOP,Football,,draft,not_attempted_supported_sport,,,,unattempted,draft: consensus mocks not archived as-of,,,,
KXSUPDRAFTPICK,Football,,draft,not_attempted_supported_sport,,,,unattempted,draft: consensus mocks not archived as-of,,,,
KXNFLSTAGEOFELIM,Football,Pro Football,field_finish,not_attempted_supported_sport,,,,unattempted,no independent results adapter for this competition in Phase 1 (game_winner only via Kalshi-only path),,,,
KXNFLFFH2HSEASON,Football,Pro Football,field_finish,not_attempted_supported_sport,,,,unattempted,no independent results adapter for this competition in Phase 1 (game_winner only via Kalshi-only path),,,,
KXNCAAFB12REGTOP,Football,NCAA Football,field_finish,not_attempted_supported_sport,,,,unattempted,no independent results adapter for this competition in Phase 1 (game_winner only via Kalshi-only path),,,,
KXNCAAFBIGTENREGTOP,Football,NCAA Football,field_finish,not_attempted_supported_sport,,,,unattempted,no independent results adapter for this competition in Phase 1 (game_winner only via Kalshi-only path),,,,
KXNCAAFSECREGTOP,Football,NCAA Football,field_finish,not_attempted_supported_sport,,,,unattempted,no independent results adapter for this competition in Phase 1 (game_winner only via Kalshi-only path),,,,
KXNCAAFACCREGTOP,Football,NCAA Football,field_finish,not_attempted_supported_sport,,,,unattempted,no independent results adapter for this competition in Phase 1 (game_winner only via Kalshi-only path),,,,
KXSORONDO,Football,,field_finish,not_attempted_supported_sport,,,,unattempted,no independent results adapter for this competition in Phase 1 (game_winner only via Kalshi-only path),,,,
KXNFLFFH2H,Football,,field_finish,not_attempted_supported_sport,,,,unattempted,no traded markets,,,,
KXNFLGAME,Football,Pro Football,game_winner,strict_evaluated,nfl,espn_team,game_winner,supported,frozen elo model,exact,unavailable: training support below threshold,unavailable: matched training support below threshold,candle rule
KXNCAAFGAME,Football,NCAA Football,game_winner,strict_evaluated,ncaaf,espn_team,game_winner,supported,frozen elo model,exact,ok,ok,candle rule
KXCFLGAME,Football,CFL,game_winner,kalshi_settlement_only_evaluated,k_kxcflgame,kalshi_only,game_winner,supported,frozen elo model,exact,unavailable: training support below threshold,unavailable: matched training support below threshold,candle rule
KXUFLGAME,Football,UFL,game_winner,kalshi_settlement_only_evaluated,k_kxuflgame,kalshi_only,game_winner,supported,frozen elo model,exact,unavailable: training support below threshold,unavailable: matched training support below threshold,candle rule
KXNCAAFCSGAME,Football,NCAA Football,game_winner,excluded_spec,ncaaf,espn_team,,unsupported,no payoff parser / spec: no payoff parser for suffix 'CSGAME',,,,
KXNFLNONQBPASS,Football,Pro Football,game_winner,excluded_spec,nfl,espn_team,,unsupported,no payoff parser / spec: no payoff parser for suffix 'NONQBPASS',,,,
KXNFLCOMPETE,Football,Pro Football,game_winner,excluded_spec,nfl,espn_team,,unsupported,no payoff parser / spec: no payoff parser for suffix 'COMPETE',,,,
KXNFLLEADCHANGE,Football,Pro Football,game_winner,excluded_spec,nfl,espn_team,,unsupported,no payoff parser / spec: no payoff parser for suffix 'LEADCHANGE',,,,
KXNFLLARGELEAD,Football,Pro Football,game_winner,excluded_spec,nfl,espn_team,,unsupported,no payoff parser / spec: no payoff parser for suffix 'LARGELEAD',,,,
KXNFLCOMEBACK,Football,Pro Football,game_winner,excluded_spec,nfl,espn_team,,unsupported,no payoff parser / spec: no payoff parser for suffix 'COMEBACK',,,,
KXNFLNOSCOREQ,Football,Pro Football,game_winner,excluded_spec,nfl,espn_team,,unsupported,no payoff parser / spec: no payoff parser for suffix 'NOSCOREQ',,,,
KXNFL4DCONV,Football,Pro Football,game_winner,excluded_spec,nfl,espn_team,,unsupported,no payoff parser / spec: no payoff parser for suffix '4DCONV',,,,
KXNFLPROBOWL,Football,Pro Football,game_winner,excluded_spec,nfl,espn_team,,unsupported,no payoff parser / spec: no payoff parser for suffix 'PROBOWL',,,,
KXNFLGAMESACK,Football,Pro Football,game_winner,excluded_spec,nfl,espn_team,,unsupported,no payoff parser / spec: no payoff parser for suffix 'GAMESACK',,,,
KX1STHOMEGAME,Football,Pro Football,game_winner,no_test_contracts,k_kx1sthomegame,kalshi_only,game_winner,supported,frozen elo model,exact,,,candle rule
KXGREYCUP,Football,CFL,game_winner,no_test_contracts,k_kxgreycup,kalshi_only,game_winner,supported,frozen elo model,exact,,,candle rule
KXNFLCELEBRITYGAME,Football,,game_winner,no_test_contracts,k_kxnflcelebritygame,kalshi_only,game_winner,supported,frozen elo model,exact,,,candle rule
KXNCAAFD3GAME,Football,NCAA Football,game_winner,excluded_spec,ncaaf,espn_team,,unsupported,no payoff parser / spec: no payoff parser for suffix 'D3GAME',,,,
KX1HOMEGAME,Football,,game_winner,not_attempted_supported_sport,,,,unattempted,no traded markets,,,,
KXNFL4DOWNCONV,Football,,game_winner,not_attempted_supported_sport,,,,unattempted,no traded markets,,,,
KXNFLGAMETO,Football,,game_winner,not_attempted_supported_sport,,,,unattempted,no traded markets,,,,
KXNFLLARGESTLEAD,Football,,game_winner,not_attempted_supported_sport,,,,unattempted,no traded markets,,,,
KXNFLFFPTS,Football,Pro Football,league_leaders,not_attempted_supported_sport,,,,unattempted,league leaders: one outcome per stat-season,,,,
KXNFLFFLEADER,Football,Pro Football,league_leaders,not_attempted_supported_sport,,,,unattempted,league leaders: one outcome per stat-season,,,,
KXNFLFANTASYMOST,Football,Pro Football,league_leaders,not_attempted_supported_sport,,,,unattempted,league leaders: one outcome per stat-season,,,,
KXNFLFFLEADERTOP,Football,Pro Football,league_leaders,not_attempted_supported_sport,,,,unattempted,league leaders: one outcome per stat-season,,,,
KXNFLWEEKHIGHSCORE,Football,Pro Football,league_leaders,not_attempted_supported_sport,,,,unattempted,league leaders: one outcome per stat-season,,,,
KXNFLFFWEEKTOP,Football,Pro Football,league_leaders,not_attempted_supported_sport,,,,unattempted,league leaders: one outcome per stat-season,,,,
KXNFLFFWEEKLEAD,Football,Pro Football,league_leaders,not_attempted_supported_sport,,,,unattempted,league leaders: one outcome per stat-season,,,,
KXNFLPLAYOFFC,Football,Pro Football,league_leaders,not_attempted_supported_sport,,,,unattempted,league leaders: one outcome per stat-season,,,,
KXLEADERNFLSACKS,Football,Pro Football,league_leaders,not_attempted_supported_sport,,,,unattempted,league leaders: one outcome per stat-season,,,,
KXNFLSEASONREC,Football,Pro Football,league_leaders,not_attempted_supported_sport,,,,unattempted,league leaders: one outcome per stat-season,,,,
KXNCAAFBIGTENLEADER,Football,NCAA Football,league_leaders,not_attempted_supported_sport,,,,unattempted,league leaders: one outcome per stat-season,,,,
KXNFLTEAMDPTS,Football,Pro Football,league_leaders,not_attempted_supported_sport,,,,unattempted,league leaders: one outcome per stat-season,,,,
KXNFLLASTTOWIN,Football,Pro Football,league_leaders,not_attempted_supported_sport,,,,unattempted,league leaders: one outcome per stat-season,,,,
KXNCAAFSECWINS,Football,NCAA Football,league_leaders,not_attempted_supported_sport,,,,unattempted,league leaders: one outcome per stat-season,,,,
KXLEADERNFLINT,Football,Pro Football,league_leaders,not_attempted_supported_sport,,,,unattempted,league leaders: one outcome per stat-season,,,,
KXNCAAFUNDEFEATEDHOME,Football,NCAA Football,league_leaders,not_attempted_supported_sport,,,,unattempted,league leaders: one outcome per stat-season,,,,
KXNFLSELLOUT,Football,Pro Football,league_leaders,not_attempted_supported_sport,,,,unattempted,league leaders: one outcome per stat-season,,,,
KXNCAAFACCWINS,Football,NCAA Football,league_leaders,not_attempted_supported_sport,,,,unattempted,league leaders: one outcome per stat-season,,,,
KXNCAAFBIGTENWINS,Football,NCAA Football,league_leaders,not_attempted_supported_sport,,,,unattempted,league leaders: one outcome per stat-season,,,,
KXNCAAFBIG12WINS,Football,NCAA Football,league_leaders,not_attempted_supported_sport,,,,unattempted,league leaders: one outcome per stat-season,,,,
KXNFLPLAYOFFHOST,Football,Pro Football,league_leaders,not_attempted_supported_sport,,,,unattempted,league leaders: one outcome per stat-season,,,,
KXNCAAFSECLEADER,Football,NCAA Football,league_leaders,not_attempted_supported_sport,,,,unattempted,league leaders: one outcome per stat-season,,,,
KXLEADERNFLPINT,Football,Pro Football,league_leaders,not_attempted_supported_sport,,,,unattempted,league leaders: one outcome per stat-season,,,,
KXNCAAFACCLEADER,Football,NCAA Football,league_leaders,not_attempted_supported_sport,,,,unattempted,league leaders: one outcome per stat-season,,,,
KXNFLGAMESPECIALS,Football,Pro Football,league_leaders,not_attempted_supported_sport,,,,unattempted,league leaders: one outcome per stat-season,,,,
KXNCAAFBIG12LEADER,Football,NCAA Football,league_leaders,not_attempted_supported_sport,,,,unattempted,league leaders: one outcome per stat-season,,,,
KXNFLWORSTTOFIRST,Football,Pro Football,league_leaders,not_attempted_supported_sport,,,,unattempted,league leaders: one outcome per stat-season,,,,
KXNFLBLOWOUT,Football,Pro Football,league_leaders,not_attempted_supported_sport,,,,unattempted,league leaders: one outcome per stat-season,,,,
KXNFLHIGHSCORE,Football,Pro Football,league_leaders,not_attempted_supported_sport,,,,unattempted,league leaders: one outcome per stat-season,,,,
KXNFLFFHIGHSCORE,Football,Pro Football,league_leaders,not_attempted_supported_sport,,,,unattempted,league leaders: one outcome per stat-season,,,,
KXNFLTIES,Football,Pro Football,league_leaders,not_attempted_supported_sport,,,,unattempted,league leaders: one outcome per stat-season,,,,
KXLEADERNFLAPYDS,Football,Pro Football,league_leaders,not_attempted_supported_sport,,,,unattempted,league leaders: one outcome per stat-season,,,,
KXNCAAFLEADER,Football,NCAA Football,league_leaders,not_attempted_supported_sport,,,,unattempted,league leaders: one outcome per stat-season,,,,
KXNFLFFPLAYERHIGH,Football,Pro Football,league_leaders,not_attempted_supported_sport,,,,unattempted,league leaders: one outcome per stat-season,,,,
KXNFLFFPLAYOFFLEADER,Football,Pro Football,league_leaders,not_attempted_supported_sport,,,,unattempted,league leaders: one outcome per stat-season,,,,
KXNCAAFHIGHSCORE,Football,NCAA Football,league_leaders,not_attempted_supported_sport,,,,unattempted,league leaders: one outcome per stat-season,,,,
KXCFBUNDEFEATEDHOME,Football,,league_leaders,not_attempted_supported_sport,,,,unattempted,league leaders: one outcome per stat-season,,,,
KXNCAAFMOSTOT,Football,NCAA Football,league_leaders,not_attempted_supported_sport,,,,unattempted,league leaders: one outcome per stat-season,,,,
KXNFLFF40PTS,Football,,league_leaders,not_attempted_supported_sport,,,,unattempted,league leaders: one outcome per stat-season,,,,
KXNFLFF50PTS,Football,,league_leaders,not_attempted_supported_sport,,,,unattempted,league leaders: one outcome per stat-season,,,,
KXNFLFFPTSSEASON,Football,,league_leaders,not_attempted_supported_sport,,,,unattempted,league leaders: one outcome per stat-season,,,,
KXNFLFFTOP,Football,,league_leaders,not_attempted_supported_sport,,,,unattempted,league leaders: one outcome per stat-season,,,,
KXNFLLEASTPENALIZED,Football,,league_leaders,not_attempted_supported_sport,,,,unattempted,league leaders: one outcome per stat-season,,,,
KXSTARTINGQBWEEK1,Football,Pro Football,other_novelty,not_attempted_supported_sport,,,,unattempted,out of scope (novelty),,,,
KXPHILIPRIVERSNFL,Football,Pro Football,other_novelty,not_attempted_supported_sport,,,,unattempted,out of scope (novelty),,,,
KXNFLTSPEC,Football,Pro Football,other_novelty,not_attempted_supported_sport,,,,unattempted,out of scope (novelty),,,,
KXCFBUNRANKEDUPSET,Football,NCAA Football,other_novelty,not_attempted_supported_sport,,,,unattempted,out of scope (novelty),,,,
KXFFQBALLENMAHOMES,Football,,other_novelty,not_attempted_supported_sport,,,,unattempted,out of scope (novelty),,,,
KXSTARTCLEBROWNS,Football,Pro Football,other_novelty,not_attempted_supported_sport,,,,unattempted,out of scope (novelty),,,,
KXNFLPRIMETIME,Football,Pro Football,other_novelty,not_attempted_supported_sport,,,,unattempted,out of scope (novelty),,,,
KXSTARTCIN,Football,Pro Football,other_novelty,not_attempted_supported_sport,,,,unattempted,out of scope (novelty),,,,
KXRANKLISTAPPREALSPORTS,Football,,other_novelty,not_attempted_supported_sport,,,,unattempted,out of scope (novelty),,,,
KXCOORDANNOUNCE,Football,NCAA Football,other_novelty,not_attempted_supported_sport,,,,unattempted,out of scope (novelty),,,,
KXNFLREDZONEADS,Football,,other_novelty,not_attempted_supported_sport,,,,unattempted,out of scope (novelty),,,,
KXNFLREDZONEBRANDADS,Football,,other_novelty,not_attempted_supported_sport,,,,unattempted,out of scope (novelty),,,,
KXSWIFTATTEND,Football,,other_novelty,not_attempted_supported_sport,,,,unattempted,out of scope (novelty),,,,
KXPAVIAPRESEASON,Football,Pro Football,other_novelty,not_attempted_supported_sport,,,,unattempted,out of scope (novelty),,,,
KXNFLROLE,Football,Pro Football,other_novelty,not_attempted_supported_sport,,,,unattempted,out of scope (novelty),,,,
KXNFLDEPTHPOSITIONCLEQB2,Football,,other_novelty,not_attempted_supported_sport,,,,unattempted,out of scope (novelty),,,,
KXDONATEMRBEAST,Football,,other_novelty,not_attempted_supported_sport,,,,unattempted,out of scope (novelty),,,,
KXOLEMISSATTENDANCE,Football,NCAA Football,other_novelty,not_attempted_supported_sport,,,,unattempted,out of scope (novelty),,,,
KXNFLLEADERPINT,Football,,other_novelty,not_attempted_supported_sport,,,,unattempted,out of scope (novelty),,,,
KXNFLREBOOT,Football,,other_novelty,not_attempted_supported_sport,,,,unattempted,out of scope (novelty),,,,
KXNFLVIEWERSHIP,Football,,other_novelty,not_attempted_supported_sport,,,,unattempted,out of scope (novelty),,,,
KXMICHCOACH,Football,NCAA Football,personnel_ops,not_attempted_supported_sport,,,,unattempted,out of scope (non-sporting outcome),,,,
KXNEXTTEAMNFL,Football,Pro Football,personnel_ops,not_attempted_supported_sport,,,,unattempted,out of scope (non-sporting outcome),,,,
KXNEXTNFLCOACH,Football,Pro Football,personnel_ops,not_attempted_supported_sport,,,,unattempted,out of scope (non-sporting outcome),,,,
KXPSUCOACH,Football,NCAA Football,personnel_ops,not_attempted_supported_sport,,,,unattempted,out of scope (non-sporting outcome),,,,
KXLSUCOACH,Football,NCAA Football,personnel_ops,not_attempted_supported_sport,,,,unattempted,out of scope (non-sporting outcome),,,,
KXFLACOACH,Football,NCAA Football,personnel_ops,not_attempted_supported_sport,,,,unattempted,out of scope (non-sporting outcome),,,,
KXNYGCOACH,Football,Pro Football,personnel_ops,not_attempted_supported_sport,,,,unattempted,out of scope (non-sporting outcome),,,,
KXCOACHOUTNFL,Football,Pro Football,personnel_ops,not_attempted_supported_sport,,,,unattempted,out of scope (non-sporting outcome),,,,
KXCOACHONDATE,Football,Pro Football,personnel_ops,not_attempted_supported_sport,,,,unattempted,out of scope (non-sporting outcome),,,,
KXTENNCOACH,Football,Pro Football,personnel_ops,not_attempted_supported_sport,,,,unattempted,out of scope (non-sporting outcome),,,,
KXRELOCATIONCHI,Football,Pro Football,personnel_ops,not_attempted_supported_sport,,,,unattempted,out of scope (non-sporting outcome),,,,
KXNEXTCOACHOUTNFL,Football,Pro Football,personnel_ops,not_attempted_supported_sport,,,,unattempted,out of scope (non-sporting outcome),,,,
KXARKCOACH,Football,NCAA Football,personnel_ops,not_attempted_supported_sport,,,,unattempted,out of scope (non-sporting outcome),,,,
KXSUPERBOWLWHITEHOUSE,Football,,personnel_ops,not_attempted_supported_sport,,,,unattempted,out of scope (non-sporting outcome),,,,
KXCOACHOUTOLEMISS,Football,NCAA Football,personnel_ops,not_attempted_supported_sport,,,,unattempted,out of scope (non-sporting outcome),,,,
KXNFLTRADE,Football,Pro Football,personnel_ops,not_attempted_supported_sport,,,,unattempted,out of scope (non-sporting outcome),,,,
KXVTCOACH,Football,NCAA Football,personnel_ops,not_attempted_supported_sport,,,,unattempted,out of scope (non-sporting outcome),,,,
KXNFLNEXTTEAM,Football,Pro Football,personnel_ops,not_attempted_supported_sport,,,,unattempted,out of scope (non-sporting outcome),,,,
KXNFLWEEKCOMPETE,Football,,personnel_ops,not_attempted_supported_sport,,,,unattempted,out of scope (non-sporting outcome),,,,
KXAUBCOACH,Football,NCAA Football,personnel_ops,not_attempted_supported_sport,,,,unattempted,out of scope (non-sporting outcome),,,,
KXNEWCOACHNO,Football,,personnel_ops,not_attempted_supported_sport,,,,unattempted,out of scope (non-sporting outcome),,,,
KXNEWCOACHCHIBEARS,Football,,personnel_ops,not_attempted_supported_sport,,,,unattempted,out of scope (non-sporting outcome),,,,
KXNEWCOACHDAL,Football,,personnel_ops,not_attempted_supported_sport,,,,unattempted,out of scope (non-sporting outcome),,,,
KXUCLACOACH,Football,NCAA Football,personnel_ops,not_attempted_supported_sport,,,,unattempted,out of scope (non-sporting outcome),,,,
KXNEXTTEAMMICAH,Football,Pro Football,personnel_ops,not_attempted_supported_sport,,,,unattempted,out of scope (non-sporting outcome),,,,
KXKELCERETIRE,Football,Pro Football,personnel_ops,not_attempted_supported_sport,,,,unattempted,out of scope (non-sporting outcome),,,,
KXARODGRETIRE,Football,Pro Football,personnel_ops,not_attempted_supported_sport,,,,unattempted,out of scope (non-sporting outcome),,,,
KXCOACHOUTNCAAFB,Football,NCAA Football,personnel_ops,not_attempted_supported_sport,,,,unattempted,out of scope (non-sporting outcome),,,,
KXNEXTTEAMTYREEK,Football,,personnel_ops,not_attempted_supported_sport,,,,unattempted,out of scope (non-sporting outcome),,,,
KXNEWCOACHNYJ,Football,,personnel_ops,not_attempted_supported_sport,,,,unattempted,out of scope (non-sporting outcome),,,,
KXTULNCOACH,Football,NCAA Football,personnel_ops,not_attempted_supported_sport,,,,unattempted,out of scope (non-sporting outcome),,,,
KXNEWCOACHLV,Football,,personnel_ops,not_attempted_supported_sport,,,,unattempted,out of scope (non-sporting outcome),,,,
KXNEWCOACHJAX,Football,,personnel_ops,not_attempted_supported_sport,,,,unattempted,out of scope (non-sporting outcome),,,,
KXTUSHPUSH,Football,,personnel_ops,not_attempted_supported_sport,,,,unattempted,out of scope (non-sporting outcome),,,,
KXNCAAFCOACHOUT,Football,NCAA Football,personnel_ops,not_attempted_supported_sport,,,,unattempted,out of scope (non-sporting outcome),,,,
KXOKSTCOACH,Football,NCAA Football,personnel_ops,not_attempted_supported_sport,,,,unattempted,out of scope (non-sporting outcome),,,,
KXCCARCOACH,Football,NCAA Football,personnel_ops,not_attempted_supported_sport,,,,unattempted,out of scope (non-sporting outcome),,,,
KXSTANCOACH,Football,NCAA Football,personnel_ops,not_attempted_supported_sport,,,,unattempted,out of scope (non-sporting outcome),,,,
KXCOACHOUTMSU,Football,NCAA Football,personnel_ops,not_attempted_supported_sport,,,,unattempted,out of scope (non-sporting outcome),,,,
KXMEMCOACH,Football,NCAA Football,personnel_ops,not_attempted_supported_sport,,,,unattempted,out of scope (non-sporting outcome),,,,
KXCONNCOACH,Football,NCAA Football,personnel_ops,not_attempted_supported_sport,,,,unattempted,out of scope (non-sporting outcome),,,,
KXNFLRETIRE,Football,Pro Football,personnel_ops,not_attempted_supported_sport,,,,unattempted,out of scope (non-sporting outcome),,,,
KXSTARTNOSAINTS,Football,Pro Football,personnel_ops,not_attempted_supported_sport,,,,unattempted,out of scope (non-sporting outcome),,,,
KXNFLNEXTCOACHOUT,Football,Pro Football,personnel_ops,not_attempted_supported_sport,,,,unattempted,out of scope (non-sporting outcome),,,,
KXTRADEOFFNFL,Football,Pro Football,personnel_ops,not_attempted_supported_sport,,,,unattempted,out of scope (non-sporting outcome),,,,
KXNEWCOACHNE,Football,,personnel_ops,not_attempted_supported_sport,,,,unattempted,out of scope (non-sporting outcome),,,,
KXSTARTIND,Football,Pro Football,personnel_ops,not_attempted_supported_sport,,,,unattempted,out of scope (non-sporting outcome),,,,
KXNCAAFCOACHLEAVE,Football,NCAA Football,personnel_ops,not_attempted_supported_sport,,,,unattempted,out of scope (non-sporting outcome),,,,
KXUABCOACH,Football,NCAA Football,personnel_ops,not_attempted_supported_sport,,,,unattempted,out of scope (non-sporting outcome),,,,
KXNFLFIRSTSTART,Football,Pro Football,personnel_ops,not_attempted_supported_sport,,,,unattempted,out of scope (non-sporting outcome),,,,
KXNFLCOACHOUT,Football,Pro Football,personnel_ops,not_attempted_supported_sport,,,,unattempted,out of scope (non-sporting outcome),,,,
KXNEXTTEAMMCLAURIN,Football,Pro Football,personnel_ops,not_attempted_supported_sport,,,,unattempted,out of scope (non-sporting outcome),,,,
KXCALCOACH,Football,NCAA Football,personnel_ops,not_attempted_supported_sport,,,,unattempted,out of scope (non-sporting outcome),,,,
KXCOACHOUTUNC,Football,NCAA Football,personnel_ops,not_attempted_supported_sport,,,,unattempted,out of scope (non-sporting outcome),,,,
KXNEWCOACHUNC,Football,,personnel_ops,not_attempted_supported_sport,,,,unattempted,out of scope (non-sporting outcome),,,,
KXUSFCOACH,Football,NCAA Football,personnel_ops,not_attempted_supported_sport,,,,unattempted,out of scope (non-sporting outcome),,,,
KXNFLHIRECOACH,Football,,personnel_ops,not_attempted_supported_sport,,,,unattempted,out of scope (non-sporting outcome),,,,
KXNFLRETURN,Football,,personnel_ops,not_attempted_supported_sport,,,,unattempted,out of scope (non-sporting outcome),,,,
KXSTARTNYG,Football,Pro Football,personnel_ops,not_attempted_supported_sport,,,,unattempted,out of scope (non-sporting outcome),,,,
KXCOACHOUTAUB,Football,,personnel_ops,not_attempted_supported_sport,,,,unattempted,out of scope (non-sporting outcome),,,,
KXUNTCOACH,Football,NCAA Football,personnel_ops,not_attempted_supported_sport,,,,unattempted,out of scope (non-sporting outcome),,,,
KXNCAAFCONFLEAVE,Football,NCAA Football,personnel_ops,not_attempted_supported_sport,,,,unattempted,out of scope (non-sporting outcome),,,,
KXNFLOWNERSTAKE,Football,Pro Football,personnel_ops,not_attempted_supported_sport,,,,unattempted,out of scope (non-sporting outcome),,,,
KXNFLSTADIUM,Football,Pro Football,personnel_ops,not_attempted_supported_sport,,,,unattempted,out of scope (non-sporting outcome),,,,
KXSBHOST,Football,Pro Football,personnel_ops,not_attempted_supported_sport,,,,unattempted,out of scope (non-sporting outcome),,,,
KXNFL53MAN,Football,Pro Football,personnel_ops,not_attempted_supported_sport,,,,unattempted,out of scope (non-sporting outcome),,,,
KXNCAAFJOINCONF,Football,NCAA Football,personnel_ops,not_attempted_supported_sport,,,,unattempted,out of scope (non-sporting outcome),,,,
KXNDJOINCONF,Football,NCAA Football,personnel_ops,not_attempted_supported_sport,,,,unattempted,out of scope (non-sporting outcome),,,,
KXNFLDEBUT,Football,Pro Football,personnel_ops,not_attempted_supported_sport,,,,unattempted,out of scope (non-sporting outcome),,,,
KXSTARTNYJ,Football,Pro Football,personnel_ops,not_attempted_supported_sport,,,,unattempted,out of scope (non-sporting outcome),,,,
KXTENCOACH,Football,,personnel_ops,not_attempted_supported_sport,,,,unattempted,out of scope (non-sporting outcome),,,,
KXNFLEVERYWEEKCOMPETE,Football,,personnel_ops,not_attempted_supported_sport,,,,unattempted,out of scope (non-sporting outcome),,,,
KXNFLGAMELOCATION,Football,Pro Football,personnel_ops,not_attempted_supported_sport,,,,unattempted,out of scope (non-sporting outcome),,,,
KXNCAAFSTADIUM,Football,NCAA Football,personnel_ops,not_attempted_supported_sport,,,,unattempted,out of scope (non-sporting outcome),,,,
KXATLCOACH,Football,,personnel_ops,not_attempted_supported_sport,,,,unattempted,out of scope (non-sporting outcome),,,,
KXBELICHICKUNC,Football,,personnel_ops,not_attempted_supported_sport,,,,unattempted,out of scope (non-sporting outcome),,,,
KXCONFREALIGNMENT,Football,,personnel_ops,not_attempted_supported_sport,,,,unattempted,out of scope (non-sporting outcome),,,,
KXNCAAFNEXTCOACH,Football,NCAA Football,personnel_ops,not_attempted_supported_sport,,,,unattempted,out of scope (non-sporting outcome),,,,
KXNEXTEAMTYREEK,Football,,personnel_ops,not_attempted_supported_sport,,,,unattempted,out of scope (non-sporting outcome),,,,
KXNFLCOACHOUTFIRST,Football,,personnel_ops,not_attempted_supported_sport,,,,unattempted,out of scope (non-sporting outcome),,,,
KXNFLHKANE,Football,Pro Football,personnel_ops,not_attempted_supported_sport,,,,unattempted,out of scope (non-sporting outcome),,,,
KXNFLSFPRACFIELD,Football,Pro Football,personnel_ops,not_attempted_supported_sport,,,,unattempted,out of scope (non-sporting outcome),,,,
KXSTADIUM,Football,,personnel_ops,not_attempted_supported_sport,,,,unattempted,out of scope (non-sporting outcome),,,,
KXSTARTNO,Football,,personnel_ops,not_attempted_supported_sport,,,,unattempted,out of scope (non-sporting outcome),,,,
KXSTARTNOTREDAME,Football,,personnel_ops,not_attempted_supported_sport,,,,unattempted,out of scope (non-sporting outcome),,,,
KXUKCOACH,Football,,personnel_ops,not_attempted_supported_sport,,,,unattempted,out of scope (non-sporting outcome),,,,
KXNFLTD,Football,Pro Football,player_prop,excluded_spec,nfl,espn_team,,unsupported,no payoff parser / spec: no payoff parser for suffix 'TD',,,,
KXNFLFIRSTTD,Football,Pro Football,player_prop,excluded_spec,nfl,espn_team,,unsupported,no payoff parser / spec: no payoff parser for suffix 'FIRSTTD',,,,
KXNFLANYTD,Football,Pro Football,player_prop,excluded_spec,nfl,espn_team,,unsupported,no payoff parser / spec: no payoff parser for suffix 'ANYTD',,,,
KXNFLRECYDS,Football,Pro Football,player_prop,excluded_spec,nfl,espn_team,,unsupported,no payoff parser / spec: no payoff parser for suffix 'RECYDS',,,,
KXNFLRSHYDS,Football,Pro Football,player_prop,excluded_spec,nfl,espn_team,,unsupported,no payoff parser / spec: no payoff parser for suffix 'RSHYDS',,,,
KXNFLPASSYDS,Football,Pro Football,player_prop,excluded_spec,nfl,espn_team,,unsupported,no payoff parser / spec: no payoff parser for suffix 'PASSYDS',,,,
KXNFLREC,Football,Pro Football,player_prop,excluded_spec,nfl,espn_team,,unsupported,no payoff parser / spec: no payoff parser for suffix 'REC',,,,
KXNFL2TD,Football,Pro Football,player_prop,excluded_spec,nfl,espn_team,,unsupported,no payoff parser / spec: no payoff parser for suffix '2TD',,,,
KXNFLPASSTDS,Football,Pro Football,player_prop,excluded_spec,nfl,espn_team,,unsupported,no payoff parser / spec: no payoff parser for suffix 'PASSTDS',,,,
KXNFLTEAMFIRSTTD,Football,Pro Football,player_prop,excluded_spec,nfl,espn_team,,unsupported,no payoff parser / spec: no payoff parser for suffix 'TEAMFIRSTTD',,,,
KXNFLRRYDS,Football,Pro Football,player_prop,excluded_spec,nfl,espn_team,,unsupported,no payoff parser / spec: no payoff parser for suffix 'RRYDS',,,,
KXNFLRSHATT,Football,Pro Football,player_prop,excluded_spec,nfl,espn_team,,unsupported,no payoff parser / spec: no payoff parser for suffix 'RSHATT',,,,
KXNFLMOSTRECYDS,Football,Pro Football,player_prop,excluded_spec,nfl,espn_team,,unsupported,no payoff parser / spec: no payoff parser for suffix 'MOSTRECYDS',,,,
KXNFLESCALATORRECYDS,Football,Pro Football,player_prop,excluded_spec,nfl,espn_team,,unsupported,no payoff parser / spec: no payoff parser for suffix 'ESCALATORRECYDS',,,,
KXNFLESCALATORRSHYDS,Football,Pro Football,player_prop,excluded_spec,nfl,espn_team,,unsupported,no payoff parser / spec: no payoff parser for suffix 'ESCALATORRSHYDS',,,,
KXNFLPASSINT,Football,Pro Football,player_prop,excluded_spec,nfl,espn_team,,unsupported,no payoff parser / spec: no payoff parser for suffix 'PASSINT',,,,
KXNCAAFTEAMRECTD,Football,NCAA Football,player_prop,excluded_spec,ncaaf,espn_team,,unsupported,no payoff parser / spec: no payoff parser for suffix 'TEAMRECTD',,,,
KXNFLLADDERRECYDS,Football,Pro Football,player_prop,excluded_spec,nfl,espn_team,,unsupported,no payoff parser / spec: no payoff parser for suffix 'LADDERRECYDS',,,,
KXNFLPASSATT,Football,Pro Football,player_prop,excluded_spec,nfl,espn_team,,unsupported,no payoff parser / spec: no payoff parser for suffix 'PASSATT',,,,
KXNFLTEAMSACK,Football,Pro Football,player_prop,excluded_spec,nfl,espn_team,,unsupported,no payoff parser / spec: no payoff parser for suffix 'TEAMSACK',,,,
KXNFLFG,Football,Pro Football,player_prop,excluded_spec,nfl,espn_team,,unsupported,no payoff parser / spec: no payoff parser for suffix 'FG',,,,
KXNFLDSTTD,Football,Pro Football,player_prop,excluded_spec,nfl,espn_team,,unsupported,no payoff parser / spec: no payoff parser for suffix 'DSTTD',,,,
KXNFLPASSCOMP,Football,Pro Football,player_prop,excluded_spec,nfl,espn_team,,unsupported,no payoff parser / spec: no payoff parser for suffix 'PASSCOMP',,,,
KXNFLFIRSTTDTIME,Football,Pro Football,player_prop,excluded_spec,nfl,espn_team,,unsupported,no payoff parser / spec: no payoff parser for suffix 'FIRSTTDTIME',,,,
KXNFLMOSTRSHYDS,Football,Pro Football,player_prop,excluded_spec,nfl,espn_team,,unsupported,no payoff parser / spec: no payoff parser for suffix 'MOSTRSHYDS',,,,
KXNFLTEAMYDS,Football,Pro Football,player_prop,excluded_spec,nfl,espn_team,,unsupported,no payoff parser / spec: no payoff parser for suffix 'TEAMYDS',,,,
KXNFLESCALATORREC,Football,Pro Football,player_prop,excluded_spec,nfl,espn_team,,unsupported,no payoff parser / spec: no payoff parser for suffix 'ESCALATORREC',,,,
KXNCAAFTEAMRECYDS,Football,NCAA Football,player_prop,excluded_spec,ncaaf,espn_team,,unsupported,no payoff parser / spec: no payoff parser for suffix 'TEAMRECYDS',,,,
KXNFLFFPTSLADDER,Football,Pro Football,player_prop,excluded_spec,nfl,espn_team,,unsupported,no payoff parser / spec: no payoff parser for suffix 'FFPTSLADDER',,,,
KXNFLLADDERREC,Football,Pro Football,player_prop,excluded_spec,nfl,espn_team,,unsupported,no payoff parser / spec: no payoff parser for suffix 'LADDERREC',,,,
KXNFLTEAMTD,Football,Pro Football,player_prop,excluded_spec,nfl,espn_team,,unsupported,no payoff parser / spec: no payoff parser for suffix 'TEAMTD',,,,
KXLEADERNFLPYDS,Football,Pro Football,player_prop,not_attempted_supported_sport,,,,unattempted,player/appearance-conditioned; pregame participation not reconstructable as-of (not modelled),,,,
KXNCAAFTEAMTD,Football,NCAA Football,player_prop,excluded_spec,ncaaf,espn_team,,unsupported,no payoff parser / spec: no payoff parser for suffix 'TEAMTD',,,,
KXNFLLONGREC,Football,Pro Football,player_prop,excluded_spec,nfl,espn_team,,unsupported,no payoff parser / spec: no payoff parser for suffix 'LONGREC',,,,
KXNFLLONGRSH,Football,Pro Football,player_prop,excluded_spec,nfl,espn_team,,unsupported,no payoff parser / spec: no payoff parser for suffix 'LONGRSH',,,,
KXNCAAFDSTTD,Football,NCAA Football,player_prop,excluded_spec,ncaaf,espn_team,,unsupported,no payoff parser / spec: no payoff parser for suffix 'DSTTD',,,,
KXLEADERNFLRYDS,Football,Pro Football,player_prop,not_attempted_supported_sport,,,,unattempted,player/appearance-conditioned; pregame participation not reconstructable as-of (not modelled),,,,
KXNFLGAMETD,Football,Pro Football,player_prop,excluded_spec,nfl,espn_team,,unsupported,no payoff parser / spec: no payoff parser for suffix 'GAMETD',,,,
KXNFLSEASONRECYDS,Football,Pro Football,player_prop,excluded_spec,nfl,espn_team,,unsupported,no payoff parser / spec: no payoff parser for suffix 'SEASONRECYDS',,,,
KXNFLTOTALTD,Football,Pro Football,player_prop,excluded_spec,nfl,espn_team,,unsupported,no payoff parser / spec: no payoff parser for suffix 'TOTALTD',,,,
KXNFLSEASONPASSYDS,Football,Pro Football,player_prop,excluded_spec,nfl,espn_team,,unsupported,no payoff parser / spec: no payoff parser for suffix 'SEASONPASSYDS',,,,
KXLEADERNFLRUSHYDS,Football,Pro Football,player_prop,not_attempted_supported_sport,,,,unattempted,player/appearance-conditioned; pregame participation not reconstructable as-of (not modelled),,,,
KXNFL1YDPASS,Football,Pro Football,player_prop,excluded_spec,nfl,espn_team,,unsupported,no payoff parser / spec: no payoff parser for suffix '1YDPASS',,,,
KXLEADERNFLRTDS,Football,Pro Football,player_prop,not_attempted_supported_sport,,,,unattempted,player/appearance-conditioned; pregame participation not reconstructable as-of (not modelled),,,,
KXNFLLADDERRSHYDS,Football,Pro Football,player_prop,excluded_spec,nfl,espn_team,,unsupported,no payoff parser / spec: no payoff parser for suffix 'LADDERRSHYDS',,,,
KXNCAAFTEAMRSHTD,Football,NCAA Football,player_prop,excluded_spec,ncaaf,espn_team,,unsupported,no payoff parser / spec: no payoff parser for suffix 'TEAMRSHTD',,,,
KXNFLSEASONRSHYDS,Football,Pro Football,player_prop,excluded_spec,nfl,espn_team,,unsupported,no payoff parser / spec: no payoff parser for suffix 'SEASONRSHYDS',,,,
KXLEADERNFLRUSHTDS,Football,Pro Football,player_prop,not_attempted_supported_sport,,,,unattempted,player/appearance-conditioned; pregame participation not reconstructable as-of (not modelled),,,,
KXLEADERNFLPTDS,Football,Pro Football,player_prop,not_attempted_supported_sport,,,,unattempted,player/appearance-conditioned; pregame participation not reconstructable as-of (not modelled),,,,
KXNCAAFTEAMYDS,Football,NCAA Football,player_prop,excluded_spec,ncaaf,espn_team,,unsupported,no payoff parser / spec: no payoff parser for suffix 'TEAMYDS',,,,
KXNFLSEASONRSHTD,Football,Pro Football,player_prop,excluded_spec,nfl,espn_team,,unsupported,no payoff parser / spec: no payoff parser for suffix 'SEASONRSHTD',,,,
KXNFLSEASONRECTD,Football,Pro Football,player_prop,excluded_spec,nfl,espn_team,,unsupported,no payoff parser / spec: no payoff parser for suffix 'SEASONRECTD',,,,
KXNCAAFTEAMFG,Football,NCAA Football,player_prop,excluded_spec,ncaaf,espn_team,,unsupported,no payoff parser / spec: no payoff parser for suffix 'TEAMFG',,,,
KXNFLSEASONPASSTDS,Football,Pro Football,player_prop,excluded_spec,nfl,espn_team,,unsupported,no payoff parser / spec: no payoff parser for suffix 'SEASONPASSTDS',,,,
KXNFLWEEKMOSTPASSYDS,Football,Pro Football,player_prop,excluded_spec,nfl,espn_team,,unsupported,no payoff parser / spec: no payoff parser for suffix 'WEEKMOSTPASSYDS',,,,
KXNFLRECYDSRECORD,Football,Pro Football,player_prop,excluded_spec,nfl,espn_team,,unsupported,no payoff parser / spec: no payoff parser for suffix 'RECYDSRECORD',,,,
KXNFLWEEKMOSTRECYDS,Football,Pro Football,player_prop,excluded_spec,nfl,espn_team,,unsupported,no payoff parser / spec: no payoff parser for suffix 'WEEKMOSTRECYDS',,,,
KXNFLWEEKMOSTRSHYDS,Football,Pro Football,player_prop,excluded_spec,nfl,espn_team,,unsupported,no payoff parser / spec: no payoff parser for suffix 'WEEKMOSTRSHYDS',,,,
KXNFLLONGESTFG,Football,Pro Football,player_prop,excluded_spec,nfl,espn_team,,unsupported,no payoff parser / spec: no payoff parser for suffix 'LONGESTFG',,,,
KXNFLTDPROT,Football,Pro Football,player_prop,excluded_spec,nfl,espn_team,,unsupported,no payoff parser / spec: no payoff parser for suffix 'TDPROT',,,,
KXNCAAFTEAMINT,Football,NCAA Football,player_prop,excluded_spec,ncaaf,espn_team,,unsupported,no payoff parser / spec: no payoff parser for suffix 'TEAMINT',,,,
KXNFL60YARDFGS,Football,Pro Football,player_prop,excluded_spec,nfl,espn_team,,unsupported,no payoff parser / spec: no payoff parser for suffix '60YARDFGS',,,,
KXNCAAFTEAMTO,Football,NCAA Football,player_prop,excluded_spec,ncaaf,espn_team,,unsupported,no payoff parser / spec: no payoff parser for suffix 'TEAMTO',,,,
KXNFLCAREERRSHYDS,Football,Pro Football,player_prop,excluded_spec,nfl,espn_team,,unsupported,no payoff parser / spec: no payoff parser for suffix 'CAREERRSHYDS',,,,
KXNCAAFTOTALTD,Football,NCAA Football,player_prop,excluded_spec,ncaaf,espn_team,,unsupported,no payoff parser / spec: no payoff parser for suffix 'TOTALTD',,,,
KXNFLCAREERRECYDS,Football,Pro Football,player_prop,excluded_spec,nfl,espn_team,,unsupported,no payoff parser / spec: no payoff parser for suffix 'CAREERRECYDS',,,,
KXNFLCAREERPASSYDS,Football,Pro Football,player_prop,excluded_spec,nfl,espn_team,,unsupported,no payoff parser / spec: no payoff parser for suffix 'CAREERPASSYDS',,,,
KXNCAAFTEAMSACK,Football,NCAA Football,player_prop,excluded_spec,ncaaf,espn_team,,unsupported,no payoff parser / spec: no payoff parser for suffix 'TEAMSACK',,,,
KXNCAAFTOTALFG,Football,NCAA Football,player_prop,excluded_spec,ncaaf,espn_team,,unsupported,no payoff parser / spec: no payoff parser for suffix 'TOTALFG',,,,
KXEPLANYGOAL,Football,,player_prop,not_attempted_supported_sport,,,,unattempted,player/appearance-conditioned; pregame participation not reconstructable as-of (not modelled),,,,
KXNCAAFTEAMREC,Football,,player_prop,not_attempted_supported_sport,,,,unattempted,player/appearance-conditioned; pregame participation not reconstructable as-of (not modelled),,,,
KXNCAAFTEAMRSHATT,Football,,player_prop,not_attempted_supported_sport,,,,unattempted,player/appearance-conditioned; pregame participation not reconstructable as-of (not modelled),,,,
KXNCAAFTEAMRSHYDS,Football,,player_prop,not_attempted_supported_sport,,,,unattempted,player/appearance-conditioned; pregame participation not reconstructable as-of (not modelled),,,,
KXNFL1HTD,Football,,player_prop,not_attempted_supported_sport,,,,unattempted,player/appearance-conditioned; pregame participation not reconstructable as-of (not modelled),,,,
KXNFL2HTD,Football,,player_prop,not_attempted_supported_sport,,,,unattempted,player/appearance-conditioned; pregame participation not reconstructable as-of (not modelled),,,,
KXNFLCAREERPASSTDS,Football,,player_prop,not_attempted_supported_sport,,,,unattempted,player/appearance-conditioned; pregame participation not reconstructable as-of (not modelled),,,,
KXNFLCAREERRSHTDS,Football,,player_prop,not_attempted_supported_sport,,,,unattempted,player/appearance-conditioned; pregame participation not reconstructable as-of (not modelled),,,,
KXNFLGAMEFG,Football,,player_prop,not_attempted_supported_sport,,,,unattempted,player/appearance-conditioned; pregame participation not reconstructable as-of (not modelled),,,,
KXNFLINT,Football,,player_prop,not_attempted_supported_sport,,,,unattempted,player/appearance-conditioned; pregame participation not reconstructable as-of (not modelled),,,,
KXNFLLONGESTPLAY,Football,Pro Football,player_prop,excluded_spec,nfl,espn_team,,unsupported,no payoff parser / spec: no payoff parser for suffix 'LONGESTPLAY',,,,
KXNFLLONGESTREC,Football,,player_prop,not_attempted_supported_sport,,,,unattempted,player/appearance-conditioned; pregame participation not reconstructable as-of (not modelled),,,,
KXNFLLONGESTTD,Football,Pro Football,player_prop,excluded_spec,nfl,espn_team,,unsupported,no payoff parser / spec: no payoff parser for suffix 'LONGESTTD',,,,
KXNFLLONGFG,Football,,player_prop,not_attempted_supported_sport,,,,unattempted,player/appearance-conditioned; pregame participation not reconstructable as-of (not modelled),,,,
KXNFLPASSYDSH2H,Football,,player_prop,not_attempted_supported_sport,,,,unattempted,player/appearance-conditioned; pregame participation not reconstructable as-of (not modelled),,,,
KXNFLRECYDSH2H,Football,Pro Football,player_prop,excluded_spec,nfl,espn_team,,unsupported,no payoff parser / spec: no payoff parser for suffix 'RECYDSH2H',,,,
KXNFLRSHYDSH2H,Football,,player_prop,not_attempted_supported_sport,,,,unattempted,player/appearance-conditioned; pregame participation not reconstructable as-of (not modelled),,,,
KXNFLSACK,Football,,player_prop,not_attempted_supported_sport,,,,unattempted,player/appearance-conditioned; pregame participation not reconstructable as-of (not modelled),,,,
KXNFLSEASONRUSHYDS,Football,,player_prop,not_attempted_supported_sport,,,,unattempted,player/appearance-conditioned; pregame participation not reconstructable as-of (not modelled),,,,
KXNFLSHORTESTTD,Football,Pro Football,player_prop,excluded_spec,nfl,espn_team,,unsupported,no payoff parser / spec: no payoff parser for suffix 'SHORTESTTD',,,,
KXNFLTEAM1STDOWNS,Football,,player_prop,not_attempted_supported_sport,,,,unattempted,player/appearance-conditioned; pregame participation not reconstructable as-of (not modelled),,,,
KXNFLTEAMFG,Football,,player_prop,not_attempted_supported_sport,,,,unattempted,player/appearance-conditioned; pregame participation not reconstructable as-of (not modelled),,,,
KXNFLTEAMTO,Football,,player_prop,not_attempted_supported_sport,,,,unattempted,player/appearance-conditioned; pregame participation not reconstructable as-of (not modelled),,,,
KXNFLTKL,Football,,player_prop,not_attempted_supported_sport,,,,unattempted,player/appearance-conditioned; pregame participation not reconstructable as-of (not modelled),,,,
KXNCAAFTOPAPRANK,Football,NCAA Football,rankings_polls,not_attempted_supported_sport,,,,unattempted,rankings/polls: poll processes (KenPom paid),,,,
KXNFLT100TOP,Football,Pro Football,rankings_polls,not_attempted_supported_sport,,,,unattempted,rankings/polls: poll processes (KenPom paid),,,,
KXCOLLEGEGAMEDAY,Football,NCAA Football,rankings_polls,not_attempted_supported_sport,,,,unattempted,rankings/polls: poll processes (KenPom paid),,,,
KXNCAAFAPRANK,Football,NCAA Football,rankings_polls,not_attempted_supported_sport,,,,unattempted,rankings/polls: poll processes (KenPom paid),,,,
KXNFLT100,Football,Pro Football,rankings_polls,not_attempted_supported_sport,,,,unattempted,rankings/polls: poll processes (KenPom paid),,,,
KXCOLLEGEGAMEDAYGUEST,Football,NCAA Football,rankings_polls,not_attempted_supported_sport,,,,unattempted,rankings/polls: poll processes (KenPom paid),,,,
KXNCAAFAPANY,Football,NCAA Football,rankings_polls,not_attempted_supported_sport,,,,unattempted,rankings/polls: poll processes (KenPom paid),,,,
KXNCAAFCFPPOLL,Football,NCAA Football,rankings_polls,not_attempted_supported_sport,,,,unattempted,rankings/polls: poll processes (KenPom paid),,,,
KXNCAAFTOPCFPPOLL,Football,NCAA Football,rankings_polls,not_attempted_supported_sport,,,,unattempted,rankings/polls: poll processes (KenPom paid),,,,
KXNCAAFAPCHURN,Football,NCAA Football,rankings_polls,not_attempted_supported_sport,,,,unattempted,rankings/polls: poll processes (KenPom paid),,,,
KXKXNCAAFTOPCFPPOLL,Football,,rankings_polls,not_attempted_supported_sport,,,,unattempted,rankings/polls: poll processes (KenPom paid),,,,
KXNFLWINMARGIN,Football,Pro Football,score_props,excluded_spec,nfl,espn_team,,unsupported,no payoff parser / spec: no payoff parser for suffix 'WINMARGIN',,,,
KXNFLOT,Football,Pro Football,score_props,excluded_spec,nfl,espn_team,,unsupported,no payoff parser / spec: no payoff parser for suffix 'OT',,,,
KXNFL1HFT,Football,Pro Football,score_props,excluded_spec,nfl,espn_team,,unsupported,no payoff parser / spec: no payoff parser for suffix '1HFT',,,,
KXNFLFIRSTTDTEAM,Football,Pro Football,score_props,excluded_spec,nfl,espn_team,,unsupported,no payoff parser / spec: no payoff parser for suffix 'FIRSTTDTEAM',,,,
KXNFLRACE,Football,Pro Football,score_props,excluded_spec,nfl,espn_team,,unsupported,no payoff parser / spec: no payoff parser for suffix 'RACE',,,,
KXNCAAFOT,Football,NCAA Football,score_props,excluded_spec,ncaaf,espn_team,,unsupported,no payoff parser / spec: no payoff parser for suffix 'OT',,,,
KXNCAAFFIRSTTDTEAM,Football,NCAA Football,score_props,excluded_spec,ncaaf,espn_team,,unsupported,no payoff parser / spec: no payoff parser for suffix 'FIRSTTDTEAM',,,,
KXNFLNEXTTD,Football,Pro Football,score_props,excluded_spec,nfl,espn_team,,unsupported,no payoff parser / spec: no payoff parser for suffix 'NEXTTD',,,,
KXNFLTIE,Football,Pro Football,score_props,excluded_spec,nfl,espn_team,,unsupported,no payoff parser / spec: no payoff parser for suffix 'TIE',,,,
KXNFL2PTCONV,Football,Pro Football,score_props,excluded_spec,nfl,espn_team,,unsupported,no payoff parser / spec: no payoff parser for suffix '2PTCONV',,,,
KXNCAAF1HFT,Football,NCAA Football,score_props,excluded_spec,ncaaf,espn_team,,unsupported,no payoff parser / spec: no payoff parser for suffix '1HFT',,,,
KXNFLBOTH,Football,Pro Football,score_props,excluded_spec,nfl,espn_team,,unsupported,no payoff parser / spec: no payoff parser for suffix 'BOTH',,,,
KXNFLSFTY,Football,Pro Football,score_props,excluded_spec,nfl,espn_team,,unsupported,no payoff parser / spec: no payoff parser for suffix 'SFTY',,,,
KXNFL1QBTTS,Football,Pro Football,score_props,excluded_spec,nfl,espn_team,,unsupported,no payoff parser / spec: no payoff parser for suffix '1QBTTS',,,,
KXNFLEQBTTS,Football,Pro Football,score_props,excluded_spec,nfl,espn_team,,unsupported,no payoff parser / spec: no payoff parser for suffix 'EQBTTS',,,,
KXNFL2QBTTS,Football,Pro Football,score_props,excluded_spec,nfl,espn_team,,unsupported,no payoff parser / spec: no payoff parser for suffix '2QBTTS',,,,
KXNFL3QBTTS,Football,Pro Football,score_props,excluded_spec,nfl,espn_team,,unsupported,no payoff parser / spec: no payoff parser for suffix '3QBTTS',,,,
KXNCAAF2PT,Football,NCAA Football,score_props,excluded_spec,ncaaf,espn_team,,unsupported,no payoff parser / spec: no payoff parser for suffix '2PT',,,,
KXNFL4QBTTS,Football,Pro Football,score_props,excluded_spec,nfl,espn_team,,unsupported,no payoff parser / spec: no payoff parser for suffix '4QBTTS',,,,
KXNCAAFDELAY,Football,NCAA Football,score_props,excluded_spec,ncaaf,espn_team,,unsupported,no payoff parser / spec: no payoff parser for suffix 'DELAY',,,,
KXNFLWEEKTIE,Football,Pro Football,score_props,excluded_spec,nfl,espn_team,,unsupported,no payoff parser / spec: no payoff parser for suffix 'WEEKTIE',,,,
KXNFLDELAY,Football,Pro Football,score_props,excluded_spec,nfl,espn_team,,unsupported,no payoff parser / spec: no payoff parser for suffix 'DELAY',,,,
KXNCAAF1QBTTS,Football,,score_props,not_attempted_supported_sport,,,,unattempted,no traded markets,,,,
KXNCAAF2QBTTS,Football,,score_props,not_attempted_supported_sport,,,,unattempted,no traded markets,,,,
KXNCAAF3QBTTS,Football,,score_props,not_attempted_supported_sport,,,,unattempted,no traded markets,,,,
KXNCAAF4QBTTS,Football,,score_props,not_attempted_supported_sport,,,,unattempted,no traded markets,,,,
KXNCAAFEQBTTS,Football,,score_props,not_attempted_supported_sport,,,,unattempted,no traded markets,,,,
KXNCAAFFTTS,Football,,score_props,not_attempted_supported_sport,,,,unattempted,no traded markets,,,,
KXNFLSAFETY,Football,,score_props,not_attempted_supported_sport,,,,unattempted,no traded markets,,,,
KXNFLMVP,Football,Pro Football,season_wins,not_attempted_supported_sport,,,,unattempted,season totals: one outcome per team-season; prospective capture required,,,,
KXNFL1SEED,Football,Pro Football,season_wins,not_attempted_supported_sport,,,,unattempted,season totals: one outcome per team-season; prospective capture required,,,,
KXNFLWINS-DAL,Football,Pro Football,season_wins,not_attempted_supported_sport,,,,unattempted,season totals: one outcome per team-season; prospective capture required,,,,
KXNFLWINS-CHI,Football,Pro Football,season_wins,not_attempted_supported_sport,,,,unattempted,season totals: one outcome per team-season; prospective capture required,,,,
KXNFLWINS-BAL,Football,Pro Football,season_wins,not_attempted_supported_sport,,,,unattempted,season totals: one outcome per team-season; prospective capture required,,,,
KXNFLWINS-NYG,Football,Pro Football,season_wins,not_attempted_supported_sport,,,,unattempted,season totals: one outcome per team-season; prospective capture required,,,,
KXNFLWINS-IND,Football,Pro Football,season_wins,not_attempted_supported_sport,,,,unattempted,season totals: one outcome per team-season; prospective capture required,,,,
KXNFLWINS-SEA,Football,Pro Football,season_wins,not_attempted_supported_sport,,,,unattempted,season totals: one outcome per team-season; prospective capture required,,,,
KXNFLWINS-SF,Football,Pro Football,season_wins,not_attempted_supported_sport,,,,unattempted,season totals: one outcome per team-season; prospective capture required,,,,
KXNFLWINS-MIA,Football,Pro Football,season_wins,not_attempted_supported_sport,,,,unattempted,season totals: one outcome per team-season; prospective capture required,,,,
KXNFLWINS-CIN,Football,Pro Football,season_wins,not_attempted_supported_sport,,,,unattempted,season totals: one outcome per team-season; prospective capture required,,,,
KXNFLWINS-NE,Football,Pro Football,season_wins,not_attempted_supported_sport,,,,unattempted,season totals: one outcome per team-season; prospective capture required,,,,
KXNFLWINS-KC,Football,Pro Football,season_wins,not_attempted_supported_sport,,,,unattempted,season totals: one outcome per team-season; prospective capture required,,,,
KXNFLWINS-PIT,Football,Pro Football,season_wins,not_attempted_supported_sport,,,,unattempted,season totals: one outcome per team-season; prospective capture required,,,,
KXNFLWINS-CLE,Football,Pro Football,season_wins,not_attempted_supported_sport,,,,unattempted,season totals: one outcome per team-season; prospective capture required,,,,
KXNFLWINS-DET,Football,Pro Football,season_wins,not_attempted_supported_sport,,,,unattempted,season totals: one outcome per team-season; prospective capture required,,,,
KXNFLWINS-WAS,Football,Pro Football,season_wins,not_attempted_supported_sport,,,,unattempted,season totals: one outcome per team-season; prospective capture required,,,,
KXNFLWINS-CAR,Football,Pro Football,season_wins,not_attempted_supported_sport,,,,unattempted,season totals: one outcome per team-season; prospective capture required,,,,
KXNFLWINS-HOU,Football,Pro Football,season_wins,not_attempted_supported_sport,,,,unattempted,season totals: one outcome per team-season; prospective capture required,,,,
KXNFLWINS-NO,Football,Pro Football,season_wins,not_attempted_supported_sport,,,,unattempted,season totals: one outcome per team-season; prospective capture required,,,,
KXNFLWINS-GB,Football,Pro Football,season_wins,not_attempted_supported_sport,,,,unattempted,season totals: one outcome per team-season; prospective capture required,,,,
KXNFLWINS-PHI,Football,Pro Football,season_wins,not_attempted_supported_sport,,,,unattempted,season totals: one outcome per team-season; prospective capture required,,,,
KXNFLWINS-NYJ,Football,Pro Football,season_wins,not_attempted_supported_sport,,,,unattempted,season totals: one outcome per team-season; prospective capture required,,,,
KXNFLWINS-MIN,Football,Pro Football,season_wins,not_attempted_supported_sport,,,,unattempted,season totals: one outcome per team-season; prospective capture required,,,,
KXNFLWINS-BUF,Football,Pro Football,season_wins,not_attempted_supported_sport,,,,unattempted,season totals: one outcome per team-season; prospective capture required,,,,
KXNFLWINS-TEN,Football,Pro Football,season_wins,not_attempted_supported_sport,,,,unattempted,season totals: one outcome per team-season; prospective capture required,,,,
KXNFLWINS-ATL,Football,Pro Football,season_wins,not_attempted_supported_sport,,,,unattempted,season totals: one outcome per team-season; prospective capture required,,,,
KXNFLWINS-TB,Football,Pro Football,season_wins,not_attempted_supported_sport,,,,unattempted,season totals: one outcome per team-season; prospective capture required,,,,
KXNFLWINS-JAC,Football,Pro Football,season_wins,not_attempted_supported_sport,,,,unattempted,season totals: one outcome per team-season; prospective capture required,,,,
KXNFLWINS-LV,Football,Pro Football,season_wins,not_attempted_supported_sport,,,,unattempted,season totals: one outcome per team-season; prospective capture required,,,,
KXNFLWINS-LAC,Football,Pro Football,season_wins,not_attempted_supported_sport,,,,unattempted,season totals: one outcome per team-season; prospective capture required,,,,
KXNFLWINS-DEN,Football,Pro Football,season_wins,not_attempted_supported_sport,,,,unattempted,season totals: one outcome per team-season; prospective capture required,,,,
KXNFLWINS-ARI,Football,Pro Football,season_wins,not_attempted_supported_sport,,,,unattempted,season totals: one outcome per team-season; prospective capture required,,,,
KXNFLTEAMPTS,Football,Pro Football,season_wins,not_attempted_supported_sport,,,,unattempted,season totals: one outcome per team-season; prospective capture required,,,,
KXNFLWINS-LA,Football,Pro Football,season_wins,not_attempted_supported_sport,,,,unattempted,season totals: one outcome per team-season; prospective capture required,,,,
KXNCAAFSEED,Football,NCAA Football,season_wins,not_attempted_supported_sport,,,,unattempted,season totals: one outcome per team-season; prospective capture required,,,,
KXNFLSACKRECORD,Football,Pro Football,season_wins,not_attempted_supported_sport,,,,unattempted,season totals: one outcome per team-season; prospective capture required,,,,
KXNFLEXACTWINSSEA,Football,Pro Football,season_wins,not_attempted_supported_sport,,,,unattempted,season totals: one outcome per team-season; prospective capture required,,,,
KXNFLEXACTWINSBAL,Football,Pro Football,season_wins,not_attempted_supported_sport,,,,unattempted,season totals: one outcome per team-season; prospective capture required,,,,
KXNFLSEED,Football,Pro Football,season_wins,not_attempted_supported_sport,,,,unattempted,season totals: one outcome per team-season; prospective capture required,,,,
KXNFLEXACTWINSPIT,Football,Pro Football,season_wins,not_attempted_supported_sport,,,,unattempted,season totals: one outcome per team-season; prospective capture required,,,,
KXNFLEXACTWINSLA,Football,Pro Football,season_wins,not_attempted_supported_sport,,,,unattempted,season totals: one outcome per team-season; prospective capture required,,,,
KXNFLWINS-ANY,Football,Pro Football,season_wins,not_attempted_supported_sport,,,,unattempted,season totals: one outcome per team-season; prospective capture required,,,,
KXNFLEXACTWINSBUF,Football,Pro Football,season_wins,not_attempted_supported_sport,,,,unattempted,season totals: one outcome per team-season; prospective capture required,,,,
KXNFLEXACTWINSSF,Football,Pro Football,season_wins,not_attempted_supported_sport,,,,unattempted,season totals: one outcome per team-season; prospective capture required,,,,
KXNFLEXACTWINSGB,Football,Pro Football,season_wins,not_attempted_supported_sport,,,,unattempted,season totals: one outcome per team-season; prospective capture required,,,,
KXNFLEXACTWINSMIN,Football,Pro Football,season_wins,not_attempted_supported_sport,,,,unattempted,season totals: one outcome per team-season; prospective capture required,,,,
KXNFLEXACTWINSDAL,Football,Pro Football,season_wins,not_attempted_supported_sport,,,,unattempted,season totals: one outcome per team-season; prospective capture required,,,,
KXNFLEXACTWINSKC,Football,Pro Football,season_wins,not_attempted_supported_sport,,,,unattempted,season totals: one outcome per team-season; prospective capture required,,,,
KXNFLEXACTWINSCHI,Football,Pro Football,season_wins,not_attempted_supported_sport,,,,unattempted,season totals: one outcome per team-season; prospective capture required,,,,
KXNFLEXACTWINSCAR,Football,Pro Football,season_wins,not_attempted_supported_sport,,,,unattempted,season totals: one outcome per team-season; prospective capture required,,,,
KXNFLDIVMOSTWINS,Football,Pro Football,season_wins,not_attempted_supported_sport,,,,unattempted,season totals: one outcome per team-season; prospective capture required,,,,
KXNFLEXACTWINSIND,Football,Pro Football,season_wins,not_attempted_supported_sport,,,,unattempted,season totals: one outcome per team-season; prospective capture required,,,,
KXNFLEXACTWINSTB,Football,Pro Football,season_wins,not_attempted_supported_sport,,,,unattempted,season totals: one outcome per team-season; prospective capture required,,,,
KXNFLEXACTWINSNE,Football,Pro Football,season_wins,not_attempted_supported_sport,,,,unattempted,season totals: one outcome per team-season; prospective capture required,,,,
KXNFLEXACTWINSHOU,Football,Pro Football,season_wins,not_attempted_supported_sport,,,,unattempted,season totals: one outcome per team-season; prospective capture required,,,,
KXNFLEXACTWINSPHI,Football,Pro Football,season_wins,not_attempted_supported_sport,,,,unattempted,season totals: one outcome per team-season; prospective capture required,,,,
KXNFLEXACTWINSJAC,Football,Pro Football,season_wins,not_attempted_supported_sport,,,,unattempted,season totals: one outcome per team-season; prospective capture required,,,,
KXNFLNEXTINT,Football,Pro Football,season_wins,not_attempted_supported_sport,,,,unattempted,season totals: one outcome per team-season; prospective capture required,,,,
KXNFLEXACTWINSMIA,Football,Pro Football,season_wins,not_attempted_supported_sport,,,,unattempted,season totals: one outcome per team-season; prospective capture required,,,,
KXNFLEXACTWINSCIN,Football,Pro Football,season_wins,not_attempted_supported_sport,,,,unattempted,season totals: one outcome per team-season; prospective capture required,,,,
KXNFLEXACTWINSDEN,Football,Pro Football,season_wins,not_attempted_supported_sport,,,,unattempted,season totals: one outcome per team-season; prospective capture required,,,,
KXNFLEXACTWINSNO,Football,Pro Football,season_wins,not_attempted_supported_sport,,,,unattempted,season totals: one outcome per team-season; prospective capture required,,,,
KXNFLEXACTWINSLAC,Football,Pro Football,season_wins,not_attempted_supported_sport,,,,unattempted,season totals: one outcome per team-season; prospective capture required,,,,
KXNFLENDSTREAK,Football,Pro Football,season_wins,not_attempted_supported_sport,,,,unattempted,season totals: one outcome per team-season; prospective capture required,,,,
KXNFLEXACTWINSNYJ,Football,Pro Football,season_wins,not_attempted_supported_sport,,,,unattempted,season totals: one outcome per team-season; prospective capture required,,,,
KXNCAAFLSUTEX2X,Football,NCAA Football,season_wins,not_attempted_supported_sport,,,,unattempted,season totals: one outcome per team-season; prospective capture required,,,,
KXNFLEXACTWINSTEN,Football,Pro Football,season_wins,not_attempted_supported_sport,,,,unattempted,season totals: one outcome per team-season; prospective capture required,,,,
KXNFLEXACTWINSLV,Football,Pro Football,season_wins,not_attempted_supported_sport,,,,unattempted,season totals: one outcome per team-season; prospective capture required,,,,
KXNFLEXACTWINSATL,Football,Pro Football,season_wins,not_attempted_supported_sport,,,,unattempted,season totals: one outcome per team-season; prospective capture required,,,,
KXNFLDIVLEASTWINS,Football,Pro Football,season_wins,not_attempted_supported_sport,,,,unattempted,season totals: one outcome per team-season; prospective capture required,,,,
KXNFLEXACTWINSWAS,Football,Pro Football,season_wins,not_attempted_supported_sport,,,,unattempted,season totals: one outcome per team-season; prospective capture required,,,,
KXNFLEXACTWINSNYG,Football,Pro Football,season_wins,not_attempted_supported_sport,,,,unattempted,season totals: one outcome per team-season; prospective capture required,,,,
KXNFLWINSTREAK,Football,Pro Football,season_wins,not_attempted_supported_sport,,,,unattempted,season totals: one outcome per team-season; prospective capture required,,,,
KXNFLEXACTWINSDET,Football,Pro Football,season_wins,not_attempted_supported_sport,,,,unattempted,season totals: one outcome per team-season; prospective capture required,,,,
KXNFLEXACTWINSCLE,Football,Pro Football,season_wins,not_attempted_supported_sport,,,,unattempted,season totals: one outcome per team-season; prospective capture required,,,,
KXNFLEXACTWINSARI,Football,Pro Football,season_wins,not_attempted_supported_sport,,,,unattempted,season totals: one outcome per team-season; prospective capture required,,,,
KXNFLSZNRECORD,Football,Pro Football,season_wins,not_attempted_supported_sport,,,,unattempted,season totals: one outcome per team-season; prospective capture required,,,,
KXNFLWINNINGSTREAK,Football,,season_wins,not_attempted_supported_sport,,,,unattempted,season totals: one outcome per team-season; prospective capture required,,,,
KXNCAAF1HSPREAD,Football,NCAA Football,segment,exploratory_evaluated,ncaaf,espn_team,segment,supported,frozen score model,exact,unavailable: training support below threshold,unavailable: segment markets (quarters/halves/innings): no new historical quotes by scope decision,out of market scope
KXNFL1HSPREAD,Football,Pro Football,segment,exploratory_evaluated,nfl,espn_team,segment,supported,frozen score model,exact,unavailable: training support below threshold,unavailable: segment markets (quarters/halves/innings): no new historical quotes by scope decision,out of market scope
KXNCAAF1HTOTAL,Football,NCAA Football,segment,exploratory_evaluated,ncaaf,espn_team,segment,supported,frozen score model,exact,unavailable: training support below threshold,unavailable: segment markets (quarters/halves/innings): no new historical quotes by scope decision,out of market scope
KXNFL1HTOTAL,Football,Pro Football,segment,exploratory_evaluated,nfl,espn_team,segment,supported,frozen score model,exact,unavailable: training support below threshold,unavailable: segment markets (quarters/halves/innings): no new historical quotes by scope decision,out of market scope
KXNFL1H,Football,Pro Football,segment,exploratory_evaluated,nfl,espn_team,segment,supported,frozen score model,exact,unavailable: training support below threshold,unavailable: segment markets (quarters/halves/innings): no new historical quotes by scope decision,out of market scope
KXNCAAF1H,Football,NCAA Football,segment,exploratory_evaluated,ncaaf,espn_team,segment,supported,frozen score model,exact,unavailable: training support below threshold,unavailable: segment markets (quarters/halves/innings): no new historical quotes by scope decision,out of market scope
KXNFL2HSPREAD,Football,Pro Football,segment,exploratory_evaluated,nfl,espn_team,segment,supported,frozen score model,exact,unavailable: training support below threshold,unavailable: segment markets (quarters/halves/innings): no new historical quotes by scope decision,out of market scope
KXNFL1QTOTAL,Football,Pro Football,segment,exploratory_evaluated,nfl,espn_team,segment,supported,frozen score model,exact,unavailable: training support below threshold,unavailable: segment markets (quarters/halves/innings): no new historical quotes by scope decision,out of market scope
KXNFL1Q,Football,Pro Football,segment,exploratory_evaluated,nfl,espn_team,segment,supported,frozen score model,exact,unavailable: training support below threshold,unavailable: segment markets (quarters/halves/innings): no new historical quotes by scope decision,out of market scope
KXNCAAF2HSPREAD,Football,NCAA Football,segment,exploratory_evaluated,ncaaf,espn_team,segment,supported,frozen score model,exact,unavailable: training support below threshold,unavailable: segment markets (quarters/halves/innings): no new historical quotes by scope decision,out of market scope
KXNFL1QSPREAD,Football,Pro Football,segment,exploratory_evaluated,nfl,espn_team,segment,supported,frozen score model,exact,unavailable: training support below threshold,unavailable: segment markets (quarters/halves/innings): no new historical quotes by scope decision,out of market scope
KXNCAAF1QSPREAD,Football,NCAA Football,segment,exploratory_evaluated,ncaaf,espn_team,segment,supported,frozen score model,exact,unavailable: training support below threshold,unavailable: segment markets (quarters/halves/innings): no new historical quotes by scope decision,out of market scope
KXNCAAF1QTOTAL,Football,NCAA Football,segment,exploratory_evaluated,ncaaf,espn_team,segment,supported,frozen score model,exact,unavailable: training support below threshold,unavailable: segment markets (quarters/halves/innings): no new historical quotes by scope decision,out of market scope
KXNFL1HWINNER,Football,Pro Football,segment,exploratory_evaluated,nfl,espn_team,segment,supported,frozen score model,exact,unavailable: training support below threshold,unavailable: segment markets (quarters/halves/innings): no new historical quotes by scope decision,out of market scope
KXNFL3QSPREAD,Football,Pro Football,segment,exploratory_evaluated,nfl,espn_team,segment,supported,frozen score model,exact,unavailable: training support below threshold,unavailable: segment markets (quarters/halves/innings): no new historical quotes by scope decision,out of market scope
KXNFL2HTOTAL,Football,Pro Football,segment,exploratory_evaluated,nfl,espn_team,segment,supported,frozen score model,exact,unavailable: training support below threshold,unavailable: segment markets (quarters/halves/innings): no new historical quotes by scope decision,out of market scope
KXNFL2H,Football,Pro Football,segment,exploratory_evaluated,nfl,espn_team,segment,supported,frozen score model,exact,unavailable: training support below threshold,unavailable: segment markets (quarters/halves/innings): no new historical quotes by scope decision,out of market scope
KXNFL3Q,Football,Pro Football,segment,exploratory_evaluated,nfl,espn_team,segment,supported,frozen score model,exact,unavailable: training support below threshold,unavailable: segment markets (quarters/halves/innings): no new historical quotes by scope decision,out of market scope
KXNFL3QTOTAL,Football,Pro Football,segment,exploratory_evaluated,nfl,espn_team,segment,supported,frozen score model,exact,unavailable: training support below threshold,unavailable: segment markets (quarters/halves/innings): no new historical quotes by scope decision,out of market scope
KXNCAAF3QSPREAD,Football,NCAA Football,segment,exploratory_evaluated,ncaaf,espn_team,segment,supported,frozen score model,exact,unavailable: training support below threshold,unavailable: segment markets (quarters/halves/innings): no new historical quotes by scope decision,out of market scope
KXNCAAF2HTOTAL,Football,NCAA Football,segment,exploratory_evaluated,ncaaf,espn_team,segment,supported,frozen score model,exact,unavailable: training support below threshold,unavailable: segment markets (quarters/halves/innings): no new historical quotes by scope decision,out of market scope
KXNFL4QSPREAD,Football,Pro Football,segment,exploratory_evaluated,nfl,espn_team,segment,supported,frozen score model,exact,unavailable: training support below threshold,unavailable: segment markets (quarters/halves/innings): no new historical quotes by scope decision,out of market scope
KXNFL2QSPREAD,Football,Pro Football,segment,exploratory_evaluated,nfl,espn_team,segment,supported,frozen score model,exact,unavailable: training support below threshold,unavailable: segment markets (quarters/halves/innings): no new historical quotes by scope decision,out of market scope
KXNFL2Q,Football,Pro Football,segment,exploratory_evaluated,nfl,espn_team,segment,supported,frozen score model,exact,unavailable: training support below threshold,unavailable: segment markets (quarters/halves/innings): no new historical quotes by scope decision,out of market scope
KXNFL4Q,Football,Pro Football,segment,exploratory_evaluated,nfl,espn_team,segment,supported,frozen score model,exact,unavailable: training support below threshold,unavailable: segment markets (quarters/halves/innings): no new historical quotes by scope decision,out of market scope
KXNCAAF3QTOTAL,Football,NCAA Football,segment,exploratory_evaluated,ncaaf,espn_team,segment,supported,frozen score model,exact,unavailable: training support below threshold,unavailable: segment markets (quarters/halves/innings): no new historical quotes by scope decision,out of market scope
KXNCAAF1Q,Football,NCAA Football,segment,exploratory_evaluated,ncaaf,espn_team,segment,supported,frozen score model,exact,unavailable: training support below threshold,unavailable: segment markets (quarters/halves/innings): no new historical quotes by scope decision,out of market scope
KXNCAAF4QSPREAD,Football,NCAA Football,segment,exploratory_evaluated,ncaaf,espn_team,segment,supported,frozen score model,exact,unavailable: training support below threshold,unavailable: segment markets (quarters/halves/innings): no new historical quotes by scope decision,out of market scope
KXNCAAF2QSPREAD,Football,NCAA Football,segment,exploratory_evaluated,ncaaf,espn_team,segment,supported,frozen score model,exact,unavailable: training support below threshold,unavailable: segment markets (quarters/halves/innings): no new historical quotes by scope decision,out of market scope
KXNFL2QTOTAL,Football,Pro Football,segment,exploratory_evaluated,nfl,espn_team,segment,supported,frozen score model,exact,unavailable: training support below threshold,unavailable: segment markets (quarters/halves/innings): no new historical quotes by scope decision,out of market scope
KXNCAAF3Q,Football,NCAA Football,segment,exploratory_evaluated,ncaaf,espn_team,segment,supported,frozen score model,exact,unavailable: training support below threshold,unavailable: segment markets (quarters/halves/innings): no new historical quotes by scope decision,out of market scope
KXNCAAF1HWINNER,Football,NCAA Football,segment,exploratory_evaluated,ncaaf,espn_team,segment,supported,frozen score model,exact,unavailable: training support below threshold,unavailable: segment markets (quarters/halves/innings): no new historical quotes by scope decision,out of market scope
KXNFL1HTEAMTOTAL,Football,Pro Football,segment,exploratory_evaluated,nfl,espn_team,segment,supported,frozen score model,exact,unavailable: training support below threshold,unavailable: segment markets (quarters/halves/innings): no new historical quotes by scope decision,out of market scope
KXNCAAF2QTOTAL,Football,NCAA Football,segment,exploratory_evaluated,ncaaf,espn_team,segment,supported,frozen score model,exact,unavailable: training support below threshold,unavailable: segment markets (quarters/halves/innings): no new historical quotes by scope decision,out of market scope
KXNCAAF4QTOTAL,Football,NCAA Football,segment,exploratory_evaluated,ncaaf,espn_team,segment,supported,frozen score model,exact,unavailable: training support below threshold,unavailable: segment markets (quarters/halves/innings): no new historical quotes by scope decision,out of market scope
KXNFL4QTOTAL,Football,Pro Football,segment,exploratory_evaluated,nfl,espn_team,segment,supported,frozen score model,exact,unavailable: training support below threshold,unavailable: segment markets (quarters/halves/innings): no new historical quotes by scope decision,out of market scope
KXNCAAF2H,Football,NCAA Football,segment,exploratory_evaluated,ncaaf,espn_team,segment,supported,frozen score model,exact,unavailable: training support below threshold,unavailable: segment markets (quarters/halves/innings): no new historical quotes by scope decision,out of market scope
KXNCAAF2Q,Football,NCAA Football,segment,exploratory_evaluated,ncaaf,espn_team,segment,supported,frozen score model,exact,unavailable: training support below threshold,unavailable: segment markets (quarters/halves/innings): no new historical quotes by scope decision,out of market scope
KXNCAAF4Q,Football,NCAA Football,segment,exploratory_evaluated,ncaaf,espn_team,segment,supported,frozen score model,exact,unavailable: training support below threshold,unavailable: segment markets (quarters/halves/innings): no new historical quotes by scope decision,out of market scope
KXNFL1QWINNER,Football,Pro Football,segment,exploratory_evaluated,nfl,espn_team,segment,supported,frozen score model,exact,unavailable: training support below threshold,unavailable: segment markets (quarters/halves/innings): no new historical quotes by scope decision,out of market scope
KXNCAAF1HTEAMTOTAL,Football,NCAA Football,segment,exploratory_evaluated,ncaaf,espn_team,segment,supported,frozen score model,exact,unavailable: training support below threshold,unavailable: segment markets (quarters/halves/innings): no new historical quotes by scope decision,out of market scope
KXNFL2HWINNER,Football,Pro Football,segment,exploratory_evaluated,nfl,espn_team,segment,supported,frozen score model,exact,unavailable: training support below threshold,unavailable: segment markets (quarters/halves/innings): no new historical quotes by scope decision,out of market scope
KXNFL4QWINNER,Football,Pro Football,segment,exploratory_evaluated,nfl,espn_team,segment,supported,frozen score model,exact,unavailable: training support below threshold,unavailable: segment markets (quarters/halves/innings): no new historical quotes by scope decision,out of market scope
KXNFLHIGHSCOREQ,Football,Pro Football,segment,excluded_spec,nfl,espn_team,,unsupported,no payoff parser / spec: no payoff parser for suffix 'HIGHSCOREQ',,,,
KXNFL3QWINNER,Football,Pro Football,segment,exploratory_evaluated,nfl,espn_team,segment,supported,frozen score model,exact,unavailable: training support below threshold,unavailable: segment markets (quarters/halves/innings): no new historical quotes by scope decision,out of market scope
KXNFL2QWINNER,Football,Pro Football,segment,exploratory_evaluated,nfl,espn_team,segment,supported,frozen score model,exact,unavailable: training support below threshold,unavailable: segment markets (quarters/halves/innings): no new historical quotes by scope decision,out of market scope
KXNCAAFQHIGHSCORE,Football,NCAA Football,segment,excluded_spec,ncaaf,espn_team,,unsupported,no payoff parser / spec: no payoff parser for suffix 'QHIGHSCORE',,,,
KXNFLOTWIN,Football,,segment,not_attempted_supported_sport,,,,unattempted,no traded markets,,,,
KXNFLSPREAD,Football,Pro Football,spread,strict_evaluated,nfl,espn_team,spread,supported,frozen score model,exact,unavailable: training support below threshold,unavailable: matched training support below threshold,candle rule
KXNCAAFSPREAD,Football,NCAA Football,spread,strict_evaluated,ncaaf,espn_team,spread,supported,frozen score model,exact,ok,ok,candle rule
KXCFLSPREAD,Football,CFL,spread,not_attempted_supported_sport,,,,unattempted,no independent results adapter for this competition in Phase 1 (game_winner only via Kalshi-only path),,,,
KXUFLSPREAD,Football,UFL,spread,not_attempted_supported_sport,,,,unattempted,no independent results adapter for this competition in Phase 1 (game_winner only via Kalshi-only path),,,,
KXNCAAFTEAMTOTAL,Football,NCAA Football,team_total,exploratory_evaluated,ncaaf,espn_team,team_total,supported,frozen score model,exact,unavailable: training support below threshold,unavailable: matched training support below threshold,candle rule
KXNFLTEAMTOTAL,Football,Pro Football,team_total,strict_evaluated,nfl,espn_team,team_total,supported,frozen score model,exact,unavailable: training support below threshold,unavailable: matched training support below threshold,candle rule
KXCANIMAKETHIS,Football,,test_placeholder,not_attempted_supported_sport,,,,unattempted,out of scope (test),,,,
KXEPLTESTIMAGE,Football,,test_placeholder,not_attempted_supported_sport,,,,unattempted,out of scope (test),,,,
KXNFLTOTAL,Football,Pro Football,total,strict_evaluated,nfl,espn_team,total,supported,frozen score model,exact,unavailable: training support below threshold,unavailable: matched training support below threshold,candle rule
KXNCAAFTOTAL,Football,NCAA Football,total,strict_evaluated,ncaaf,espn_team,total,supported,frozen score model,exact,ok,ok,candle rule
KXNFLWINS,Football,Pro Football,total,excluded_spec,nfl,espn_team,,unsupported,no payoff parser / spec: no payoff parser for suffix 'WINS',,,,
KXNCAAFWINS,Football,NCAA Football,total,excluded_spec,ncaaf,espn_team,,unsupported,no payoff parser / spec: no payoff parser for suffix 'WINS',,,,
KXCFLTOTAL,Football,UFL,total,not_attempted_supported_sport,,,,unattempted,no independent results adapter for this competition in Phase 1 (game_winner only via Kalshi-only path),,,,
KXNFLWINSWEEK,Football,Pro Football,total,excluded_spec,nfl,espn_team,,unsupported,no payoff parser / spec: no payoff parser for suffix 'WINSWEEK',,,,
KXUFLTOTAL,Football,UFL,total,not_attempted_supported_sport,,,,unattempted,no independent results adapter for this competition in Phase 1 (game_winner only via Kalshi-only path),,,,
KXNFLH2HWINS,Football,Pro Football,total,excluded_spec,nfl,espn_team,,unsupported,no payoff parser / spec: no payoff parser for suffix 'H2HWINS',,,,
KXNCAAFH2HWINS,Football,NCAA Football,total,excluded_spec,ncaaf,espn_team,,unsupported,no payoff parser / spec: no payoff parser for suffix 'H2HWINS',,,,
KXNFLDIVISIONWINS,Football,Pro Football,total,excluded_spec,nfl,espn_team,,unsupported,no payoff parser / spec: no payoff parser for suffix 'DIVISIONWINS',,,,
KXNFLFFSEASONTOTAL,Football,Pro Football,total,excluded_spec,nfl,espn_team,,unsupported,no payoff parser / spec: no payoff parser for suffix 'FFSEASONTOTAL',,,,
KXSB,Football,Pro Football,tournament_outright,not_attempted_supported_sport,,,,unattempted,outright/bracket: few independent outcomes per season; needs prospective capture + simulation,,,,
KXNCAAF,Football,College Football Playoffs,tournament_outright,not_attempted_supported_sport,,,,unattempted,outright/bracket: few independent outcomes per season; needs prospective capture + simulation,,,,
KXNFLNFCCHAMP,Football,Pro Football,tournament_outright,not_attempted_supported_sport,,,,unattempted,outright/bracket: few independent outcomes per season; needs prospective capture + simulation,,,,
KXNFLAFCCHAMP,Football,Pro Football,tournament_outright,not_attempted_supported_sport,,,,unattempted,outright/bracket: few independent outcomes per season; needs prospective capture + simulation,,,,
KXTEAMSINSB,Football,Pro Football,tournament_outright,not_attempted_supported_sport,,,,unattempted,outright/bracket: few independent outcomes per season; needs prospective capture + simulation,,,,
KXNCAAFPLAYOFF,Football,NCAA Football,tournament_outright,not_attempted_supported_sport,,,,unattempted,outright/bracket: few independent outcomes per season; needs prospective capture + simulation,,,,
KXNFLMATCHUP,Football,Pro Football,tournament_outright,not_attempted_supported_sport,,,,unattempted,outright/bracket: few independent outcomes per season; needs prospective capture + simulation,,,,
KXNFLPLAYOFF,Football,Pro Football,tournament_outright,not_attempted_supported_sport,,,,unattempted,outright/bracket: few independent outcomes per season; needs prospective capture + simulation,,,,
KXNCAAFB12,Football,NCAA Football,tournament_outright,not_attempted_supported_sport,,,,unattempted,outright/bracket: few independent outcomes per season; needs prospective capture + simulation,,,,
KXNCAAFCS,Football,NCAA Football,tournament_outright,not_attempted_supported_sport,,,,unattempted,outright/bracket: few independent outcomes per season; needs prospective capture + simulation,,,,
KXNFLNFCEAST,Football,Pro Football,tournament_outright,not_attempted_supported_sport,,,,unattempted,outright/bracket: few independent outcomes per season; needs prospective capture + simulation,,,,
KXNFLNFCNORTH,Football,Pro Football,tournament_outright,not_attempted_supported_sport,,,,unattempted,outright/bracket: few independent outcomes per season; needs prospective capture + simulation,,,,
KXNFLAFCNORTH,Football,Pro Football,tournament_outright,not_attempted_supported_sport,,,,unattempted,outright/bracket: few independent outcomes per season; needs prospective capture + simulation,,,,
KXNFLNFCWEST,Football,Pro Football,tournament_outright,not_attempted_supported_sport,,,,unattempted,outright/bracket: few independent outcomes per season; needs prospective capture + simulation,,,,
KXNCAAFACC,Football,NCAA Football,tournament_outright,not_attempted_supported_sport,,,,unattempted,outright/bracket: few independent outcomes per season; needs prospective capture + simulation,,,,
KXNCAAFSEC,Football,NCAA Football,tournament_outright,not_attempted_supported_sport,,,,unattempted,outright/bracket: few independent outcomes per season; needs prospective capture + simulation,,,,
KXNFLAFCWEST,Football,Pro Football,tournament_outright,not_attempted_supported_sport,,,,unattempted,outright/bracket: few independent outcomes per season; needs prospective capture + simulation,,,,
KXNCAAFB10,Football,NCAA Football,tournament_outright,not_attempted_supported_sport,,,,unattempted,outright/bracket: few independent outcomes per season; needs prospective capture + simulation,,,,
KXNFLNFCSOUTH,Football,Pro Football,tournament_outright,not_attempted_supported_sport,,,,unattempted,outright/bracket: few independent outcomes per season; needs prospective capture + simulation,,,,
KXNFLAFCSOUTH,Football,Pro Football,tournament_outright,not_attempted_supported_sport,,,,unattempted,outright/bracket: few independent outcomes per season; needs prospective capture + simulation,,,,
KXAFC,Football,,tournament_outright,not_attempted_supported_sport,,,,unattempted,outright/bracket: few independent outcomes per season; needs prospective capture + simulation,,,,
KXNCAAFFINALIST,Football,College Football Playoffs,tournament_outright,not_attempted_supported_sport,,,,unattempted,outright/bracket: few independent outcomes per season; needs prospective capture + simulation,,,,
KXRECORDNFLBEST,Football,Pro Football,tournament_outright,not_attempted_supported_sport,,,,unattempted,outright/bracket: few independent outcomes per season; needs prospective capture + simulation,,,,
KXNFLAFCEAST,Football,Pro Football,tournament_outright,not_attempted_supported_sport,,,,unattempted,outright/bracket: few independent outcomes per season; needs prospective capture + simulation,,,,
KXNFC,Football,,tournament_outright,not_attempted_supported_sport,,,,unattempted,outright/bracket: few independent outcomes per season; needs prospective capture + simulation,,,,
KXRECORDNFLWORST,Football,Pro Football,tournament_outright,not_attempted_supported_sport,,,,unattempted,outright/bracket: few independent outcomes per season; needs prospective capture + simulation,,,,
KXNFLLASTTOLOSE,Football,Pro Football,tournament_outright,not_attempted_supported_sport,,,,unattempted,outright/bracket: few independent outcomes per season; needs prospective capture + simulation,,,,
KXCFPSEED,Football,NCAA Football,tournament_outright,not_attempted_supported_sport,,,,unattempted,outright/bracket: few independent outcomes per season; needs prospective capture + simulation,,,,
KXNCAAFUNDEFEATED,Football,NCAA Football,tournament_outright,not_attempted_supported_sport,,,,unattempted,outright/bracket: few independent outcomes per season; needs prospective capture + simulation,,,,
KXNCAAFPAC12,Football,NCAA Football,tournament_outright,not_attempted_supported_sport,,,,unattempted,outright/bracket: few independent outcomes per season; needs prospective capture + simulation,,,,
KXNCAAFSF,Football,NCAA Football,tournament_outright,not_attempted_supported_sport,,,,unattempted,outright/bracket: few independent outcomes per season; needs prospective capture + simulation,,,,
KXNFCAFCSB,Football,Pro Football,tournament_outright,not_attempted_supported_sport,,,,unattempted,outright/bracket: few independent outcomes per season; needs prospective capture + simulation,,,,
KXNCAAFQF,Football,NCAA Football,tournament_outright,not_attempted_supported_sport,,,,unattempted,outright/bracket: few independent outcomes per season; needs prospective capture + simulation,,,,
KXNCAAFMAC,Football,NCAA Football,tournament_outright,not_attempted_supported_sport,,,,unattempted,outright/bracket: few independent outcomes per season; needs prospective capture + simulation,,,,
KXNCAAFAAC,Football,NCAA Football,tournament_outright,not_attempted_supported_sport,,,,unattempted,outright/bracket: few independent outcomes per season; needs prospective capture + simulation,,,,
KXNCAAFMWC,Football,NCAA Football,tournament_outright,not_attempted_supported_sport,,,,unattempted,outright/bracket: few independent outcomes per season; needs prospective capture + simulation,,,,
KXNCAAFCUSA,Football,NCAA Football,tournament_outright,not_attempted_supported_sport,,,,unattempted,outright/bracket: few independent outcomes per season; needs prospective capture + simulation,,,,
KXNCAAFSBELT,Football,NCAA Football,tournament_outright,not_attempted_supported_sport,,,,unattempted,outright/bracket: few independent outcomes per season; needs prospective capture + simulation,,,,
KXNFLDIVISIONORDER,Football,Pro Football,tournament_outright,not_attempted_supported_sport,,,,unattempted,outright/bracket: few independent outcomes per season; needs prospective capture + simulation,,,,
KXRANKLISTFFQB,Football,Pro Football,tournament_outright,not_attempted_supported_sport,,,,unattempted,outright/bracket: few independent outcomes per season; needs prospective capture + simulation,,,,
KXNCAAFCONF,Football,NCAA Football,tournament_outright,not_attempted_supported_sport,,,,unattempted,outright/bracket: few independent outcomes per season; needs prospective capture + simulation,,,,
KXNCAAFD3,Football,NCAA Football,tournament_outright,not_attempted_supported_sport,,,,unattempted,outright/bracket: few independent outcomes per season; needs prospective capture + simulation,,,,
KXRANKLISTFFWR,Football,Pro Football,tournament_outright,not_attempted_supported_sport,,,,unattempted,outright/bracket: few independent outcomes per season; needs prospective capture + simulation,,,,
KXRANKLISTFFTE,Football,Pro Football,tournament_outright,not_attempted_supported_sport,,,,unattempted,outright/bracket: few independent outcomes per season; needs prospective capture + simulation,,,,
KXRANKLISTFFRB,Football,Pro Football,tournament_outright,not_attempted_supported_sport,,,,unattempted,outright/bracket: few independent outcomes per season; needs prospective capture + simulation,,,,
KXUFLCHAMP,Football,UFL,tournament_outright,not_attempted_supported_sport,,,,unattempted,outright/bracket: few independent outcomes per season; needs prospective capture + simulation,,,,
KXNCAAFFCS,Football,NCAA Football,tournament_outright,not_attempted_supported_sport,,,,unattempted,outright/bracket: few independent outcomes per season; needs prospective capture + simulation,,,,
KXNCAAFPAC12QUAL,Football,NCAA Football,tournament_outright,not_attempted_supported_sport,,,,unattempted,outright/bracket: few independent outcomes per season; needs prospective capture + simulation,,,,
KXNCAAFB12QUAL,Football,NCAA Football,tournament_outright,not_attempted_supported_sport,,,,unattempted,outright/bracket: few independent outcomes per season; needs prospective capture + simulation,,,,
KXNCAAFCUSAQUAL,Football,NCAA Football,tournament_outright,not_attempted_supported_sport,,,,unattempted,outright/bracket: few independent outcomes per season; needs prospective capture + simulation,,,,
KXNFLROUNDQUAL,Football,Pro Football,tournament_outright,not_attempted_supported_sport,,,,unattempted,outright/bracket: few independent outcomes per season; needs prospective capture + simulation,,,,
KXNCAAFCONFMATCHUP,Football,NCAA Football,tournament_outright,not_attempted_supported_sport,,,,unattempted,outright/bracket: few independent outcomes per season; needs prospective capture + simulation,,,,
KXNCAAFACCQUAL,Football,NCAA Football,tournament_outright,not_attempted_supported_sport,,,,unattempted,outright/bracket: few independent outcomes per season; needs prospective capture + simulation,,,,
KXNCAAFB10QUAL,Football,NCAA Football,tournament_outright,not_attempted_supported_sport,,,,unattempted,outright/bracket: few independent outcomes per season; needs prospective capture + simulation,,,,
KXNCAAFTOPSEED,Football,NCAA Football,tournament_outright,not_attempted_supported_sport,,,,unattempted,outright/bracket: few independent outcomes per season; needs prospective capture + simulation,,,,
KXNCAAFAACQUAL,Football,NCAA Football,tournament_outright,not_attempted_supported_sport,,,,unattempted,outright/bracket: few independent outcomes per season; needs prospective capture + simulation,,,,
KXNCAAFSECQ,Football,NCAA Football,tournament_outright,not_attempted_supported_sport,,,,unattempted,outright/bracket: few independent outcomes per season; needs prospective capture + simulation,,,,
KXNCAAFTFUT,Football,NCAA Football,tournament_outright,not_attempted_supported_sport,,,,unattempted,outright/bracket: few independent outcomes per season; needs prospective capture + simulation,,,,
KXNFLDIVUNDEFEATED,Football,Pro Football,tournament_outright,not_attempted_supported_sport,,,,unattempted,outright/bracket: few independent outcomes per season; needs prospective capture + simulation,,,,
KXNCAAFMWCQUAL,Football,NCAA Football,tournament_outright,not_attempted_supported_sport,,,,unattempted,outright/bracket: few independent outcomes per season; needs prospective capture + simulation,,,,
KXNCAAFSBELTQUAL,Football,NCAA Football,tournament_outright,not_attempted_supported_sport,,,,unattempted,outright/bracket: few independent outcomes per season; needs prospective capture + simulation,,,,
KXNCAAFMACQUAL,Football,NCAA Football,tournament_outright,not_attempted_supported_sport,,,,unattempted,outright/bracket: few independent outcomes per season; needs prospective capture + simulation,,,,
KXNCAAFBOWLGAME,Football,NCAA Football,tournament_outright,not_attempted_supported_sport,,,,unattempted,outright/bracket: few independent outcomes per season; needs prospective capture + simulation,,,,
KXNCAAFCFPCONF,Football,NCAA Football,tournament_outright,not_attempted_supported_sport,,,,unattempted,outright/bracket: few independent outcomes per season; needs prospective capture + simulation,,,,
KXCOACHOUTNFLFIRST,Football,,tournament_outright,not_attempted_supported_sport,,,,unattempted,outright/bracket: few independent outcomes per season; needs prospective capture + simulation,,,,
KXLEADERPINT,Football,,tournament_outright,not_attempted_supported_sport,,,,unattempted,outright/bracket: few independent outcomes per season; needs prospective capture + simulation,,,,
KXNCAAFBACC,Football,,tournament_outright,not_attempted_supported_sport,,,,unattempted,outright/bracket: few independent outcomes per season; needs prospective capture + simulation,,,,
KXNCAAFBB10,Football,,tournament_outright,not_attempted_supported_sport,,,,unattempted,outright/bracket: few independent outcomes per season; needs prospective capture + simulation,,,,
KXNCAAFBB12,Football,,tournament_outright,not_attempted_supported_sport,,,,unattempted,outright/bracket: few independent outcomes per season; needs prospective capture + simulation,,,,
KXNCAAFBSEC,Football,,tournament_outright,not_attempted_supported_sport,,,,unattempted,outright/bracket: few independent outcomes per season; needs prospective capture + simulation,,,,
KXNCAAFIVY,Football,,tournament_outright,not_attempted_supported_sport,,,,unattempted,outright/bracket: few independent outcomes per season; needs prospective capture + simulation,,,,
KXNCAAFPAC10,Football,,tournament_outright,not_attempted_supported_sport,,,,unattempted,outright/bracket: few independent outcomes per season; needs prospective capture + simulation,,,,
KXNCAAPLAYOFF,Football,,tournament_outright,not_attempted_supported_sport,,,,unattempted,outright/bracket: few independent outcomes per season; needs prospective capture + simulation,,,,
KXNFLCONTRACTSIZE,Football,,tournament_outright,not_attempted_supported_sport,,,,unattempted,outright/bracket: few independent outcomes per season; needs prospective capture + simulation,,,,
KXNFLGPICKENSCONTRACT,Football,,tournament_outright,not_attempted_supported_sport,,,,unattempted,outright/bracket: few independent outcomes per season; needs prospective capture + simulation,,,,
KXUFLUSFLCONF,Football,,tournament_outright,not_attempted_supported_sport,,,,unattempted,outright/bracket: few independent outcomes per season; needs prospective capture + simulation,,,,
KXUFLXFLCONF,Football,,tournament_outright,not_attempted_supported_sport,,,,unattempted,outright/bracket: few independent outcomes per season; needs prospective capture + simulation,,,,
KXPGATOUR,Golf,PGA,field_finish,strict_evaluated,pga,espn_golf,field_finish,supported,frozen score model (prediction-time field; not exactly comparable),field_assumption_differs,unavailable: training support below threshold,unavailable: field finish (golf/F1): no new historical quotes by scope decision,out of market scope
KXPGAR1LEAD,Golf,3M Open,field_finish,not_attempted_supported_sport,,,,unattempted,no independent results adapter for this competition in Phase 1 (game_winner only via Kalshi-only path),,,,
KXPGAR2LEAD,Golf,3M Open,field_finish,not_attempted_supported_sport,,,,unattempted,no independent results adapter for this competition in Phase 1 (game_winner only via Kalshi-only path),,,,
KXPGATOP20,Golf,3M Open,field_finish,exploratory_evaluated,pga,espn_golf,field_finish,supported,frozen score model (prediction-time field; not exactly comparable),field_assumption_differs,unavailable: training support below threshold,unavailable: field finish (golf/F1): no new historical quotes by scope decision,out of market scope
KXPGAR3LEAD,Golf,3M Open,field_finish,not_attempted_supported_sport,,,,unattempted,no independent results adapter for this competition in Phase 1 (game_winner only via Kalshi-only path),,,,
KXPGATOP10,Golf,3M Open,field_finish,exploratory_evaluated,pga,espn_golf,field_finish,supported,frozen score model (prediction-time field; not exactly comparable),field_assumption_differs,unavailable: training support below threshold,unavailable: field finish (golf/F1): no new historical quotes by scope decision,out of market scope
KXPGATOP5,Golf,3M Open,field_finish,exploratory_evaluated,pga,espn_golf,field_finish,supported,frozen score model (prediction-time field; not exactly comparable),field_assumption_differs,unavailable: training support below threshold,unavailable: field finish (golf/F1): no new historical quotes by scope decision,out of market scope
KXLIVTOUR,Golf,LIV Golf Adelaide,field_finish,not_attempted_supported_sport,,,,unattempted,no independent results adapter for this competition in Phase 1 (game_winner only via Kalshi-only path),,,,
KXPGAH2H,Golf,Travelers Championship,field_finish,not_attempted_supported_sport,,,,unattempted,no independent results adapter for this competition in Phase 1 (game_winner only via Kalshi-only path),,,,
KXPGARYDERMATCH,Golf,Pro Golf,field_finish,not_attempted_supported_sport,,,,unattempted,no independent results adapter for this competition in Phase 1 (game_winner only via Kalshi-only path),,,,
KXLPGATOUR,Golf,AIG Women's Open,field_finish,not_attempted_supported_sport,,,,unattempted,no independent results adapter for this competition in Phase 1 (game_winner only via Kalshi-only path),,,,
KXPGAMAKECUT,Golf,3M Open,field_finish,not_attempted_supported_sport,,,,unattempted,no independent results adapter for this competition in Phase 1 (game_winner only via Kalshi-only path),,,,
KXPGARYDER,Golf,Ryder Cup,field_finish,not_attempted_supported_sport,,,,unattempted,no independent results adapter for this competition in Phase 1 (game_winner only via Kalshi-only path),,,,
KXKFTOUR,Golf,AdventHealth Championship,field_finish,not_attempted_supported_sport,,,,unattempted,no independent results adapter for this competition in Phase 1 (game_winner only via Kalshi-only path),,,,
KXPGA3BALL,Golf,RBC Canadian Open,field_finish,not_attempted_supported_sport,,,,unattempted,no independent results adapter for this competition in Phase 1 (game_winner only via Kalshi-only path),,,,
KXPRESCUPMATCH,Golf,Presidents Cup,field_finish,not_attempted_supported_sport,,,,unattempted,no independent results adapter for this competition in Phase 1 (game_winner only via Kalshi-only path),,,,
KXDPWORLDTOURR1LEAD,Golf,Alfred Dunhill Links Championship,field_finish,not_attempted_supported_sport,,,,unattempted,no independent results adapter for this competition in Phase 1 (game_winner only via Kalshi-only path),,,,
KXPRESCUP,Golf,Presidents Cup,field_finish,not_attempted_supported_sport,,,,unattempted,no independent results adapter for this competition in Phase 1 (game_winner only via Kalshi-only path),,,,
KXPGAPLAYERCAT,Golf,PGA Championship,field_finish,not_attempted_supported_sport,,,,unattempted,no independent results adapter for this competition in Phase 1 (game_winner only via Kalshi-only path),,,,
KXTGLMATCH,Golf,Tomorrow's Golf League (TGL),field_finish,not_attempted_supported_sport,,,,unattempted,no independent results adapter for this competition in Phase 1 (game_winner only via Kalshi-only path),,,,
KXPGAWINNERWITHOUT,Golf,The Masters,field_finish,not_attempted_supported_sport,,,,unattempted,no independent results adapter for this competition in Phase 1 (game_winner only via Kalshi-only path),,,,
KXPGATOP40,Golf,PGA Championship,field_finish,not_attempted_supported_sport,,,,unattempted,no independent results adapter for this competition in Phase 1 (game_winner only via Kalshi-only path),,,,
KXPGAR1TOP10,Golf,3M Open,field_finish,not_attempted_supported_sport,,,,unattempted,no independent results adapter for this competition in Phase 1 (game_winner only via Kalshi-only path),,,,
KXPGAWINNINGSCORE,Golf,PGA Championship,field_finish,not_attempted_supported_sport,,,,unattempted,no independent results adapter for this competition in Phase 1 (game_winner only via Kalshi-only path),,,,
KXPGAR2TOP5,Golf,PGA Championship,field_finish,not_attempted_supported_sport,,,,unattempted,no independent results adapter for this competition in Phase 1 (game_winner only via Kalshi-only path),,,,
KXPGAPLAYOFF,Golf,3M Open,field_finish,not_attempted_supported_sport,,,,unattempted,no independent results adapter for this competition in Phase 1 (game_winner only via Kalshi-only path),,,,
KXPGAR1TOP5,Golf,3M Open,field_finish,not_attempted_supported_sport,,,,unattempted,no independent results adapter for this competition in Phase 1 (game_winner only via Kalshi-only path),,,,
KXDPWORLDTOURR2LEAD,Golf,Alfred Dunhill Links Championship,field_finish,not_attempted_supported_sport,,,,unattempted,no independent results adapter for this competition in Phase 1 (game_winner only via Kalshi-only path),,,,
KXLIVR1LEAD,Golf,LIV Golf Adelaide,field_finish,not_attempted_supported_sport,,,,unattempted,no independent results adapter for this competition in Phase 1 (game_winner only via Kalshi-only path),,,,
KXPGABOGEYFREE,Golf,The Masters,field_finish,not_attempted_supported_sport,,,,unattempted,no independent results adapter for this competition in Phase 1 (game_winner only via Kalshi-only path),,,,
KXPGACUTLINE,Golf,PGA Championship,field_finish,not_attempted_supported_sport,,,,unattempted,no independent results adapter for this competition in Phase 1 (game_winner only via Kalshi-only path),,,,
KXDPWORLDTOURMAKECUT,Golf,Alfred Dunhill Links Championship,field_finish,not_attempted_supported_sport,,,,unattempted,no independent results adapter for this competition in Phase 1 (game_winner only via Kalshi-only path),,,,
KXPGALOWSCORE,Golf,PGA Championship,field_finish,not_attempted_supported_sport,,,,unattempted,no independent results adapter for this competition in Phase 1 (game_winner only via Kalshi-only path),,,,
KXPGAR2TOP10,Golf,3M Open,field_finish,not_attempted_supported_sport,,,,unattempted,no independent results adapter for this competition in Phase 1 (game_winner only via Kalshi-only path),,,,
KXPGAR3TOP10,Golf,3M Open,field_finish,not_attempted_supported_sport,,,,unattempted,no independent results adapter for this competition in Phase 1 (game_winner only via Kalshi-only path),,,,
KXDPWORLDTOURR3LEAD,Golf,Alfred Dunhill Links Championship,field_finish,not_attempted_supported_sport,,,,unattempted,no independent results adapter for this competition in Phase 1 (game_winner only via Kalshi-only path),,,,
KXLPGAR1LEAD,Golf,AIG Women's Open,field_finish,not_attempted_supported_sport,,,,unattempted,no independent results adapter for this competition in Phase 1 (game_winner only via Kalshi-only path),,,,
KXPGAR1TOP20,Golf,PGA Championship,field_finish,not_attempted_supported_sport,,,,unattempted,no independent results adapter for this competition in Phase 1 (game_winner only via Kalshi-only path),,,,
KXLIVTOP10,Golf,LIV Golf Adelaide,field_finish,not_attempted_supported_sport,,,,unattempted,no independent results adapter for this competition in Phase 1 (game_winner only via Kalshi-only path),,,,
KXDPWTTOP20,Golf,Alfred Dunhill Links Championship,field_finish,not_attempted_supported_sport,,,,unattempted,no independent results adapter for this competition in Phase 1 (game_winner only via Kalshi-only path),,,,
KXLIVTOP5,Golf,LIV Golf Adelaide,field_finish,not_attempted_supported_sport,,,,unattempted,no independent results adapter for this competition in Phase 1 (game_winner only via Kalshi-only path),,,,
KXPGAWINNERREGION,Golf,PGA Championship,field_finish,not_attempted_supported_sport,,,,unattempted,no independent results adapter for this competition in Phase 1 (game_winner only via Kalshi-only path),,,,
KXDPWT3BALL,Golf,Amgen Irish Open,field_finish,not_attempted_supported_sport,,,,unattempted,no independent results adapter for this competition in Phase 1 (game_winner only via Kalshi-only path),,,,
KXDPWTTOP10,Golf,Alfred Dunhill Links Championship,field_finish,not_attempted_supported_sport,,,,unattempted,no independent results adapter for this competition in Phase 1 (game_winner only via Kalshi-only path),,,,
KXDPWTTOP5,Golf,Alfred Dunhill Links Championship,field_finish,not_attempted_supported_sport,,,,unattempted,no independent results adapter for this competition in Phase 1 (game_winner only via Kalshi-only path),,,,
KXPGA5BALL,Golf,The Masters,field_finish,not_attempted_supported_sport,,,,unattempted,no independent results adapter for this competition in Phase 1 (game_winner only via Kalshi-only path),,,,
KXPGAR3TOP5,Golf,PGA Championship,field_finish,not_attempted_supported_sport,,,,unattempted,no independent results adapter for this competition in Phase 1 (game_winner only via Kalshi-only path),,,,
KXPGASOLHEIM,Golf,Solheim Cup,field_finish,not_attempted_supported_sport,,,,unattempted,no independent results adapter for this competition in Phase 1 (game_winner only via Kalshi-only path),,,,
KXPGASTROKEMARGIN,Golf,PGA Championship,field_finish,not_attempted_supported_sport,,,,unattempted,no independent results adapter for this competition in Phase 1 (game_winner only via Kalshi-only path),,,,
KXLIVH2H,Golf,LIV Golf Andalucia,field_finish,not_attempted_supported_sport,,,,unattempted,no independent results adapter for this competition in Phase 1 (game_winner only via Kalshi-only path),,,,
KXPGAHOLE,Golf,The Masters,field_finish,not_attempted_supported_sport,,,,unattempted,no independent results adapter for this competition in Phase 1 (game_winner only via Kalshi-only path),,,,
KXLPGAR3LEAD,Golf,AIG Women's Open,field_finish,not_attempted_supported_sport,,,,unattempted,no independent results adapter for this competition in Phase 1 (game_winner only via Kalshi-only path),,,,
KXLIVR2LEAD,Golf,LIV Golf Andalucia,field_finish,not_attempted_supported_sport,,,,unattempted,no independent results adapter for this competition in Phase 1 (game_winner only via Kalshi-only path),,,,
KXLPGAR2LEAD,Golf,AIG Women's Open,field_finish,not_attempted_supported_sport,,,,unattempted,no independent results adapter for this competition in Phase 1 (game_winner only via Kalshi-only path),,,,
KXPGAAGECUT,Golf,The Masters,field_finish,not_attempted_supported_sport,,,,unattempted,no independent results adapter for this competition in Phase 1 (game_winner only via Kalshi-only path),,,,
KXDPWTH2H,Golf,BMW PGA Championship,field_finish,not_attempted_supported_sport,,,,unattempted,no independent results adapter for this competition in Phase 1 (game_winner only via Kalshi-only path),,,,
KXLIVR3LEAD,Golf,LIV Golf Andalucia,field_finish,not_attempted_supported_sport,,,,unattempted,no independent results adapter for this competition in Phase 1 (game_winner only via Kalshi-only path),,,,
KXPGAUNDERPAR,Golf,U.S. Open,field_finish,not_attempted_supported_sport,,,,unattempted,no independent results adapter for this competition in Phase 1 (game_winner only via Kalshi-only path),,,,
KXCHAMPTOURR1LEAD,Golf,Boeing Classic,field_finish,not_attempted_supported_sport,,,,unattempted,no independent results adapter for this competition in Phase 1 (game_winner only via Kalshi-only path),,,,
KXPGA1STTIMEWIN,Golf,The Open Championship,field_finish,not_attempted_supported_sport,,,,unattempted,no independent results adapter for this competition in Phase 1 (game_winner only via Kalshi-only path),,,,
KXPGAWINMARGIN,Golf,THE PLAYERS Championship,field_finish,not_attempted_supported_sport,,,,unattempted,no independent results adapter for this competition in Phase 1 (game_winner only via Kalshi-only path),,,,
KXPGAWIN,Golf,PGA Championship,field_finish,not_attempted_supported_sport,,,,unattempted,no independent results adapter for this competition in Phase 1 (game_winner only via Kalshi-only path),,,,
KXPGAALBATROSS,Golf,The Open Championship,field_finish,not_attempted_supported_sport,,,,unattempted,no independent results adapter for this competition in Phase 1 (game_winner only via Kalshi-only path),,,,
KXGOLFH2H,Golf,,field_finish,not_attempted_supported_sport,,,,unattempted,no traded markets,,,,
KXOLDESTCUT,Golf,,field_finish,not_attempted_supported_sport,,,,unattempted,no traded markets,,,,
KXPGACAT,Golf,,field_finish,not_attempted_supported_sport,,,,unattempted,no traded markets,,,,
KXPGAREGION,Golf,,field_finish,not_attempted_supported_sport,,,,unattempted,no traded markets,,,,
KXPRESCUPPTSLEAD,Golf,Presidents Cup,league_leaders,not_attempted_supported_sport,,,,unattempted,league leaders: one outcome per stat-season,,,,
KXBRYSONCOURSERECORDS,Golf,,league_leaders,not_attempted_supported_sport,,,,unattempted,league leaders: one outcome per stat-season,,,,
KXPRESCUPPTSLEADER,Golf,,league_leaders,not_attempted_supported_sport,,,,unattempted,league leaders: one outcome per stat-season,,,,
KXPGATIGER,Golf,PGA,other_novelty,not_attempted_supported_sport,,,,unattempted,out of scope (novelty),,,,
KXPGARETURN,Golf,LIV,other_novelty,not_attempted_supported_sport,,,,unattempted,out of scope (novelty),,,,
KXGOLFMAJOR,Golf,PGA,other_novelty,not_attempted_supported_sport,,,,unattempted,out of scope (novelty),,,,
KXLIVMAKECUT,Golf,,other_novelty,not_attempted_supported_sport,,,,unattempted,out of scope (novelty),,,,
KXNELKRTS,Golf,NELK,other_novelty,not_attempted_supported_sport,,,,unattempted,out of scope (novelty),,,,
KXPGACURRY,Golf,PGA,other_novelty,not_attempted_supported_sport,,,,unattempted,out of scope (novelty),,,,
KXPGAACTION,Golf,,other_novelty,not_attempted_supported_sport,,,,unattempted,out of scope (novelty),,,,
KXGOLFCAT,Golf,,other_novelty,not_attempted_supported_sport,,,,unattempted,out of scope (novelty),,,,
KXLIVOCCUR,Golf,LIV,personnel_ops,not_attempted_supported_sport,,,,unattempted,out of scope (non-sporting outcome),,,,
KXPGAUSO,Golf,U.S. Open,personnel_ops,not_attempted_supported_sport,,,,unattempted,out of scope (non-sporting outcome),,,,
KXLIVCOMPETE,Golf,LIV,personnel_ops,not_attempted_supported_sport,,,,unattempted,out of scope (non-sporting outcome),,,,
KXPGAOCCUR,Golf,,personnel_ops,not_attempted_supported_sport,,,,unattempted,out of scope (non-sporting outcome),,,,
KXPGAROUNDSCORE,Golf,3M Open,player_prop,not_attempted_supported_sport,,,,unattempted,player/appearance-conditioned; pregame participation not reconstructable as-of (not modelled),,,,
KXPGAHOLESCORE,Golf,U.S. Open,player_prop,not_attempted_supported_sport,,,,unattempted,player/appearance-conditioned; pregame participation not reconstructable as-of (not modelled),,,,
KXPGAHOLEINONE,Golf,3M Open,player_prop,not_attempted_supported_sport,,,,unattempted,player/appearance-conditioned; pregame participation not reconstructable as-of (not modelled),,,,
KXPGAEAGLE,Golf,The Masters,player_prop,not_attempted_supported_sport,,,,unattempted,player/appearance-conditioned; pregame participation not reconstructable as-of (not modelled),,,,
KXPGAROUNDLOW,Golf,U.S. Open,player_prop,not_attempted_supported_sport,,,,unattempted,player/appearance-conditioned; pregame participation not reconstructable as-of (not modelled),,,,
KXHOLEINONE,Golf,WM Phoenix Open,player_prop,not_attempted_supported_sport,,,,unattempted,player/appearance-conditioned; pregame participation not reconstructable as-of (not modelled),,,,
KXPRESCUPPTS,Golf,Presidents Cup,player_prop,not_attempted_supported_sport,,,,unattempted,player/appearance-conditioned; pregame participation not reconstructable as-of (not modelled),,,,
KXPRESCUPHOLEINONE,Golf,Presidents Cup,player_prop,not_attempted_supported_sport,,,,unattempted,player/appearance-conditioned; pregame participation not reconstructable as-of (not modelled),,,,
KXPGABIRDIES,Golf,The Masters,player_prop,not_attempted_supported_sport,,,,unattempted,player/appearance-conditioned; pregame participation not reconstructable as-of (not modelled),,,,
KXBDSHOLEINONE,Golf,,player_prop,not_attempted_supported_sport,,,,unattempted,player/appearance-conditioned; pregame participation not reconstructable as-of (not modelled),,,,
KXNELKHOLEINONE,Golf,,player_prop,not_attempted_supported_sport,,,,unattempted,player/appearance-conditioned; pregame participation not reconstructable as-of (not modelled),,,,
KXPGAGOLFERSCORE,Golf,,player_prop,not_attempted_supported_sport,,,,unattempted,player/appearance-conditioned; pregame participation not reconstructable as-of (not modelled),,,,
KXPGAROUNDBIRDIES,Golf,,player_prop,not_attempted_supported_sport,,,,unattempted,player/appearance-conditioned; pregame participation not reconstructable as-of (not modelled),,,,
KXOWGRRANK,Golf,PGA,rankings_polls,not_attempted_supported_sport,,,,unattempted,rankings/polls: poll processes (KenPom paid),,,,
KXPRESCUPWINMARGIN,Golf,Presidents Cup,score_props,not_attempted_supported_sport,,,,unattempted,no independent results adapter for this competition in Phase 1 (game_winner only via Kalshi-only path),,,,
KXGOLFTENNISMAJORS,Golf,,season_wins,not_attempted_supported_sport,,,,unattempted,season totals: one outcome per team-season; prospective capture required,,,,
KXPGAFUTURE,Golf,PGA,season_wins,not_attempted_supported_sport,,,,unattempted,season totals: one outcome per team-season; prospective capture required,,,,
KXPGAMAJOR,Golf,,season_wins,not_attempted_supported_sport,,,,unattempted,season totals: one outcome per team-season; prospective capture required,,,,
KXPRESCUPDAYWINNER,Golf,Presidents Cup,segment,not_attempted_supported_sport,,,,unattempted,no independent results adapter for this competition in Phase 1 (game_winner only via Kalshi-only path),,,,
KXLPGADAYWINNER,Golf,Solheim Cup,segment,not_attempted_supported_sport,,,,unattempted,no independent results adapter for this competition in Phase 1 (game_winner only via Kalshi-only path),,,,
KXDPWORLDTOUR,Golf,Alfred Dunhill Links Championship,tournament_outright,not_attempted_supported_sport,,,,unattempted,outright/bracket: few independent outcomes per season; needs prospective capture + simulation,,,,
KXMASTERS,Golf,,tournament_outright,not_attempted_supported_sport,,,,unattempted,outright/bracket: few independent outcomes per season; needs prospective capture + simulation,,,,
KXUSOPEN,Golf,,tournament_outright,not_attempted_supported_sport,,,,unattempted,outright/bracket: few independent outcomes per season; needs prospective capture + simulation,,,,
KXTHEOPEN,Golf,,tournament_outright,not_attempted_supported_sport,,,,unattempted,outright/bracket: few independent outcomes per season; needs prospective capture + simulation,,,,
KXPGA,Golf,,tournament_outright,not_attempted_supported_sport,,,,unattempted,outright/bracket: few independent outcomes per season; needs prospective capture + simulation,,,,
KXPGARYDERTOP,Golf,,tournament_outright,not_attempted_supported_sport,,,,unattempted,outright/bracket: few independent outcomes per season; needs prospective capture + simulation,,,,
KXCHAMPTOUR,Golf,Boeing Classic,tournament_outright,not_attempted_supported_sport,,,,unattempted,outright/bracket: few independent outcomes per season; needs prospective capture + simulation,,,,
KXPGARYDERCUPD1,Golf,,tournament_outright,not_attempted_supported_sport,,,,unattempted,outright/bracket: few independent outcomes per season; needs prospective capture + simulation,,,,
KXGENESISINVITATIONAL,Golf,,tournament_outright,not_attempted_supported_sport,,,,unattempted,outright/bracket: few independent outcomes per season; needs prospective capture + simulation,,,,
KXPGAMAJORWIN,Golf,PGA,tournament_outright,not_attempted_supported_sport,,,,unattempted,outright/bracket: few independent outcomes per season; needs prospective capture + simulation,,,,
KXPGAMASTERS,Golf,The Masters,tournament_outright,not_attempted_supported_sport,,,,unattempted,outright/bracket: few independent outcomes per season; needs prospective capture + simulation,,,,
KXSCOTTIESLAM,Golf,PGA,tournament_outright,not_attempted_supported_sport,,,,unattempted,outright/bracket: few independent outcomes per season; needs prospective capture + simulation,,,,
KXPGARYDERCUPD2,Golf,,tournament_outright,not_attempted_supported_sport,,,,unattempted,outright/bracket: few independent outcomes per season; needs prospective capture + simulation,,,,
KXTGLCHAMPION,Golf,Tomorrow's Golf League (TGL),tournament_outright,not_attempted_supported_sport,,,,unattempted,outright/bracket: few independent outcomes per season; needs prospective capture + simulation,,,,
KXPGAMAJORTOP10,Golf,PGA,tournament_outright,not_attempted_supported_sport,,,,unattempted,outright/bracket: few independent outcomes per season; needs prospective capture + simulation,,,,
KXGOLFMAJORS,Golf,PGA,tournament_outright,not_attempted_supported_sport,,,,unattempted,outright/bracket: few independent outcomes per season; needs prospective capture + simulation,,,,
KXGOLFTOURN,Golf,American Century Championship,tournament_outright,not_attempted_supported_sport,,,,unattempted,outright/bracket: few independent outcomes per season; needs prospective capture + simulation,,,,
KXPHOENIXOPEN,Golf,,tournament_outright,not_attempted_supported_sport,,,,unattempted,outright/bracket: few independent outcomes per season; needs prospective capture + simulation,,,,
KXPGACOMPETE,Golf,Presidents Cup,tournament_outright,not_attempted_supported_sport,,,,unattempted,outright/bracket: few independent outcomes per season; needs prospective capture + simulation,,,,
KXGOLFNEXTWIN,Golf,PGA,tournament_outright,not_attempted_supported_sport,,,,unattempted,outright/bracket: few independent outcomes per season; needs prospective capture + simulation,,,,
KXRYDERCUPCAPTAIN,Golf,Ryder Cup,tournament_outright,not_attempted_supported_sport,,,,unattempted,outright/bracket: few independent outcomes per season; needs prospective capture + simulation,,,,
KXMASTERSCUT,Golf,,tournament_outright,not_attempted_supported_sport,,,,unattempted,outright/bracket: few independent outcomes per season; needs prospective capture + simulation,,,,
KXPGAC,Golf,PGA Championship,tournament_outright,not_attempted_supported_sport,,,,unattempted,outright/bracket: few independent outcomes per season; needs prospective capture + simulation,,,,
KXGOLF,Golf,,tournament_outright,not_attempted_supported_sport,,,,unattempted,outright/bracket: few independent outcomes per season; needs prospective capture + simulation,,,,
KXGOLFMAJORFUT,Golf,,tournament_outright,not_attempted_supported_sport,,,,unattempted,outright/bracket: few independent outcomes per season; needs prospective capture + simulation,,,,
KXNEXTWIN,Golf,,tournament_outright,not_attempted_supported_sport,,,,unattempted,outright/bracket: few independent outcomes per season; needs prospective capture + simulation,,,,
KXPGARYDERCUPD3,Golf,,tournament_outright,not_attempted_supported_sport,,,,unattempted,outright/bracket: few independent outcomes per season; needs prospective capture + simulation,,,,
KXPGARYDERTOP3,Golf,,tournament_outright,not_attempted_supported_sport,,,,unattempted,outright/bracket: few independent outcomes per season; needs prospective capture + simulation,,,,
KXPGATOURCHAMP,Golf,,tournament_outright,not_attempted_supported_sport,,,,unattempted,outright/bracket: few independent outcomes per season; needs prospective capture + simulation,,,,
KXRYDERCUP,Golf,,tournament_outright,not_attempted_supported_sport,,,,unattempted,outright/bracket: few independent outcomes per season; needs prospective capture + simulation,,,,
KXTIGERMASTERS,Golf,,tournament_outright,not_attempted_supported_sport,,,,unattempted,outright/bracket: few independent outcomes per season; needs prospective capture + simulation,,,,
KXTRUMPGOLF,Golf,,tournament_outright,not_attempted_supported_sport,,,,unattempted,outright/bracket: few independent outcomes per season; needs prospective capture + simulation,,,,
KXNHLHART,Hockey,Pro Hockey,awards,not_attempted_supported_sport,,,,unattempted,awards: voting outcomes without as-of inputs,,,,
KXCONNSMYTHE,Hockey,Pro Hockey,awards,not_attempted_supported_sport,,,,unattempted,awards: voting outcomes without as-of inputs,,,,
KXNHLADAMS,Hockey,Pro Hockey,awards,not_attempted_supported_sport,,,,unattempted,awards: voting outcomes without as-of inputs,,,,
KXNHLNORRIS,Hockey,Pro Hockey,awards,not_attempted_supported_sport,,,,unattempted,awards: voting outcomes without as-of inputs,,,,
KXNHLVEZINA,Hockey,Pro Hockey,awards,not_attempted_supported_sport,,,,unattempted,awards: voting outcomes without as-of inputs,,,,
KXNHLROSS,Hockey,Pro Hockey,awards,not_attempted_supported_sport,,,,unattempted,awards: voting outcomes without as-of inputs,,,,
KXNHLCALDER,Hockey,Pro Hockey,awards,not_attempted_supported_sport,,,,unattempted,awards: voting outcomes without as-of inputs,,,,
KXNHLRICHARD,Hockey,Pro Hockey,awards,not_attempted_supported_sport,,,,unattempted,awards: voting outcomes without as-of inputs,,,,
KXNHL1STTEAM,Hockey,,awards,not_attempted_supported_sport,,,,unattempted,awards: voting outcomes without as-of inputs,,,,
KXNHLLINDSAY,Hockey,Pro Hockey,awards,not_attempted_supported_sport,,,,unattempted,awards: voting outcomes without as-of inputs,,,,
KXNHLMVP,Hockey,,awards,not_attempted_supported_sport,,,,unattempted,awards: voting outcomes without as-of inputs,,,,
KXNHLDRAFTPICK,Hockey,NHL Draft,draft,not_attempted_supported_sport,,,,unattempted,draft: consensus mocks not archived as-of,,,,
KXNHLDRAFTTOP,Hockey,NHL Draft,draft,not_attempted_supported_sport,,,,unattempted,draft: consensus mocks not archived as-of,,,,
KXWOHOCKEY,Hockey,Men's Olympic Ice Hockey,field_finish,not_attempted_supported_sport,,,,unattempted,no independent results adapter for this competition in Phase 1 (game_winner only via Kalshi-only path),,,,
KXWOMHOCKEYTOTAL,Hockey,Men's Olympic Ice Hockey,field_finish,not_attempted_supported_sport,,,,unattempted,no independent results adapter for this competition in Phase 1 (game_winner only via Kalshi-only path),,,,
KXWOMHOCKEYSPREAD,Hockey,Men's Olympic Ice Hockey,field_finish,not_attempted_supported_sport,,,,unattempted,no independent results adapter for this competition in Phase 1 (game_winner only via Kalshi-only path),,,,
KXWOMHOCKEYMVP,Hockey,Men's Olympic Ice Hockey,field_finish,not_attempted_supported_sport,,,,unattempted,no independent results adapter for this competition in Phase 1 (game_winner only via Kalshi-only path),,,,
KXWOMHOCKEYGOAL,Hockey,Men's Olympic Ice Hockey,field_finish,not_attempted_supported_sport,,,,unattempted,no independent results adapter for this competition in Phase 1 (game_winner only via Kalshi-only path),,,,
KXWOMHOCKEYFGOAL,Hockey,Men's Olympic Ice Hockey,field_finish,not_attempted_supported_sport,,,,unattempted,no independent results adapter for this competition in Phase 1 (game_winner only via Kalshi-only path),,,,
KXWOMHOCKEYFIRSTGOAL,Hockey,,field_finish,not_attempted_supported_sport,,,,unattempted,no traded markets,,,,
KXNHLGAME,Hockey,Pro Hockey,game_winner,strict_evaluated,nhl,espn_team,game_winner,supported,frozen elo model,exact,unavailable: training support below threshold,unavailable: matched training support below threshold,candle rule
KXWOMHOCKEY,Hockey,Men's Olympic Ice Hockey,game_winner,kalshi_settlement_only_evaluated,k_kxwomhockey,kalshi_only,game_winner,supported,frozen elo model,exact,unavailable: training support below threshold,unavailable: matched training support below threshold,candle rule
KXNCAAHOCKEYGAME,Hockey,College Hockey,game_winner,kalshi_settlement_only_evaluated,k_kxncaahockeygame,kalshi_only,game_winner,supported,frozen elo model,exact,unavailable: training support below threshold,unavailable: matched training support below threshold,candle rule
KXWOWHOCKEY,Hockey,Women's Olympic Ice Hockey,game_winner,kalshi_settlement_only_evaluated,k_kxwowhockey,kalshi_only,game_winner,supported,frozen elo model,exact,unavailable: training support below threshold,unavailable: matched training support below threshold,candle rule
KXAHLGAME,Hockey,AHL,game_winner,kalshi_settlement_only_evaluated,k_kxahlgame,kalshi_only,game_winner,supported,frozen elo model,exact,unavailable: training support below threshold,unavailable: matched training support below threshold,candle rule
KXKHLGAME,Hockey,KHL,game_winner,kalshi_settlement_only_evaluated,k_kxkhlgame,kalshi_only,game_winner,supported,frozen elo model,exact,unavailable: training support below threshold,unavailable: matched training support below threshold,candle rule
KXIIHFGAME,Hockey,World Championship,game_winner,kalshi_settlement_only_evaluated,k_kxiihfgame,kalshi_only,game_winner,supported,frozen elo model,exact,unavailable: training support below threshold,unavailable: matched training support below threshold,candle rule
KXSHLGAME,Hockey,SHL,game_winner,kalshi_settlement_only_evaluated,k_kxshlgame,kalshi_only,game_winner,supported,frozen elo model,exact,unavailable: training support below threshold,unavailable: matched training support below threshold,candle rule
KXLIIGAGAME,Hockey,Finland Liiga,game_winner,kalshi_settlement_only_evaluated,k_kxliigagame,kalshi_only,game_winner,supported,frozen elo model,exact,unavailable: training support below threshold,unavailable: matched training support below threshold,candle rule
KXNLGAME,Hockey,Switzerland National League,game_winner,kalshi_settlement_only_evaluated,k_kxnlgame,kalshi_only,game_winner,supported,frozen elo model,exact,unavailable: training support below threshold,unavailable: matched training support below threshold,candle rule
KXELHGAME,Hockey,Czech Extraliga,game_winner,kalshi_settlement_only_evaluated,k_kxelhgame,kalshi_only,game_winner,supported,frozen elo model,exact,unavailable: training support below threshold,unavailable: matched training support below threshold,candle rule
KXDELGAME,Hockey,Germany DEL,game_winner,kalshi_settlement_only_evaluated,k_kxdelgame,kalshi_only,game_winner,supported,frozen elo model,exact,unavailable: training support below threshold,unavailable: matched training support below threshold,candle rule
KXNCAAHGAME,Hockey,NCAA Hockey,game_winner,kalshi_settlement_only_evaluated,k_kxncaahgame,kalshi_only,game_winner,supported,frozen elo model,exact,unavailable: training support below threshold,unavailable: matched training support below threshold,candle rule
KXNHLSEASONGOALS,Hockey,Pro Hockey,league_leaders,not_attempted_supported_sport,,,,unattempted,league leaders: one outcome per stat-season,,,,
KXNHLRECORDWORST,Hockey,Pro Hockey,league_leaders,not_attempted_supported_sport,,,,unattempted,league leaders: one outcome per stat-season,,,,
KXNHLEXPANSION,Hockey,Pro Hockey,other_novelty,not_attempted_supported_sport,,,,unattempted,out of scope (novelty),,,,
KXINTHOCKEY,Hockey,,other_novelty,not_attempted_supported_sport,,,,unattempted,out of scope (novelty),,,,
KXNEXTTEAMNHL,Hockey,Pro Hockey,personnel_ops,not_attempted_supported_sport,,,,unattempted,out of scope (non-sporting outcome),,,,
KXNHLNEXTTEAM,Hockey,Pro Hockey,personnel_ops,not_attempted_supported_sport,,,,unattempted,out of scope (non-sporting outcome),,,,
KXNHLRETIRE,Hockey,Pro Hockey,personnel_ops,not_attempted_supported_sport,,,,unattempted,out of scope (non-sporting outcome),,,,
KXNHLNEXTGM,Hockey,,personnel_ops,not_attempted_supported_sport,,,,unattempted,out of scope (non-sporting outcome),,,,
KXNHLGOAL,Hockey,Pro Hockey,player_prop,excluded_spec,nhl,espn_team,,unsupported,no payoff parser / spec: no payoff parser for suffix 'GOAL',,,,
KXNHLPTS,Hockey,Pro Hockey,player_prop,excluded_spec,nhl,espn_team,,unsupported,no payoff parser / spec: no payoff parser for suffix 'PTS',,,,
KXNHLAST,Hockey,Pro Hockey,player_prop,excluded_spec,nhl,espn_team,,unsupported,no payoff parser / spec: no payoff parser for suffix 'AST',,,,
KXNHLSAVE,Hockey,Pro Hockey,player_prop,excluded_spec,nhl,espn_team,,unsupported,no payoff parser / spec: no payoff parser for suffix 'SAVE',,,,
KXNHLSEASONPPTS,Hockey,Pro Hockey,player_prop,excluded_spec,nhl,espn_team,,unsupported,no payoff parser / spec: no payoff parser for suffix 'SEASONPPTS',,,,
KXNHLPSEASONGOALS,Hockey,Pro Hockey,player_prop,excluded_spec,nhl,espn_team,,unsupported,no payoff parser / spec: no payoff parser for suffix 'PSEASONGOALS',,,,
KXNHLANYGOAL,Hockey,,player_prop,not_attempted_supported_sport,,,,unattempted,player/appearance-conditioned; pregame participation not reconstructable as-of (not modelled),,,,
KXNHLSAVES,Hockey,,player_prop,not_attempted_supported_sport,,,,unattempted,player/appearance-conditioned; pregame participation not reconstructable as-of (not modelled),,,,
KXNHLFIRSTGOAL,Hockey,Pro Hockey,score_props,excluded_spec,nhl,espn_team,,unsupported,no payoff parser / spec: no payoff parser for suffix 'FIRSTGOAL',,,,
KXNHLOVERTIME,Hockey,Pro Hockey,score_props,excluded_spec,nhl,espn_team,,unsupported,no payoff parser / spec: no payoff parser for suffix 'OVERTIME',,,,
KXNHLF10G,Hockey,Pro Hockey,score_props,excluded_spec,nhl,espn_team,,unsupported,no payoff parser / spec: no payoff parser for suffix 'F10G',,,,
KXNHLOT,Hockey,Pro Hockey,score_props,excluded_spec,nhl,espn_team,,unsupported,no payoff parser / spec: no payoff parser for suffix 'OT',,,,
KXNHL2OT,Hockey,Pro Hockey,score_props,excluded_spec,nhl,espn_team,,unsupported,no payoff parser / spec: no payoff parser for suffix '2OT',,,,
KXNHLSERIESOT,Hockey,Pro Hockey,score_props,excluded_spec,nhl,espn_team,,unsupported,no payoff parser / spec: no payoff parser for suffix 'SERIESOT',,,,
KXNHL1PBTTS,Hockey,,score_props,not_attempted_supported_sport,,,,unattempted,no traded markets,,,,
KXNHL2PBTTS,Hockey,,score_props,not_attempted_supported_sport,,,,unattempted,no traded markets,,,,
KXNHL3PBTTS,Hockey,,score_props,not_attempted_supported_sport,,,,unattempted,no traded markets,,,,
KXNHLWSTREAK,Hockey,Pro Hockey,season_wins,not_attempted_supported_sport,,,,unattempted,season totals: one outcome per team-season; prospective capture required,,,,
KXNHL1PTOTAL,Hockey,Pro Hockey,segment,exploratory_evaluated,nhl,espn_team,segment,supported,frozen score model,exact,unavailable: training support below threshold,unavailable: segment markets (quarters/halves/innings): no new historical quotes by scope decision,out of market scope
KXNHL2PTOTAL,Hockey,Pro Hockey,segment,exploratory_evaluated,nhl,espn_team,segment,supported,frozen score model,exact,unavailable: training support below threshold,unavailable: segment markets (quarters/halves/innings): no new historical quotes by scope decision,out of market scope
KXNHL1P,Hockey,Pro Hockey,segment,exploratory_evaluated,nhl,espn_team,segment,supported,frozen score model,exact,unavailable: training support below threshold,unavailable: segment markets (quarters/halves/innings): no new historical quotes by scope decision,out of market scope
KXNHL3PTOTAL,Hockey,Pro Hockey,segment,exploratory_evaluated,nhl,espn_team,segment,supported,frozen score model,exact,unavailable: training support below threshold,unavailable: segment markets (quarters/halves/innings): no new historical quotes by scope decision,out of market scope
KXNHL3P,Hockey,Pro Hockey,segment,exploratory_evaluated,nhl,espn_team,segment,supported,frozen score model,exact,unavailable: training support below threshold,unavailable: segment markets (quarters/halves/innings): no new historical quotes by scope decision,out of market scope
KXNHL2P,Hockey,Pro Hockey,segment,exploratory_evaluated,nhl,espn_team,segment,supported,frozen score model,exact,unavailable: training support below threshold,unavailable: segment markets (quarters/halves/innings): no new historical quotes by scope decision,out of market scope
KXNHL3PSPREAD,Hockey,Pro Hockey,segment,exploratory_evaluated,nhl,espn_team,segment,supported,frozen score model,exact,unavailable: training support below threshold,unavailable: segment markets (quarters/halves/innings): no new historical quotes by scope decision,out of market scope
KXNHL2PSPREAD,Hockey,Pro Hockey,segment,exploratory_evaluated,nhl,espn_team,segment,supported,frozen score model,exact,unavailable: training support below threshold,unavailable: segment markets (quarters/halves/innings): no new historical quotes by scope decision,out of market scope
KXNHL1PSPREAD,Hockey,Pro Hockey,segment,exploratory_evaluated,nhl,espn_team,segment,supported,frozen score model,exact,unavailable: training support below threshold,unavailable: segment markets (quarters/halves/innings): no new historical quotes by scope decision,out of market scope
KXNHLSERIES,Hockey,Pro Hockey,series_playoff,not_attempted_supported_sport,,,,unattempted,playoff series: few outcomes; needs game model + bracket simulation (not in Phase 1),,,,
KXNHLSERIESSCORE,Hockey,Pro Hockey,series_playoff,not_attempted_supported_sport,,,,unattempted,playoff series: few outcomes; needs game model + bracket simulation (not in Phase 1),,,,
KXNHL30COMEBACK,Hockey,Pro Hockey,series_playoff,not_attempted_supported_sport,,,,unattempted,playoff series: few outcomes; needs game model + bracket simulation (not in Phase 1),,,,
KXNHLPLAYOFFGOALS,Hockey,Pro Hockey,series_playoff,not_attempted_supported_sport,,,,unattempted,playoff series: few outcomes; needs game model + bracket simulation (not in Phase 1),,,,
KXNHLSPREAD,Hockey,Pro Hockey,spread,strict_evaluated,nhl,espn_team,spread,supported,frozen score model,exact,unavailable: training support below threshold,unavailable: matched training support below threshold,candle rule
KXNHLSERIESSPREAD,Hockey,Pro Hockey,spread,excluded_spec,nhl,espn_team,,unsupported,no payoff parser / spec: no payoff parser for suffix 'SERIESSPREAD',,,,
KXNHLTEAMTOTAL,Hockey,Pro Hockey,team_total,exploratory_evaluated,nhl,espn_team,team_total,supported,frozen score model,exact,unavailable: training support below threshold,unavailable: matched training support below threshold,candle rule
KXNHLTOTAL,Hockey,Pro Hockey,total,strict_evaluated,nhl,espn_team,total,supported,frozen score model,exact,unavailable: training support below threshold,unavailable: matched training support below threshold,candle rule
KXNHLSEASONPTS,Hockey,Pro Hockey,total,excluded_spec,nhl,espn_team,,unsupported,no payoff parser / spec: no payoff parser for suffix 'SEASONPTS',,,,
KXNHLSERIESGAMES,Hockey,Pro Hockey,total,excluded_spec,nhl,espn_team,,unsupported,no payoff parser / spec: no payoff parser for suffix 'SERIESGAMES',,,,
KXNHLSERIESTOTALGOAL,Hockey,Pro Hockey,total,excluded_spec,nhl,espn_team,,unsupported,no payoff parser / spec: no payoff parser for suffix 'SERIESTOTALGOAL',,,,
KXNHLSERIESTOTALGOALS,Hockey,,total,not_attempted_supported_sport,,,,unattempted,no traded markets,,,,
KXNHL,Hockey,Pro Hockey,tournament_outright,not_attempted_supported_sport,,,,unattempted,outright/bracket: few independent outcomes per season; needs prospective capture + simulation,,,,
KXNHLWEST,Hockey,Pro Hockey,tournament_outright,not_attempted_supported_sport,,,,unattempted,outright/bracket: few independent outcomes per season; needs prospective capture + simulation,,,,
KXNHLEAST,Hockey,Pro Hockey,tournament_outright,not_attempted_supported_sport,,,,unattempted,outright/bracket: few independent outcomes per season; needs prospective capture + simulation,,,,
KXNHLPLAYOFF,Hockey,Pro Hockey,tournament_outright,not_attempted_supported_sport,,,,unattempted,outright/bracket: few independent outcomes per season; needs prospective capture + simulation,,,,
KXTEAMSINSC,Hockey,Pro Hockey,tournament_outright,not_attempted_supported_sport,,,,unattempted,outright/bracket: few independent outcomes per season; needs prospective capture + simulation,,,,
KXNCAAHOCKEY,Hockey,College Hockey,tournament_outright,not_attempted_supported_sport,,,,unattempted,outright/bracket: few independent outcomes per season; needs prospective capture + simulation,,,,
KXNHL4NATIONS,Hockey,,tournament_outright,not_attempted_supported_sport,,,,unattempted,outright/bracket: few independent outcomes per season; needs prospective capture + simulation,,,,
KXNHLPACIFIC,Hockey,Pro Hockey,tournament_outright,not_attempted_supported_sport,,,,unattempted,outright/bracket: few independent outcomes per season; needs prospective capture + simulation,,,,
KXNHLATLANTIC,Hockey,Pro Hockey,tournament_outright,not_attempted_supported_sport,,,,unattempted,outright/bracket: few independent outcomes per season; needs prospective capture + simulation,,,,
KXNHLPRES,Hockey,Pro Hockey,tournament_outright,not_attempted_supported_sport,,,,unattempted,outright/bracket: few independent outcomes per season; needs prospective capture + simulation,,,,
KXNHLCENTRAL,Hockey,Pro Hockey,tournament_outright,not_attempted_supported_sport,,,,unattempted,outright/bracket: few independent outcomes per season; needs prospective capture + simulation,,,,
KXNHLMETROPOLITAN,Hockey,Pro Hockey,tournament_outright,not_attempted_supported_sport,,,,unattempted,outright/bracket: few independent outcomes per season; needs prospective capture + simulation,,,,
KXIIHF,Hockey,World Championship,tournament_outright,not_attempted_supported_sport,,,,unattempted,outright/bracket: few independent outcomes per season; needs prospective capture + simulation,,,,
KXNHLFINALSEXACT,Hockey,,tournament_outright,not_attempted_supported_sport,,,,unattempted,outright/bracket: few independent outcomes per season; needs prospective capture + simulation,,,,
KXCANADACUP,Hockey,Pro Hockey,tournament_outright,not_attempted_supported_sport,,,,unattempted,outright/bracket: few independent outcomes per season; needs prospective capture + simulation,,,,
KXIIHFCHAMP,Hockey,,tournament_outright,not_attempted_supported_sport,,,,unattempted,outright/bracket: few independent outcomes per season; needs prospective capture + simulation,,,,
KXNCAAH,Hockey,NCAA Hockey,tournament_outright,not_attempted_supported_sport,,,,unattempted,outright/bracket: few independent outcomes per season; needs prospective capture + simulation,,,,
KXNHLWINS,Hockey,,tournament_outright,not_attempted_supported_sport,,,,unattempted,outright/bracket: few independent outcomes per season; needs prospective capture + simulation,,,,
KXLAXTEWAARATON,Lacrosse,College Lacrosse,awards,not_attempted_supported_sport,,,,unattempted,awards: voting outcomes without as-of inputs,,,,
KXNCAAMLAXGAME,Lacrosse,College Lacrosse,game_winner,kalshi_settlement_only_evaluated,k_kxncaamlaxgame,kalshi_only,game_winner,supported,frozen elo model,exact,unavailable: training support below threshold,unavailable: matched training support below threshold,candle rule
KXPLLGAME,Lacrosse,Premier Lacrosse League,game_winner,kalshi_settlement_only_evaluated,k_kxpllgame,kalshi_only,game_winner,supported,frozen elo model,exact,unavailable: training support below threshold,unavailable: matched training support below threshold,candle rule
KXWLLGAME,Lacrosse,Women's Lacrosse League,game_winner,no_test_contracts,k_kxwllgame,kalshi_only,game_winner,supported,frozen elo model,exact,,,candle rule
KXLAXGAME,Lacrosse,,game_winner,not_attempted_supported_sport,,,,unattempted,no traded markets,,,,
KXNCAALAXGAME,Lacrosse,,game_winner,not_attempted_supported_sport,,,,unattempted,no traded markets,,,,
KXNCAALAXFINAL,Lacrosse,College Lacrosse,tournament_outright,not_attempted_supported_sport,,,,unattempted,outright/bracket: few independent outcomes per season; needs prospective capture + simulation,,,,
KXNCAAMLAXF4,Lacrosse,College Lacrosse,tournament_outright,not_attempted_supported_sport,,,,unattempted,outright/bracket: few independent outcomes per season; needs prospective capture + simulation,,,,
KXPLL,Lacrosse,Premier Lacrosse League,tournament_outright,not_attempted_supported_sport,,,,unattempted,outright/bracket: few independent outcomes per season; needs prospective capture + simulation,,,,
KXNCAALAX,Lacrosse,College Lacrosse,tournament_outright,not_attempted_supported_sport,,,,unattempted,outright/bracket: few independent outcomes per season; needs prospective capture + simulation,,,,
KXSOLAXQUAL,Lacrosse,Summer Olympics,tournament_outright,not_attempted_supported_sport,,,,unattempted,outright/bracket: few independent outcomes per season; needs prospective capture + simulation,,,,
KXMMACOMPETE,MMA,MVP MMA,awards,not_attempted_supported_sport,,,,unattempted,awards: voting outcomes without as-of inputs,,,,
KXUFCFIGHT,MMA,MMA,game_winner,strict_evaluated,ufc,espn_fight,game_winner,supported,frozen elo model,exact,unavailable: training support below threshold,unavailable: matched training support below threshold,candle rule
KXMMAFIGHT,MMA,PFL,game_winner,kalshi_settlement_only_evaluated,k_kxmmafight,kalshi_only,game_winner,supported,frozen elo model,exact,unavailable: training support below threshold,unavailable: matched training support below threshold,candle rule
KXUFCOCCUR,MMA,McGregor vs Holloway 2,game_winner,no_test_contracts,k_kxufcoccur,kalshi_only,game_winner,supported,frozen elo model,exact,,,candle rule
KXMCGREGORFIGHTNEXT,MMA,,game_winner,no_test_contracts,k_kxmcgregorfightnext,kalshi_only,game_winner,supported,frozen elo model,exact,,,candle rule
KXPOWERSLAP,MMA,,game_winner,not_attempted_supported_sport,,,,unattempted,no traded markets,,,,
KXPOWERSLAPMATCH,MMA,,game_winner,not_attempted_supported_sport,,,,unattempted,no traded markets,,,,
KXCARDPRESENCEUFCWH,MMA,,personnel_ops,not_attempted_supported_sport,,,,unattempted,out of scope (non-sporting outcome),,,,
KXUFCDELAY,MMA,UFC Freedom 250,personnel_ops,not_attempted_supported_sport,,,,unattempted,out of scope (non-sporting outcome),,,,
KXUFCWHITEHOUSE,MMA,,personnel_ops,not_attempted_supported_sport,,,,unattempted,out of scope (non-sporting outcome),,,,
KXUFCFIGHTOCCUR,MMA,MMA,personnel_ops,not_attempted_supported_sport,,,,unattempted,out of scope (non-sporting outcome),,,,
KXPERSONUNRETIRE,MMA,,personnel_ops,not_attempted_supported_sport,,,,unattempted,out of scope (non-sporting outcome),,,,
KXJONJONESRETIREMENT,MMA,,personnel_ops,not_attempted_supported_sport,,,,unattempted,out of scope (non-sporting outcome),,,,
KXWWEFIGHTOCCUR,MMA,WWE,personnel_ops,not_attempted_supported_sport,,,,unattempted,out of scope (non-sporting outcome),,,,
KXATHLETEUNRETIRE,MMA,,personnel_ops,not_attempted_supported_sport,,,,unattempted,out of scope (non-sporting outcome),,,,
KXUFCMOV,MMA,MMA,score_props,not_attempted_supported_sport,,,,unattempted,no independent results adapter for this competition in Phase 1 (game_winner only via Kalshi-only path),,,,
KXUFCDISTANCE,MMA,MMA,score_props,exploratory_evaluated,ufc,espn_fight,score_props,supported,frozen score model,exact,unavailable: training support below threshold,unavailable: score props: no new historical quotes by scope decision,out of market scope
KXUFCVICROUND,MMA,UFC Fight Night,score_props,not_attempted_supported_sport,,,,unattempted,no independent results adapter for this competition in Phase 1 (game_winner only via Kalshi-only path),,,,
KXUFCROUNDS,MMA,UFC Fight Night,score_props,not_attempted_supported_sport,,,,unattempted,no independent results adapter for this competition in Phase 1 (game_winner only via Kalshi-only path),,,,
KXUFCMOF,MMA,UFC Fight Night,score_props,not_attempted_supported_sport,,,,unattempted,no independent results adapter for this competition in Phase 1 (game_winner only via Kalshi-only path),,,,
KXUFCCARDKO,MMA,331,score_props,not_attempted_supported_sport,,,,unattempted,no independent results adapter for this competition in Phase 1 (game_winner only via Kalshi-only path),,,,
KXDWCSCARDKO,MMA,Contender Series,score_props,not_attempted_supported_sport,,,,unattempted,no independent results adapter for this competition in Phase 1 (game_winner only via Kalshi-only path),,,,
KXUFCARDKO,MMA,,score_props,not_attempted_supported_sport,,,,unattempted,no traded markets,,,,
KXUFCLIGHTWEIGHTTITLE,MMA,MMA,tournament_outright,not_attempted_supported_sport,,,,unattempted,outright/bracket: few independent outcomes per season; needs prospective capture + simulation,,,,
KXUFCTITLE,MMA,MMA,tournament_outright,not_attempted_supported_sport,,,,unattempted,outright/bracket: few independent outcomes per season; needs prospective capture + simulation,,,,
KXUFCHEAVYWEIGHTTITLE,MMA,MMA,tournament_outright,not_attempted_supported_sport,,,,unattempted,outright/bracket: few independent outcomes per season; needs prospective capture + simulation,,,,
KXUFCLHEAVYWEIGHTTITLE,MMA,MMA,tournament_outright,not_attempted_supported_sport,,,,unattempted,outright/bracket: few independent outcomes per season; needs prospective capture + simulation,,,,
KXUFCWELTERWEIGHTTITLE,MMA,MMA,tournament_outright,not_attempted_supported_sport,,,,unattempted,outright/bracket: few independent outcomes per season; needs prospective capture + simulation,,,,
KXUFCFLYWEIGHTTITLE,MMA,MMA,tournament_outright,not_attempted_supported_sport,,,,unattempted,outright/bracket: few independent outcomes per season; needs prospective capture + simulation,,,,
KXUFCMIDDLEWEIGHTTITLE,MMA,MMA,tournament_outright,not_attempted_supported_sport,,,,unattempted,outright/bracket: few independent outcomes per season; needs prospective capture + simulation,,,,
KXUFCBANTAMWEIGHTTITLE,MMA,MMA,tournament_outright,not_attempted_supported_sport,,,,unattempted,outright/bracket: few independent outcomes per season; needs prospective capture + simulation,,,,
KXUFCFEATHERWEIGHTTITLE,MMA,MMA,tournament_outright,not_attempted_supported_sport,,,,unattempted,outright/bracket: few independent outcomes per season; needs prospective capture + simulation,,,,
KXUFCMWEIGHT,MMA,,tournament_outright,not_attempted_supported_sport,,,,unattempted,outright/bracket: few independent outcomes per season; needs prospective capture + simulation,,,,
KXNCAAMWRESTLING125,MMA,College Wrestling,tournament_outright,not_attempted_supported_sport,,,,unattempted,outright/bracket: few independent outcomes per season; needs prospective capture + simulation,,,,
KXWRESTLINGMATCH,MMA,Wrestling,tournament_outright,not_attempted_supported_sport,,,,unattempted,outright/bracket: few independent outcomes per season; needs prospective capture + simulation,,,,
KXNCAAMWRESTLING133,MMA,College Wrestling,tournament_outright,not_attempted_supported_sport,,,,unattempted,outright/bracket: few independent outcomes per season; needs prospective capture + simulation,,,,
KXNCAAMWRESTLING157,MMA,College Wrestling,tournament_outright,not_attempted_supported_sport,,,,unattempted,outright/bracket: few independent outcomes per season; needs prospective capture + simulation,,,,
KXNCAAMWRESTLING149,MMA,College Wrestling,tournament_outright,not_attempted_supported_sport,,,,unattempted,outright/bracket: few independent outcomes per season; needs prospective capture + simulation,,,,
KXNCAAMWRESTLING285,MMA,College Wrestling,tournament_outright,not_attempted_supported_sport,,,,unattempted,outright/bracket: few independent outcomes per season; needs prospective capture + simulation,,,,
KXNCAAMWRESTLING141,MMA,College Wrestling,tournament_outright,not_attempted_supported_sport,,,,unattempted,outright/bracket: few independent outcomes per season; needs prospective capture + simulation,,,,
KXNCAAMWRESTLING184,MMA,College Wrestling,tournament_outright,not_attempted_supported_sport,,,,unattempted,outright/bracket: few independent outcomes per season; needs prospective capture + simulation,,,,
KXNCAAMWRESTLING197,MMA,College Wrestling,tournament_outright,not_attempted_supported_sport,,,,unattempted,outright/bracket: few independent outcomes per season; needs prospective capture + simulation,,,,
KXNCAAMWRESTLING174,MMA,College Wrestling,tournament_outright,not_attempted_supported_sport,,,,unattempted,outright/bracket: few independent outcomes per season; needs prospective capture + simulation,,,,
KXNCAAMWRESTLING165,MMA,College Wrestling,tournament_outright,not_attempted_supported_sport,,,,unattempted,outright/bracket: few independent outcomes per season; needs prospective capture + simulation,,,,
KXKXUFCWOMBANTAMWEIGHTTITLE,MMA,,tournament_outright,not_attempted_supported_sport,,,,unattempted,outright/bracket: few independent outcomes per season; needs prospective capture + simulation,,,,
KXUFC,MMA,,tournament_outright,not_attempted_supported_sport,,,,unattempted,outright/bracket: few independent outcomes per season; needs prospective capture + simulation,,,,
KXUFCWOMBANTAMWEIGHTTITL,MMA,,tournament_outright,not_attempted_supported_sport,,,,unattempted,outright/bracket: few independent outcomes per season; needs prospective capture + simulation,,,,
KXUFCWOMBANTAMWEIGHTTITLE,MMA,,tournament_outright,not_attempted_supported_sport,,,,unattempted,outright/bracket: few independent outcomes per season; needs prospective capture + simulation,,,,
KXUFCWOMFLYWEIGHTTITLE,MMA,,tournament_outright,not_attempted_supported_sport,,,,unattempted,outright/bracket: few independent outcomes per season; needs prospective capture + simulation,,,,
KXUFCWOMSTRAWWEIGHTTITLE,MMA,,tournament_outright,not_attempted_supported_sport,,,,unattempted,outright/bracket: few independent outcomes per season; needs prospective capture + simulation,,,,
KXWRESTLING,MMA,,tournament_outright,not_attempted_supported_sport,,,,unattempted,outright/bracket: few independent outcomes per season; needs prospective capture + simulation,,,,
KXF1ACTION,Motorsport,F1,awards,not_attempted_supported_sport,,,,unattempted,awards: voting outcomes without as-of inputs,,,,
KXNASCARRACE,Motorsport,NASCAR Cup Series,field_finish,not_attempted_supported_sport,,,,unattempted,no independent results adapter for this competition in Phase 1 (game_winner only via Kalshi-only path),,,,
KXF1RACE,Motorsport,F1,field_finish,strict_evaluated,f1,jolpica,field_finish,unsupported,"live adapter unsupported: the frozen F1 field model needs the race entrant list; Jolpica publishes entrants only with results, so no prediction-time field source exists",,unavailable: training support below threshold,unavailable: field finish (golf/F1): no new historical quotes by scope decision,out of market scope
KXF1RACEPODIUM,Motorsport,F1,field_finish,strict_evaluated,f1,jolpica,field_finish,unsupported,"live adapter unsupported: the frozen F1 field model needs the race entrant list; Jolpica publishes entrants only with results, so no prediction-time field source exists",,unavailable: training support below threshold,unavailable: field finish (golf/F1): no new historical quotes by scope decision,out of market scope
KXINDYCARRACE,Motorsport,IndyCar,field_finish,not_attempted_supported_sport,,,,unattempted,no independent results adapter for this competition in Phase 1 (game_winner only via Kalshi-only path),,,,
KXF1POLE,Motorsport,F1,field_finish,not_attempted_supported_sport,,,,unattempted,no independent results adapter for this competition in Phase 1 (game_winner only via Kalshi-only path),,,,
KXNASCARTOP10,Motorsport,NASCAR Cup Series,field_finish,not_attempted_supported_sport,,,,unattempted,no independent results adapter for this competition in Phase 1 (game_winner only via Kalshi-only path),,,,
KXNASCARTOP3,Motorsport,NASCAR Cup Series,field_finish,not_attempted_supported_sport,,,,unattempted,no independent results adapter for this competition in Phase 1 (game_winner only via Kalshi-only path),,,,
KXNASCARTOP5,Motorsport,NASCAR Cup Series,field_finish,not_attempted_supported_sport,,,,unattempted,no independent results adapter for this competition in Phase 1 (game_winner only via Kalshi-only path),,,,
KXF1RACESPRINT,Motorsport,F1,field_finish,not_attempted_supported_sport,,,,unattempted,no independent results adapter for this competition in Phase 1 (game_winner only via Kalshi-only path),,,,
KXF1TOP10,Motorsport,F1,field_finish,exploratory_evaluated,f1,jolpica,field_finish,unsupported,"live adapter unsupported: the frozen F1 field model needs the race entrant list; Jolpica publishes entrants only with results, so no prediction-time field source exists",,unavailable: training support below threshold,unavailable: field finish (golf/F1): no new historical quotes by scope decision,out of market scope
KXF1TOP5,Motorsport,F1,field_finish,exploratory_evaluated,f1,jolpica,field_finish,unsupported,"live adapter unsupported: the frozen F1 field model needs the race entrant list; Jolpica publishes entrants only with results, so no prediction-time field source exists",,unavailable: training support below threshold,unavailable: field finish (golf/F1): no new historical quotes by scope decision,out of market scope
KXNASCARTOP20,Motorsport,NASCAR Cup Series,field_finish,not_attempted_supported_sport,,,,unattempted,no independent results adapter for this competition in Phase 1 (game_winner only via Kalshi-only path),,,,
KXNASCARPOLE,Motorsport,NASCAR Cup Series,field_finish,not_attempted_supported_sport,,,,unattempted,no independent results adapter for this competition in Phase 1 (game_winner only via Kalshi-only path),,,,
KXF1SPRINTPOLE,Motorsport,F1,field_finish,not_attempted_supported_sport,,,,unattempted,no independent results adapter for this competition in Phase 1 (game_winner only via Kalshi-only path),,,,
KXINDYCARTOP3,Motorsport,IndyCar,field_finish,not_attempted_supported_sport,,,,unattempted,no independent results adapter for this competition in Phase 1 (game_winner only via Kalshi-only path),,,,
KXMOTOGPRACE,Motorsport,MotoGP,field_finish,not_attempted_supported_sport,,,,unattempted,no independent results adapter for this competition in Phase 1 (game_winner only via Kalshi-only path),,,,
KXINDYCARTOP10,Motorsport,IndyCar,field_finish,not_attempted_supported_sport,,,,unattempted,no independent results adapter for this competition in Phase 1 (game_winner only via Kalshi-only path),,,,
KXF1POLEPOSITION,Motorsport,,field_finish,not_attempted_supported_sport,,,,unattempted,no independent results adapter for this competition in Phase 1 (game_winner only via Kalshi-only path),,,,
KXNASCARTOPTEAM,Motorsport,NASCAR Cup Series,field_finish,not_attempted_supported_sport,,,,unattempted,no independent results adapter for this competition in Phase 1 (game_winner only via Kalshi-only path),,,,
KXNASCARH2H,Motorsport,NASCAR Cup Series,field_finish,not_attempted_supported_sport,,,,unattempted,no independent results adapter for this competition in Phase 1 (game_winner only via Kalshi-only path),,,,
KXF1TOPCONSTRUCTOR,Motorsport,F1,field_finish,not_attempted_supported_sport,,,,unattempted,no independent results adapter for this competition in Phase 1 (game_winner only via Kalshi-only path),,,,
KXINDYCARTOP5,Motorsport,IndyCar,field_finish,not_attempted_supported_sport,,,,unattempted,no independent results adapter for this competition in Phase 1 (game_winner only via Kalshi-only path),,,,
KXF1BIGGESTMOVER,Motorsport,F1,field_finish,not_attempted_supported_sport,,,,unattempted,no independent results adapter for this competition in Phase 1 (game_winner only via Kalshi-only path),,,,
KXDAYTONA24H,Motorsport,Daytona 24 Hour,field_finish,not_attempted_supported_sport,,,,unattempted,no independent results adapter for this competition in Phase 1 (game_winner only via Kalshi-only path),,,,
KXLEMANS24H,Motorsport,24 Hours of Le Mans,field_finish,not_attempted_supported_sport,,,,unattempted,no independent results adapter for this competition in Phase 1 (game_winner only via Kalshi-only path),,,,
KXF1SPRINTTOP5,Motorsport,F1,field_finish,not_attempted_supported_sport,,,,unattempted,no independent results adapter for this competition in Phase 1 (game_winner only via Kalshi-only path),,,,
KXF1SPRINTTOP10,Motorsport,F1,field_finish,not_attempted_supported_sport,,,,unattempted,no independent results adapter for this competition in Phase 1 (game_winner only via Kalshi-only path),,,,
KXINDYCARPOLE,Motorsport,IndyCar,field_finish,not_attempted_supported_sport,,,,unattempted,no independent results adapter for this competition in Phase 1 (game_winner only via Kalshi-only path),,,,
KXF1H2H,Motorsport,F1,field_finish,not_attempted_supported_sport,,,,unattempted,no independent results adapter for this competition in Phase 1 (game_winner only via Kalshi-only path),,,,
KXINDYCARBIGGESTMOVER,Motorsport,IndyCar,field_finish,not_attempted_supported_sport,,,,unattempted,no independent results adapter for this competition in Phase 1 (game_winner only via Kalshi-only path),,,,
KXNASCARBIGGESTMOVER,Motorsport,NASCAR Cup Series,field_finish,not_attempted_supported_sport,,,,unattempted,no independent results adapter for this competition in Phase 1 (game_winner only via Kalshi-only path),,,,
KXF1SPRINTTOPCONSTRUCTOR,Motorsport,F1,field_finish,not_attempted_supported_sport,,,,unattempted,no independent results adapter for this competition in Phase 1 (game_winner only via Kalshi-only path),,,,
KXUSAF1,Motorsport,,field_finish,not_attempted_supported_sport,,,,unattempted,no independent results adapter for this competition in Phase 1 (game_winner only via Kalshi-only path),,,,
KXDAYTONA24,Motorsport,,field_finish,not_attempted_supported_sport,,,,unattempted,no traded markets,,,,
KXF1RACETOP10,Motorsport,,field_finish,not_attempted_supported_sport,,,,unattempted,no traded markets,,,,
KXF1RACETOP5,Motorsport,,field_finish,not_attempted_supported_sport,,,,unattempted,no traded markets,,,,
KXF1RACETOPX,Motorsport,,field_finish,not_attempted_supported_sport,,,,unattempted,no traded markets,,,,
KXMXRACE,Motorsport,,field_finish,not_attempted_supported_sport,,,,unattempted,no traded markets,,,,
KXNASCARRACEOLD,Motorsport,,field_finish,not_attempted_supported_sport,,,,unattempted,no traded markets,,,,
KXNASCARTOPMANU,Motorsport,,field_finish,not_attempted_supported_sport,,,,unattempted,no traded markets,,,,
KXNEXTTEAMVERSTAPPEN,Motorsport,F1,other_novelty,not_attempted_supported_sport,,,,unattempted,out of scope (novelty),,,,
KXAFRICAF1,Motorsport,,other_novelty,not_attempted_supported_sport,,,,unattempted,out of scope (novelty),,,,
KXSPORTSIGNPEREZ,Motorsport,,other_novelty,not_attempted_supported_sport,,,,unattempted,out of scope (novelty),,,,
KXF1DELAY,Motorsport,F1,personnel_ops,not_attempted_supported_sport,,,,unattempted,out of scope (non-sporting outcome),,,,
KXF1OCCUR,Motorsport,F1,personnel_ops,not_attempted_supported_sport,,,,unattempted,out of scope (non-sporting outcome),,,,
KXF1NEXTTEAM,Motorsport,F1,personnel_ops,not_attempted_supported_sport,,,,unattempted,out of scope (non-sporting outcome),,,,
KXF1RETIRE,Motorsport,F1,personnel_ops,not_attempted_supported_sport,,,,unattempted,out of scope (non-sporting outcome),,,,
KXF1CHINA,Motorsport,F1,personnel_ops,not_attempted_supported_sport,,,,unattempted,out of scope (non-sporting outcome),,,,
KXINDY500DELAY,Motorsport,,personnel_ops,not_attempted_supported_sport,,,,unattempted,out of scope (non-sporting outcome),,,,
KXF1FASTLAP,Motorsport,F1,player_prop,not_attempted_supported_sport,,,,unattempted,player/appearance-conditioned; pregame participation not reconstructable as-of (not modelled),,,,
KXNASCARFASTLAP,Motorsport,NASCAR Cup Series,player_prop,not_attempted_supported_sport,,,,unattempted,player/appearance-conditioned; pregame participation not reconstructable as-of (not modelled),,,,
KXF1FASTESTLAP,Motorsport,,player_prop,not_attempted_supported_sport,,,,unattempted,player/appearance-conditioned; pregame participation not reconstructable as-of (not modelled),,,,
KXINDYCARFASTLAP,Motorsport,IndyCar,player_prop,not_attempted_supported_sport,,,,unattempted,player/appearance-conditioned; pregame participation not reconstructable as-of (not modelled),,,,
KXF1SPRINTFASTLAP,Motorsport,F1,player_prop,not_attempted_supported_sport,,,,unattempted,player/appearance-conditioned; pregame participation not reconstructable as-of (not modelled),,,,
KXF1,Motorsport,F1,tournament_outright,not_attempted_supported_sport,,,,unattempted,outright/bracket: few independent outcomes per season; needs prospective capture + simulation,,,,
KXINDY500,Motorsport,,tournament_outright,not_attempted_supported_sport,,,,unattempted,outright/bracket: few independent outcomes per season; needs prospective capture + simulation,,,,
KXNASCARCUPSERIES,Motorsport,NASCAR Cup Series,tournament_outright,not_attempted_supported_sport,,,,unattempted,outright/bracket: few independent outcomes per season; needs prospective capture + simulation,,,,
KXF1CONSTRUCTORS,Motorsport,F1,tournament_outright,not_attempted_supported_sport,,,,unattempted,outright/bracket: few independent outcomes per season; needs prospective capture + simulation,,,,
KXNASCAR,Motorsport,NASCAR,tournament_outright,not_attempted_supported_sport,,,,unattempted,outright/bracket: few independent outcomes per season; needs prospective capture + simulation,,,,
KXINDYCARSERIES,Motorsport,IndyCar,tournament_outright,not_attempted_supported_sport,,,,unattempted,outright/bracket: few independent outcomes per season; needs prospective capture + simulation,,,,
KXNASCARAUTOPARTSSERIES,Motorsport,NASCAR O'Reilly Auto Parts Series,tournament_outright,not_attempted_supported_sport,,,,unattempted,outright/bracket: few independent outcomes per season; needs prospective capture + simulation,,,,
KXNASCARTRUCKSERIES,Motorsport,NASCAR Truck Series,tournament_outright,not_attempted_supported_sport,,,,unattempted,outright/bracket: few independent outcomes per season; needs prospective capture + simulation,,,,
KXNASCARCHALLENGE,Motorsport,NASCAR Cup Series,tournament_outright,not_attempted_supported_sport,,,,unattempted,outright/bracket: few independent outcomes per season; needs prospective capture + simulation,,,,
KXMOTOGP,Motorsport,MotoGP,tournament_outright,not_attempted_supported_sport,,,,unattempted,outright/bracket: few independent outcomes per season; needs prospective capture + simulation,,,,
KXNASCARCUPSEASON,Motorsport,NASCAR Cup Series,tournament_outright,not_attempted_supported_sport,,,,unattempted,outright/bracket: few independent outcomes per season; needs prospective capture + simulation,,,,
KXMOTOGPTEAMS,Motorsport,MotoGP,tournament_outright,not_attempted_supported_sport,,,,unattempted,outright/bracket: few independent outcomes per season; needs prospective capture + simulation,,,,
KXF1QUALIFY,Motorsport,,tournament_outright,not_attempted_supported_sport,,,,unattempted,outright/bracket: few independent outcomes per season; needs prospective capture + simulation,,,,
KXNASCARCUPCHAMP,Motorsport,,tournament_outright,not_attempted_supported_sport,,,,unattempted,outright/bracket: few independent outcomes per season; needs prospective capture + simulation,,,,
KXRANKLISTFFDST,Non-sport (sports-tagged),,league_leaders,not_attempted_unsupported_sport,,,,unattempted,not a sporting outcome (v1 class E),,,,
KXRANKLISTFFK,Non-sport (sports-tagged),,league_leaders,not_attempted_unsupported_sport,,,,unattempted,not a sporting outcome (v1 class E),,,,
KXSYNTHETIXTRADINGCOMP,Non-sport (sports-tagged),,other_novelty,not_attempted_unsupported_sport,,,,unattempted,not a sporting outcome (v1 class E),,,,
KXSBMENTION,Non-sport (sports-tagged),,other_novelty,not_attempted_unsupported_sport,,,,unattempted,not a sporting outcome (v1 class E),,,,
KXALPHAARENA,Non-sport (sports-tagged),,other_novelty,not_attempted_unsupported_sport,,,,unattempted,not a sporting outcome (v1 class E),,,,
KXRANKLISTKAITO,Non-sport (sports-tagged),,other_novelty,not_attempted_unsupported_sport,,,,unattempted,not a sporting outcome (v1 class E),,,,
KXALPHAARENABASE,Non-sport (sports-tagged),,other_novelty,not_attempted_unsupported_sport,,,,unattempted,not a sporting outcome (v1 class E),,,,
KXALPHAARENALEV,Non-sport (sports-tagged),,other_novelty,not_attempted_unsupported_sport,,,,unattempted,not a sporting outcome (v1 class E),,,,
KXALPHAARENAMONK,Non-sport (sports-tagged),,other_novelty,not_attempted_unsupported_sport,,,,unattempted,not a sporting outcome (v1 class E),,,,
KXALPHAARENAAWARE,Non-sport (sports-tagged),,other_novelty,not_attempted_unsupported_sport,,,,unattempted,not a sporting outcome (v1 class E),,,,
KXRANKLISTSUI,Non-sport (sports-tagged),,other_novelty,not_attempted_unsupported_sport,,,,unattempted,not a sporting outcome (v1 class E),,,,
KXRANKLISTAICODE,Non-sport (sports-tagged),,other_novelty,not_attempted_unsupported_sport,,,,unattempted,not a sporting outcome (v1 class E),,,,
KXRANKLISTBONK,Non-sport (sports-tagged),,other_novelty,not_attempted_unsupported_sport,,,,unattempted,not a sporting outcome (v1 class E),,,,
KXRANKLISTIBD,Non-sport (sports-tagged),,other_novelty,not_attempted_unsupported_sport,,,,unattempted,not a sporting outcome (v1 class E),,,,
KXRANKLISTKG,Non-sport (sports-tagged),,other_novelty,not_attempted_unsupported_sport,,,,unattempted,not a sporting outcome (v1 class E),,,,
KXRANKLISTREALSPORTS,Non-sport (sports-tagged),,other_novelty,not_attempted_unsupported_sport,,,,unattempted,not a sporting outcome (v1 class E),,,,
KXSPELLINGBEE,Non-sport (sports-tagged),,other_novelty,not_attempted_unsupported_sport,,,,unattempted,not a sporting outcome (v1 class E),,,,
KXEUROVISIONISRAELBAN,Non-sport (sports-tagged),,personnel_ops,not_attempted_unsupported_sport,,,,unattempted,not a sporting outcome (v1 class E),,,,
KXSFSPELLINGBEE,Non-sport (sports-tagged),,tournament_outright,not_attempted_unsupported_sport,,,,unattempted,not a sporting outcome (v1 class E),,,,
KXWOFREESKI,Olympics,Freestyle Skiing,field_finish,not_attempted_unsupported_sport,,,,unattempted,no independent results adapter for this competition in Phase 1 (game_winner only via Kalshi-only path),,,,
KXWOCURL,Olympics,Curling,field_finish,not_attempted_unsupported_sport,,,,unattempted,no independent results adapter for this competition in Phase 1 (game_winner only via Kalshi-only path),,,,
KXWOFSKATE,Olympics,Figure Skating,field_finish,not_attempted_unsupported_sport,,,,unattempted,no independent results adapter for this competition in Phase 1 (game_winner only via Kalshi-only path),,,,
KXWOCURLGAME,Olympics,Curling,field_finish,not_attempted_unsupported_sport,,,,unattempted,no independent results adapter for this competition in Phase 1 (game_winner only via Kalshi-only path),,,,
KXWOSBOARD,Olympics,Snowboarding,field_finish,not_attempted_unsupported_sport,,,,unattempted,no independent results adapter for this competition in Phase 1 (game_winner only via Kalshi-only path),,,,
KXWOSSKATE,Olympics,Speed Skating,field_finish,not_attempted_unsupported_sport,,,,unattempted,no independent results adapter for this competition in Phase 1 (game_winner only via Kalshi-only path),,,,
KXWOSKIJUMP,Olympics,Ski Jumping,field_finish,not_attempted_unsupported_sport,,,,unattempted,no independent results adapter for this competition in Phase 1 (game_winner only via Kalshi-only path),,,,
KXWOSTRACK,Olympics,Short Track Speed Skating,field_finish,not_attempted_unsupported_sport,,,,unattempted,no independent results adapter for this competition in Phase 1 (game_winner only via Kalshi-only path),,,,
KXWOLUGE,Olympics,Luge,field_finish,not_attempted_unsupported_sport,,,,unattempted,no independent results adapter for this competition in Phase 1 (game_winner only via Kalshi-only path),,,,
KXWOBIATH,Olympics,Biathlon,field_finish,not_attempted_unsupported_sport,,,,unattempted,no independent results adapter for this competition in Phase 1 (game_winner only via Kalshi-only path),,,,
KXWONORDIC,Olympics,Nordic Combined,field_finish,not_attempted_unsupported_sport,,,,unattempted,no independent results adapter for this competition in Phase 1 (game_winner only via Kalshi-only path),,,,
KXWOSKIMTN,Olympics,Ski Mountaineering,field_finish,not_attempted_unsupported_sport,,,,unattempted,no independent results adapter for this competition in Phase 1 (game_winner only via Kalshi-only path),,,,
KXWOALPSKI,Olympics,Alpine Skiing,field_finish,not_attempted_unsupported_sport,,,,unattempted,no independent results adapter for this competition in Phase 1 (game_winner only via Kalshi-only path),,,,
KXWOBOB,Olympics,Bobsledding,field_finish,not_attempted_unsupported_sport,,,,unattempted,no independent results adapter for this competition in Phase 1 (game_winner only via Kalshi-only path),,,,
KXWOXC,Olympics,Cross Country Skiing,field_finish,not_attempted_unsupported_sport,,,,unattempted,no independent results adapter for this competition in Phase 1 (game_winner only via Kalshi-only path),,,,
KXWOSKEL,Olympics,Bobsledding,field_finish,not_attempted_unsupported_sport,,,,unattempted,no independent results adapter for this competition in Phase 1 (game_winner only via Kalshi-only path),,,,
KXWO-ALPSKI,Olympics,,field_finish,not_attempted_unsupported_sport,,,,unattempted,no traded markets,,,,
KXWO-BIATH,Olympics,,field_finish,not_attempted_unsupported_sport,,,,unattempted,no traded markets,,,,
KXWO-BOB,Olympics,,field_finish,not_attempted_unsupported_sport,,,,unattempted,no traded markets,,,,
KXWO-CURL,Olympics,,field_finish,not_attempted_unsupported_sport,,,,unattempted,no traded markets,,,,
KXWO-FIGSKATE,Olympics,,field_finish,not_attempted_unsupported_sport,,,,unattempted,no traded markets,,,,
KXWO-FREESKI,Olympics,,field_finish,not_attempted_unsupported_sport,,,,unattempted,no traded markets,,,,
KXWO-FSKATE,Olympics,,field_finish,not_attempted_unsupported_sport,,,,unattempted,no traded markets,,,,
KXWO-HOCKEY,Olympics,,field_finish,not_attempted_unsupported_sport,,,,unattempted,no traded markets,,,,
KXWO-LUGE,Olympics,,field_finish,not_attempted_unsupported_sport,,,,unattempted,no traded markets,,,,
KXWO-NORDIC,Olympics,,field_finish,not_attempted_unsupported_sport,,,,unattempted,no traded markets,,,,
KXWO-SBOARD,Olympics,,field_finish,not_attempted_unsupported_sport,,,,unattempted,no traded markets,,,,
KXWO-SKEL,Olympics,,field_finish,not_attempted_unsupported_sport,,,,unattempted,no traded markets,,,,
KXWO-SKIJUMP,Olympics,,field_finish,not_attempted_unsupported_sport,,,,unattempted,no traded markets,,,,
KXWO-SKIMTN,Olympics,,field_finish,not_attempted_unsupported_sport,,,,unattempted,no traded markets,,,,
KXWO-SSKATE,Olympics,,field_finish,not_attempted_unsupported_sport,,,,unattempted,no traded markets,,,,
KXWO-STRACK,Olympics,,field_finish,not_attempted_unsupported_sport,,,,unattempted,no traded markets,,,,
KXWO-XC,Olympics,,field_finish,not_attempted_unsupported_sport,,,,unattempted,no traded markets,,,,
KXWO-GOLD,Olympics,Winter Olympics,tournament_outright,not_attempted_unsupported_sport,,,,unattempted,outright/bracket: few independent outcomes per season; needs prospective capture + simulation,,,,
KXWO-MEDALS,Olympics,Winter Olympics,tournament_outright,not_attempted_unsupported_sport,,,,unattempted,outright/bracket: few independent outcomes per season; needs prospective capture + simulation,,,,
KXWO-SILVER,Olympics,Winter Olympics,tournament_outright,not_attempted_unsupported_sport,,,,unattempted,outright/bracket: few independent outcomes per season; needs prospective capture + simulation,,,,
KXWO-BRONZE,Olympics,Winter Olympics,tournament_outright,not_attempted_unsupported_sport,,,,unattempted,outright/bracket: few independent outcomes per season; needs prospective capture + simulation,,,,
KXWO,Olympics,,tournament_outright,not_attempted_unsupported_sport,,,,unattempted,outright/bracket: few independent outcomes per season; needs prospective capture + simulation,,,,
KXWO-SWEEPS,Olympics,,tournament_outright,not_attempted_unsupported_sport,,,,unattempted,outright/bracket: few independent outcomes per season; needs prospective capture + simulation,,,,
KXWO-TOTALMEDALS,Olympics,,tournament_outright,not_attempted_unsupported_sport,,,,unattempted,outright/bracket: few independent outcomes per season; needs prospective capture + simulation,,,,
KXESPYSWEEP,Other,,awards,not_attempted_unsupported_sport,,,,unattempted,awards: voting outcomes without as-of inputs,,,,
KXNATHANSWINNERWO,Other,Nathan's Hot Dog Contest (M),field_finish,not_attempted_unsupported_sport,,,,unattempted,no independent results adapter for this competition in Phase 1 (game_winner only via Kalshi-only path),,,,
KXSAILGPRACE,Other,SailGP,field_finish,not_attempted_unsupported_sport,,,,unattempted,no independent results adapter for this competition in Phase 1 (game_winner only via Kalshi-only path),,,,
KXPPLMATCH,Other,Pro Padel League (M),field_finish,not_attempted_unsupported_sport,,,,unattempted,no independent results adapter for this competition in Phase 1 (game_winner only via Kalshi-only path),,,,
KXTALLSHIPRACE,Other,Five Sisters Cup,field_finish,not_attempted_unsupported_sport,,,,unattempted,no independent results adapter for this competition in Phase 1 (game_winner only via Kalshi-only path),,,,
KXCRYPTOFIGHTNIGHT,Other,,field_finish,not_attempted_unsupported_sport,,,,unattempted,no traded markets,,,,
KXMARATHONTIME,Other,,field_finish,not_attempted_unsupported_sport,,,,unattempted,no traded markets,,,,
KXNATHANSHDRECORD,Other,Nathan's Hot Dog Contest (M),league_leaders,not_attempted_unsupported_sport,,,,unattempted,league leaders: one outcome per stat-season,,,,
KXTFWORLDRECORD,Other,Track & Field,league_leaders,not_attempted_unsupported_sport,,,,unattempted,league leaders: one outcome per stat-season,,,,
KXNATHANDOGS,Other,,other_novelty,not_attempted_unsupported_sport,,,,unattempted,out of scope (novelty),,,,
KXNATHANSHDOU,Other,Nathan's Hot Dog Contest (M),other_novelty,not_attempted_unsupported_sport,,,,unattempted,out of scope (novelty),,,,
KXPICKLEBALL,Other,,other_novelty,not_attempted_unsupported_sport,,,,unattempted,out of scope (novelty),,,,
KXWSOPENTRANTS,Other,WSOP,other_novelty,not_attempted_unsupported_sport,,,,unattempted,out of scope (novelty),,,,
KXHONEYDEUCE,Other,,other_novelty,not_attempted_unsupported_sport,,,,unattempted,out of scope (novelty),,,,
KXKYLEMILETIME,Other,,other_novelty,not_attempted_unsupported_sport,,,,unattempted,out of scope (novelty),,,,
KXPPLGAMES,Other,,other_novelty,not_attempted_unsupported_sport,,,,unattempted,out of scope (novelty),,,,
KXFANATICSGAMESFIRSTPLACE,Other,,other_novelty,not_attempted_unsupported_sport,,,,unattempted,out of scope (novelty),,,,
KXSURF,Other,,other_novelty,not_attempted_unsupported_sport,,,,unattempted,out of scope (novelty),,,,
KXKYLE100MRUN,Other,,other_novelty,not_attempted_unsupported_sport,,,,unattempted,out of scope (novelty),,,,
KXPICKLEBALLGAMES,Other,,other_novelty,not_attempted_unsupported_sport,,,,unattempted,out of scope (novelty),,,,
KXBRAD100MRUN,Other,,other_novelty,not_attempted_unsupported_sport,,,,unattempted,out of scope (novelty),,,,
KXFANATICSGAMESTHIRDPLACE,Other,,other_novelty,not_attempted_unsupported_sport,,,,unattempted,out of scope (novelty),,,,
KXFANATICSGAMESSECONDPLACE,Other,,other_novelty,not_attempted_unsupported_sport,,,,unattempted,out of scope (novelty),,,,
KXGUINNESSWRCOUNT,Other,,other_novelty,not_attempted_unsupported_sport,,,,unattempted,out of scope (novelty),,,,
KXPPL,Other,,other_novelty,not_attempted_unsupported_sport,,,,unattempted,out of scope (novelty),,,,
KXNATHANSHD,Other,Nathan's Hot Dog Contest (M),tournament_outright,not_attempted_unsupported_sport,,,,unattempted,outright/bracket: few independent outcomes per season; needs prospective capture + simulation,,,,
KXMARATHON,Other,Boston Marathon,tournament_outright,not_attempted_unsupported_sport,,,,unattempted,outright/bracket: few independent outcomes per season; needs prospective capture + simulation,,,,
KXCITYCHAMPS,Other,City Titles,tournament_outright,not_attempted_unsupported_sport,,,,unattempted,outright/bracket: few independent outcomes per season; needs prospective capture + simulation,,,,
KXSURFCOMPETITION,Other,Surfing,tournament_outright,not_attempted_unsupported_sport,,,,unattempted,outright/bracket: few independent outcomes per season; needs prospective capture + simulation,,,,
KXTOURDEFRANCE,Other,,tournament_outright,not_attempted_unsupported_sport,,,,unattempted,outright/bracket: few independent outcomes per season; needs prospective capture + simulation,,,,
KXSUMOWIN,Other,Sumo,tournament_outright,not_attempted_unsupported_sport,,,,unattempted,outright/bracket: few independent outcomes per season; needs prospective capture + simulation,,,,
KXMLP,Other,MLP,tournament_outright,not_attempted_unsupported_sport,,,,unattempted,outright/bracket: few independent outcomes per season; needs prospective capture + simulation,,,,
KX4MINMILEW,Other,,tournament_outright,not_attempted_unsupported_sport,,,,unattempted,outright/bracket: few independent outcomes per season; needs prospective capture + simulation,,,,
KXSAILGP,Other,SailGP,tournament_outright,not_attempted_unsupported_sport,,,,unattempted,outright/bracket: few independent outcomes per season; needs prospective capture + simulation,,,,
KXUFASEMI,Other,,tournament_outright,not_attempted_unsupported_sport,,,,unattempted,outright/bracket: few independent outcomes per season; needs prospective capture + simulation,,,,
KXMROLYMPIA,Other,Mr Olympia,tournament_outright,not_attempted_unsupported_sport,,,,unattempted,outright/bracket: few independent outcomes per season; needs prospective capture + simulation,,,,
KXIMOCOUNTRY,Other,,tournament_outright,not_attempted_unsupported_sport,,,,unattempted,outright/bracket: few independent outcomes per season; needs prospective capture + simulation,,,,
KXUFA,Other,Ultimate Frisbee,tournament_outright,not_attempted_unsupported_sport,,,,unattempted,outright/bracket: few independent outcomes per season; needs prospective capture + simulation,,,,
KXYUGIOH,Other,Yu-Gi-Oh! World Championship,tournament_outright,not_attempted_unsupported_sport,,,,unattempted,outright/bracket: few independent outcomes per season; needs prospective capture + simulation,,,,
KXSTEELBRIDGE,Other,Steel Bridge National Championship,tournament_outright,not_attempted_unsupported_sport,,,,unattempted,outright/bracket: few independent outcomes per season; needs prospective capture + simulation,,,,
KXCLIMBING,Other,World Climbing Series,tournament_outright,not_attempted_unsupported_sport,,,,unattempted,outright/bracket: few independent outcomes per season; needs prospective capture + simulation,,,,
KXBEASTGAMES,Other,,tournament_outright,not_attempted_unsupported_sport,,,,unattempted,outright/bracket: few independent outcomes per season; needs prospective capture + simulation,,,,
KXFANATICSWINNER,Other,,tournament_outright,not_attempted_unsupported_sport,,,,unattempted,outright/bracket: few independent outcomes per season; needs prospective capture + simulation,,,,
KXFISHING,Other,,tournament_outright,not_attempted_unsupported_sport,,,,unattempted,outright/bracket: few independent outcomes per season; needs prospective capture + simulation,,,,
KXUFACENT,Other,,tournament_outright,not_attempted_unsupported_sport,,,,unattempted,outright/bracket: few independent outcomes per season; needs prospective capture + simulation,,,,
KXUFAEAST,Other,,tournament_outright,not_attempted_unsupported_sport,,,,unattempted,outright/bracket: few independent outcomes per season; needs prospective capture + simulation,,,,
KXUFASOUTH,Other,,tournament_outright,not_attempted_unsupported_sport,,,,unattempted,outright/bracket: few independent outcomes per season; needs prospective capture + simulation,,,,
KXUFAWEST,Other,,tournament_outright,not_attempted_unsupported_sport,,,,unattempted,outright/bracket: few independent outcomes per season; needs prospective capture + simulation,,,,
KXROWING,Rowing,Rowing,field_finish,not_attempted_unsupported_sport,,,,unattempted,no independent results adapter for this competition in Phase 1 (game_winner only via Kalshi-only path),,,,
KXRUGBYNRLMATCH,Rugby,National Rugby League,game_winner,kalshi_settlement_only_evaluated,k_kxrugbynrlmatch,kalshi_only,game_winner,supported,frozen elo model,exact,unavailable: training support below threshold,unavailable: matched training support below threshold,candle rule
KXSIXNATIONSMATCH,Rugby,Six Nations Rugby,game_winner,no_test_contracts,k_kxsixnationsmatch,kalshi_only,game_winner,supported,frozen elo model,exact,,,candle rule
KXRUGBYESLMATCH,Rugby,Super League Rugby,game_winner,kalshi_settlement_only_evaluated,k_kxrugbyeslmatch,kalshi_only,game_winner,supported,frozen elo model,exact,unavailable: training support below threshold,unavailable: matched training support below threshold,candle rule
KXRUGBYFRA14MATCH,Rugby,France Top 14,game_winner,kalshi_settlement_only_evaluated,k_kxrugbyfra14match,kalshi_only,game_winner,supported,frozen elo model,exact,unavailable: training support below threshold,unavailable: matched training support below threshold,candle rule
KXRUGBYMLRMATCH,Rugby,Major League Rugby,game_winner,kalshi_settlement_only_evaluated,k_kxrugbymlrmatch,kalshi_only,game_winner,supported,frozen elo model,exact,unavailable: training support below threshold,unavailable: matched training support below threshold,candle rule
KXRUGBYGPREMMATCH,Rugby,Gallagher Premiership,game_winner,kalshi_settlement_only_evaluated,k_kxrugbygpremmatch,kalshi_only,game_winner,supported,frozen elo model,exact,unavailable: training support below threshold,unavailable: matched training support below threshold,candle rule
KXPREMMATCH,Rugby,PREM Rugby,game_winner,kalshi_settlement_only_evaluated,k_kxpremmatch,kalshi_only,game_winner,supported,frozen elo model,exact,unavailable: training support below threshold,unavailable: matched training support below threshold,candle rule
KXSIXNATIONS,Rugby,Six Nations Rugby,tournament_outright,not_attempted_supported_sport,,,,unattempted,outright/bracket: few independent outcomes per season; needs prospective capture + simulation,,,,
KXNRLCHAMP,Rugby,National Rugby League,tournament_outright,not_attempted_supported_sport,,,,unattempted,outright/bracket: few independent outcomes per season; needs prospective capture + simulation,,,,
KXPREMCHAMP,Rugby,Gallagher Premiership,tournament_outright,not_attempted_supported_sport,,,,unattempted,outright/bracket: few independent outcomes per season; needs prospective capture + simulation,,,,
KXURCMATCH,Rugby,United Rugby Championship,tournament_outright,not_attempted_supported_sport,,,,unattempted,outright/bracket: few independent outcomes per season; needs prospective capture + simulation,,,,
KXFRA14CHAMP,Rugby,France Top 14,tournament_outright,not_attempted_supported_sport,,,,unattempted,outright/bracket: few independent outcomes per season; needs prospective capture + simulation,,,,
KXRUGBYWC,Rugby,Men's Rugby World Cup,tournament_outright,not_attempted_supported_sport,,,,unattempted,outright/bracket: few independent outcomes per season; needs prospective capture + simulation,,,,
KXSLRCHAMP,Rugby,Super League Rugby,tournament_outright,not_attempted_supported_sport,,,,unattempted,outright/bracket: few independent outcomes per season; needs prospective capture + simulation,,,,
KXMLR,Rugby,,tournament_outright,not_attempted_supported_sport,,,,unattempted,outright/bracket: few independent outcomes per season; needs prospective capture + simulation,,,,
KXWCGOALLEADER,Soccer,FIFA World Cup,awards,not_attempted_supported_sport,,,,unattempted,awards: voting outcomes without as-of inputs,,,,
KXWCAWARD,Soccer,FIFA World Cup,awards,not_attempted_supported_sport,,,,unattempted,awards: voting outcomes without as-of inputs,,,,
KXBALLONDOR,Soccer,Ballon d'Or,awards,not_attempted_supported_sport,,,,unattempted,awards: voting outcomes without as-of inputs,,,,
KXPFAPOY,Soccer,EPL,awards,not_attempted_supported_sport,,,,unattempted,awards: voting outcomes without as-of inputs,,,,
KXWCRECORD,Soccer,FIFA World Cup,awards,not_attempted_supported_sport,,,,unattempted,awards: voting outcomes without as-of inputs,,,,
KXWCAWARDCOMBO,Soccer,FIFA World Cup,awards,not_attempted_supported_sport,,,,unattempted,awards: voting outcomes without as-of inputs,,,,
KXWCGOLDENBOOTCLEAT,Soccer,FIFA World Cup,awards,not_attempted_supported_sport,,,,unattempted,awards: voting outcomes without as-of inputs,,,,
KXBALLONDORAWARD,Soccer,Ballon d'Or,awards,not_attempted_supported_sport,,,,unattempted,awards: voting outcomes without as-of inputs,,,,
KXBALLONDORNATION,Soccer,,awards,not_attempted_supported_sport,,,,unattempted,awards: voting outcomes without as-of inputs,,,,
KXSUPERBALLONDOR,Soccer,Champions League,awards,not_attempted_supported_sport,,,,unattempted,awards: voting outcomes without as-of inputs,,,,
KXEPLPOY,Soccer,,awards,not_attempted_supported_sport,,,,unattempted,awards: voting outcomes without as-of inputs,,,,
KXWCGOALRECORD,Soccer,,awards,not_attempted_supported_sport,,,,unattempted,awards: voting outcomes without as-of inputs,,,,
KXWCPREPACK,Soccer,FIFA World Cup,combo_parlay,not_attempted_supported_sport,,,,unattempted,out of scope (derived combination),,,,
KXWCSTAGEOFELIM,Soccer,FIFA World Cup,field_finish,not_attempted_supported_sport,,,,unattempted,no independent results adapter for this competition in Phase 1 (game_winner only via Kalshi-only path),,,,
KXWCFURTHESTADVANCING,Soccer,FIFA World Cup,field_finish,not_attempted_supported_sport,,,,unattempted,no independent results adapter for this competition in Phase 1 (game_winner only via Kalshi-only path),,,,
KXWCTEAMH2H,Soccer,FIFA World Cup,field_finish,not_attempted_supported_sport,,,,unattempted,no independent results adapter for this competition in Phase 1 (game_winner only via Kalshi-only path),,,,
KXWCSTAGE,Soccer,FIFA World Cup,field_finish,not_attempted_supported_sport,,,,unattempted,no independent results adapter for this competition in Phase 1 (game_winner only via Kalshi-only path),,,,
KXWCBESTHOST,Soccer,FIFA World Cup,field_finish,not_attempted_supported_sport,,,,unattempted,no independent results adapter for this competition in Phase 1 (game_winner only via Kalshi-only path),,,,
KXBALLONDORRANK,Soccer,Ballon d'Or,field_finish,not_attempted_supported_sport,,,,unattempted,no independent results adapter for this competition in Phase 1 (game_winner only via Kalshi-only path),,,,
KXLIGAMXTOP,Soccer,Liga MX,field_finish,not_attempted_supported_sport,,,,unattempted,no independent results adapter for this competition in Phase 1 (game_winner only via Kalshi-only path),,,,
KXEPLH2HFINISH,Soccer,EPL,field_finish,not_attempted_supported_sport,,,,unattempted,no independent results adapter for this competition in Phase 1 (game_winner only via Kalshi-only path),,,,
KXWCHOSTSTAGE,Soccer,,field_finish,not_attempted_supported_sport,,,,unattempted,no traded markets,,,,
KXWCGAME,Soccer,FIFA World Cup,game_winner,no_test_contracts,k_kxwcgame,kalshi_only,game_winner,supported,frozen elo model,exact,,,candle rule
KXWCADVANCE,Soccer,FIFA World Cup,game_winner,no_test_contracts,k_kxwcadvance,kalshi_only,game_winner,supported,frozen elo model,exact,,,candle rule
KXMENWORLDCUP,Soccer,FIFA World Cup,game_winner,no_test_contracts,k_kxmenworldcup,kalshi_only,game_winner,supported,frozen elo model,exact,,,candle rule
KXEPLGAME,Soccer,EPL,game_winner,strict_evaluated,epl,espn_team,game_winner,supported,frozen score model,exact,unavailable: training support below threshold,unavailable: matched training support below threshold,candle rule
KXLALIGAGAME,Soccer,La Liga,game_winner,strict_evaluated,laliga,espn_team,game_winner,supported,frozen score model,exact,unavailable: training support below threshold,unavailable: matched training support below threshold,candle rule
KXLIGAMXGAME,Soccer,Liga MX,game_winner,strict_evaluated,ligamx,espn_team,game_winner,supported,frozen score model,exact,unavailable: training support below threshold,unavailable: matched training support below threshold,candle rule
KXMLSGAME,Soccer,MLS,game_winner,strict_evaluated,mls,espn_team,game_winner,supported,frozen score model,exact,unavailable: validation support below threshold,unavailable: matched validation support below threshold,candle rule
KXINTLFRIENDLYGAME,Soccer,Intl Friendlies,game_winner,no_test_contracts,k_kxintlfriendlygame,kalshi_only,game_winner,supported,frozen elo model,exact,,,candle rule
KXSERIEAGAME,Soccer,Serie A,game_winner,strict_evaluated,seriea,espn_team,game_winner,supported,frozen score model,exact,unavailable: training support below threshold,unavailable: matched training support below threshold,candle rule
KXCLUBFGAME,Soccer,Club Friendlies,game_winner,no_test_contracts,k_kxclubfgame,kalshi_only,game_winner,supported,frozen elo model,exact,,,candle rule
KXUEFANLGAME,Soccer,UEFA Nations League,game_winner,no_test_contracts,k_kxuefanlgame,kalshi_only,game_winner,supported,frozen elo model,exact,,,candle rule
KXLEAGUESCUPGAME,Soccer,Leagues Cup,game_winner,no_test_contracts,k_kxleaguescupgame,kalshi_only,game_winner,supported,frozen elo model,exact,,,candle rule
KXBUNDESLIGAGAME,Soccer,Bundesliga,game_winner,strict_evaluated,bundesliga,espn_team,game_winner,supported,frozen score model,exact,unavailable: training support below threshold,unavailable: matched training support below threshold,candle rule
KXARGPREMDIVGAME,Soccer,Argentina Primera Division,game_winner,exploratory_evaluated,argentina,espn_team,game_winner,supported,frozen score model,exact,unavailable: training support below threshold,unavailable: matched training support below threshold,candle rule
KXLIGUE1GAME,Soccer,Ligue 1,game_winner,strict_evaluated,ligue1,espn_team,game_winner,supported,frozen score model,exact,unavailable: training support below threshold,unavailable: matched training support below threshold,candle rule
KXBRASILEIROGAME,Soccer,Brasileiro Serie A,game_winner,strict_evaluated,brasileiro,espn_team,game_winner,supported,frozen score model,exact,unavailable: training support below threshold,unavailable: matched training support below threshold,candle rule
KXDIMAYORGAME,Soccer,Colombian Liga DIMAYOR,game_winner,no_test_contracts,k_kxdimayorgame,kalshi_only,game_winner,supported,frozen elo model,exact,,,candle rule
KXUELGAME,Soccer,Europa League,game_winner,strict_evaluated,uel,espn_team,game_winner,supported,frozen score model,exact,unavailable: training support below threshold,unavailable: matched training support below threshold,candle rule
KXECULPGAME,Soccer,Ecuador LigaPro,game_winner,no_test_contracts,k_kxeculpgame,kalshi_only,game_winner,supported,frozen elo model,exact,,,candle rule
KXSAUDIPLGAME,Soccer,Saudi Pro League,game_winner,strict_evaluated,saudi,espn_team,game_winner,supported,frozen score model,exact,unavailable: training support below threshold,unavailable: matched training support below threshold,candle rule
KXUECLGAME,Soccer,Conference League,game_winner,strict_evaluated,uecl,espn_team,game_winner,supported,frozen score model,exact,unavailable: training support below threshold,unavailable: matched training support below threshold,candle rule
KXCONCACAFNLGAME,Soccer,CONCACAF Nations League,game_winner,no_test_contracts,k_kxconcacafnlgame,kalshi_only,game_winner,supported,frozen elo model,exact,,,candle rule
KXAFCONGAME,Soccer,AFCON Qualifiers,game_winner,no_test_contracts,k_kxafcongame,kalshi_only,game_winner,supported,frozen elo model,exact,,,candle rule
KXLIGAPORTUGALGAME,Soccer,Liga Portugal,game_winner,strict_evaluated,ligaportugal,espn_team,game_winner,supported,frozen score model,exact,unavailable: training support below threshold,unavailable: matched training support below threshold,candle rule
KXBRASILEIROBGAME,Soccer,Brasileiro Serie B,game_winner,no_test_contracts,k_kxbrasileirobgame,kalshi_only,game_winner,supported,frozen elo model,exact,,,candle rule
KXJLEAGUEGAME,Soccer,Japan J1 League,game_winner,no_test_contracts,k_kxjleaguegame,kalshi_only,game_winner,supported,frozen elo model,exact,,,candle rule
KXSUPERLIGGAME,Soccer,Super Lig,game_winner,no_test_contracts,k_kxsuperliggame,kalshi_only,game_winner,supported,frozen elo model,exact,,,candle rule
KXLALIGA2GAME,Soccer,La Liga 2,game_winner,no_test_contracts,k_kxlaliga2game,kalshi_only,game_winner,supported,frozen elo model,exact,,,candle rule
KXPERLIGA1GAME,Soccer,Peru Liga 1,game_winner,no_test_contracts,k_kxperliga1game,kalshi_only,game_winner,supported,frozen elo model,exact,,,candle rule
KXCONMEBOLSUDGAME,Soccer,CONMEBOL Sudamericana,game_winner,no_test_contracts,k_kxconmebolsudgame,kalshi_only,game_winner,supported,frozen elo model,exact,,,candle rule
KXALEAGUEGAME,Soccer,Australia A League,game_winner,no_test_contracts,k_kxaleaguegame,kalshi_only,game_winner,supported,frozen elo model,exact,,,candle rule
KXFIFAGAME,Soccer,FIFA World Cup Qualifiers,game_winner,no_test_contracts,k_kxfifagame,kalshi_only,game_winner,supported,frozen elo model,exact,,,candle rule
KXNWSLGAME,Soccer,NWSL,game_winner,no_test_contracts,k_kxnwslgame,kalshi_only,game_winner,supported,frozen elo model,exact,,,candle rule
KXCONMEBOLLIBGAME,Soccer,CONMEBOL Libertadores,game_winner,no_test_contracts,k_kxconmebollibgame,kalshi_only,game_winner,supported,frozen elo model,exact,,,candle rule
KXAPFDDHGAME,Soccer,APF Division de Honor,game_winner,no_test_contracts,k_kxapfddhgame,kalshi_only,game_winner,supported,frozen elo model,exact,,,candle rule
KXCHNSLGAME,Soccer,Chinese Super League,game_winner,no_test_contracts,k_kxchnslgame,kalshi_only,game_winner,supported,frozen elo model,exact,,,candle rule
KXEREDIVISIEGAME,Soccer,Eredivisie,game_winner,strict_evaluated,eredivisie,espn_team,game_winner,supported,frozen score model,exact,unavailable: training support below threshold,unavailable: matched training support below threshold,candle rule
KXURYPDGAME,Soccer,Uruguay Primera Division,game_winner,no_test_contracts,k_kxurypdgame,kalshi_only,game_winner,supported,frozen elo model,exact,,,candle rule
KXFACUPGAME,Soccer,FA Cup,game_winner,no_test_contracts,k_kxfacupgame,kalshi_only,game_winner,supported,frozen elo model,exact,,,candle rule
KXALLSVENSKANGAME,Soccer,Allsvenskan,game_winner,no_test_contracts,k_kxallsvenskangame,kalshi_only,game_winner,supported,frozen elo model,exact,,,candle rule
KXEGYPLGAME,Soccer,Egyptian Premier League,game_winner,no_test_contracts,k_kxegyplgame,kalshi_only,game_winner,supported,frozen elo model,exact,,,candle rule
KXCHLLDPGAME,Soccer,Chile Liga de Primera,game_winner,no_test_contracts,k_kxchlldpgame,kalshi_only,game_winner,supported,frozen elo model,exact,,,candle rule
KXKLEAGUEGAME,Soccer,Korea K League 1,game_winner,no_test_contracts,k_kxkleaguegame,kalshi_only,game_winner,supported,frozen elo model,exact,,,candle rule
KXCOPADELREYGAME,Soccer,Copa del Rey,game_winner,no_test_contracts,k_kxcopadelreygame,kalshi_only,game_winner,supported,frozen elo model,exact,,,candle rule
KXEFLCUPGAME,Soccer,EFL Cup,game_winner,no_test_contracts,k_kxeflcupgame,kalshi_only,game_winner,supported,frozen elo model,exact,,,candle rule
KXEKSTRAKLASAGAME,Soccer,Ekstraklasa,game_winner,no_test_contracts,k_kxekstraklasagame,kalshi_only,game_winner,supported,frozen elo model,exact,,,candle rule
KXELITESERIENGAME,Soccer,Eliteserien,game_winner,no_test_contracts,k_kxeliteseriengame,kalshi_only,game_winner,supported,frozen elo model,exact,,,candle rule
KXBUNDESLIGA2GAME,Soccer,Bundesliga 2,game_winner,exploratory_evaluated,bundesliga2,espn_team,game_winner,supported,frozen score model,exact,unavailable: training support below threshold,unavailable: matched training support below threshold,candle rule
KXSCOTTISHPREMGAME,Soccer,Scottish Premiership,game_winner,no_test_contracts,k_kxscottishpremgame,kalshi_only,game_winner,supported,frozen elo model,exact,,,candle rule
KXBELGIANPLGAME,Soccer,Belgian Pro League,game_winner,no_test_contracts,k_kxbelgianplgame,kalshi_only,game_winner,supported,frozen elo model,exact,,,candle rule
KXDENSUPERLIGAGAME,Soccer,Danish Superliga,game_winner,no_test_contracts,k_kxdensuperligagame,kalshi_only,game_winner,supported,frozen elo model,exact,,,candle rule
KXASEANGAME,Soccer,ASEAN Championship,game_winner,no_test_contracts,k_kxaseangame,kalshi_only,game_winner,supported,frozen elo model,exact,,,candle rule
KXLIGAEXPGAME,Soccer,Liga de Expansion MX,game_winner,no_test_contracts,k_kxligaexpgame,kalshi_only,game_winner,supported,frozen elo model,exact,,,candle rule
KXARGNACBGAME,Soccer,Argentine Nacional B,game_winner,no_test_contracts,k_kxargnacbgame,kalshi_only,game_winner,supported,frozen elo model,exact,,,candle rule
KXCOPADOBRASILGAME,Soccer,Copa do Brasil,game_winner,no_test_contracts,k_kxcopadobrasilgame,kalshi_only,game_winner,supported,frozen elo model,exact,,,candle rule
KXSWISSLEAGUEGAME,Soccer,Swiss Super League,game_winner,no_test_contracts,k_kxswissleaguegame,kalshi_only,game_winner,supported,frozen elo model,exact,,,candle rule
KXCLUBWCGAME,Soccer,Club World Cup,game_winner,no_test_contracts,k_kxclubwcgame,kalshi_only,game_winner,supported,frozen elo model,exact,,,candle rule
KXSERIEBGAME,Soccer,Serie B,game_winner,no_test_contracts,k_kxseriebgame,kalshi_only,game_winner,supported,frozen elo model,exact,,,candle rule
KXBRASILEIROCGAME,Soccer,Brasileiro Serie C,game_winner,no_test_contracts,k_kxbrasileirocgame,kalshi_only,game_winner,supported,frozen elo model,exact,,,candle rule
KXCZEFLGAME,Soccer,Czech First League,game_winner,no_test_contracts,k_kxczeflgame,kalshi_only,game_winner,supported,frozen elo model,exact,,,candle rule
KXCOPPAITALIAGAME,Soccer,Coppa Italia,game_winner,no_test_contracts,k_kxcoppaitaliagame,kalshi_only,game_winner,supported,frozen elo model,exact,,,candle rule
KXHNLGAME,Soccer,Croatia HNL,game_winner,no_test_contracts,k_kxhnlgame,kalshi_only,game_winner,supported,frozen elo model,exact,,,candle rule
KXEWSLGAME,Soccer,English Womens Super League,game_winner,no_test_contracts,k_kxewslgame,kalshi_only,game_winner,supported,frozen elo model,exact,,,candle rule
KXSLGREECEGAME,Soccer,Greece Super League,game_winner,no_test_contracts,k_kxslgreecegame,kalshi_only,game_winner,supported,frozen elo model,exact,,,candle rule
KXUAEPLGAME,Soccer,UAE Pro League,game_winner,no_test_contracts,k_kxuaeplgame,kalshi_only,game_winner,supported,frozen elo model,exact,,,candle rule
KXBOLPDIVGAME,Soccer,Bolivia Premier Division,game_winner,no_test_contracts,k_kxbolpdivgame,kalshi_only,game_winner,supported,frozen elo model,exact,,,candle rule
KXCANPLGAME,Soccer,Canadian Premier League,game_winner,no_test_contracts,k_kxcanplgame,kalshi_only,game_winner,supported,frozen elo model,exact,,,candle rule
KXDFBPOKALGAME,Soccer,DFB Pokal,game_winner,no_test_contracts,k_kxdfbpokalgame,kalshi_only,game_winner,supported,frozen elo model,exact,,,candle rule
KXCOUPEDEFRANCEGAME,Soccer,Coupe de France,game_winner,no_test_contracts,k_kxcoupedefrancegame,kalshi_only,game_winner,supported,frozen elo model,exact,,,candle rule
KXVENFUTVEGAME,Soccer,Venezuela Liga FUTVE,game_winner,no_test_contracts,k_kxvenfutvegame,kalshi_only,game_winner,supported,frozen elo model,exact,,,candle rule
KXSERIECGAME,Soccer,Serie C,game_winner,no_test_contracts,k_kxseriecgame,kalshi_only,game_winner,supported,frozen elo model,exact,,,candle rule
KXJ2LEAGUEGAME,Soccer,Japan J2 League,game_winner,no_test_contracts,k_kxj2leaguegame,kalshi_only,game_winner,supported,frozen elo model,exact,,,candle rule
KXEFLL1GAME,Soccer,EFL League One,game_winner,no_test_contracts,k_kxefll1game,kalshi_only,game_winner,supported,frozen elo model,exact,,,candle rule
KXESPSUPERCUPGAME,Soccer,Spain Super Cup,game_winner,no_test_contracts,k_kxespsupercupgame,kalshi_only,game_winner,supported,frozen elo model,exact,,,candle rule
KXETTANGAME,Soccer,Ettan,game_winner,no_test_contracts,k_kxettangame,kalshi_only,game_winner,supported,frozen elo model,exact,,,candle rule
KXTFF1LIGGAME,Soccer,TFF 1. Lig,game_winner,no_test_contracts,k_kxtff1liggame,kalshi_only,game_winner,supported,frozen elo model,exact,,,candle rule
KXTACAPORTGAME,Soccer,Taca de Portugal,game_winner,no_test_contracts,k_kxtacaportgame,kalshi_only,game_winner,supported,frozen elo model,exact,,,candle rule
KXEERSTEDIVGAME,Soccer,Eerste Divisie,game_winner,no_test_contracts,k_kxeerstedivgame,kalshi_only,game_winner,supported,frozen elo model,exact,,,candle rule
KXCZEFNLGAME,Soccer,Czech National Football League,game_winner,no_test_contracts,k_kxczefnlgame,kalshi_only,game_winner,supported,frozen elo model,exact,,,candle rule
KXFIFAWGAME,Soccer,FIFA World Cup Qualifiers Women,game_winner,no_test_contracts,k_kxfifawgame,kalshi_only,game_winner,supported,frozen elo model,exact,,,candle rule
KXTHAIL1GAME,Soccer,Thai League 1,game_winner,no_test_contracts,k_kxthail1game,kalshi_only,game_winner,supported,frozen elo model,exact,,,candle rule
KXENGNLGAME,Soccer,English National League,game_winner,no_test_contracts,k_kxengnlgame,kalshi_only,game_winner,supported,frozen elo model,exact,,,candle rule
KXLVAVIRGAME,Soccer,Latvian Virsliga,game_winner,no_test_contracts,k_kxlvavirgame,kalshi_only,game_winner,supported,frozen elo model,exact,,,candle rule
KXCHNL1GAME,Soccer,China League 1,game_winner,no_test_contracts,k_kxchnl1game,kalshi_only,game_winner,supported,frozen elo model,exact,,,candle rule
KXFINYLGAME,Soccer,Finnish Ykkosliiga,game_winner,no_test_contracts,k_kxfinylgame,kalshi_only,game_winner,supported,frozen elo model,exact,,,candle rule
KXSCOCUPGAME,Soccer,Scottish League Cup,game_winner,no_test_contracts,k_kxscocupgame,kalshi_only,game_winner,supported,frozen elo model,exact,,,candle rule
KXKNVBCUPGAME,Soccer,KNVB,game_winner,no_test_contracts,k_kxknvbcupgame,kalshi_only,game_winner,supported,frozen elo model,exact,,,candle rule
KXIDNSLGAME,Soccer,Indonesia Super League,game_winner,no_test_contracts,k_kxidnslgame,kalshi_only,game_winner,supported,frozen elo model,exact,,,candle rule
KXLIGUE2GAME,Soccer,Ligue 2,game_winner,no_test_contracts,k_kxligue2game,kalshi_only,game_winner,supported,frozen elo model,exact,,,candle rule
KXSVK2LGAME,Soccer,Slovakian 2. Liga,game_winner,no_test_contracts,k_kxsvk2lgame,kalshi_only,game_winner,supported,frozen elo model,exact,,,candle rule
KXGRECUPGAME,Soccer,Greek Cup,game_winner,no_test_contracts,k_kxgrecupgame,kalshi_only,game_winner,supported,frozen elo model,exact,,,candle rule
KXMYSLGAME,Soccer,Malaysia Super League,game_winner,no_test_contracts,k_kxmyslgame,kalshi_only,game_winner,supported,frozen elo model,exact,,,candle rule
KXFRASUPERCUPGAME,Soccer,France Super Cup,game_winner,no_test_contracts,k_kxfrasupercupgame,kalshi_only,game_winner,supported,frozen elo model,exact,,,candle rule
KXNCAAMSOCCERGAME,Soccer,NCAA Mens Soccer,game_winner,no_test_contracts,k_kxncaamsoccergame,kalshi_only,game_winner,supported,frozen elo model,exact,,,candle rule
KXVLEAGUE1GAME,Soccer,Vietnam V-League 1,game_winner,no_test_contracts,k_kxvleague1game,kalshi_only,game_winner,supported,frozen elo model,exact,,,candle rule
KXISRPLGAME,Soccer,Israeli Premier League,game_winner,no_test_contracts,k_kxisrplgame,kalshi_only,game_winner,supported,frozen elo model,exact,,,candle rule
KXUEFASCGAME,Soccer,UEFA Super Cup,game_winner,no_test_contracts,k_kxuefascgame,kalshi_only,game_winner,supported,frozen elo model,exact,,,candle rule
KXISRNLGAME,Soccer,Liga Leumit,game_winner,no_test_contracts,k_kxisrnlgame,kalshi_only,game_winner,supported,frozen elo model,exact,,,candle rule
KXSRBSLGAME,Soccer,Serbian SuperLiga,game_winner,no_test_contracts,k_kxsrbslgame,kalshi_only,game_winner,supported,frozen elo model,exact,,,candle rule
KXGER3LGAME,Soccer,German 3. Liga,game_winner,no_test_contracts,k_kxger3lgame,kalshi_only,game_winner,supported,frozen elo model,exact,,,candle rule
KXK2LEAGUEGAME,Soccer,Korea K-League 2,game_winner,no_test_contracts,k_kxk2leaguegame,kalshi_only,game_winner,supported,frozen elo model,exact,,,candle rule
KXUSOPENCUPGAME,Soccer,US Open Cup,game_winner,no_test_contracts,k_kxusopencupgame,kalshi_only,game_winner,supported,frozen elo model,exact,,,candle rule
KXUSLCUPGAME,Soccer,USL Cup,game_winner,no_test_contracts,k_kxuslcupgame,kalshi_only,game_winner,supported,frozen elo model,exact,,,candle rule
KXAFCACGAME,Soccer,AFC Asian Cup Qualifiers,game_winner,no_test_contracts,k_kxafcacgame,kalshi_only,game_winner,supported,frozen elo model,exact,,,candle rule
KXSERIEAWGAME,Soccer,Serie A Femminile,game_winner,no_test_contracts,k_kxserieawgame,kalshi_only,game_winner,supported,frozen elo model,exact,,,candle rule
KXSVNPLGAME,Soccer,Slovenian Prva Liga,game_winner,no_test_contracts,k_kxsvnplgame,kalshi_only,game_winner,supported,frozen elo model,exact,,,candle rule
KXENGCSGAME,Soccer,Community Shield,game_winner,no_test_contracts,k_kxengcsgame,kalshi_only,game_winner,supported,frozen elo model,exact,,,candle rule
KXTWEEDEDIVGAME,Soccer,Tweede Divisie,game_winner,no_test_contracts,k_kxtweededivgame,kalshi_only,game_winner,supported,frozen elo model,exact,,,candle rule
KXEREDIVISIEWGAME,Soccer,Eredivisie Vrouwen,game_winner,no_test_contracts,k_kxeredivisiewgame,kalshi_only,game_winner,supported,frozen elo model,exact,,,candle rule
KXSVKCUPGAME,Soccer,Slovakian Cup,game_winner,no_test_contracts,k_kxsvkcupgame,kalshi_only,game_winner,supported,frozen elo model,exact,,,candle rule
KXSERIECCUPGAME,Soccer,Coppa Italia Lega Pro,game_winner,no_test_contracts,k_kxserieccupgame,kalshi_only,game_winner,supported,frozen elo model,exact,,,candle rule
KXINTERCONCUPGAME,Soccer,FIFA Intercontinental Cup,game_winner,no_test_contracts,k_kxinterconcupgame,kalshi_only,game_winner,supported,frozen elo model,exact,,,candle rule
KXGERSCGAME,Soccer,Germany Super Cup,game_winner,no_test_contracts,k_kxgerscgame,kalshi_only,game_winner,supported,frozen elo model,exact,,,candle rule
KXSGPPLGAME,Soccer,Singapore Premier League,game_winner,no_test_contracts,k_kxsgpplgame,kalshi_only,game_winner,supported,frozen elo model,exact,,,candle rule
KXBALLERLEAGUEGAME,Soccer,Baller League,game_winner,no_test_contracts,k_kxballerleaguegame,kalshi_only,game_winner,supported,frozen elo model,exact,,,candle rule
KXMLSASTGAME,Soccer,MLS All-Star Game,game_winner,no_test_contracts,k_kxmlsastgame,kalshi_only,game_winner,supported,frozen elo model,exact,,,candle rule
KXFROPLGAME,Soccer,Faroe Islands Premier League,game_winner,no_test_contracts,k_kxfroplgame,kalshi_only,game_winner,supported,frozen elo model,exact,,,candle rule
KXEFLTROPHYGAME,Soccer,EFL Trophy,game_winner,no_test_contracts,k_kxefltrophygame,kalshi_only,game_winner,supported,frozen elo model,exact,,,candle rule
KXISRPLCUPGAME,Soccer,Premier League Cup,game_winner,no_test_contracts,k_kxisrplcupgame,kalshi_only,game_winner,supported,frozen elo model,exact,,,candle rule
KXITASUPERCUPGAME,Soccer,Italian Super Cup,game_winner,no_test_contracts,k_kxitasupercupgame,kalshi_only,game_winner,supported,frozen elo model,exact,,,candle rule
KXFIFAUSPULLGAME,Soccer,FIFA World Cup,game_winner,no_test_contracts,k_kxfifauspullgame,kalshi_only,game_winner,supported,frozen elo model,exact,,,candle rule
KXPPPKSO,Soccer,Ray vs Sketch PK Shootout,game_winner,no_test_contracts,k_kxpppkso,kalshi_only,game_winner,supported,frozen elo model,exact,,,candle rule
KXFROCUPGAME,Soccer,Faroe Islands Cup,game_winner,no_test_contracts,k_kxfrocupgame,kalshi_only,game_winner,supported,frozen elo model,exact,,,candle rule
KXFINCUPGAME,Soccer,Suomen Cup,game_winner,no_test_contracts,k_kxfincupgame,kalshi_only,game_winner,supported,frozen elo model,exact,,,candle rule
KXFINALISSIMAGAME,Soccer,Finalissima,game_winner,no_test_contracts,k_kxfinalissimagame,kalshi_only,game_winner,supported,frozen elo model,exact,,,candle rule
KXDANISHSUPERLIGAGAME,Soccer,,game_winner,not_attempted_supported_sport,,,,unattempted,no traded markets,,,,
KXISRNLCUPGAME,Soccer,,game_winner,not_attempted_supported_sport,,,,unattempted,no traded markets,,,,
KXISRSCUPGAME,Soccer,,game_winner,not_attempted_supported_sport,,,,unattempted,no traded markets,,,,
KXISRSUPCUPGAME,Soccer,,game_winner,not_attempted_supported_sport,,,,unattempted,no traded markets,,,,
KXMLSSKILLS,Soccer,,game_winner,not_attempted_supported_sport,,,,unattempted,no traded markets,,,,
KXQSTARSGAME,Soccer,,game_winner,not_attempted_supported_sport,,,,unattempted,no traded markets,,,,
KXSERIECSCUPGAME,Soccer,,game_winner,not_attempted_supported_sport,,,,unattempted,no traded markets,,,,
KXSRBCUPGAME,Soccer,,game_winner,not_attempted_supported_sport,,,,unattempted,no traded markets,,,,
KXSVNCUPGAME,Soccer,,game_winner,not_attempted_supported_sport,,,,unattempted,no traded markets,,,,
KXEPLLEADER,Soccer,EPL,league_leaders,not_attempted_supported_sport,,,,unattempted,league leaders: one outcome per stat-season,,,,
KXUCLLEADER,Soccer,Champions League,league_leaders,not_attempted_supported_sport,,,,unattempted,league leaders: one outcome per stat-season,,,,
KXMLSLEADER,Soccer,MLS,league_leaders,not_attempted_supported_sport,,,,unattempted,league leaders: one outcome per stat-season,,,,
KXLALIGALEADER,Soccer,La Liga,league_leaders,not_attempted_supported_sport,,,,unattempted,league leaders: one outcome per stat-season,,,,
KXLIGAMXLEADER,Soccer,Liga MX,league_leaders,not_attempted_supported_sport,,,,unattempted,league leaders: one outcome per stat-season,,,,
KXEPLSEASONSTAT,Soccer,EPL,league_leaders,not_attempted_supported_sport,,,,unattempted,league leaders: one outcome per stat-season,,,,
KXBUNDESLIGALEADER,Soccer,Bundesliga,league_leaders,not_attempted_supported_sport,,,,unattempted,league leaders: one outcome per stat-season,,,,
KXSERIEALEADER,Soccer,Serie A,league_leaders,not_attempted_supported_sport,,,,unattempted,league leaders: one outcome per stat-season,,,,
KXLIGUE1LEADER,Soccer,Ligue 1,league_leaders,not_attempted_supported_sport,,,,unattempted,league leaders: one outcome per stat-season,,,,
KXFIFAUSPULL,Soccer,,other_novelty,not_attempted_supported_sport,,,,unattempted,out of scope (novelty),,,,
KXJOINRONALDO,Soccer,,other_novelty,not_attempted_supported_sport,,,,unattempted,out of scope (novelty),,,,
KXLOSEREALMADRID,Soccer,,other_novelty,not_attempted_supported_sport,,,,unattempted,out of scope (novelty),,,,
KXLAMINEYAMAL,Soccer,La Liga,other_novelty,not_attempted_supported_sport,,,,unattempted,out of scope (novelty),,,,
KXCLUBCHANGEMBAPPE,Soccer,La Liga,other_novelty,not_attempted_supported_sport,,,,unattempted,out of scope (novelty),,,,
KXJOINMESSI,Soccer,,other_novelty,not_attempted_supported_sport,,,,unattempted,out of scope (novelty),,,,
KXLOSEBARCA,Soccer,,other_novelty,not_attempted_supported_sport,,,,unattempted,out of scope (novelty),,,,
KXJOINEKITIKE,Soccer,,other_novelty,not_attempted_supported_sport,,,,unattempted,out of scope (novelty),,,,
KXTRINITYRODMANNWSL,Soccer,NWSL,other_novelty,not_attempted_supported_sport,,,,unattempted,out of scope (novelty),,,,
KXJOINNEYMARMIAMI,Soccer,,other_novelty,not_attempted_supported_sport,,,,unattempted,out of scope (novelty),,,,
KXNEWCASTLEUBADGE,Soccer,,other_novelty,not_attempted_supported_sport,,,,unattempted,out of scope (novelty),,,,
KXEPLH2H,Soccer,EPL,other_novelty,not_attempted_supported_sport,,,,unattempted,out of scope (novelty),,,,
KXDWCS79,Soccer,,other_novelty,not_attempted_supported_sport,,,,unattempted,out of scope (novelty),,,,
KXMANCITYFINE,Soccer,,other_novelty,not_attempted_supported_sport,,,,unattempted,out of scope (novelty),,,,
KXUEFAGAME,Soccer,,other_novelty,not_attempted_supported_sport,,,,unattempted,out of scope (novelty),,,,
KXWCSTART,Soccer,FIFA World Cup,personnel_ops,not_attempted_supported_sport,,,,unattempted,out of scope (non-sporting outcome),,,,
KXJOINCLUB,Soccer,EPL,personnel_ops,not_attempted_supported_sport,,,,unattempted,out of scope (non-sporting outcome),,,,
KXWCSQUAD,Soccer,FIFA World Cup,personnel_ops,not_attempted_supported_sport,,,,unattempted,out of scope (non-sporting outcome),,,,
KXBALOGUNPLAY,Soccer,FIFA World Cup,personnel_ops,not_attempted_supported_sport,,,,unattempted,out of scope (non-sporting outcome),,,,
KXNEXTMANAGERMANU,Soccer,EPL,personnel_ops,not_attempted_supported_sport,,,,unattempted,out of scope (non-sporting outcome),,,,
KXJOINLEAGUE,Soccer,,personnel_ops,not_attempted_supported_sport,,,,unattempted,out of scope (non-sporting outcome),,,,
KXMANAGERSOUT,Soccer,EPL,personnel_ops,not_attempted_supported_sport,,,,unattempted,out of scope (non-sporting outcome),,,,
KXWCPLAY,Soccer,FIFA World Cup,personnel_ops,not_attempted_supported_sport,,,,unattempted,out of scope (non-sporting outcome),,,,
KXSOCCERTRANSFER,Soccer,,personnel_ops,not_attempted_supported_sport,,,,unattempted,out of scope (non-sporting outcome),,,,
KXFIFALEAVE,Soccer,FIFA World Cup,personnel_ops,not_attempted_supported_sport,,,,unattempted,out of scope (non-sporting outcome),,,,
KXNEXTMANAGEREPL,Soccer,EPL,personnel_ops,not_attempted_supported_sport,,,,unattempted,out of scope (non-sporting outcome),,,,
KXMLSJOIN,Soccer,MLS,personnel_ops,not_attempted_supported_sport,,,,unattempted,out of scope (non-sporting outcome),,,,
KXNEXTMANAGER,Soccer,FIFA World Cup,personnel_ops,not_attempted_supported_sport,,,,unattempted,out of scope (non-sporting outcome),,,,
KXNEXTMANAGERLALIGA,Soccer,La Liga,personnel_ops,not_attempted_supported_sport,,,,unattempted,out of scope (non-sporting outcome),,,,
KXINTLPLAYAGAIN,Soccer,FIFA World Cup,personnel_ops,not_attempted_supported_sport,,,,unattempted,out of scope (non-sporting outcome),,,,
KXWCHOSTWIN,Soccer,FIFA World Cup,personnel_ops,not_attempted_supported_sport,,,,unattempted,out of scope (non-sporting outcome),,,,
KXMANAGEROUTDATE,Soccer,FIFA World Cup,personnel_ops,not_attempted_supported_sport,,,,unattempted,out of scope (non-sporting outcome),,,,
KXWCLOCATION,Soccer,FIFA World Cup,personnel_ops,not_attempted_supported_sport,,,,unattempted,out of scope (non-sporting outcome),,,,
KXWCHOST,Soccer,FIFA World Cup,personnel_ops,not_attempted_supported_sport,,,,unattempted,out of scope (non-sporting outcome),,,,
KXRMAPLAYTOGETHER,Soccer,La Liga,personnel_ops,not_attempted_supported_sport,,,,unattempted,out of scope (non-sporting outcome),,,,
KXACQUIREBARCA,Soccer,,personnel_ops,not_attempted_supported_sport,,,,unattempted,out of scope (non-sporting outcome),,,,
KXMESSIRETIRE,Soccer,,personnel_ops,not_attempted_supported_sport,,,,unattempted,out of scope (non-sporting outcome),,,,
KXRMALEAVE,Soccer,La Liga,personnel_ops,not_attempted_supported_sport,,,,unattempted,out of scope (non-sporting outcome),,,,
KXNEXTMANAGERCHELSEA,Soccer,EPL,personnel_ops,not_attempted_supported_sport,,,,unattempted,out of scope (non-sporting outcome),,,,
KXCLUBWCHOST,Soccer,Club World Cup,personnel_ops,not_attempted_supported_sport,,,,unattempted,out of scope (non-sporting outcome),,,,
KXACQUIREMANU,Soccer,,personnel_ops,not_attempted_supported_sport,,,,unattempted,out of scope (non-sporting outcome),,,,
KXSOCCERRETIRE,Soccer,FIFA World Cup,personnel_ops,not_attempted_supported_sport,,,,unattempted,out of scope (non-sporting outcome),,,,
KXACQUIREREALMADRID,Soccer,,personnel_ops,not_attempted_supported_sport,,,,unattempted,out of scope (non-sporting outcome),,,,
KXMANCITYPREMTITLE,Soccer,EPL,personnel_ops,not_attempted_supported_sport,,,,unattempted,out of scope (non-sporting outcome),,,,
KXJOINDAVID,Soccer,,personnel_ops,not_attempted_supported_sport,,,,unattempted,out of scope (non-sporting outcome),,,,
KXNEXTMANAGERSERIEA,Soccer,Serie A,personnel_ops,not_attempted_supported_sport,,,,unattempted,out of scope (non-sporting outcome),,,,
KXJOINSANE,Soccer,,personnel_ops,not_attempted_supported_sport,,,,unattempted,out of scope (non-sporting outcome),,,,
KXTRANSFERCOUNTRM,Soccer,,personnel_ops,not_attempted_supported_sport,,,,unattempted,out of scope (non-sporting outcome),,,,
KXCOPAAMERICAHOST,Soccer,Copa America,personnel_ops,not_attempted_supported_sport,,,,unattempted,out of scope (non-sporting outcome),,,,
KXPOCHETTINOOUT,Soccer,FIFA World Cup,personnel_ops,not_attempted_supported_sport,,,,unattempted,out of scope (non-sporting outcome),,,,
KXJOINMBAPPE,Soccer,,personnel_ops,not_attempted_supported_sport,,,,unattempted,out of scope (non-sporting outcome),,,,
KXJOINSALAH,Soccer,,personnel_ops,not_attempted_supported_sport,,,,unattempted,out of scope (non-sporting outcome),,,,
KXMANAGEROUT,Soccer,,personnel_ops,not_attempted_supported_sport,,,,unattempted,out of scope (non-sporting outcome),,,,
KXMANCITYBAN,Soccer,,personnel_ops,not_attempted_supported_sport,,,,unattempted,out of scope (non-sporting outcome),,,,
KXMANCITYPOINTS,Soccer,EPL,personnel_ops,not_attempted_supported_sport,,,,unattempted,out of scope (non-sporting outcome),,,,
KXMANCITYSANCTION,Soccer,,personnel_ops,not_attempted_supported_sport,,,,unattempted,out of scope (non-sporting outcome),,,,
KXNEXTMANAGERJUV,Soccer,,personnel_ops,not_attempted_supported_sport,,,,unattempted,out of scope (non-sporting outcome),,,,
KXNEXTMANAGERMIL,Soccer,,personnel_ops,not_attempted_supported_sport,,,,unattempted,out of scope (non-sporting outcome),,,,
KXSOCCERINTLRETIRE,Soccer,,personnel_ops,not_attempted_supported_sport,,,,unattempted,out of scope (non-sporting outcome),,,,
KXSOCCERJOIN,Soccer,,personnel_ops,not_attempted_supported_sport,,,,unattempted,out of scope (non-sporting outcome),,,,
KXSOCCERLEAVE,Soccer,,personnel_ops,not_attempted_supported_sport,,,,unattempted,out of scope (non-sporting outcome),,,,
KXUEFAISRAELBAN,Soccer,,personnel_ops,not_attempted_supported_sport,,,,unattempted,out of scope (non-sporting outcome),,,,
KXWCGOAL,Soccer,FIFA World Cup,player_prop,not_attempted_supported_sport,,,,unattempted,player/appearance-conditioned; pregame participation not reconstructable as-of (not modelled),,,,
KXWCSOA,Soccer,FIFA World Cup,player_prop,not_attempted_supported_sport,,,,unattempted,player/appearance-conditioned; pregame participation not reconstructable as-of (not modelled),,,,
KXWCAST,Soccer,FIFA World Cup,player_prop,not_attempted_supported_sport,,,,unattempted,player/appearance-conditioned; pregame participation not reconstructable as-of (not modelled),,,,
KXWCMESSIMBAPPE,Soccer,FIFA World Cup,player_prop,not_attempted_supported_sport,,,,unattempted,player/appearance-conditioned; pregame participation not reconstructable as-of (not modelled),,,,
KXUEFANLGOAL,Soccer,UEFA Nations League,player_prop,not_attempted_supported_sport,,,,unattempted,player/appearance-conditioned; pregame participation not reconstructable as-of (not modelled),,,,
KXLALIGAGOAL,Soccer,La Liga,player_prop,excluded_spec,laliga,espn_team,,unsupported,no payoff parser / spec: no payoff parser for suffix 'GOAL',,,,
KXWCGOALCOUNT,Soccer,FIFA World Cup,player_prop,not_attempted_supported_sport,,,,unattempted,player/appearance-conditioned; pregame participation not reconstructable as-of (not modelled),,,,
KXEPLGOAL,Soccer,EPL,player_prop,excluded_spec,epl,espn_team,,unsupported,no payoff parser / spec: no payoff parser for suffix 'GOAL',,,,
KXUCLGOAL,Soccer,UCL,player_prop,not_attempted_supported_sport,,,,unattempted,player/appearance-conditioned; pregame participation not reconstructable as-of (not modelled),,,,
KXINTLFRIENDLYGOAL,Soccer,Intl Friendlies,player_prop,not_attempted_supported_sport,,,,unattempted,player/appearance-conditioned; pregame participation not reconstructable as-of (not modelled),,,,
KXEPLFIRSTGOAL,Soccer,EPL,player_prop,excluded_spec,epl,espn_team,,unsupported,no payoff parser / spec: no payoff parser for suffix 'FIRSTGOAL',,,,
KXUCLFIRSTGOAL,Soccer,UCL,player_prop,not_attempted_supported_sport,,,,unattempted,player/appearance-conditioned; pregame participation not reconstructable as-of (not modelled),,,,
KXWCMESSIRONALDO,Soccer,FIFA World Cup,player_prop,not_attempted_supported_sport,,,,unattempted,player/appearance-conditioned; pregame participation not reconstructable as-of (not modelled),,,,
KXWCPLAYERGOALS,Soccer,FIFA World Cup,player_prop,not_attempted_supported_sport,,,,unattempted,player/appearance-conditioned; pregame participation not reconstructable as-of (not modelled),,,,
KXINTLFRIENDLYAST,Soccer,Intl Friendlies,player_prop,not_attempted_supported_sport,,,,unattempted,player/appearance-conditioned; pregame participation not reconstructable as-of (not modelled),,,,
KXWCBRACE,Soccer,FIFA World Cup,player_prop,not_attempted_supported_sport,,,,unattempted,player/appearance-conditioned; pregame participation not reconstructable as-of (not modelled),,,,
KXWCGOALCOMBO,Soccer,FIFA World Cup,player_prop,not_attempted_supported_sport,,,,unattempted,player/appearance-conditioned; pregame participation not reconstructable as-of (not modelled),,,,
KXUCLSOA,Soccer,Champions League,player_prop,excluded_spec,ucl,espn_team,,unsupported,no payoff parser / spec: no payoff parser for suffix 'SOA',,,,
KXUCLAST,Soccer,Champions League,player_prop,excluded_spec,ucl,espn_team,,unsupported,no payoff parser / spec: no payoff parser for suffix 'AST',,,,
KXUEFASCGOAL,Soccer,UEFA Super Cup,player_prop,not_attempted_supported_sport,,,,unattempted,player/appearance-conditioned; pregame participation not reconstructable as-of (not modelled),,,,
KXUEFASCFIRSTGOAL,Soccer,UEFA Super Cup,player_prop,not_attempted_supported_sport,,,,unattempted,player/appearance-conditioned; pregame participation not reconstructable as-of (not modelled),,,,
KXBUNDESLIGAGOAL,Soccer,,player_prop,not_attempted_supported_sport,,,,unattempted,player/appearance-conditioned; pregame participation not reconstructable as-of (not modelled),,,,
KXENGCSFIRSTGOAL,Soccer,,player_prop,not_attempted_supported_sport,,,,unattempted,player/appearance-conditioned; pregame participation not reconstructable as-of (not modelled),,,,
KXENGCSGOAL,Soccer,,player_prop,not_attempted_supported_sport,,,,unattempted,player/appearance-conditioned; pregame participation not reconstructable as-of (not modelled),,,,
KXEPLAST,Soccer,,player_prop,not_attempted_supported_sport,,,,unattempted,player/appearance-conditioned; pregame participation not reconstructable as-of (not modelled),,,,
KXEPLSOA,Soccer,,player_prop,not_attempted_supported_sport,,,,unattempted,player/appearance-conditioned; pregame participation not reconstructable as-of (not modelled),,,,
KXLIGAMXGOAL,Soccer,,player_prop,not_attempted_supported_sport,,,,unattempted,player/appearance-conditioned; pregame participation not reconstructable as-of (not modelled),,,,
KXLIGUE1GOAL,Soccer,,player_prop,not_attempted_supported_sport,,,,unattempted,player/appearance-conditioned; pregame participation not reconstructable as-of (not modelled),,,,
KXMLSGOAL,Soccer,,player_prop,not_attempted_supported_sport,,,,unattempted,player/appearance-conditioned; pregame participation not reconstructable as-of (not modelled),,,,
KXSERIEAGOAL,Soccer,,player_prop,not_attempted_supported_sport,,,,unattempted,player/appearance-conditioned; pregame participation not reconstructable as-of (not modelled),,,,
KXUCLSAVE,Soccer,,player_prop,not_attempted_supported_sport,,,,unattempted,player/appearance-conditioned; pregame participation not reconstructable as-of (not modelled),,,,
KXUCLSHOT,Soccer,,player_prop,not_attempted_supported_sport,,,,unattempted,player/appearance-conditioned; pregame participation not reconstructable as-of (not modelled),,,,
KXUCLSOT,Soccer,,player_prop,not_attempted_supported_sport,,,,unattempted,player/appearance-conditioned; pregame participation not reconstructable as-of (not modelled),,,,
KXUCLTEAMSHOT,Soccer,,player_prop,not_attempted_supported_sport,,,,unattempted,player/appearance-conditioned; pregame participation not reconstructable as-of (not modelled),,,,
KXUCLTEAMSOT,Soccer,,player_prop,not_attempted_supported_sport,,,,unattempted,player/appearance-conditioned; pregame participation not reconstructable as-of (not modelled),,,,
KXWCSAVE,Soccer,,player_prop,not_attempted_supported_sport,,,,unattempted,player/appearance-conditioned; pregame participation not reconstructable as-of (not modelled),,,,
KXWCSHOT,Soccer,,player_prop,not_attempted_supported_sport,,,,unattempted,player/appearance-conditioned; pregame participation not reconstructable as-of (not modelled),,,,
KXWCSOG,Soccer,,player_prop,not_attempted_supported_sport,,,,unattempted,player/appearance-conditioned; pregame participation not reconstructable as-of (not modelled),,,,
KXWCTEAMSHOT,Soccer,,player_prop,not_attempted_supported_sport,,,,unattempted,player/appearance-conditioned; pregame participation not reconstructable as-of (not modelled),,,,
KXWCTEAMSOG,Soccer,,player_prop,not_attempted_supported_sport,,,,unattempted,player/appearance-conditioned; pregame participation not reconstructable as-of (not modelled),,,,
KXWCSCORE,Soccer,FIFA World Cup,score_props,not_attempted_supported_sport,,,,unattempted,no independent results adapter for this competition in Phase 1 (game_winner only via Kalshi-only path),,,,
KXWCBTTS,Soccer,FIFA World Cup,score_props,not_attempted_supported_sport,,,,unattempted,no independent results adapter for this competition in Phase 1 (game_winner only via Kalshi-only path),,,,
KXWCMOV,Soccer,FIFA World Cup,score_props,not_attempted_supported_sport,,,,unattempted,no independent results adapter for this competition in Phase 1 (game_winner only via Kalshi-only path),,,,
KXWCCORNERS,Soccer,FIFA World Cup,score_props,not_attempted_supported_sport,,,,unattempted,no independent results adapter for this competition in Phase 1 (game_winner only via Kalshi-only path),,,,
KXWCTCORNERS,Soccer,FIFA World Cup,score_props,not_attempted_supported_sport,,,,unattempted,no independent results adapter for this competition in Phase 1 (game_winner only via Kalshi-only path),,,,
KXWCFTTS,Soccer,FIFA World Cup,score_props,not_attempted_supported_sport,,,,unattempted,no independent results adapter for this competition in Phase 1 (game_winner only via Kalshi-only path),,,,
KXWCFIRSTGOAL,Soccer,FIFA World Cup,score_props,not_attempted_supported_sport,,,,unattempted,no independent results adapter for this competition in Phase 1 (game_winner only via Kalshi-only path),,,,
KXWCMOF,Soccer,FIFA World Cup,score_props,not_attempted_supported_sport,,,,unattempted,no independent results adapter for this competition in Phase 1 (game_winner only via Kalshi-only path),,,,
KXEPLBTTS,Soccer,EPL,score_props,strict_evaluated,epl,espn_team,score_props,supported,frozen score model,exact,unavailable: training support below threshold,unavailable: score props: no new historical quotes by scope decision,out of market scope
KXLALIGABTTS,Soccer,La Liga,score_props,strict_evaluated,laliga,espn_team,score_props,supported,frozen score model,exact,unavailable: training support below threshold,unavailable: score props: no new historical quotes by scope decision,out of market scope
KXUCLBTTS,Soccer,Champions League,score_props,exploratory_evaluated,ucl,espn_team,score_props,supported,frozen score model,exact,unavailable: training support below threshold,unavailable: score props: no new historical quotes by scope decision,out of market scope
KXLALIGASCORE,Soccer,La Liga,score_props,excluded_spec,laliga,espn_team,,unsupported,no payoff parser / spec: no payoff parser for suffix 'SCORE',,,,
KXUEFANLSCORE,Soccer,UEFA Nations League,score_props,not_attempted_supported_sport,,,,unattempted,no independent results adapter for this competition in Phase 1 (game_winner only via Kalshi-only path),,,,
KXLIGAMXSCORE,Soccer,Liga MX,score_props,excluded_spec,ligamx,espn_team,,unsupported,no payoff parser / spec: no payoff parser for suffix 'SCORE',,,,
KXMLSBTTS,Soccer,MLS,score_props,exploratory_evaluated,mls,espn_team,score_props,supported,frozen score model,exact,unavailable: training support below threshold,unavailable: score props: no new historical quotes by scope decision,out of market scope
KXMLSSCORE,Soccer,MLS,score_props,excluded_spec,mls,espn_team,,unsupported,no payoff parser / spec: no payoff parser for suffix 'SCORE',,,,
KXCLUBFBTTS,Soccer,Club Friendlies,score_props,not_attempted_supported_sport,,,,unattempted,no independent results adapter for this competition in Phase 1 (game_winner only via Kalshi-only path),,,,
KXUEFANLBTTS,Soccer,UEFA Nations League,score_props,not_attempted_supported_sport,,,,unattempted,no independent results adapter for this competition in Phase 1 (game_winner only via Kalshi-only path),,,,
KXEPLSCORE,Soccer,EPL,score_props,excluded_spec,epl,espn_team,,unsupported,no payoff parser / spec: no payoff parser for suffix 'SCORE',,,,
KXLIGAMXBTTS,Soccer,Liga MX,score_props,exploratory_evaluated,ligamx,espn_team,score_props,supported,frozen score model,exact,unavailable: training support below threshold,unavailable: score props: no new historical quotes by scope decision,out of market scope
KXLEAGUESCUPSCORE,Soccer,Leagues Cup,score_props,not_attempted_supported_sport,,,,unattempted,no independent results adapter for this competition in Phase 1 (game_winner only via Kalshi-only path),,,,
KXSERIEABTTS,Soccer,Serie A,score_props,strict_evaluated,seriea,espn_team,score_props,supported,frozen score model,exact,unavailable: training support below threshold,unavailable: score props: no new historical quotes by scope decision,out of market scope
KXLEAGUESCUPBTTS,Soccer,Leagues Cup,score_props,not_attempted_supported_sport,,,,unattempted,no independent results adapter for this competition in Phase 1 (game_winner only via Kalshi-only path),,,,
KXARGPREMDIVBTTS,Soccer,Argentina Primera Division,score_props,exploratory_evaluated,argentina,espn_team,score_props,supported,frozen score model,exact,unavailable: training support below threshold,unavailable: score props: no new historical quotes by scope decision,out of market scope
KXINTLFRIENDLYBTTS,Soccer,Intl Friendlies,score_props,not_attempted_supported_sport,,,,unattempted,no independent results adapter for this competition in Phase 1 (game_winner only via Kalshi-only path),,,,
KXBUNDESLIGABTTS,Soccer,Bundesliga,score_props,strict_evaluated,bundesliga,espn_team,score_props,supported,frozen score model,exact,unavailable: training support below threshold,unavailable: score props: no new historical quotes by scope decision,out of market scope
KXUELBTTS,Soccer,Europa League,score_props,exploratory_evaluated,uel,espn_team,score_props,supported,frozen score model,exact,unavailable: training support below threshold,unavailable: score props: no new historical quotes by scope decision,out of market scope
KXUECLBTTS,Soccer,Conference League,score_props,exploratory_evaluated,uecl,espn_team,score_props,supported,frozen score model,exact,unavailable: training support below threshold,unavailable: score props: no new historical quotes by scope decision,out of market scope
KXWCTEAMFIRSTGOAL,Soccer,FIFA World Cup,score_props,not_attempted_supported_sport,,,,unattempted,no independent results adapter for this competition in Phase 1 (game_winner only via Kalshi-only path),,,,
KXDIMAYORBTTS,Soccer,Colombian Liga DIMAYOR,score_props,not_attempted_supported_sport,,,,unattempted,no independent results adapter for this competition in Phase 1 (game_winner only via Kalshi-only path),,,,
KXBRASILEIROBTTS,Soccer,Brasileiro Serie A,score_props,exploratory_evaluated,brasileiro,espn_team,score_props,supported,frozen score model,exact,unavailable: training support below threshold,unavailable: score props: no new historical quotes by scope decision,out of market scope
KXECULPBTTS,Soccer,Ecuador LigaPro,score_props,not_attempted_supported_sport,,,,unattempted,no independent results adapter for this competition in Phase 1 (game_winner only via Kalshi-only path),,,,
KXBRASILEIROBBTTS,Soccer,Brasileiro Serie B,score_props,not_attempted_supported_sport,,,,unattempted,no independent results adapter for this competition in Phase 1 (game_winner only via Kalshi-only path),,,,
KXCONCACAFNLBTTS,Soccer,CONCACAF Nations League,score_props,not_attempted_supported_sport,,,,unattempted,no independent results adapter for this competition in Phase 1 (game_winner only via Kalshi-only path),,,,
KXBRASILEIROSCORE,Soccer,Brasileiro Serie A,score_props,excluded_spec,brasileiro,espn_team,,unsupported,no payoff parser / spec: no payoff parser for suffix 'SCORE',,,,
KXUCLWBTTS,Soccer,Champions League Womens,score_props,not_attempted_supported_sport,,,,unattempted,no independent results adapter for this competition in Phase 1 (game_winner only via Kalshi-only path),,,,
KXLIGUE1BTTS,Soccer,Ligue 1,score_props,strict_evaluated,ligue1,espn_team,score_props,supported,frozen score model,exact,unavailable: training support below threshold,unavailable: score props: no new historical quotes by scope decision,out of market scope
KXSERIEASCORE,Soccer,Serie A,score_props,excluded_spec,seriea,espn_team,,unsupported,no payoff parser / spec: no payoff parser for suffix 'SCORE',,,,
KXUEFANLFIRSTGOAL,Soccer,UEFA Nations League,score_props,not_attempted_supported_sport,,,,unattempted,no independent results adapter for this competition in Phase 1 (game_winner only via Kalshi-only path),,,,
KXUECLSCORE,Soccer,Conference League,score_props,excluded_spec,uecl,espn_team,,unsupported,no payoff parser / spec: no payoff parser for suffix 'SCORE',,,,
KXUELSCORE,Soccer,Europa League,score_props,excluded_spec,uel,espn_team,,unsupported,no payoff parser / spec: no payoff parser for suffix 'SCORE',,,,
KXCONMEBOLSUDBTTS,Soccer,CONMEBOL Sudamericana,score_props,not_attempted_supported_sport,,,,unattempted,no independent results adapter for this competition in Phase 1 (game_winner only via Kalshi-only path),,,,
KXBUNDESLIGASCORE,Soccer,Bundesliga,score_props,excluded_spec,bundesliga,espn_team,,unsupported,no payoff parser / spec: no payoff parser for suffix 'SCORE',,,,
KXWCGROUPWINELIM,Soccer,FIFA World Cup,score_props,not_attempted_supported_sport,,,,unattempted,no independent results adapter for this competition in Phase 1 (game_winner only via Kalshi-only path),,,,
KXEFLCUPBTTS,Soccer,EFL Cup,score_props,not_attempted_supported_sport,,,,unattempted,no independent results adapter for this competition in Phase 1 (game_winner only via Kalshi-only path),,,,
KXLALIGACORNERS,Soccer,La Liga,score_props,excluded_spec,laliga,espn_team,,unsupported,no payoff parser / spec: no payoff parser for suffix 'CORNERS',,,,
KXEFLCHAMPIONSHIPBTTS,Soccer,EFL Championship,score_props,exploratory_evaluated,eflc,espn_team,score_props,supported,frozen score model,exact,unavailable: training support below threshold,unavailable: score props: no new historical quotes by scope decision,out of market scope
KXAPFDDHBTTS,Soccer,APF Division de Honor,score_props,not_attempted_supported_sport,,,,unattempted,no independent results adapter for this competition in Phase 1 (game_winner only via Kalshi-only path),,,,
KXPERLIGA1BTTS,Soccer,Peru Liga 1,score_props,not_attempted_supported_sport,,,,unattempted,no independent results adapter for this competition in Phase 1 (game_winner only via Kalshi-only path),,,,
KXEPLCORNERS,Soccer,EPL,score_props,excluded_spec,epl,espn_team,,unsupported,no payoff parser / spec: no payoff parser for suffix 'CORNERS',,,,
KXLIGUE1SCORE,Soccer,Ligue 1,score_props,excluded_spec,ligue1,espn_team,,unsupported,no payoff parser / spec: no payoff parser for suffix 'SCORE',,,,
KXCONMEBOLLIBBTTS,Soccer,CONMEBOL Libertadores,score_props,not_attempted_supported_sport,,,,unattempted,no independent results adapter for this competition in Phase 1 (game_winner only via Kalshi-only path),,,,
KXALLSVENSKANBTTS,Soccer,Allsvenskan,score_props,not_attempted_supported_sport,,,,unattempted,no independent results adapter for this competition in Phase 1 (game_winner only via Kalshi-only path),,,,
KXWCSCOREET,Soccer,FIFA World Cup,score_props,not_attempted_supported_sport,,,,unattempted,no independent results adapter for this competition in Phase 1 (game_winner only via Kalshi-only path),,,,
KXUCLMOV,Soccer,Champions League,score_props,excluded_spec,ucl,espn_team,,unsupported,no payoff parser / spec: no payoff parser for suffix 'MOV',,,,
KXLALIGATCORNERS,Soccer,La Liga,score_props,excluded_spec,laliga,espn_team,,unsupported,no payoff parser / spec: no payoff parser for suffix 'TCORNERS',,,,
KXWCDELAY,Soccer,FIFA World Cup,score_props,not_attempted_supported_sport,,,,unattempted,no independent results adapter for this competition in Phase 1 (game_winner only via Kalshi-only path),,,,
KXLALIGAFIRSTGOAL,Soccer,La Liga,score_props,excluded_spec,laliga,espn_team,,unsupported,no payoff parser / spec: no payoff parser for suffix 'FIRSTGOAL',,,,
KXNWSLBTTS,Soccer,NWSL,score_props,not_attempted_supported_sport,,,,unattempted,no independent results adapter for this competition in Phase 1 (game_winner only via Kalshi-only path),,,,
KXSAUDIPLBTTS,Soccer,Saudi Pro League,score_props,exploratory_evaluated,saudi,espn_team,score_props,supported,frozen score model,exact,unavailable: training support below threshold,unavailable: score props: no new historical quotes by scope decision,out of market scope
KXELITESERIENBTTS,Soccer,Eliteserien,score_props,not_attempted_supported_sport,,,,unattempted,no independent results adapter for this competition in Phase 1 (game_winner only via Kalshi-only path),,,,
KXASEANBTTS,Soccer,ASEAN Championship,score_props,not_attempted_supported_sport,,,,unattempted,no independent results adapter for this competition in Phase 1 (game_winner only via Kalshi-only path),,,,
KXURYPDBTTS,Soccer,Uruguay Primera Division,score_props,not_attempted_supported_sport,,,,unattempted,no independent results adapter for this competition in Phase 1 (game_winner only via Kalshi-only path),,,,
KXCOPADOBRASILBTTS,Soccer,Copa do Brasil,score_props,not_attempted_supported_sport,,,,unattempted,no independent results adapter for this competition in Phase 1 (game_winner only via Kalshi-only path),,,,
KXCHNSLBTTS,Soccer,Chinese Super League,score_props,not_attempted_supported_sport,,,,unattempted,no independent results adapter for this competition in Phase 1 (game_winner only via Kalshi-only path),,,,
KXAFCONBTTS,Soccer,AFCON Qualifiers,score_props,not_attempted_supported_sport,,,,unattempted,no independent results adapter for this competition in Phase 1 (game_winner only via Kalshi-only path),,,,
KXLALIGA2BTTS,Soccer,La Liga 2,score_props,not_attempted_supported_sport,,,,unattempted,no independent results adapter for this competition in Phase 1 (game_winner only via Kalshi-only path),,,,
KXUCLCORNERS,Soccer,Champions League,score_props,excluded_spec,ucl,espn_team,,unsupported,no payoff parser / spec: no payoff parser for suffix 'CORNERS',,,,
KXLIGAEXPBTTS,Soccer,Liga de Expansion MX,score_props,not_attempted_supported_sport,,,,unattempted,no independent results adapter for this competition in Phase 1 (game_winner only via Kalshi-only path),,,,
KXKLEAGUEBTTS,Soccer,Korea K League 1,score_props,not_attempted_supported_sport,,,,unattempted,no independent results adapter for this competition in Phase 1 (game_winner only via Kalshi-only path),,,,
KXLIGAPORTUGALBTTS,Soccer,Liga Portugal,score_props,exploratory_evaluated,ligaportugal,espn_team,score_props,supported,frozen score model,exact,unavailable: training support below threshold,unavailable: score props: no new historical quotes by scope decision,out of market scope
KXUCLSCORE,Soccer,Champions League,score_props,excluded_spec,ucl,espn_team,,unsupported,no payoff parser / spec: no payoff parser for suffix 'SCORE',,,,
KXARGNACBBTTS,Soccer,Argentine Nacional B,score_props,not_attempted_supported_sport,,,,unattempted,no independent results adapter for this competition in Phase 1 (game_winner only via Kalshi-only path),,,,
KXAFCONSCORE,Soccer,AFCON Qualifiers,score_props,not_attempted_supported_sport,,,,unattempted,no independent results adapter for this competition in Phase 1 (game_winner only via Kalshi-only path),,,,
KXJLEAGUEBTTS,Soccer,Japan J1 League,score_props,not_attempted_supported_sport,,,,unattempted,no independent results adapter for this competition in Phase 1 (game_winner only via Kalshi-only path),,,,
KXMLSFTTS,Soccer,MLS,score_props,excluded_spec,mls,espn_team,,unsupported,no payoff parser / spec: no payoff parser for suffix 'FTTS',,,,
KXEPLTCORNERS,Soccer,EPL,score_props,excluded_spec,epl,espn_team,,unsupported,no payoff parser / spec: no payoff parser for suffix 'TCORNERS',,,,
KXLIGAMXFTTS,Soccer,Liga MX,score_props,excluded_spec,ligamx,espn_team,,unsupported,no payoff parser / spec: no payoff parser for suffix 'FTTS',,,,
KXDENSUPERLIGABTTS,Soccer,Danish Superliga,score_props,not_attempted_supported_sport,,,,unattempted,no independent results adapter for this competition in Phase 1 (game_winner only via Kalshi-only path),,,,
KXCHLLDPBTTS,Soccer,Chile Liga de Primera,score_props,not_attempted_supported_sport,,,,unattempted,no independent results adapter for this competition in Phase 1 (game_winner only via Kalshi-only path),,,,
KXEREDIVISIEBTTS,Soccer,Eredivisie,score_props,exploratory_evaluated,eredivisie,espn_team,score_props,supported,frozen score model,exact,unavailable: training support below threshold,unavailable: score props: no new historical quotes by scope decision,out of market scope
KXEGYPLBTTS,Soccer,Egyptian Premier League,score_props,not_attempted_supported_sport,,,,unattempted,no independent results adapter for this competition in Phase 1 (game_winner only via Kalshi-only path),,,,
KXUSLBTTS,Soccer,USL Championship,score_props,not_attempted_supported_sport,,,,unattempted,no independent results adapter for this competition in Phase 1 (game_winner only via Kalshi-only path),,,,
KXSCOTTISHPREMBTTS,Soccer,Scottish Premiership,score_props,not_attempted_supported_sport,,,,unattempted,no independent results adapter for this competition in Phase 1 (game_winner only via Kalshi-only path),,,,
KXWCKOPENALTIES,Soccer,FIFA World Cup,score_props,not_attempted_supported_sport,,,,unattempted,no independent results adapter for this competition in Phase 1 (game_winner only via Kalshi-only path),,,,
KXUCLTCORNERS,Soccer,Champions League,score_props,excluded_spec,ucl,espn_team,,unsupported,no payoff parser / spec: no payoff parser for suffix 'TCORNERS',,,,
KXEKSTRAKLASABTTS,Soccer,Ekstraklasa,score_props,not_attempted_supported_sport,,,,unattempted,no independent results adapter for this competition in Phase 1 (game_winner only via Kalshi-only path),,,,
KXCOPPAITALIABTTS,Soccer,Coppa Italia,score_props,not_attempted_supported_sport,,,,unattempted,no independent results adapter for this competition in Phase 1 (game_winner only via Kalshi-only path),,,,
KXWCGOALEVERYGAME,Soccer,FIFA World Cup,score_props,not_attempted_supported_sport,,,,unattempted,no independent results adapter for this competition in Phase 1 (game_winner only via Kalshi-only path),,,,
KXSUPERLIGBTTS,Soccer,Super Lig,score_props,not_attempted_supported_sport,,,,unattempted,no independent results adapter for this competition in Phase 1 (game_winner only via Kalshi-only path),,,,
KXINTLFRIENDLYFGW,Soccer,International Friendly,score_props,not_attempted_supported_sport,,,,unattempted,no independent results adapter for this competition in Phase 1 (game_winner only via Kalshi-only path),,,,
KXLEAGUESCUPFTTS,Soccer,Leagues Cup,score_props,not_attempted_supported_sport,,,,unattempted,no independent results adapter for this competition in Phase 1 (game_winner only via Kalshi-only path),,,,
KXJ2LEAGUEBTTS,Soccer,Japan J2 League,score_props,not_attempted_supported_sport,,,,unattempted,no independent results adapter for this competition in Phase 1 (game_winner only via Kalshi-only path),,,,
KXBUNDESLIGA2BTTS,Soccer,Bundesliga 2,score_props,exploratory_evaluated,bundesliga2,espn_team,score_props,supported,frozen score model,exact,unavailable: training support below threshold,unavailable: score props: no new historical quotes by scope decision,out of market scope
KXENGCSBTTS,Soccer,Community Shield,score_props,not_attempted_supported_sport,,,,unattempted,no independent results adapter for this competition in Phase 1 (game_winner only via Kalshi-only path),,,,
KXVENFUTVEBTTS,Soccer,Venezuela Liga FUTVE,score_props,not_attempted_supported_sport,,,,unattempted,no independent results adapter for this competition in Phase 1 (game_winner only via Kalshi-only path),,,,
KXUEFANLFTTS,Soccer,UEFA Nations League,score_props,not_attempted_supported_sport,,,,unattempted,no independent results adapter for this competition in Phase 1 (game_winner only via Kalshi-only path),,,,
KXLALIGAFTTS,Soccer,La Liga,score_props,excluded_spec,laliga,espn_team,,unsupported,no payoff parser / spec: no payoff parser for suffix 'FTTS',,,,
KXUEFASCSCORE,Soccer,UEFA Super Cup,score_props,not_attempted_supported_sport,,,,unattempted,no independent results adapter for this competition in Phase 1 (game_winner only via Kalshi-only path),,,,
KXUAEPLBTTS,Soccer,UAE Pro League,score_props,not_attempted_supported_sport,,,,unattempted,no independent results adapter for this competition in Phase 1 (game_winner only via Kalshi-only path),,,,
KXAFCCLBTTS,Soccer,AFC Champions League,score_props,not_attempted_supported_sport,,,,unattempted,no independent results adapter for this competition in Phase 1 (game_winner only via Kalshi-only path),,,,
KXEERSTEDIVBTTS,Soccer,Eerste Divisie,score_props,not_attempted_supported_sport,,,,unattempted,no independent results adapter for this competition in Phase 1 (game_winner only via Kalshi-only path),,,,
KXTFF1LIGBTTS,Soccer,TFF 1. Lig,score_props,not_attempted_supported_sport,,,,unattempted,no independent results adapter for this competition in Phase 1 (game_winner only via Kalshi-only path),,,,
KXBELGIANPLBTTS,Soccer,Belgian Pro League,score_props,not_attempted_supported_sport,,,,unattempted,no independent results adapter for this competition in Phase 1 (game_winner only via Kalshi-only path),,,,
KXCANPLBTTS,Soccer,Canadian Premier League,score_props,not_attempted_supported_sport,,,,unattempted,no independent results adapter for this competition in Phase 1 (game_winner only via Kalshi-only path),,,,
KXCZEFLBTTS,Soccer,Czech First League,score_props,not_attempted_supported_sport,,,,unattempted,no independent results adapter for this competition in Phase 1 (game_winner only via Kalshi-only path),,,,
KXSWISSLEAGUEBTTS,Soccer,Swiss Super League,score_props,not_attempted_supported_sport,,,,unattempted,no independent results adapter for this competition in Phase 1 (game_winner only via Kalshi-only path),,,,
KXSERIECBTTS,Soccer,Serie C,score_props,not_attempted_supported_sport,,,,unattempted,no independent results adapter for this competition in Phase 1 (game_winner only via Kalshi-only path),,,,
KXBRASILEIROCBTTS,Soccer,Brasileiro Serie C,score_props,not_attempted_supported_sport,,,,unattempted,no independent results adapter for this competition in Phase 1 (game_winner only via Kalshi-only path),,,,
KXWCGOALIEPEN,Soccer,FIFA World Cup,score_props,not_attempted_supported_sport,,,,unattempted,no independent results adapter for this competition in Phase 1 (game_winner only via Kalshi-only path),,,,
KXETTANBTTS,Soccer,Ettan,score_props,not_attempted_supported_sport,,,,unattempted,no independent results adapter for this competition in Phase 1 (game_winner only via Kalshi-only path),,,,
KXUECLFTTS,Soccer,Conference League,score_props,excluded_spec,uecl,espn_team,,unsupported,no payoff parser / spec: no payoff parser for suffix 'FTTS',,,,
KXWCTEAMSINGAME,Soccer,FIFA World Cup,score_props,not_attempted_supported_sport,,,,unattempted,no independent results adapter for this competition in Phase 1 (game_winner only via Kalshi-only path),,,,
KXUEFASCBTTS,Soccer,UEFA Super Cup,score_props,not_attempted_supported_sport,,,,unattempted,no independent results adapter for this competition in Phase 1 (game_winner only via Kalshi-only path),,,,
KXCOPPAITALIASCORE,Soccer,Coppa Italia,score_props,not_attempted_supported_sport,,,,unattempted,no independent results adapter for this competition in Phase 1 (game_winner only via Kalshi-only path),,,,
KXENGNLBTTS,Soccer,English National League,score_props,not_attempted_supported_sport,,,,unattempted,no independent results adapter for this competition in Phase 1 (game_winner only via Kalshi-only path),,,,
KXWCUSAOPPONENT,Soccer,FIFA World Cup,score_props,not_attempted_supported_sport,,,,unattempted,no independent results adapter for this competition in Phase 1 (game_winner only via Kalshi-only path),,,,
KXEPLFTTS,Soccer,EPL,score_props,excluded_spec,epl,espn_team,,unsupported,no payoff parser / spec: no payoff parser for suffix 'FTTS',,,,
KXCHNL1BTTS,Soccer,China League 1,score_props,not_attempted_supported_sport,,,,unattempted,no independent results adapter for this competition in Phase 1 (game_winner only via Kalshi-only path),,,,
KXEFLL1BTTS,Soccer,EFL League One,score_props,not_attempted_supported_sport,,,,unattempted,no independent results adapter for this competition in Phase 1 (game_winner only via Kalshi-only path),,,,
KXCZEFNLBTTS,Soccer,Czech National Football League,score_props,not_attempted_supported_sport,,,,unattempted,no independent results adapter for this competition in Phase 1 (game_winner only via Kalshi-only path),,,,
KXGRECUPBTTS,Soccer,Greek Cup,score_props,not_attempted_supported_sport,,,,unattempted,no independent results adapter for this competition in Phase 1 (game_winner only via Kalshi-only path),,,,
KXAFCCLSCORE,Soccer,AFC Champions League,score_props,not_attempted_supported_sport,,,,unattempted,no independent results adapter for this competition in Phase 1 (game_winner only via Kalshi-only path),,,,
KXBRASILEIROFTTS,Soccer,Brasileiro Serie A,score_props,excluded_spec,brasileiro,espn_team,,unsupported,no payoff parser / spec: no payoff parser for suffix 'FTTS',,,,
KXUCLFTTS,Soccer,Champions League,score_props,excluded_spec,ucl,espn_team,,unsupported,no payoff parser / spec: no payoff parser for suffix 'FTTS',,,,
KXFINYLBTTS,Soccer,Finnish Ykkosliiga,score_props,not_attempted_supported_sport,,,,unattempted,no independent results adapter for this competition in Phase 1 (game_winner only via Kalshi-only path),,,,
KXSVK2LBTTS,Soccer,Slovakian 2. Liga,score_props,not_attempted_supported_sport,,,,unattempted,no independent results adapter for this competition in Phase 1 (game_winner only via Kalshi-only path),,,,
KXLVAVIRBTTS,Soccer,Latvian Virsliga,score_props,not_attempted_supported_sport,,,,unattempted,no independent results adapter for this competition in Phase 1 (game_winner only via Kalshi-only path),,,,
KXDFBPOKALBTTS,Soccer,DFB Pokal,score_props,not_attempted_supported_sport,,,,unattempted,no independent results adapter for this competition in Phase 1 (game_winner only via Kalshi-only path),,,,
KXENGCSSCORE,Soccer,Community Shield,score_props,not_attempted_supported_sport,,,,unattempted,no independent results adapter for this competition in Phase 1 (game_winner only via Kalshi-only path),,,,
KXHNLBTTS,Soccer,Croatia HNL,score_props,not_attempted_supported_sport,,,,unattempted,no independent results adapter for this competition in Phase 1 (game_winner only via Kalshi-only path),,,,
KXDFBPOKALSCORE,Soccer,DFB Pokal,score_props,not_attempted_supported_sport,,,,unattempted,no independent results adapter for this competition in Phase 1 (game_winner only via Kalshi-only path),,,,
KXIDNSLBTTS,Soccer,Indonesia Super League,score_props,not_attempted_supported_sport,,,,unattempted,no independent results adapter for this competition in Phase 1 (game_winner only via Kalshi-only path),,,,
KXSERIEBBTTS,Soccer,Serie B,score_props,not_attempted_supported_sport,,,,unattempted,no independent results adapter for this competition in Phase 1 (game_winner only via Kalshi-only path),,,,
KXISRNLBTTS,Soccer,Liga Leumit,score_props,not_attempted_supported_sport,,,,unattempted,no independent results adapter for this competition in Phase 1 (game_winner only via Kalshi-only path),,,,
KXVLEAGUE1BTTS,Soccer,Vietnam V-League 1,score_props,not_attempted_supported_sport,,,,unattempted,no independent results adapter for this competition in Phase 1 (game_winner only via Kalshi-only path),,,,
KXLIGUE2BTTS,Soccer,Ligue 2,score_props,not_attempted_supported_sport,,,,unattempted,no independent results adapter for this competition in Phase 1 (game_winner only via Kalshi-only path),,,,
KXK2LEAGUEBTTS,Soccer,Korea K-League 2,score_props,not_attempted_supported_sport,,,,unattempted,no independent results adapter for this competition in Phase 1 (game_winner only via Kalshi-only path),,,,
KXUCLMOF,Soccer,Champions League,score_props,excluded_spec,ucl,espn_team,,unsupported,no payoff parser / spec: no payoff parser for suffix 'MOF',,,,
KXUELFTTS,Soccer,Europa League,score_props,excluded_spec,uel,espn_team,,unsupported,no payoff parser / spec: no payoff parser for suffix 'FTTS',,,,
KXMYSLBTTS,Soccer,Malaysia Super League,score_props,not_attempted_supported_sport,,,,unattempted,no independent results adapter for this competition in Phase 1 (game_winner only via Kalshi-only path),,,,
KXSERIEAFTTS,Soccer,Serie A,score_props,excluded_spec,seriea,espn_team,,unsupported,no payoff parser / spec: no payoff parser for suffix 'FTTS',,,,
KXWCLONGESTPEN,Soccer,FIFA World Cup,score_props,not_attempted_supported_sport,,,,unattempted,no independent results adapter for this competition in Phase 1 (game_winner only via Kalshi-only path),,,,
KXGER3LBTTS,Soccer,German 3. Liga,score_props,not_attempted_supported_sport,,,,unattempted,no independent results adapter for this competition in Phase 1 (game_winner only via Kalshi-only path),,,,
KXUSOPENCUPBTTS,Soccer,US Open Cup,score_props,not_attempted_supported_sport,,,,unattempted,no independent results adapter for this competition in Phase 1 (game_winner only via Kalshi-only path),,,,
KXWCTEAM1STGOAL,Soccer,FIFA World Cup,score_props,not_attempted_supported_sport,,,,unattempted,no independent results adapter for this competition in Phase 1 (game_winner only via Kalshi-only path),,,,
KXSLGREECEBTTS,Soccer,Greece Super League,score_props,not_attempted_supported_sport,,,,unattempted,no independent results adapter for this competition in Phase 1 (game_winner only via Kalshi-only path),,,,
KXSVKCUPBTTS,Soccer,Slovakian Cup,score_props,not_attempted_supported_sport,,,,unattempted,no independent results adapter for this competition in Phase 1 (game_winner only via Kalshi-only path),,,,
KXTHAIL1BTTS,Soccer,Thai League 1,score_props,not_attempted_supported_sport,,,,unattempted,no independent results adapter for this competition in Phase 1 (game_winner only via Kalshi-only path),,,,
KXBUNDESLIGAFTTS,Soccer,Bundesliga,score_props,excluded_spec,bundesliga,espn_team,,unsupported,no payoff parser / spec: no payoff parser for suffix 'FTTS',,,,
KXTWEEDEDIVBTTS,Soccer,Tweede Divisie,score_props,not_attempted_supported_sport,,,,unattempted,no independent results adapter for this competition in Phase 1 (game_winner only via Kalshi-only path),,,,
KXGERSCSCORE,Soccer,Germany Super Cup,score_props,not_attempted_supported_sport,,,,unattempted,no independent results adapter for this competition in Phase 1 (game_winner only via Kalshi-only path),,,,
KXGERSCBTTS,Soccer,Germany Super Cup,score_props,not_attempted_supported_sport,,,,unattempted,no independent results adapter for this competition in Phase 1 (game_winner only via Kalshi-only path),,,,
KXISRPLBTTS,Soccer,Israeli Premier League,score_props,not_attempted_supported_sport,,,,unattempted,no independent results adapter for this competition in Phase 1 (game_winner only via Kalshi-only path),,,,
KXSRBSLBTTS,Soccer,Serbian SuperLiga,score_props,not_attempted_supported_sport,,,,unattempted,no independent results adapter for this competition in Phase 1 (game_winner only via Kalshi-only path),,,,
KXLIGUE1FTTS,Soccer,Ligue 1,score_props,excluded_spec,ligue1,espn_team,,unsupported,no payoff parser / spec: no payoff parser for suffix 'FTTS',,,,
KXEFLCUPSCORE,Soccer,EFL Cup,score_props,not_attempted_supported_sport,,,,unattempted,no independent results adapter for this competition in Phase 1 (game_winner only via Kalshi-only path),,,,
KXUSOPENCUPSCORE,Soccer,US Open Cup,score_props,not_attempted_supported_sport,,,,unattempted,no independent results adapter for this competition in Phase 1 (game_winner only via Kalshi-only path),,,,
KXSCOCUPBTTS,Soccer,Scottish League Cup,score_props,not_attempted_supported_sport,,,,unattempted,no independent results adapter for this competition in Phase 1 (game_winner only via Kalshi-only path),,,,
KXSERIECCUPBTTS,Soccer,Coppa Italia Lega Pro,score_props,not_attempted_supported_sport,,,,unattempted,no independent results adapter for this competition in Phase 1 (game_winner only via Kalshi-only path),,,,
KXKNVBCUPBTTS,Soccer,KNVB,score_props,not_attempted_supported_sport,,,,unattempted,no independent results adapter for this competition in Phase 1 (game_winner only via Kalshi-only path),,,,
KXWCREGIONKO,Soccer,FIFA World Cup,score_props,not_attempted_supported_sport,,,,unattempted,no independent results adapter for this competition in Phase 1 (game_winner only via Kalshi-only path),,,,
KXWCHOSTKO,Soccer,FIFA World Cup,score_props,not_attempted_supported_sport,,,,unattempted,no independent results adapter for this competition in Phase 1 (game_winner only via Kalshi-only path),,,,
KXSVNPLBTTS,Soccer,Slovenian Prva Liga,score_props,not_attempted_supported_sport,,,,unattempted,no independent results adapter for this competition in Phase 1 (game_winner only via Kalshi-only path),,,,
KXUSLCUPBTTS,Soccer,USL Cup,score_props,not_attempted_supported_sport,,,,unattempted,no independent results adapter for this competition in Phase 1 (game_winner only via Kalshi-only path),,,,
KXFROPLBTTS,Soccer,Faroe Islands Premier League,score_props,not_attempted_supported_sport,,,,unattempted,no independent results adapter for this competition in Phase 1 (game_winner only via Kalshi-only path),,,,
KXTACAPORTBTTS,Soccer,Taca de Portugal,score_props,not_attempted_supported_sport,,,,unattempted,no independent results adapter for this competition in Phase 1 (game_winner only via Kalshi-only path),,,,
KXSGPPLBTTS,Soccer,Singapore Premier League,score_props,not_attempted_supported_sport,,,,unattempted,no independent results adapter for this competition in Phase 1 (game_winner only via Kalshi-only path),,,,
KXAFCCLFTTS,Soccer,AFC Champions League,score_props,not_attempted_supported_sport,,,,unattempted,no independent results adapter for this competition in Phase 1 (game_winner only via Kalshi-only path),,,,
KXCOPPAITALIAFTTS,Soccer,Coppa Italia,score_props,not_attempted_supported_sport,,,,unattempted,no independent results adapter for this competition in Phase 1 (game_winner only via Kalshi-only path),,,,
KXFRASUPERCUPBTTS,Soccer,France Super Cup,score_props,not_attempted_supported_sport,,,,unattempted,no independent results adapter for this competition in Phase 1 (game_winner only via Kalshi-only path),,,,
KXFRASUPERCUPSCORE,Soccer,France Super Cup,score_props,not_attempted_supported_sport,,,,unattempted,no independent results adapter for this competition in Phase 1 (game_winner only via Kalshi-only path),,,,
KXUEFASCTCORNERS,Soccer,UEFA Super Cup,score_props,not_attempted_supported_sport,,,,unattempted,no independent results adapter for this competition in Phase 1 (game_winner only via Kalshi-only path),,,,
KXUELMOV,Soccer,Europa League,score_props,excluded_spec,uel,espn_team,,unsupported,no payoff parser / spec: no payoff parser for suffix 'MOV',,,,
KXDFBPOKALFTTS,Soccer,DFB Pokal,score_props,not_attempted_supported_sport,,,,unattempted,no independent results adapter for this competition in Phase 1 (game_winner only via Kalshi-only path),,,,
KXCOPADELREYBTTS,Soccer,Copa del Rey,score_props,not_attempted_supported_sport,,,,unattempted,no independent results adapter for this competition in Phase 1 (game_winner only via Kalshi-only path),,,,
KXMLSASTBTTS,Soccer,MLS All-Star Game,score_props,not_attempted_supported_sport,,,,unattempted,no independent results adapter for this competition in Phase 1 (game_winner only via Kalshi-only path),,,,
KXCOPADELREYSCORE,Soccer,Copa del Rey,score_props,not_attempted_supported_sport,,,,unattempted,no independent results adapter for this competition in Phase 1 (game_winner only via Kalshi-only path),,,,
KXUEFASCCORNERS,Soccer,UEFA Super Cup,score_props,not_attempted_supported_sport,,,,unattempted,no independent results adapter for this competition in Phase 1 (game_winner only via Kalshi-only path),,,,
KXEFLTROPHYBTTS,Soccer,EFL Trophy,score_props,not_attempted_supported_sport,,,,unattempted,no independent results adapter for this competition in Phase 1 (game_winner only via Kalshi-only path),,,,
KXENGCSFTTS,Soccer,Community Shield,score_props,not_attempted_supported_sport,,,,unattempted,no independent results adapter for this competition in Phase 1 (game_winner only via Kalshi-only path),,,,
KXUEFASCFTTS,Soccer,UEFA Super Cup,score_props,not_attempted_supported_sport,,,,unattempted,no independent results adapter for this competition in Phase 1 (game_winner only via Kalshi-only path),,,,
KXEFLCUPFTTS,Soccer,EFL Cup,score_props,not_attempted_supported_sport,,,,unattempted,no independent results adapter for this competition in Phase 1 (game_winner only via Kalshi-only path),,,,
KXISRPLCUPBTTS,Soccer,Premier League Cup,score_props,not_attempted_supported_sport,,,,unattempted,no independent results adapter for this competition in Phase 1 (game_winner only via Kalshi-only path),,,,
KXFRASUPERCUPFTTS,Soccer,France Super Cup,score_props,not_attempted_supported_sport,,,,unattempted,no independent results adapter for this competition in Phase 1 (game_winner only via Kalshi-only path),,,,
KXFROCUPBTTS,Soccer,Faroe Islands Cup,score_props,not_attempted_supported_sport,,,,unattempted,no independent results adapter for this competition in Phase 1 (game_winner only via Kalshi-only path),,,,
KXFACUPBTTS,Soccer,FA Cup,score_props,not_attempted_supported_sport,,,,unattempted,no independent results adapter for this competition in Phase 1 (game_winner only via Kalshi-only path),,,,
KXFINCUPBTTS,Soccer,Suomen Cup,score_props,not_attempted_supported_sport,,,,unattempted,no independent results adapter for this competition in Phase 1 (game_winner only via Kalshi-only path),,,,
KXGERSCFTTS,Soccer,Germany Super Cup,score_props,not_attempted_supported_sport,,,,unattempted,no independent results adapter for this competition in Phase 1 (game_winner only via Kalshi-only path),,,,
KXAFCACBTTS,Soccer,,score_props,not_attempted_supported_sport,,,,unattempted,no traded markets,,,,
KXAFCACFTTS,Soccer,,score_props,not_attempted_supported_sport,,,,unattempted,no traded markets,,,,
KXAFCACMOV,Soccer,,score_props,not_attempted_supported_sport,,,,unattempted,no traded markets,,,,
KXAFCACSCORE,Soccer,,score_props,not_attempted_supported_sport,,,,unattempted,no traded markets,,,,
KXAFCCLMOF,Soccer,,score_props,not_attempted_supported_sport,,,,unattempted,no traded markets,,,,
KXAFCCLMOV,Soccer,,score_props,not_attempted_supported_sport,,,,unattempted,no traded markets,,,,
KXAFCONFTTS,Soccer,AFCON Qualifiers,score_props,not_attempted_supported_sport,,,,unattempted,no traded markets,,,,
KXAFCONMOV,Soccer,,score_props,not_attempted_supported_sport,,,,unattempted,no traded markets,,,,
KXALEAGUEBTTS,Soccer,,score_props,not_attempted_supported_sport,,,,unattempted,no traded markets,,,,
KXBRASILEIROMOV,Soccer,,score_props,not_attempted_supported_sport,,,,unattempted,no traded markets,,,,
KXBUNDESLIGACORNERS,Soccer,,score_props,not_attempted_supported_sport,,,,unattempted,no traded markets,,,,
KXBUNDESLIGAFIRSTGOAL,Soccer,,score_props,not_attempted_supported_sport,,,,unattempted,no traded markets,,,,
KXBUNDESLIGAMOV,Soccer,,score_props,not_attempted_supported_sport,,,,unattempted,no traded markets,,,,
KXBUNDESLIGATCORNERS,Soccer,,score_props,not_attempted_supported_sport,,,,unattempted,no traded markets,,,,
KXCLUBWCBTTS,Soccer,,score_props,not_attempted_supported_sport,,,,unattempted,no traded markets,,,,
KXCLUBWCFTTS,Soccer,,score_props,not_attempted_supported_sport,,,,unattempted,no traded markets,,,,
KXCLUBWCMOF,Soccer,,score_props,not_attempted_supported_sport,,,,unattempted,no traded markets,,,,
KXCLUBWCMOV,Soccer,,score_props,not_attempted_supported_sport,,,,unattempted,no traded markets,,,,
KXCLUBWCSCORE,Soccer,,score_props,not_attempted_supported_sport,,,,unattempted,no traded markets,,,,
KXCONCACAFCCUPBTTS,Soccer,,score_props,not_attempted_supported_sport,,,,unattempted,no traded markets,,,,
KXCOPADELREYFTTS,Soccer,,score_props,not_attempted_supported_sport,,,,unattempted,no traded markets,,,,
KXCOPADELREYMOF,Soccer,,score_props,not_attempted_supported_sport,,,,unattempted,no traded markets,,,,
KXCOPADELREYMOV,Soccer,,score_props,not_attempted_supported_sport,,,,unattempted,no traded markets,,,,
KXCOPPAITALIAMOF,Soccer,,score_props,not_attempted_supported_sport,,,,unattempted,no traded markets,,,,
KXCOPPAITALIAMOV,Soccer,,score_props,not_attempted_supported_sport,,,,unattempted,no traded markets,,,,
KXCOUPEDEFRANCEBTTS,Soccer,,score_props,not_attempted_supported_sport,,,,unattempted,no traded markets,,,,
KXCOUPEDEFRANCEFTTS,Soccer,,score_props,not_attempted_supported_sport,,,,unattempted,no traded markets,,,,
KXCOUPEDEFRANCEMOF,Soccer,,score_props,not_attempted_supported_sport,,,,unattempted,no traded markets,,,,
KXCOUPEDEFRANCEMOV,Soccer,,score_props,not_attempted_supported_sport,,,,unattempted,no traded markets,,,,
KXCOUPEDEFRANCESCORE,Soccer,,score_props,not_attempted_supported_sport,,,,unattempted,no traded markets,,,,
KXDFBPOKALMOF,Soccer,,score_props,not_attempted_supported_sport,,,,unattempted,no traded markets,,,,
KXDFBPOKALMOV,Soccer,,score_props,not_attempted_supported_sport,,,,unattempted,no traded markets,,,,
KXEFLCUPMOF,Soccer,,score_props,not_attempted_supported_sport,,,,unattempted,no traded markets,,,,
KXEFLCUPMOV,Soccer,,score_props,not_attempted_supported_sport,,,,unattempted,no traded markets,,,,
KXENGCSCORNERS,Soccer,,score_props,not_attempted_supported_sport,,,,unattempted,no traded markets,,,,
KXENGCSTCORNERS,Soccer,,score_props,not_attempted_supported_sport,,,,unattempted,no traded markets,,,,
KXESPSUPERCUPBTTS,Soccer,,score_props,not_attempted_supported_sport,,,,unattempted,no traded markets,,,,
KXESPSUPERCUPFTTS,Soccer,,score_props,not_attempted_supported_sport,,,,unattempted,no traded markets,,,,
KXESPSUPERCUPMOF,Soccer,,score_props,not_attempted_supported_sport,,,,unattempted,no traded markets,,,,
KXESPSUPERCUPMOV,Soccer,,score_props,not_attempted_supported_sport,,,,unattempted,no traded markets,,,,
KXESPSUPERCUPSCORE,Soccer,,score_props,not_attempted_supported_sport,,,,unattempted,no traded markets,,,,
KXFACUPFTTS,Soccer,,score_props,not_attempted_supported_sport,,,,unattempted,no traded markets,,,,
KXFACUPMOF,Soccer,,score_props,not_attempted_supported_sport,,,,unattempted,no traded markets,,,,
KXFACUPMOV,Soccer,,score_props,not_attempted_supported_sport,,,,unattempted,no traded markets,,,,
KXFACUPSCORE,Soccer,,score_props,not_attempted_supported_sport,,,,unattempted,no traded markets,,,,
KXFIFAWBTTS,Soccer,,score_props,not_attempted_supported_sport,,,,unattempted,no traded markets,,,,
KXFINALISSIMABTTS,Soccer,,score_props,not_attempted_supported_sport,,,,unattempted,no traded markets,,,,
KXFINALISSIMAFTTS,Soccer,,score_props,not_attempted_supported_sport,,,,unattempted,no traded markets,,,,
KXFINALISSIMAMOV,Soccer,,score_props,not_attempted_supported_sport,,,,unattempted,no traded markets,,,,
KXFINALISSIMASCORE,Soccer,,score_props,not_attempted_supported_sport,,,,unattempted,no traded markets,,,,
KXFRASUPERCUPMOF,Soccer,,score_props,not_attempted_supported_sport,,,,unattempted,no traded markets,,,,
KXFRASUPERCUPMOV,Soccer,,score_props,not_attempted_supported_sport,,,,unattempted,no traded markets,,,,
KXISRNLCUPBTTS,Soccer,,score_props,not_attempted_supported_sport,,,,unattempted,no traded markets,,,,
KXISRSCUPBTTS,Soccer,,score_props,not_attempted_supported_sport,,,,unattempted,no traded markets,,,,
KXISRSUPCUPBTTS,Soccer,,score_props,not_attempted_supported_sport,,,,unattempted,no traded markets,,,,
KXITASUPERCUPBTTS,Soccer,,score_props,not_attempted_supported_sport,,,,unattempted,no traded markets,,,,
KXITASUPERCUPFTTS,Soccer,,score_props,not_attempted_supported_sport,,,,unattempted,no traded markets,,,,
KXITASUPERCUPMOF,Soccer,,score_props,not_attempted_supported_sport,,,,unattempted,no traded markets,,,,
KXITASUPERCUPMOV,Soccer,,score_props,not_attempted_supported_sport,,,,unattempted,no traded markets,,,,
KXITASUPERCUPSCORE,Soccer,,score_props,not_attempted_supported_sport,,,,unattempted,no traded markets,,,,
KXLALIGAMOV,Soccer,,score_props,not_attempted_supported_sport,,,,unattempted,no traded markets,,,,
KXLIGAMXCORNERS,Soccer,,score_props,not_attempted_supported_sport,,,,unattempted,no traded markets,,,,
KXLIGAMXFIRSTGOAL,Soccer,,score_props,not_attempted_supported_sport,,,,unattempted,no traded markets,,,,
KXLIGAMXMOV,Soccer,,score_props,not_attempted_supported_sport,,,,unattempted,no traded markets,,,,
KXLIGAMXTCORNERS,Soccer,,score_props,not_attempted_supported_sport,,,,unattempted,no traded markets,,,,
KXLIGUE1CORNERS,Soccer,,score_props,not_attempted_supported_sport,,,,unattempted,no traded markets,,,,
KXLIGUE1FIRSTGOAL,Soccer,,score_props,not_attempted_supported_sport,,,,unattempted,no traded markets,,,,
KXLIGUE1MOV,Soccer,,score_props,not_attempted_supported_sport,,,,unattempted,no traded markets,,,,
KXLIGUE1TCORNERS,Soccer,,score_props,not_attempted_supported_sport,,,,unattempted,no traded markets,,,,
KXMLSCORNERS,Soccer,,score_props,not_attempted_supported_sport,,,,unattempted,no traded markets,,,,
KXMLSFIRSTGOAL,Soccer,,score_props,not_attempted_supported_sport,,,,unattempted,no traded markets,,,,
KXMLSMOV,Soccer,,score_props,not_attempted_supported_sport,,,,unattempted,no traded markets,,,,
KXMLSTCORNERS,Soccer,,score_props,not_attempted_supported_sport,,,,unattempted,no traded markets,,,,
KXPERLIGA1BBTTS,Soccer,,score_props,not_attempted_supported_sport,,,,unattempted,no traded markets,,,,
KXSERIEACORNERS,Soccer,,score_props,not_attempted_supported_sport,,,,unattempted,no traded markets,,,,
KXSERIEAFIRSTGOAL,Soccer,,score_props,not_attempted_supported_sport,,,,unattempted,no traded markets,,,,
KXSERIEAMOV,Soccer,,score_props,not_attempted_supported_sport,,,,unattempted,no traded markets,,,,
KXSERIEATCORNERS,Soccer,,score_props,not_attempted_supported_sport,,,,unattempted,no traded markets,,,,
KXSERIECSCUPBTTS,Soccer,,score_props,not_attempted_supported_sport,,,,unattempted,no traded markets,,,,
KXSOCCERBTTS,Soccer,,score_props,not_attempted_supported_sport,,,,unattempted,no traded markets,,,,
KXSRBCUPBTTS,Soccer,,score_props,not_attempted_supported_sport,,,,unattempted,no traded markets,,,,
KXSVNCUPBTTS,Soccer,,score_props,not_attempted_supported_sport,,,,unattempted,no traded markets,,,,
KXUECLMOF,Soccer,,score_props,not_attempted_supported_sport,,,,unattempted,no traded markets,,,,
KXUECLMOV,Soccer,,score_props,not_attempted_supported_sport,,,,unattempted,no traded markets,,,,
KXUEFANLMOV,Soccer,,score_props,not_attempted_supported_sport,,,,unattempted,no traded markets,,,,
KXUEFASCMOV,Soccer,,score_props,not_attempted_supported_sport,,,,unattempted,no traded markets,,,,
KXUELMOF,Soccer,,score_props,not_attempted_supported_sport,,,,unattempted,no traded markets,,,,
KXURYPDBBTTS,Soccer,,score_props,not_attempted_supported_sport,,,,unattempted,no traded markets,,,,
KXUSOPENCUPFTTS,Soccer,,score_props,not_attempted_supported_sport,,,,unattempted,no traded markets,,,,
KXUSOPENCUPMOF,Soccer,,score_props,not_attempted_supported_sport,,,,unattempted,no traded markets,,,,
KXUSOPENCUPMOV,Soccer,,score_props,not_attempted_supported_sport,,,,unattempted,no traded markets,,,,
KXWCTTSF,Soccer,,score_props,not_attempted_supported_sport,,,,unattempted,no traded markets,,,,
KXWCWINMARGIN,Soccer,,score_props,not_attempted_supported_sport,,,,unattempted,no traded markets,,,,
KXWCGROUPBOTTOM,Soccer,FIFA World Cup,season_wins,not_attempted_supported_sport,,,,unattempted,season totals: one outcome per team-season; prospective capture required,,,,
KXWINSTREAKMANU,Soccer,EPL,season_wins,not_attempted_supported_sport,,,,unattempted,season totals: one outcome per team-season; prospective capture required,,,,
KXWCGOALSTREAK,Soccer,FIFA World Cup,season_wins,not_attempted_supported_sport,,,,unattempted,season totals: one outcome per team-season; prospective capture required,,,,
KXWC1H,Soccer,FIFA World Cup,segment,not_attempted_supported_sport,,,,unattempted,no independent results adapter for this competition in Phase 1 (game_winner only via Kalshi-only path),,,,
KXWC1HTOTAL,Soccer,FIFA World Cup,segment,not_attempted_supported_sport,,,,unattempted,no independent results adapter for this competition in Phase 1 (game_winner only via Kalshi-only path),,,,
KXWC1HSCORE,Soccer,FIFA World Cup,segment,not_attempted_supported_sport,,,,unattempted,no independent results adapter for this competition in Phase 1 (game_winner only via Kalshi-only path),,,,
KXWC2H,Soccer,FIFA World Cup,segment,not_attempted_supported_sport,,,,unattempted,no independent results adapter for this competition in Phase 1 (game_winner only via Kalshi-only path),,,,
KXWC1HSPREAD,Soccer,FIFA World Cup,segment,not_attempted_supported_sport,,,,unattempted,no independent results adapter for this competition in Phase 1 (game_winner only via Kalshi-only path),,,,
KXWC1HBTTS,Soccer,FIFA World Cup,segment,not_attempted_supported_sport,,,,unattempted,no independent results adapter for this competition in Phase 1 (game_winner only via Kalshi-only path),,,,
KXWC2HTOTAL,Soccer,FIFA World Cup,segment,not_attempted_supported_sport,,,,unattempted,no independent results adapter for this competition in Phase 1 (game_winner only via Kalshi-only path),,,,
KXWC2HBTTS,Soccer,FIFA World Cup,segment,not_attempted_supported_sport,,,,unattempted,no independent results adapter for this competition in Phase 1 (game_winner only via Kalshi-only path),,,,
KXWC2HSPREAD,Soccer,FIFA World Cup,segment,not_attempted_supported_sport,,,,unattempted,no independent results adapter for this competition in Phase 1 (game_winner only via Kalshi-only path),,,,
KXLALIGA1H,Soccer,La Liga,segment,exploratory_evaluated,laliga,espn_team,segment,supported,frozen score model,exact,unavailable: training support below threshold,unavailable: segment markets (quarters/halves/innings): no new historical quotes by scope decision,out of market scope
KXUEFANL1HTOTAL,Soccer,UEFA Nations League,segment,not_attempted_supported_sport,,,,unattempted,no independent results adapter for this competition in Phase 1 (game_winner only via Kalshi-only path),,,,
KXMLS1HTOTAL,Soccer,MLS,segment,exploratory_evaluated,mls,espn_team,segment,supported,frozen score model,exact,unavailable: training support below threshold,unavailable: segment markets (quarters/halves/innings): no new historical quotes by scope decision,out of market scope
KXUCL1H,Soccer,Champions League,segment,exploratory_evaluated,ucl,espn_team,segment,supported,frozen score model,exact,unavailable: training support below threshold,unavailable: segment markets (quarters/halves/innings): no new historical quotes by scope decision,out of market scope
KXEPL1H,Soccer,EPL,segment,exploratory_evaluated,epl,espn_team,segment,supported,frozen score model,exact,unavailable: training support below threshold,unavailable: segment markets (quarters/halves/innings): no new historical quotes by scope decision,out of market scope
KXLALIGA1HTOTAL,Soccer,La Liga,segment,exploratory_evaluated,laliga,espn_team,segment,supported,frozen score model,exact,unavailable: training support below threshold,unavailable: segment markets (quarters/halves/innings): no new historical quotes by scope decision,out of market scope
KXMLS1H,Soccer,MLS,segment,exploratory_evaluated,mls,espn_team,segment,supported,frozen score model,exact,unavailable: training support below threshold,unavailable: segment markets (quarters/halves/innings): no new historical quotes by scope decision,out of market scope
KXLIGAMX1HTOTAL,Soccer,Liga MX,segment,exploratory_evaluated,ligamx,espn_team,segment,supported,frozen score model,exact,unavailable: training support below threshold,unavailable: segment markets (quarters/halves/innings): no new historical quotes by scope decision,out of market scope
KXLEAGUESCUP1HTOTAL,Soccer,Leagues Cup,segment,not_attempted_supported_sport,,,,unattempted,no independent results adapter for this competition in Phase 1 (game_winner only via Kalshi-only path),,,,
KXUCL1HTOTAL,Soccer,Champions League,segment,exploratory_evaluated,ucl,espn_team,segment,supported,frozen score model,exact,unavailable: training support below threshold,unavailable: segment markets (quarters/halves/innings): no new historical quotes by scope decision,out of market scope
KXUEFANL1H,Soccer,UEFA Nations League,segment,not_attempted_supported_sport,,,,unattempted,no independent results adapter for this competition in Phase 1 (game_winner only via Kalshi-only path),,,,
KXLIGAMX1H,Soccer,Liga MX,segment,exploratory_evaluated,ligamx,espn_team,segment,supported,frozen score model,exact,unavailable: training support below threshold,unavailable: segment markets (quarters/halves/innings): no new historical quotes by scope decision,out of market scope
KXLEAGUESCUP1H,Soccer,Leagues Cup,segment,not_attempted_supported_sport,,,,unattempted,no independent results adapter for this competition in Phase 1 (game_winner only via Kalshi-only path),,,,
KXEPL1HTOTAL,Soccer,EPL,segment,exploratory_evaluated,epl,espn_team,segment,supported,frozen score model,exact,unavailable: training support below threshold,unavailable: segment markets (quarters/halves/innings): no new historical quotes by scope decision,out of market scope
KXBRASILEIROB1HTOTAL,Soccer,Brasileiro Serie B,segment,not_attempted_supported_sport,,,,unattempted,no independent results adapter for this competition in Phase 1 (game_winner only via Kalshi-only path),,,,
KXCONCACAFNL1HTOTAL,Soccer,CONCACAF Nations League,segment,not_attempted_supported_sport,,,,unattempted,no independent results adapter for this competition in Phase 1 (game_winner only via Kalshi-only path),,,,
KXINTLFRIENDLY1HTOTAL,Soccer,Intl Friendlies,segment,not_attempted_supported_sport,,,,unattempted,no independent results adapter for this competition in Phase 1 (game_winner only via Kalshi-only path),,,,
KXBRASILEIRO1HTOTAL,Soccer,Brasileiro Serie A,segment,exploratory_evaluated,brasileiro,espn_team,segment,supported,frozen score model,exact,unavailable: training support below threshold,unavailable: segment markets (quarters/halves/innings): no new historical quotes by scope decision,out of market scope
KXSERIEA1H,Soccer,Serie A,segment,exploratory_evaluated,seriea,espn_team,segment,supported,frozen score model,exact,unavailable: training support below threshold,unavailable: segment markets (quarters/halves/innings): no new historical quotes by scope decision,out of market scope
KXUECL1HTOTAL,Soccer,Conference League,segment,excluded_no_reconciled_contracts,uecl,espn_team,segment,unsupported,series failed or unreconciled in the sports_phase1_v2 gate (never scored),exact,unavailable: training support below threshold,unavailable: segment markets (quarters/halves/innings): no new historical quotes by scope decision,out of market scope
KXINTLFRIENDLY1H,Soccer,Intl Friendlies,segment,not_attempted_supported_sport,,,,unattempted,no independent results adapter for this competition in Phase 1 (game_winner only via Kalshi-only path),,,,
KXSERIEA1HTOTAL,Soccer,Serie A,segment,exploratory_evaluated,seriea,espn_team,segment,supported,frozen score model,exact,unavailable: training support below threshold,unavailable: segment markets (quarters/halves/innings): no new historical quotes by scope decision,out of market scope
KXUEL1HTOTAL,Soccer,Europa League,segment,exploratory_evaluated,uel,espn_team,segment,supported,frozen score model,exact,unavailable: training support below threshold,unavailable: segment markets (quarters/halves/innings): no new historical quotes by scope decision,out of market scope
KXBRASILEIROB1H,Soccer,Brasileiro Serie B,segment,not_attempted_supported_sport,,,,unattempted,no independent results adapter for this competition in Phase 1 (game_winner only via Kalshi-only path),,,,
KXLALIGA1HSPREAD,Soccer,La Liga,segment,exploratory_evaluated,laliga,espn_team,segment,supported,frozen score model,exact,unavailable: training support below threshold,unavailable: segment markets (quarters/halves/innings): no new historical quotes by scope decision,out of market scope
KXBUNDESLIGA1HTOTAL,Soccer,Bundesliga,segment,exploratory_evaluated,bundesliga,espn_team,segment,supported,frozen score model,exact,unavailable: training support below threshold,unavailable: segment markets (quarters/halves/innings): no new historical quotes by scope decision,out of market scope
KXBUNDESLIGA1H,Soccer,Bundesliga,segment,exploratory_evaluated,bundesliga,espn_team,segment,supported,frozen score model,exact,unavailable: training support below threshold,unavailable: segment markets (quarters/halves/innings): no new historical quotes by scope decision,out of market scope
KXSAUDIPL1HTOTAL,Soccer,Saudi Pro League,segment,exploratory_evaluated,saudi,espn_team,segment,supported,frozen score model,exact,unavailable: training support below threshold,unavailable: segment markets (quarters/halves/innings): no new historical quotes by scope decision,out of market scope
KXBRASILEIRO1H,Soccer,Brasileiro Serie A,segment,exploratory_evaluated,brasileiro,espn_team,segment,supported,frozen score model,exact,unavailable: training support below threshold,unavailable: segment markets (quarters/halves/innings): no new historical quotes by scope decision,out of market scope
KXCONCACAFNL1H,Soccer,CONCACAF Nations League,segment,not_attempted_supported_sport,,,,unattempted,no independent results adapter for this competition in Phase 1 (game_winner only via Kalshi-only path),,,,
KXEFLCUP1HTOTAL,Soccer,EFL Cup,segment,not_attempted_supported_sport,,,,unattempted,no independent results adapter for this competition in Phase 1 (game_winner only via Kalshi-only path),,,,
KXCONMEBOLSUD1HTOTAL,Soccer,CONMEBOL Sudamericana,segment,not_attempted_supported_sport,,,,unattempted,no independent results adapter for this competition in Phase 1 (game_winner only via Kalshi-only path),,,,
KXEREDIVISIE1HTOTAL,Soccer,Eredivisie,segment,exploratory_evaluated,eredivisie,espn_team,segment,supported,frozen score model,exact,unavailable: training support below threshold,unavailable: segment markets (quarters/halves/innings): no new historical quotes by scope decision,out of market scope
KXUEFANL1HSPREAD,Soccer,UEFA Nations League,segment,not_attempted_supported_sport,,,,unattempted,no independent results adapter for this competition in Phase 1 (game_winner only via Kalshi-only path),,,,
KXUECL1H,Soccer,Conference League,segment,exploratory_evaluated,uecl,espn_team,segment,supported,frozen score model,exact,unavailable: training support below threshold,unavailable: segment markets (quarters/halves/innings): no new historical quotes by scope decision,out of market scope
KXLIGUE11HTOTAL,Soccer,Ligue 1,segment,exploratory_evaluated,ligue1,espn_team,segment,supported,frozen score model,exact,unavailable: training support below threshold,unavailable: segment markets (quarters/halves/innings): no new historical quotes by scope decision,out of market scope
KXEFLCUP1H,Soccer,EFL Cup,segment,not_attempted_supported_sport,,,,unattempted,no independent results adapter for this competition in Phase 1 (game_winner only via Kalshi-only path),,,,
KXEFLCHAMPIONSHIP1HTOTAL,Soccer,EFL Championship,segment,exploratory_evaluated,eflc,espn_team,segment,supported,frozen score model,exact,unavailable: training support below threshold,unavailable: segment markets (quarters/halves/innings): no new historical quotes by scope decision,out of market scope
KXCONMEBOLSUD1H,Soccer,CONMEBOL Sudamericana,segment,not_attempted_supported_sport,,,,unattempted,no independent results adapter for this competition in Phase 1 (game_winner only via Kalshi-only path),,,,
KXLIGAMX1HSPREAD,Soccer,Liga MX,segment,exploratory_evaluated,ligamx,espn_team,segment,supported,frozen score model,exact,unavailable: training support below threshold,unavailable: segment markets (quarters/halves/innings): no new historical quotes by scope decision,out of market scope
KXAFCON1HTOTAL,Soccer,AFCON Qualifiers,segment,not_attempted_supported_sport,,,,unattempted,no independent results adapter for this competition in Phase 1 (game_winner only via Kalshi-only path),,,,
KXSAUDIPL1H,Soccer,Saudi Pro League,segment,exploratory_evaluated,saudi,espn_team,segment,supported,frozen score model,exact,unavailable: training support below threshold,unavailable: segment markets (quarters/halves/innings): no new historical quotes by scope decision,out of market scope
KXUEL1H,Soccer,Europa League,segment,exploratory_evaluated,uel,espn_team,segment,supported,frozen score model,exact,unavailable: training support below threshold,unavailable: segment markets (quarters/halves/innings): no new historical quotes by scope decision,out of market scope
KXLIGUE11H,Soccer,Ligue 1,segment,exploratory_evaluated,ligue1,espn_team,segment,supported,frozen score model,exact,unavailable: training support below threshold,unavailable: segment markets (quarters/halves/innings): no new historical quotes by scope decision,out of market scope
KXCOPADOBRASIL1HTOTAL,Soccer,Copa do Brasil,segment,not_attempted_supported_sport,,,,unattempted,no independent results adapter for this competition in Phase 1 (game_winner only via Kalshi-only path),,,,
KXLIGAEXP1HTOTAL,Soccer,Liga de Expansion MX,segment,not_attempted_supported_sport,,,,unattempted,no independent results adapter for this competition in Phase 1 (game_winner only via Kalshi-only path),,,,
KXUCL1HSPREAD,Soccer,Champions League,segment,exploratory_evaluated,ucl,espn_team,segment,supported,frozen score model,exact,unavailable: training support below threshold,unavailable: segment markets (quarters/halves/innings): no new historical quotes by scope decision,out of market scope
KXLIGAPORTUGAL1HTOTAL,Soccer,Liga Portugal,segment,exploratory_evaluated,ligaportugal,espn_team,segment,supported,frozen score model,exact,unavailable: training support below threshold,unavailable: segment markets (quarters/halves/innings): no new historical quotes by scope decision,out of market scope
KXCONMEBOLLIB1HTOTAL,Soccer,CONMEBOL Libertadores,segment,not_attempted_supported_sport,,,,unattempted,no independent results adapter for this competition in Phase 1 (game_winner only via Kalshi-only path),,,,
KXINTLFRIENDLY1HSPREAD,Soccer,Intl Friendlies,segment,not_attempted_supported_sport,,,,unattempted,no independent results adapter for this competition in Phase 1 (game_winner only via Kalshi-only path),,,,
KXEPL1HSPREAD,Soccer,EPL,segment,exploratory_evaluated,epl,espn_team,segment,supported,frozen score model,exact,unavailable: training support below threshold,unavailable: segment markets (quarters/halves/innings): no new historical quotes by scope decision,out of market scope
KXLALIGA2H,Soccer,La Liga,segment,exploratory_evaluated,laliga,espn_team,segment,supported,frozen score model,exact,unavailable: training support below threshold,unavailable: segment markets (quarters/halves/innings): no new historical quotes by scope decision,out of market scope
KXLALIGA1HSCORE,Soccer,La Liga,segment,excluded_spec,laliga,espn_team,,unsupported,no payoff parser / spec: no payoff parser for suffix '1HSCORE',,,,
KXJLEAGUE1HTOTAL,Soccer,Japan J1 League,segment,not_attempted_supported_sport,,,,unattempted,no independent results adapter for this competition in Phase 1 (game_winner only via Kalshi-only path),,,,
KXUSL1H,Soccer,USL Championship,segment,not_attempted_supported_sport,,,,unattempted,no independent results adapter for this competition in Phase 1 (game_winner only via Kalshi-only path),,,,
KXMLS1HSPREAD,Soccer,MLS,segment,exploratory_evaluated,mls,espn_team,segment,supported,frozen score model,exact,unavailable: training support below threshold,unavailable: segment markets (quarters/halves/innings): no new historical quotes by scope decision,out of market scope
KXLEAGUESCUP1HSPREAD,Soccer,Leagues Cup,segment,not_attempted_supported_sport,,,,unattempted,no independent results adapter for this competition in Phase 1 (game_winner only via Kalshi-only path),,,,
KXEREDIVISIE1H,Soccer,Eredivisie,segment,exploratory_evaluated,eredivisie,espn_team,segment,supported,frozen score model,exact,unavailable: training support below threshold,unavailable: segment markets (quarters/halves/innings): no new historical quotes by scope decision,out of market scope
KXUEFANL1HBTTS,Soccer,UEFA Nations League,segment,not_attempted_supported_sport,,,,unattempted,no independent results adapter for this competition in Phase 1 (game_winner only via Kalshi-only path),,,,
KXUSL1HTOTAL,Soccer,USL Championship,segment,not_attempted_supported_sport,,,,unattempted,no independent results adapter for this competition in Phase 1 (game_winner only via Kalshi-only path),,,,
KXAFCON1H,Soccer,AFCON Qualifiers,segment,not_attempted_supported_sport,,,,unattempted,no independent results adapter for this competition in Phase 1 (game_winner only via Kalshi-only path),,,,
KXCONMEBOLLIB1H,Soccer,CONMEBOL Libertadores,segment,not_attempted_supported_sport,,,,unattempted,no independent results adapter for this competition in Phase 1 (game_winner only via Kalshi-only path),,,,
KXCOPADOBRASIL1H,Soccer,Copa do Brasil,segment,not_attempted_supported_sport,,,,unattempted,no independent results adapter for this competition in Phase 1 (game_winner only via Kalshi-only path),,,,
KXJLEAGUE1H,Soccer,Japan J1 League,segment,not_attempted_supported_sport,,,,unattempted,no independent results adapter for this competition in Phase 1 (game_winner only via Kalshi-only path),,,,
KXLIGAPORTUGAL1H,Soccer,Liga Portugal,segment,exploratory_evaluated,ligaportugal,espn_team,segment,supported,frozen score model,exact,unavailable: training support below threshold,unavailable: segment markets (quarters/halves/innings): no new historical quotes by scope decision,out of market scope
KXEFLCHAMPIONSHIP1H,Soccer,EFL Championship,segment,exploratory_evaluated,eflc,espn_team,segment,supported,frozen score model,exact,unavailable: training support below threshold,unavailable: segment markets (quarters/halves/innings): no new historical quotes by scope decision,out of market scope
KXLIGAMX1HBTTS,Soccer,Liga MX,segment,exploratory_evaluated,ligamx,espn_team,segment,supported,frozen score model,exact,unavailable: training support below threshold,unavailable: segment markets (quarters/halves/innings): no new historical quotes by scope decision,out of market scope
KXLIGAEXP1H,Soccer,Liga de Expansion MX,segment,not_attempted_supported_sport,,,,unattempted,no independent results adapter for this competition in Phase 1 (game_winner only via Kalshi-only path),,,,
KXUCL1HBTTS,Soccer,Champions League,segment,exploratory_evaluated,ucl,espn_team,segment,supported,frozen score model,exact,unavailable: training support below threshold,unavailable: segment markets (quarters/halves/innings): no new historical quotes by scope decision,out of market scope
KXCOPPAITALIA1HTOTAL,Soccer,Coppa Italia,segment,not_attempted_supported_sport,,,,unattempted,no independent results adapter for this competition in Phase 1 (game_winner only via Kalshi-only path),,,,
KXKLEAGUE1H,Soccer,Korea K League 1,segment,not_attempted_supported_sport,,,,unattempted,no independent results adapter for this competition in Phase 1 (game_winner only via Kalshi-only path),,,,
KXKLEAGUE1HTOTAL,Soccer,Korea K League 1,segment,not_attempted_supported_sport,,,,unattempted,no independent results adapter for this competition in Phase 1 (game_winner only via Kalshi-only path),,,,
KXSCOTTISHPREM1HTOTAL,Soccer,Scottish Premiership,segment,not_attempted_supported_sport,,,,unattempted,no independent results adapter for this competition in Phase 1 (game_winner only via Kalshi-only path),,,,
KXLEAGUESCUP1HBTTS,Soccer,Leagues Cup,segment,not_attempted_supported_sport,,,,unattempted,no independent results adapter for this competition in Phase 1 (game_winner only via Kalshi-only path),,,,
KXLALIGA1HBTTS,Soccer,La Liga,segment,exploratory_evaluated,laliga,espn_team,segment,supported,frozen score model,exact,unavailable: training support below threshold,unavailable: segment markets (quarters/halves/innings): no new historical quotes by scope decision,out of market scope
KXCONCACAFNL1HSPREAD,Soccer,CONCACAF Nations League,segment,not_attempted_supported_sport,,,,unattempted,no independent results adapter for this competition in Phase 1 (game_winner only via Kalshi-only path),,,,
KXAFCCL1HTOTAL,Soccer,AFC Champions League,segment,not_attempted_supported_sport,,,,unattempted,no independent results adapter for this competition in Phase 1 (game_winner only via Kalshi-only path),,,,
KXMLS1HBTTS,Soccer,MLS,segment,exploratory_evaluated,mls,espn_team,segment,supported,frozen score model,exact,unavailable: training support below threshold,unavailable: segment markets (quarters/halves/innings): no new historical quotes by scope decision,out of market scope
KXEFLL11H,Soccer,EFL League One,segment,not_attempted_supported_sport,,,,unattempted,no independent results adapter for this competition in Phase 1 (game_winner only via Kalshi-only path),,,,
KXEPL1HSCORE,Soccer,EPL,segment,excluded_spec,epl,espn_team,,unsupported,no payoff parser / spec: no payoff parser for suffix '1HSCORE',,,,
KXSCOTTISHPREM1H,Soccer,Scottish Premiership,segment,not_attempted_supported_sport,,,,unattempted,no independent results adapter for this competition in Phase 1 (game_winner only via Kalshi-only path),,,,
KXINTLFRIENDLY1HBTTS,Soccer,Intl Friendlies,segment,not_attempted_supported_sport,,,,unattempted,no independent results adapter for this competition in Phase 1 (game_winner only via Kalshi-only path),,,,
KXCOPPAITALIA1H,Soccer,Coppa Italia,segment,not_attempted_supported_sport,,,,unattempted,no independent results adapter for this competition in Phase 1 (game_winner only via Kalshi-only path),,,,
KXBRASILEIROC1H,Soccer,Brasileiro Serie C,segment,not_attempted_supported_sport,,,,unattempted,no independent results adapter for this competition in Phase 1 (game_winner only via Kalshi-only path),,,,
KXBRASILEIROC1HTOTAL,Soccer,Brasileiro Serie C,segment,not_attempted_supported_sport,,,,unattempted,no independent results adapter for this competition in Phase 1 (game_winner only via Kalshi-only path),,,,
KXEPL1HBTTS,Soccer,EPL,segment,exploratory_evaluated,epl,espn_team,segment,supported,frozen score model,exact,unavailable: training support below threshold,unavailable: segment markets (quarters/halves/innings): no new historical quotes by scope decision,out of market scope
KXMLS2H,Soccer,MLS,segment,exploratory_evaluated,mls,espn_team,segment,supported,frozen score model,exact,unavailable: training support below threshold,unavailable: segment markets (quarters/halves/innings): no new historical quotes by scope decision,out of market scope
KXBUNDESLIGA1HSPREAD,Soccer,Bundesliga,segment,exploratory_evaluated,bundesliga,espn_team,segment,supported,frozen score model,exact,unavailable: training support below threshold,unavailable: segment markets (quarters/halves/innings): no new historical quotes by scope decision,out of market scope
KXEPL2H,Soccer,EPL,segment,exploratory_evaluated,epl,espn_team,segment,supported,frozen score model,exact,unavailable: training support below threshold,unavailable: segment markets (quarters/halves/innings): no new historical quotes by scope decision,out of market scope
KXLIGAMX2H,Soccer,Liga MX,segment,exploratory_evaluated,ligamx,espn_team,segment,supported,frozen score model,exact,unavailable: training support below threshold,unavailable: segment markets (quarters/halves/innings): no new historical quotes by scope decision,out of market scope
KXBRASILEIROB1HBTTS,Soccer,Brasileiro Serie B,segment,not_attempted_supported_sport,,,,unattempted,no independent results adapter for this competition in Phase 1 (game_winner only via Kalshi-only path),,,,
KXEFLL11HTOTAL,Soccer,EFL League One,segment,not_attempted_supported_sport,,,,unattempted,no independent results adapter for this competition in Phase 1 (game_winner only via Kalshi-only path),,,,
KXLALIGA2HTOTAL,Soccer,La Liga,segment,exploratory_evaluated,laliga,espn_team,segment,supported,frozen score model,exact,unavailable: training support below threshold,unavailable: segment markets (quarters/halves/innings): no new historical quotes by scope decision,out of market scope
KXBRASILEIRO1HSPREAD,Soccer,Brasileiro Serie A,segment,exploratory_evaluated,brasileiro,espn_team,segment,supported,frozen score model,exact,unavailable: training support below threshold,unavailable: segment markets (quarters/halves/innings): no new historical quotes by scope decision,out of market scope
KXSERIEA1HSPREAD,Soccer,Serie A,segment,exploratory_evaluated,seriea,espn_team,segment,supported,frozen score model,exact,unavailable: training support below threshold,unavailable: segment markets (quarters/halves/innings): no new historical quotes by scope decision,out of market scope
KXBRASILEIROB1HSPREAD,Soccer,Brasileiro Serie B,segment,not_attempted_supported_sport,,,,unattempted,no independent results adapter for this competition in Phase 1 (game_winner only via Kalshi-only path),,,,
KXLALIGA2HSPREAD,Soccer,La Liga,segment,exploratory_evaluated,laliga,espn_team,segment,supported,frozen score model,exact,unavailable: training support below threshold,unavailable: segment markets (quarters/halves/innings): no new historical quotes by scope decision,out of market scope
KXCONCACAFNL1HBTTS,Soccer,CONCACAF Nations League,segment,not_attempted_supported_sport,,,,unattempted,no independent results adapter for this competition in Phase 1 (game_winner only via Kalshi-only path),,,,
KXAFCCL1H,Soccer,AFC Champions League,segment,not_attempted_supported_sport,,,,unattempted,no independent results adapter for this competition in Phase 1 (game_winner only via Kalshi-only path),,,,
KXMLS1HSCORE,Soccer,MLS,segment,excluded_spec,mls,espn_team,,unsupported,no payoff parser / spec: no payoff parser for suffix '1HSCORE',,,,
KXDFBPOKAL1HTOTAL,Soccer,DFB Pokal,segment,not_attempted_supported_sport,,,,unattempted,no independent results adapter for this competition in Phase 1 (game_winner only via Kalshi-only path),,,,
KXDFBPOKAL1H,Soccer,DFB Pokal,segment,not_attempted_supported_sport,,,,unattempted,no independent results adapter for this competition in Phase 1 (game_winner only via Kalshi-only path),,,,
KXBRASILEIRO1HBTTS,Soccer,Brasileiro Serie A,segment,exploratory_evaluated,brasileiro,espn_team,segment,supported,frozen score model,exact,unavailable: training support below threshold,unavailable: segment markets (quarters/halves/innings): no new historical quotes by scope decision,out of market scope
KXUEL1HSPREAD,Soccer,Europa League,segment,exploratory_evaluated,uel,espn_team,segment,supported,frozen score model,exact,unavailable: training support below threshold,unavailable: segment markets (quarters/halves/innings): no new historical quotes by scope decision,out of market scope
KXUECL1HBTTS,Soccer,Conference League,segment,excluded_no_reconciled_contracts,uecl,espn_team,segment,unsupported,series failed or unreconciled in the sports_phase1_v2 gate (never scored),exact,unavailable: training support below threshold,unavailable: segment markets (quarters/halves/innings): no new historical quotes by scope decision,out of market scope
KXLIGAMX1HSCORE,Soccer,Liga MX,segment,excluded_spec,ligamx,espn_team,,unsupported,no payoff parser / spec: no payoff parser for suffix '1HSCORE',,,,
KXSAUDIPL1HSPREAD,Soccer,Saudi Pro League,segment,exploratory_evaluated,saudi,espn_team,segment,supported,frozen score model,exact,unavailable: training support below threshold,unavailable: segment markets (quarters/halves/innings): no new historical quotes by scope decision,out of market scope
KXLIGUE11HSPREAD,Soccer,Ligue 1,segment,exploratory_evaluated,ligue1,espn_team,segment,supported,frozen score model,exact,unavailable: training support below threshold,unavailable: segment markets (quarters/halves/innings): no new historical quotes by scope decision,out of market scope
KXBUNDESLIGA2H,Soccer,Bundesliga,segment,exploratory_evaluated,bundesliga,espn_team,segment,supported,frozen score model,exact,unavailable: training support below threshold,unavailable: segment markets (quarters/halves/innings): no new historical quotes by scope decision,out of market scope
KXUECL1HSPREAD,Soccer,Conference League,segment,excluded_no_reconciled_contracts,uecl,espn_team,segment,unsupported,series failed or unreconciled in the sports_phase1_v2 gate (never scored),exact,unavailable: training support below threshold,unavailable: segment markets (quarters/halves/innings): no new historical quotes by scope decision,out of market scope
KXLIGUE12H,Soccer,Ligue 1,segment,exploratory_evaluated,ligue1,espn_team,segment,supported,frozen score model,exact,unavailable: training support below threshold,unavailable: segment markets (quarters/halves/innings): no new historical quotes by scope decision,out of market scope
KXSERIEA2H,Soccer,Serie A,segment,exploratory_evaluated,seriea,espn_team,segment,supported,frozen score model,exact,unavailable: training support below threshold,unavailable: segment markets (quarters/halves/innings): no new historical quotes by scope decision,out of market scope
KXEFLCUP1HSPREAD,Soccer,EFL Cup,segment,not_attempted_supported_sport,,,,unattempted,no independent results adapter for this competition in Phase 1 (game_winner only via Kalshi-only path),,,,
KXBUNDESLIGA1HSCORE,Soccer,Bundesliga,segment,excluded_spec,bundesliga,espn_team,,unsupported,no payoff parser / spec: no payoff parser for suffix '1HSCORE',,,,
KXSERIEA1HBTTS,Soccer,Serie A,segment,exploratory_evaluated,seriea,espn_team,segment,supported,frozen score model,exact,unavailable: training support below threshold,unavailable: segment markets (quarters/halves/innings): no new historical quotes by scope decision,out of market scope
KXEPL2HTOTAL,Soccer,EPL,segment,exploratory_evaluated,epl,espn_team,segment,supported,frozen score model,exact,unavailable: training support below threshold,unavailable: segment markets (quarters/halves/innings): no new historical quotes by scope decision,out of market scope
KXAFCON1HSPREAD,Soccer,AFCON Qualifiers,segment,not_attempted_supported_sport,,,,unattempted,no independent results adapter for this competition in Phase 1 (game_winner only via Kalshi-only path),,,,
KXEFLCHAMPIONSHIP1HSPREAD,Soccer,EFL Championship,segment,exploratory_evaluated,eflc,espn_team,segment,supported,frozen score model,exact,unavailable: training support below threshold,unavailable: segment markets (quarters/halves/innings): no new historical quotes by scope decision,out of market scope
KXUCL2H,Soccer,Champions League,segment,exploratory_evaluated,ucl,espn_team,segment,supported,frozen score model,exact,unavailable: training support below threshold,unavailable: segment markets (quarters/halves/innings): no new historical quotes by scope decision,out of market scope
KXUEFASC1H,Soccer,UEFA Super Cup,segment,not_attempted_supported_sport,,,,unattempted,no independent results adapter for this competition in Phase 1 (game_winner only via Kalshi-only path),,,,
KXUEL1HBTTS,Soccer,Europa League,segment,exploratory_evaluated,uel,espn_team,segment,supported,frozen score model,exact,unavailable: training support below threshold,unavailable: segment markets (quarters/halves/innings): no new historical quotes by scope decision,out of market scope
KXUEFASC1HTOTAL,Soccer,UEFA Super Cup,segment,not_attempted_supported_sport,,,,unattempted,no independent results adapter for this competition in Phase 1 (game_winner only via Kalshi-only path),,,,
KXCONMEBOLSUD1HSPREAD,Soccer,CONMEBOL Sudamericana,segment,not_attempted_supported_sport,,,,unattempted,no independent results adapter for this competition in Phase 1 (game_winner only via Kalshi-only path),,,,
KXLALIGA2HBTTS,Soccer,La Liga,segment,excluded_spec,laliga,espn_team,,unsupported,no payoff parser / spec: no payoff parser for suffix '2HBTTS',,,,
KXCONMEBOLSUD1HBTTS,Soccer,CONMEBOL Sudamericana,segment,not_attempted_supported_sport,,,,unattempted,no independent results adapter for this competition in Phase 1 (game_winner only via Kalshi-only path),,,,
KXTACAPORT1H,Soccer,Taca de Portugal,segment,not_attempted_supported_sport,,,,unattempted,no independent results adapter for this competition in Phase 1 (game_winner only via Kalshi-only path),,,,
KXEREDIVISIE1HSPREAD,Soccer,Eredivisie,segment,exploratory_evaluated,eredivisie,espn_team,segment,supported,frozen score model,exact,unavailable: training support below threshold,unavailable: segment markets (quarters/halves/innings): no new historical quotes by scope decision,out of market scope
KXJLEAGUE1HBTTS,Soccer,Japan J1 League,segment,not_attempted_supported_sport,,,,unattempted,no independent results adapter for this competition in Phase 1 (game_winner only via Kalshi-only path),,,,
KXSERIEA1HSCORE,Soccer,Serie A,segment,excluded_spec,seriea,espn_team,,unsupported,no payoff parser / spec: no payoff parser for suffix '1HSCORE',,,,
KXKLEAGUE1HBTTS,Soccer,Korea K League 1,segment,not_attempted_supported_sport,,,,unattempted,no independent results adapter for this competition in Phase 1 (game_winner only via Kalshi-only path),,,,
KXUCL2HTOTAL,Soccer,Champions League,segment,exploratory_evaluated,ucl,espn_team,segment,supported,frozen score model,exact,unavailable: training support below threshold,unavailable: segment markets (quarters/halves/innings): no new historical quotes by scope decision,out of market scope
KXLIGAPORTUGAL1HSPREAD,Soccer,Liga Portugal,segment,exploratory_evaluated,ligaportugal,espn_team,segment,supported,frozen score model,exact,unavailable: training support below threshold,unavailable: segment markets (quarters/halves/innings): no new historical quotes by scope decision,out of market scope
KXEFLCUP1HBTTS,Soccer,EFL Cup,segment,not_attempted_supported_sport,,,,unattempted,no independent results adapter for this competition in Phase 1 (game_winner only via Kalshi-only path),,,,
KXGERSC1HTOTAL,Soccer,Germany Super Cup,segment,not_attempted_supported_sport,,,,unattempted,no independent results adapter for this competition in Phase 1 (game_winner only via Kalshi-only path),,,,
KXJLEAGUE1HSPREAD,Soccer,Japan J1 League,segment,not_attempted_supported_sport,,,,unattempted,no independent results adapter for this competition in Phase 1 (game_winner only via Kalshi-only path),,,,
KXCONMEBOLLIB1HBTTS,Soccer,CONMEBOL Libertadores,segment,not_attempted_supported_sport,,,,unattempted,no independent results adapter for this competition in Phase 1 (game_winner only via Kalshi-only path),,,,
KXSAUDIPL1HBTTS,Soccer,Saudi Pro League,segment,exploratory_evaluated,saudi,espn_team,segment,supported,frozen score model,exact,unavailable: training support below threshold,unavailable: segment markets (quarters/halves/innings): no new historical quotes by scope decision,out of market scope
KXEREDIVISIE1HBTTS,Soccer,Eredivisie,segment,exploratory_evaluated,eredivisie,espn_team,segment,supported,frozen score model,exact,unavailable: training support below threshold,unavailable: segment markets (quarters/halves/innings): no new historical quotes by scope decision,out of market scope
KXCOPADOBRASIL1HBTTS,Soccer,Copa do Brasil,segment,not_attempted_supported_sport,,,,unattempted,no independent results adapter for this competition in Phase 1 (game_winner only via Kalshi-only path),,,,
KXENGCS1HTOTAL,Soccer,Community Shield,segment,not_attempted_supported_sport,,,,unattempted,no independent results adapter for this competition in Phase 1 (game_winner only via Kalshi-only path),,,,
KXAFCON1HBTTS,Soccer,AFCON Qualifiers,segment,not_attempted_supported_sport,,,,unattempted,no independent results adapter for this competition in Phase 1 (game_winner only via Kalshi-only path),,,,
KXBUNDESLIGA1HBTTS,Soccer,Bundesliga,segment,exploratory_evaluated,bundesliga,espn_team,segment,supported,frozen score model,exact,unavailable: training support below threshold,unavailable: segment markets (quarters/halves/innings): no new historical quotes by scope decision,out of market scope
KXLIGUE11HBTTS,Soccer,Ligue 1,segment,exploratory_evaluated,ligue1,espn_team,segment,supported,frozen score model,exact,unavailable: training support below threshold,unavailable: segment markets (quarters/halves/innings): no new historical quotes by scope decision,out of market scope
KXCONMEBOLLIB1HSPREAD,Soccer,CONMEBOL Libertadores,segment,not_attempted_supported_sport,,,,unattempted,no independent results adapter for this competition in Phase 1 (game_winner only via Kalshi-only path),,,,
KXUSOPENCUP1HTOTAL,Soccer,US Open Cup,segment,not_attempted_supported_sport,,,,unattempted,no independent results adapter for this competition in Phase 1 (game_winner only via Kalshi-only path),,,,
KXGERSC1H,Soccer,Germany Super Cup,segment,not_attempted_supported_sport,,,,unattempted,no independent results adapter for this competition in Phase 1 (game_winner only via Kalshi-only path),,,,
KXLIGUE11HSCORE,Soccer,Ligue 1,segment,excluded_spec,ligue1,espn_team,,unsupported,no payoff parser / spec: no payoff parser for suffix '1HSCORE',,,,
KXEPL2HSPREAD,Soccer,EPL,segment,exploratory_evaluated,epl,espn_team,segment,supported,frozen score model,exact,unavailable: training support below threshold,unavailable: segment markets (quarters/halves/innings): no new historical quotes by scope decision,out of market scope
KXEPL2HBTTS,Soccer,EPL,segment,excluded_spec,epl,espn_team,,unsupported,no payoff parser / spec: no payoff parser for suffix '2HBTTS',,,,
KXCOPADOBRASIL1HSPREAD,Soccer,Copa do Brasil,segment,not_attempted_supported_sport,,,,unattempted,no independent results adapter for this competition in Phase 1 (game_winner only via Kalshi-only path),,,,
KXLIGAEXP1HSPREAD,Soccer,Liga de Expansion MX,segment,not_attempted_supported_sport,,,,unattempted,no independent results adapter for this competition in Phase 1 (game_winner only via Kalshi-only path),,,,
KXEFLCHAMPIONSHIP1HBTTS,Soccer,EFL Championship,segment,exploratory_evaluated,eflc,espn_team,segment,supported,frozen score model,exact,unavailable: training support below threshold,unavailable: segment markets (quarters/halves/innings): no new historical quotes by scope decision,out of market scope
KXENGCS1H,Soccer,Community Shield,segment,not_attempted_supported_sport,,,,unattempted,no independent results adapter for this competition in Phase 1 (game_winner only via Kalshi-only path),,,,
KXLIGAEXP1HBTTS,Soccer,Liga de Expansion MX,segment,not_attempted_supported_sport,,,,unattempted,no independent results adapter for this competition in Phase 1 (game_winner only via Kalshi-only path),,,,
KXMLS2HTOTAL,Soccer,MLS,segment,exploratory_evaluated,mls,espn_team,segment,supported,frozen score model,exact,unavailable: training support below threshold,unavailable: segment markets (quarters/halves/innings): no new historical quotes by scope decision,out of market scope
KXUSL1HBTTS,Soccer,USL Championship,segment,not_attempted_supported_sport,,,,unattempted,no independent results adapter for this competition in Phase 1 (game_winner only via Kalshi-only path),,,,
KXUCL2HBTTS,Soccer,Champions League,segment,excluded_spec,ucl,espn_team,,unsupported,no payoff parser / spec: no payoff parser for suffix '2HBTTS',,,,
KXLIGAMX2HTOTAL,Soccer,Liga MX,segment,exploratory_evaluated,ligamx,espn_team,segment,supported,frozen score model,exact,unavailable: training support below threshold,unavailable: segment markets (quarters/halves/innings): no new historical quotes by scope decision,out of market scope
KXAFCCL1HSPREAD,Soccer,AFC Champions League,segment,not_attempted_supported_sport,,,,unattempted,no independent results adapter for this competition in Phase 1 (game_winner only via Kalshi-only path),,,,
KXDFBPOKAL1HSPREAD,Soccer,DFB Pokal,segment,not_attempted_supported_sport,,,,unattempted,no independent results adapter for this competition in Phase 1 (game_winner only via Kalshi-only path),,,,
KXUCL2HSPREAD,Soccer,Champions League,segment,exploratory_evaluated,ucl,espn_team,segment,supported,frozen score model,exact,unavailable: training support below threshold,unavailable: segment markets (quarters/halves/innings): no new historical quotes by scope decision,out of market scope
KXLIGAMX2HSPREAD,Soccer,Liga MX,segment,exploratory_evaluated,ligamx,espn_team,segment,supported,frozen score model,exact,unavailable: training support below threshold,unavailable: segment markets (quarters/halves/innings): no new historical quotes by scope decision,out of market scope
KXSCOTTISHPREM1HSPREAD,Soccer,Scottish Premiership,segment,not_attempted_supported_sport,,,,unattempted,no independent results adapter for this competition in Phase 1 (game_winner only via Kalshi-only path),,,,
KXLIGAPORTUGAL1HBTTS,Soccer,Liga Portugal,segment,exploratory_evaluated,ligaportugal,espn_team,segment,supported,frozen score model,exact,unavailable: training support below threshold,unavailable: segment markets (quarters/halves/innings): no new historical quotes by scope decision,out of market scope
KXKLEAGUE1HSPREAD,Soccer,Korea K League 1,segment,not_attempted_supported_sport,,,,unattempted,no independent results adapter for this competition in Phase 1 (game_winner only via Kalshi-only path),,,,
KXEFLL11HSPREAD,Soccer,EFL League One,segment,not_attempted_supported_sport,,,,unattempted,no independent results adapter for this competition in Phase 1 (game_winner only via Kalshi-only path),,,,
KXCOPPAITALIA1HBTTS,Soccer,Coppa Italia,segment,not_attempted_supported_sport,,,,unattempted,no independent results adapter for this competition in Phase 1 (game_winner only via Kalshi-only path),,,,
KXUCL1HSCORE,Soccer,Champions League,segment,excluded_spec,ucl,espn_team,,unsupported,no payoff parser / spec: no payoff parser for suffix '1HSCORE',,,,
KXUSOPENCUP1H,Soccer,US Open Cup,segment,not_attempted_supported_sport,,,,unattempted,no independent results adapter for this competition in Phase 1 (game_winner only via Kalshi-only path),,,,
KXSERIEA2HTOTAL,Soccer,Serie A,segment,exploratory_evaluated,seriea,espn_team,segment,supported,frozen score model,exact,unavailable: training support below threshold,unavailable: segment markets (quarters/halves/innings): no new historical quotes by scope decision,out of market scope
KXUSL1HSPREAD,Soccer,USL Championship,segment,not_attempted_supported_sport,,,,unattempted,no independent results adapter for this competition in Phase 1 (game_winner only via Kalshi-only path),,,,
KXBUNDESLIGA2HTOTAL,Soccer,Bundesliga,segment,exploratory_evaluated,bundesliga,espn_team,segment,supported,frozen score model,exact,unavailable: training support below threshold,unavailable: segment markets (quarters/halves/innings): no new historical quotes by scope decision,out of market scope
KXBUNDESLIGA2HSPREAD,Soccer,Bundesliga,segment,exploratory_evaluated,bundesliga,espn_team,segment,supported,frozen score model,exact,unavailable: training support below threshold,unavailable: segment markets (quarters/halves/innings): no new historical quotes by scope decision,out of market scope
KXUSLCUP1H,Soccer,USL Cup,segment,not_attempted_supported_sport,,,,unattempted,no independent results adapter for this competition in Phase 1 (game_winner only via Kalshi-only path),,,,
KXMLS2HBTTS,Soccer,MLS,segment,excluded_spec,mls,espn_team,,unsupported,no payoff parser / spec: no payoff parser for suffix '2HBTTS',,,,
KXMLS2HSPREAD,Soccer,MLS,segment,exploratory_evaluated,mls,espn_team,segment,supported,frozen score model,exact,unavailable: training support below threshold,unavailable: segment markets (quarters/halves/innings): no new historical quotes by scope decision,out of market scope
KXCOPADELREY1H,Soccer,Copa del Rey,segment,not_attempted_supported_sport,,,,unattempted,no independent results adapter for this competition in Phase 1 (game_winner only via Kalshi-only path),,,,
KXUEFASC1HBTTS,Soccer,UEFA Super Cup,segment,not_attempted_supported_sport,,,,unattempted,no independent results adapter for this competition in Phase 1 (game_winner only via Kalshi-only path),,,,
KXLIGAMX2HBTTS,Soccer,Liga MX,segment,excluded_spec,ligamx,espn_team,,unsupported,no payoff parser / spec: no payoff parser for suffix '2HBTTS',,,,
KXSERIEA2HBTTS,Soccer,Serie A,segment,excluded_spec,seriea,espn_team,,unsupported,no payoff parser / spec: no payoff parser for suffix '2HBTTS',,,,
KXLIGUE12HTOTAL,Soccer,Ligue 1,segment,exploratory_evaluated,ligue1,espn_team,segment,supported,frozen score model,exact,unavailable: training support below threshold,unavailable: segment markets (quarters/halves/innings): no new historical quotes by scope decision,out of market scope
KXUEFASC1HSPREAD,Soccer,UEFA Super Cup,segment,not_attempted_supported_sport,,,,unattempted,no independent results adapter for this competition in Phase 1 (game_winner only via Kalshi-only path),,,,
KXBRASILEIROC1HSPREAD,Soccer,Brasileiro Serie C,segment,not_attempted_supported_sport,,,,unattempted,no independent results adapter for this competition in Phase 1 (game_winner only via Kalshi-only path),,,,
KXSCOTTISHPREM1HBTTS,Soccer,Scottish Premiership,segment,not_attempted_supported_sport,,,,unattempted,no independent results adapter for this competition in Phase 1 (game_winner only via Kalshi-only path),,,,
KXCOPPAITALIA1HSPREAD,Soccer,Coppa Italia,segment,not_attempted_supported_sport,,,,unattempted,no independent results adapter for this competition in Phase 1 (game_winner only via Kalshi-only path),,,,
KXBRASILEIROC1HBTTS,Soccer,Brasileiro Serie C,segment,not_attempted_supported_sport,,,,unattempted,no independent results adapter for this competition in Phase 1 (game_winner only via Kalshi-only path),,,,
KXAFCCL1HBTTS,Soccer,AFC Champions League,segment,not_attempted_supported_sport,,,,unattempted,no independent results adapter for this competition in Phase 1 (game_winner only via Kalshi-only path),,,,
KXFRASUPERCUP1HTOTAL,Soccer,France Super Cup,segment,not_attempted_supported_sport,,,,unattempted,no independent results adapter for this competition in Phase 1 (game_winner only via Kalshi-only path),,,,
KXEFLL11HBTTS,Soccer,EFL League One,segment,not_attempted_supported_sport,,,,unattempted,no independent results adapter for this competition in Phase 1 (game_winner only via Kalshi-only path),,,,
KXFACUP1H,Soccer,FA Cup,segment,not_attempted_supported_sport,,,,unattempted,no independent results adapter for this competition in Phase 1 (game_winner only via Kalshi-only path),,,,
KXFRASUPERCUP1H,Soccer,France Super Cup,segment,not_attempted_supported_sport,,,,unattempted,no independent results adapter for this competition in Phase 1 (game_winner only via Kalshi-only path),,,,
KXBUNDESLIGA2HBTTS,Soccer,Bundesliga,segment,excluded_spec,bundesliga,espn_team,,unsupported,no payoff parser / spec: no payoff parser for suffix '2HBTTS',,,,
KXENGCS1HBTTS,Soccer,Community Shield,segment,not_attempted_supported_sport,,,,unattempted,no independent results adapter for this competition in Phase 1 (game_winner only via Kalshi-only path),,,,
KXLIGUE12HBTTS,Soccer,Ligue 1,segment,excluded_spec,ligue1,espn_team,,unsupported,no payoff parser / spec: no payoff parser for suffix '2HBTTS',,,,
KXUSLCUP1HTOTAL,Soccer,USL Cup,segment,not_attempted_supported_sport,,,,unattempted,no independent results adapter for this competition in Phase 1 (game_winner only via Kalshi-only path),,,,
KXTACAPORT1HTOTAL,Soccer,Taca de Portugal,segment,not_attempted_supported_sport,,,,unattempted,no independent results adapter for this competition in Phase 1 (game_winner only via Kalshi-only path),,,,
KXUEFASC2HBTTS,Soccer,UEFA Super Cup,segment,not_attempted_supported_sport,,,,unattempted,no independent results adapter for this competition in Phase 1 (game_winner only via Kalshi-only path),,,,
KXLIGUE12HSPREAD,Soccer,Ligue 1,segment,exploratory_evaluated,ligue1,espn_team,segment,supported,frozen score model,exact,unavailable: training support below threshold,unavailable: segment markets (quarters/halves/innings): no new historical quotes by scope decision,out of market scope
KXUEFASC2HTOTAL,Soccer,UEFA Super Cup,segment,not_attempted_supported_sport,,,,unattempted,no independent results adapter for this competition in Phase 1 (game_winner only via Kalshi-only path),,,,
KXDFBPOKAL1HBTTS,Soccer,DFB Pokal,segment,not_attempted_supported_sport,,,,unattempted,no independent results adapter for this competition in Phase 1 (game_winner only via Kalshi-only path),,,,
KXENGCS1HSPREAD,Soccer,Community Shield,segment,not_attempted_supported_sport,,,,unattempted,no independent results adapter for this competition in Phase 1 (game_winner only via Kalshi-only path),,,,
KXSERIEA2HSPREAD,Soccer,Serie A,segment,exploratory_evaluated,seriea,espn_team,segment,supported,frozen score model,exact,unavailable: training support below threshold,unavailable: segment markets (quarters/halves/innings): no new historical quotes by scope decision,out of market scope
KXUSOPENCUP1HBTTS,Soccer,US Open Cup,segment,not_attempted_supported_sport,,,,unattempted,no independent results adapter for this competition in Phase 1 (game_winner only via Kalshi-only path),,,,
KXGERSC1HSPREAD,Soccer,Germany Super Cup,segment,not_attempted_supported_sport,,,,unattempted,no independent results adapter for this competition in Phase 1 (game_winner only via Kalshi-only path),,,,
KXGERSC1HBTTS,Soccer,Germany Super Cup,segment,not_attempted_supported_sport,,,,unattempted,no independent results adapter for this competition in Phase 1 (game_winner only via Kalshi-only path),,,,
KXUSLCUP1HBTTS,Soccer,USL Cup,segment,not_attempted_supported_sport,,,,unattempted,no independent results adapter for this competition in Phase 1 (game_winner only via Kalshi-only path),,,,
KXCOPADELREY1HTOTAL,Soccer,Copa del Rey,segment,not_attempted_supported_sport,,,,unattempted,no independent results adapter for this competition in Phase 1 (game_winner only via Kalshi-only path),,,,
KXTACAPORT1HBTTS,Soccer,Taca de Portugal,segment,not_attempted_supported_sport,,,,unattempted,no independent results adapter for this competition in Phase 1 (game_winner only via Kalshi-only path),,,,
KXFACUP1HTOTAL,Soccer,FA Cup,segment,not_attempted_supported_sport,,,,unattempted,no independent results adapter for this competition in Phase 1 (game_winner only via Kalshi-only path),,,,
KXTACAPORT1HSPREAD,Soccer,Taca de Portugal,segment,not_attempted_supported_sport,,,,unattempted,no independent results adapter for this competition in Phase 1 (game_winner only via Kalshi-only path),,,,
KXUEFASC2H,Soccer,UEFA Super Cup,segment,not_attempted_supported_sport,,,,unattempted,no independent results adapter for this competition in Phase 1 (game_winner only via Kalshi-only path),,,,
KXUSLCUP1HSPREAD,Soccer,USL Cup,segment,not_attempted_supported_sport,,,,unattempted,no independent results adapter for this competition in Phase 1 (game_winner only via Kalshi-only path),,,,
KXFRASUPERCUP1HSPREAD,Soccer,France Super Cup,segment,not_attempted_supported_sport,,,,unattempted,no independent results adapter for this competition in Phase 1 (game_winner only via Kalshi-only path),,,,
KXUSOPENCUP1HSPREAD,Soccer,US Open Cup,segment,not_attempted_supported_sport,,,,unattempted,no independent results adapter for this competition in Phase 1 (game_winner only via Kalshi-only path),,,,
KXCOPADELREY1HSPREAD,Soccer,Copa del Rey,segment,not_attempted_supported_sport,,,,unattempted,no independent results adapter for this competition in Phase 1 (game_winner only via Kalshi-only path),,,,
KXUEFASC2HSPREAD,Soccer,UEFA Super Cup,segment,not_attempted_supported_sport,,,,unattempted,no independent results adapter for this competition in Phase 1 (game_winner only via Kalshi-only path),,,,
KXFRASUPERCUP1HBTTS,Soccer,France Super Cup,segment,not_attempted_supported_sport,,,,unattempted,no independent results adapter for this competition in Phase 1 (game_winner only via Kalshi-only path),,,,
KXFACUP1HBTTS,Soccer,FA Cup,segment,not_attempted_supported_sport,,,,unattempted,no independent results adapter for this competition in Phase 1 (game_winner only via Kalshi-only path),,,,
KXCOPADELREY1HBTTS,Soccer,Copa del Rey,segment,not_attempted_supported_sport,,,,unattempted,no independent results adapter for this competition in Phase 1 (game_winner only via Kalshi-only path),,,,
KXFACUP1HSPREAD,Soccer,FA Cup,segment,not_attempted_supported_sport,,,,unattempted,no independent results adapter for this competition in Phase 1 (game_winner only via Kalshi-only path),,,,
KXAFCAC1H,Soccer,,segment,not_attempted_supported_sport,,,,unattempted,no traded markets,,,,
KXAFCAC1HBTTS,Soccer,,segment,not_attempted_supported_sport,,,,unattempted,no traded markets,,,,
KXAFCAC1HSPREAD,Soccer,,segment,not_attempted_supported_sport,,,,unattempted,no traded markets,,,,
KXAFCAC1HTOTAL,Soccer,,segment,not_attempted_supported_sport,,,,unattempted,no traded markets,,,,
KXALEAGUE1H,Soccer,,segment,not_attempted_supported_sport,,,,unattempted,no traded markets,,,,
KXALEAGUE1HBTTS,Soccer,,segment,not_attempted_supported_sport,,,,unattempted,no traded markets,,,,
KXALEAGUE1HSPREAD,Soccer,,segment,not_attempted_supported_sport,,,,unattempted,no traded markets,,,,
KXALEAGUE1HTOTAL,Soccer,,segment,not_attempted_supported_sport,,,,unattempted,no traded markets,,,,
KXCLUBWC1H,Soccer,,segment,not_attempted_supported_sport,,,,unattempted,no traded markets,,,,
KXCLUBWC1HBTTS,Soccer,,segment,not_attempted_supported_sport,,,,unattempted,no traded markets,,,,
KXCLUBWC1HSCORE,Soccer,,segment,not_attempted_supported_sport,,,,unattempted,no traded markets,,,,
KXCLUBWC1HSPREAD,Soccer,,segment,not_attempted_supported_sport,,,,unattempted,no traded markets,,,,
KXCLUBWC1HTOTAL,Soccer,,segment,not_attempted_supported_sport,,,,unattempted,no traded markets,,,,
KXCLUBWC2H,Soccer,,segment,not_attempted_supported_sport,,,,unattempted,no traded markets,,,,
KXCLUBWC2HBTTS,Soccer,,segment,not_attempted_supported_sport,,,,unattempted,no traded markets,,,,
KXCLUBWC2HSPREAD,Soccer,,segment,not_attempted_supported_sport,,,,unattempted,no traded markets,,,,
KXCLUBWC2HTOTAL,Soccer,,segment,not_attempted_supported_sport,,,,unattempted,no traded markets,,,,
KXCONCACAFCCUP1H,Soccer,,segment,not_attempted_supported_sport,,,,unattempted,no traded markets,,,,
KXCONCACAFCCUP1HBTTS,Soccer,,segment,not_attempted_supported_sport,,,,unattempted,no traded markets,,,,
KXCONCACAFCCUP1HSPREAD,Soccer,,segment,not_attempted_supported_sport,,,,unattempted,no traded markets,,,,
KXCONCACAFCCUP1HTOTAL,Soccer,,segment,not_attempted_supported_sport,,,,unattempted,no traded markets,,,,
KXCOUPEDEFRANCE1H,Soccer,,segment,not_attempted_supported_sport,,,,unattempted,no traded markets,,,,
KXCOUPEDEFRANCE1HBTTS,Soccer,,segment,not_attempted_supported_sport,,,,unattempted,no traded markets,,,,
KXCOUPEDEFRANCE1HSPREAD,Soccer,,segment,not_attempted_supported_sport,,,,unattempted,no traded markets,,,,
KXCOUPEDEFRANCE1HTOTAL,Soccer,,segment,not_attempted_supported_sport,,,,unattempted,no traded markets,,,,
KXENGCS1HSCORE,Soccer,,segment,not_attempted_supported_sport,,,,unattempted,no traded markets,,,,
KXENGCS2H,Soccer,,segment,not_attempted_supported_sport,,,,unattempted,no traded markets,,,,
KXENGCS2HBTTS,Soccer,,segment,not_attempted_supported_sport,,,,unattempted,no traded markets,,,,
KXENGCS2HSPREAD,Soccer,,segment,not_attempted_supported_sport,,,,unattempted,no traded markets,,,,
KXENGCS2HTOTAL,Soccer,,segment,not_attempted_supported_sport,,,,unattempted,no traded markets,,,,
KXESPSUPERCUP1H,Soccer,,segment,not_attempted_supported_sport,,,,unattempted,no traded markets,,,,
KXESPSUPERCUP1HBTTS,Soccer,,segment,not_attempted_supported_sport,,,,unattempted,no traded markets,,,,
KXESPSUPERCUP1HSPREAD,Soccer,,segment,not_attempted_supported_sport,,,,unattempted,no traded markets,,,,
KXESPSUPERCUP1HTOTAL,Soccer,,segment,not_attempted_supported_sport,,,,unattempted,no traded markets,,,,
KXFACUP1HSCORE,Soccer,,segment,not_attempted_supported_sport,,,,unattempted,no traded markets,,,,
KXFACUP2H,Soccer,,segment,not_attempted_supported_sport,,,,unattempted,no traded markets,,,,
KXFACUP2HBTTS,Soccer,,segment,not_attempted_supported_sport,,,,unattempted,no traded markets,,,,
KXFACUP2HSPREAD,Soccer,,segment,not_attempted_supported_sport,,,,unattempted,no traded markets,,,,
KXFACUP2HTOTAL,Soccer,,segment,not_attempted_supported_sport,,,,unattempted,no traded markets,,,,
KXFINALISSIMA1H,Soccer,,segment,not_attempted_supported_sport,,,,unattempted,no traded markets,,,,
KXFINALISSIMA1HBTTS,Soccer,,segment,not_attempted_supported_sport,,,,unattempted,no traded markets,,,,
KXFINALISSIMA1HSPREAD,Soccer,,segment,not_attempted_supported_sport,,,,unattempted,no traded markets,,,,
KXFINALISSIMA1HTOTAL,Soccer,,segment,not_attempted_supported_sport,,,,unattempted,no traded markets,,,,
KXITASUPERCUP1H,Soccer,,segment,not_attempted_supported_sport,,,,unattempted,no traded markets,,,,
KXITASUPERCUP1HBTTS,Soccer,,segment,not_attempted_supported_sport,,,,unattempted,no traded markets,,,,
KXITASUPERCUP1HSPREAD,Soccer,,segment,not_attempted_supported_sport,,,,unattempted,no traded markets,,,,
KXITASUPERCUP1HTOTAL,Soccer,,segment,not_attempted_supported_sport,,,,unattempted,no traded markets,,,,
KXUEFASC1HSCORE,Soccer,,segment,not_attempted_supported_sport,,,,unattempted,no traded markets,,,,
KXWCSPREAD,Soccer,FIFA World Cup,spread,not_attempted_supported_sport,,,,unattempted,no independent results adapter for this competition in Phase 1 (game_winner only via Kalshi-only path),,,,
KXLALIGASPREAD,Soccer,La Liga,spread,strict_evaluated,laliga,espn_team,spread,supported,frozen score model,exact,unavailable: training support below threshold,unavailable: matched training support below threshold,candle rule
KXEPLSPREAD,Soccer,EPL,spread,strict_evaluated,epl,espn_team,spread,supported,frozen score model,exact,unavailable: training support below threshold,unavailable: matched training support below threshold,candle rule
KXUCLSPREAD,Soccer,Champions League,spread,strict_evaluated,ucl,espn_team,spread,supported,frozen score model,exact,unavailable: training support below threshold,unavailable: matched training support below threshold,candle rule
KXMLSSPREAD,Soccer,MLS,spread,exploratory_evaluated,mls,espn_team,spread,supported,frozen score model,exact,unavailable: training support below threshold,unavailable: matched training support below threshold,candle rule
KXLIGAMXSPREAD,Soccer,Liga MX,spread,exploratory_evaluated,ligamx,espn_team,spread,supported,frozen score model,exact,unavailable: training support below threshold,unavailable: matched training support below threshold,candle rule
KXCLUBFSPREAD,Soccer,Club Friendlies,spread,not_attempted_supported_sport,,,,unattempted,no independent results adapter for this competition in Phase 1 (game_winner only via Kalshi-only path),,,,
KXINTLFRIENDLYSPREAD,Soccer,Intl Friendlies,spread,not_attempted_supported_sport,,,,unattempted,no independent results adapter for this competition in Phase 1 (game_winner only via Kalshi-only path),,,,
KXUEFANLSPREAD,Soccer,UEFA Nations League,spread,not_attempted_supported_sport,,,,unattempted,no independent results adapter for this competition in Phase 1 (game_winner only via Kalshi-only path),,,,
KXLEAGUESCUPSPREAD,Soccer,Leagues Cup,spread,not_attempted_supported_sport,,,,unattempted,no independent results adapter for this competition in Phase 1 (game_winner only via Kalshi-only path),,,,
KXSERIEASPREAD,Soccer,Serie A,spread,strict_evaluated,seriea,espn_team,spread,supported,frozen score model,exact,unavailable: training support below threshold,unavailable: matched training support below threshold,candle rule
KXBUNDESLIGASPREAD,Soccer,Bundesliga,spread,strict_evaluated,bundesliga,espn_team,spread,supported,frozen score model,exact,unavailable: training support below threshold,unavailable: matched training support below threshold,candle rule
KXARGPREMDIVSPREAD,Soccer,Argentina Primera Division,spread,exploratory_evaluated,argentina,espn_team,spread,supported,frozen score model,exact,unavailable: training support below threshold,unavailable: matched training support below threshold,candle rule
KXUECLSPREAD,Soccer,Conference League,spread,exploratory_evaluated,uecl,espn_team,spread,supported,frozen score model,exact,unavailable: training support below threshold,unavailable: matched training support below threshold,candle rule
KXLIGUE1SPREAD,Soccer,Ligue 1,spread,strict_evaluated,ligue1,espn_team,spread,supported,frozen score model,exact,unavailable: training support below threshold,unavailable: matched training support below threshold,candle rule
KXCONCACAFNLSPREAD,Soccer,CONCACAF Nations League,spread,not_attempted_supported_sport,,,,unattempted,no independent results adapter for this competition in Phase 1 (game_winner only via Kalshi-only path),,,,
KXBRASILEIROSPREAD,Soccer,Brasileiro,spread,exploratory_evaluated,brasileiro,espn_team,spread,supported,frozen score model,exact,unavailable: training support below threshold,unavailable: matched training support below threshold,candle rule
KXDIMAYORSPREAD,Soccer,Colombian Liga DIMAYOR,spread,not_attempted_supported_sport,,,,unattempted,no independent results adapter for this competition in Phase 1 (game_winner only via Kalshi-only path),,,,
KXUELSPREAD,Soccer,Europa League,spread,exploratory_evaluated,uel,espn_team,spread,supported,frozen score model,exact,unavailable: training support below threshold,unavailable: matched training support below threshold,candle rule
KXECULPSPREAD,Soccer,Ecuador LigaPro,spread,not_attempted_supported_sport,,,,unattempted,no independent results adapter for this competition in Phase 1 (game_winner only via Kalshi-only path),,,,
KXALLSVENSKANSPREAD,Soccer,Allsvenskan,spread,not_attempted_supported_sport,,,,unattempted,no independent results adapter for this competition in Phase 1 (game_winner only via Kalshi-only path),,,,
KXSAUDIPLSPREAD,Soccer,Saudi Pro League,spread,exploratory_evaluated,saudi,espn_team,spread,supported,frozen score model,exact,unavailable: training support below threshold,unavailable: matched training support below threshold,candle rule
KXBRASILEIROBSPREAD,Soccer,Brasileiro Serie B,spread,not_attempted_supported_sport,,,,unattempted,no independent results adapter for this competition in Phase 1 (game_winner only via Kalshi-only path),,,,
KXAPFDDHSPREAD,Soccer,APF Division de Honor,spread,not_attempted_supported_sport,,,,unattempted,no independent results adapter for this competition in Phase 1 (game_winner only via Kalshi-only path),,,,
KXUCLWSPREAD,Soccer,Champions League Womens,spread,not_attempted_supported_sport,,,,unattempted,no independent results adapter for this competition in Phase 1 (game_winner only via Kalshi-only path),,,,
KXPERLIGA1SPREAD,Soccer,Peru Liga 1,spread,not_attempted_supported_sport,,,,unattempted,no independent results adapter for this competition in Phase 1 (game_winner only via Kalshi-only path),,,,
KXEFLCUPSPREAD,Soccer,EFL Cup,spread,not_attempted_supported_sport,,,,unattempted,no independent results adapter for this competition in Phase 1 (game_winner only via Kalshi-only path),,,,
KXCHNSLSPREAD,Soccer,Chinese Super League,spread,not_attempted_supported_sport,,,,unattempted,no independent results adapter for this competition in Phase 1 (game_winner only via Kalshi-only path),,,,
KXEFLCHAMPIONSHIPSPREAD,Soccer,EFL Championship,spread,exploratory_evaluated,eflc,espn_team,spread,supported,frozen score model,exact,unavailable: training support below threshold,unavailable: matched training support below threshold,candle rule
KXCONMEBOLSUDSPREAD,Soccer,CONMEBOL Sudamericana,spread,not_attempted_supported_sport,,,,unattempted,no independent results adapter for this competition in Phase 1 (game_winner only via Kalshi-only path),,,,
KXELITESERIENSPREAD,Soccer,Eliteserien,spread,not_attempted_supported_sport,,,,unattempted,no independent results adapter for this competition in Phase 1 (game_winner only via Kalshi-only path),,,,
KXLIGAPORTUGALSPREAD,Soccer,Liga Portugal,spread,exploratory_evaluated,ligaportugal,espn_team,spread,supported,frozen score model,exact,unavailable: training support below threshold,unavailable: matched training support below threshold,candle rule
KXEREDIVISIESPREAD,Soccer,Eredivisie,spread,exploratory_evaluated,eredivisie,espn_team,spread,supported,frozen score model,exact,unavailable: training support below threshold,unavailable: matched training support below threshold,candle rule
KXASEANSPREAD,Soccer,ASEAN Championship,spread,not_attempted_supported_sport,,,,unattempted,no independent results adapter for this competition in Phase 1 (game_winner only via Kalshi-only path),,,,
KXJLEAGUESPREAD,Soccer,Japan J1 League,spread,not_attempted_supported_sport,,,,unattempted,no independent results adapter for this competition in Phase 1 (game_winner only via Kalshi-only path),,,,
KXLALIGA2SPREAD,Soccer,La Liga 2,spread,not_attempted_supported_sport,,,,unattempted,no independent results adapter for this competition in Phase 1 (game_winner only via Kalshi-only path),,,,
KXAFCONSPREAD,Soccer,AFCON Qualifiers,spread,not_attempted_supported_sport,,,,unattempted,no independent results adapter for this competition in Phase 1 (game_winner only via Kalshi-only path),,,,
KXCOPADOBRASILSPREAD,Soccer,Copa do Brasil,spread,not_attempted_supported_sport,,,,unattempted,no independent results adapter for this competition in Phase 1 (game_winner only via Kalshi-only path),,,,
KXSUPERLIGSPREAD,Soccer,Super Lig,spread,not_attempted_supported_sport,,,,unattempted,no independent results adapter for this competition in Phase 1 (game_winner only via Kalshi-only path),,,,
KXLIGAEXPSPREAD,Soccer,Liga de Expansion MX,spread,not_attempted_supported_sport,,,,unattempted,no independent results adapter for this competition in Phase 1 (game_winner only via Kalshi-only path),,,,
KXURYPDSPREAD,Soccer,Uruguay Primera Division,spread,not_attempted_supported_sport,,,,unattempted,no independent results adapter for this competition in Phase 1 (game_winner only via Kalshi-only path),,,,
KXFACUPSPREAD,Soccer,FA Cup,spread,not_attempted_supported_sport,,,,unattempted,no independent results adapter for this competition in Phase 1 (game_winner only via Kalshi-only path),,,,
KXSCOTTISHPREMSPREAD,Soccer,Scottish Premiership,spread,not_attempted_supported_sport,,,,unattempted,no independent results adapter for this competition in Phase 1 (game_winner only via Kalshi-only path),,,,
KXEKSTRAKLASASPREAD,Soccer,Ekstraklasa,spread,not_attempted_supported_sport,,,,unattempted,no independent results adapter for this competition in Phase 1 (game_winner only via Kalshi-only path),,,,
KXARGNACBSPREAD,Soccer,Argentine Nacional B,spread,not_attempted_supported_sport,,,,unattempted,no independent results adapter for this competition in Phase 1 (game_winner only via Kalshi-only path),,,,
KXNWSLSPREAD,Soccer,NWSL,spread,not_attempted_supported_sport,,,,unattempted,no independent results adapter for this competition in Phase 1 (game_winner only via Kalshi-only path),,,,
KXCHLLDPSPREAD,Soccer,Chile Liga de Primera,spread,not_attempted_supported_sport,,,,unattempted,no independent results adapter for this competition in Phase 1 (game_winner only via Kalshi-only path),,,,
KXEGYPLSPREAD,Soccer,Egyptian Premier League,spread,not_attempted_supported_sport,,,,unattempted,no independent results adapter for this competition in Phase 1 (game_winner only via Kalshi-only path),,,,
KXCONMEBOLLIBSPREAD,Soccer,CONMEBOL Libertadores,spread,not_attempted_supported_sport,,,,unattempted,no independent results adapter for this competition in Phase 1 (game_winner only via Kalshi-only path),,,,
KXCZEFLSPREAD,Soccer,Czech First League,spread,not_attempted_supported_sport,,,,unattempted,no independent results adapter for this competition in Phase 1 (game_winner only via Kalshi-only path),,,,
KXBELGIANPLSPREAD,Soccer,Belgian Pro League,spread,not_attempted_supported_sport,,,,unattempted,no independent results adapter for this competition in Phase 1 (game_winner only via Kalshi-only path),,,,
KXDENSUPERLIGASPREAD,Soccer,Danish Superliga,spread,not_attempted_supported_sport,,,,unattempted,no independent results adapter for this competition in Phase 1 (game_winner only via Kalshi-only path),,,,
KXKLEAGUESPREAD,Soccer,Korea K League 1,spread,not_attempted_supported_sport,,,,unattempted,no independent results adapter for this competition in Phase 1 (game_winner only via Kalshi-only path),,,,
KXDFBPOKALSPREAD,Soccer,DFB Pokal,spread,not_attempted_supported_sport,,,,unattempted,no independent results adapter for this competition in Phase 1 (game_winner only via Kalshi-only path),,,,
KXUSLSPREAD,Soccer,USL Championship,spread,not_attempted_supported_sport,,,,unattempted,no independent results adapter for this competition in Phase 1 (game_winner only via Kalshi-only path),,,,
KXSERIECSPREAD,Soccer,Serie C,spread,not_attempted_supported_sport,,,,unattempted,no independent results adapter for this competition in Phase 1 (game_winner only via Kalshi-only path),,,,
KXBUNDESLIGA2SPREAD,Soccer,Bundesliga 2,spread,exploratory_evaluated,bundesliga2,espn_team,spread,supported,frozen score model,exact,unavailable: training support below threshold,unavailable: matched training support below threshold,candle rule
KXJ2LEAGUESPREAD,Soccer,Japan J2 League,spread,not_attempted_supported_sport,,,,unattempted,no independent results adapter for this competition in Phase 1 (game_winner only via Kalshi-only path),,,,
KXSWISSLEAGUESPREAD,Soccer,Swiss Super League,spread,not_attempted_supported_sport,,,,unattempted,no independent results adapter for this competition in Phase 1 (game_winner only via Kalshi-only path),,,,
KXEERSTEDIVSPREAD,Soccer,Eerste Divisie,spread,not_attempted_supported_sport,,,,unattempted,no independent results adapter for this competition in Phase 1 (game_winner only via Kalshi-only path),,,,
KXAFCCLSPREAD,Soccer,AFC Champions League,spread,not_attempted_supported_sport,,,,unattempted,no independent results adapter for this competition in Phase 1 (game_winner only via Kalshi-only path),,,,
KXETTANSPREAD,Soccer,Ettan,spread,not_attempted_supported_sport,,,,unattempted,no independent results adapter for this competition in Phase 1 (game_winner only via Kalshi-only path),,,,
KXCOPADELREYSPREAD,Soccer,Copa del Rey,spread,not_attempted_supported_sport,,,,unattempted,no independent results adapter for this competition in Phase 1 (game_winner only via Kalshi-only path),,,,
KXENGNLSPREAD,Soccer,English National League,spread,not_attempted_supported_sport,,,,unattempted,no independent results adapter for this competition in Phase 1 (game_winner only via Kalshi-only path),,,,
KXUAEPLSPREAD,Soccer,UAE Pro League,spread,not_attempted_supported_sport,,,,unattempted,no independent results adapter for this competition in Phase 1 (game_winner only via Kalshi-only path),,,,
KXCANPLSPREAD,Soccer,Canadian Premier League,spread,not_attempted_supported_sport,,,,unattempted,no independent results adapter for this competition in Phase 1 (game_winner only via Kalshi-only path),,,,
KXBRASILEIROCSPREAD,Soccer,Brasileiro Serie C,spread,not_attempted_supported_sport,,,,unattempted,no independent results adapter for this competition in Phase 1 (game_winner only via Kalshi-only path),,,,
KXALEAGUESPREAD,Soccer,A-League,spread,not_attempted_supported_sport,,,,unattempted,no independent results adapter for this competition in Phase 1 (game_winner only via Kalshi-only path),,,,
KXTFF1LIGSPREAD,Soccer,TFF 1. Lig,spread,not_attempted_supported_sport,,,,unattempted,no independent results adapter for this competition in Phase 1 (game_winner only via Kalshi-only path),,,,
KXVENFUTVESPREAD,Soccer,Venezuela Liga FUTVE,spread,not_attempted_supported_sport,,,,unattempted,no independent results adapter for this competition in Phase 1 (game_winner only via Kalshi-only path),,,,
KXCOPPAITALIASPREAD,Soccer,Coppa Italia,spread,not_attempted_supported_sport,,,,unattempted,no independent results adapter for this competition in Phase 1 (game_winner only via Kalshi-only path),,,,
KXEFLL1SPREAD,Soccer,EFL League One,spread,not_attempted_supported_sport,,,,unattempted,no independent results adapter for this competition in Phase 1 (game_winner only via Kalshi-only path),,,,
KXFIFASPREAD,Soccer,FIFA World Cup Qualifiers,spread,not_attempted_supported_sport,,,,unattempted,no independent results adapter for this competition in Phase 1 (game_winner only via Kalshi-only path),,,,
KXCZEFNLSPREAD,Soccer,Czech National Football League,spread,not_attempted_supported_sport,,,,unattempted,no independent results adapter for this competition in Phase 1 (game_winner only via Kalshi-only path),,,,
KXHNLSPREAD,Soccer,Croatia HNL,spread,not_attempted_supported_sport,,,,unattempted,no independent results adapter for this competition in Phase 1 (game_winner only via Kalshi-only path),,,,
KXSVK2LSPREAD,Soccer,Slovakian 2. Liga,spread,not_attempted_supported_sport,,,,unattempted,no independent results adapter for this competition in Phase 1 (game_winner only via Kalshi-only path),,,,
KXCHNL1SPREAD,Soccer,China League 1,spread,not_attempted_supported_sport,,,,unattempted,no independent results adapter for this competition in Phase 1 (game_winner only via Kalshi-only path),,,,
KXGRECUPSPREAD,Soccer,Greek Cup,spread,not_attempted_supported_sport,,,,unattempted,no independent results adapter for this competition in Phase 1 (game_winner only via Kalshi-only path),,,,
KXFINYLSPREAD,Soccer,Finnish Ykkosliiga,spread,not_attempted_supported_sport,,,,unattempted,no independent results adapter for this competition in Phase 1 (game_winner only via Kalshi-only path),,,,
KXLVAVIRSPREAD,Soccer,Latvian Virsliga,spread,not_attempted_supported_sport,,,,unattempted,no independent results adapter for this competition in Phase 1 (game_winner only via Kalshi-only path),,,,
KXISRNLSPREAD,Soccer,Liga Leumit,spread,not_attempted_supported_sport,,,,unattempted,no independent results adapter for this competition in Phase 1 (game_winner only via Kalshi-only path),,,,
KXGER3LSPREAD,Soccer,German 3. Liga,spread,not_attempted_supported_sport,,,,unattempted,no independent results adapter for this competition in Phase 1 (game_winner only via Kalshi-only path),,,,
KXLIGUE2SPREAD,Soccer,Ligue 2,spread,not_attempted_supported_sport,,,,unattempted,no independent results adapter for this competition in Phase 1 (game_winner only via Kalshi-only path),,,,
KXUEFASCSPREAD,Soccer,UEFA Super Cup,spread,not_attempted_supported_sport,,,,unattempted,no independent results adapter for this competition in Phase 1 (game_winner only via Kalshi-only path),,,,
KXSERIEBSPREAD,Soccer,Serie B,spread,not_attempted_supported_sport,,,,unattempted,no independent results adapter for this competition in Phase 1 (game_winner only via Kalshi-only path),,,,
KXVLEAGUE1SPREAD,Soccer,Vietnam V-League 1,spread,not_attempted_supported_sport,,,,unattempted,no independent results adapter for this competition in Phase 1 (game_winner only via Kalshi-only path),,,,
KXIDNSLSPREAD,Soccer,Indonesia Super League,spread,not_attempted_supported_sport,,,,unattempted,no independent results adapter for this competition in Phase 1 (game_winner only via Kalshi-only path),,,,
KXMYSLSPREAD,Soccer,Malaysia Super League,spread,not_attempted_supported_sport,,,,unattempted,no independent results adapter for this competition in Phase 1 (game_winner only via Kalshi-only path),,,,
KXSVKCUPSPREAD,Soccer,Slovakian Cup,spread,not_attempted_supported_sport,,,,unattempted,no independent results adapter for this competition in Phase 1 (game_winner only via Kalshi-only path),,,,
KXTWEEDEDIVSPREAD,Soccer,Tweede Divisie,spread,not_attempted_supported_sport,,,,unattempted,no independent results adapter for this competition in Phase 1 (game_winner only via Kalshi-only path),,,,
KXSRBSLSPREAD,Soccer,Serbian SuperLiga,spread,not_attempted_supported_sport,,,,unattempted,no independent results adapter for this competition in Phase 1 (game_winner only via Kalshi-only path),,,,
KXTHAIL1SPREAD,Soccer,Thai League 1,spread,not_attempted_supported_sport,,,,unattempted,no independent results adapter for this competition in Phase 1 (game_winner only via Kalshi-only path),,,,
KXTACAPORTSPREAD,Soccer,Taca de Portugal,spread,not_attempted_supported_sport,,,,unattempted,no independent results adapter for this competition in Phase 1 (game_winner only via Kalshi-only path),,,,
KXSLGREECESPREAD,Soccer,Greece Super League,spread,not_attempted_supported_sport,,,,unattempted,no independent results adapter for this competition in Phase 1 (game_winner only via Kalshi-only path),,,,
KXSCOCUPSPREAD,Soccer,Scottish League Cup,spread,not_attempted_supported_sport,,,,unattempted,no independent results adapter for this competition in Phase 1 (game_winner only via Kalshi-only path),,,,
KXISRPLSPREAD,Soccer,Israeli Premier League,spread,not_attempted_supported_sport,,,,unattempted,no independent results adapter for this competition in Phase 1 (game_winner only via Kalshi-only path),,,,
KXK2LEAGUESPREAD,Soccer,Korea K-League 2,spread,not_attempted_supported_sport,,,,unattempted,no independent results adapter for this competition in Phase 1 (game_winner only via Kalshi-only path),,,,
KXENGCSSPREAD,Soccer,Community Shield,spread,not_attempted_supported_sport,,,,unattempted,no independent results adapter for this competition in Phase 1 (game_winner only via Kalshi-only path),,,,
KXKNVBCUPSPREAD,Soccer,KNVB,spread,not_attempted_supported_sport,,,,unattempted,no independent results adapter for this competition in Phase 1 (game_winner only via Kalshi-only path),,,,
KXSVNPLSPREAD,Soccer,Slovenian Prva Liga,spread,not_attempted_supported_sport,,,,unattempted,no independent results adapter for this competition in Phase 1 (game_winner only via Kalshi-only path),,,,
KXSERIECCUPSPREAD,Soccer,Coppa Italia Lega Pro,spread,not_attempted_supported_sport,,,,unattempted,no independent results adapter for this competition in Phase 1 (game_winner only via Kalshi-only path),,,,
KXGERSCSPREAD,Soccer,Germany Super Cup,spread,not_attempted_supported_sport,,,,unattempted,no independent results adapter for this competition in Phase 1 (game_winner only via Kalshi-only path),,,,
KXFROPLSPREAD,Soccer,Faroe Islands Premier League,spread,not_attempted_supported_sport,,,,unattempted,no independent results adapter for this competition in Phase 1 (game_winner only via Kalshi-only path),,,,
KXSGPPLSPREAD,Soccer,Singapore Premier League,spread,not_attempted_supported_sport,,,,unattempted,no independent results adapter for this competition in Phase 1 (game_winner only via Kalshi-only path),,,,
KXUSOPENCUPSPREAD,Soccer,US Open Cup,spread,not_attempted_supported_sport,,,,unattempted,no independent results adapter for this competition in Phase 1 (game_winner only via Kalshi-only path),,,,
KXFRASUPERCUPSPREAD,Soccer,France Super Cup,spread,not_attempted_supported_sport,,,,unattempted,no independent results adapter for this competition in Phase 1 (game_winner only via Kalshi-only path),,,,
KXEFLTROPHYSPREAD,Soccer,EFL Trophy,spread,not_attempted_supported_sport,,,,unattempted,no independent results adapter for this competition in Phase 1 (game_winner only via Kalshi-only path),,,,
KXMLSASTSPREAD,Soccer,MLS All-Star Game,spread,not_attempted_supported_sport,,,,unattempted,no independent results adapter for this competition in Phase 1 (game_winner only via Kalshi-only path),,,,
KXUSLCUPSPREAD,Soccer,USL Cup,spread,not_attempted_supported_sport,,,,unattempted,no independent results adapter for this competition in Phase 1 (game_winner only via Kalshi-only path),,,,
KXISRPLCUPSPREAD,Soccer,Premier League Cup,spread,not_attempted_supported_sport,,,,unattempted,no independent results adapter for this competition in Phase 1 (game_winner only via Kalshi-only path),,,,
KXFINCUPSPREAD,Soccer,Suomen Cup,spread,not_attempted_supported_sport,,,,unattempted,no independent results adapter for this competition in Phase 1 (game_winner only via Kalshi-only path),,,,
KXFROCUPSPREAD,Soccer,Faroe Islands Cup,spread,not_attempted_supported_sport,,,,unattempted,no independent results adapter for this competition in Phase 1 (game_winner only via Kalshi-only path),,,,
KXAFCACSPREAD,Soccer,,spread,not_attempted_supported_sport,,,,unattempted,no traded markets,,,,
KXCLUBWCSPREAD,Soccer,,spread,not_attempted_supported_sport,,,,unattempted,no traded markets,,,,
KXCONCACAFCCUPSPREAD,Soccer,,spread,not_attempted_supported_sport,,,,unattempted,no traded markets,,,,
KXCOUPEDEFRANCESPREAD,Soccer,,spread,not_attempted_supported_sport,,,,unattempted,no traded markets,,,,
KXESPSUPERCUPSPREAD,Soccer,,spread,not_attempted_supported_sport,,,,unattempted,no traded markets,,,,
KXFIFAWSPREAD,Soccer,,spread,not_attempted_supported_sport,,,,unattempted,no traded markets,,,,
KXFINALISSIMASPREAD,Soccer,,spread,not_attempted_supported_sport,,,,unattempted,no traded markets,,,,
KXISRNLCUPSPREAD,Soccer,,spread,not_attempted_supported_sport,,,,unattempted,no traded markets,,,,
KXISRSCUPSPREAD,Soccer,,spread,not_attempted_supported_sport,,,,unattempted,no traded markets,,,,
KXISRSUPCUPSPREAD,Soccer,,spread,not_attempted_supported_sport,,,,unattempted,no traded markets,,,,
KXITASUPERCUPSPREAD,Soccer,,spread,not_attempted_supported_sport,,,,unattempted,no traded markets,,,,
KXSERIECSCUPSPREAD,Soccer,,spread,not_attempted_supported_sport,,,,unattempted,no traded markets,,,,
KXSOCCERSPREAD,Soccer,,spread,not_attempted_supported_sport,,,,unattempted,no traded markets,,,,
KXSRBCUPSPREAD,Soccer,,spread,not_attempted_supported_sport,,,,unattempted,no traded markets,,,,
KXSVNCUPSPREAD,Soccer,,spread,not_attempted_supported_sport,,,,unattempted,no traded markets,,,,
KXWCTEAMTOTAL,Soccer,FIFA World Cup,team_total,not_attempted_supported_sport,,,,unattempted,no independent results adapter for this competition in Phase 1 (game_winner only via Kalshi-only path),,,,
KXUEFANLTEAMTOTAL,Soccer,UEFA Nations League,team_total,not_attempted_supported_sport,,,,unattempted,no independent results adapter for this competition in Phase 1 (game_winner only via Kalshi-only path),,,,
KXLALIGATEAMTOTAL,Soccer,La Liga,team_total,exploratory_evaluated,laliga,espn_team,team_total,supported,frozen score model,exact,unavailable: training support below threshold,unavailable: matched training support below threshold,candle rule
KXEPLTEAMTOTAL,Soccer,EPL,team_total,exploratory_evaluated,epl,espn_team,team_total,supported,frozen score model,exact,unavailable: training support below threshold,unavailable: matched training support below threshold,candle rule
KXLIGAMXTEAMTOTAL,Soccer,Liga MX,team_total,exploratory_evaluated,ligamx,espn_team,team_total,supported,frozen score model,exact,unavailable: training support below threshold,unavailable: matched training support below threshold,candle rule
KXLEAGUESCUPTEAMTOTAL,Soccer,Leagues Cup,team_total,not_attempted_supported_sport,,,,unattempted,no independent results adapter for this competition in Phase 1 (game_winner only via Kalshi-only path),,,,
KXMLSTEAMTOTAL,Soccer,MLS,team_total,exploratory_evaluated,mls,espn_team,team_total,supported,frozen score model,exact,unavailable: training support below threshold,unavailable: matched training support below threshold,candle rule
KXUECLTEAMTOTAL,Soccer,Conference League,team_total,excluded_no_reconciled_contracts,uecl,espn_team,team_total,unsupported,series failed or unreconciled in the sports_phase1_v2 gate (never scored),exact,,,candle rule
KXUELTEAMTOTAL,Soccer,Europa League,team_total,exploratory_evaluated,uel,espn_team,team_total,supported,frozen score model,exact,unavailable: training support below threshold,unavailable: matched training support below threshold,candle rule
KXBRASILEIROTEAMTOTAL,Soccer,Brasileiro Serie A,team_total,exploratory_evaluated,brasileiro,espn_team,team_total,supported,frozen score model,exact,unavailable: training support below threshold,unavailable: matched training support below threshold,candle rule
KXUCLTEAMTOTAL,Soccer,Champions League,team_total,exploratory_evaluated,ucl,espn_team,team_total,supported,frozen score model,exact,unavailable: training support below threshold,unavailable: matched training support below threshold,candle rule
KXSERIEATEAMTOTAL,Soccer,Serie A,team_total,exploratory_evaluated,seriea,espn_team,team_total,supported,frozen score model,exact,unavailable: training support below threshold,unavailable: matched training support below threshold,candle rule
KXLIGUE1TEAMTOTAL,Soccer,Ligue 1,team_total,exploratory_evaluated,ligue1,espn_team,team_total,supported,frozen score model,exact,unavailable: training support below threshold,unavailable: matched training support below threshold,candle rule
KXBUNDESLIGATEAMTOTAL,Soccer,Bundesliga,team_total,exploratory_evaluated,bundesliga,espn_team,team_total,supported,frozen score model,exact,unavailable: training support below threshold,unavailable: matched training support below threshold,candle rule
KXEPLTEAMPOINTS,Soccer,EPL,team_total,excluded_spec,epl,espn_team,,unsupported,no payoff parser / spec: no payoff parser for suffix 'TEAMPOINTS',,,,
KXAFCONTEAMTOTAL,Soccer,AFCON Qualifiers,team_total,not_attempted_supported_sport,,,,unattempted,no independent results adapter for this competition in Phase 1 (game_winner only via Kalshi-only path),,,,
KXCOPPAITALIATEAMTOTAL,Soccer,Coppa Italia,team_total,not_attempted_supported_sport,,,,unattempted,no independent results adapter for this competition in Phase 1 (game_winner only via Kalshi-only path),,,,
KXDFBPOKALTEAMTOTAL,Soccer,DFB Pokal,team_total,not_attempted_supported_sport,,,,unattempted,no independent results adapter for this competition in Phase 1 (game_winner only via Kalshi-only path),,,,
KXUEFASCTEAMTOTAL,Soccer,UEFA Super Cup,team_total,not_attempted_supported_sport,,,,unattempted,no independent results adapter for this competition in Phase 1 (game_winner only via Kalshi-only path),,,,
KXENGCSTEAMTOTAL,Soccer,Community Shield,team_total,not_attempted_supported_sport,,,,unattempted,no independent results adapter for this competition in Phase 1 (game_winner only via Kalshi-only path),,,,
KXAFCCLTEAMTOTAL,Soccer,AFC Champions League,team_total,not_attempted_supported_sport,,,,unattempted,no independent results adapter for this competition in Phase 1 (game_winner only via Kalshi-only path),,,,
KXEFLCUPTEAMTOTAL,Soccer,EFL Cup,team_total,not_attempted_supported_sport,,,,unattempted,no independent results adapter for this competition in Phase 1 (game_winner only via Kalshi-only path),,,,
KXFRASUPERCUPTEAMTOTAL,Soccer,France Super Cup,team_total,not_attempted_supported_sport,,,,unattempted,no independent results adapter for this competition in Phase 1 (game_winner only via Kalshi-only path),,,,
KXGERSCTEAMTOTAL,Soccer,Germany Super Cup,team_total,not_attempted_supported_sport,,,,unattempted,no independent results adapter for this competition in Phase 1 (game_winner only via Kalshi-only path),,,,
KXUSOPENCUPTEAMTOTAL,Soccer,US Open Cup,team_total,not_attempted_supported_sport,,,,unattempted,no independent results adapter for this competition in Phase 1 (game_winner only via Kalshi-only path),,,,
KXCOPADELREYTEAMTOTAL,Soccer,Copa del Rey,team_total,not_attempted_supported_sport,,,,unattempted,no independent results adapter for this competition in Phase 1 (game_winner only via Kalshi-only path),,,,
KXLALIGATEAMPOINTS,Soccer,La Liga,team_total,excluded_spec,laliga,espn_team,,unsupported,no payoff parser / spec: no payoff parser for suffix 'TEAMPOINTS',,,,
KXSERIEATEAMPOINTS,Soccer,Serie A,team_total,excluded_spec,seriea,espn_team,,unsupported,no payoff parser / spec: no payoff parser for suffix 'TEAMPOINTS',,,,
KXBUNDESLIGATEAMPOINTS,Soccer,Bundesliga,team_total,excluded_spec,bundesliga,espn_team,,unsupported,no payoff parser / spec: no payoff parser for suffix 'TEAMPOINTS',,,,
KXLIGUE1TEAMPOINTS,Soccer,Ligue 1,team_total,excluded_spec,ligue1,espn_team,,unsupported,no payoff parser / spec: no payoff parser for suffix 'TEAMPOINTS',,,,
KXAFCACTEAMTOTAL,Soccer,,team_total,not_attempted_supported_sport,,,,unattempted,no traded markets,,,,
KXALEAGUETEAMTOTAL,Soccer,,team_total,not_attempted_supported_sport,,,,unattempted,no traded markets,,,,
KXBRASILEIROBTEAMTOTAL,Soccer,,team_total,not_attempted_supported_sport,,,,unattempted,no traded markets,,,,
KXBRASILEIROCTEAMTOTAL,Soccer,,team_total,not_attempted_supported_sport,,,,unattempted,no traded markets,,,,
KXCLUBWCTEAMTOTAL,Soccer,,team_total,not_attempted_supported_sport,,,,unattempted,no traded markets,,,,
KXCONCACAFCCUPTEAMTOTAL,Soccer,,team_total,not_attempted_supported_sport,,,,unattempted,no traded markets,,,,
KXCONMEBOLLIBTEAMTOTAL,Soccer,,team_total,not_attempted_supported_sport,,,,unattempted,no traded markets,,,,
KXCONMEBOLSUDTEAMTOTAL,Soccer,,team_total,not_attempted_supported_sport,,,,unattempted,no traded markets,,,,
KXCOPADOBRASILTEAMTOTAL,Soccer,,team_total,not_attempted_supported_sport,,,,unattempted,no traded markets,,,,
KXCOUPEDEFRANCETEAMTOTAL,Soccer,,team_total,not_attempted_supported_sport,,,,unattempted,no traded markets,,,,
KXEFLCHAMPIONSHIPTEAMTOTAL,Soccer,,team_total,not_attempted_supported_sport,,,,unattempted,no traded markets,,,,
KXEFLL1TEAMTOTAL,Soccer,,team_total,not_attempted_supported_sport,,,,unattempted,no traded markets,,,,
KXEREDIVISIETEAMTOTAL,Soccer,,team_total,not_attempted_supported_sport,,,,unattempted,no traded markets,,,,
KXESPSUPERCUPTEAMTOTAL,Soccer,,team_total,not_attempted_supported_sport,,,,unattempted,no traded markets,,,,
KXFACUPTEAMTOTAL,Soccer,,team_total,not_attempted_supported_sport,,,,unattempted,no traded markets,,,,
KXFINALISSIMATEAMTOTAL,Soccer,,team_total,not_attempted_supported_sport,,,,unattempted,no traded markets,,,,
KXINTLFRIENDLYTEAMTOTAL,Soccer,,team_total,not_attempted_supported_sport,,,,unattempted,no traded markets,,,,
KXITASUPERCUPTEAMTOTAL,Soccer,,team_total,not_attempted_supported_sport,,,,unattempted,no traded markets,,,,
KXJLEAGUETEAMTOTAL,Soccer,,team_total,not_attempted_supported_sport,,,,unattempted,no traded markets,,,,
KXKLEAGUETEAMTOTAL,Soccer,,team_total,not_attempted_supported_sport,,,,unattempted,no traded markets,,,,
KXLIGAEXPTEAMTOTAL,Soccer,,team_total,not_attempted_supported_sport,,,,unattempted,no traded markets,,,,
KXLIGAPORTUGALTEAMTOTAL,Soccer,,team_total,not_attempted_supported_sport,,,,unattempted,no traded markets,,,,
KXSAUDIPLTEAMTOTAL,Soccer,,team_total,not_attempted_supported_sport,,,,unattempted,no traded markets,,,,
KXSCOTTISHPREMTEAMTOTAL,Soccer,,team_total,not_attempted_supported_sport,,,,unattempted,no traded markets,,,,
KXTACAPORTTEAMTOTAL,Soccer,,team_total,not_attempted_supported_sport,,,,unattempted,no traded markets,,,,
KXUSLCUPTEAMTOTAL,Soccer,,team_total,not_attempted_supported_sport,,,,unattempted,no traded markets,,,,
KXUSLTEAMTOTAL,Soccer,,team_total,not_attempted_supported_sport,,,,unattempted,no traded markets,,,,
KXARCHIVETEST,Soccer,,test_placeholder,not_attempted_supported_sport,,,,unattempted,out of scope (test),,,,
KXKXECULPGAME,Soccer,,test_placeholder,not_attempted_supported_sport,,,,unattempted,out of scope (test),,,,
KXPRYLIGA1GAME,Soccer,,test_placeholder,not_attempted_supported_sport,,,,unattempted,out of scope (test),,,,
KXTHISISMORETHAN16LETTERS,Soccer,,test_placeholder,not_attempted_supported_sport,,,,unattempted,out of scope (test),,,,
KXTHISISMORETHAN17LETTERS,Soccer,,test_placeholder,not_attempted_supported_sport,,,,unattempted,out of scope (test),,,,
KXWCTOTAL,Soccer,FIFA World Cup,total,not_attempted_supported_sport,,,,unattempted,no independent results adapter for this competition in Phase 1 (game_winner only via Kalshi-only path),,,,
KXEPLTOTAL,Soccer,EPL,total,strict_evaluated,epl,espn_team,total,supported,frozen score model,exact,unavailable: training support below threshold,unavailable: matched training support below threshold,candle rule
KXLALIGATOTAL,Soccer,La Liga,total,strict_evaluated,laliga,espn_team,total,supported,frozen score model,exact,unavailable: training support below threshold,unavailable: matched training support below threshold,candle rule
KXMLSTOTAL,Soccer,MLS,total,exploratory_evaluated,mls,espn_team,total,supported,frozen score model,exact,unavailable: training support below threshold,unavailable: matched training support below threshold,candle rule
KXCLUBFTOTAL,Soccer,Club Friendlies,total,not_attempted_supported_sport,,,,unattempted,no independent results adapter for this competition in Phase 1 (game_winner only via Kalshi-only path),,,,
KXUCLTOTAL,Soccer,Champions League,total,strict_evaluated,ucl,espn_team,total,supported,frozen score model,exact,unavailable: training support below threshold,unavailable: matched training support below threshold,candle rule
KXLIGAMXTOTAL,Soccer,Liga MX,total,exploratory_evaluated,ligamx,espn_team,total,supported,frozen score model,exact,unavailable: training support below threshold,unavailable: matched training support below threshold,candle rule
KXINTLFRIENDLYTOTAL,Soccer,Intl Friendlies,total,not_attempted_supported_sport,,,,unattempted,no independent results adapter for this competition in Phase 1 (game_winner only via Kalshi-only path),,,,
KXARGPREMDIVTOTAL,Soccer,Argentina Primera Division,total,exploratory_evaluated,argentina,espn_team,total,supported,frozen score model,exact,unavailable: training support below threshold,unavailable: matched training support below threshold,candle rule
KXSERIEATOTAL,Soccer,Serie A,total,strict_evaluated,seriea,espn_team,total,supported,frozen score model,exact,unavailable: training support below threshold,unavailable: matched training support below threshold,candle rule
KXLEAGUESCUPTOTAL,Soccer,Leagues Cup,total,not_attempted_supported_sport,,,,unattempted,no independent results adapter for this competition in Phase 1 (game_winner only via Kalshi-only path),,,,
KXUEFANLTOTAL,Soccer,UEFA Nations League,total,not_attempted_supported_sport,,,,unattempted,no independent results adapter for this competition in Phase 1 (game_winner only via Kalshi-only path),,,,
KXUECLTOTAL,Soccer,Conference League,total,exploratory_evaluated,uecl,espn_team,total,supported,frozen score model,exact,unavailable: training support below threshold,unavailable: matched training support below threshold,candle rule
KXBUNDESLIGATOTAL,Soccer,Bundesliga,total,strict_evaluated,bundesliga,espn_team,total,supported,frozen score model,exact,unavailable: training support below threshold,unavailable: matched training support below threshold,candle rule
KXDIMAYORTOTAL,Soccer,Colombian Liga DIMAYOR,total,not_attempted_supported_sport,,,,unattempted,no independent results adapter for this competition in Phase 1 (game_winner only via Kalshi-only path),,,,
KXBRASILEIROTOTAL,Soccer,Brasileiro,total,exploratory_evaluated,brasileiro,espn_team,total,supported,frozen score model,exact,unavailable: training support below threshold,unavailable: matched training support below threshold,candle rule
KXBRASILEIROBTOTAL,Soccer,Brasileiro Serie B,total,not_attempted_supported_sport,,,,unattempted,no independent results adapter for this competition in Phase 1 (game_winner only via Kalshi-only path),,,,
KXUELTOTAL,Soccer,Europa League,total,exploratory_evaluated,uel,espn_team,total,supported,frozen score model,exact,unavailable: training support below threshold,unavailable: matched training support below threshold,candle rule
KXECULPTOTAL,Soccer,Ecuador LigaPro,total,not_attempted_supported_sport,,,,unattempted,no independent results adapter for this competition in Phase 1 (game_winner only via Kalshi-only path),,,,
KXCONCACAFNLTOTAL,Soccer,CONCACAF Nations League,total,not_attempted_supported_sport,,,,unattempted,no independent results adapter for this competition in Phase 1 (game_winner only via Kalshi-only path),,,,
KXLIGUE1TOTAL,Soccer,Ligue 1,total,strict_evaluated,ligue1,espn_team,total,supported,frozen score model,exact,unavailable: training support below threshold,unavailable: matched training support below threshold,candle rule
KXPERLIGA1TOTAL,Soccer,Peru Liga 1,total,not_attempted_supported_sport,,,,unattempted,no independent results adapter for this competition in Phase 1 (game_winner only via Kalshi-only path),,,,
KXAPFDDHTOTAL,Soccer,APF Division de Honor,total,not_attempted_supported_sport,,,,unattempted,no independent results adapter for this competition in Phase 1 (game_winner only via Kalshi-only path),,,,
KXUCLWTOTAL,Soccer,Champions League Womens,total,not_attempted_supported_sport,,,,unattempted,no independent results adapter for this competition in Phase 1 (game_winner only via Kalshi-only path),,,,
KXSAUDIPLTOTAL,Soccer,Saudi Pro League,total,exploratory_evaluated,saudi,espn_team,total,supported,frozen score model,exact,unavailable: training support below threshold,unavailable: matched training support below threshold,candle rule
KXALLSVENSKANTOTAL,Soccer,Allsvenskan,total,not_attempted_supported_sport,,,,unattempted,no independent results adapter for this competition in Phase 1 (game_winner only via Kalshi-only path),,,,
KXCHNSLTOTAL,Soccer,Chinese Super League,total,not_attempted_supported_sport,,,,unattempted,no independent results adapter for this competition in Phase 1 (game_winner only via Kalshi-only path),,,,
KXEFLCHAMPIONSHIPTOTAL,Soccer,EFL Championship,total,exploratory_evaluated,eflc,espn_team,total,supported,frozen score model,exact,unavailable: training support below threshold,unavailable: matched training support below threshold,candle rule
KXCONMEBOLSUDTOTAL,Soccer,CONMEBOL Sudamericana,total,not_attempted_supported_sport,,,,unattempted,no independent results adapter for this competition in Phase 1 (game_winner only via Kalshi-only path),,,,
KXELITESERIENTOTAL,Soccer,Eliteserien,total,not_attempted_supported_sport,,,,unattempted,no independent results adapter for this competition in Phase 1 (game_winner only via Kalshi-only path),,,,
KXEFLCUPTOTAL,Soccer,EFL Cup,total,not_attempted_supported_sport,,,,unattempted,no independent results adapter for this competition in Phase 1 (game_winner only via Kalshi-only path),,,,
KXNWSLTOTAL,Soccer,NWSL,total,not_attempted_supported_sport,,,,unattempted,no independent results adapter for this competition in Phase 1 (game_winner only via Kalshi-only path),,,,
KXEREDIVISIETOTAL,Soccer,Eredivisie,total,exploratory_evaluated,eredivisie,espn_team,total,supported,frozen score model,exact,unavailable: training support below threshold,unavailable: matched training support below threshold,candle rule
KXLIGAPORTUGALTOTAL,Soccer,Liga Portugal,total,exploratory_evaluated,ligaportugal,espn_team,total,supported,frozen score model,exact,unavailable: training support below threshold,unavailable: matched training support below threshold,candle rule
KXLIGAEXPTOTAL,Soccer,Liga de Expansion MX,total,not_attempted_supported_sport,,,,unattempted,no independent results adapter for this competition in Phase 1 (game_winner only via Kalshi-only path),,,,
KXCOPADOBRASILTOTAL,Soccer,Copa do Brasil,total,not_attempted_supported_sport,,,,unattempted,no independent results adapter for this competition in Phase 1 (game_winner only via Kalshi-only path),,,,
KXURYPDTOTAL,Soccer,Uruguay Primera Division,total,not_attempted_supported_sport,,,,unattempted,no independent results adapter for this competition in Phase 1 (game_winner only via Kalshi-only path),,,,
KXLALIGA2TOTAL,Soccer,La Liga 2,total,not_attempted_supported_sport,,,,unattempted,no independent results adapter for this competition in Phase 1 (game_winner only via Kalshi-only path),,,,
KXEKSTRAKLASATOTAL,Soccer,Ekstraklasa,total,not_attempted_supported_sport,,,,unattempted,no independent results adapter for this competition in Phase 1 (game_winner only via Kalshi-only path),,,,
KXJLEAGUETOTAL,Soccer,Japan J1 League,total,not_attempted_supported_sport,,,,unattempted,no independent results adapter for this competition in Phase 1 (game_winner only via Kalshi-only path),,,,
KXCHLLDPTOTAL,Soccer,Chile Liga de Primera,total,not_attempted_supported_sport,,,,unattempted,no independent results adapter for this competition in Phase 1 (game_winner only via Kalshi-only path),,,,
KXARGNACBTOTAL,Soccer,Argentine Nacional B,total,not_attempted_supported_sport,,,,unattempted,no independent results adapter for this competition in Phase 1 (game_winner only via Kalshi-only path),,,,
KXCONMEBOLLIBTOTAL,Soccer,CONMEBOL Libertadores,total,not_attempted_supported_sport,,,,unattempted,no independent results adapter for this competition in Phase 1 (game_winner only via Kalshi-only path),,,,
KXDENSUPERLIGATOTAL,Soccer,Danish Superliga,total,not_attempted_supported_sport,,,,unattempted,no independent results adapter for this competition in Phase 1 (game_winner only via Kalshi-only path),,,,
KXAFCONTOTAL,Soccer,AFCON Qualifiers,total,not_attempted_supported_sport,,,,unattempted,no independent results adapter for this competition in Phase 1 (game_winner only via Kalshi-only path),,,,
KXUSLTOTAL,Soccer,USL Championship,total,not_attempted_supported_sport,,,,unattempted,no independent results adapter for this competition in Phase 1 (game_winner only via Kalshi-only path),,,,
KXEGYPLTOTAL,Soccer,Egyptian Premier League,total,not_attempted_supported_sport,,,,unattempted,no independent results adapter for this competition in Phase 1 (game_winner only via Kalshi-only path),,,,
KXASEANTOTAL,Soccer,ASEAN Championship,total,not_attempted_supported_sport,,,,unattempted,no independent results adapter for this competition in Phase 1 (game_winner only via Kalshi-only path),,,,
KXSUPERLIGTOTAL,Soccer,Super Lig,total,not_attempted_supported_sport,,,,unattempted,no independent results adapter for this competition in Phase 1 (game_winner only via Kalshi-only path),,,,
KXCZEFLTOTAL,Soccer,Czech First League,total,not_attempted_supported_sport,,,,unattempted,no independent results adapter for this competition in Phase 1 (game_winner only via Kalshi-only path),,,,
KXKLEAGUETOTAL,Soccer,Korea K League 1,total,not_attempted_supported_sport,,,,unattempted,no independent results adapter for this competition in Phase 1 (game_winner only via Kalshi-only path),,,,
KXBUNDESLIGA2TOTAL,Soccer,Bundesliga 2,total,exploratory_evaluated,bundesliga2,espn_team,total,supported,frozen score model,exact,unavailable: training support below threshold,unavailable: matched training support below threshold,candle rule
KXBELGIANPLTOTAL,Soccer,Belgian Pro League,total,not_attempted_supported_sport,,,,unattempted,no independent results adapter for this competition in Phase 1 (game_winner only via Kalshi-only path),,,,
KXSCOTTISHPREMTOTAL,Soccer,Scottish Premiership,total,not_attempted_supported_sport,,,,unattempted,no independent results adapter for this competition in Phase 1 (game_winner only via Kalshi-only path),,,,
KXEERSTEDIVTOTAL,Soccer,Eerste Divisie,total,not_attempted_supported_sport,,,,unattempted,no independent results adapter for this competition in Phase 1 (game_winner only via Kalshi-only path),,,,
KXWCTOTALGOAL,Soccer,FIFA World Cup,total,not_attempted_supported_sport,,,,unattempted,no independent results adapter for this competition in Phase 1 (game_winner only via Kalshi-only path),,,,
KXSWISSLEAGUETOTAL,Soccer,Swiss Super League,total,not_attempted_supported_sport,,,,unattempted,no independent results adapter for this competition in Phase 1 (game_winner only via Kalshi-only path),,,,
KXJ2LEAGUETOTAL,Soccer,Japan J2 League,total,not_attempted_supported_sport,,,,unattempted,no independent results adapter for this competition in Phase 1 (game_winner only via Kalshi-only path),,,,
KXETTANTOTAL,Soccer,Ettan,total,not_attempted_supported_sport,,,,unattempted,no independent results adapter for this competition in Phase 1 (game_winner only via Kalshi-only path),,,,
KXUAEPLTOTAL,Soccer,UAE Pro League,total,not_attempted_supported_sport,,,,unattempted,no independent results adapter for this competition in Phase 1 (game_winner only via Kalshi-only path),,,,
KXCOPPAITALIATOTAL,Soccer,Coppa Italia,total,not_attempted_supported_sport,,,,unattempted,no independent results adapter for this competition in Phase 1 (game_winner only via Kalshi-only path),,,,
KXALEAGUETOTAL,Soccer,A-League,total,not_attempted_supported_sport,,,,unattempted,no independent results adapter for this competition in Phase 1 (game_winner only via Kalshi-only path),,,,
KXCANPLTOTAL,Soccer,Canadian Premier League,total,not_attempted_supported_sport,,,,unattempted,no independent results adapter for this competition in Phase 1 (game_winner only via Kalshi-only path),,,,
KXBRASILEIROCTOTAL,Soccer,Brasileiro Serie C,total,not_attempted_supported_sport,,,,unattempted,no independent results adapter for this competition in Phase 1 (game_winner only via Kalshi-only path),,,,
KXSERIECTOTAL,Soccer,Serie C,total,not_attempted_supported_sport,,,,unattempted,no independent results adapter for this competition in Phase 1 (game_winner only via Kalshi-only path),,,,
KXAFCCLTOTAL,Soccer,AFC Champions League,total,not_attempted_supported_sport,,,,unattempted,no independent results adapter for this competition in Phase 1 (game_winner only via Kalshi-only path),,,,
KXTFF1LIGTOTAL,Soccer,TFF 1. Lig,total,not_attempted_supported_sport,,,,unattempted,no independent results adapter for this competition in Phase 1 (game_winner only via Kalshi-only path),,,,
KXENGNLTOTAL,Soccer,English National League,total,not_attempted_supported_sport,,,,unattempted,no independent results adapter for this competition in Phase 1 (game_winner only via Kalshi-only path),,,,
KXVENFUTVETOTAL,Soccer,Venezuela Liga FUTVE,total,not_attempted_supported_sport,,,,unattempted,no independent results adapter for this competition in Phase 1 (game_winner only via Kalshi-only path),,,,
KXFINYLTOTAL,Soccer,Finnish Ykkosliiga,total,not_attempted_supported_sport,,,,unattempted,no independent results adapter for this competition in Phase 1 (game_winner only via Kalshi-only path),,,,
KXDFBPOKALTOTAL,Soccer,DFB Pokal,total,not_attempted_supported_sport,,,,unattempted,no independent results adapter for this competition in Phase 1 (game_winner only via Kalshi-only path),,,,
KXCHNL1TOTAL,Soccer,China League 1,total,not_attempted_supported_sport,,,,unattempted,no independent results adapter for this competition in Phase 1 (game_winner only via Kalshi-only path),,,,
KXEFLL1TOTAL,Soccer,EFL League One,total,not_attempted_supported_sport,,,,unattempted,no independent results adapter for this competition in Phase 1 (game_winner only via Kalshi-only path),,,,
KXHNLTOTAL,Soccer,Croatia HNL,total,not_attempted_supported_sport,,,,unattempted,no independent results adapter for this competition in Phase 1 (game_winner only via Kalshi-only path),,,,
KXCZEFNLTOTAL,Soccer,Czech National Football League,total,not_attempted_supported_sport,,,,unattempted,no independent results adapter for this competition in Phase 1 (game_winner only via Kalshi-only path),,,,
KXFACUPTOTAL,Soccer,FA Cup,total,not_attempted_supported_sport,,,,unattempted,no independent results adapter for this competition in Phase 1 (game_winner only via Kalshi-only path),,,,
KXLVAVIRTOTAL,Soccer,Latvian Virsliga,total,not_attempted_supported_sport,,,,unattempted,no independent results adapter for this competition in Phase 1 (game_winner only via Kalshi-only path),,,,
KXSVK2LTOTAL,Soccer,Slovakian 2. Liga,total,not_attempted_supported_sport,,,,unattempted,no independent results adapter for this competition in Phase 1 (game_winner only via Kalshi-only path),,,,
KXGRECUPTOTAL,Soccer,Greek Cup,total,not_attempted_supported_sport,,,,unattempted,no independent results adapter for this competition in Phase 1 (game_winner only via Kalshi-only path),,,,
KXIDNSLTOTAL,Soccer,Indonesia Super League,total,not_attempted_supported_sport,,,,unattempted,no independent results adapter for this competition in Phase 1 (game_winner only via Kalshi-only path),,,,
KXMYSLTOTAL,Soccer,Malaysia Super League,total,not_attempted_supported_sport,,,,unattempted,no independent results adapter for this competition in Phase 1 (game_winner only via Kalshi-only path),,,,
KXLIGUE2TOTAL,Soccer,Ligue 2,total,not_attempted_supported_sport,,,,unattempted,no independent results adapter for this competition in Phase 1 (game_winner only via Kalshi-only path),,,,
KXSERIEBTOTAL,Soccer,Serie B,total,not_attempted_supported_sport,,,,unattempted,no independent results adapter for this competition in Phase 1 (game_winner only via Kalshi-only path),,,,
KXGER3LTOTAL,Soccer,German 3. Liga,total,not_attempted_supported_sport,,,,unattempted,no independent results adapter for this competition in Phase 1 (game_winner only via Kalshi-only path),,,,
KXVLEAGUE1TOTAL,Soccer,Vietnam V-League 1,total,not_attempted_supported_sport,,,,unattempted,no independent results adapter for this competition in Phase 1 (game_winner only via Kalshi-only path),,,,
KXISRNLTOTAL,Soccer,Liga Leumit,total,not_attempted_supported_sport,,,,unattempted,no independent results adapter for this competition in Phase 1 (game_winner only via Kalshi-only path),,,,
KXSLGREECETOTAL,Soccer,Greece Super League,total,not_attempted_supported_sport,,,,unattempted,no independent results adapter for this competition in Phase 1 (game_winner only via Kalshi-only path),,,,
KXFIFATOTAL,Soccer,FIFA World Cup Qualifiers,total,not_attempted_supported_sport,,,,unattempted,no independent results adapter for this competition in Phase 1 (game_winner only via Kalshi-only path),,,,
KXTHAIL1TOTAL,Soccer,Thai League 1,total,not_attempted_supported_sport,,,,unattempted,no independent results adapter for this competition in Phase 1 (game_winner only via Kalshi-only path),,,,
KXSVKCUPTOTAL,Soccer,Slovakian Cup,total,not_attempted_supported_sport,,,,unattempted,no independent results adapter for this competition in Phase 1 (game_winner only via Kalshi-only path),,,,
KXISRPLTOTAL,Soccer,Israeli Premier League,total,not_attempted_supported_sport,,,,unattempted,no independent results adapter for this competition in Phase 1 (game_winner only via Kalshi-only path),,,,
KXUEFASCTOTAL,Soccer,UEFA Super Cup,total,not_attempted_supported_sport,,,,unattempted,no independent results adapter for this competition in Phase 1 (game_winner only via Kalshi-only path),,,,
KXSCOCUPTOTAL,Soccer,Scottish League Cup,total,not_attempted_supported_sport,,,,unattempted,no independent results adapter for this competition in Phase 1 (game_winner only via Kalshi-only path),,,,
KXK2LEAGUETOTAL,Soccer,Korea K-League 2,total,not_attempted_supported_sport,,,,unattempted,no independent results adapter for this competition in Phase 1 (game_winner only via Kalshi-only path),,,,
KXSRBSLTOTAL,Soccer,Serbian SuperLiga,total,not_attempted_supported_sport,,,,unattempted,no independent results adapter for this competition in Phase 1 (game_winner only via Kalshi-only path),,,,
KXENGCSTOTAL,Soccer,Community Shield,total,not_attempted_supported_sport,,,,unattempted,no independent results adapter for this competition in Phase 1 (game_winner only via Kalshi-only path),,,,
KXTWEEDEDIVTOTAL,Soccer,Tweede Divisie,total,not_attempted_supported_sport,,,,unattempted,no independent results adapter for this competition in Phase 1 (game_winner only via Kalshi-only path),,,,
KXSVNPLTOTAL,Soccer,Slovenian Prva Liga,total,not_attempted_supported_sport,,,,unattempted,no independent results adapter for this competition in Phase 1 (game_winner only via Kalshi-only path),,,,
KXCOPADELREYTOTAL,Soccer,Copa del Rey,total,not_attempted_supported_sport,,,,unattempted,no independent results adapter for this competition in Phase 1 (game_winner only via Kalshi-only path),,,,
KXKNVBCUPTOTAL,Soccer,KNVB,total,not_attempted_supported_sport,,,,unattempted,no independent results adapter for this competition in Phase 1 (game_winner only via Kalshi-only path),,,,
KXWCGBOOTGOALS,Soccer,FIFA World Cup,total,not_attempted_supported_sport,,,,unattempted,no independent results adapter for this competition in Phase 1 (game_winner only via Kalshi-only path),,,,
KXSERIECCUPTOTAL,Soccer,Coppa Italia Lega Pro,total,not_attempted_supported_sport,,,,unattempted,no independent results adapter for this competition in Phase 1 (game_winner only via Kalshi-only path),,,,
KXTACAPORTTOTAL,Soccer,Taca de Portugal,total,not_attempted_supported_sport,,,,unattempted,no independent results adapter for this competition in Phase 1 (game_winner only via Kalshi-only path),,,,
KXUSOPENCUPTOTAL,Soccer,US Open Cup,total,not_attempted_supported_sport,,,,unattempted,no independent results adapter for this competition in Phase 1 (game_winner only via Kalshi-only path),,,,
KXSGPPLTOTAL,Soccer,Singapore Premier League,total,not_attempted_supported_sport,,,,unattempted,no independent results adapter for this competition in Phase 1 (game_winner only via Kalshi-only path),,,,
KXGERSCTOTAL,Soccer,Germany Super Cup,total,not_attempted_supported_sport,,,,unattempted,no independent results adapter for this competition in Phase 1 (game_winner only via Kalshi-only path),,,,
KXMLSASTTOTAL,Soccer,MLS All-Star Game,total,not_attempted_supported_sport,,,,unattempted,no independent results adapter for this competition in Phase 1 (game_winner only via Kalshi-only path),,,,
KXFROPLTOTAL,Soccer,Faroe Islands Premier League,total,not_attempted_supported_sport,,,,unattempted,no independent results adapter for this competition in Phase 1 (game_winner only via Kalshi-only path),,,,
KXUSLCUPTOTAL,Soccer,USL Cup,total,not_attempted_supported_sport,,,,unattempted,no independent results adapter for this competition in Phase 1 (game_winner only via Kalshi-only path),,,,
KXFRASUPERCUPTOTAL,Soccer,France Super Cup,total,not_attempted_supported_sport,,,,unattempted,no independent results adapter for this competition in Phase 1 (game_winner only via Kalshi-only path),,,,
KXEFLTROPHYTOTAL,Soccer,EFL Trophy,total,not_attempted_supported_sport,,,,unattempted,no independent results adapter for this competition in Phase 1 (game_winner only via Kalshi-only path),,,,
KXISRPLCUPTOTAL,Soccer,Premier League Cup,total,not_attempted_supported_sport,,,,unattempted,no independent results adapter for this competition in Phase 1 (game_winner only via Kalshi-only path),,,,
KXFINCUPTOTAL,Soccer,Suomen Cup,total,not_attempted_supported_sport,,,,unattempted,no independent results adapter for this competition in Phase 1 (game_winner only via Kalshi-only path),,,,
KXFROCUPTOTAL,Soccer,Faroe Islands Cup,total,not_attempted_supported_sport,,,,unattempted,no independent results adapter for this competition in Phase 1 (game_winner only via Kalshi-only path),,,,
KXAFCACTOTAL,Soccer,,total,not_attempted_supported_sport,,,,unattempted,no traded markets,,,,
KXCLUBWCTOTAL,Soccer,,total,not_attempted_supported_sport,,,,unattempted,no traded markets,,,,
KXCONCACAFCCUPTOTAL,Soccer,,total,not_attempted_supported_sport,,,,unattempted,no traded markets,,,,
KXCOUPEDEFRANCETOTAL,Soccer,,total,not_attempted_supported_sport,,,,unattempted,no traded markets,,,,
KXESPSUPERCUPTOTAL,Soccer,,total,not_attempted_supported_sport,,,,unattempted,no traded markets,,,,
KXFIFAWTOTAL,Soccer,,total,not_attempted_supported_sport,,,,unattempted,no traded markets,,,,
KXFINALISSIMATOTAL,Soccer,,total,not_attempted_supported_sport,,,,unattempted,no traded markets,,,,
KXISRNLCUPTOTAL,Soccer,,total,not_attempted_supported_sport,,,,unattempted,no traded markets,,,,
KXISRSCUPTOTAL,Soccer,,total,not_attempted_supported_sport,,,,unattempted,no traded markets,,,,
KXISRSUPCUPTOTAL,Soccer,,total,not_attempted_supported_sport,,,,unattempted,no traded markets,,,,
KXITASUPERCUPTOTAL,Soccer,,total,not_attempted_supported_sport,,,,unattempted,no traded markets,,,,
KXSERIECSCUPTOTAL,Soccer,,total,not_attempted_supported_sport,,,,unattempted,no traded markets,,,,
KXSOCCERTOTAL,Soccer,,total,not_attempted_supported_sport,,,,unattempted,no traded markets,,,,
KXSRBCUPTOTAL,Soccer,,total,not_attempted_supported_sport,,,,unattempted,no traded markets,,,,
KXSVNCUPTOTAL,Soccer,,total,not_attempted_supported_sport,,,,unattempted,no traded markets,,,,
KXUCLGAME,Soccer,Champions League,tournament_outright,not_attempted_supported_sport,,,,unattempted,outright/bracket: few independent outcomes per season; needs prospective capture + simulation,,,,
KXEFLCHAMPIONSHIPGAME,Soccer,EFL Championship,tournament_outright,not_attempted_supported_sport,,,,unattempted,outright/bracket: few independent outcomes per season; needs prospective capture + simulation,,,,
KXUCL,Soccer,Champions League,tournament_outright,not_attempted_supported_sport,,,,unattempted,outright/bracket: few independent outcomes per season; needs prospective capture + simulation,,,,
KXUCLWGAME,Soccer,Champions League Womens,tournament_outright,not_attempted_supported_sport,,,,unattempted,outright/bracket: few independent outcomes per season; needs prospective capture + simulation,,,,
KXUSLGAME,Soccer,USL Championship,tournament_outright,not_attempted_supported_sport,,,,unattempted,outright/bracket: few independent outcomes per season; needs prospective capture + simulation,,,,
KXWCROUND,Soccer,FIFA World Cup,tournament_outright,not_attempted_supported_sport,,,,unattempted,outright/bracket: few independent outcomes per season; needs prospective capture + simulation,,,,
KXUCLADVANCE,Soccer,Champions League,tournament_outright,not_attempted_supported_sport,,,,unattempted,outright/bracket: few independent outcomes per season; needs prospective capture + simulation,,,,
KXCONCACAFCCUPGAME,Soccer,CONCACAF Champions Cup,tournament_outright,not_attempted_supported_sport,,,,unattempted,outright/bracket: few independent outcomes per season; needs prospective capture + simulation,,,,
KXPREMIERLEAGUE,Soccer,EPL,tournament_outright,not_attempted_supported_sport,,,,unattempted,outright/bracket: few independent outcomes per season; needs prospective capture + simulation,,,,
KXAFCCLGAME,Soccer,AFC Champions League,tournament_outright,not_attempted_supported_sport,,,,unattempted,outright/bracket: few independent outcomes per season; needs prospective capture + simulation,,,,
KXWCMATCHUP,Soccer,FIFA World Cup,tournament_outright,not_attempted_supported_sport,,,,unattempted,outright/bracket: few independent outcomes per season; needs prospective capture + simulation,,,,
KXWCGROUPWIN,Soccer,FIFA World Cup,tournament_outright,not_attempted_supported_sport,,,,unattempted,outright/bracket: few independent outcomes per season; needs prospective capture + simulation,,,,
KXWCFINISHINGORDER,Soccer,FIFA World Cup,tournament_outright,not_attempted_supported_sport,,,,unattempted,outright/bracket: few independent outcomes per season; needs prospective capture + simulation,,,,
KXLEAGUESCUPADVANCE,Soccer,Leagues Cup,tournament_outright,not_attempted_supported_sport,,,,unattempted,outright/bracket: few independent outcomes per season; needs prospective capture + simulation,,,,
KXUECLADVANCE,Soccer,Conference League,tournament_outright,not_attempted_supported_sport,,,,unattempted,outright/bracket: few independent outcomes per season; needs prospective capture + simulation,,,,
KXEFLCUPADVANCE,Soccer,EFL Cup,tournament_outright,not_attempted_supported_sport,,,,unattempted,outright/bracket: few independent outcomes per season; needs prospective capture + simulation,,,,
KXCONMEBOLSUDADVANCE,Soccer,CONMEBOL Sudamericana,tournament_outright,not_attempted_supported_sport,,,,unattempted,outright/bracket: few independent outcomes per season; needs prospective capture + simulation,,,,
KXWCCONTINENT,Soccer,FIFA World Cup,tournament_outright,not_attempted_supported_sport,,,,unattempted,outright/bracket: few independent outcomes per season; needs prospective capture + simulation,,,,
KXLALIGARELEGATION,Soccer,La Liga,tournament_outright,not_attempted_supported_sport,,,,unattempted,outright/bracket: few independent outcomes per season; needs prospective capture + simulation,,,,
KXWCGROUPQUAL,Soccer,FIFA World Cup,tournament_outright,not_attempted_supported_sport,,,,unattempted,outright/bracket: few independent outcomes per season; needs prospective capture + simulation,,,,
KXUEFACL,Soccer,,tournament_outright,not_attempted_supported_sport,,,,unattempted,outright/bracket: few independent outcomes per season; needs prospective capture + simulation,,,,
KXCONMEBOLLIBADVANCE,Soccer,CONMEBOL Libertadores,tournament_outright,not_attempted_supported_sport,,,,unattempted,outright/bracket: few independent outcomes per season; needs prospective capture + simulation,,,,
KXWC3RDPLACE,Soccer,FIFA World Cup,tournament_outright,not_attempted_supported_sport,,,,unattempted,outright/bracket: few independent outcomes per season; needs prospective capture + simulation,,,,
KXCOPADOBRASILADVANCE,Soccer,Copa do Brasil,tournament_outright,not_attempted_supported_sport,,,,unattempted,outright/bracket: few independent outcomes per season; needs prospective capture + simulation,,,,
KXUELADVANCE,Soccer,Europa League,tournament_outright,not_attempted_supported_sport,,,,unattempted,outright/bracket: few independent outcomes per season; needs prospective capture + simulation,,,,
KXUCLWADVANCE,Soccer,Champions League Womens,tournament_outright,not_attempted_supported_sport,,,,unattempted,outright/bracket: few independent outcomes per season; needs prospective capture + simulation,,,,
KXMLSCUP,Soccer,MLS,tournament_outright,not_attempted_supported_sport,,,,unattempted,outright/bracket: few independent outcomes per season; needs prospective capture + simulation,,,,
KXLALIGA,Soccer,La Liga,tournament_outright,not_attempted_supported_sport,,,,unattempted,outright/bracket: few independent outcomes per season; needs prospective capture + simulation,,,,
KXLIGAMX,Soccer,Liga MX,tournament_outright,not_attempted_supported_sport,,,,unattempted,outright/bracket: few independent outcomes per season; needs prospective capture + simulation,,,,
KXEPLTOP4,Soccer,EPL,tournament_outright,not_attempted_supported_sport,,,,unattempted,outright/bracket: few independent outcomes per season; needs prospective capture + simulation,,,,
KXCOPPAITALIAADVANCE,Soccer,Coppa Italia,tournament_outright,not_attempted_supported_sport,,,,unattempted,outright/bracket: few independent outcomes per season; needs prospective capture + simulation,,,,
KXEPLRELEGATION,Soccer,EPL,tournament_outright,not_attempted_supported_sport,,,,unattempted,outright/bracket: few independent outcomes per season; needs prospective capture + simulation,,,,
KXUCLROUND,Soccer,Champions League,tournament_outright,not_attempted_supported_sport,,,,unattempted,outright/bracket: few independent outcomes per season; needs prospective capture + simulation,,,,
KXWCTEAMLEADGOAL,Soccer,FIFA World Cup,tournament_outright,not_attempted_supported_sport,,,,unattempted,outright/bracket: few independent outcomes per season; needs prospective capture + simulation,,,,
KXWCGROUPWINNER,Soccer,FIFA World Cup,tournament_outright,not_attempted_supported_sport,,,,unattempted,outright/bracket: few independent outcomes per season; needs prospective capture + simulation,,,,
KXCLUBWC,Soccer,,tournament_outright,not_attempted_supported_sport,,,,unattempted,outright/bracket: few independent outcomes per season; needs prospective capture + simulation,,,,
KXUEFASCADVANCE,Soccer,UEFA Super Cup,tournament_outright,not_attempted_supported_sport,,,,unattempted,outright/bracket: few independent outcomes per season; needs prospective capture + simulation,,,,
KXUEL,Soccer,Europa League,tournament_outright,not_attempted_supported_sport,,,,unattempted,outright/bracket: few independent outcomes per season; needs prospective capture + simulation,,,,
KXWCGSGOALS,Soccer,FIFA World Cup,tournament_outright,not_attempted_supported_sport,,,,unattempted,outright/bracket: few independent outcomes per season; needs prospective capture + simulation,,,,
KXWCGROUPORDER,Soccer,FIFA World Cup,tournament_outright,not_attempted_supported_sport,,,,unattempted,outright/bracket: few independent outcomes per season; needs prospective capture + simulation,,,,
KXENGCSADVANCE,Soccer,Community Shield,tournament_outright,not_attempted_supported_sport,,,,unattempted,outright/bracket: few independent outcomes per season; needs prospective capture + simulation,,,,
KXLEAGUESCUP,Soccer,Leagues Cup,tournament_outright,not_attempted_supported_sport,,,,unattempted,outright/bracket: few independent outcomes per season; needs prospective capture + simulation,,,,
KXASEANADVANCE,Soccer,ASEAN Championship,tournament_outright,not_attempted_supported_sport,,,,unattempted,outright/bracket: few independent outcomes per season; needs prospective capture + simulation,,,,
KXFACUP,Soccer,FA Cup,tournament_outright,not_attempted_supported_sport,,,,unattempted,outright/bracket: few independent outcomes per season; needs prospective capture + simulation,,,,
KXSERIEA,Soccer,Serie A,tournament_outright,not_attempted_supported_sport,,,,unattempted,outright/bracket: few independent outcomes per season; needs prospective capture + simulation,,,,
KXUCLRO4,Soccer,Champions League,tournament_outright,not_attempted_supported_sport,,,,unattempted,outright/bracket: few independent outcomes per season; needs prospective capture + simulation,,,,
KXWCTEAMTOTALGOALS,Soccer,FIFA World Cup,tournament_outright,not_attempted_supported_sport,,,,unattempted,outright/bracket: few independent outcomes per season; needs prospective capture + simulation,,,,
KXTEAMSINUCL,Soccer,Champions League,tournament_outright,not_attempted_supported_sport,,,,unattempted,outright/bracket: few independent outcomes per season; needs prospective capture + simulation,,,,
KXDFBPOKALADVANCE,Soccer,DFB Pokal,tournament_outright,not_attempted_supported_sport,,,,unattempted,outright/bracket: few independent outcomes per season; needs prospective capture + simulation,,,,
KXCOPADELREYADVANCE,Soccer,Copa del Rey,tournament_outright,not_attempted_supported_sport,,,,unattempted,outright/bracket: few independent outcomes per season; needs prospective capture + simulation,,,,
KXWCFIFATOP10,Soccer,FIFA World Cup,tournament_outright,not_attempted_supported_sport,,,,unattempted,outright/bracket: few independent outcomes per season; needs prospective capture + simulation,,,,
KXFACUPADVANCE,Soccer,FA Cup,tournament_outright,not_attempted_supported_sport,,,,unattempted,outright/bracket: few independent outcomes per season; needs prospective capture + simulation,,,,
KXWC1STTIMEWIN,Soccer,FIFA World Cup,tournament_outright,not_attempted_supported_sport,,,,unattempted,outright/bracket: few independent outcomes per season; needs prospective capture + simulation,,,,
KXWC,Soccer,FIFA World Cup,tournament_outright,not_attempted_supported_sport,,,,unattempted,outright/bracket: few independent outcomes per season; needs prospective capture + simulation,,,,
KXWCGSUNDEFEATED,Soccer,FIFA World Cup,tournament_outright,not_attempted_supported_sport,,,,unattempted,outright/bracket: few independent outcomes per season; needs prospective capture + simulation,,,,
KXUSOPENCUPADVANCE,Soccer,US Open Cup,tournament_outright,not_attempted_supported_sport,,,,unattempted,outright/bracket: few independent outcomes per season; needs prospective capture + simulation,,,,
KXWCGOALIEGOAL,Soccer,FIFA World Cup,tournament_outright,not_attempted_supported_sport,,,,unattempted,outright/bracket: few independent outcomes per season; needs prospective capture + simulation,,,,
KXMLSASTADVANCE,Soccer,MLS All-Star Game,tournament_outright,not_attempted_supported_sport,,,,unattempted,outright/bracket: few independent outcomes per season; needs prospective capture + simulation,,,,
KXWCTEAMGOALS,Soccer,FIFA World Cup,tournament_outright,not_attempted_supported_sport,,,,unattempted,outright/bracket: few independent outcomes per season; needs prospective capture + simulation,,,,
KXWCNOEURSA,Soccer,FIFA World Cup,tournament_outright,not_attempted_supported_sport,,,,unattempted,outright/bracket: few independent outcomes per season; needs prospective capture + simulation,,,,
KXAFCONADVANCE,Soccer,Africa Cup of Nations,tournament_outright,not_attempted_supported_sport,,,,unattempted,outright/bracket: few independent outcomes per season; needs prospective capture + simulation,,,,
KXUCLFINALIST,Soccer,Champions League,tournament_outright,not_attempted_supported_sport,,,,unattempted,outright/bracket: few independent outcomes per season; needs prospective capture + simulation,,,,
KXGERSCADVANCE,Soccer,Germany Super Cup,tournament_outright,not_attempted_supported_sport,,,,unattempted,outright/bracket: few independent outcomes per season; needs prospective capture + simulation,,,,
KXKNVBCUPADVANCE,Soccer,KNVB,tournament_outright,not_attempted_supported_sport,,,,unattempted,outright/bracket: few independent outcomes per season; needs prospective capture + simulation,,,,
KXSVKCUPADVANCE,Soccer,Slovakian Cup,tournament_outright,not_attempted_supported_sport,,,,unattempted,outright/bracket: few independent outcomes per season; needs prospective capture + simulation,,,,
KXEPLTOP,Soccer,EPL,tournament_outright,not_attempted_supported_sport,,,,unattempted,outright/bracket: few independent outcomes per season; needs prospective capture + simulation,,,,
KXUECL,Soccer,Conference League,tournament_outright,not_attempted_supported_sport,,,,unattempted,outright/bracket: few independent outcomes per season; needs prospective capture + simulation,,,,
KXTACAPORTADVANCE,Soccer,Taca de Portugal,tournament_outright,not_attempted_supported_sport,,,,unattempted,outright/bracket: few independent outcomes per season; needs prospective capture + simulation,,,,
KXWCHATTRICK,Soccer,FIFA World Cup,tournament_outright,not_attempted_supported_sport,,,,unattempted,outright/bracket: few independent outcomes per season; needs prospective capture + simulation,,,,
KXLIGUE1,Soccer,Ligue 1,tournament_outright,not_attempted_supported_sport,,,,unattempted,outright/bracket: few independent outcomes per season; needs prospective capture + simulation,,,,
KXEFLCUP,Soccer,EFL Cup,tournament_outright,not_attempted_supported_sport,,,,unattempted,outright/bracket: few independent outcomes per season; needs prospective capture + simulation,,,,
KXUCLRO8,Soccer,Champions League,tournament_outright,not_attempted_supported_sport,,,,unattempted,outright/bracket: few independent outcomes per season; needs prospective capture + simulation,,,,
KXWCGAMEGOALS,Soccer,FIFA World Cup,tournament_outright,not_attempted_supported_sport,,,,unattempted,outright/bracket: few independent outcomes per season; needs prospective capture + simulation,,,,
KXBUNDESLIGA,Soccer,Bundesliga,tournament_outright,not_attempted_supported_sport,,,,unattempted,outright/bracket: few independent outcomes per season; needs prospective capture + simulation,,,,
KXCOPADELREY,Soccer,Copa del Rey,tournament_outright,not_attempted_supported_sport,,,,unattempted,outright/bracket: few independent outcomes per season; needs prospective capture + simulation,,,,
KXWCGROUPGOALS,Soccer,FIFA World Cup,tournament_outright,not_attempted_supported_sport,,,,unattempted,outright/bracket: few independent outcomes per season; needs prospective capture + simulation,,,,
KXWCIRAN,Soccer,FIFA World Cup,tournament_outright,not_attempted_supported_sport,,,,unattempted,outright/bracket: few independent outcomes per season; needs prospective capture + simulation,,,,
KXUCLRO16,Soccer,Champions League,tournament_outright,not_attempted_supported_sport,,,,unattempted,outright/bracket: few independent outcomes per season; needs prospective capture + simulation,,,,
KXMLSEAST,Soccer,MLS,tournament_outright,not_attempted_supported_sport,,,,unattempted,outright/bracket: few independent outcomes per season; needs prospective capture + simulation,,,,
KXSERIECCUPADVANCE,Soccer,Coppa Italia Lega Pro,tournament_outright,not_attempted_supported_sport,,,,unattempted,outright/bracket: few independent outcomes per season; needs prospective capture + simulation,,,,
KXWCWINNERTRAIL,Soccer,FIFA World Cup,tournament_outright,not_attempted_supported_sport,,,,unattempted,outright/bracket: few independent outcomes per season; needs prospective capture + simulation,,,,
KXESPSUPERCUPADVANCE,Soccer,Spain Super Cup,tournament_outright,not_attempted_supported_sport,,,,unattempted,outright/bracket: few independent outcomes per season; needs prospective capture + simulation,,,,
KXGRECUPADVANCE,Soccer,Greek Cup,tournament_outright,not_attempted_supported_sport,,,,unattempted,outright/bracket: few independent outcomes per season; needs prospective capture + simulation,,,,
KXAFCON,Soccer,AFCON,tournament_outright,not_attempted_supported_sport,,,,unattempted,outright/bracket: few independent outcomes per season; needs prospective capture + simulation,,,,
KXEFLPROMO,Soccer,EFL Championship,tournament_outright,not_attempted_supported_sport,,,,unattempted,outright/bracket: few independent outcomes per season; needs prospective capture + simulation,,,,
KXAFCCLADVANCE,Soccer,AFC Champions League,tournament_outright,not_attempted_supported_sport,,,,unattempted,outright/bracket: few independent outcomes per season; needs prospective capture + simulation,,,,
KXMLSWEST,Soccer,MLS,tournament_outright,not_attempted_supported_sport,,,,unattempted,outright/bracket: few independent outcomes per season; needs prospective capture + simulation,,,,
KXARSENALCUPS,Soccer,EPL,tournament_outright,not_attempted_supported_sport,,,,unattempted,outright/bracket: few independent outcomes per season; needs prospective capture + simulation,,,,
KXWCFASTESTGOAL,Soccer,FIFA World Cup,tournament_outright,not_attempted_supported_sport,,,,unattempted,outright/bracket: few independent outcomes per season; needs prospective capture + simulation,,,,
KXLIGAMXADVANCE,Soccer,Liga MX,tournament_outright,not_attempted_supported_sport,,,,unattempted,outright/bracket: few independent outcomes per season; needs prospective capture + simulation,,,,
KXEPLTOP6,Soccer,EPL,tournament_outright,not_attempted_supported_sport,,,,unattempted,outright/bracket: few independent outcomes per season; needs prospective capture + simulation,,,,
KXDFBPOKAL,Soccer,DFB Pokal,tournament_outright,not_attempted_supported_sport,,,,unattempted,outright/bracket: few independent outcomes per season; needs prospective capture + simulation,,,,
KXUCLTOP,Soccer,Champions League,tournament_outright,not_attempted_supported_sport,,,,unattempted,outright/bracket: few independent outcomes per season; needs prospective capture + simulation,,,,
KXUCL16PSVJUV,Soccer,,tournament_outright,not_attempted_supported_sport,,,,unattempted,outright/bracket: few independent outcomes per season; needs prospective capture + simulation,,,,
KXLEADERUCLGOALS,Soccer,Champions League,tournament_outright,not_attempted_supported_sport,,,,unattempted,outright/bracket: few independent outcomes per season; needs prospective capture + simulation,,,,
KXEPLTOP2,Soccer,EPL,tournament_outright,not_attempted_supported_sport,,,,unattempted,outright/bracket: few independent outcomes per season; needs prospective capture + simulation,,,,
KXSCOCUPADVANCE,Soccer,Scottish League Cup,tournament_outright,not_attempted_supported_sport,,,,unattempted,outright/bracket: few independent outcomes per season; needs prospective capture + simulation,,,,
KXWCWINGROUP,Soccer,FIFA World Cup,tournament_outright,not_attempted_supported_sport,,,,unattempted,outright/bracket: few independent outcomes per season; needs prospective capture + simulation,,,,
KXUEFANL,Soccer,UEFA Nations League,tournament_outright,not_attempted_supported_sport,,,,unattempted,outright/bracket: few independent outcomes per season; needs prospective capture + simulation,,,,
KXEFLCHAMPIONSHIP,Soccer,EFL Championship,tournament_outright,not_attempted_supported_sport,,,,unattempted,outright/bracket: few independent outcomes per season; needs prospective capture + simulation,,,,
KXFIFAADVANCE,Soccer,FIFA Play-Off Tournament,tournament_outright,not_attempted_supported_sport,,,,unattempted,outright/bracket: few independent outcomes per season; needs prospective capture + simulation,,,,
KXWCMBAPPEGOALLEADER,Soccer,FIFA World Cup,tournament_outright,not_attempted_supported_sport,,,,unattempted,outright/bracket: few independent outcomes per season; needs prospective capture + simulation,,,,
KXSOCCERPLAYMESSI,Soccer,FIFA World Cup,tournament_outright,not_attempted_supported_sport,,,,unattempted,outright/bracket: few independent outcomes per season; needs prospective capture + simulation,,,,
KXBUNDESLIGARELEGATION,Soccer,Bundesliga,tournament_outright,not_attempted_supported_sport,,,,unattempted,outright/bracket: few independent outcomes per season; needs prospective capture + simulation,,,,
KXUCL16RMAMCI,Soccer,,tournament_outright,not_attempted_supported_sport,,,,unattempted,outright/bracket: few independent outcomes per season; needs prospective capture + simulation,,,,
KXEFLCHAMPIONSHIPADVANCE,Soccer,EFL Championship,tournament_outright,not_attempted_supported_sport,,,,unattempted,outright/bracket: few independent outcomes per season; needs prospective capture + simulation,,,,
KXSUPERLIG,Soccer,Super Lig,tournament_outright,not_attempted_supported_sport,,,,unattempted,outright/bracket: few independent outcomes per season; needs prospective capture + simulation,,,,
KXUCLTOP8,Soccer,Champions League,tournament_outright,not_attempted_supported_sport,,,,unattempted,outright/bracket: few independent outcomes per season; needs prospective capture + simulation,,,,
KXINTERCUPADVANCE,Soccer,FIFA Intercontinental Cup,tournament_outright,not_attempted_supported_sport,,,,unattempted,outright/bracket: few independent outcomes per season; needs prospective capture + simulation,,,,
KXWCOLIMPICO,Soccer,FIFA World Cup,tournament_outright,not_attempted_supported_sport,,,,unattempted,outright/bracket: few independent outcomes per season; needs prospective capture + simulation,,,,
KXLIGAPORTUGAL,Soccer,Liga Portugal,tournament_outright,not_attempted_supported_sport,,,,unattempted,outright/bracket: few independent outcomes per season; needs prospective capture + simulation,,,,
KXCOUPEDEFRANCEADVANCE,Soccer,Coupe de France,tournament_outright,not_attempted_supported_sport,,,,unattempted,outright/bracket: few independent outcomes per season; needs prospective capture + simulation,,,,
KXCOPPAITALIA,Soccer,Coppa Italia,tournament_outright,not_attempted_supported_sport,,,,unattempted,outright/bracket: few independent outcomes per season; needs prospective capture + simulation,,,,
KXSERIEATOP4,Soccer,Serie A,tournament_outright,not_attempted_supported_sport,,,,unattempted,outright/bracket: few independent outcomes per season; needs prospective capture + simulation,,,,
KXUEFAEURO,Soccer,European Championship,tournament_outright,not_attempted_supported_sport,,,,unattempted,outright/bracket: few independent outcomes per season; needs prospective capture + simulation,,,,
KXUSLCUPADVANCE,Soccer,USL Cup,tournament_outright,not_attempted_supported_sport,,,,unattempted,outright/bracket: few independent outcomes per season; needs prospective capture + simulation,,,,
KXWCEVERYTEAMGOAL,Soccer,FIFA World Cup,tournament_outright,not_attempted_supported_sport,,,,unattempted,outright/bracket: few independent outcomes per season; needs prospective capture + simulation,,,,
KXWCGOALSALLOWED,Soccer,FIFA World Cup,tournament_outright,not_attempted_supported_sport,,,,unattempted,outright/bracket: few independent outcomes per season; needs prospective capture + simulation,,,,
KXBRASILEIRO,Soccer,Brasileiro Serie A,tournament_outright,not_attempted_supported_sport,,,,unattempted,outright/bracket: few independent outcomes per season; needs prospective capture + simulation,,,,
KXCONCACAFNL,Soccer,CONCACAF Nations League,tournament_outright,not_attempted_supported_sport,,,,unattempted,outright/bracket: few independent outcomes per season; needs prospective capture + simulation,,,,
KXSOCCERPLAYCRON,Soccer,FIFA World Cup,tournament_outright,not_attempted_supported_sport,,,,unattempted,outright/bracket: few independent outcomes per season; needs prospective capture + simulation,,,,
KXFRASUPERCUPADVANCE,Soccer,France Super Cup,tournament_outright,not_attempted_supported_sport,,,,unattempted,outright/bracket: few independent outcomes per season; needs prospective capture + simulation,,,,
KXLIGUE1RELEGATION,Soccer,Ligue 1,tournament_outright,not_attempted_supported_sport,,,,unattempted,outright/bracket: few independent outcomes per season; needs prospective capture + simulation,,,,
KXWCW,Soccer,FIFA World Cup (W),tournament_outright,not_attempted_supported_sport,,,,unattempted,outright/bracket: few independent outcomes per season; needs prospective capture + simulation,,,,
KXBUNDESLIGATOP4,Soccer,Bundesliga,tournament_outright,not_attempted_supported_sport,,,,unattempted,outright/bracket: few independent outcomes per season; needs prospective capture + simulation,,,,
KXUCLW,Soccer,Champions League Womens,tournament_outright,not_attempted_supported_sport,,,,unattempted,outright/bracket: few independent outcomes per season; needs prospective capture + simulation,,,,
KXCLUBWCGD,Soccer,,tournament_outright,not_attempted_supported_sport,,,,unattempted,outright/bracket: few independent outcomes per season; needs prospective capture + simulation,,,,
KXSLGREECE,Soccer,Greece Super League,tournament_outright,not_attempted_supported_sport,,,,unattempted,outright/bracket: few independent outcomes per season; needs prospective capture + simulation,,,,
KXNWSL,Soccer,NWSL,tournament_outright,not_attempted_supported_sport,,,,unattempted,outright/bracket: few independent outcomes per season; needs prospective capture + simulation,,,,
KXLALIGATOP4,Soccer,La Liga,tournament_outright,not_attempted_supported_sport,,,,unattempted,outright/bracket: few independent outcomes per season; needs prospective capture + simulation,,,,
KXWC3RDPLACEQUAL,Soccer,FIFA World Cup,tournament_outright,not_attempted_supported_sport,,,,unattempted,outright/bracket: few independent outcomes per season; needs prospective capture + simulation,,,,
KXCLUBWCGA,Soccer,,tournament_outright,not_attempted_supported_sport,,,,unattempted,outright/bracket: few independent outcomes per season; needs prospective capture + simulation,,,,
KXLIGUE1TOP4,Soccer,Ligue 1,tournament_outright,not_attempted_supported_sport,,,,unattempted,outright/bracket: few independent outcomes per season; needs prospective capture + simulation,,,,
KXWCCLUBGOALS,Soccer,FIFA World Cup,tournament_outright,not_attempted_supported_sport,,,,unattempted,outright/bracket: few independent outcomes per season; needs prospective capture + simulation,,,,
KXSERIEARELEGATION,Soccer,Serie A,tournament_outright,not_attempted_supported_sport,,,,unattempted,outright/bracket: few independent outcomes per season; needs prospective capture + simulation,,,,
KXEREDIVISIE,Soccer,Eredivisie,tournament_outright,not_attempted_supported_sport,,,,unattempted,outright/bracket: few independent outcomes per season; needs prospective capture + simulation,,,,
KXAFCA,Soccer,AFC Asian Cup,tournament_outright,not_attempted_supported_sport,,,,unattempted,outright/bracket: few independent outcomes per season; needs prospective capture + simulation,,,,
KXSOCCERTROPHIES,Soccer,EPL,tournament_outright,not_attempted_supported_sport,,,,unattempted,outright/bracket: few independent outcomes per season; needs prospective capture + simulation,,,,
KXCONMEBOLLIB,Soccer,CONMEBOL Libertadores,tournament_outright,not_attempted_supported_sport,,,,unattempted,outright/bracket: few independent outcomes per season; needs prospective capture + simulation,,,,
KXARGPREMDIV,Soccer,Argentina Primera Division,tournament_outright,not_attempted_supported_sport,,,,unattempted,outright/bracket: few independent outcomes per season; needs prospective capture + simulation,,,,
KXBELGIANPL,Soccer,Belgian Pro League,tournament_outright,not_attempted_supported_sport,,,,unattempted,outright/bracket: few independent outcomes per season; needs prospective capture + simulation,,,,
KXMLSADVANCE,Soccer,MLS,tournament_outright,not_attempted_supported_sport,,,,unattempted,outright/bracket: few independent outcomes per season; needs prospective capture + simulation,,,,
KXWCCONCEDE1ST,Soccer,FIFA World Cup,tournament_outright,not_attempted_supported_sport,,,,unattempted,outright/bracket: few independent outcomes per season; needs prospective capture + simulation,,,,
KXCLUBWCGB,Soccer,,tournament_outright,not_attempted_supported_sport,,,,unattempted,outright/bracket: few independent outcomes per season; needs prospective capture + simulation,,,,
KXDENSUPERLIGA,Soccer,Danish Superliga,tournament_outright,not_attempted_supported_sport,,,,unattempted,outright/bracket: few independent outcomes per season; needs prospective capture + simulation,,,,
KXUEL16AJAUSG,Soccer,,tournament_outright,not_attempted_supported_sport,,,,unattempted,outright/bracket: few independent outcomes per season; needs prospective capture + simulation,,,,
KXUCLBOTTOM,Soccer,Champions League,tournament_outright,not_attempted_supported_sport,,,,unattempted,outright/bracket: few independent outcomes per season; needs prospective capture + simulation,,,,
KXCOUPEDEFRANCE,Soccer,Coupe de France,tournament_outright,not_attempted_supported_sport,,,,unattempted,outright/bracket: few independent outcomes per season; needs prospective capture + simulation,,,,
KXCLUBWCGH,Soccer,,tournament_outright,not_attempted_supported_sport,,,,unattempted,outright/bracket: few independent outcomes per season; needs prospective capture + simulation,,,,
KXWCCAREERGOALS,Soccer,FIFA World Cup,tournament_outright,not_attempted_supported_sport,,,,unattempted,outright/bracket: few independent outcomes per season; needs prospective capture + simulation,,,,
KXFIFAWADVANCE,Soccer,FIFA World Cup Qualifiers Women,tournament_outright,not_attempted_supported_sport,,,,unattempted,outright/bracket: few independent outcomes per season; needs prospective capture + simulation,,,,
KXEKSTRAKLASA,Soccer,Ekstraklasa,tournament_outright,not_attempted_supported_sport,,,,unattempted,outright/bracket: few independent outcomes per season; needs prospective capture + simulation,,,,
KXISRPLCUPADVANCE,Soccer,Premier League Cup,tournament_outright,not_attempted_supported_sport,,,,unattempted,outright/bracket: few independent outcomes per season; needs prospective capture + simulation,,,,
KXCLUBWCGF,Soccer,,tournament_outright,not_attempted_supported_sport,,,,unattempted,outright/bracket: few independent outcomes per season; needs prospective capture + simulation,,,,
KXCLUBWCGC,Soccer,,tournament_outright,not_attempted_supported_sport,,,,unattempted,outright/bracket: few independent outcomes per season; needs prospective capture + simulation,,,,
KXUEL16RSCFEN,Soccer,,tournament_outright,not_attempted_supported_sport,,,,unattempted,outright/bracket: few independent outcomes per season; needs prospective capture + simulation,,,,
KXCLUBWCGE,Soccer,,tournament_outright,not_attempted_supported_sport,,,,unattempted,outright/bracket: few independent outcomes per season; needs prospective capture + simulation,,,,
KXTACAPORT,Soccer,Taca de Portugal,tournament_outright,not_attempted_supported_sport,,,,unattempted,outright/bracket: few independent outcomes per season; needs prospective capture + simulation,,,,
KXWCGROUPPTS,Soccer,FIFA World Cup,tournament_outright,not_attempted_supported_sport,,,,unattempted,outright/bracket: few independent outcomes per season; needs prospective capture + simulation,,,,
KXWCQUAL,Soccer,FIFA World Cup,tournament_outright,not_attempted_supported_sport,,,,unattempted,outright/bracket: few independent outcomes per season; needs prospective capture + simulation,,,,
KXFINCUPADVANCE,Soccer,Suomen Cup,tournament_outright,not_attempted_supported_sport,,,,unattempted,outright/bracket: few independent outcomes per season; needs prospective capture + simulation,,,,
KXARGPREMDIVADVANCE,Soccer,Argentina Primera Division,tournament_outright,not_attempted_supported_sport,,,,unattempted,outright/bracket: few independent outcomes per season; needs prospective capture + simulation,,,,
KXPLAYWC,Soccer,FIFA World Cup,tournament_outright,not_attempted_supported_sport,,,,unattempted,outright/bracket: few independent outcomes per season; needs prospective capture + simulation,,,,
KXCOPAAMERICA,Soccer,Copa America,tournament_outright,not_attempted_supported_sport,,,,unattempted,outright/bracket: few independent outcomes per season; needs prospective capture + simulation,,,,
KXCLUBWCGG,Soccer,,tournament_outright,not_attempted_supported_sport,,,,unattempted,outright/bracket: few independent outcomes per season; needs prospective capture + simulation,,,,
KXEPLLAST,Soccer,EPL,tournament_outright,not_attempted_supported_sport,,,,unattempted,outright/bracket: few independent outcomes per season; needs prospective capture + simulation,,,,
KXCONCACAFGC,Soccer,CONCACAF Gold Cup,tournament_outright,not_attempted_supported_sport,,,,unattempted,outright/bracket: few independent outcomes per season; needs prospective capture + simulation,,,,
KXCOPADOBRASIL,Soccer,Copa do Brasil,tournament_outright,not_attempted_supported_sport,,,,unattempted,outright/bracket: few independent outcomes per season; needs prospective capture + simulation,,,,
KXWCCONGO,Soccer,FIFA World Cup,tournament_outright,not_attempted_supported_sport,,,,unattempted,outright/bracket: few independent outcomes per season; needs prospective capture + simulation,,,,
KXFROCUPADVANCE,Soccer,Faroe Islands Cup,tournament_outright,not_attempted_supported_sport,,,,unattempted,outright/bracket: few independent outcomes per season; needs prospective capture + simulation,,,,
KXUEFASUPERCUP,Soccer,,tournament_outright,not_attempted_supported_sport,,,,unattempted,outright/bracket: few independent outcomes per season; needs prospective capture + simulation,,,,
KXBRASILEIROTOPX,Soccer,Brasileiro Serie A,tournament_outright,not_attempted_supported_sport,,,,unattempted,outright/bracket: few independent outcomes per season; needs prospective capture + simulation,,,,
KXUEL16VIKFTC,Soccer,,tournament_outright,not_attempted_supported_sport,,,,unattempted,outright/bracket: few independent outcomes per season; needs prospective capture + simulation,,,,
KXECULP,Soccer,Ecuador LigaPro,tournament_outright,not_attempted_supported_sport,,,,unattempted,outright/bracket: few independent outcomes per season; needs prospective capture + simulation,,,,
KXMANCITYTITLES,Soccer,EPL,tournament_outright,not_attempted_supported_sport,,,,unattempted,outright/bracket: few independent outcomes per season; needs prospective capture + simulation,,,,
KXTHAIL1,Soccer,Thai League 1,tournament_outright,not_attempted_supported_sport,,,,unattempted,outright/bracket: few independent outcomes per season; needs prospective capture + simulation,,,,
KXCHNSL,Soccer,Chinese Super League,tournament_outright,not_attempted_supported_sport,,,,unattempted,outright/bracket: few independent outcomes per season; needs prospective capture + simulation,,,,
KXCHLLDP,Soccer,Chile Liga de Primera,tournament_outright,not_attempted_supported_sport,,,,unattempted,outright/bracket: few independent outcomes per season; needs prospective capture + simulation,,,,
KXUEFANLROUND,Soccer,UEFA Nations League,tournament_outright,not_attempted_supported_sport,,,,unattempted,outright/bracket: few independent outcomes per season; needs prospective capture + simulation,,,,
KXAPFDDH,Soccer,APF Division de Honor,tournament_outright,not_attempted_supported_sport,,,,unattempted,outright/bracket: few independent outcomes per season; needs prospective capture + simulation,,,,
KXSERIEATOP,Soccer,Serie A,tournament_outright,not_attempted_supported_sport,,,,unattempted,outright/bracket: few independent outcomes per season; needs prospective capture + simulation,,,,
KXWCFREEKICKGOAL,Soccer,FIFA World Cup,tournament_outright,not_attempted_supported_sport,,,,unattempted,outright/bracket: few independent outcomes per season; needs prospective capture + simulation,,,,
KXSOCCERTREBLE,Soccer,EPL,tournament_outright,not_attempted_supported_sport,,,,unattempted,outright/bracket: few independent outcomes per season; needs prospective capture + simulation,,,,
KXUEFANLGROUPWIN,Soccer,UEFA Nations League,tournament_outright,not_attempted_supported_sport,,,,unattempted,outright/bracket: few independent outcomes per season; needs prospective capture + simulation,,,,
KXLALIGA2PROMO,Soccer,La Liga 2,tournament_outright,not_attempted_supported_sport,,,,unattempted,outright/bracket: few independent outcomes per season; needs prospective capture + simulation,,,,
KXUCLQUAL,Soccer,Champions League,tournament_outright,not_attempted_supported_sport,,,,unattempted,outright/bracket: few independent outcomes per season; needs prospective capture + simulation,,,,
KXKNVBCUP,Soccer,KNVB,tournament_outright,not_attempted_supported_sport,,,,unattempted,outright/bracket: few independent outcomes per season; needs prospective capture + simulation,,,,
KXKLEAGUE,Soccer,Korea K League 1,tournament_outright,not_attempted_supported_sport,,,,unattempted,outright/bracket: few independent outcomes per season; needs prospective capture + simulation,,,,
KXLALIGATOP,Soccer,La Liga,tournament_outright,not_attempted_supported_sport,,,,unattempted,outright/bracket: few independent outcomes per season; needs prospective capture + simulation,,,,
KXUEL16ROMFCP,Soccer,,tournament_outright,not_attempted_supported_sport,,,,unattempted,outright/bracket: few independent outcomes per season; needs prospective capture + simulation,,,,
KXUEL16RSOFCM,Soccer,,tournament_outright,not_attempted_supported_sport,,,,unattempted,outright/bracket: few independent outcomes per season; needs prospective capture + simulation,,,,
KXBALLERLEAGUE,Soccer,Baller League,tournament_outright,not_attempted_supported_sport,,,,unattempted,outright/bracket: few independent outcomes per season; needs prospective capture + simulation,,,,
KXUEFANLGROUPQUAL,Soccer,UEFA Nations League,tournament_outright,not_attempted_supported_sport,,,,unattempted,outright/bracket: few independent outcomes per season; needs prospective capture + simulation,,,,
KXWCTEAMS,Soccer,FIFA World Cup,tournament_outright,not_attempted_supported_sport,,,,unattempted,outright/bracket: few independent outcomes per season; needs prospective capture + simulation,,,,
KXUCLLEAGUE,Soccer,Champions League,tournament_outright,not_attempted_supported_sport,,,,unattempted,outright/bracket: few independent outcomes per season; needs prospective capture + simulation,,,,
KXITASUPERCUPADVANCE,Soccer,Italian Super Cup,tournament_outright,not_attempted_supported_sport,,,,unattempted,outright/bracket: few independent outcomes per season; needs prospective capture + simulation,,,,
KXUSL,Soccer,USL Championship,tournament_outright,not_attempted_supported_sport,,,,unattempted,outright/bracket: few independent outcomes per season; needs prospective capture + simulation,,,,
KXUEFAEUROQUAL,Soccer,Euros,tournament_outright,not_attempted_supported_sport,,,,unattempted,outright/bracket: few independent outcomes per season; needs prospective capture + simulation,,,,
KXCONMEBOLSUD,Soccer,CONMEBOL Sudamericana,tournament_outright,not_attempted_supported_sport,,,,unattempted,outright/bracket: few independent outcomes per season; needs prospective capture + simulation,,,,
KXUCL16PSGSTB,Soccer,,tournament_outright,not_attempted_supported_sport,,,,unattempted,outright/bracket: few independent outcomes per season; needs prospective capture + simulation,,,,
KXLALIGALAST,Soccer,La Liga,tournament_outright,not_attempted_supported_sport,,,,unattempted,outright/bracket: few independent outcomes per season; needs prospective capture + simulation,,,,
KXPERLIGA1,Soccer,Peru Liga 1 ,tournament_outright,not_attempted_supported_sport,,,,unattempted,outright/bracket: few independent outcomes per season; needs prospective capture + simulation,,,,
KXUCL16BVBSPO,Soccer,,tournament_outright,not_attempted_supported_sport,,,,unattempted,outright/bracket: few independent outcomes per season; needs prospective capture + simulation,,,,
KXUEL16BOGTWE,Soccer,,tournament_outright,not_attempted_supported_sport,,,,unattempted,outright/bracket: few independent outcomes per season; needs prospective capture + simulation,,,,
KXEPLPOINTMARGIN,Soccer,EPL,tournament_outright,not_attempted_supported_sport,,,,unattempted,outright/bracket: few independent outcomes per season; needs prospective capture + simulation,,,,
KXLIGUE1TOP,Soccer,Ligue 1,tournament_outright,not_attempted_supported_sport,,,,unattempted,outright/bracket: few independent outcomes per season; needs prospective capture + simulation,,,,
KXBUNDESLIGATOP,Soccer,Bundesliga,tournament_outright,not_attempted_supported_sport,,,,unattempted,outright/bracket: few independent outcomes per season; needs prospective capture + simulation,,,,
KXBUNDESLIGAPOINTMARGIN,Soccer,Bundesliga,tournament_outright,not_attempted_supported_sport,,,,unattempted,outright/bracket: few independent outcomes per season; needs prospective capture + simulation,,,,
KXURYPD,Soccer,Uruguayan Primera Division,tournament_outright,not_attempted_supported_sport,,,,unattempted,outright/bracket: few independent outcomes per season; needs prospective capture + simulation,,,,
KXBUNDESLIGALAST,Soccer,Bundesliga,tournament_outright,not_attempted_supported_sport,,,,unattempted,outright/bracket: few independent outcomes per season; needs prospective capture + simulation,,,,
KXVENFUTVE,Soccer,Venezuela Liga FUTVE,tournament_outright,not_attempted_supported_sport,,,,unattempted,outright/bracket: few independent outcomes per season; needs prospective capture + simulation,,,,
KXLALIGAPOINTMARGIN,Soccer,La Liga,tournament_outright,not_attempted_supported_sport,,,,unattempted,outright/bracket: few independent outcomes per season; needs prospective capture + simulation,,,,
KXAFCACADVANCE,Soccer,,tournament_outright,not_attempted_supported_sport,,,,unattempted,outright/bracket: few independent outcomes per season; needs prospective capture + simulation,,,,
KXALEAGUEADVANCE,Soccer,,tournament_outright,not_attempted_supported_sport,,,,unattempted,outright/bracket: few independent outcomes per season; needs prospective capture + simulation,,,,
KXALLSVENSKANADVANCE,Soccer,,tournament_outright,not_attempted_supported_sport,,,,unattempted,outright/bracket: few independent outcomes per season; needs prospective capture + simulation,,,,
KXAPFDDHADVANCE,Soccer,,tournament_outright,not_attempted_supported_sport,,,,unattempted,outright/bracket: few independent outcomes per season; needs prospective capture + simulation,,,,
KXARGNACBADVANCE,Soccer,,tournament_outright,not_attempted_supported_sport,,,,unattempted,outright/bracket: few independent outcomes per season; needs prospective capture + simulation,,,,
KXBELGIANPLADVANCE,Soccer,,tournament_outright,not_attempted_supported_sport,,,,unattempted,outright/bracket: few independent outcomes per season; needs prospective capture + simulation,,,,
KXBOLPDIVADVANCE,Soccer,,tournament_outright,not_attempted_supported_sport,,,,unattempted,outright/bracket: few independent outcomes per season; needs prospective capture + simulation,,,,
KXBRASILEIROADVANCE,Soccer,,tournament_outright,not_attempted_supported_sport,,,,unattempted,outright/bracket: few independent outcomes per season; needs prospective capture + simulation,,,,
KXBRASILEIROBADVANCE,Soccer,,tournament_outright,not_attempted_supported_sport,,,,unattempted,outright/bracket: few independent outcomes per season; needs prospective capture + simulation,,,,
KXBRASILEIROCADVANCE,Soccer,,tournament_outright,not_attempted_supported_sport,,,,unattempted,outright/bracket: few independent outcomes per season; needs prospective capture + simulation,,,,
KXBRASILEIRORELEGATION,Soccer,,tournament_outright,not_attempted_supported_sport,,,,unattempted,outright/bracket: few independent outcomes per season; needs prospective capture + simulation,,,,
KXBRASILEIROTOP,Soccer,,tournament_outright,not_attempted_supported_sport,,,,unattempted,outright/bracket: few independent outcomes per season; needs prospective capture + simulation,,,,
KXBUNDESLIGA2ADVANCE,Soccer,,tournament_outright,not_attempted_supported_sport,,,,unattempted,outright/bracket: few independent outcomes per season; needs prospective capture + simulation,,,,
KXBUNDESLIGAADVANCE,Soccer,,tournament_outright,not_attempted_supported_sport,,,,unattempted,outright/bracket: few independent outcomes per season; needs prospective capture + simulation,,,,
KXCANPLADVANCE,Soccer,,tournament_outright,not_attempted_supported_sport,,,,unattempted,outright/bracket: few independent outcomes per season; needs prospective capture + simulation,,,,
KXCHLLDPADVANCE,Soccer,,tournament_outright,not_attempted_supported_sport,,,,unattempted,outright/bracket: few independent outcomes per season; needs prospective capture + simulation,,,,
KXCHNL1ADVANCE,Soccer,,tournament_outright,not_attempted_supported_sport,,,,unattempted,outright/bracket: few independent outcomes per season; needs prospective capture + simulation,,,,
KXCHNSLADVANCE,Soccer,,tournament_outright,not_attempted_supported_sport,,,,unattempted,outright/bracket: few independent outcomes per season; needs prospective capture + simulation,,,,
KXCLUBWCADVANCE,Soccer,,tournament_outright,not_attempted_supported_sport,,,,unattempted,outright/bracket: few independent outcomes per season; needs prospective capture + simulation,,,,
KXCONCACAFCCUPADVANCE,Soccer,,tournament_outright,not_attempted_supported_sport,,,,unattempted,outright/bracket: few independent outcomes per season; needs prospective capture + simulation,,,,
KXCZEFLADVANCE,Soccer,,tournament_outright,not_attempted_supported_sport,,,,unattempted,outright/bracket: few independent outcomes per season; needs prospective capture + simulation,,,,
KXDENSUPERLIGAADVANCE,Soccer,,tournament_outright,not_attempted_supported_sport,,,,unattempted,outright/bracket: few independent outcomes per season; needs prospective capture + simulation,,,,
KXDIMAYORADVANCE,Soccer,,tournament_outright,not_attempted_supported_sport,,,,unattempted,outright/bracket: few independent outcomes per season; needs prospective capture + simulation,,,,
KXECULPADVANCE,Soccer,,tournament_outright,not_attempted_supported_sport,,,,unattempted,outright/bracket: few independent outcomes per season; needs prospective capture + simulation,,,,
KXEFLL1ADVANCE,Soccer,,tournament_outright,not_attempted_supported_sport,,,,unattempted,outright/bracket: few independent outcomes per season; needs prospective capture + simulation,,,,
KXEGYPL,Soccer,,tournament_outright,not_attempted_supported_sport,,,,unattempted,outright/bracket: few independent outcomes per season; needs prospective capture + simulation,,,,
KXEGYPLADVANCE,Soccer,,tournament_outright,not_attempted_supported_sport,,,,unattempted,outright/bracket: few independent outcomes per season; needs prospective capture + simulation,,,,
KXEKSTRAKLASAADVANCE,Soccer,,tournament_outright,not_attempted_supported_sport,,,,unattempted,outright/bracket: few independent outcomes per season; needs prospective capture + simulation,,,,
KXELITESERIENADVANCE,Soccer,,tournament_outright,not_attempted_supported_sport,,,,unattempted,outright/bracket: few independent outcomes per season; needs prospective capture + simulation,,,,
KXEPLADVANCE,Soccer,,tournament_outright,not_attempted_supported_sport,,,,unattempted,outright/bracket: few independent outcomes per season; needs prospective capture + simulation,,,,
KXEREDIVISIEADVANCE,Soccer,,tournament_outright,not_attempted_supported_sport,,,,unattempted,outright/bracket: few independent outcomes per season; needs prospective capture + simulation,,,,
KXEWSLADVANCE,Soccer,,tournament_outright,not_attempted_supported_sport,,,,unattempted,outright/bracket: few independent outcomes per season; needs prospective capture + simulation,,,,
KXFINALISSIMAADVANCE,Soccer,,tournament_outright,not_attempted_supported_sport,,,,unattempted,outright/bracket: few independent outcomes per season; needs prospective capture + simulation,,,,
KXHNLADVANCE,Soccer,,tournament_outright,not_attempted_supported_sport,,,,unattempted,outright/bracket: few independent outcomes per season; needs prospective capture + simulation,,,,
KXIDNSLADVANCE,Soccer,,tournament_outright,not_attempted_supported_sport,,,,unattempted,outright/bracket: few independent outcomes per season; needs prospective capture + simulation,,,,
KXINTLFRIENDLYADVANCE,Soccer,,tournament_outright,not_attempted_supported_sport,,,,unattempted,outright/bracket: few independent outcomes per season; needs prospective capture + simulation,,,,
KXISRNLCUPADVANCE,Soccer,,tournament_outright,not_attempted_supported_sport,,,,unattempted,outright/bracket: few independent outcomes per season; needs prospective capture + simulation,,,,
KXISRSCUPADVANCE,Soccer,,tournament_outright,not_attempted_supported_sport,,,,unattempted,outright/bracket: few independent outcomes per season; needs prospective capture + simulation,,,,
KXJ2LEAGUEADVANCE,Soccer,,tournament_outright,not_attempted_supported_sport,,,,unattempted,outright/bracket: few independent outcomes per season; needs prospective capture + simulation,,,,
KXJLEAGUEADVANCE,Soccer,,tournament_outright,not_attempted_supported_sport,,,,unattempted,outright/bracket: few independent outcomes per season; needs prospective capture + simulation,,,,
KXK2LEAGUEADVANCE,Soccer,,tournament_outright,not_attempted_supported_sport,,,,unattempted,outright/bracket: few independent outcomes per season; needs prospective capture + simulation,,,,
KXKLEAGUEADVANCE,Soccer,,tournament_outright,not_attempted_supported_sport,,,,unattempted,outright/bracket: few independent outcomes per season; needs prospective capture + simulation,,,,
KXLALIGA2ADVANCE,Soccer,,tournament_outright,not_attempted_supported_sport,,,,unattempted,outright/bracket: few independent outcomes per season; needs prospective capture + simulation,,,,
KXLALIGAADVANCE,Soccer,,tournament_outright,not_attempted_supported_sport,,,,unattempted,outright/bracket: few independent outcomes per season; needs prospective capture + simulation,,,,
KXLIGAEXPADVANCE,Soccer,,tournament_outright,not_attempted_supported_sport,,,,unattempted,outright/bracket: few independent outcomes per season; needs prospective capture + simulation,,,,
KXLIGAPORTUGALADVANCE,Soccer,,tournament_outright,not_attempted_supported_sport,,,,unattempted,outright/bracket: few independent outcomes per season; needs prospective capture + simulation,,,,
KXLIGUE1ADVANCE,Soccer,,tournament_outright,not_attempted_supported_sport,,,,unattempted,outright/bracket: few independent outcomes per season; needs prospective capture + simulation,,,,
KXLIGUE1LAST,Soccer,Ligue 1,tournament_outright,not_attempted_supported_sport,,,,unattempted,outright/bracket: few independent outcomes per season; needs prospective capture + simulation,,,,
KXLIGUE1POINTMARGIN,Soccer,Ligue 1,tournament_outright,not_attempted_supported_sport,,,,unattempted,outright/bracket: few independent outcomes per season; needs prospective capture + simulation,,,,
KXLIGUILLAQUAL,Soccer,,tournament_outright,not_attempted_supported_sport,,,,unattempted,outright/bracket: few independent outcomes per season; needs prospective capture + simulation,,,,
KXMWORLDCUP,Soccer,,tournament_outright,not_attempted_supported_sport,,,,unattempted,outright/bracket: few independent outcomes per season; needs prospective capture + simulation,,,,
KXMYSLADVANCE,Soccer,,tournament_outright,not_attempted_supported_sport,,,,unattempted,outright/bracket: few independent outcomes per season; needs prospective capture + simulation,,,,
KXNWSLADVANCE,Soccer,,tournament_outright,not_attempted_supported_sport,,,,unattempted,outright/bracket: few independent outcomes per season; needs prospective capture + simulation,,,,
KXPERLIGA1ADVANCE,Soccer,,tournament_outright,not_attempted_supported_sport,,,,unattempted,outright/bracket: few independent outcomes per season; needs prospective capture + simulation,,,,
KXSAUDIPLADVANCE,Soccer,,tournament_outright,not_attempted_supported_sport,,,,unattempted,outright/bracket: few independent outcomes per season; needs prospective capture + simulation,,,,
KXSCOTTISHPREMADVANCE,Soccer,,tournament_outright,not_attempted_supported_sport,,,,unattempted,outright/bracket: few independent outcomes per season; needs prospective capture + simulation,,,,
KXSERIEAADVANCE,Soccer,,tournament_outright,not_attempted_supported_sport,,,,unattempted,outright/bracket: few independent outcomes per season; needs prospective capture + simulation,,,,
KXSERIEALAST,Soccer,Serie A,tournament_outright,not_attempted_supported_sport,,,,unattempted,outright/bracket: few independent outcomes per season; needs prospective capture + simulation,,,,
KXSERIEAPOINTMARGIN,Soccer,Serie A,tournament_outright,not_attempted_supported_sport,,,,unattempted,outright/bracket: few independent outcomes per season; needs prospective capture + simulation,,,,
KXSERIEBADVANCE,Soccer,,tournament_outright,not_attempted_supported_sport,,,,unattempted,outright/bracket: few independent outcomes per season; needs prospective capture + simulation,,,,
KXSGPPLADVANCE,Soccer,,tournament_outright,not_attempted_supported_sport,,,,unattempted,outright/bracket: few independent outcomes per season; needs prospective capture + simulation,,,,
KXSLGREECEADVANCE,Soccer,,tournament_outright,not_attempted_supported_sport,,,,unattempted,outright/bracket: few independent outcomes per season; needs prospective capture + simulation,,,,
KXSRBCUPADVANCE,Soccer,,tournament_outright,not_attempted_supported_sport,,,,unattempted,outright/bracket: few independent outcomes per season; needs prospective capture + simulation,,,,
KXSUPERLIGADVANCE,Soccer,,tournament_outright,not_attempted_supported_sport,,,,unattempted,outright/bracket: few independent outcomes per season; needs prospective capture + simulation,,,,
KXSVNCUPADVANCE,Soccer,,tournament_outright,not_attempted_supported_sport,,,,unattempted,outright/bracket: few independent outcomes per season; needs prospective capture + simulation,,,,
KXSWISSLEAGUEADVANCE,Soccer,,tournament_outright,not_attempted_supported_sport,,,,unattempted,outright/bracket: few independent outcomes per season; needs prospective capture + simulation,,,,
KXTHAIL1ADVANCE,Soccer,,tournament_outright,not_attempted_supported_sport,,,,unattempted,outright/bracket: few independent outcomes per season; needs prospective capture + simulation,,,,
KXUAEPLADVANCE,Soccer,,tournament_outright,not_attempted_supported_sport,,,,unattempted,outright/bracket: few independent outcomes per season; needs prospective capture + simulation,,,,
KXUCL16,Soccer,,tournament_outright,not_attempted_supported_sport,,,,unattempted,outright/bracket: few independent outcomes per season; needs prospective capture + simulation,,,,
KXUCL8,Soccer,,tournament_outright,not_attempted_supported_sport,,,,unattempted,outright/bracket: few independent outcomes per season; needs prospective capture + simulation,,,,
KXUEFACLTOPGOAL,Soccer,,tournament_outright,not_attempted_supported_sport,,,,unattempted,outright/bracket: few independent outcomes per season; needs prospective capture + simulation,,,,
KXUEFANLADVANCE,Soccer,,tournament_outright,not_attempted_supported_sport,,,,unattempted,outright/bracket: few independent outcomes per season; needs prospective capture + simulation,,,,
KXUEL16FCSBPAOK,Soccer,,tournament_outright,not_attempted_supported_sport,,,,unattempted,outright/bracket: few independent outcomes per season; needs prospective capture + simulation,,,,
KXUEL16FTCRSO,Soccer,,tournament_outright,not_attempted_supported_sport,,,,unattempted,outright/bracket: few independent outcomes per season; needs prospective capture + simulation,,,,
KXUEL16GALAZA,Soccer,,tournament_outright,not_attempted_supported_sport,,,,unattempted,outright/bracket: few independent outcomes per season; needs prospective capture + simulation,,,,
KXUEL16TWEVIK,Soccer,,tournament_outright,not_attempted_supported_sport,,,,unattempted,outright/bracket: few independent outcomes per season; needs prospective capture + simulation,,,,
KXURYPDADVANCE,Soccer,,tournament_outright,not_attempted_supported_sport,,,,unattempted,outright/bracket: few independent outcomes per season; needs prospective capture + simulation,,,,
KXUSLADVANCE,Soccer,,tournament_outright,not_attempted_supported_sport,,,,unattempted,outright/bracket: few independent outcomes per season; needs prospective capture + simulation,,,,
KXUSOPENCUP,Soccer,,tournament_outright,not_attempted_supported_sport,,,,unattempted,outright/bracket: few independent outcomes per season; needs prospective capture + simulation,,,,
KXVENFUTVEADVANCE,Soccer,,tournament_outright,not_attempted_supported_sport,,,,unattempted,outright/bracket: few independent outcomes per season; needs prospective capture + simulation,,,,
KXVLEAGUE1ADVANCE,Soccer,,tournament_outright,not_attempted_supported_sport,,,,unattempted,outright/bracket: few independent outcomes per season; needs prospective capture + simulation,,,,
KXWCFINALMATCHUP,Soccer,,tournament_outright,not_attempted_supported_sport,,,,unattempted,outright/bracket: few independent outcomes per season; needs prospective capture + simulation,,,,
KXWCGS3WINS,Soccer,,tournament_outright,not_attempted_supported_sport,,,,unattempted,outright/bracket: few independent outcomes per season; needs prospective capture + simulation,,,,
KXWCWOMEN,Soccer,,tournament_outright,not_attempted_supported_sport,,,,unattempted,outright/bracket: few independent outcomes per season; needs prospective capture + simulation,,,,
KXSQUASHMATCH,Squash,Pro Squash (M),game_winner,kalshi_settlement_only_evaluated,k_kxsquashmatch,kalshi_only,game_winner,supported,frozen elo model,exact,unavailable: training support below threshold,unavailable: matched training support below threshold,candle rule
KXPSASQUASH,Squash,Pro Squash (M),tournament_outright,not_attempted_supported_sport,,,,unattempted,outright/bracket: few independent outcomes per season; needs prospective capture + simulation,,,,
KXBRITISHOPENSQUASH,Squash,Squash,tournament_outright,not_attempted_supported_sport,,,,unattempted,outright/bracket: few independent outcomes per season; needs prospective capture + simulation,,,,
KXTTELITEMATCH,Table Tennis,TT Elite Series,game_winner,kalshi_settlement_only_evaluated,k_kxttelitematch,kalshi_only,game_winner,supported,frozen elo model,exact,unavailable: training support below threshold,unavailable: matched training support below threshold,candle rule
KXTTSTARMATCH,Table Tennis,TT Star Series,game_winner,kalshi_settlement_only_evaluated,k_kxttstarmatch,kalshi_only,game_winner,supported,frozen elo model,exact,unavailable: training support below threshold,unavailable: matched training support below threshold,candle rule
KXTABLETENNIS,Table Tennis,TT Elite Series Men,game_winner,kalshi_settlement_only_evaluated,k_kxtabletennis,kalshi_only,game_winner,supported,frozen elo model,exact,unavailable: training support below threshold,unavailable: matched training support below threshold,candle rule
KXTTMATCH,Table Tennis,TT Star Series,game_winner,kalshi_settlement_only_evaluated,k_kxttmatch,kalshi_only,game_winner,supported,frozen elo model,exact,unavailable: training support below threshold,unavailable: matched training support below threshold,candle rule
KXTABLETENNISMATCH,Table Tennis,Setka Cup,game_winner,kalshi_settlement_only_evaluated,k_kxtabletennismatch,kalshi_only,game_winner,supported,frozen elo model,exact,unavailable: training support below threshold,unavailable: matched training support below threshold,candle rule
KXITTFMENMATCH,Table Tennis,World Team Championships Men,game_winner,kalshi_settlement_only_evaluated,k_kxittfmenmatch,kalshi_only,game_winner,supported,frozen elo model,exact,unavailable: training support below threshold,unavailable: matched training support below threshold,candle rule
KXITTFWOMENMATCH,Table Tennis,World Team Championships Women,game_winner,not_attempted_supported_sport,,,,unattempted,no traded markets,,,,
KXTTELITEGAME,Table Tennis,,game_winner,not_attempted_supported_sport,,,,unattempted,no traded markets,,,,
KXWTABLETENNISMATCH,Table Tennis,,game_winner,not_attempted_supported_sport,,,,unattempted,no traded markets,,,,
KXWTTMATCH,Table Tennis,,game_winner,not_attempted_supported_sport,,,,unattempted,no traded markets,,,,
KXITTFWOMEN,Table Tennis,World Team Championships Women,tournament_outright,not_attempted_supported_sport,,,,unattempted,outright/bracket: few independent outcomes per season; needs prospective capture + simulation,,,,
KXITTFMEN,Table Tennis,World Team Championships Men,tournament_outright,not_attempted_supported_sport,,,,unattempted,outright/bracket: few independent outcomes per season; needs prospective capture + simulation,,,,
KXWTAROE,Tennis,Wimbledon Women Singles,field_finish,not_attempted_supported_sport,,,,unattempted,no independent results adapter for this competition in Phase 1 (game_winner only via Kalshi-only path),,,,
KXATPMATCH,Tennis,US Open Men Singles,game_winner,kalshi_settlement_only_evaluated,k_kxatpmatch,kalshi_only,game_winner,supported,frozen elo model,exact,ok,unavailable: matched training support below threshold,candle rule
KXATPCHALLENGERMATCH,Tennis,ATP Challenger Newport,game_winner,kalshi_settlement_only_evaluated,k_kxatpchallengermatch,kalshi_only,game_winner,supported,frozen elo model,exact,unavailable: training support below threshold,unavailable: matched training support below threshold,candle rule
KXWTAMATCH,Tennis,Wimbledon Women Singles,game_winner,kalshi_settlement_only_evaluated,k_kxwtamatch,kalshi_only,game_winner,supported,frozen elo model,exact,ok,unavailable: matched training support below threshold,candle rule
KXITFMATCH,Tennis,ITF,game_winner,kalshi_settlement_only_evaluated,k_kxitfmatch,kalshi_only,game_winner,supported,frozen elo model,exact,unavailable: training support below threshold,unavailable: matched training support below threshold,candle rule
KXITFWMATCH,Tennis,ITF,game_winner,kalshi_settlement_only_evaluated,k_kxitfwmatch,kalshi_only,game_winner,supported,frozen elo model,exact,unavailable: training support below threshold,unavailable: matched training support below threshold,candle rule
KXWTACHALLENGERMATCH,Tennis,WTA 125K Birmingham,game_winner,kalshi_settlement_only_evaluated,k_kxwtachallengermatch,kalshi_only,game_winner,supported,frozen elo model,exact,unavailable: training support below threshold,unavailable: matched training support below threshold,candle rule
KXFOMEN,Tennis,French Open Men Singles,game_winner,no_test_contracts,k_kxfomen,kalshi_only,game_winner,supported,frozen elo model,exact,unavailable: training support below threshold,unavailable: matched training support below threshold,candle rule
KXITFDOUBLES,Tennis,ITF Doubles,game_winner,kalshi_settlement_only_evaluated,k_kxitfdoubles,kalshi_only,game_winner,supported,frozen elo model,exact,unavailable: training support below threshold,unavailable: matched training support below threshold,candle rule
KXDAVISCUPMATCH,Tennis,Davis Cup,game_winner,kalshi_settlement_only_evaluated,k_kxdaviscupmatch,kalshi_only,game_winner,supported,frozen elo model,exact,unavailable: training support below threshold,unavailable: matched training support below threshold,candle rule
KXITFWDOUBLES,Tennis,ITF Doubles,game_winner,kalshi_settlement_only_evaluated,k_kxitfwdoubles,kalshi_only,game_winner,supported,frozen elo model,exact,unavailable: training support below threshold,unavailable: matched training support below threshold,candle rule
KXWTADOUBLES,Tennis,French Open Women Doubles,game_winner,kalshi_settlement_only_evaluated,k_kxwtadoubles,kalshi_only,game_winner,supported,frozen elo model,exact,unavailable: training support below threshold,unavailable: matched training support below threshold,candle rule
KXATPDOUBLES,Tennis,French Open Men Doubles,game_winner,kalshi_settlement_only_evaluated,k_kxatpdoubles,kalshi_only,game_winner,supported,frozen elo model,exact,unavailable: training support below threshold,unavailable: matched training support below threshold,candle rule
KXUNITEDCUPMATCH,Tennis,United Cup,game_winner,kalshi_settlement_only_evaluated,k_kxunitedcupmatch,kalshi_only,game_winner,supported,frozen elo model,exact,unavailable: training support below threshold,unavailable: matched training support below threshold,candle rule
KXFOWOMEN,Tennis,French Open Women Singles,game_winner,no_test_contracts,k_kxfowomen,kalshi_only,game_winner,supported,frozen elo model,exact,unavailable: training support below threshold,unavailable: matched training support below threshold,candle rule
KXLAVERCUPMATCH,Tennis,Laver Cup Singles,game_winner,kalshi_settlement_only_evaluated,k_kxlavercupmatch,kalshi_only,game_winner,supported,frozen elo model,exact,unavailable: training support below threshold,unavailable: matched training support below threshold,candle rule
KXATPCHALLENGERDOUBLES,Tennis,ATP Challenger Kingston,game_winner,kalshi_settlement_only_evaluated,k_kxatpchallengerdoubles,kalshi_only,game_winner,supported,frozen elo model,exact,unavailable: training support below threshold,unavailable: matched training support below threshold,candle rule
KXIWMEN,Tennis,ATP Indian Wells,game_winner,no_test_contracts,k_kxiwmen,kalshi_only,game_winner,supported,frozen elo model,exact,,,candle rule
KXMOWOMEN,Tennis,WTA Miami,game_winner,no_test_contracts,k_kxmowomen,kalshi_only,game_winner,supported,frozen elo model,exact,,,candle rule
KXIWWOMEN,Tennis,WTA Indian Wells,game_winner,no_test_contracts,k_kxiwwomen,kalshi_only,game_winner,supported,frozen elo model,exact,,,candle rule
KXMOMEN,Tennis,ATP Miami,game_winner,no_test_contracts,k_kxmomen,kalshi_only,game_winner,supported,frozen elo model,exact,,,candle rule
KXMIXEDDOUBLESMATCH,Tennis,US Open Mixed Doubles,game_winner,kalshi_settlement_only_evaluated,k_kxmixeddoublesmatch,kalshi_only,game_winner,supported,frozen elo model,exact,unavailable: training support below threshold,unavailable: matched training support below threshold,candle rule
KXBATTLEOFSEXES,Tennis,Battle of the Sexes,game_winner,no_test_contracts,k_kxbattleofsexes,kalshi_only,game_winner,supported,frozen elo model,exact,unavailable: training support below threshold,unavailable: matched training support below threshold,candle rule
KXLAVERCUPDOUBLESMATCH,Tennis,Laver Cup Doubles,game_winner,kalshi_settlement_only_evaluated,k_kxlavercupdoublesmatch,kalshi_only,game_winner,supported,frozen elo model,exact,unavailable: training support below threshold,unavailable: matched training support below threshold,candle rule
KXTENNISEXHIBITION,Tennis,UTS London Grand Final,game_winner,no_test_contracts,k_kxtennisexhibition,kalshi_only,game_winner,supported,frozen elo model,exact,unavailable: training support below threshold,unavailable: matched training support below threshold,candle rule
KXMADMEN,Tennis,ATP Madrid,game_winner,no_test_contracts,k_kxmadmen,kalshi_only,game_winner,supported,frozen elo model,exact,,,candle rule
KXSIXKINGSSLAMMATCH,Tennis,Six Kings Slam,game_winner,no_test_contracts,k_kxsixkingsslammatch,kalshi_only,game_winner,supported,frozen elo model,exact,unavailable: training support below threshold,unavailable: matched training support below threshold,candle rule
KXEXHIBITIONMEN,Tennis,Alcaraz vs Sinner,game_winner,kalshi_settlement_only_evaluated,k_kxexhibitionmen,kalshi_only,game_winner,supported,frozen elo model,exact,unavailable: training support below threshold,unavailable: matched training support below threshold,candle rule
KXMADWOMEN,Tennis,WTA Madrid,game_winner,no_test_contracts,k_kxmadwomen,kalshi_only,game_winner,supported,frozen elo model,exact,,,candle rule
KXPICKLEBALLMATCH,Tennis,David Dobrik Pickleball,game_winner,no_test_contracts,k_kxpickleballmatch,kalshi_only,game_winner,supported,frozen elo model,exact,,,candle rule
KXATPGWINNER,Tennis,,game_winner,not_attempted_supported_sport,,,,unattempted,no traded markets,,,,
KXEXHIBITIONWOMEN,Tennis,,game_winner,not_attempted_supported_sport,,,,unattempted,no traded markets,,,,
KXSIXKINGSMATCH,Tennis,,game_winner,not_attempted_supported_sport,,,,unattempted,no traded markets,,,,
KXSIXKINGSQUARTER,Tennis,,game_winner,not_attempted_supported_sport,,,,unattempted,no traded markets,,,,
KXSIXKINGSSEMI,Tennis,,game_winner,not_attempted_supported_sport,,,,unattempted,no traded markets,,,,
KXTENNISMAJORDJOKOVIC,Tennis,,other_novelty,not_attempted_supported_sport,,,,unattempted,out of scope (novelty),,,,
KXPLAYERDEAL,Tennis,ATP,other_novelty,not_attempted_supported_sport,,,,unattempted,out of scope (novelty),,,,
KXATPNOVAK25,Tennis,ATP,other_novelty,not_attempted_supported_sport,,,,unattempted,out of scope (novelty),,,,
KXATPCOMPETE,Tennis,US Open,personnel_ops,not_attempted_supported_sport,,,,unattempted,out of scope (non-sporting outcome),,,,
KXATPNATWINNER,Tennis,US Open Men Singles,personnel_ops,not_attempted_supported_sport,,,,unattempted,out of scope (non-sporting outcome),,,,
KXALCARAZCOACH,Tennis,,personnel_ops,not_attempted_supported_sport,,,,unattempted,out of scope (non-sporting outcome),,,,
KXATPRETIRE,Tennis,ATP,personnel_ops,not_attempted_supported_sport,,,,unattempted,out of scope (non-sporting outcome),,,,
KXWTANATSTAGE,Tennis,US Open Women Singles,personnel_ops,not_attempted_supported_sport,,,,unattempted,out of scope (non-sporting outcome),,,,
KXDJOKOVICRETIRE,Tennis,,personnel_ops,not_attempted_supported_sport,,,,unattempted,out of scope (non-sporting outcome),,,,
KXATPNATSTAGE,Tennis,US Open Men Singles,personnel_ops,not_attempted_supported_sport,,,,unattempted,out of scope (non-sporting outcome),,,,
KXATPACES,Tennis,Wimbledon Men Singles,player_prop,not_attempted_supported_sport,,,,unattempted,player/appearance-conditioned; pregame participation not reconstructable as-of (not modelled),,,,
KXWTAACES,Tennis,,player_prop,not_attempted_supported_sport,,,,unattempted,player/appearance-conditioned; pregame participation not reconstructable as-of (not modelled),,,,
KXATP1RANK,Tennis,ATP,rankings_polls,not_attempted_supported_sport,,,,unattempted,rankings/polls: poll processes (KenPom paid),,,,
KXWTA1RANK,Tennis,WTA,rankings_polls,not_attempted_supported_sport,,,,unattempted,rankings/polls: poll processes (KenPom paid),,,,
KXATPT5RANK,Tennis,ATP,rankings_polls,not_attempted_supported_sport,,,,unattempted,rankings/polls: poll processes (KenPom paid),,,,
KXATPEXACTMATCH,Tennis,US Open Men Singles,score_props,not_attempted_supported_sport,,,,unattempted,no independent results adapter for this competition in Phase 1 (game_winner only via Kalshi-only path),,,,
KXWTAEXACTMATCH,Tennis,US Open Women Singles,score_props,not_attempted_supported_sport,,,,unattempted,no independent results adapter for this competition in Phase 1 (game_winner only via Kalshi-only path),,,,
KXATPTIEBREAK,Tennis,,score_props,not_attempted_supported_sport,,,,unattempted,no traded markets,,,,
KXATPSETWINNER,Tennis,Wimbledon Men Singles,segment,not_attempted_supported_sport,,,,unattempted,no independent results adapter for this competition in Phase 1 (game_winner only via Kalshi-only path),,,,
KXWTASETWINNER,Tennis,US Open Women Singles,segment,not_attempted_supported_sport,,,,unattempted,no independent results adapter for this competition in Phase 1 (game_winner only via Kalshi-only path),,,,
KXATPSSPREAD,Tennis,US Open Men Singles,segment,not_attempted_supported_sport,,,,unattempted,no independent results adapter for this competition in Phase 1 (game_winner only via Kalshi-only path),,,,
KXATPS1GWINNER,Tennis,ATP S-Hertogenbosch,segment,not_attempted_supported_sport,,,,unattempted,no independent results adapter for this competition in Phase 1 (game_winner only via Kalshi-only path),,,,
KXATPS4GWINNER,Tennis,French Open Men Singles,segment,not_attempted_supported_sport,,,,unattempted,no independent results adapter for this competition in Phase 1 (game_winner only via Kalshi-only path),,,,
KXATPS2GWINNER,Tennis,ATP Stuttgart,segment,not_attempted_supported_sport,,,,unattempted,no independent results adapter for this competition in Phase 1 (game_winner only via Kalshi-only path),,,,
KXATPS3GWINNER,Tennis,ATP S-Hertogenbosch,segment,not_attempted_supported_sport,,,,unattempted,no independent results adapter for this competition in Phase 1 (game_winner only via Kalshi-only path),,,,
KXATPANYSET,Tennis,,segment,not_attempted_supported_sport,,,,unattempted,no traded markets,,,,
KXATPS5GWINNER,Tennis,,segment,not_attempted_supported_sport,,,,unattempted,no traded markets,,,,
KXBATTLEOFSEXESSET,Tennis,,segment,not_attempted_supported_sport,,,,unattempted,no traded markets,,,,
KXATPGSPREAD,Tennis,US Open Men Singles,spread,not_attempted_supported_sport,,,,unattempted,no independent results adapter for this competition in Phase 1 (game_winner only via Kalshi-only path),,,,
KXATPGAMESPREAD,Tennis,,spread,not_attempted_supported_sport,,,,unattempted,no traded markets,,,,
KXATPEXACTSETS,Tennis,,test_placeholder,not_attempted_supported_sport,,,,unattempted,out of scope (test),,,,
KXATPGTOTAL,Tennis,US Open Men Singles,total,not_attempted_supported_sport,,,,unattempted,no independent results adapter for this competition in Phase 1 (game_winner only via Kalshi-only path),,,,
KXWTAGTOTAL,Tennis,US Open Women Singles,total,not_attempted_supported_sport,,,,unattempted,no independent results adapter for this competition in Phase 1 (game_winner only via Kalshi-only path),,,,
KXATPTOTALSETS,Tennis,US Open Men Singles,total,not_attempted_supported_sport,,,,unattempted,no independent results adapter for this competition in Phase 1 (game_winner only via Kalshi-only path),,,,
KXATPGAMETOTAL,Tennis,ATP Indian Wells,total,not_attempted_supported_sport,,,,unattempted,no independent results adapter for this competition in Phase 1 (game_winner only via Kalshi-only path),,,,
KXATP,Tennis,2027 US Open Men's Singles,tournament_outright,not_attempted_supported_sport,,,,unattempted,outright/bracket: few independent outcomes per season; needs prospective capture + simulation,,,,
KXWTA,Tennis,2026 WTA Athens,tournament_outright,not_attempted_supported_sport,,,,unattempted,outright/bracket: few independent outcomes per season; needs prospective capture + simulation,,,,
KXWMENSINGLES,Tennis,Wimbledon Men's Tennis,tournament_outright,not_attempted_supported_sport,,,,unattempted,outright/bracket: few independent outcomes per season; needs prospective capture + simulation,,,,
KXUSOMENSINGLES,Tennis,Grand Slam,tournament_outright,not_attempted_supported_sport,,,,unattempted,outright/bracket: few independent outcomes per season; needs prospective capture + simulation,,,,
KXFOMENSINGLES,Tennis,,tournament_outright,not_attempted_supported_sport,,,,unattempted,outright/bracket: few independent outcomes per season; needs prospective capture + simulation,,,,
KXAOMEN,Tennis,Australian Open Men Singles,tournament_outright,not_attempted_supported_sport,,,,unattempted,outright/bracket: few independent outcomes per season; needs prospective capture + simulation,,,,
KXUSOWOMENSINGLES,Tennis,Grand Slam,tournament_outright,not_attempted_supported_sport,,,,unattempted,outright/bracket: few independent outcomes per season; needs prospective capture + simulation,,,,
KXWWOMENSINGLES,Tennis,Wimbledon Women's Tennis,tournament_outright,not_attempted_supported_sport,,,,unattempted,outright/bracket: few independent outcomes per season; needs prospective capture + simulation,,,,
KXFOWOMENSINGLES,Tennis,,tournament_outright,not_attempted_supported_sport,,,,unattempted,outright/bracket: few independent outcomes per season; needs prospective capture + simulation,,,,
KXAOWOMEN,Tennis,Australian Open Women Singles,tournament_outright,not_attempted_supported_sport,,,,unattempted,outright/bracket: few independent outcomes per season; needs prospective capture + simulation,,,,
KXATPFINALS,Tennis,ATP World Tour Finals Men Singles,tournament_outright,not_attempted_supported_sport,,,,unattempted,outright/bracket: few independent outcomes per season; needs prospective capture + simulation,,,,
KXATPIT,Tennis,,tournament_outright,not_attempted_supported_sport,,,,unattempted,outright/bracket: few independent outcomes per season; needs prospective capture + simulation,,,,
KXWTAIT,Tennis,,tournament_outright,not_attempted_supported_sport,,,,unattempted,outright/bracket: few independent outcomes per season; needs prospective capture + simulation,,,,
KXATPMIA,Tennis,,tournament_outright,not_attempted_supported_sport,,,,unattempted,outright/bracket: few independent outcomes per season; needs prospective capture + simulation,,,,
KXATPMAD,Tennis,,tournament_outright,not_attempted_supported_sport,,,,unattempted,outright/bracket: few independent outcomes per season; needs prospective capture + simulation,,,,
KXATPWTA,Tennis,US Open Men Singles,tournament_outright,not_attempted_supported_sport,,,,unattempted,outright/bracket: few independent outcomes per season; needs prospective capture + simulation,,,,
KXATPADVANCE,Tennis,US Open Men Singles,tournament_outright,not_attempted_supported_sport,,,,unattempted,outright/bracket: few independent outcomes per season; needs prospective capture + simulation,,,,
KXWTAFINALS,Tennis,WTA Finals Women Singles,tournament_outright,not_attempted_supported_sport,,,,unattempted,outright/bracket: few independent outcomes per season; needs prospective capture + simulation,,,,
KXWTAMAD,Tennis,,tournament_outright,not_attempted_supported_sport,,,,unattempted,outright/bracket: few independent outcomes per season; needs prospective capture + simulation,,,,
KXWTAMIA,Tennis,,tournament_outright,not_attempted_supported_sport,,,,unattempted,outright/bracket: few independent outcomes per season; needs prospective capture + simulation,,,,
KXATPGRANDSLAM,Tennis,ATP,tournament_outright,not_attempted_supported_sport,,,,unattempted,outright/bracket: few independent outcomes per season; needs prospective capture + simulation,,,,
KXDAVISCUPADVANCE,Tennis,Davis Cup,tournament_outright,not_attempted_supported_sport,,,,unattempted,outright/bracket: few independent outcomes per season; needs prospective capture + simulation,,,,
KXDAVISCUP,Tennis,Davis Cup,tournament_outright,not_attempted_supported_sport,,,,unattempted,outright/bracket: few independent outcomes per season; needs prospective capture + simulation,,,,
KXGRANDSLAM,Tennis,ATP,tournament_outright,not_attempted_supported_sport,,,,unattempted,outright/bracket: few independent outcomes per season; needs prospective capture + simulation,,,,
KXUNITEDCUP,Tennis,United Cup,tournament_outright,not_attempted_supported_sport,,,,unattempted,outright/bracket: few independent outcomes per season; needs prospective capture + simulation,,,,
KXWTAADVANCE,Tennis,US Open Women Singles,tournament_outright,not_attempted_supported_sport,,,,unattempted,outright/bracket: few independent outcomes per season; needs prospective capture + simulation,,,,
KXATPMC,Tennis,,tournament_outright,not_attempted_supported_sport,,,,unattempted,outright/bracket: few independent outcomes per season; needs prospective capture + simulation,,,,
KXSIXKINGSSLAM,Tennis,Six Kings Slam,tournament_outright,not_attempted_supported_sport,,,,unattempted,outright/bracket: few independent outcomes per season; needs prospective capture + simulation,,,,
KXWTAGRANDSLAM,Tennis,WTA,tournament_outright,not_attempted_supported_sport,,,,unattempted,outright/bracket: few independent outcomes per season; needs prospective capture + simulation,,,,
KXATPIWO,Tennis,,tournament_outright,not_attempted_supported_sport,,,,unattempted,outright/bracket: few independent outcomes per season; needs prospective capture + simulation,,,,
KXWTAIWO,Tennis,,tournament_outright,not_attempted_supported_sport,,,,unattempted,outright/bracket: few independent outcomes per season; needs prospective capture + simulation,,,,
KXATPGRANDSLAMFIELD,Tennis,,tournament_outright,not_attempted_supported_sport,,,,unattempted,outright/bracket: few independent outcomes per season; needs prospective capture + simulation,,,,
KXMCMMEN,Tennis,ATP Monte Carlo,tournament_outright,not_attempted_supported_sport,,,,unattempted,outright/bracket: few independent outcomes per season; needs prospective capture + simulation,,,,
KXATPRETURN,Tennis,ATP,tournament_outright,not_attempted_supported_sport,,,,unattempted,outright/bracket: few independent outcomes per season; needs prospective capture + simulation,,,,
KXATPNEXTGEN,Tennis,Next Gen ATP Finals Men Singles,tournament_outright,not_attempted_supported_sport,,,,unattempted,outright/bracket: few independent outcomes per season; needs prospective capture + simulation,,,,
KXWTATOURNWIN,Tennis,WTA,tournament_outright,not_attempted_supported_sport,,,,unattempted,outright/bracket: few independent outcomes per season; needs prospective capture + simulation,,,,
KXLAVERCUP,Tennis,Laver Cup,tournament_outright,not_attempted_supported_sport,,,,unattempted,outright/bracket: few independent outcomes per season; needs prospective capture + simulation,,,,
KXATPAMT,Tennis,,tournament_outright,not_attempted_supported_sport,,,,unattempted,outright/bracket: few independent outcomes per season; needs prospective capture + simulation,,,,
KXWTADDF,Tennis,,tournament_outright,not_attempted_supported_sport,,,,unattempted,outright/bracket: few independent outcomes per season; needs prospective capture + simulation,,,,
KXWTAFINALSQUAL,Tennis,WTA,tournament_outright,not_attempted_supported_sport,,,,unattempted,outright/bracket: few independent outcomes per season; needs prospective capture + simulation,,,,
KXDDFWOMENSINGLES,Tennis,,tournament_outright,not_attempted_supported_sport,,,,unattempted,outright/bracket: few independent outcomes per season; needs prospective capture + simulation,,,,
KXGRANDSLAMJFONSECA,Tennis,ATP,tournament_outright,not_attempted_supported_sport,,,,unattempted,outright/bracket: few independent outcomes per season; needs prospective capture + simulation,,,,
KXATPMCO,Tennis,,tournament_outright,not_attempted_supported_sport,,,,unattempted,outright/bracket: few independent outcomes per season; needs prospective capture + simulation,,,,
KXWTASERENA,Tennis,,tournament_outright,not_attempted_supported_sport,,,,unattempted,outright/bracket: few independent outcomes per season; needs prospective capture + simulation,,,,
KXROMENSSINGLES,Tennis,,tournament_outright,not_attempted_supported_sport,,,,unattempted,outright/bracket: few independent outcomes per season; needs prospective capture + simulation,,,,
KXWTAATX,Tennis,,tournament_outright,not_attempted_supported_sport,,,,unattempted,outright/bracket: few independent outcomes per season; needs prospective capture + simulation,,,,
KXATPFINALSQUAL,Tennis,ATP,tournament_outright,not_attempted_supported_sport,,,,unattempted,outright/bracket: few independent outcomes per season; needs prospective capture + simulation,,,,
KXWTAMOA,Tennis,,tournament_outright,not_attempted_supported_sport,,,,unattempted,outright/bracket: few independent outcomes per season; needs prospective capture + simulation,,,,
KXCALCFO,Tennis,,tournament_outright,not_attempted_supported_sport,,,,unattempted,outright/bracket: few independent outcomes per season; needs prospective capture + simulation,,,,
KXFIRSTUSOPEN,Tennis,,tournament_outright,not_attempted_supported_sport,,,,unattempted,outright/bracket: few independent outcomes per season; needs prospective capture + simulation,,,,
KXQOWOMENSINGLES,Tennis,,tournament_outright,not_attempted_supported_sport,,,,unattempted,outright/bracket: few independent outcomes per season; needs prospective capture + simulation,,,,
KXQEMOMENSSINGLES,Tennis,,tournament_outright,not_attempted_supported_sport,,,,unattempted,outright/bracket: few independent outcomes per season; needs prospective capture + simulation,,,,
KXATPSETSWEEP,Tennis,French Open Men Singles,tournament_outright,not_attempted_supported_sport,,,,unattempted,outright/bracket: few independent outcomes per season; needs prospective capture + simulation,,,,
KXAOMENSINGLES,Tennis,,tournament_outright,not_attempted_supported_sport,,,,unattempted,outright/bracket: few independent outcomes per season; needs prospective capture + simulation,,,,
KXO13MENSINGLES,Tennis,,tournament_outright,not_attempted_supported_sport,,,,unattempted,outright/bracket: few independent outcomes per season; needs prospective capture + simulation,,,,
KXSINNERFINISH,Tennis,ATP,tournament_outright,not_attempted_supported_sport,,,,unattempted,outright/bracket: few independent outcomes per season; needs prospective capture + simulation,,,,
KXROMENSDOUBLES,Tennis,,tournament_outright,not_attempted_supported_sport,,,,unattempted,outright/bracket: few independent outcomes per season; needs prospective capture + simulation,,,,
KXDDFMENSINGLES,Tennis,,tournament_outright,not_attempted_supported_sport,,,,unattempted,outright/bracket: few independent outcomes per season; needs prospective capture + simulation,,,,
KXATPGAME,Tennis,,tournament_outright,not_attempted_supported_sport,,,,unattempted,outright/bracket: few independent outcomes per season; needs prospective capture + simulation,,,,
KXATPMEN,Tennis,,tournament_outright,not_attempted_supported_sport,,,,unattempted,outright/bracket: few independent outcomes per season; needs prospective capture + simulation,,,,
KXATPRANK,Tennis,,tournament_outright,not_attempted_supported_sport,,,,unattempted,outright/bracket: few independent outcomes per season; needs prospective capture + simulation,,,,
KXATPROUND,Tennis,,tournament_outright,not_attempted_supported_sport,,,,unattempted,outright/bracket: few independent outcomes per season; needs prospective capture + simulation,,,,
KXATPWDDF,Tennis,,tournament_outright,not_attempted_supported_sport,,,,unattempted,outright/bracket: few independent outcomes per season; needs prospective capture + simulation,,,,
KXCHALLENGERMATCH,Tennis,,tournament_outright,not_attempted_supported_sport,,,,unattempted,outright/bracket: few independent outcomes per season; needs prospective capture + simulation,,,,
KXFOPENMENSINGLE,Tennis,,tournament_outright,not_attempted_supported_sport,,,,unattempted,outright/bracket: few independent outcomes per season; needs prospective capture + simulation,,,,
KXFOPENWMENSINGLE,Tennis,,tournament_outright,not_attempted_supported_sport,,,,unattempted,outright/bracket: few independent outcomes per season; needs prospective capture + simulation,,,,
KXGRANDSLAMSINNERALCARAZ,Tennis,,tournament_outright,not_attempted_supported_sport,,,,unattempted,outright/bracket: few independent outcomes per season; needs prospective capture + simulation,,,,
KXIWMENDOUBLES,Tennis,,tournament_outright,not_attempted_supported_sport,,,,unattempted,outright/bracket: few independent outcomes per season; needs prospective capture + simulation,,,,
KXMCMEN,Tennis,,tournament_outright,not_attempted_supported_sport,,,,unattempted,outright/bracket: few independent outcomes per season; needs prospective capture + simulation,,,,
KXMIXEDDOUBLES,Tennis,,tournament_outright,not_attempted_supported_sport,,,,unattempted,outright/bracket: few independent outcomes per season; needs prospective capture + simulation,,,,
KXTENNISGRANDSLAM,Tennis,,tournament_outright,not_attempted_supported_sport,,,,unattempted,outright/bracket: few independent outcomes per season; needs prospective capture + simulation,,,,
KXUNITEDCUPADVANCE,Tennis,,tournament_outright,not_attempted_supported_sport,,,,unattempted,outright/bracket: few independent outcomes per season; needs prospective capture + simulation,,,,
KXWIMMEN,Tennis,,tournament_outright,not_attempted_supported_sport,,,,unattempted,outright/bracket: few independent outcomes per season; needs prospective capture + simulation,,,,
KXWIMWOMEN,Tennis,,tournament_outright,not_attempted_supported_sport,,,,unattempted,outright/bracket: few independent outcomes per season; needs prospective capture + simulation,,,,
KXWTAGAME,Tennis,,tournament_outright,not_attempted_supported_sport,,,,unattempted,outright/bracket: few independent outcomes per season; needs prospective capture + simulation,,,,
KXALLSTARROSTER,Unassigned,,awards,not_attempted_unsupported_sport,,,,unattempted,not a sporting outcome (v1 class E),,,,
KXMULTIPREPACK,Unassigned,Cross-sport,combo_parlay,not_attempted_unsupported_sport,,,,unattempted,not a sporting outcome (v1 class E),,,,
KXINTERNETINVITATIONAL,Unassigned,,other_novelty,not_attempted_unsupported_sport,,,,unattempted,not a sporting outcome (v1 class E),,,,
KXDONATEBEASTWATER,Unassigned,,other_novelty,not_attempted_unsupported_sport,,,,unattempted,not a sporting outcome (v1 class E),,,,
KXWOTW,Unassigned,,other_novelty,not_attempted_unsupported_sport,,,,unattempted,not a sporting outcome (v1 class E),,,,
KXFOODCONSUMEDSOURAJI,Unassigned,,other_novelty,not_attempted_unsupported_sport,,,,unattempted,not a sporting outcome (v1 class E),,,,
KXMANTIS,Unassigned,,other_novelty,not_attempted_unsupported_sport,,,,unattempted,not a sporting outcome (v1 class E),,,,
KXREBOOT,Unassigned,,other_novelty,not_attempted_unsupported_sport,,,,unattempted,not a sporting outcome (v1 class E),,,,
KXCOACHOUTDALWINGS,Unassigned,,personnel_ops,not_attempted_unsupported_sport,,,,unattempted,not a sporting outcome (v1 class E),,,,
KXCOACHOUTDALSTARS,Unassigned,,personnel_ops,not_attempted_unsupported_sport,,,,unattempted,not a sporting outcome (v1 class E),,,,
KXPLAYEROPTION,Unassigned,,personnel_ops,not_attempted_unsupported_sport,,,,unattempted,not a sporting outcome (v1 class E),,,,
KXNCAAWVMATCH,Volleyball,NCAA Volleyball (W),game_winner,kalshi_settlement_only_evaluated,k_kxncaawvmatch,kalshi_only,game_winner,supported,frozen elo model,exact,unavailable: training support below threshold,unavailable: matched training support below threshold,candle rule
KXVOLLEYBALLMATCH,Volleyball,Pan American Cup 2026,game_winner,kalshi_settlement_only_evaluated,k_kxvolleyballmatch,kalshi_only,game_winner,supported,frozen elo model,exact,unavailable: training support below threshold,unavailable: matched training support below threshold,candle rule
KXNCAAWV,Volleyball,NCAA Volleyball (W),tournament_outright,not_attempted_supported_sport,,,,unattempted,outright/bracket: few independent outcomes per season; needs prospective capture + simulation,,,,
