series_ticker,series_title,sport,competition_top,contract_family,v1_cell_class,traded_markets,volume_fp_contracts,sport_supported,attempted_competition,phase1_path,cohort,coverage_status,reason,contracts_built,contracts_ok,pre_test_agreement,all_settled_agreement,test_disagreements_excluded,test_contracts,test_clusters,v1_status
KXAFLGAME,AFL Game,Aussie Rules,AFL,game_winner,A,447,7657201.91,True,k_kxaflgame,kalshi_settlement_only,kalshi_settlement_only,kalshi_settlement_only_evaluated,,436,430,,,0,430,215,evaluated
KXMLBASGAME,Professional Baseball All-Star Game,Baseball,Pro Baseball,awards,C,4,12184453.17,True,,not_attempted,,not_attempted_supported_sport,awards: voting outcomes without as-of inputs,,,,,,,,not attempted
KXMLBALMVP,Pro Baseball American League MVP,Baseball,Pro Baseball,awards,C,58,8134123.98,True,,not_attempted,,not_attempted_supported_sport,awards: voting outcomes without as-of inputs,,,,,,,,not attempted
KXMLBNLROTY,Pro Baseball National League Rookie of the Year,Baseball,Pro Baseball,awards,C,46,7350849.34,True,,not_attempted,,not_attempted_supported_sport,awards: voting outcomes without as-of inputs,,,,,,,,not attempted
KXMLBNLMVP,Pro Baseball National League MVP,Baseball,Pro Baseball,awards,C,69,4883583.17,True,,not_attempted,,not_attempted_supported_sport,awards: voting outcomes without as-of inputs,,,,,,,,not attempted
KXMLBNLCY,Pro Baseball National League Cy Young,Baseball,Pro Baseball,awards,C,63,3834482.57,True,,not_attempted,,not_attempted_supported_sport,awards: voting outcomes without as-of inputs,,,,,,,,not attempted
KXMLBALCY,Pro Baseball American League Cy Young,Baseball,Pro Baseball,awards,C,53,3329757.36,True,,not_attempted,,not_attempted_supported_sport,awards: voting outcomes without as-of inputs,,,,,,,,not attempted
KXWBCMVP,WBC MVP,Baseball,World Baseball Classic,awards,C,42,3177208.0,True,,not_attempted,,not_attempted_supported_sport,awards: voting outcomes without as-of inputs,,,,,,,,not attempted
KXMLBALROTY,Pro Baseball American League Rookie of the Year,Baseball,Pro Baseball,awards,C,40,2334006.69,True,,not_attempted,,not_attempted_supported_sport,awards: voting outcomes without as-of inputs,,,,,,,,not attempted
KXMLBASGMVP,Pro Baseball All-Star Game MVP,Baseball,All-Star,awards,C,36,1873351.22,True,,not_attempted,,not_attempted_supported_sport,awards: voting outcomes without as-of inputs,,,,,,,,not attempted
KXMLBWSMVP,Pro Baseball Championship MVP,Baseball,Pro Baseball,awards,C,117,1379925.71,True,,not_attempted,,not_attempted_supported_sport,awards: voting outcomes without as-of inputs,,,,,,,,not attempted
KXMLBALMOTY,Pro Baseball American League Manager of the Year,Baseball,Pro Baseball,awards,C,27,650792.78,True,,not_attempted,,not_attempted_supported_sport,awards: voting outcomes without as-of inputs,,,,,,,,not attempted
KXMLBNLMOTY,Pro Baseball National League Manager of the Year,Baseball,Pro Baseball,awards,C,25,625463.49,True,,not_attempted,,not_attempted_supported_sport,awards: voting outcomes without as-of inputs,,,,,,,,not attempted
KXMLBALLSTAR,Pro Baseball All-Stars,Baseball,All-Star,awards,C,95,252481.16,True,,not_attempted,,not_attempted_supported_sport,awards: voting outcomes without as-of inputs,,,,,,,,not attempted
KXMLBNLCSMVP,Pro Baseball National League Championship Series MVP,Baseball,Pro Baseball,awards,C,48,207353.52,True,,not_attempted,,not_attempted_supported_sport,awards: voting outcomes without as-of inputs,,,,,,,,not attempted
KXMLBALCSMVP,Pro Baseball American League Championship Series MVP,Baseball,Pro Baseball,awards,C,46,190803.72,True,,not_attempted,,not_attempted_supported_sport,awards: voting outcomes without as-of inputs,,,,,,,,not attempted
KXMLBALRELOTY,Pro Baseball American League Reliever of the Year,Baseball,Pro Baseball,awards,C,35,189032.93,True,,not_attempted,,not_attempted_supported_sport,awards: voting outcomes without as-of inputs,,,,,,,,not attempted
KXMLBPITCHEROTM,Pro Baseball Pitcher of the Month,Baseball,Pro Baseball,awards,C,136,120382.64,True,,not_attempted,,not_attempted_supported_sport,awards: voting outcomes without as-of inputs,,,,,,,,not attempted
KXMLBPLAYEROTM,Pro Baseball Player of the Month,Baseball,Pro Baseball,awards,C,168,111610.03,True,,not_attempted,,not_attempted_supported_sport,awards: voting outcomes without as-of inputs,,,,,,,,not attempted
KXMLBTRIPLECROWN,Pro Baseball Triple Crown,Baseball,Pro Baseball,awards,C,1,107657.86,True,,not_attempted,,not_attempted_supported_sport,awards: voting outcomes without as-of inputs,,,,,,,,not attempted
KXMLBGG,Pro Baseball Gold Glove,Baseball,Pro Baseball,awards,C,117,86293.76,True,,not_attempted,,not_attempted_supported_sport,awards: voting outcomes without as-of inputs,,,,,,,,not attempted
KXMLBAWARDFIN,Pro Baseball Award Finalists,Baseball,Pro Baseball,awards,C,39,72999.5,True,,not_attempted,,not_attempted_supported_sport,awards: voting outcomes without as-of inputs,,,,,,,,not attempted
KXMLBNLHAARON,Pro Baseball American League Hank Aaron,Baseball,Pro Baseball,awards,C,48,72312.87,True,,not_attempted,,not_attempted_supported_sport,awards: voting outcomes without as-of inputs,,,,,,,,not attempted
KXMLBALCPOTY,Pro Baseball American League Comeback Player of the Year,Baseball,Pro Baseball,awards,C,16,66906.69,True,,not_attempted,,not_attempted_supported_sport,awards: voting outcomes without as-of inputs,,,,,,,,not attempted
KXMLBNLCPOTY,National League Comeback Player of the Year,Baseball,Pro Baseball,awards,C,21,66729.78,True,,not_attempted,,not_attempted_supported_sport,awards: voting outcomes without as-of inputs,,,,,,,,not attempted
KXNCAABBGS,College Baseball Golden Spikes Award,Baseball,College Baseball,awards,C,36,64953.89,True,,not_attempted,,not_attempted_supported_sport,awards: voting outcomes without as-of inputs,,,,,,,,not attempted
KXMLBNLRELOTY,Pro Baseball National League Reliever of the Year,Baseball,Pro Baseball,awards,C,33,64875.96,True,,not_attempted,,not_attempted_supported_sport,awards: voting outcomes without as-of inputs,,,,,,,,not attempted
KXMLBALHAARON,Pro Baseball American League Hank Aaron,Baseball,Pro Baseball,awards,C,16,35934.34,True,,not_attempted,,not_attempted_supported_sport,awards: voting outcomes without as-of inputs,,,,,,,,not attempted
KXMLBEOTY,Pro Baseball Executive of the Year,Baseball,Pro Baseball,awards,C,24,18300.83,True,,not_attempted,,not_attempted_supported_sport,awards: voting outcomes without as-of inputs,,,,,,,,not attempted
KXMLBFTGAME,Pro Baseball Futures Game,Baseball,All-Star,awards,C,2,7638.86,True,,not_attempted,,not_attempted_supported_sport,awards: voting outcomes without as-of inputs,,,,,,,,not attempted
KXMLBSS,Pro Baseball Silver Slugger,Baseball,Pro Baseball,awards,C,64,3234.2,True,,not_attempted,,not_attempted_supported_sport,awards: voting outcomes without as-of inputs,,,,,,,,not attempted
KXMLBPLAYEROTW,Pro Baseball Player of the Week,Baseball,Pro Baseball,awards,C,14,1796.74,True,,not_attempted,,not_attempted_supported_sport,awards: voting outcomes without as-of inputs,,,,,,,,not attempted
KXALALLSTAR,Player Selected to AL All-Star Team,Baseball,,awards,C,0,0.0,True,,not_attempted,,not_attempted_supported_sport,awards: voting outcomes without as-of inputs,,,,,,,,not attempted
KXOHTANIMVPCY,Shohei Ohtani MVP and Cy Young,Baseball,,awards,C,0,0.0,True,,not_attempted,,not_attempted_supported_sport,awards: voting outcomes without as-of inputs,,,,,,,,not attempted
KXWBCPREPACK,MVE WBC pre pack,Baseball,World Baseball Classic,combo_parlay,E,6,266943.0,True,,not_attempted,,not_attempted_supported_sport,out of scope (derived combination),,,,,,,,not attempted
KXMLBAWARDCOMBO,Pro Baseball Award Combo,Baseball,Pro Baseball,combo_parlay,E,1,114899.45,True,,not_attempted,,not_attempted_supported_sport,out of scope (derived combination),,,,,,,,not attempted
KXMLBDRAFTPICK,Pro Baseball Draft Pick,Baseball,Pro Baseball Draft,draft,F,79,387337.94,True,,not_attempted,,not_attempted_supported_sport,draft: consensus mocks not archived as-of,,,,,,,,not attempted
KXMLBDRAFTTOP,Pro Baseball Top Pick,Baseball,Pro Baseball Draft,draft,F,69,214051.06,True,,not_attempted,,not_attempted_supported_sport,draft: consensus mocks not archived as-of,,,,,,,,not attempted
KXMLBHRDERBY,Pro Baseball Homerun Derby,Baseball,Home Run Derby,field_finish,B,17,58471822.77,True,,not_attempted,,not_attempted_supported_sport,no independent results adapter for this competition in Phase 1 (game_winner only via Kalshi-only path),,,,,,,,not attempted
KXMLBHRDERBYMATCHUP,Pro Baseball Home Run Derby Final Matchup,Baseball,Home Run Derby,field_finish,B,28,3366647.15,True,,not_attempted,,not_attempted_supported_sport,no independent results adapter for this competition in Phase 1 (game_winner only via Kalshi-only path),,,,,,,,not attempted
KXMLBHRDERBYSEMI,Pro Baseball Home Run Derby Semifinals Qualifiers,Baseball,Home Run Derby,field_finish,B,8,2212937.17,True,,not_attempted,,not_attempted_supported_sport,no independent results adapter for this competition in Phase 1 (game_winner only via Kalshi-only path),,,,,,,,not attempted
KXMLBHRDERBYOU,Pro Baseball Home Run Derby Over/Under Home Runs,Baseball,Home Run Derby,field_finish,B,36,2110648.29,True,,not_attempted,,not_attempted_supported_sport,no independent results adapter for this competition in Phase 1 (game_winner only via Kalshi-only path),,,,,,,,not attempted
KXMLBHRDERBYFORECAST,Home Run Derby Finals Forecast,Baseball,Home Run Derby,field_finish,B,56,1914989.19,True,,not_attempted,,not_attempted_supported_sport,no independent results adapter for this competition in Phase 1 (game_winner only via Kalshi-only path),,,,,,,,not attempted
KXMLBHRDERBY500,500+ Foot HRs at the Home Run Derby,Baseball,Home Run Derby,field_finish,B,6,1861952.55,True,,not_attempted,,not_attempted_supported_sport,no independent results adapter for this competition in Phase 1 (game_winner only via Kalshi-only path),,,,,,,,not attempted
KXMLBHRDERBYR1LEAD,Round 1 Leader,Baseball,Home Run Derby,field_finish,B,8,1732281.57,True,,not_attempted,,not_attempted_supported_sport,no independent results adapter for this competition in Phase 1 (game_winner only via Kalshi-only path),,,,,,,,not attempted
KXMLBHRDERBYDISTANCE,Pro Baseball Home Run Derby Longest Distance,Baseball,Home Run Derby,field_finish,B,9,1385268.4,True,,not_attempted,,not_attempted_supported_sport,no independent results adapter for this competition in Phase 1 (game_winner only via Kalshi-only path),,,,,,,,not attempted
KXMLBHRDERBYLONGEST,Pro Baseball Home Run Derby Player to Hit Longest,Baseball,Home Run Derby,field_finish,B,8,1188539.29,True,,not_attempted,,not_attempted_supported_sport,no independent results adapter for this competition in Phase 1 (game_winner only via Kalshi-only path),,,,,,,,not attempted
KXMLBHRDERBYFIN,Pro Baseball Home Run Derby Finals Qualifiers,Baseball,Home Run Derby,field_finish,B,8,837784.2,True,,not_attempted,,not_attempted_supported_sport,no independent results adapter for this competition in Phase 1 (game_winner only via Kalshi-only path),,,,,,,,not attempted
KXMLBHRDERBYTOT,Home Run Derby Total Home Runs,Baseball,Home Run Derby,field_finish,B,7,764427.47,True,,not_attempted,,not_attempted_supported_sport,no independent results adapter for this competition in Phase 1 (game_winner only via Kalshi-only path),,,,,,,,not attempted
KXMLBHRDERBYQUAL,Pro Baseball Home Run Derby Selections,Baseball,Home Run Derby,field_finish,B,33,213319.08,True,,not_attempted,,not_attempted_supported_sport,no independent results adapter for this competition in Phase 1 (game_winner only via Kalshi-only path),,,,,,,,not attempted
KXMLBGAME,Professional Baseball Game,Baseball,Pro Baseball,game_winner,A,9494,10853249489.5,True,mlb,independent_outcomes,strict,strict_evaluated,,9370,9274,4368/4370,9272/9274,0,4890,2444,evaluated
KXNPBGAME,Japan NPB Game,Baseball,Japan NPB,game_winner,A,1839,121051183.83,True,k_kxnpbgame,kalshi_settlement_only,kalshi_settlement_only,kalshi_settlement_only_evaluated,,1786,1658,,,0,1652,826,evaluated
KXKBOGAME,KBO Game,Baseball,Korea KBO,game_winner,A,1592,75929871.14,True,k_kxkbogame,kalshi_settlement_only,kalshi_settlement_only,kalshi_settlement_only_evaluated,,1560,1364,,,0,1344,672,evaluated
KXWBCGAME,World Baseball Classic Game,Baseball,World Baseball Classic,game_winner,A,152,63840492.0,True,k_kxwbcgame,kalshi_settlement_only,kalshi_settlement_only,kalshi_settlement_only_evaluated,,152,148,,,0,148,74,evaluated
KXMLBSTGAME,Pro Baseball Spring Training game,Baseball,Pro Baseball,game_winner,A,907,59969362.0,True,mlb,excluded_spec,,excluded_spec,no payoff parser for suffix 'STGAME',0,0,,,0,0,0,excluded
KXNCAABBGAME,College Baseball Game,Baseball,College Baseball,game_winner,A,14336,57610927.36,True,k_kxncaabbgame,kalshi_settlement_only,kalshi_settlement_only,kalshi_settlement_only_evaluated,,14560,14344,,,0,14344,7172,evaluated
KXMLBWORLD,World Baseball Classic,Baseball,World Baseball Classic,game_winner,A,20,33109649.0,True,k_kxmlbworld,kalshi_settlement_only,kalshi_settlement_only,no_test_contracts,no scored contracts in the test window,20,0,,,0,0,0,no test-period contracts
KXLMBGAME,Mexican Baseball League,Baseball,Mexico LMB,game_winner,A,919,4232433.15,True,k_kxlmbgame,kalshi_settlement_only,kalshi_settlement_only,kalshi_settlement_only_evaluated,,838,808,,,0,808,404,evaluated
KXNCAASBGAME,College Softball Game,Baseball,College Softball,game_winner,A,24,1398546.1,True,k_kxncaasbgame,kalshi_settlement_only,kalshi_settlement_only,kalshi_settlement_only_evaluated,,24,24,,,0,24,12,evaluated
KXMILBGAME,MILB Game,Baseball,,game_winner,A,5,34.86,True,k_kxmilbgame,kalshi_settlement_only,kalshi_settlement_only,no_test_contracts,no scored contracts in the test window,14,0,,,0,0,0,no test-period contracts
KXCONGRESSBASEBALL,Congressional Baseball Game,Baseball,,game_winner,A,0,0.0,True,,not_attempted,,not_attempted_supported_sport,no traded markets,,,,,,,,not attempted
KXMLBSTATCOUNT,Pro Baseball Season Stat,Baseball,Pro Baseball,league_leaders,C,68,353006.34,True,,not_attempted,,not_attempted_supported_sport,league leaders: one outcome per stat-season,,,,,,,,not attempted
KXMLBSTAT,Pro Baseball Season Stat,Baseball,Pro Baseball,league_leaders,C,11,233032.49,True,,not_attempted,,not_attempted_supported_sport,league leaders: one outcome per stat-season,,,,,,,,not attempted
KXLEADERMLBSTEALS,MLB Steals Leader,Baseball,Pro Baseball,league_leaders,C,50,176376.89,True,,not_attempted,,not_attempted_supported_sport,league leaders: one outcome per stat-season,,,,,,,,not attempted
KXMLBTEAMSTAT,Pro Baseball Team Stat,Baseball,Pro Baseball,league_leaders,C,47,144064.18,True,,not_attempted,,not_attempted_supported_sport,league leaders: one outcome per stat-season,,,,,,,,not attempted
KXLEADERMLBERA,MLB ERA Leader,Baseball,Pro Baseball,league_leaders,C,56,123642.81,True,,not_attempted,,not_attempted_supported_sport,league leaders: one outcome per stat-season,,,,,,,,not attempted
KXLEADERMLBDOUBLES,MLB Doubles Leader,Baseball,Pro Baseball,league_leaders,C,75,112538.64,True,,not_attempted,,not_attempted_supported_sport,league leaders: one outcome per stat-season,,,,,,,,not attempted
KXLEADERMLBAVG,MLB Batting Average Leader,Baseball,Pro Baseball,league_leaders,C,57,100170.01,True,,not_attempted,,not_attempted_supported_sport,league leaders: one outcome per stat-season,,,,,,,,not attempted
KXLEADERMLBRUNS,MLB Runs Leader,Baseball,Pro Baseball,league_leaders,C,62,78686.99,True,,not_attempted,,not_attempted_supported_sport,league leaders: one outcome per stat-season,,,,,,,,not attempted
KXLEADERMLBWAR,MLB WAR Leader,Baseball,Pro Baseball,league_leaders,C,57,77387.68,True,,not_attempted,,not_attempted_supported_sport,league leaders: one outcome per stat-season,,,,,,,,not attempted
KXLEADERMLBTRIPLES,MLB Triples Leader,Baseball,Pro Baseball,league_leaders,C,40,29762.16,True,,not_attempted,,not_attempted_supported_sport,league leaders: one outcome per stat-season,,,,,,,,not attempted
KXMLBLEADERPLAYOFF,Pro Baseball Playoff Leader,Baseball,Pro Baseball,league_leaders,C,79,24373.94,True,,not_attempted,,not_attempted_supported_sport,league leaders: one outcome per stat-season,,,,,,,,not attempted
KXLEADERMLBOPS,MLB OPS Leader,Baseball,Pro Baseball,league_leaders,C,46,20914.89,True,,not_attempted,,not_attempted_supported_sport,league leaders: one outcome per stat-season,,,,,,,,not attempted
KXMLBFASTPITCH,Fastest Pitch of season,Baseball,Pro Baseball,league_leaders,C,5,3248.56,True,,not_attempted,,not_attempted_supported_sport,league leaders: one outcome per stat-season,,,,,,,,not attempted
KXMLB100LOSS,Pro Baseball 100 losses,Baseball,Pro Baseball,league_leaders,C,1,10.09,True,,not_attempted,,not_attempted_supported_sport,league leaders: one outcome per stat-season,,,,,,,,not attempted
KXPCRO5040,Pete Crow-Armstrong 50/40 season,Baseball,,league_leaders,C,0,0.0,True,,not_attempted,,not_attempted_supported_sport,league leaders: one outcome per stat-season,,,,,,,,not attempted
KXMLBSERIESEXACT,Professional Baseball Series Exact Result,Baseball,Pro Baseball,other_novelty,E,43,1165707.0,True,,not_attempted,,not_attempted_supported_sport,out of scope (novelty),,,,,,,,not attempted
KXMLBSEASONGAMES,Pro Baseball Games Played in a Season,Baseball,Pro Baseball,other_novelty,E,5,767789.18,True,,not_attempted,,not_attempted_supported_sport,out of scope (novelty),,,,,,,,not attempted
KXMLBOPENINGDAY,Pro Baseball Opening Day,Baseball,Pro Baseball,other_novelty,E,5,74844.45,True,,not_attempted,,not_attempted_supported_sport,out of scope (novelty),,,,,,,,not attempted
KXMLBFODTEAMS,Field of Dreams Teams,Baseball,Pro Baseball,other_novelty,E,30,44696.39,True,,not_attempted,,not_attempted_supported_sport,out of scope (novelty),,,,,,,,not attempted
KXSALMONRUN,Seattle Mariners Salmon Run,Baseball,Pro Baseball,other_novelty,E,8,31799.0,True,,not_attempted,,not_attempted_supported_sport,out of scope (novelty),,,,,,,,not attempted
KXMLBRETURN,Pro Baseball Player Return,Baseball,Pro Baseball,other_novelty,E,6,25596.62,True,,not_attempted,,not_attempted_supported_sport,out of scope (novelty),,,,,,,,not attempted
KXMLBNEXTHR,Pro Baseball Next Homerun,Baseball,Pro Baseball,other_novelty,E,10,7287.24,True,,not_attempted,,not_attempted_supported_sport,out of scope (novelty),,,,,,,,not attempted
KXCITYMLBEXPAND,MLB expansion,Baseball,Pro Baseball,other_novelty,E,1,926.14,True,,not_attempted,,not_attempted_supported_sport,out of scope (novelty),,,,,,,,not attempted
KXWINSTREAKHOUMLB10,Houston winning 10 games,Baseball,,other_novelty,E,1,483.0,True,,not_attempted,,not_attempted_supported_sport,out of scope (novelty),,,,,,,,not attempted
KXMLBFOD,Field of Dreams Teams,Baseball,,other_novelty,E,0,0.0,True,,not_attempted,,not_attempted_supported_sport,out of scope (novelty),,,,,,,,not attempted
KXNLMOTY,DO NOT USE,Baseball,,other_novelty,E,0,0.0,True,,not_attempted,,not_attempted_supported_sport,out of scope (novelty),,,,,,,,not attempted
KXNEXTTEAMMLB,MLB Player Next Team,Baseball,Pro Baseball,personnel_ops,E,505,1608555.1,True,,not_attempted,,not_attempted_supported_sport,out of scope (non-sporting outcome),,,,,,,,not attempted
KXMLBNEXTTEAM,Pro Baseball Next Team,Baseball,Pro Baseball,personnel_ops,E,461,982253.01,True,,not_attempted,,not_attempted_supported_sport,out of scope (non-sporting outcome),,,,,,,,not attempted
KXMLBTRADE,Pro Baseball Trades,Baseball,Pro Baseball,personnel_ops,E,52,849575.08,True,,not_attempted,,not_attempted_supported_sport,out of scope (non-sporting outcome),,,,,,,,not attempted
KXMLBDEBUT,Pro Baseball Debut,Baseball,Pro Baseball,personnel_ops,E,168,223629.78,True,,not_attempted,,not_attempted_supported_sport,out of scope (non-sporting outcome),,,,,,,,not attempted
KXNEXTTEAMSKUBAL,Tarik Skubal Next Team,Baseball,Pro Baseball,personnel_ops,E,30,152174.0,True,,not_attempted,,not_attempted_supported_sport,out of scope (non-sporting outcome),,,,,,,,not attempted
KXNEXTMANAGERMLB,Next Manager,Baseball,Pro Baseball,personnel_ops,E,32,149778.1,True,,not_attempted,,not_attempted_supported_sport,out of scope (non-sporting outcome),,,,,,,,not attempted
KXCOACHOUTMLB,Baseball Managers Out,Baseball,Pro Baseball,personnel_ops,E,26,48614.7,True,,not_attempted,,not_attempted_supported_sport,out of scope (non-sporting outcome),,,,,,,,not attempted
KXMLBTEAMSALE,Pro Baseball Team Sale,Baseball,Pro Baseball,personnel_ops,E,1,20165.7,True,,not_attempted,,not_attempted_supported_sport,out of scope (non-sporting outcome),,,,,,,,not attempted
KXMLBPITCH,Pro Baseball Player to Pitch,Baseball,Pro Baseball,personnel_ops,E,1,19573.66,True,,not_attempted,,not_attempted_supported_sport,out of scope (non-sporting outcome),,,,,,,,not attempted
KXCOACHOUTMLBDATE,MLB Coach Out Date,Baseball,Pro Baseball,personnel_ops,E,5,6549.72,True,,not_attempted,,not_attempted_supported_sport,out of scope (non-sporting outcome),,,,,,,,not attempted
KXSELLTWINS,Minnesota Twins sale,Baseball,Pro Baseball,personnel_ops,E,3,5124.0,True,,not_attempted,,not_attempted_supported_sport,out of scope (non-sporting outcome),,,,,,,,not attempted
KXACQUIRELADSKENES,Los Angeles D acquire Paul Skenes,Baseball,,personnel_ops,E,1,871.0,True,,not_attempted,,not_attempted_supported_sport,out of scope (non-sporting outcome),,,,,,,,not attempted
KXMLBCOACH,Pro Baseball Next Manager,Baseball,,personnel_ops,E,0,0.0,True,,not_attempted,,not_attempted_supported_sport,out of scope (non-sporting outcome),,,,,,,,not attempted
KXNEXTCONTRACTSKUBAL,Tarik Skubal Next Contract Value,Baseball,,personnel_ops,E,0,0.0,True,,not_attempted,,not_attempted_supported_sport,out of scope (non-sporting outcome),,,,,,,,not attempted
KXMLBHR,Pro Baseball Home Runs,Baseball,Pro Baseball,player_prop,B,69487,433454463.62,True,mlb,excluded_spec,,excluded_spec,no payoff parser for suffix 'HR',0,0,,,0,0,0,excluded
KXMLBKS,Pro Baseball Strikeouts,Baseball,Pro Baseball,player_prop,B,35107,173750882.32,True,mlb,excluded_spec,,excluded_spec,no payoff parser for suffix 'KS',0,0,,,0,0,0,excluded
KXMLBHIT,Pro Baseball Hits,Baseball,Pro Baseball,player_prop,B,122475,80606388.54,True,mlb,excluded_spec,,excluded_spec,no payoff parser for suffix 'HIT',0,0,,,0,0,0,excluded
KXMLBHRR,Pro Baseball Hits Runs RBIs,Baseball,Pro Baseball,player_prop,B,154372,54446475.88,True,mlb,excluded_spec,,excluded_spec,no payoff parser for suffix 'HRR',0,0,,,0,0,0,excluded
KXMLBTB,Pro Baseball Total Bases,Baseball,Pro Baseball,player_prop,B,113031,38678096.07,True,mlb,excluded_spec,,excluded_spec,no payoff parser for suffix 'TB',0,0,,,0,0,0,excluded
KXMLBOUTS,Pro Baseball Outs Recorded,Baseball,Pro Baseball,player_prop,B,2459,17563141.52,True,mlb,excluded_spec,,excluded_spec,no payoff parser for suffix 'OUTS',0,0,,,0,0,0,excluded
KXMLBRBI,Pro Baseball RBIs,Baseball,Pro Baseball,player_prop,B,32289,10617004.4,True,mlb,excluded_spec,,excluded_spec,no payoff parser for suffix 'RBI',0,0,,,0,0,0,excluded
KXMLBSB,Pro Baseball Stolen Bases,Baseball,Pro Baseball,player_prop,B,12372,7822945.75,True,mlb,excluded_spec,,excluded_spec,no payoff parser for suffix 'SB',0,0,,,0,0,0,excluded
KXMLBASGHR,All Star Game Home Runs,Baseball,All-Star,player_prop,B,42,1534098.52,True,,not_attempted,,not_attempted_supported_sport,player/appearance-conditioned; pregame participation not reconstructable as-of (not modelled),,,,,,,,not attempted
KXMLBSEASONHR,Pro Baseball Season Home Runs,Baseball,Pro Baseball,player_prop,B,173,706252.49,True,mlb,excluded_spec,,excluded_spec,no payoff parser for suffix 'SEASONHR',0,0,,,0,0,0,excluded
KXWBCHR,World Baseball Classic Homerun,Baseball,World Baseball Classic,player_prop,B,48,688301.0,True,,not_attempted,,not_attempted_supported_sport,player/appearance-conditioned; pregame participation not reconstructable as-of (not modelled),,,,,,,,not attempted
KXLEADERMLBHR,MLB Home Runs Leader,Baseball,Pro Baseball,player_prop,B,33,673422.39,True,,not_attempted,,not_attempted_supported_sport,player/appearance-conditioned; pregame participation not reconstructable as-of (not modelled),,,,,,,,not attempted
KXMLBHRDERBYVELO,Highest Exit Velocity Home run,Baseball,Home Run Derby,player_prop,B,8,610357.89,True,,not_attempted,,not_attempted_supported_sport,player/appearance-conditioned; pregame participation not reconstructable as-of (not modelled),,,,,,,,not attempted
KXMLBWA,Pro Baseball Walks,Baseball,Pro Baseball,player_prop,B,2196,549047.04,True,mlb,excluded_spec,,excluded_spec,no payoff parser for suffix 'WA',0,0,,,0,0,0,excluded
KXMLBHA,Pro Baseball Hits Allowed,Baseball,Pro Baseball,player_prop,B,3944,511257.33,True,mlb,excluded_spec,,excluded_spec,no payoff parser for suffix 'HA',0,0,,,0,0,0,excluded
KXMLBERA,Pro Baseball Earned Runs,Baseball,Pro Baseball,player_prop,B,2956,418960.57,True,mlb,excluded_spec,,excluded_spec,no payoff parser for suffix 'ERA',0,0,,,0,0,0,excluded
KXMLBASGHIT,All Star Game Hits,Baseball,All-Star,player_prop,B,59,412023.68,True,,not_attempted,,not_attempted_supported_sport,player/appearance-conditioned; pregame participation not reconstructable as-of (not modelled),,,,,,,,not attempted
KXMLBASGKS,All Star Game Strikesouts,Baseball,All-Star,player_prop,B,50,275288.67,True,,not_attempted,,not_attempted_supported_sport,player/appearance-conditioned; pregame participation not reconstructable as-of (not modelled),,,,,,,,not attempted
KXWBCKS,World Baseball Classic Strikeouts,Baseball,World Baseball Classic,player_prop,B,19,233474.0,True,,not_attempted,,not_attempted_supported_sport,player/appearance-conditioned; pregame participation not reconstructable as-of (not modelled),,,,,,,,not attempted
KXMLBALLSTARHR,Pro Baseball All-Star Game Total Home Runs,Baseball,All-Star,player_prop,B,7,231929.25,True,,not_attempted,,not_attempted_supported_sport,player/appearance-conditioned; pregame participation not reconstructable as-of (not modelled),,,,,,,,not attempted
KXLEADERMLBRBI,MLB RBIs Leader,Baseball,Pro Baseball,player_prop,B,73,156702.99,True,,not_attempted,,not_attempted_supported_sport,player/appearance-conditioned; pregame participation not reconstructable as-of (not modelled),,,,,,,,not attempted
KXLEADERMLBKS,Pro Baseball Strikeouts Leader,Baseball,Pro Baseball,player_prop,B,15,101487.54,True,,not_attempted,,not_attempted_supported_sport,player/appearance-conditioned; pregame participation not reconstructable as-of (not modelled),,,,,,,,not attempted
KXLEADERMLBHITS,MLB Hits Leader,Baseball,Pro Baseball,player_prop,B,72,99943.28,True,,not_attempted,,not_attempted_supported_sport,player/appearance-conditioned; pregame participation not reconstructable as-of (not modelled),,,,,,,,not attempted
KXNCAABBHR,College Baseball Homeruns,Baseball,College Baseball,player_prop,B,12,87002.73,True,,not_attempted,,not_attempted_supported_sport,player/appearance-conditioned; pregame participation not reconstructable as-of (not modelled),,,,,,,,not attempted
KXMLBPLAYOFFHRS,Pro Baseball Playoff Home Runs,Baseball,Pro Baseball,player_prop,B,15,11173.26,True,mlb,excluded_spec,,excluded_spec,no payoff parser for suffix 'PLAYOFFHRS',0,0,,,0,0,0,excluded
KXMLBWALKOFFS,Pro Baseball Walk-Off Home Runs,Baseball,Pro Baseball,player_prop,B,5,3034.82,True,mlb,excluded_spec,,excluded_spec,no payoff parser for suffix 'WALKOFFS',0,0,,,0,0,0,excluded
KXLEADERMLBSAVES,MLB Saves Leader,Baseball,,player_prop,B,0,0.0,True,,not_attempted,,not_attempted_supported_sport,player/appearance-conditioned; pregame participation not reconstructable as-of (not modelled),,,,,,,,not attempted
KXLEADERMLBSTRIKEOUTS,MLB Strikeouts Leader,Baseball,,player_prop,B,0,0.0,True,,not_attempted,,not_attempted_supported_sport,player/appearance-conditioned; pregame participation not reconstructable as-of (not modelled),,,,,,,,not attempted
KXMLBSTARTER,MLB Starting Pitcher,Baseball,,player_prop,B,0,0.0,True,,not_attempted,,not_attempted_supported_sport,player/appearance-conditioned; pregame participation not reconstructable as-of (not modelled),,,,,,,,not attempted
KXMLBWALK,Pro Baseball Walks,Baseball,,player_prop,B,0,0.0,True,,not_attempted,,not_attempted_supported_sport,player/appearance-conditioned; pregame participation not reconstructable as-of (not modelled),,,,,,,,not attempted
KXWBCHIT,World Baseball Classic Hits,Baseball,,player_prop,B,0,0.0,True,,not_attempted,,not_attempted_supported_sport,player/appearance-conditioned; pregame participation not reconstructable as-of (not modelled),,,,,,,,not attempted
KXMLBRFI,Pro Baseball Run in First Inning,Baseball,Pro Baseball,score_props,A,2554,554760958.39,True,mlb,excluded_spec,,excluded_spec,no payoff parser for suffix 'RFI',0,0,,,0,0,0,excluded
KXMLBEXTRAS,MLB Extra Innings,Baseball,Pro Baseball,score_props,A,1855,3785189.41,True,mlb,excluded_spec,,excluded_spec,no payoff parser for suffix 'EXTRAS',0,0,,,0,0,0,excluded
KXNPBRFI,First Inning Run,Baseball,Japan NPB,score_props,A,401,1689971.49,True,,not_attempted,,not_attempted_supported_sport,no independent results adapter for this competition in Phase 1 (game_winner only via Kalshi-only path),,,,,,,,not attempted
KXKBORFI,KBO First Inning Run,Baseball,Korea KBO,score_props,A,552,1229985.96,True,,not_attempted,,not_attempted_supported_sport,no independent results adapter for this competition in Phase 1 (game_winner only via Kalshi-only path),,,,,,,,not attempted
KXWBCRFI,World Baseball Class Run in First Inning,Baseball,World Baseball Classic,score_props,A,47,354788.0,True,,not_attempted,,not_attempted_supported_sport,no independent results adapter for this competition in Phase 1 (game_winner only via Kalshi-only path),,,,,,,,not attempted
KXMLBDELAY,Pro Baseball Weather Delay,Baseball,Pro Baseball,score_props,A,9,2606.07,True,mlb,excluded_spec,,excluded_spec,no payoff parser for suffix 'DELAY',0,0,,,0,0,0,excluded
KXMLBWINS-COL,Pro baseball wins Colorado,Baseball,Pro Baseball,season_wins,F,14,387036.68,True,,not_attempted,,not_attempted_supported_sport,season totals: one outcome per team-season; prospective capture required,,,,,,,,not attempted
KXMLBWINS-LAD,Pro baseball wins Los Angeles D,Baseball,Pro Baseball,season_wins,F,12,330553.11,True,,not_attempted,,not_attempted_supported_sport,season totals: one outcome per team-season; prospective capture required,,,,,,,,not attempted
KXLEADERMLBWINS,MLB Wins Leader,Baseball,Pro Baseball,season_wins,F,60,207416.22,True,,not_attempted,,not_attempted_supported_sport,season totals: one outcome per team-season; prospective capture required,,,,,,,,not attempted
KXMLBWINS-SEA,Pro baseball wins Seattle,Baseball,Pro Baseball,season_wins,F,10,173238.88,True,,not_attempted,,not_attempted_supported_sport,season totals: one outcome per team-season; prospective capture required,,,,,,,,not attempted
KXMLBWINS-NYM,Pro baseball wins New York M,Baseball,Pro Baseball,season_wins,F,10,163295.81,True,,not_attempted,,not_attempted_supported_sport,season totals: one outcome per team-season; prospective capture required,,,,,,,,not attempted
KXMLBWINS-MIL,Pro baseball wins Milwaukee,Baseball,Pro Baseball,season_wins,F,10,156754.85,True,,not_attempted,,not_attempted_supported_sport,season totals: one outcome per team-season; prospective capture required,,,,,,,,not attempted
KXMLBWINS-BOS,Pro baseball wins Boston,Baseball,Pro Baseball,season_wins,F,9,142780.91,True,,not_attempted,,not_attempted_supported_sport,season totals: one outcome per team-season; prospective capture required,,,,,,,,not attempted
KXMLBWINS-ATL,Pro baseball wins Atlanta,Baseball,Pro Baseball,season_wins,F,10,136921.92,True,,not_attempted,,not_attempted_supported_sport,season totals: one outcome per team-season; prospective capture required,,,,,,,,not attempted
KXMLBWINS-ATH,Pro baseball wins A's,Baseball,Pro Baseball,season_wins,F,11,122945.87,True,,not_attempted,,not_attempted_supported_sport,season totals: one outcome per team-season; prospective capture required,,,,,,,,not attempted
KXMLBWINS-LAA,Pro baseball wins Los Angeles A,Baseball,Pro Baseball,season_wins,F,10,122004.68,True,,not_attempted,,not_attempted_supported_sport,season totals: one outcome per team-season; prospective capture required,,,,,,,,not attempted
KXMLBWINS-SF,Pro baseball wins San Francisco,Baseball,Pro Baseball,season_wins,F,10,111418.46,True,,not_attempted,,not_attempted_supported_sport,season totals: one outcome per team-season; prospective capture required,,,,,,,,not attempted
KXMLBWINS-SD,Pro baseball wins San Diego,Baseball,Pro Baseball,season_wins,F,10,111282.47,True,,not_attempted,,not_attempted_supported_sport,season totals: one outcome per team-season; prospective capture required,,,,,,,,not attempted
KXMLBWINS-CHC,Pro baseball wins Chicago C,Baseball,Pro Baseball,season_wins,F,10,109846.11,True,,not_attempted,,not_attempted_supported_sport,season totals: one outcome per team-season; prospective capture required,,,,,,,,not attempted
KXMLBWINS-NYY,Pro baseball wins New York Y,Baseball,Pro Baseball,season_wins,F,10,108554.87,True,,not_attempted,,not_attempted_supported_sport,season totals: one outcome per team-season; prospective capture required,,,,,,,,not attempted
KXMLBWINS-DET,Pro baseball wins Detroit,Baseball,Pro Baseball,season_wins,F,10,106333.72,True,,not_attempted,,not_attempted_supported_sport,season totals: one outcome per team-season; prospective capture required,,,,,,,,not attempted
KXMLBWINS-MIA,Pro baseball wins Miami,Baseball,Pro Baseball,season_wins,F,10,93381.39,True,,not_attempted,,not_attempted_supported_sport,season totals: one outcome per team-season; prospective capture required,,,,,,,,not attempted
KXMLBWINS-MIN,Pro baseball wins Minnesota,Baseball,Pro Baseball,season_wins,F,11,91031.54,True,,not_attempted,,not_attempted_supported_sport,season totals: one outcome per team-season; prospective capture required,,,,,,,,not attempted
KXMLBWINS-HOU,Pro baseball wins Houston,Baseball,Pro Baseball,season_wins,F,12,88418.47,True,,not_attempted,,not_attempted_supported_sport,season totals: one outcome per team-season; prospective capture required,,,,,,,,not attempted
KXMLBLSTREAK,Longest Losing Streak,Baseball,Pro Baseball,season_wins,F,30,84181.36,True,,not_attempted,,not_attempted_supported_sport,season totals: one outcome per team-season; prospective capture required,,,,,,,,not attempted
KXMLBWINS-PHI,Pro baseball wins Philadelphia,Baseball,Pro Baseball,season_wins,F,9,81265.64,True,,not_attempted,,not_attempted_supported_sport,season totals: one outcome per team-season; prospective capture required,,,,,,,,not attempted
KXMLBWINS-CIN,Pro baseball wins Cincinnati,Baseball,Pro Baseball,season_wins,F,10,78235.51,True,,not_attempted,,not_attempted_supported_sport,season totals: one outcome per team-season; prospective capture required,,,,,,,,not attempted
KXMLBWINS-CWS,Pro baseball wins Chicago W,Baseball,Pro Baseball,season_wins,F,15,76785.73,True,,not_attempted,,not_attempted_supported_sport,season totals: one outcome per team-season; prospective capture required,,,,,,,,not attempted
KXMLBWINS-KC,Pro baseball wins Kansas City,Baseball,Pro Baseball,season_wins,F,9,73163.82,True,,not_attempted,,not_attempted_supported_sport,season totals: one outcome per team-season; prospective capture required,,,,,,,,not attempted
KXMLBWINS-WSH,Pro baseball wins Washington,Baseball,Pro Baseball,season_wins,F,11,71192.58,True,,not_attempted,,not_attempted_supported_sport,season totals: one outcome per team-season; prospective capture required,,,,,,,,not attempted
KXMLBWINS-STL,Pro baseball wins St. Louis,Baseball,Pro Baseball,season_wins,F,11,63836.67,True,,not_attempted,,not_attempted_supported_sport,season totals: one outcome per team-season; prospective capture required,,,,,,,,not attempted
KXMLBWINS-PIT,Pro baseball wins Pittsburgh,Baseball,Pro Baseball,season_wins,F,11,60386.98,True,,not_attempted,,not_attempted_supported_sport,season totals: one outcome per team-season; prospective capture required,,,,,,,,not attempted
KXMLBWINS-BAL,Pro baseball wins Baltimore,Baseball,Pro Baseball,season_wins,F,10,54857.36,True,,not_attempted,,not_attempted_supported_sport,season totals: one outcome per team-season; prospective capture required,,,,,,,,not attempted
KXMLBWSTREAK,Longest Winning Streak,Baseball,Pro Baseball,season_wins,F,30,52832.84,True,,not_attempted,,not_attempted_supported_sport,season totals: one outcome per team-season; prospective capture required,,,,,,,,not attempted
KXMLBWINS-TEX,Pro baseball wins Texas,Baseball,Pro Baseball,season_wins,F,9,47344.29,True,,not_attempted,,not_attempted_supported_sport,season totals: one outcome per team-season; prospective capture required,,,,,,,,not attempted
KXMLBWINS-CLE,Pro baseball wins Cleveland,Baseball,Pro Baseball,season_wins,F,9,44780.2,True,,not_attempted,,not_attempted_supported_sport,season totals: one outcome per team-season; prospective capture required,,,,,,,,not attempted
KXMLBWINS-AZ,Pro baseball wins Arizona,Baseball,Pro Baseball,season_wins,F,9,40980.01,True,,not_attempted,,not_attempted_supported_sport,season totals: one outcome per team-season; prospective capture required,,,,,,,,not attempted
KXMLBWINS-TOR,Pro baseball wins Toronto,Baseball,Pro Baseball,season_wins,F,10,40152.72,True,,not_attempted,,not_attempted_supported_sport,season totals: one outcome per team-season; prospective capture required,,,,,,,,not attempted
KXMLBWINS-TB,Pro baseball wins Tampa Bay,Baseball,Pro Baseball,season_wins,F,9,37822.4,True,,not_attempted,,not_attempted_supported_sport,season totals: one outcome per team-season; prospective capture required,,,,,,,,not attempted
KXMLBSISTREAK,Pro Baseball Scoreless Innings Streak,Baseball,Pro Baseball,season_wins,F,7,6664.71,True,,not_attempted,,not_attempted_supported_sport,season totals: one outcome per team-season; prospective capture required,,,,,,,,not attempted
KXMLB500,MLB teams at .500,Baseball,,season_wins,F,0,0.0,True,,not_attempted,,not_attempted_supported_sport,season totals: one outcome per team-season; prospective capture required,,,,,,,,not attempted
KXMLBF5TOTAL,First 5 Innings Total,Baseball,Pro Baseball,segment,A,17714,240999097.07,True,mlb,independent_outcomes,exploratory,exploratory_evaluated,only 0 pre-test settled contracts (< 30),17248,17157,0/0,17155/17157,2,17106,2443,evaluated
KXMLBF5,First 5 Innings Winner,Baseball,Pro Baseball,segment,A,7602,215184244.39,True,mlb,independent_outcomes,exploratory,exploratory_evaluated,only 0 pre-test settled contracts (< 30),7395,7353,0/0,7353/7353,0,7332,2443,evaluated
KXMLBF5SPREAD,First 5 Innings Spread,Baseball,Pro Baseball,segment,A,10124,65067971.76,True,mlb,independent_outcomes,exploratory,exploratory_evaluated,only 0 pre-test settled contracts (< 30),9860,9804,0/0,9803/9804,1,9775,2443,evaluated
KXMLBF3,First 3 Innings Winner,Baseball,Pro Baseball,segment,A,3719,22311883.27,True,mlb,independent_outcomes,exploratory,exploratory_evaluated,only 0 pre-test settled contracts (< 30),3567,3558,0/0,3558/3558,0,3537,1179,evaluated
KXMLBF7,First 7 Innings Winner,Baseball,Pro Baseball,segment,A,3678,8872446.9,True,mlb,independent_outcomes,exploratory,exploratory_evaluated,only 0 pre-test settled contracts (< 30),3567,3555,0/0,3555/3555,0,3534,1178,evaluated
KXMLBINNINGTOTAL,Pro Baseball Inning Total,Baseball,Pro Baseball,segment,A,7321,4068321.15,True,mlb,excluded_spec,,excluded_spec,no payoff parser for suffix 'INNINGTOTAL',0,0,,,0,0,0,excluded
KXMLBINNINGWIN,Pro Baseball Inning Win,Baseball,Pro Baseball,segment,A,12117,3760717.58,True,mlb,excluded_spec,,excluded_spec,no payoff parser for suffix 'INNINGWIN',0,0,,,0,0,0,excluded
KXWBCF5SPREAD,First 5 innings spread,Baseball,World Baseball Classic,segment,A,120,922588.0,True,,not_attempted,,not_attempted_supported_sport,no independent results adapter for this competition in Phase 1 (game_winner only via Kalshi-only path),,,,,,,,not attempted
KXWBCF5,First 5 Winner,Baseball,World Baseball Classic,segment,A,88,430029.0,True,,not_attempted,,not_attempted_supported_sport,no independent results adapter for this competition in Phase 1 (game_winner only via Kalshi-only path),,,,,,,,not attempted
KXWBCF5TOTAL,First 5 Innings Total,Baseball,World Baseball Classic,segment,A,235,156272.0,True,,not_attempted,,not_attempted_supported_sport,no independent results adapter for this competition in Phase 1 (game_winner only via Kalshi-only path),,,,,,,,not attempted
KXMLBSERIES,Pro Baseball Series Winner,Baseball,Pro Baseball,series_playoff,C,36,68798441.28,True,,not_attempted,,not_attempted_supported_sport,playoff series: few outcomes; needs game model + bracket simulation (not in Phase 1),,,,,,,,not attempted
KXMLBSERIESSCORE,Pro Baseball Series Exact Score,Baseball,Pro Baseball,series_playoff,C,46,159656.26,True,,not_attempted,,not_attempted_supported_sport,playoff series: few outcomes; needs game model + bracket simulation (not in Phase 1),,,,,,,,not attempted
KXMLBSPREAD,Pro Baseball Spread,Baseball,Pro Baseball,spread,A,21949,1514479381.21,True,mlb,independent_outcomes,strict,strict_evaluated,,21368,21100,60/60,21097/21100,3,20988,2443,evaluated
KXKBOSPREAD,KBO Spread,Baseball,Korea KBO,spread,A,2170,5904051.48,True,,not_attempted,,not_attempted_supported_sport,no independent results adapter for this competition in Phase 1 (game_winner only via Kalshi-only path),,,,,,,,not attempted
KXNPBSPREAD,NPB Spread,Baseball,Japan NPB,spread,A,1586,5217076.28,True,,not_attempted,,not_attempted_supported_sport,no independent results adapter for this competition in Phase 1 (game_winner only via Kalshi-only path),,,,,,,,not attempted
KXWBCSPREAD,World Baseball Classic Spread,Baseball,World Baseball Classic,spread,A,245,4009629.0,True,,not_attempted,,not_attempted_supported_sport,no independent results adapter for this competition in Phase 1 (game_winner only via Kalshi-only path),,,,,,,,not attempted
KXNCAABBSPREAD,College Baseball Spread,Baseball,College Baseball,spread,A,74,1074163.77,True,,not_attempted,,not_attempted_supported_sport,no independent results adapter for this competition in Phase 1 (game_winner only via Kalshi-only path),,,,,,,,not attempted
KXMLBSERIESSPREAD,Pro Baseball Series Game Spread,Baseball,Pro Baseball,spread,A,21,20307.05,True,mlb,excluded_spec,,excluded_spec,no payoff parser for suffix 'SERIESSPREAD',0,0,,,0,0,0,excluded
KXMLBTEAMTOTAL,Pro Baseball Team Total,Baseball,Pro Baseball,team_total,A,33732,138358817.16,True,mlb,independent_outcomes,exploratory,exploratory_evaluated,only 0 pre-test settled contracts (< 30),33642,33418,0/0,33414/33418,4,33316,2379,evaluated
KXMLBTOTAL,Pro Baseball Total Points,Baseball,Pro Baseball,total,A,31301,2674248073.63,True,mlb,independent_outcomes,strict,strict_evaluated,,30508,29994,120/120,29990/29994,4,29794,2443,evaluated
KXNPBTOTAL,Point Total,Baseball,Japan NPB,total,A,1589,11695268.97,True,,not_attempted,,not_attempted_supported_sport,no independent results adapter for this competition in Phase 1 (game_winner only via Kalshi-only path),,,,,,,,not attempted
KXKBOTOTAL,KBO Total Runs,Baseball,Korea KBO,total,A,2223,10797507.54,True,,not_attempted,,not_attempted_supported_sport,no independent results adapter for this competition in Phase 1 (game_winner only via Kalshi-only path),,,,,,,,not attempted
KXWBCTOTAL,World Baseball Classic Total,Baseball,World Baseball Classic,total,A,541,2884688.0,True,,not_attempted,,not_attempted_supported_sport,no independent results adapter for this competition in Phase 1 (game_winner only via Kalshi-only path),,,,,,,,not attempted
KXNCAABBTOTAL,College Baseball Total Runs,Baseball,College Baseball,total,A,75,1715816.13,True,,not_attempted,,not_attempted_supported_sport,no independent results adapter for this competition in Phase 1 (game_winner only via Kalshi-only path),,,,,,,,not attempted
KXMLBSERIESGAMETOTAL,Professional Baseball Series Total Games,Baseball,Pro Baseball,total,A,9,54450.0,True,mlb,excluded_spec,,excluded_spec,no payoff parser for suffix 'SERIESGAMETOTAL',0,0,,,0,0,0,excluded
KXMLBSERIESGAMES,Pro Baseball Series Total Games,Baseball,Pro Baseball,total,A,14,34609.17,True,mlb,excluded_spec,,excluded_spec,no payoff parser for suffix 'SERIESGAMES',0,0,,,0,0,0,excluded
KXMLB,World Series,Baseball,Pro Baseball,tournament_outright,C,60,207158568.42,True,,not_attempted,,not_attempted_supported_sport,outright/bracket: few independent outcomes per season; needs prospective capture + simulation,,,,,,,,not attempted
KXMLBAL,MLB American League Championship,Baseball,Pro Baseball,tournament_outright,C,30,32817115.53,True,,not_attempted,,not_attempted_supported_sport,outright/bracket: few independent outcomes per season; needs prospective capture + simulation,,,,,,,,not attempted
KXMLBNL,MLB National League Championship,Baseball,Pro Baseball,tournament_outright,C,30,16263822.2,True,,not_attempted,,not_attempted_supported_sport,outright/bracket: few independent outcomes per season; needs prospective capture + simulation,,,,,,,,not attempted
KXNCAABASEBALL,College Baseball Champion,Baseball,College Baseball,tournament_outright,C,48,15343986.66,True,,not_attempted,,not_attempted_supported_sport,outright/bracket: few independent outcomes per season; needs prospective capture + simulation,,,,,,,,not attempted
KXMLBPLAYOFFS,Pro Baseball Playoff Qualifiers,Baseball,Pro Baseball,tournament_outright,C,57,7135691.82,True,,not_attempted,,not_attempted_supported_sport,outright/bracket: few independent outcomes per season; needs prospective capture + simulation,,,,,,,,not attempted
KXNCAAMBACHAMP,College Baseball Championship,Baseball,,tournament_outright,C,31,5437657.0,True,,not_attempted,,not_attempted_supported_sport,outright/bracket: few independent outcomes per season; needs prospective capture + simulation,,,,,,,,not attempted
KXTEAMSINWS,Teams in MLB Finals,Baseball,Pro Baseball,tournament_outright,C,125,3563494.93,True,,not_attempted,,not_attempted_supported_sport,outright/bracket: few independent outcomes per season; needs prospective capture + simulation,,,,,,,,not attempted
KXMLBALWEST,American League West Winner,Baseball,Pro Baseball,tournament_outright,C,10,3177331.86,True,,not_attempted,,not_attempted_supported_sport,outright/bracket: few independent outcomes per season; needs prospective capture + simulation,,,,,,,,not attempted
KXMLBALEAST,American League East Winner,Baseball,Pro Baseball,tournament_outright,C,10,2813280.56,True,,not_attempted,,not_attempted_supported_sport,outright/bracket: few independent outcomes per season; needs prospective capture + simulation,,,,,,,,not attempted
KXMLBALCENT,American League Central Winner,Baseball,Pro Baseball,tournament_outright,C,10,2665883.84,True,,not_attempted,,not_attempted_supported_sport,outright/bracket: few independent outcomes per season; needs prospective capture + simulation,,,,,,,,not attempted
KXMLBNLCENT,National League Central Winner,Baseball,Pro Baseball,tournament_outright,C,10,2349325.97,True,,not_attempted,,not_attempted_supported_sport,outright/bracket: few independent outcomes per season; needs prospective capture + simulation,,,,,,,,not attempted
KXMLBNLEAST,National League East Winner,Baseball,Pro Baseball,tournament_outright,C,10,1558195.78,True,,not_attempted,,not_attempted_supported_sport,outright/bracket: few independent outcomes per season; needs prospective capture + simulation,,,,,,,,not attempted
KXMLBNLWEST,National League West Winner,Baseball,Pro Baseball,tournament_outright,C,10,1139363.2,True,,not_attempted,,not_attempted_supported_sport,outright/bracket: few independent outcomes per season; needs prospective capture + simulation,,,,,,,,not attempted
KXMLBBESTRECORD,Pro Baseball Best Record,Baseball,Pro Baseball,tournament_outright,C,30,896067.65,True,,not_attempted,,not_attempted_supported_sport,outright/bracket: few independent outcomes per season; needs prospective capture + simulation,,,,,,,,not attempted
KXNCAABBREG,Regional Winner,Baseball,College Baseball,tournament_outright,C,80,851698.95,True,,not_attempted,,not_attempted_supported_sport,outright/bracket: few independent outcomes per season; needs prospective capture + simulation,,,,,,,,not attempted
KXNCAASOFTBALL,College Softball Champion,Baseball,College Softball,tournament_outright,C,8,708959.03,True,,not_attempted,,not_attempted_supported_sport,outright/bracket: few independent outcomes per season; needs prospective capture + simulation,,,,,,,,not attempted
KXMLBWORSTRECORD,Pro Baseball Best Record,Baseball,Pro Baseball,tournament_outright,C,30,675140.34,True,,not_attempted,,not_attempted_supported_sport,outright/bracket: few independent outcomes per season; needs prospective capture + simulation,,,,,,,,not attempted
KXWBCROUND,WBC Round,Baseball,World Baseball Classic,tournament_outright,C,31,668890.0,True,,not_attempted,,not_attempted_supported_sport,outright/bracket: few independent outcomes per season; needs prospective capture + simulation,,,,,,,,not attempted
KXNCAABBCONF,College Baseball Conference Tournament,Baseball,College Baseball,tournament_outright,C,92,296394.51,True,,not_attempted,,not_attempted_supported_sport,outright/bracket: few independent outcomes per season; needs prospective capture + simulation,,,,,,,,not attempted
KXMLBMATCHUP,Pro Baseball Playoff Matchups,Baseball,Pro Baseball,tournament_outright,C,40,287643.4,True,,not_attempted,,not_attempted_supported_sport,outright/bracket: few independent outcomes per season; needs prospective capture + simulation,,,,,,,,not attempted
KXNCAABBPLAYOFFS,College Baseball Playoff Qualifiers,Baseball,College Baseball,tournament_outright,C,68,263367.62,True,,not_attempted,,not_attempted_supported_sport,outright/bracket: few independent outcomes per season; needs prospective capture + simulation,,,,,,,,not attempted
KXWBCGROUPQUAL,WBC Pool Qualifiers,Baseball,World Baseball Classic,tournament_outright,C,20,260071.0,True,,not_attempted,,not_attempted_supported_sport,outright/bracket: few independent outcomes per season; needs prospective capture + simulation,,,,,,,,not attempted
KXMLBNLCSQUAL,NLCS Qualifiers,Baseball,Pro Baseball,tournament_outright,C,7,240889.6,True,,not_attempted,,not_attempted_supported_sport,outright/bracket: few independent outcomes per season; needs prospective capture + simulation,,,,,,,,not attempted
KXMLBALCSQUAL,ALCS Qualifiers,Baseball,Pro Baseball,tournament_outright,C,7,211812.17,True,,not_attempted,,not_attempted_supported_sport,outright/bracket: few independent outcomes per season; needs prospective capture + simulation,,,,,,,,not attempted
KXMLBPLAYOFFHOST,MLB Playoff Games Hosted,Baseball,Pro Baseball,tournament_outright,C,23,145678.21,True,,not_attempted,,not_attempted_supported_sport,outright/bracket: few independent outcomes per season; needs prospective capture + simulation,,,,,,,,not attempted
KXWBCGROUP,WBC Pool Winner,Baseball,World Baseball Classic,tournament_outright,C,19,124491.0,True,,not_attempted,,not_attempted_supported_sport,outright/bracket: few independent outcomes per season; needs prospective capture + simulation,,,,,,,,not attempted
KXMLBDIVWINNER,MLB divisions,Baseball,,tournament_outright,C,6,95893.0,True,,not_attempted,,not_attempted_supported_sport,outright/bracket: few independent outcomes per season; needs prospective capture + simulation,,,,,,,,not attempted
KXTEAMSINNCAABBWS,Teams in College Baseball Finals,Baseball,College Baseball,tournament_outright,C,16,86113.4,True,,not_attempted,,not_attempted_supported_sport,outright/bracket: few independent outcomes per season; needs prospective capture + simulation,,,,,,,,not attempted
KXNCAABBFINAL,College Baseball Final Qualifiers,Baseball,College Baseball,tournament_outright,C,8,49555.82,True,,not_attempted,,not_attempted_supported_sport,outright/bracket: few independent outcomes per season; needs prospective capture + simulation,,,,,,,,not attempted
KXMLBCHAMPDIVISION,Pro Baseball Champion Division,Baseball,Pro Baseball,tournament_outright,C,5,28807.0,True,,not_attempted,,not_attempted_supported_sport,outright/bracket: few independent outcomes per season; needs prospective capture + simulation,,,,,,,,not attempted
KXNPB,NPB Champion,Baseball,Japan NPB,tournament_outright,C,12,26938.09,True,,not_attempted,,not_attempted_supported_sport,outright/bracket: few independent outcomes per season; needs prospective capture + simulation,,,,,,,,not attempted
KXMLBCHAMPLEAGUE,Pro Baseball Championship League,Baseball,Pro Baseball,tournament_outright,C,2,5491.32,True,,not_attempted,,not_attempted_supported_sport,outright/bracket: few independent outcomes per season; needs prospective capture + simulation,,,,,,,,not attempted
KXKBO,KBO Champion,Baseball,Korea KBO,tournament_outright,C,9,4620.55,True,,not_attempted,,not_attempted_supported_sport,outright/bracket: few independent outcomes per season; needs prospective capture + simulation,,,,,,,,not attempted
KXMLBSEEDWIN,Pro Baseball Seed Win,Baseball,Pro Baseball,tournament_outright,C,6,1760.86,True,,not_attempted,,not_attempted_supported_sport,outright/bracket: few independent outcomes per season; needs prospective capture + simulation,,,,,,,,not attempted
KXMBLNLEAST,National League East Winner,Baseball,,tournament_outright,C,0,0.0,True,,not_attempted,,not_attempted_supported_sport,outright/bracket: few independent outcomes per season; needs prospective capture + simulation,,,,,,,,not attempted
KXMLBWS,MLB World Series,Baseball,,tournament_outright,C,0,0.0,True,,not_attempted,,not_attempted_supported_sport,outright/bracket: few independent outcomes per season; needs prospective capture + simulation,,,,,,,,not attempted
KXWSAL,MLB American League champion,Baseball,,tournament_outright,C,0,0.0,True,,not_attempted,,not_attempted_supported_sport,outright/bracket: few independent outcomes per season; needs prospective capture + simulation,,,,,,,,not attempted
KXWSNL,MLB National League champion,Baseball,,tournament_outright,C,0,0.0,True,,not_attempted,,not_attempted_supported_sport,outright/bracket: few independent outcomes per season; needs prospective capture + simulation,,,,,,,,not attempted
KXNBAMVP,NBA MVP,Basketball,Pro Basketball (M),awards,C,125,43338259.58,True,,not_attempted,,not_attempted_supported_sport,awards: voting outcomes without as-of inputs,,,,,,,,not attempted
KXNBAFINMVP,NBA Finals MVP,Basketball,Pro Basketball (M),awards,C,83,23439909.44,True,,not_attempted,,not_attempted_supported_sport,awards: voting outcomes without as-of inputs,,,,,,,,not attempted
KXNBAALLSTARMVP,NBA All-Star Game MVP,Basketball,Pro Basketball (M),awards,C,26,15002262.0,True,,not_attempted,,not_attempted_supported_sport,awards: voting outcomes without as-of inputs,,,,,,,,not attempted
KXNBAFINALSMVP,Finals MVP,Basketball,,awards,C,12,14398739.0,True,,not_attempted,,not_attempted_supported_sport,awards: voting outcomes without as-of inputs,,,,,,,,not attempted
KXNBAROY,NBA Rookie of the Year,Basketball,Pro Basketball (M),awards,C,45,13066380.49,True,,not_attempted,,not_attempted_supported_sport,awards: voting outcomes without as-of inputs,,,,,,,,not attempted
KXNBACOY,NBA Coach of the Year,Basketball,Pro Basketball (M),awards,C,52,12201045.02,True,,not_attempted,,not_attempted_supported_sport,awards: voting outcomes without as-of inputs,,,,,,,,not attempted
KXNBAALLSTARGAME,NBA All-Star Game Winner,Basketball,Pro Basketball (M),awards,C,3,9244037.0,True,,not_attempted,,not_attempted_supported_sport,awards: voting outcomes without as-of inputs,,,,,,,,not attempted
KXNBA3PTCONTEST,NBA 3-Point Contest Winner,Basketball,Pro Basketball (M),awards,C,8,8093772.0,True,,not_attempted,,not_attempted_supported_sport,awards: voting outcomes without as-of inputs,,,,,,,,not attempted
KXNBAMIMP,NBA Most Improved Player,Basketball,Pro Basketball (M),awards,C,90,6210860.75,True,,not_attempted,,not_attempted_supported_sport,awards: voting outcomes without as-of inputs,,,,,,,,not attempted
KXNBASLAMDUNK,NBA Slam Dunk Contest Winner,Basketball,Pro Basketball (M),awards,C,4,4634594.0,True,,not_attempted,,not_attempted_supported_sport,awards: voting outcomes without as-of inputs,,,,,,,,not attempted
KXNBADPOY,NBA Defensive Player of the Year,Basketball,Pro Basketball (M),awards,C,61,4065869.28,True,,not_attempted,,not_attempted_supported_sport,awards: voting outcomes without as-of inputs,,,,,,,,not attempted
KXNBAWFINMVP,NBA Western Conference Finals MVP,Basketball,Pro Basketball (M),awards,C,55,3987777.95,True,,not_attempted,,not_attempted_supported_sport,awards: voting outcomes without as-of inputs,,,,,,,,not attempted
KXNBASIXTH,NBA Sixth Man of the Year,Basketball,Pro Basketball (M),awards,C,85,2669953.15,True,,not_attempted,,not_attempted_supported_sport,awards: voting outcomes without as-of inputs,,,,,,,,not attempted
KXNCAAMBMOP,Men's College Basketball Most Outstanding Player,Basketball,CBB Tournament,awards,C,42,2362491.0,True,,not_attempted,,not_attempted_supported_sport,awards: voting outcomes without as-of inputs,,,,,,,,not attempted
KXNBARISINGSTARS,Pro Basketball Rising Stars Tournament,Basketball,Pro Basketball (M),awards,C,4,1725213.0,True,,not_attempted,,not_attempted_supported_sport,awards: voting outcomes without as-of inputs,,,,,,,,not attempted
KXWNBAMVP,WNBA MVP,Basketball,Pro Basketball (W),awards,C,36,1552613.95,True,,not_attempted,,not_attempted_supported_sport,awards: voting outcomes without as-of inputs,,,,,,,,not attempted
KXNBACELEBRITYGAME,Pro Basketball All-Star Celebrity Game,Basketball,Pro Basketball (M),awards,C,2,955456.0,True,,not_attempted,,not_attempted_supported_sport,awards: voting outcomes without as-of inputs,,,,,,,,not attempted
KXWNBAASGMVP,WNBA All-Star Game MVP,Basketball,Pro Basketball (W),awards,C,23,901462.96,True,,not_attempted,,not_attempted_supported_sport,awards: voting outcomes without as-of inputs,,,,,,,,not attempted
KXNBAALLSTARS,NBA All-Stars,Basketball,Pro Basketball (M),awards,C,102,893672.04,True,,not_attempted,,not_attempted_supported_sport,awards: voting outcomes without as-of inputs,,,,,,,,not attempted
KXNBA1STTEAM,All-NBA 1st Team,Basketball,Pro Basketball (M),awards,C,22,839458.8,True,,not_attempted,,not_attempted_supported_sport,awards: voting outcomes without as-of inputs,,,,,,,,not attempted
KXNBAEFINMVP,NBA Eastern Conference Finals MVP,Basketball,Pro Basketball (M),awards,C,47,830641.31,True,,not_attempted,,not_attempted_supported_sport,awards: voting outcomes without as-of inputs,,,,,,,,not attempted
KXNBACELEBRITY3PT,NBA Celebrity 3PT Contest,Basketball,Pro Basketball (M),awards,C,7,773025.0,True,,not_attempted,,not_attempted_supported_sport,awards: voting outcomes without as-of inputs,,,,,,,,not attempted
KXNCAAMBNAISMITH,Men's College Basketball Naismith,Basketball,CBB Tournament,awards,C,25,644338.0,True,,not_attempted,,not_attempted_supported_sport,awards: voting outcomes without as-of inputs,,,,,,,,not attempted
KXNBASHOOTINGSTARS,Pro Basketball Shooting Stars Contest,Basketball,Pro Basketball (M),awards,C,4,522546.0,True,,not_attempted,,not_attempted_supported_sport,awards: voting outcomes without as-of inputs,,,,,,,,not attempted
KXNBASUMMERMVP,Pro Basketball Summer League MVP,Basketball,Pro Basketball Summer League,awards,C,14,505244.29,True,,not_attempted,,not_attempted_supported_sport,awards: voting outcomes without as-of inputs,,,,,,,,not attempted
KXNBACLUTCH,NBA Clutch Player of the Year,Basketball,Pro Basketball (M),awards,C,71,395759.6,True,,not_attempted,,not_attempted_supported_sport,awards: voting outcomes without as-of inputs,,,,,,,,not attempted
KXNBA2NDTEAM,All-NBA 2nd Team,Basketball,Pro Basketball (M),awards,C,25,235329.09,True,,not_attempted,,not_attempted_supported_sport,awards: voting outcomes without as-of inputs,,,,,,,,not attempted
KXWNBAROY,WNBA Rookie of the Year,Basketball,Pro Basketball (W),awards,C,19,214696.43,True,,not_attempted,,not_attempted_supported_sport,awards: voting outcomes without as-of inputs,,,,,,,,not attempted
KXWNBADPOY,WNBA Defensive Player of the Year,Basketball,Pro Basketball (W),awards,C,16,197369.17,True,,not_attempted,,not_attempted_supported_sport,awards: voting outcomes without as-of inputs,,,,,,,,not attempted
KXWNBACOY,WNBA Coach of the Year,Basketball,Pro Basketball (W),awards,C,16,179573.8,True,,not_attempted,,not_attempted_supported_sport,awards: voting outcomes without as-of inputs,,,,,,,,not attempted
KXNBACUPMVP,NBA Cup Tournament MVP,Basketball,Pro Basketball (M),awards,C,32,95289.58,True,,not_attempted,,not_attempted_supported_sport,awards: voting outcomes without as-of inputs,,,,,,,,not attempted
KXNCAAWBMOP,Women's College Basketball Most Outstanding Player,Basketball,CBB Tournament (W),awards,C,22,86645.0,True,,not_attempted,,not_attempted_supported_sport,awards: voting outcomes without as-of inputs,,,,,,,,not attempted
KXNBA1STTEAMDEF,NBA All-Defensive 1st Team,Basketball,Pro Basketball (M),awards,C,23,68572.11,True,,not_attempted,,not_attempted_supported_sport,awards: voting outcomes without as-of inputs,,,,,,,,not attempted
KXWNBA6POY,WNBA Sixth Player of the Year,Basketball,Pro Basketball (W),awards,C,19,65590.58,True,,not_attempted,,not_attempted_supported_sport,awards: voting outcomes without as-of inputs,,,,,,,,not attempted
KXNBASTARTERS,Pro Basketball Starting Lineup,Basketball,Pro Basketball (M),awards,C,79,64959.58,True,,not_attempted,,not_attempted_supported_sport,awards: voting outcomes without as-of inputs,,,,,,,,not attempted
KXNCAAMBCOTY,Men's College Basketball Naismith Coach of the Year,Basketball,CBB Tournament,awards,C,15,56991.0,True,,not_attempted,,not_attempted_supported_sport,awards: voting outcomes without as-of inputs,,,,,,,,not attempted
KXWNBAFINALSMVP,WNBA Finals MVP,Basketball,Pro Basketball (W),awards,C,25,52792.06,True,,not_attempted,,not_attempted_supported_sport,awards: voting outcomes without as-of inputs,,,,,,,,not attempted
KXNBA3RDTEAM,All-NBA 3rd Team,Basketball,Pro Basketball (M),awards,C,24,51336.57,True,,not_attempted,,not_attempted_supported_sport,awards: voting outcomes without as-of inputs,,,,,,,,not attempted
KXWNBAALLROOKIE,Women's Pro Basketball All-Rookie Team,Basketball,Pro Basketball (W),awards,C,15,41550.97,True,,not_attempted,,not_attempted_supported_sport,awards: voting outcomes without as-of inputs,,,,,,,,not attempted
KXWNBAMIMP,WNBA Most Improved Player of the Year,Basketball,Pro Basketball (W),awards,C,18,36276.87,True,,not_attempted,,not_attempted_supported_sport,awards: voting outcomes without as-of inputs,,,,,,,,not attempted
KXNBAROOKIE2NDTEAM,NBA All-Rookie 2nd Team,Basketball,Pro Basketball (M),awards,C,18,21740.33,True,,not_attempted,,not_attempted_supported_sport,awards: voting outcomes without as-of inputs,,,,,,,,not attempted
KXWNBAALLSTARS,Women's Pro Basketball All-Star Selections,Basketball,Pro Basketball (W),awards,C,40,21175.9,True,,not_attempted,,not_attempted_supported_sport,awards: voting outcomes without as-of inputs,,,,,,,,not attempted
KXNBA2NDTEAMDEF,NBA All-Defensive 2nd Team,Basketball,Pro Basketball (M),awards,C,23,18358.97,True,,not_attempted,,not_attempted_supported_sport,awards: voting outcomes without as-of inputs,,,,,,,,not attempted
KXWNBACCUPMVP,WNBA Commissioner's Cup MVP,Basketball,Pro Basketball (W),awards,C,18,16852.86,True,,not_attempted,,not_attempted_supported_sport,awards: voting outcomes without as-of inputs,,,,,,,,not attempted
KXNBAROOKIE1STTEAM,NBA All-Rookie 1st Team,Basketball,Pro Basketball (M),awards,C,20,13932.57,True,,not_attempted,,not_attempted_supported_sport,awards: voting outcomes without as-of inputs,,,,,,,,not attempted
KXWNBAROTY,Pro Women's Basketball Rookie of the Year,Basketball,Pro Basketball (W),awards,C,4,4787.0,True,,not_attempted,,not_attempted_supported_sport,awards: voting outcomes without as-of inputs,,,,,,,,not attempted
KXWNBAROOKAS,Women's Pro Basketball Rookie to be an All-Star,Basketball,Pro Basketball (W),awards,C,1,2638.27,True,,not_attempted,,not_attempted_supported_sport,awards: voting outcomes without as-of inputs,,,,,,,,not attempted
KXNBAMVPDPOY,Pro Basketball Player to Win MVP and DPOY,Basketball,Pro Basketball (M),awards,C,1,1435.73,True,,not_attempted,,not_attempted_supported_sport,awards: voting outcomes without as-of inputs,,,,,,,,not attempted
KXWNBAALLTEAM,Women's Pro Basketball Teams,Basketball,Pro Basketball (W),awards,C,12,1378.3,True,,not_attempted,,not_attempted_supported_sport,awards: voting outcomes without as-of inputs,,,,,,,,not attempted
KXWNBAALLDEFENSE,Women's Pro Basketball All-Defensive Teams,Basketball,Pro Basketball (W),awards,C,8,1082.85,True,,not_attempted,,not_attempted_supported_sport,awards: voting outcomes without as-of inputs,,,,,,,,not attempted
KXNBASPORTSMANSHIP,NBA Sportsmanship Award,Basketball,Pro Basketball (M),awards,C,7,542.62,True,,not_attempted,,not_attempted_supported_sport,awards: voting outcomes without as-of inputs,,,,,,,,not attempted
KXNBAHALLOFFAME,Pro Basketball Hall of Fame,Basketball,Pro Basketball (M),awards,C,6,422.25,True,,not_attempted,,not_attempted_supported_sport,awards: voting outcomes without as-of inputs,,,,,,,,not attempted
KXNBAAWARDFIN,NBA Award Finalists,Basketball,Pro Basketball (M),awards,C,0,0.0,True,,not_attempted,,not_attempted_supported_sport,awards: voting outcomes without as-of inputs,,,,,,,,not attempted
KXNBAEXEC,NBA Executive of the Year,Basketball,Pro Basketball (M),awards,C,0,0.0,True,,not_attempted,,not_attempted_supported_sport,awards: voting outcomes without as-of inputs,,,,,,,,not attempted
KXNBAHUSTLE,NBA Hustle Award,Basketball,Pro Basketball (M),awards,C,0,0.0,True,,not_attempted,,not_attempted_supported_sport,awards: voting outcomes without as-of inputs,,,,,,,,not attempted
KXNBAPOSTASREC,NBA Best Record Post-All-Star Break,Basketball,Pro Basketball (M),awards,C,0,0.0,True,,not_attempted,,not_attempted_supported_sport,awards: voting outcomes without as-of inputs,,,,,,,,not attempted
KXNBASJC,NBA Social Justice Champion,Basketball,Pro Basketball (M),awards,C,0,0.0,True,,not_attempted,,not_attempted_supported_sport,awards: voting outcomes without as-of inputs,,,,,,,,not attempted
KXNBATEAMMATE,NBA Teammate of the Year,Basketball,Pro Basketball (M),awards,C,0,0.0,True,,not_attempted,,not_attempted_supported_sport,awards: voting outcomes without as-of inputs,,,,,,,,not attempted
KXWNBAASGAME,WNBA All Star Game,Basketball,,awards,C,0,0.0,True,,not_attempted,,not_attempted_supported_sport,awards: voting outcomes without as-of inputs,,,,,,,,not attempted
KXWNBAFIRSTTEAM,Women's Pro Basketball First Team,Basketball,,awards,C,0,0.0,True,,not_attempted,,not_attempted_supported_sport,awards: voting outcomes without as-of inputs,,,,,,,,not attempted
KXWNBASECONDTEAM,Women's Pro Basketball Second Team,Basketball,,awards,C,0,0.0,True,,not_attempted,,not_attempted_supported_sport,awards: voting outcomes without as-of inputs,,,,,,,,not attempted
KXNCAAMBSGP,College Basketball Same Game Parlay,Basketball,CBB Tournament,combo_parlay,E,42,3894129.0,True,,not_attempted,,not_attempted_supported_sport,out of scope (derived combination),,,,,,,,not attempted
KXNCAAMB2ML,College Basketball 2-Moneyline Combo,Basketball,CBB Tournament,combo_parlay,E,20,2817083.0,True,,not_attempted,,not_attempted_supported_sport,out of scope (derived combination),,,,,,,,not attempted
KXNBAPREPACK3ML,3ML Basketball Combo,Basketball,Pro Basketball (M),combo_parlay,E,24,930762.0,True,,not_attempted,,not_attempted_supported_sport,out of scope (derived combination),,,,,,,,not attempted
KXNBAPREPACK2ML,2 ML Basketball Combo,Basketball,Pro Basketball (M),combo_parlay,E,36,589142.0,True,,not_attempted,,not_attempted_supported_sport,out of scope (derived combination),,,,,,,,not attempted
KXNBADRAFTPICK,Pro Basketball Draft Pick,Basketball,Pro Basketball Draft,draft,C,399,6463527.21,True,,not_attempted,,not_attempted_supported_sport,draft: consensus mocks not archived as-of,,,,,,,,not attempted
KXNBADRAFT1,NBA Draft First Pick,Basketball,Pro Basketball Draft,draft,C,16,5530038.16,True,,not_attempted,,not_attempted_supported_sport,draft: consensus mocks not archived as-of,,,,,,,,not attempted
KXNBADRAFTTOP,Pro Basketball Top Draft,Basketball,Pro Basketball Draft,draft,C,177,1754954.62,True,,not_attempted,,not_attempted_supported_sport,draft: consensus mocks not archived as-of,,,,,,,,not attempted
KXNBADRAFTTEAM,Pro Basketball Team to Draft,Basketball,Pro Basketball Draft,draft,C,341,1198198.26,True,,not_attempted,,not_attempted_supported_sport,draft: consensus mocks not archived as-of,,,,,,,,not attempted
KXNBATOPPICK,Pro Basketball Draft Lottery Winner,Basketball,Pro Basketball Draft,draft,C,18,872047.58,True,,not_attempted,,not_attempted_supported_sport,draft: consensus mocks not archived as-of,,,,,,,,not attempted
KXNBADRAFTOU,Pro Basketball Players Draft Position,Basketball,Pro Basketball Draft,draft,C,40,546731.99,True,,not_attempted,,not_attempted_supported_sport,draft: consensus mocks not archived as-of,,,,,,,,not attempted
KXNBATOP5ROTY,Top 5 NBA draft ROTY,Basketball,Pro Basketball (M),draft,C,1,527599.17,True,,not_attempted,,not_attempted_supported_sport,draft: consensus mocks not archived as-of,,,,,,,,not attempted
KXNBALOTTERY,NBA Draft Lottery Picks,Basketball,Pro Basketball Draft,draft,C,29,356728.07,True,,not_attempted,,not_attempted_supported_sport,draft: consensus mocks not archived as-of,,,,,,,,not attempted
KXWNBADRAFT1,WNBA Draft 1st Pick,Basketball,Pro Basketball (W),draft,C,15,309597.0,True,,not_attempted,,not_attempted_supported_sport,draft: consensus mocks not archived as-of,,,,,,,,not attempted
KXNBADRAFTTOP5,NBA Draft Top 5 Pick,Basketball,,draft,C,18,180177.0,True,,not_attempted,,not_attempted_supported_sport,draft: consensus mocks not archived as-of,,,,,,,,not attempted
KXWNBADRAFTTOP3,WNBA Draft Top 3,Basketball,Pro Basketball (W),draft,C,15,106592.0,True,,not_attempted,,not_attempted_supported_sport,draft: consensus mocks not archived as-of,,,,,,,,not attempted
KXNBADRAFTCAT,Pro Basketball Draft Category,Basketball,Pro Basketball Draft,draft,C,12,106054.51,True,,not_attempted,,not_attempted_supported_sport,draft: consensus mocks not archived as-of,,,,,,,,not attempted
KXNBADRAFTMATCHUP,Pro Basketball Draft Matchup,Basketball,Pro Basketball Draft,draft,C,12,98805.13,True,,not_attempted,,not_attempted_supported_sport,draft: consensus mocks not archived as-of,,,,,,,,not attempted
KXNBADRAFT3,NBA Draft Third Pick,Basketball,,draft,C,8,97827.0,True,,not_attempted,,not_attempted_supported_sport,draft: consensus mocks not archived as-of,,,,,,,,not attempted
KXWNBADRAFT2,WNBA Draft 2nd Pick,Basketball,Pro Basketball (W),draft,C,6,55410.0,True,,not_attempted,,not_attempted_supported_sport,draft: consensus mocks not archived as-of,,,,,,,,not attempted
KXNBADRAFTTOP10,NBA Draft Top 10 Pick,Basketball,,draft,C,25,55405.0,True,,not_attempted,,not_attempted_supported_sport,draft: consensus mocks not archived as-of,,,,,,,,not attempted
KXNBADRAFT5,NBA Draft Fifth Pick,Basketball,,draft,C,7,53787.0,True,,not_attempted,,not_attempted_supported_sport,draft: consensus mocks not archived as-of,,,,,,,,not attempted
KXNBADRAFT6,NBA Draft Sixth Pick,Basketball,,draft,C,8,49240.0,True,,not_attempted,,not_attempted_supported_sport,draft: consensus mocks not archived as-of,,,,,,,,not attempted
KXNBADRAFT4,NBA Draft Fourth Pick,Basketball,,draft,C,8,43710.0,True,,not_attempted,,not_attempted_supported_sport,draft: consensus mocks not archived as-of,,,,,,,,not attempted
KXNBADRAFTTOP20,NBA Draft Top 20 Pick,Basketball,,draft,C,37,39922.0,True,,not_attempted,,not_attempted_supported_sport,draft: consensus mocks not archived as-of,,,,,,,,not attempted
KXNBADRAFT2,NBA Draft Second Pick,Basketball,,draft,C,5,32267.0,True,,not_attempted,,not_attempted_supported_sport,draft: consensus mocks not archived as-of,,,,,,,,not attempted
KXWNBADRAFT3,WNBA Draft 3rd Pick,Basketball,Pro Basketball (W),draft,C,7,32215.0,True,,not_attempted,,not_attempted_supported_sport,draft: consensus mocks not archived as-of,,,,,,,,not attempted
KXNBADRAFTTOP15,NBA Draft Top 15 Pick,Basketball,,draft,C,33,31083.0,True,,not_attempted,,not_attempted_supported_sport,draft: consensus mocks not archived as-of,,,,,,,,not attempted
KXNBALOTTERYODDS,NBA Lottery Winner Odds,Basketball,Pro Basketball Draft,draft,C,4,25706.72,True,,not_attempted,,not_attempted_supported_sport,draft: consensus mocks not archived as-of,,,,,,,,not attempted
KXNBADRAFT7,NBA Draft Seventh Pick,Basketball,,draft,C,11,23739.0,True,,not_attempted,,not_attempted_supported_sport,draft: consensus mocks not archived as-of,,,,,,,,not attempted
KXWNBADRAFT4,WNBA Draft 4th Pick,Basketball,Pro Basketball (W),draft,C,8,20725.0,True,,not_attempted,,not_attempted_supported_sport,draft: consensus mocks not archived as-of,,,,,,,,not attempted
KXNBADRAFT10,NBA Draft Tenth Pick,Basketball,,draft,C,11,20456.0,True,,not_attempted,,not_attempted_supported_sport,draft: consensus mocks not archived as-of,,,,,,,,not attempted
KXWNBADRAFTTOP5,WNBA Draft Top 5,Basketball,Pro Basketball (W),draft,C,17,20275.0,True,,not_attempted,,not_attempted_supported_sport,draft: consensus mocks not archived as-of,,,,,,,,not attempted
KXNBADRAFT9,NBA Draft Ninth Pick,Basketball,,draft,C,11,15619.0,True,,not_attempted,,not_attempted_supported_sport,draft: consensus mocks not archived as-of,,,,,,,,not attempted
KXNBADRAFTTOP30,NBA Draft Top 30 Pick,Basketball,,draft,C,47,15441.0,True,,not_attempted,,not_attempted_supported_sport,draft: consensus mocks not archived as-of,,,,,,,,not attempted
KXNBADRAFTTOP25,NBA Draft Top 25 Pick,Basketball,,draft,C,39,14453.0,True,,not_attempted,,not_attempted_supported_sport,draft: consensus mocks not archived as-of,,,,,,,,not attempted
KXNBADRAFT8,NBA Draft Eighth Pick,Basketball,,draft,C,9,12220.0,True,,not_attempted,,not_attempted_supported_sport,draft: consensus mocks not archived as-of,,,,,,,,not attempted
KXNBADRAFTCOMP,Pro Basketball Draft Comparison,Basketball,Pro Basketball Draft,draft,C,3,11650.37,True,,not_attempted,,not_attempted_supported_sport,draft: consensus mocks not archived as-of,,,,,,,,not attempted
KXFIRSTPICKNBA,NBA first pick,Basketball,,draft,C,0,0.0,True,,not_attempted,,not_attempted_supported_sport,draft: consensus mocks not archived as-of,,,,,,,,not attempted
KXNBADRAFTCONF,Pro Basketball Players Drafted by Conference,Basketball,,draft,C,0,0.0,True,,not_attempted,,not_attempted_supported_sport,draft: consensus mocks not archived as-of,,,,,,,,not attempted
KXNBADRAFTINT,Pro Basketball International Players Drafted,Basketball,,draft,C,0,0.0,True,,not_attempted,,not_attempted_supported_sport,draft: consensus mocks not archived as-of,,,,,,,,not attempted
KXNBATOP3,Pro Basketball Draft Lottery Top 3,Basketball,,draft,C,0,0.0,True,,not_attempted,,not_attempted_supported_sport,draft: consensus mocks not archived as-of,,,,,,,,not attempted
KXTOP3NBADRAFT,NBA Draft Top 3,Basketball,,draft,C,0,0.0,True,,not_attempted,,not_attempted_supported_sport,draft: consensus mocks not archived as-of,,,,,,,,not attempted
KXSOWBBALLTOTAL,Summer Olympics Women's Basketball Total,Basketball,Olympic Qualifiers (W),field_finish,A,62,27397.53,True,,not_attempted,,not_attempted_supported_sport,no independent results adapter for this competition in Phase 1 (game_winner only via Kalshi-only path),,,,,,,,not attempted
KXSOWBBALLSPREAD,Summer Olympics Women's Basketball Spread,Basketball,Olympic Qualifiers (W),field_finish,A,72,23666.95,True,,not_attempted,,not_attempted_supported_sport,no independent results adapter for this competition in Phase 1 (game_winner only via Kalshi-only path),,,,,,,,not attempted
KXBBALLTEAMUSA,Summer Olympics USA Men's Basketball Team,Basketball,Pro Basketball (M),field_finish,A,40,15050.9,True,,not_attempted,,not_attempted_supported_sport,no independent results adapter for this competition in Phase 1 (game_winner only via Kalshi-only path),,,,,,,,not attempted
KXWNBAH2HPTS,Women's Pro Basketball Head to Head Points,Basketball,Pro Basketball (W),field_finish,A,2,3782.04,True,,not_attempted,,not_attempted_supported_sport,no independent results adapter for this competition in Phase 1 (game_winner only via Kalshi-only path),,,,,,,,not attempted
KXNCAAMBBIGTENREGTOP,Men's College Basketball Big Ten Regular Season Top Finishers,Basketball,College Basketball (M),field_finish,A,5,546.33,True,,not_attempted,,not_attempted_supported_sport,no independent results adapter for this competition in Phase 1 (game_winner only via Kalshi-only path),,,,,,,,not attempted
KXNCAAMBACCREGTOP,Men's College Basketball ACC Regular Season Top Finishers,Basketball,College Basketball (M),field_finish,A,7,467.09,True,,not_attempted,,not_attempted_supported_sport,no independent results adapter for this competition in Phase 1 (game_winner only via Kalshi-only path),,,,,,,,not attempted
KXNCAAMBSECREGTOP,Men's College Basketball SEC Regular Season Top Finishers,Basketball,College Basketball (M),field_finish,A,8,345.92,True,,not_attempted,,not_attempted_supported_sport,no independent results adapter for this competition in Phase 1 (game_winner only via Kalshi-only path),,,,,,,,not attempted
KXNCAAMBBIG12REGTOP,Men's College Basketball Big 12 Regular Season Top Finishers,Basketball,College Basketball (M),field_finish,A,6,160.64,True,,not_attempted,,not_attempted_supported_sport,no independent results adapter for this competition in Phase 1 (game_winner only via Kalshi-only path),,,,,,,,not attempted
KXNCAAMBBIGEASTREGTOP,Men's College Basketball Big East Regular Season Top Finishers,Basketball,College Basketball (M),field_finish,A,4,125.07,True,,not_attempted,,not_attempted_supported_sport,no independent results adapter for this competition in Phase 1 (game_winner only via Kalshi-only path),,,,,,,,not attempted
KXBBALLUSACOACH,Summer Olympics USA Men's Basketball Head Coach,Basketball,,field_finish,A,0,0.0,True,,not_attempted,,not_attempted_supported_sport,no traded markets,,,,,,,,not attempted
KXNCAAMBBIG10REGTOP,Men's College Basketball Big Ten Regular Season Top Finishers,Basketball,,field_finish,A,0,0.0,True,,not_attempted,,not_attempted_supported_sport,no traded markets,,,,,,,,not attempted
KXNBAGAME,NBA Game,Basketball,Pro Basketball (M),game_winner,A,2990,11708973686.09,True,nba,independent_outcomes,strict,strict_evaluated,,3010,2804,1154/1154,2804/2804,0,1650,825,evaluated
KXNCAAMBGAME,Men's College Basketball Men's Game,Basketball,College Basketball (M),game_winner,A,10560,5936932933.0,True,ncaamb,independent_outcomes,strict,strict_evaluated,,10566,10267,3219/3221,10265/10267,0,7046,3513,evaluated
KXWNBAGAME,Women's Pro Basketball Game,Basketball,Pro Basketball (W),game_winner,A,1352,1275872589.12,True,wnba,independent_outcomes,strict,strict_evaluated,,1316,1286,594/594,1286/1286,0,688,343,evaluated
KXNCAAWBGAME,College Basketball Women's Game,Basketball,College Basketball (W),game_winner,A,8154,688845806.0,True,ncaawb,independent_outcomes,strict,strict_evaluated,,8156,8010,1678/1678,8010/8010,0,6332,3166,evaluated
KXNBASUMMERGAME,Pro Basketball Summer League Game,Basketball,Pro Basketball Summer League,game_winner,A,188,207708112.16,True,k_kxnbasummergame,kalshi_settlement_only,kalshi_settlement_only,kalshi_settlement_only_evaluated,,188,186,,,0,186,93,evaluated
KXEUROLEAGUEGAME,Euroleague Game,Basketball,Euroleague,game_winner,A,689,118780299.09,True,k_kxeuroleaguegame,kalshi_settlement_only,kalshi_settlement_only,kalshi_settlement_only_evaluated,,694,682,,,0,496,248,evaluated
KXWMARMAD,March Tournament (W),Basketball,CBB Tournament (W),game_winner,A,287,110145417.02,True,k_kxwmarmad,kalshi_settlement_only,kalshi_settlement_only,no_test_contracts,no scored contracts in the test window,519,64,,,0,0,0,no test-period contracts
KXCBAGAME,Chinese Basketball Association Game ,Basketball,Chinese Basketball Association,game_winner,A,904,79832362.21,True,k_kxcbagame,kalshi_settlement_only,kalshi_settlement_only,kalshi_settlement_only_evaluated,,918,892,,,0,732,366,evaluated
KXFIBAGAME,FIBA Game,Basketball,FIBA World Cup Qualifiers,game_winner,A,470,37023544.11,True,k_kxfibagame,kalshi_settlement_only,kalshi_settlement_only,kalshi_settlement_only_evaluated,,470,462,,,0,462,231,evaluated
KXNBLGAME,Australia NBL Game,Basketball,NBL Australia,game_winner,A,261,37006192.89,True,k_kxnblgame,kalshi_settlement_only,kalshi_settlement_only,kalshi_settlement_only_evaluated,,272,258,,,0,186,93,evaluated
KXJBLEAGUEGAME,Japan B League Game,Basketball,Japan B League,game_winner,A,742,35200348.33,True,k_kxjbleaguegame,kalshi_settlement_only,kalshi_settlement_only,kalshi_settlement_only_evaluated,,742,740,,,0,740,370,evaluated
KXKBLGAME,Korea KBL Game,Basketball,South Korea KBL,game_winner,A,266,29922009.54,True,k_kxkblgame,kalshi_settlement_only,kalshi_settlement_only,kalshi_settlement_only_evaluated,,266,266,,,0,266,133,evaluated
KXBBLGAME,Bundesliga Basketball Game,Basketball,Germany BBL,game_winner,A,406,23508485.01,True,k_kxbblgame,kalshi_settlement_only,kalshi_settlement_only,kalshi_settlement_only_evaluated,,422,404,,,0,404,202,evaluated
KXEUROCUPGAME,EuroCup Basketball Game,Basketball,EuroCup,game_winner,A,262,20957716.66,True,k_kxeurocupgame,kalshi_settlement_only,kalshi_settlement_only,kalshi_settlement_only_evaluated,,262,258,,,0,178,89,evaluated
KXLNBPGAME,LNBP Basketball Game,Basketball,Mexico LNBP,game_winner,A,410,16622532.41,True,k_kxlnbpgame,kalshi_settlement_only,kalshi_settlement_only,kalshi_settlement_only_evaluated,,382,382,,,0,354,177,evaluated
KXACBGAME,Spain Liga ACB Game,Basketball,Spain Liga ACB,game_winner,A,354,14009739.55,True,k_kxacbgame,kalshi_settlement_only,kalshi_settlement_only,kalshi_settlement_only_evaluated,,370,348,,,0,348,174,evaluated
KXBSLGAME,Turkey BSL Game,Basketball,Turkey BSL,game_winner,A,274,11899410.26,True,k_kxbslgame,kalshi_settlement_only,kalshi_settlement_only,kalshi_settlement_only_evaluated,,290,256,,,0,256,125,evaluated
KXLNBELITEGAME,LNB Elite Game,Basketball,LNB Elite,game_winner,A,335,10681586.73,True,k_kxlnbelitegame,kalshi_settlement_only,kalshi_settlement_only,kalshi_settlement_only_evaluated,,352,332,,,0,332,166,evaluated
KXWFIBAGAME,Women's FIBA Game,Basketball,FIBA World Cup (W),game_winner,A,72,9241694.88,True,k_kxwfibagame,kalshi_settlement_only,kalshi_settlement_only,kalshi_settlement_only_evaluated,,72,72,,,0,72,36,evaluated
KXISLGAME,Israel Super League Game,Basketball,Israeli Super League,game_winner,A,197,9101779.3,True,k_kxislgame,kalshi_settlement_only,kalshi_settlement_only,kalshi_settlement_only_evaluated,,246,186,,,0,186,92,evaluated
KXABAGAME,Adriatic ABA Game,Basketball,Adriatic ABA League,game_winner,A,247,7906646.28,True,k_kxabagame,kalshi_settlement_only,kalshi_settlement_only,kalshi_settlement_only_evaluated,,272,232,,,0,232,116,evaluated
KXVTBGAME,Russia VTB United Game,Basketball,Russia VTB United League,game_winner,A,253,7344519.88,True,k_kxvtbgame,kalshi_settlement_only,kalshi_settlement_only,kalshi_settlement_only_evaluated,,260,248,,,0,240,120,evaluated
KXBBSERIEAGAME,Italy Serie A Game,Basketball,Italy Serie A,game_winner,A,246,5879356.07,True,k_kxbbserieagame,kalshi_settlement_only,kalshi_settlement_only,kalshi_settlement_only_evaluated,,262,246,,,0,246,123,evaluated
KXGBLGAME,GBL Basketball Game,Basketball,Greek Basketball League,game_winner,A,138,4843090.57,True,k_kxgblgame,kalshi_settlement_only,kalshi_settlement_only,kalshi_settlement_only_evaluated,,140,136,,,0,136,68,evaluated
KXNZNBLGAME,New Zealand NBL Game,Basketball,New Zealand NBL,game_winner,A,200,3712569.64,True,k_kxnznblgame,kalshi_settlement_only,kalshi_settlement_only,kalshi_settlement_only_evaluated,,200,200,,,0,200,100,evaluated
KXBSNGAME,Puerto Rico BSN Basketball Game,Basketball,BSN Puerto Rico,game_winner,A,263,2889933.33,True,k_kxbsngame,kalshi_settlement_only,kalshi_settlement_only,kalshi_settlement_only_evaluated,,258,254,,,0,254,127,evaluated
KXNCAAMBCBC,Men's College Basketball Crown Winner,Basketball,College Basketball Crown,game_winner,A,8,2874894.0,True,k_kxncaambcbc,kalshi_settlement_only,kalshi_settlement_only,no_test_contracts,no scored contracts in the test window,8,0,,,0,0,0,no test-period contracts
KXFIBAECUPGAME,FIBA Europe Cup Game,Basketball,FIBA Europe Cup,game_winner,A,74,2827993.37,True,k_kxfibaecupgame,kalshi_settlement_only,kalshi_settlement_only,kalshi_settlement_only_evaluated,,90,74,,,0,74,37,evaluated
KXARGLNBGAME,Liga Nacional de Basquetbol Game,Basketball,Liga Nacional de Basquetbol,game_winner,A,451,2137590.76,True,k_kxarglnbgame,kalshi_settlement_only,kalshi_settlement_only,kalshi_settlement_only_evaluated,,468,460,,,0,460,230,evaluated
KXPBAGAME,Philippines PBA Game,Basketball,Philippines PBA,game_winner,A,80,1567175.85,True,k_kxpbagame,kalshi_settlement_only,kalshi_settlement_only,kalshi_settlement_only_evaluated,,64,60,,,0,60,30,evaluated
KXNBBGAME,Brazil NBB Basketball Game,Basketball,NBB Brazil,game_winner,A,20,1563417.08,True,k_kxnbbgame,kalshi_settlement_only,kalshi_settlement_only,kalshi_settlement_only_evaluated,,20,20,,,0,20,10,evaluated
KXVBAGAME,Vietnam VBA Game,Basketball,Vietnam VBA,game_winner,A,134,1364386.93,True,k_kxvbagame,kalshi_settlement_only,kalshi_settlement_only,kalshi_settlement_only_evaluated,,128,128,,,0,128,64,evaluated
KXNCAAMBMAA,Metro Atlantic Conference Tournament,Basketball,College Basketball (M),game_winner,A,10,1284515.3,True,ncaamb,excluded_spec,,excluded_spec,no payoff parser for suffix 'MAA',0,0,,,0,0,0,excluded
KXPLKGAME,Poland PLK Game,Basketball,Poland PLK,game_winner,A,28,1208229.72,True,k_kxplkgame,kalshi_settlement_only,kalshi_settlement_only,kalshi_settlement_only_evaluated,,28,28,,,0,28,14,evaluated
KXWNBA3PTCONTEST,Women's Pro Basketball 3-Point Contest,Basketball,Pro Basketball (W),game_winner,A,6,1125650.74,True,wnba,excluded_spec,,excluded_spec,no payoff parser for suffix '3PTCONTEST',0,0,,,0,0,0,excluded
KXTATUMRETURN,When Will Jayson Tatum Play His Next Game,Basketball,Pro Basketball (M),game_winner,A,12,726892.0,True,k_kxtatumreturn,kalshi_settlement_only,kalshi_settlement_only,no_test_contracts,no scored contracts in the test window,12,0,,,0,0,0,no test-period contracts
KXBILGAME,Ball is Life Basketball Game,Basketball,Ballislife,game_winner,A,12,656645.02,True,k_kxbilgame,kalshi_settlement_only,kalshi_settlement_only,no_test_contracts,no scored contracts in the test window,14,0,,,0,0,0,no test-period contracts
KXSPBGAME,Venezuela Superliga Game,Basketball,Venezuela Superliga,game_winner,A,34,448533.19,True,k_kxspbgame,kalshi_settlement_only,kalshi_settlement_only,kalshi_settlement_only_evaluated,,34,34,,,0,34,17,evaluated
KXNBAALLSTAR,NBA All-Star game,Basketball,,game_winner,A,4,404695.0,True,k_kxnbaallstar,kalshi_settlement_only,kalshi_settlement_only,no_test_contracts,no scored contracts in the test window,4,0,,,0,0,0,no test-period contracts
KXBBSERIEBGAME,Italy Serie B Basketball Game,Basketball,Italy Serie B,game_winner,A,38,373637.05,True,k_kxbbseriebgame,kalshi_settlement_only,kalshi_settlement_only,kalshi_settlement_only_evaluated,,38,38,,,0,38,19,evaluated
KXTBTGAME,TBT Hoops Game,Basketball,TBT Hoops,game_winner,A,38,350640.08,True,k_kxtbtgame,kalshi_settlement_only,kalshi_settlement_only,kalshi_settlement_only_evaluated,,44,42,,,0,42,21,evaluated
KXSOWBBALLGAME,Summer Olympics Women's Basketball Game,Basketball,Olympic Qualifiers (W),game_winner,A,30,288030.35,True,k_kxsowbballgame,kalshi_settlement_only,kalshi_settlement_only,kalshi_settlement_only_evaluated,,30,30,,,0,30,15,evaluated
KXUNRIVALEDGAME,Unrivaled Basketball Game,Basketball,Unrivaled,game_winner,A,82,253702.0,True,k_kxunrivaledgame,kalshi_settlement_only,kalshi_settlement_only,kalshi_settlement_only_evaluated,,82,66,,,0,66,33,evaluated
KXLPBGAME,Portugal LPB Game,Basketball,Portugal LPB,game_winner,A,14,227066.21,True,k_kxlpbgame,kalshi_settlement_only,kalshi_settlement_only,kalshi_settlement_only_evaluated,,14,14,,,0,14,7,evaluated
KXKORISLIIGAGAME,Finland Korisliiga Game,Basketball,Finland Korisliiga,game_winner,A,35,204024.78,True,k_kxkorisliigagame,kalshi_settlement_only,kalshi_settlement_only,kalshi_settlement_only_evaluated,,42,32,,,0,22,11,evaluated
KXBBINTLGAME,International Friendly Game,Basketball,International Friendlies,game_winner,A,21,183973.38,True,k_kxbbintlgame,kalshi_settlement_only,kalshi_settlement_only,kalshi_settlement_only_evaluated,,22,22,,,0,22,11,evaluated
KXJUDGEMENTDAYGAME,Ballislife x OTD | Judgement Day 1v1 Game,Basketball,Ballislife x OTD | Judgement Day,game_winner,A,12,179008.0,True,k_kxjudgementdaygame,kalshi_settlement_only,kalshi_settlement_only,no_test_contracts,no scored contracts in the test window,12,0,,,0,0,0,no test-period contracts
KXCZENBLGAME,Czech NBL Game,Basketball,Czech NBL,game_winner,A,52,162831.76,True,k_kxczenblgame,kalshi_settlement_only,kalshi_settlement_only,kalshi_settlement_only_evaluated,,54,48,,,0,48,24,evaluated
KXLKLGAME,LKL Lithuania Game,Basketball,Lithuania LKL,game_winner,A,26,157252.53,True,k_kxlklgame,kalshi_settlement_only,kalshi_settlement_only,kalshi_settlement_only_evaluated,,28,24,,,0,24,12,evaluated
KXBALGAME,Basketball Africa League Game,Basketball,Basketball Africa League,game_winner,A,76,136917.31,True,k_kxbalgame,kalshi_settlement_only,kalshi_settlement_only,kalshi_settlement_only_evaluated,,76,74,,,0,74,37,evaluated
KXCEBLGAME,Canadian Elite Basketball League Game,Basketball,Canada CEBL,game_winner,A,56,121733.36,True,k_kxceblgame,kalshi_settlement_only,kalshi_settlement_only,kalshi_settlement_only_evaluated,,38,36,,,0,36,18,evaluated
KXSKLGAME,Slovenia 1. SKL Game,Basketball,Slovenia 1. SKL,game_winner,A,23,109919.51,True,k_kxsklgame,kalshi_settlement_only,kalshi_settlement_only,kalshi_settlement_only_evaluated,,26,22,,,0,20,10,evaluated
KXBIG3GAME,Big 3 Basketball Game,Basketball,BIG3,game_winner,A,74,108117.06,True,k_kxbig3game,kalshi_settlement_only,kalshi_settlement_only,kalshi_settlement_only_evaluated,,70,70,,,0,70,35,evaluated
KXLNBELITE2GAME,LNB Elite 2 Game,Basketball,LNB Elite 2,game_winner,A,45,93009.41,True,k_kxlnbelite2game,kalshi_settlement_only,kalshi_settlement_only,kalshi_settlement_only_evaluated,,58,40,,,0,40,20,evaluated
KXWNBASSTARS,Women's Pro Basketball Shooting Stars Contest,Basketball,Pro Basketball (W),game_winner,A,4,80544.01,True,wnba,excluded_spec,,excluded_spec,no payoff parser for suffix 'SSTARS',0,0,,,0,0,0,excluded
KXAUTBSLGAME,Austria BSL Game,Basketball,Austria BSL,game_winner,A,32,72534.8,True,k_kxautbslgame,kalshi_settlement_only,kalshi_settlement_only,kalshi_settlement_only_evaluated,,34,30,,,0,30,15,evaluated
KXBILBASKETBALL,Ball is Life Basketball Game,Basketball,Ball is Life,game_winner,A,18,71067.56,True,k_kxbilbasketball,kalshi_settlement_only,kalshi_settlement_only,no_test_contracts,no scored contracts in the test window,18,0,,,0,0,0,no test-period contracts
KXDBBGAME,Deutscher Basketball Bund (DBB) Game,Basketball,DBB Basketball Supercup,game_winner,A,8,66596.97,True,k_kxdbbgame,kalshi_settlement_only,kalshi_settlement_only,kalshi_settlement_only_evaluated,,8,8,,,0,8,4,evaluated
KXSBLGAME,Slovakia SBL Game,Basketball,Slovakia SBL,game_winner,A,37,60992.34,True,k_kxsblgame,kalshi_settlement_only,kalshi_settlement_only,kalshi_settlement_only_evaluated,,44,32,,,0,30,15,evaluated
KXPHKLGAME,Croatia Premijer Liga Game,Basketball,Croatia Premijer Liga,game_winner,A,29,50826.71,True,k_kxphklgame,kalshi_settlement_only,kalshi_settlement_only,kalshi_settlement_only_evaluated,,34,24,,,0,24,12,evaluated
KXLBPGAME,Colombia LBP Basketball Game,Basketball,LBP Colombia,game_winner,A,20,48328.1,True,k_kxlbpgame,kalshi_settlement_only,kalshi_settlement_only,kalshi_settlement_only_evaluated,,20,20,,,0,20,10,evaluated
KXSESBLGAME,Sweden SBL Game,Basketball,Swedish Basketball League,game_winner,A,30,40755.86,True,k_kxsesblgame,kalshi_settlement_only,kalshi_settlement_only,kalshi_settlement_only_evaluated,,38,28,,,0,28,14,evaluated
KXBBSERIEA2GAME,Italy Serie A2 Game,Basketball,Italy Serie A2,game_winner,A,40,38756.16,True,k_kxbbseriea2game,kalshi_settlement_only,kalshi_settlement_only,kalshi_settlement_only_evaluated,,40,40,,,0,40,20,evaluated
KXBDSFTCHALLENGE,Bob Does Sports Free Throw Challenge,Basketball,Bob Does Sports,game_winner,A,1,37948.18,True,k_kxbdsftchallenge,kalshi_settlement_only,kalshi_settlement_only,no_test_contracts,no scored contracts in the test window,1,0,,,0,0,0,no test-period contracts
KXSLBGAME,England Super League Basketball Game,Basketball,England Super League,game_winner,A,23,30742.27,True,k_kxslbgame,kalshi_settlement_only,kalshi_settlement_only,kalshi_settlement_only_evaluated,,28,20,,,0,20,10,evaluated
KXOTDBASKETBALL,Off The Dribble Basketball,Basketball,Off The Dribble,game_winner,A,16,27209.92,True,k_kxotdbasketball,kalshi_settlement_only,kalshi_settlement_only,no_test_contracts,no scored contracts in the test window,17,0,,,0,0,0,no test-period contracts
KXTNCBASKETBALL,TNC Basketball,Basketball,The Next Chapter (TNC x FST),game_winner,A,18,4921.93,True,k_kxtncbasketball,kalshi_settlement_only,kalshi_settlement_only,no_test_contracts,no scored contracts in the test window,24,0,,,0,0,0,no test-period contracts
KXBBWSERIEAGAME,Italy Serie A (W) Game,Basketball,,game_winner,A,0,0.0,True,,not_attempted,,not_attempted_supported_sport,no traded markets,,,,,,,,not attempted
KXBIHD1GAME,Bosnia Division I Game,Basketball,,game_winner,A,0,0.0,True,,not_attempted,,not_attempted_supported_sport,no traded markets,,,,,,,,not attempted
KXBNXTDGAME,BNXT Dutch League Game,Basketball,,game_winner,A,0,0.0,True,,not_attempted,,not_attempted_supported_sport,no traded markets,,,,,,,,not attempted
KXBNXTGAME,BNXT League Game,Basketball,,game_winner,A,0,0.0,True,,not_attempted,,not_attempted_supported_sport,no traded markets,,,,,,,,not attempted
KXDBBFGAME,Denmark Basketligaen Game,Basketball,,game_winner,A,0,0.0,True,,not_attempted,,not_attempted_supported_sport,no traded markets,,,,,,,,not attempted
KXDBBSUPERGAME,DBB Supercup Game,Basketball,,game_winner,A,0,0.0,True,,not_attempted,,not_attempted_supported_sport,no traded markets,,,,,,,,not attempted
KXEUROBASKETGAME,EuroBasket Game,Basketball,,game_winner,A,0,0.0,True,,not_attempted,,not_attempted_supported_sport,no traded markets,,,,,,,,not attempted
KXFBUGAME,Ukraine SuperLeague Game,Basketball,,game_winner,A,0,0.0,True,,not_attempted,,not_attempted_supported_sport,no traded markets,,,,,,,,not attempted
KXIBPLGAME,Men's Iceland Basketball Premier League Game,Basketball,,game_winner,A,0,0.0,True,,not_attempted,,not_attempted_supported_sport,no traded markets,,,,,,,,not attempted
KXKLSGAME,Serbia KLS Game,Basketball,,game_winner,A,0,0.0,True,,not_attempted,,not_attempted_supported_sport,no traded markets,,,,,,,,not attempted
KXKMLGAME,Estonia KML Game,Basketball,,game_winner,A,0,0.0,True,,not_attempted,,not_attempted_supported_sport,no traded markets,,,,,,,,not attempted
KXLBLGAME,Latvia LBL Game,Basketball,,game_winner,A,0,0.0,True,,not_attempted,,not_attempted_supported_sport,no traded markets,,,,,,,,not attempted
KXNBIGAME,Hungary NB I. A Game,Basketball,,game_winner,A,0,0.0,True,,not_attempted,,not_attempted_supported_sport,no traded markets,,,,,,,,not attempted
KXNCAABGAME,College Basketball Game,Basketball,,game_winner,A,0,0.0,True,,not_attempted,,not_attempted_supported_sport,no traded markets,,,,,,,,not attempted
KXNCAAMBD3GAME,Men's College Basketball D3 Game,Basketball,College Basketball (M),game_winner,A,0,0.0,True,ncaamb,excluded_spec,,excluded_spec,no payoff parser for suffix 'D3GAME',0,0,,,0,0,0,excluded
KXPLEAGUEGAME,Taiwan P. League+,Basketball,,game_winner,A,0,0.0,True,,not_attempted,,not_attempted_supported_sport,no traded markets,,,,,,,,not attempted
KXSOBBALLGAME,Summer Olympics Men's Basketball Game,Basketball,,game_winner,A,0,0.0,True,,not_attempted,,not_attempted_supported_sport,no traded markets,,,,,,,,not attempted
KXWCBAGAME,China CBA (W) Game,Basketball,,game_winner,A,0,0.0,True,,not_attempted,,not_attempted_supported_sport,no traded markets,,,,,,,,not attempted
KXWDBBLGAME,Women's Bundesliga Basketball Game,Basketball,,game_winner,A,0,0.0,True,,not_attempted,,not_attempted_supported_sport,no traded markets,,,,,,,,not attempted
KXWEUROBASKETGAME,EuroBasket (W) Game,Basketball,,game_winner,A,0,0.0,True,,not_attempted,,not_attempted_supported_sport,no traded markets,,,,,,,,not attempted
KXWEUROLEAGUEGAME,EuroLeague (W) Game,Basketball,,game_winner,A,0,0.0,True,,not_attempted,,not_attempted_supported_sport,no traded markets,,,,,,,,not attempted
KXWIBPLGAME,Women's Iceland Premier League Game,Basketball,,game_winner,A,0,0.0,True,,not_attempted,,not_attempted_supported_sport,no traded markets,,,,,,,,not attempted
KXWKBLGAME,Korea KBL (W) Game,Basketball,,game_winner,A,0,0.0,True,,not_attempted,,not_attempted_supported_sport,no traded markets,,,,,,,,not attempted
KXWNBLGAME,NBL Australia (W) Game,Basketball,,game_winner,A,0,0.0,True,,not_attempted,,not_attempted_supported_sport,no traded markets,,,,,,,,not attempted
KXWSBLGAME,Sweden SBL Game,Basketball,,game_winner,A,0,0.0,True,,not_attempted,,not_attempted_supported_sport,no traded markets,,,,,,,,not attempted
KXWSESBLGAME,Women's Sweden SBL Game,Basketball,,game_winner,A,0,0.0,True,,not_attempted,,not_attempted_supported_sport,no traded markets,,,,,,,,not attempted
KXNBAPTSLEADER,NBA Game Points Leader,Basketball,Pro Basketball (M),league_leaders,C,627,2006603.44,True,,not_attempted,,not_attempted_supported_sport,league leaders: one outcome per stat-season,,,,,,,,not attempted
KXLEADERNBA3PT,NBA 3PG Leader,Basketball,Pro Basketball (M),league_leaders,C,12,471322.0,True,,not_attempted,,not_attempted_supported_sport,league leaders: one outcome per stat-season,,,,,,,,not attempted
KXLEADERNBASTL,NBA SPG Leader,Basketball,Pro Basketball (M),league_leaders,C,22,292608.0,True,,not_attempted,,not_attempted_supported_sport,league leaders: one outcome per stat-season,,,,,,,,not attempted
KXLEADERNBAREB,NBA RPG Leader,Basketball,Pro Basketball (M),league_leaders,C,11,161205.0,True,,not_attempted,,not_attempted_supported_sport,league leaders: one outcome per stat-season,,,,,,,,not attempted
KXLEADERNBAAST,NBA APG Leader,Basketball,Pro Basketball (M),league_leaders,C,9,109745.0,True,,not_attempted,,not_attempted_supported_sport,league leaders: one outcome per stat-season,,,,,,,,not attempted
KXLEADERNBABLK,NBA BPG Leader,Basketball,Pro Basketball (M),league_leaders,C,10,101161.0,True,,not_attempted,,not_attempted_supported_sport,league leaders: one outcome per stat-season,,,,,,,,not attempted
KXLEADERNBAPTS,NBA PPG Leader,Basketball,Pro Basketball (M),league_leaders,C,15,94048.0,True,,not_attempted,,not_attempted_supported_sport,league leaders: one outcome per stat-season,,,,,,,,not attempted
KXWNBAGAMESPLAYED,WNBA Games Played in a Season,Basketball,Pro Basketball (W),league_leaders,C,7,85799.06,True,,not_attempted,,not_attempted_supported_sport,league leaders: one outcome per stat-season,,,,,,,,not attempted
KXLEADERWNBAAST,WNBA APG Leader,Basketball,Pro Basketball (W),league_leaders,C,15,70280.94,True,,not_attempted,,not_attempted_supported_sport,league leaders: one outcome per stat-season,,,,,,,,not attempted
KXLEADERWNBAREB,WNBA RPG Leader,Basketball,Pro Basketball (W),league_leaders,C,12,63935.93,True,,not_attempted,,not_attempted_supported_sport,league leaders: one outcome per stat-season,,,,,,,,not attempted
KXWNBADUNK,Women's Pro Basketball Player to Dunk,Basketball,Pro Basketball (W),league_leaders,C,1,37973.8,True,,not_attempted,,not_attempted_supported_sport,league leaders: one outcome per stat-season,,,,,,,,not attempted
KXLEADERWNBAPTS,WNBA PPG Leader,Basketball,Pro Basketball (W),league_leaders,C,15,28277.59,True,,not_attempted,,not_attempted_supported_sport,league leaders: one outcome per stat-season,,,,,,,,not attempted
KXWNBA40PTS,Women's Pro Basketball Player to Score 40 Points,Basketball,Pro Basketball (W),league_leaders,C,1,18604.47,True,,not_attempted,,not_attempted_supported_sport,league leaders: one outcome per stat-season,,,,,,,,not attempted
KXNBAGAMESPECIALS,Pro Basketball Game Specials,Basketball,Pro Basketball (M),league_leaders,C,4,180.04,True,,not_attempted,,not_attempted_supported_sport,league leaders: one outcome per stat-season,,,,,,,,not attempted
KXWNBAPTSRECORD,Women's Pro Basketball Single-Game Scoring Record,Basketball,Pro Basketball (W),league_leaders,C,1,134.22,True,,not_attempted,,not_attempted_supported_sport,league leaders: one outcome per stat-season,,,,,,,,not attempted
KXNBAGAMEHIGHSCORE,NBA Highest Scoring Game of the Season,Basketball,Pro Basketball (M),league_leaders,C,0,0.0,True,,not_attempted,,not_attempted_supported_sport,league leaders: one outcome per stat-season,,,,,,,,not attempted
KXNBAPLAYERSPECIALS,Pro Basketball Player Specials,Basketball,,league_leaders,C,0,0.0,True,,not_attempted,,not_attempted_supported_sport,league leaders: one outcome per stat-season,,,,,,,,not attempted
KXNBASTATAVG,NBA Player Stat Average,Basketball,Pro Basketball (M),league_leaders,C,0,0.0,True,,not_attempted,,not_attempted_supported_sport,league leaders: one outcome per stat-season,,,,,,,,not attempted
KXQUADRUPLEDOUBLE,Quadruple Double,Basketball,Pro Basketball (M),other_novelty,E,1,2186507.06,True,,not_attempted,,not_attempted_supported_sport,out of scope (novelty),,,,,,,,not attempted
KXMANTISFREETHROWS,MANTIS FREE THROWS,Basketball,,other_novelty,E,19,99361.0,True,,not_attempted,,not_attempted_supported_sport,out of scope (novelty),,,,,,,,not attempted
KXBDS3PT,Bob Does Sports 3pt Shootout,Basketball,Bob Does Sports,other_novelty,E,1,74439.47,True,,not_attempted,,not_attempted_supported_sport,out of scope (novelty),,,,,,,,not attempted
KXSTEPHDEAL,Steph Curry Endorsement Deal,Basketball,Pro Basketball (M),other_novelty,E,1,40689.03,True,,not_attempted,,not_attempted_supported_sport,out of scope (novelty),,,,,,,,not attempted
KXKNUEPPEL3PTREC,Kon Knueppel Rookie 3pt Record,Basketball,Pro Basketball (M),other_novelty,E,17,36389.0,True,,not_attempted,,not_attempted_supported_sport,out of scope (novelty),,,,,,,,not attempted
KXNBAFINALSVIEWERGAME7,NBA finals viewership,Basketball,,other_novelty,E,12,28577.0,True,,not_attempted,,not_attempted_supported_sport,out of scope (novelty),,,,,,,,not attempted
KXWNBANEXTCOMMISH,Women's Pro Basketball Next Commissioner,Basketball,Pro Basketball (W),other_novelty,E,33,17368.91,True,,not_attempted,,not_attempted_supported_sport,out of scope (novelty),,,,,,,,not attempted
KXWNBA7FIGS,7 Figure WNBA salary,Basketball,,other_novelty,E,1,11600.0,True,,not_attempted,,not_attempted_supported_sport,out of scope (novelty),,,,,,,,not attempted
KXSPORTSIGNAHOR,Al Horford,Basketball,Pro Basketball (M),other_novelty,E,4,9139.0,True,,not_attempted,,not_attempted_supported_sport,out of scope (novelty),,,,,,,,not attempted
KXWNBALAWSUIT,Women's Pro Basketball Lawsuit,Basketball,Pro Basketball (W),other_novelty,E,1,4345.9,True,,not_attempted,,not_attempted_supported_sport,out of scope (novelty),,,,,,,,not attempted
KXNBANEXTGOVERNOR,Pro Basketball Next Governor,Basketball,Pro Basketball (M),other_novelty,E,3,2883.12,True,,not_attempted,,not_attempted_supported_sport,out of scope (novelty),,,,,,,,not attempted
KXNBAPLAYERDEAL,Next Pro Basketball Brand Deal,Basketball,Pro Basketball (M),other_novelty,E,1,2446.47,True,,not_attempted,,not_attempted_supported_sport,out of scope (novelty),,,,,,,,not attempted
KXJCOLECBA,J Cole CBA,Basketball,Chinese Basketball Association,other_novelty,E,1,1698.23,True,,not_attempted,,not_attempted_supported_sport,out of scope (novelty),,,,,,,,not attempted
KXNBAFINALSVIEWER,NBA finals viewership,Basketball,,other_novelty,E,2,1253.0,True,,not_attempted,,not_attempted_supported_sport,out of scope (novelty),,,,,,,,not attempted
KXNBARULE,Pro Basketball Rule,Basketball,Pro Basketball (M),other_novelty,E,1,26.0,True,,not_attempted,,not_attempted_supported_sport,out of scope (novelty),,,,,,,,not attempted
KXCHRISTMASHORNETS,Christmas Hornets,Basketball,,other_novelty,E,0,0.0,True,,not_attempted,,not_attempted_supported_sport,out of scope (novelty),,,,,,,,not attempted
KXNBALASVEGAS,Las Vegas NBA team,Basketball,,other_novelty,E,0,0.0,True,,not_attempted,,not_attempted_supported_sport,out of scope (novelty),,,,,,,,not attempted
KXNBATEAMSALE,Pro Basketball Team to be Sold,Basketball,Pro Basketball (M),other_novelty,E,0,0.0,True,,not_attempted,,not_attempted_supported_sport,out of scope (novelty),,,,,,,,not attempted
KXNEXTTEAMNBA,Next NBA Team,Basketball,Pro Basketball (M),personnel_ops,E,887,260838002.9,True,,not_attempted,,not_attempted_supported_sport,out of scope (non-sporting outcome),,,,,,,,not attempted
KXNEXTTEAMGIANNIS,Giannis next team,Basketball,Pro Basketball (M),personnel_ops,E,53,23634829.0,True,,not_attempted,,not_attempted_supported_sport,out of scope (non-sporting outcome),,,,,,,,not attempted
KXNCAAMBNEXTCOACH,Men's College Basketball Next Coach,Basketball,College Basketball (M),personnel_ops,E,120,5566173.58,True,,not_attempted,,not_attempted_supported_sport,out of scope (non-sporting outcome),,,,,,,,not attempted
KXNBATEAMANNOUNCE,Pro Basketball New Team Announce,Basketball,Pro Basketball (M),personnel_ops,E,26,4430073.2,True,,not_attempted,,not_attempted_supported_sport,out of scope (non-sporting outcome),,,,,,,,not attempted
KXLBJRETIRE,LBJ Retire,Basketball,Pro Basketball (M),personnel_ops,E,1,3254035.82,True,,not_attempted,,not_attempted_supported_sport,out of scope (non-sporting outcome),,,,,,,,not attempted
KXNBATRADE,Pro Basketball Trade,Basketball,Pro Basketball (M),personnel_ops,E,92,2401984.69,True,,not_attempted,,not_attempted_supported_sport,out of scope (non-sporting outcome),,,,,,,,not attempted
KXNEXTNBACOACH,Who is the Next NBA Coach of Team,Basketball,Pro Basketball (M),personnel_ops,E,113,1079221.35,True,,not_attempted,,not_attempted_supported_sport,out of scope (non-sporting outcome),,,,,,,,not attempted
KXWNBADELAY,WNBA Season Delay,Basketball,Pro Basketball (W),personnel_ops,E,10,529574.8,True,,not_attempted,,not_attempted_supported_sport,out of scope (non-sporting outcome),,,,,,,,not attempted
KXNBANEXTTEAMOUTLET,Pro Basketball Outlet to Announce Next Team,Basketball,Pro Basketball (M),personnel_ops,E,10,457275.11,True,,not_attempted,,not_attempted_supported_sport,out of scope (non-sporting outcome),,,,,,,,not attempted
KXNBANEXTTEAM,Pro Basketball Next Team,Basketball,Pro Basketball (M),personnel_ops,E,138,323447.72,True,,not_attempted,,not_attempted_supported_sport,out of scope (non-sporting outcome),,,,,,,,not attempted
KXNBANEXTTEAMCONF,Pro Basketball Next Team Conference,Basketball,Pro Basketball (M),personnel_ops,E,3,307615.08,True,,not_attempted,,not_attempted_supported_sport,out of scope (non-sporting outcome),,,,,,,,not attempted
KXNBANEXTCONTRACT,Pro Basketball Next Contract Size,Basketball,Pro Basketball (M),personnel_ops,E,18,280288.79,True,,not_attempted,,not_attempted_supported_sport,out of scope (non-sporting outcome),,,,,,,,not attempted
KXWNBANEXTTEAM,Women's Pro Basketball Next Team,Basketball,Pro Basketball (W),personnel_ops,E,64,223518.02,True,,not_attempted,,not_attempted_supported_sport,out of scope (non-sporting outcome),,,,,,,,not attempted
KXTRADEOFFNBA,Pro basketball trades offseason,Basketball,Pro Basketball (M),personnel_ops,E,8,190383.0,True,,not_attempted,,not_attempted_supported_sport,out of scope (non-sporting outcome),,,,,,,,not attempted
KXPLAYTOGETHERJBJT,Tatum and Brown Celtics,Basketball,Pro Basketball (M),personnel_ops,E,2,111538.34,True,,not_attempted,,not_attempted_supported_sport,out of scope (non-sporting outcome),,,,,,,,not attempted
KXNBAPICKTRADE,Pro Basketball Pick Trade,Basketball,Pro Basketball Draft,personnel_ops,E,3,105300.45,True,,not_attempted,,not_attempted_supported_sport,out of scope (non-sporting outcome),,,,,,,,not attempted
KXCOACHOUTNBA,NBA Coach Out,Basketball,,personnel_ops,E,28,86693.0,True,,not_attempted,,not_attempted_supported_sport,out of scope (non-sporting outcome),,,,,,,,not attempted
KXCOACHOUTNBADATE,NBA Coach Out Date,Basketball,Pro Basketball (M),personnel_ops,E,12,66856.97,True,,not_attempted,,not_attempted_supported_sport,out of scope (non-sporting outcome),,,,,,,,not attempted
KXNEXTTEAMLEBRON,Lebron's Next Team,Basketball,Pro Basketball (M),personnel_ops,E,8,43590.0,True,,not_attempted,,not_attempted_supported_sport,out of scope (non-sporting outcome),,,,,,,,not attempted
KXNYKCOACH,KNICKS,Basketball,,personnel_ops,E,11,31056.0,True,,not_attempted,,not_attempted_supported_sport,out of scope (non-sporting outcome),,,,,,,,not attempted
KXNBAFIRSTOPPONENT,Pro Basketball First Opponent of the Season,Basketball,Pro Basketball (M),personnel_ops,E,36,29511.15,True,,not_attempted,,not_attempted_supported_sport,out of scope (non-sporting outcome),,,,,,,,not attempted
KXNEXTTEAMWESTBROOK,RUSSELL WESTBROOK NEXT TEAM,Basketball,,personnel_ops,E,6,27165.0,True,,not_attempted,,not_attempted_supported_sport,out of scope (non-sporting outcome),,,,,,,,not attempted
KXNBARETIRE,NBA Retirement,Basketball,Pro Basketball (M),personnel_ops,E,28,24373.56,True,,not_attempted,,not_attempted_supported_sport,out of scope (non-sporting outcome),,,,,,,,not attempted
KXNBASEATTLE,Seattle NBA team,Basketball,Pro Basketball (M),personnel_ops,E,1,23299.85,True,,not_attempted,,not_attempted_supported_sport,out of scope (non-sporting outcome),,,,,,,,not attempted
KXCITYNBAEXPAND,Cities NBA expand,Basketball,Pro Basketball (M),personnel_ops,E,2,22137.47,True,,not_attempted,,not_attempted_supported_sport,out of scope (non-sporting outcome),,,,,,,,not attempted
KXNBACOMPETE,Pro Basketball Player to Compete,Basketball,Pro Basketball (M),personnel_ops,E,1,21396.25,True,,not_attempted,,not_attempted_supported_sport,out of scope (non-sporting outcome),,,,,,,,not attempted
KXNBAXMASOPPONENT,Pro Basketball Christmas Day Opponent,Basketball,Pro Basketball (M),personnel_ops,E,32,17830.94,True,,not_attempted,,not_attempted_supported_sport,out of scope (non-sporting outcome),,,,,,,,not attempted
KXWNBARAISE,WNBA raise,Basketball,Pro Basketball (W),personnel_ops,E,1,16633.0,True,,not_attempted,,not_attempted_supported_sport,out of scope (non-sporting outcome),,,,,,,,not attempted
KXNEXTCOACHOUTNBA,Next coach out NBA,Basketball,,personnel_ops,E,14,15788.0,True,,not_attempted,,not_attempted_supported_sport,out of scope (non-sporting outcome),,,,,,,,not attempted
KXNBATEAM,NBA team,Basketball,Pro Basketball (M),personnel_ops,E,1,14994.06,True,,not_attempted,,not_attempted_supported_sport,out of scope (non-sporting outcome),,,,,,,,not attempted
KXWNBACOMPETE,Women's Pro Basketball Player to Compete,Basketball,Pro Basketball (W),personnel_ops,E,1,14569.62,True,,not_attempted,,not_attempted_supported_sport,out of scope (non-sporting outcome),,,,,,,,not attempted
KXNBAWHATTEND,Pro Basketball White House Attend,Basketball,Pro Basketball (M),personnel_ops,E,1,12460.37,True,,not_attempted,,not_attempted_supported_sport,out of scope (non-sporting outcome),,,,,,,,not attempted
KXSONICS,Blazers become Sonics,Basketball,Pro Basketball (M),personnel_ops,E,1,12125.8,True,,not_attempted,,not_attempted_supported_sport,out of scope (non-sporting outcome),,,,,,,,not attempted
KXNBAFRANCHISECOST,NBA Franchise Cost,Basketball,Pro Basketball (M),personnel_ops,E,6,10943.32,True,,not_attempted,,not_attempted_supported_sport,out of scope (non-sporting outcome),,,,,,,,not attempted
KXSPORTSOWNERLBJ,LBJ owning team,Basketball,,personnel_ops,E,1,8740.14,True,,not_attempted,,not_attempted_supported_sport,out of scope (non-sporting outcome),,,,,,,,not attempted
KXNBARELOCATION,Pro Basketball Team Relocation,Basketball,Pro Basketball (M),personnel_ops,E,5,2438.55,True,,not_attempted,,not_attempted_supported_sport,out of scope (non-sporting outcome),,,,,,,,not attempted
KXSPORTSIGNLBJ,LeBron James sign,Basketball,,personnel_ops,E,3,1929.0,True,,not_attempted,,not_attempted_supported_sport,out of scope (non-sporting outcome),,,,,,,,not attempted
KXNBAFRANCHISEOWNER,NBA Franchise Owner,Basketball,Pro Basketball (M),personnel_ops,E,2,1828.23,True,,not_attempted,,not_attempted_supported_sport,out of scope (non-sporting outcome),,,,,,,,not attempted
KXWNBAPORTNOY,WNBA Portnoy ban,Basketball,,personnel_ops,E,1,1378.0,True,,not_attempted,,not_attempted_supported_sport,out of scope (non-sporting outcome),,,,,,,,not attempted
KXNBACITYEXPAND,NBA City Franchise Expansion,Basketball,Pro Basketball (M),personnel_ops,E,4,1238.35,True,,not_attempted,,not_attempted_supported_sport,out of scope (non-sporting outcome),,,,,,,,not attempted
KXNBASTAKESALE,NBA Team Ownership Stake Sale Agreement,Basketball,Pro Basketball (M),personnel_ops,E,1,944.42,True,,not_attempted,,not_attempted_supported_sport,out of scope (non-sporting outcome),,,,,,,,not attempted
KXNBASTADIUM,NBA Stadium Completion,Basketball,Pro Basketball (M),personnel_ops,E,1,3.0,True,,not_attempted,,not_attempted_supported_sport,out of scope (non-sporting outcome),,,,,,,,not attempted
KXNBAJOINCONF,Pro Basketball Join Conference,Basketball,Pro Basketball (M),personnel_ops,E,1,0.64,True,,not_attempted,,not_attempted_supported_sport,out of scope (non-sporting outcome),,,,,,,,not attempted
KXLEBRONPLAY,LeBron Next Play,Basketball,,personnel_ops,E,0,0.0,True,,not_attempted,,not_attempted_supported_sport,out of scope (non-sporting outcome),,,,,,,,not attempted
KXNBACOACHOUT,Pro Basketball Coaches Out,Basketball,,personnel_ops,E,0,0.0,True,,not_attempted,,not_attempted_supported_sport,out of scope (non-sporting outcome),,,,,,,,not attempted
KXNBADRAFTTRADE,Pro Basketball Draft Trade,Basketball,,personnel_ops,E,0,0.0,True,,not_attempted,,not_attempted_supported_sport,out of scope (non-sporting outcome),,,,,,,,not attempted
KXNBAEXTENSION,NBA Player Contract Extension,Basketball,,personnel_ops,E,0,0.0,True,,not_attempted,,not_attempted_supported_sport,out of scope (non-sporting outcome),,,,,,,,not attempted
KXNBAPARTNERSHIP,NBA Player Partnership Deal,Basketball,,personnel_ops,E,0,0.0,True,,not_attempted,,not_attempted_supported_sport,out of scope (non-sporting outcome),,,,,,,,not attempted
KXNBAPLAYTOGETHER,Pro Basketball Players to Play Together,Basketball,,personnel_ops,E,0,0.0,True,,not_attempted,,not_attempted_supported_sport,out of scope (non-sporting outcome),,,,,,,,not attempted
KXNBATOJOINCBA,NBA Players to Join the CBA,Basketball,Pro Basketball (M),personnel_ops,E,0,0.0,True,,not_attempted,,not_attempted_supported_sport,out of scope (non-sporting outcome),,,,,,,,not attempted
KXNEWCOACHLAL,New Lakers coach,Basketball,,personnel_ops,E,0,0.0,True,,not_attempted,,not_attempted_supported_sport,out of scope (non-sporting outcome),,,,,,,,not attempted
KXNEXTTEAMCHRISPAUL,Next Team Chris Paul,Basketball,,personnel_ops,E,0,0.0,True,,not_attempted,,not_attempted_supported_sport,out of scope (non-sporting outcome),,,,,,,,not attempted
KXPLAYEROPTIONNBA,player option nba,Basketball,,personnel_ops,E,0,0.0,True,,not_attempted,,not_attempted_supported_sport,out of scope (non-sporting outcome),,,,,,,,not attempted
KXSTEPHPARTERNSHIP,Stephen Curry Partnership,Basketball,,personnel_ops,E,0,0.0,True,,not_attempted,,not_attempted_supported_sport,out of scope (non-sporting outcome),,,,,,,,not attempted
KXSTEPHSHOEDEAL,Steph Curry Shoe Deal,Basketball,,personnel_ops,E,0,0.0,True,,not_attempted,,not_attempted_supported_sport,out of scope (non-sporting outcome),,,,,,,,not attempted
KXNBAPTS,NBA Player Points,Basketball,Pro Basketball (M),player_prop,B,21959,107820562.42,True,nba,excluded_spec,,excluded_spec,no payoff parser for suffix 'PTS',0,0,,,0,0,0,excluded
KXNBA3PT,NBA Player Threes,Basketball,Pro Basketball (M),player_prop,B,14050,21575184.67,True,nba,excluded_spec,,excluded_spec,no payoff parser for suffix '3PT',0,0,,,0,0,0,excluded
KXNBAREB,NBA Player Rebounds,Basketball,Pro Basketball (M),player_prop,B,19111,21048875.62,True,nba,excluded_spec,,excluded_spec,no payoff parser for suffix 'REB',0,0,,,0,0,0,excluded
KXWNBAPTS,WNBA Player Points,Basketball,Pro Basketball (W),player_prop,B,7566,20215419.05,True,wnba,excluded_spec,,excluded_spec,no payoff parser for suffix 'PTS',0,0,,,0,0,0,excluded
KXNBAAST,NBA Player Assists,Basketball,Pro Basketball (M),player_prop,B,14501,15200819.66,True,nba,excluded_spec,,excluded_spec,no payoff parser for suffix 'AST',0,0,,,0,0,0,excluded
KXNBA2D,NBA Player Double Double,Basketball,Pro Basketball (M),player_prop,B,4600,9976922.67,True,nba,excluded_spec,,excluded_spec,no payoff parser for suffix '2D',0,0,,,0,0,0,excluded
KXNBA3D,NBA Player Triple Double,Basketball,Pro Basketball (M),player_prop,B,1066,8331891.43,True,nba,excluded_spec,,excluded_spec,no payoff parser for suffix '3D',0,0,,,0,0,0,excluded
KXWNBAREB,Women's Pro Basketball Player Rebounds,Basketball,Pro Basketball (W),player_prop,B,5729,5818784.27,True,wnba,excluded_spec,,excluded_spec,no payoff parser for suffix 'REB',0,0,,,0,0,0,excluded
KXWNBA3PT,Women's Pro Basketball Player Threes,Basketball,Pro Basketball (W),player_prop,B,3515,3315796.65,True,wnba,excluded_spec,,excluded_spec,no payoff parser for suffix '3PT',0,0,,,0,0,0,excluded
KXWNBAAST,Women's Pro Basketball Player Assists,Basketball,Pro Basketball (W),player_prop,B,1611,2724707.87,True,wnba,excluded_spec,,excluded_spec,no payoff parser for suffix 'AST',0,0,,,0,0,0,excluded
KXNBASTL,NBA Player Steals,Basketball,Pro Basketball (M),player_prop,B,4794,2110765.35,True,nba,excluded_spec,,excluded_spec,no payoff parser for suffix 'STL',0,0,,,0,0,0,excluded
KXNBABLK,NBA Player Blocks,Basketball,Pro Basketball (M),player_prop,B,2561,1853846.44,True,nba,excluded_spec,,excluded_spec,no payoff parser for suffix 'BLK',0,0,,,0,0,0,excluded
KXNBAPLAYOFFPTS,NBA Playoffs Player Points,Basketball,Pro Basketball (M),player_prop,B,43,317032.66,True,nba,excluded_spec,,excluded_spec,no payoff parser for suffix 'PLAYOFFPTS',0,0,,,0,0,0,excluded
KXMARMAD3D,Men's March Madness Triple Double,Basketball,CBB Tournament,player_prop,B,1,138067.0,True,,not_attempted,,not_attempted_supported_sport,player/appearance-conditioned; pregame participation not reconstructable as-of (not modelled),,,,,,,,not attempted
KXBDS3PTOU,Bob Does Sports Made 3-Pointers,Basketball,Bob Does Sports,player_prop,B,6,124071.96,True,,not_attempted,,not_attempted_supported_sport,player/appearance-conditioned; pregame participation not reconstructable as-of (not modelled),,,,,,,,not attempted
KXNBAFTM,NBA Player Free Throws Made,Basketball,Pro Basketball (M),player_prop,B,74,116762.35,True,nba,excluded_spec,,excluded_spec,no payoff parser for suffix 'FTM',0,0,,,0,0,0,excluded
KXNBAPTSALLGAMES,Pro Basketball Points in Every Game,Basketball,Pro Basketball (M),player_prop,B,17,116469.81,True,nba,excluded_spec,,excluded_spec,no payoff parser for suffix 'PTSALLGAMES',0,0,,,0,0,0,excluded
KXNBA3PTALLGAMES,Pro Basketball 3-Pointers in Every Game,Basketball,Pro Basketball (M),player_prop,B,26,104289.82,True,nba,excluded_spec,,excluded_spec,no payoff parser for suffix '3PTALLGAMES',0,0,,,0,0,0,excluded
KXNBAH2HBENCHPTS,NBA Head-to-Head Bench Points,Basketball,Pro Basketball (M),player_prop,B,18,76470.86,True,nba,excluded_spec,,excluded_spec,no payoff parser for suffix 'H2HBENCHPTS',0,0,,,0,0,0,excluded
KXNBASERIESASTLEADER,Pro Basketball Series Assists Leader,Basketball,Pro Basketball (M),player_prop,B,10,42858.85,True,nba,excluded_spec,,excluded_spec,no payoff parser for suffix 'SERIESASTLEADER',0,0,,,0,0,0,excluded
KXNBASERIESPTS,Pro Basketball Series Player Points,Basketball,Pro Basketball (M),player_prop,B,16,26237.75,True,nba,excluded_spec,,excluded_spec,no payoff parser for suffix 'SERIESPTS',0,0,,,0,0,0,excluded
KXNBAH2HPRA,"NBA Head-to-Head Points, Rebounds and Assists",Basketball,Pro Basketball (M),player_prop,B,8,26073.65,True,nba,excluded_spec,,excluded_spec,no payoff parser for suffix 'H2HPRA',0,0,,,0,0,0,excluded
KXNBASUMMERPTS,Pro Basketball Summer Player Points,Basketball,Pro Basketball Summer League,player_prop,B,8,10841.35,True,,not_attempted,,not_attempted_supported_sport,player/appearance-conditioned; pregame participation not reconstructable as-of (not modelled),,,,,,,,not attempted
KXNBAH2HPTS,NBA Head-to-Head Points,Basketball,Pro Basketball (M),player_prop,B,6,6615.18,True,nba,excluded_spec,,excluded_spec,no payoff parser for suffix 'H2HPTS',0,0,,,0,0,0,excluded
KXWNBAH2HPRA,Women's Pro Basketball Head to Head Pts + Reb + Ast,Basketball,Pro Basketball (W),player_prop,B,4,5975.74,True,wnba,excluded_spec,,excluded_spec,no payoff parser for suffix 'H2HPRA',0,0,,,0,0,0,excluded
KXNBAH2H3PT,NBA Head-to-Head Three Pointers,Basketball,Pro Basketball (M),player_prop,B,6,3179.61,True,nba,excluded_spec,,excluded_spec,no payoff parser for suffix 'H2H3PT',0,0,,,0,0,0,excluded
KXNBAH2HTEAM3PT,NBA H2H Team Three Pointers,Basketball,Pro Basketball (M),player_prop,B,2,2468.75,True,nba,excluded_spec,,excluded_spec,no payoff parser for suffix 'H2HTEAM3PT',0,0,,,0,0,0,excluded
KXNBABENCHPTS,NBA Bench Points,Basketball,,player_prop,B,0,0.0,True,,not_attempted,,not_attempted_supported_sport,player/appearance-conditioned; pregame participation not reconstructable as-of (not modelled),,,,,,,,not attempted
KXNBAPA,Pro Basketball Player Points + Assists,Basketball,,player_prop,B,0,0.0,True,,not_attempted,,not_attempted_supported_sport,player/appearance-conditioned; pregame participation not reconstructable as-of (not modelled),,,,,,,,not attempted
KXNBAPR,Pro Basketball Player Points + Rebounds,Basketball,,player_prop,B,0,0.0,True,,not_attempted,,not_attempted_supported_sport,player/appearance-conditioned; pregame participation not reconstructable as-of (not modelled),,,,,,,,not attempted
KXNBAPRA,NBA Player Points + Rebounds + Assists,Basketball,,player_prop,B,0,0.0,True,,not_attempted,,not_attempted_supported_sport,player/appearance-conditioned; pregame participation not reconstructable as-of (not modelled),,,,,,,,not attempted
KXNBARA,Pro Basketball Player Rebounds + Assists,Basketball,,player_prop,B,0,0.0,True,,not_attempted,,not_attempted_supported_sport,player/appearance-conditioned; pregame participation not reconstructable as-of (not modelled),,,,,,,,not attempted
KXNBASTOCK,NBA Player Steals + Blocks,Basketball,,player_prop,B,0,0.0,True,,not_attempted,,not_attempted_supported_sport,player/appearance-conditioned; pregame participation not reconstructable as-of (not modelled),,,,,,,,not attempted
KXNBASTOCKS,NBA Player Steals and Blocks,Basketball,,player_prop,B,0,0.0,True,,not_attempted,,not_attempted_supported_sport,player/appearance-conditioned; pregame participation not reconstructable as-of (not modelled),,,,,,,,not attempted
KXNCAAMBAPRANK,College Basketball AP Poll,Basketball,College Basketball (M),rankings_polls,D,95,64992.99,True,,not_attempted,,not_attempted_supported_sport,rankings/polls: poll processes (KenPom paid),,,,,,,,not attempted
KXNCAAMBTOPAPRANK,College Basketball AP Poll Top Rank,Basketball,College Basketball (M),rankings_polls,D,23,1123.85,True,,not_attempted,,not_attempted_supported_sport,rankings/polls: poll processes (KenPom paid),,,,,,,,not attempted
KXNCAAWBAPRANK,Women's College Basketball AP Poll,Basketball,College Basketball (W),rankings_polls,D,1,4.0,True,,not_attempted,,not_attempted_supported_sport,rankings/polls: poll processes (KenPom paid),,,,,,,,not attempted
KXNCAAMBAPANY,Men's College Basketball AP Rank Anytime in Season,Basketball,,rankings_polls,D,0,0.0,True,,not_attempted,,not_attempted_supported_sport,rankings/polls: poll processes (KenPom paid),,,,,,,,not attempted
KXNCAAMBKENPOMRANK,Men's College Basketball KenPom Ratings,Basketball,,rankings_polls,D,0,0.0,True,,not_attempted,,not_attempted_supported_sport,rankings/polls: poll processes (KenPom paid),,,,,,,,not attempted
KXNCAAMBKENPOMTOP,Men's College Basketball KenPom Top Ratings,Basketball,College Basketball (M),rankings_polls,D,0,0.0,True,,not_attempted,,not_attempted_supported_sport,rankings/polls: poll processes (KenPom paid),,,,,,,,not attempted
KXNCAAMBFIRST10,College Basketball Race to 10 Points,Basketball,CBB Tournament,score_props,A,202,8028609.0,True,,not_attempted,,not_attempted_supported_sport,no independent results adapter for this competition in Phase 1 (game_winner only via Kalshi-only path),,,,,,,,not attempted
KXNBAOVERTIME,NBA Overtime,Basketball,Pro Basketball (M),score_props,A,86,5653987.64,True,nba,excluded_spec,,excluded_spec,no payoff parser for suffix 'OVERTIME',0,0,,,0,0,0,excluded
KXWNBAOT,Women's Pro Basketball Overtime,Basketball,Pro Basketball (W),score_props,A,298,873413.85,True,wnba,excluded_spec,,excluded_spec,no payoff parser for suffix 'OT',0,0,,,0,0,0,excluded
KXNCAAMBFIRST25,College Basketball Race to 25 Points,Basketball,CBB Tournament,score_props,A,2,114784.0,True,,not_attempted,,not_attempted_supported_sport,no independent results adapter for this competition in Phase 1 (game_winner only via Kalshi-only path),,,,,,,,not attempted
KXNBASERIESOT,Pro Basketball Series Overtime,Basketball,Pro Basketball (M),score_props,A,3,94295.15,True,nba,excluded_spec,,excluded_spec,no payoff parser for suffix 'SERIESOT',0,0,,,0,0,0,excluded
KXNCAAMBFIRST50,College Basketball Race to 50 Points,Basketball,CBB Tournament,score_props,A,2,86850.0,True,,not_attempted,,not_attempted_supported_sport,no independent results adapter for this competition in Phase 1 (game_winner only via Kalshi-only path),,,,,,,,not attempted
KXNBAFIRSTBASKET,Pro Basketball First Basket,Basketball,,score_props,A,0,0.0,True,,not_attempted,,not_attempted_supported_sport,no traded markets,,,,,,,,not attempted
KXNBAOT,NBA Overtime,Basketball,,score_props,A,0,0.0,True,,not_attempted,,not_attempted_supported_sport,no traded markets,,,,,,,,not attempted
KXNBARACE,NBA Race to Points,Basketball,,score_props,A,0,0.0,True,,not_attempted,,not_attempted_supported_sport,no traded markets,,,,,,,,not attempted
KXNBAWINMARGIN,NBA Win Margin,Basketball,,score_props,A,0,0.0,True,,not_attempted,,not_attempted_supported_sport,no traded markets,,,,,,,,not attempted
KXMARMADSEED,Men's College Basketball Tournament Seeds,Basketball,CBB Tournament,season_wins,C,64,2631438.25,True,,not_attempted,,not_attempted_supported_sport,season totals: one outcome per team-season; prospective capture required,,,,,,,,not attempted
KXNBAPLAYOFFWINS,NBA Playoff Wins by Team,Basketball,Pro Basketball (M),season_wins,C,55,1516684.89,True,,not_attempted,,not_attempted_supported_sport,season totals: one outcome per team-season; prospective capture required,,,,,,,,not attempted
KXBIG10REG,Big Ten Regular Season Champions,Basketball,College Basketball (M),season_wins,C,18,1107599.0,True,,not_attempted,,not_attempted_supported_sport,season totals: one outcome per team-season; prospective capture required,,,,,,,,not attempted
KXBIG12REG,Big 12 Regular Season Champions,Basketball,College Basketball (M),season_wins,C,16,911198.0,True,,not_attempted,,not_attempted_supported_sport,season totals: one outcome per team-season; prospective capture required,,,,,,,,not attempted
KXSECREG,SEC Regular Season Champions,Basketball,College Basketball (M),season_wins,C,16,690200.0,True,,not_attempted,,not_attempted_supported_sport,season totals: one outcome per team-season; prospective capture required,,,,,,,,not attempted
KXNBAEAST1SEED,NBA Eastern Conference 1 Seed,Basketball,Pro Basketball (M),season_wins,C,30,554593.28,True,,not_attempted,,not_attempted_supported_sport,season totals: one outcome per team-season; prospective capture required,,,,,,,,not attempted
KXMARMAD1SEED,March Madness 1 Seeds,Basketball,College Basketball (M),season_wins,C,33,470459.45,True,,not_attempted,,not_attempted_supported_sport,season totals: one outcome per team-season; prospective capture required,,,,,,,,not attempted
KXACCREG,ACC Regular Season Champions,Basketball,College Basketball (M),season_wins,C,18,447485.0,True,,not_attempted,,not_attempted_supported_sport,season totals: one outcome per team-season; prospective capture required,,,,,,,,not attempted
KXBIGEASTREG,Big East Regular Season Champions,Basketball,College Basketball (M),season_wins,C,11,440595.0,True,,not_attempted,,not_attempted_supported_sport,season totals: one outcome per team-season; prospective capture required,,,,,,,,not attempted
KXSHAI20PTREC,Shai 20+ Point Streak,Basketball,Pro Basketball (M),season_wins,C,19,275991.33,True,,not_attempted,,not_attempted_supported_sport,season totals: one outcome per team-season; prospective capture required,,,,,,,,not attempted
KXNBAWEST1SEED,NBA Western Conference 1 Seed,Basketball,Pro Basketball (M),season_wins,C,30,190411.49,True,,not_attempted,,not_attempted_supported_sport,season totals: one outcome per team-season; prospective capture required,,,,,,,,not attempted
KXWCCREG,West Coast Conference Regular Season Champions,Basketball,College Basketball (M),season_wins,C,12,175852.0,True,,not_attempted,,not_attempted_supported_sport,season totals: one outcome per team-season; prospective capture required,,,,,,,,not attempted
KXA10REG,A10 Regular Season Champions,Basketball,College Basketball (M),season_wins,C,14,172832.0,True,,not_attempted,,not_attempted_supported_sport,season totals: one outcome per team-season; prospective capture required,,,,,,,,not attempted
KXMWREG,Mountain West Regular Season Champions,Basketball,College Basketball (M),season_wins,C,12,165778.0,True,,not_attempted,,not_attempted_supported_sport,season totals: one outcome per team-season; prospective capture required,,,,,,,,not attempted
KXWINSTREAKOKC,OKC Win Streak,Basketball,Pro Basketball (M),season_wins,C,6,102335.0,True,,not_attempted,,not_attempted_supported_sport,season totals: one outcome per team-season; prospective capture required,,,,,,,,not attempted
KXAACREG,AAC Regular Season Champions,Basketball,College Basketball (M),season_wins,C,13,97456.0,True,,not_attempted,,not_attempted_supported_sport,season totals: one outcome per team-season; prospective capture required,,,,,,,,not attempted
KXNBASTATLEADER,NBA Regular Season League Leader,Basketball,Pro Basketball (M),season_wins,C,26,19751.51,True,,not_attempted,,not_attempted_supported_sport,season totals: one outcome per team-season; prospective capture required,,,,,,,,not attempted
KXNBASEED,NBA Playoff Seed,Basketball,Pro Basketball (M),season_wins,C,13,1066.28,True,,not_attempted,,not_attempted_supported_sport,season totals: one outcome per team-season; prospective capture required,,,,,,,,not attempted
KXNCAAMBBIG12REG,Men's College Basketball Big 12 Regular Season Champion,Basketball,College Basketball (M),season_wins,C,3,445.63,True,,not_attempted,,not_attempted_supported_sport,season totals: one outcome per team-season; prospective capture required,,,,,,,,not attempted
KXNCAAMBSECREG,Men's College Basketball SEC Regular Season Champion,Basketball,College Basketball (M),season_wins,C,4,319.48,True,,not_attempted,,not_attempted_supported_sport,season totals: one outcome per team-season; prospective capture required,,,,,,,,not attempted
KXNCAAMBACCREG,Men's College Basketball ACC Regular Season Champion,Basketball,College Basketball (M),season_wins,C,4,302.69,True,,not_attempted,,not_attempted_supported_sport,season totals: one outcome per team-season; prospective capture required,,,,,,,,not attempted
KXNCAAWBCONFSTREAK,Women's College Basketball Conference Championship Streak,Basketball,College Basketball (W),season_wins,C,1,33.71,True,,not_attempted,,not_attempted_supported_sport,season totals: one outcome per team-season; prospective capture required,,,,,,,,not attempted
KXNCAAMBBIGEASTREG,Men's College Basketball Big East Regular Season Champion,Basketball,College Basketball (M),season_wins,C,1,1.59,True,,not_attempted,,not_attempted_supported_sport,season totals: one outcome per team-season; prospective capture required,,,,,,,,not attempted
KXNBAPLAYERHIGHSCORE,NBA Highest Scoring Performance in Regular Season,Basketball,Pro Basketball (M),season_wins,C,0,0.0,True,,not_attempted,,not_attempted_supported_sport,season totals: one outcome per team-season; prospective capture required,,,,,,,,not attempted
KXNBATEAMWINSTREAK,NBA Team with the Longest Winning Streak,Basketball,Pro Basketball (M),season_wins,C,0,0.0,True,,not_attempted,,not_attempted_supported_sport,season totals: one outcome per team-season; prospective capture required,,,,,,,,not attempted
KXNBAWINSTREAK,NBA Longest Win Streak,Basketball,Pro Basketball (M),season_wins,C,0,0.0,True,,not_attempted,,not_attempted_supported_sport,season totals: one outcome per team-season; prospective capture required,,,,,,,,not attempted
KXNCAAMBBIG10REG,Men's College Basketball Big Ten Regular Season Champion,Basketball,,season_wins,C,0,0.0,True,,not_attempted,,not_attempted_supported_sport,season totals: one outcome per team-season; prospective capture required,,,,,,,,not attempted
KXNCAAMBBIGTENREG,Men's College Basketball Big Ten Regular Season Champion,Basketball,College Basketball (M),season_wins,C,0,0.0,True,,not_attempted,,not_attempted_supported_sport,season totals: one outcome per team-season; prospective capture required,,,,,,,,not attempted
KXWMARMADSEED,Women's College Basketball Tournament Seeds,Basketball,,season_wins,C,0,0.0,True,,not_attempted,,not_attempted_supported_sport,season totals: one outcome per team-season; prospective capture required,,,,,,,,not attempted
KXNBA1HSPREAD,NBA 1st Half Spread,Basketball,Pro Basketball (M),segment,A,3803,54498254.97,True,nba,independent_outcomes,exploratory,exploratory_evaluated,only 0 pre-test settled contracts (< 30),6086,5823,0/0,5822/5823,1,5822,523,evaluated
KXNBA1HWINNER,Pro Baskeball 1st Half Winner,Basketball,Pro Basketball (M),segment,A,1538,52947801.58,True,nba,independent_outcomes,exploratory,exploratory_evaluated,only 0 pre-test settled contracts (< 30),1569,1569,0/0,1569/1569,0,1569,523,evaluated
KXNBA1HTOTAL,NBA 1st Half Total,Basketball,Pro Basketball (M),segment,A,4278,50296247.85,True,nba,independent_outcomes,exploratory,exploratory_evaluated,only 0 pre-test settled contracts (< 30),4927,4707,0/0,4707/4707,0,4707,523,evaluated
KXWNBA1HTOTAL,WNBA 1st Half Total,Basketball,Pro Basketball (W),segment,A,968,25424199.76,True,wnba,independent_outcomes,exploratory,exploratory_evaluated,only 0 pre-test settled contracts (< 30),961,946,0/0,945/946,1,931,342,evaluated
KXWNBA1HSPREAD,Women's Pro Basketball 1st Half Spread,Basketball,Pro Basketball (W),segment,A,1514,23702651.89,True,wnba,independent_outcomes,exploratory,exploratory_evaluated,only 0 pre-test settled contracts (< 30),1472,1455,0/0,1454/1455,1,1440,343,evaluated
KXWNBA1HWINNER,Women's Pro Basketball 1st Half Winner,Basketball,Pro Basketball (W),segment,A,1090,18672482.99,True,wnba,independent_outcomes,exploratory,exploratory_evaluated,only 0 pre-test settled contracts (< 30),1047,1038,0/0,1038/1038,0,1032,343,evaluated
KXNCAAMB1HWINNER,College Basketball 1H Winner,Basketball,College Basketball (M),segment,A,1702,14650143.0,True,ncaamb,independent_outcomes,exploratory,exploratory_evaluated,only 0 pre-test settled contracts (< 30),3477,3474,0/0,3472/3474,2,3472,1158,evaluated
KXNCAAMB1HSPREAD,Men's College Basketball First Half Spread,Basketball,College Basketball (M),segment,A,3064,12427133.0,True,ncaamb,independent_outcomes,exploratory,exploratory_evaluated,only 0 pre-test settled contracts (< 30),11322,11312,0/0,11299/11312,13,11299,1058,evaluated
KXNBA2HWINNER,Pro Basketball 2nd Half Winner,Basketball,Pro Basketball (M),segment,A,1224,11911393.82,True,nba,independent_outcomes,exploratory,exploratory_evaluated,only 0 pre-test settled contracts (< 30),1569,1569,0/0,1569/1569,0,1569,523,evaluated
KXWNBA1QTOTAL,Women's Pro Basketball 1st Quarter Total,Basketball,Pro Basketball (W),segment,A,1665,10910053.4,True,wnba,independent_outcomes,exploratory,exploratory_evaluated,only 0 pre-test settled contracts (< 30),1575,1554,0/0,1554/1554,0,1540,219,evaluated
KXNCAAMB1HTOTAL,Men's College Basketball First Half Total,Basketball,College Basketball (M),segment,A,3135,10733289.0,True,ncaamb,independent_outcomes,exploratory,exploratory_evaluated,only 0 pre-test settled contracts (< 30),9704,9695,0/0,9695/9695,0,9695,1074,evaluated
KXWNBA3QTOTAL,Women's Pro Basketball 3rd Quarter Total,Basketball,Pro Basketball (W),segment,A,1656,8275866.07,True,wnba,independent_outcomes,exploratory,exploratory_evaluated,only 0 pre-test settled contracts (< 30),1575,1554,0/0,1554/1554,0,1540,219,evaluated
KXWNBA2QTOTAL,Women's Pro Basketball 2nd Quarter Total,Basketball,Pro Basketball (W),segment,A,1652,8120370.52,True,wnba,independent_outcomes,exploratory,exploratory_evaluated,only 0 pre-test settled contracts (< 30),1575,1554,0/0,1554/1554,0,1540,219,evaluated
KXNBA2HSPREAD,NBA 2nd Half Spread,Basketball,Pro Basketball (M),segment,A,758,7030202.34,True,nba,independent_outcomes,exploratory,exploratory_evaluated,only 0 pre-test settled contracts (< 30),876,876,0/0,876/876,0,876,82,evaluated
KXWNBA1QSPREAD,Women's Pro Basketball 1st Quarter Spread,Basketball,Pro Basketball (W),segment,A,1604,6191048.23,True,wnba,independent_outcomes,exploratory,exploratory_evaluated,only 0 pre-test settled contracts (< 30),1600,1579,0/0,1579/1579,0,1565,219,evaluated
KXWNBA1QWINNER,Women's Pro Basketball 1st Quarter Winner,Basketball,Pro Basketball (W),segment,A,711,5643987.91,True,wnba,independent_outcomes,exploratory,exploratory_evaluated,only 0 pre-test settled contracts (< 30),675,666,0/0,666/666,0,660,219,evaluated
KXWNBA4QTOTAL,Women's Pro Basketball 4th Quarter Total,Basketball,Pro Basketball (W),segment,A,1659,4618486.71,True,wnba,independent_outcomes,exploratory,exploratory_evaluated,only 0 pre-test settled contracts (< 30),1575,1554,0/0,1554/1554,0,1540,219,evaluated
KXWNBA3QSPREAD,Women's Pro Basketball 3rd Quarter Spread,Basketball,Pro Basketball (W),segment,A,1526,4074605.05,True,wnba,independent_outcomes,exploratory,exploratory_evaluated,only 0 pre-test settled contracts (< 30),1600,1579,0/0,1579/1579,0,1565,219,evaluated
KXWNBA3QWINNER,Women's Pro Basketball 3rd Quarter Winner,Basketball,Pro Basketball (W),segment,A,708,3561422.1,True,wnba,independent_outcomes,exploratory,exploratory_evaluated,only 0 pre-test settled contracts (< 30),675,666,0/0,666/666,0,660,219,evaluated
KXNBA2HTOTAL,NBA 2nd Half Total,Basketball,Pro Basketball (M),segment,A,623,3179484.13,True,nba,independent_outcomes,exploratory,exploratory_evaluated,only 0 pre-test settled contracts (< 30),747,747,0/0,747/747,0,747,83,evaluated
KXNBA1QWINNER,NBA 1st Quarter Winner,Basketball,Pro Basketball (M),segment,A,15,2902757.44,True,nba,independent_outcomes,exploratory,exploratory_evaluated,only 0 pre-test settled contracts (< 30),15,15,0/0,15/15,0,15,5,evaluated
KXWNBA2QWINNER,Women's Pro Basketball 2nd Quarter Winner,Basketball,Pro Basketball (W),segment,A,705,2873257.49,True,wnba,independent_outcomes,exploratory,exploratory_evaluated,only 0 pre-test settled contracts (< 30),675,666,0/0,666/666,0,660,219,evaluated
KXNBA1QSPREAD,NBA 1st Quarter Spread,Basketball,Pro Basketball (M),segment,A,40,2749107.79,True,nba,independent_outcomes,exploratory,exploratory_evaluated,only 0 pre-test settled contracts (< 30),40,40,0/0,40/40,0,40,5,evaluated
KXWNBA2QSPREAD,Women's Pro Basketball 2nd Quarter Spread,Basketball,Pro Basketball (W),segment,A,1552,2542826.13,True,wnba,independent_outcomes,exploratory,exploratory_evaluated,only 0 pre-test settled contracts (< 30),1600,1579,0/0,1579/1579,0,1565,219,evaluated
KXWNBA4QWINNER,Women's Pro Basketball 4th Quarter Winner,Basketball,Pro Basketball (W),segment,A,704,2288452.32,True,wnba,independent_outcomes,exploratory,exploratory_evaluated,only 0 pre-test settled contracts (< 30),675,666,0/0,666/666,0,660,219,evaluated
KXWNBA2HTOTAL,Women's Pro Basketball 2nd Half Total,Basketball,Pro Basketball (W),segment,A,1589,1898194.88,True,wnba,independent_outcomes,exploratory,exploratory_evaluated,only 0 pre-test settled contracts (< 30),1547,1526,0/0,1526/1526,0,1512,215,evaluated
KXNBA3QSPREAD,NBA 3rd Quarter Spread,Basketball,Pro Basketball (M),segment,A,40,1786922.27,True,nba,independent_outcomes,exploratory,exploratory_evaluated,only 0 pre-test settled contracts (< 30),40,40,0/0,40/40,0,40,5,evaluated
KXNBA2QWINNER,NBA 2nd Quarter Winner,Basketball,Pro Basketball (M),segment,A,15,1502288.81,True,nba,independent_outcomes,exploratory,exploratory_evaluated,only 0 pre-test settled contracts (< 30),15,15,0/0,15/15,0,15,5,evaluated
KXNBA3QWINNER,NBA 3rd Quarter Winner,Basketball,Pro Basketball (M),segment,A,15,1483421.24,True,nba,independent_outcomes,exploratory,exploratory_evaluated,only 0 pre-test settled contracts (< 30),15,15,0/0,15/15,0,15,5,evaluated
KXNBA2QSPREAD,NBA 2nd Quarter Spread,Basketball,Pro Basketball (M),segment,A,40,1367422.12,True,nba,independent_outcomes,exploratory,exploratory_evaluated,only 0 pre-test settled contracts (< 30),40,40,0/0,40/40,0,40,5,evaluated
KXWNBA2HSPREAD,Women's Pro Basketball 2nd Half Spread,Basketball,Pro Basketball (W),segment,A,1654,1348288.0,True,wnba,independent_outcomes,exploratory,exploratory_evaluated,only 0 pre-test settled contracts (< 30),1659,1637,0/0,1637/1637,0,1623,215,evaluated
KXNBASUMMER1HTOTAL,Pro Basketball Summer League 1st Half Total,Basketball,Pro Basketball Summer League,segment,A,292,1284260.62,True,,not_attempted,,not_attempted_supported_sport,no independent results adapter for this competition in Phase 1 (game_winner only via Kalshi-only path),,,,,,,,not attempted
KXWNBA4QSPREAD,Women's Pro Basketball 4th Quarter Spread,Basketball,Pro Basketball (W),segment,A,1534,1199789.86,True,wnba,independent_outcomes,exploratory,exploratory_evaluated,only 0 pre-test settled contracts (< 30),1600,1579,0/0,1578/1579,1,1564,219,evaluated
KXNBA4QWINNER,NBA 4th Quarter Winner,Basketball,Pro Basketball (M),segment,A,15,1123601.45,True,nba,independent_outcomes,exploratory,exploratory_evaluated,only 0 pre-test settled contracts (< 30),15,15,0/0,15/15,0,15,5,evaluated
KXNBA1QTOTAL,NBA 1st Quarter Total,Basketball,Pro Basketball (M),segment,A,70,1041032.91,True,nba,independent_outcomes,exploratory,exploratory_evaluated,only 0 pre-test settled contracts (< 30),77,77,0/0,77/77,0,77,5,evaluated
KXWNBA2HWINNER,Women's Pro Basketball 2nd Half Winner,Basketball,Pro Basketball (W),segment,A,667,967792.36,True,wnba,independent_outcomes,exploratory,exploratory_evaluated,only 0 pre-test settled contracts (< 30),663,654,0/0,654/654,0,648,215,evaluated
KXNBASUMMER1HWINNER,Pro Basketball Summer League 1st Half Winner,Basketball,Pro Basketball Summer League,segment,A,105,758065.18,True,,not_attempted,,not_attempted_supported_sport,no independent results adapter for this competition in Phase 1 (game_winner only via Kalshi-only path),,,,,,,,not attempted
KXNBA3QTOTAL,NBA 3rd Quarter Total,Basketball,Pro Basketball (M),segment,A,70,684436.4,True,nba,independent_outcomes,exploratory,exploratory_evaluated,only 0 pre-test settled contracts (< 30),77,77,0/0,77/77,0,77,5,evaluated
KXNBASUMMER1HSPREAD,Pro Basketball Summer League 1st Half Spread,Basketball,Pro Basketball Summer League,segment,A,232,664369.29,True,,not_attempted,,not_attempted_supported_sport,no independent results adapter for this competition in Phase 1 (game_winner only via Kalshi-only path),,,,,,,,not attempted
KXNBA2QTOTAL,NBA 1st Quarter Total,Basketball,Pro Basketball (M),segment,A,69,496263.99,True,nba,independent_outcomes,exploratory,exploratory_evaluated,only 0 pre-test settled contracts (< 30),77,77,0/0,77/77,0,77,5,evaluated
KXNBA4QSPREAD,NBA 4th Quarter Spread,Basketball,Pro Basketball (M),segment,A,40,490529.45,True,nba,independent_outcomes,exploratory,exploratory_evaluated,only 0 pre-test settled contracts (< 30),40,40,0/0,40/40,0,40,5,evaluated
KXNBA4QTOTAL,NBA 4th Quarter Total,Basketball,Pro Basketball (M),segment,A,58,148743.47,True,nba,independent_outcomes,exploratory,exploratory_evaluated,only 0 pre-test settled contracts (< 30),77,77,0/0,77/77,0,77,5,evaluated
KXNBA1H,NBA 1st Half Winner,Basketball,Pro Basketball (M) Preseason,segment,A,51,57492.95,True,,not_attempted,,not_attempted_supported_sport,no independent results adapter for this competition in Phase 1 (game_winner only via Kalshi-only path),,,,,,,,not attempted
KXWNBA3PTCONTESTOU,Women's Pro Basketball 3-Point Contest Threes Made,Basketball,Pro Basketball (W),segment,A,18,19870.79,True,wnba,excluded_spec,,excluded_spec,no payoff parser for suffix '3PTCONTESTOU',0,0,,,0,0,0,excluded
KXNBA1HTEAMTOTAL,NBA 1st Half Team Total,Basketball,,segment,A,0,0.0,True,,not_attempted,,not_attempted_supported_sport,no traded markets,,,,,,,,not attempted
KXNBA1Q,NBA 1st Quarter Winner,Basketball,,segment,A,0,0.0,True,,not_attempted,,not_attempted_supported_sport,no traded markets,,,,,,,,not attempted
KXNBA1QTEAMTOTAL,NBA 1st Quarter Team Total,Basketball,,segment,A,0,0.0,True,,not_attempted,,not_attempted_supported_sport,no traded markets,,,,,,,,not attempted
KXNBA2H,NBA 2nd Half Winner,Basketball,,segment,A,0,0.0,True,,not_attempted,,not_attempted_supported_sport,no traded markets,,,,,,,,not attempted
KXNBA2HTEAMTOTAL,NBA 2nd Half Team Total,Basketball,,segment,A,0,0.0,True,,not_attempted,,not_attempted_supported_sport,no traded markets,,,,,,,,not attempted
KXNBA2Q,2nd Quarter Winner,Basketball,,segment,A,0,0.0,True,,not_attempted,,not_attempted_supported_sport,no traded markets,,,,,,,,not attempted
KXNBA2QTEAMTOTAL,NBA 2nd Quarter Team Total,Basketball,,segment,A,0,0.0,True,,not_attempted,,not_attempted_supported_sport,no traded markets,,,,,,,,not attempted
KXNBA3Q,3rd Quarter Winner,Basketball,,segment,A,0,0.0,True,,not_attempted,,not_attempted_supported_sport,no traded markets,,,,,,,,not attempted
KXNBA3QTEAMTOTAL,NBA 3rd Quarter Team Total,Basketball,,segment,A,0,0.0,True,,not_attempted,,not_attempted_supported_sport,no traded markets,,,,,,,,not attempted
KXNBA4Q,4th Quarter Winner,Basketball,,segment,A,0,0.0,True,,not_attempted,,not_attempted_supported_sport,no traded markets,,,,,,,,not attempted
KXNBA4QTEAMTOTAL,NBA 4th Quarter Team Total,Basketball,,segment,A,0,0.0,True,,not_attempted,,not_attempted_supported_sport,no traded markets,,,,,,,,not attempted
KXNCAAMB2HSPREAD,Men's College Basketball Second Half Spread,Basketball,,segment,A,0,0.0,True,,not_attempted,,not_attempted_supported_sport,no traded markets,,,,,,,,not attempted
KXNCAAMB2HTOTAL,Men's College Basketball Second Half Total,Basketball,,segment,A,0,0.0,True,,not_attempted,,not_attempted_supported_sport,no traded markets,,,,,,,,not attempted
KXNCAAWB1HSPREAD,Women's College Basketball First Half Spread,Basketball,,segment,A,0,0.0,True,,not_attempted,,not_attempted_supported_sport,no traded markets,,,,,,,,not attempted
KXNCAAWB2HSPREAD,Women's College Basketball Second Half Spread,Basketball,,segment,A,0,0.0,True,,not_attempted,,not_attempted_supported_sport,no traded markets,,,,,,,,not attempted
KXWNBA1H,Women's Pro Basketball 1st Half Winner,Basketball,,segment,A,0,0.0,True,,not_attempted,,not_attempted_supported_sport,no traded markets,,,,,,,,not attempted
KXWNBA2H,Women's Pro Basketball 2nd Half Winner,Basketball,,segment,A,0,0.0,True,,not_attempted,,not_attempted_supported_sport,no traded markets,,,,,,,,not attempted
KXNBASERIES,NBA Series Winner,Basketball,Pro Basketball (M),series_playoff,C,48,338314485.55,True,,not_attempted,,not_attempted_supported_sport,playoff series: few outcomes; needs game model + bracket simulation (not in Phase 1),,,,,,,,not attempted
KXNBASERIESSCORE,NBA Series Exact Score,Basketball,Pro Basketball (M),series_playoff,C,120,26274718.13,True,,not_attempted,,not_attempted_supported_sport,playoff series: few outcomes; needs game model + bracket simulation (not in Phase 1),,,,,,,,not attempted
KXNBASERIESROADWIN,NBA Series 1st Road Win,Basketball,Pro Basketball (M),series_playoff,C,102,737185.04,True,,not_attempted,,not_attempted_supported_sport,playoff series: few outcomes; needs game model + bracket simulation (not in Phase 1),,,,,,,,not attempted
KXWNBASERIES,WNBA Playoff Series Winner,Basketball,Pro Basketball (W),series_playoff,C,24,327749.31,True,,not_attempted,,not_attempted_supported_sport,playoff series: few outcomes; needs game model + bracket simulation (not in Phase 1),,,,,,,,not attempted
KXNBASERIESPTSLEADER,Pro Basketball Series Points Leader,Basketball,Pro Basketball (M),series_playoff,C,99,313680.01,True,,not_attempted,,not_attempted_supported_sport,playoff series: few outcomes; needs game model + bracket simulation (not in Phase 1),,,,,,,,not attempted
KXNBASERIES3PMLEADER,Pro Basketball Series 3-Pointers Made Leader,Basketball,Pro Basketball (M),series_playoff,C,14,131731.83,True,,not_attempted,,not_attempted_supported_sport,playoff series: few outcomes; needs game model + bracket simulation (not in Phase 1),,,,,,,,not attempted
KXNBAFINBLOWOUT,Pro Basketball Finals Blowout,Basketball,Pro Basketball (M),series_playoff,C,6,106981.75,True,,not_attempted,,not_attempted_supported_sport,playoff series: few outcomes; needs game model + bracket simulation (not in Phase 1),,,,,,,,not attempted
KXNBASERIESREBLEADER,Pro Basketball Series Rebounds Leader,Basketball,Pro Basketball (M),series_playoff,C,12,73579.06,True,,not_attempted,,not_attempted_supported_sport,playoff series: few outcomes; needs game model + bracket simulation (not in Phase 1),,,,,,,,not attempted
KXNBASERIESCOMEBACK,Pro Basketball Series Comeback,Basketball,Pro Basketball (M),series_playoff,C,1,53417.41,True,,not_attempted,,not_attempted_supported_sport,playoff series: few outcomes; needs game model + bracket simulation (not in Phase 1),,,,,,,,not attempted
KXWNBASERIESSCORE,WNBA Series Exact Score,Basketball,Pro Basketball (W),series_playoff,C,27,40261.12,True,,not_attempted,,not_attempted_supported_sport,playoff series: few outcomes; needs game model + bracket simulation (not in Phase 1),,,,,,,,not attempted
KXNBASERIESGCOMEBACK,Pro Basketball Series Game Comeback,Basketball,Pro Basketball (M),series_playoff,C,4,32104.42,True,,not_attempted,,not_attempted_supported_sport,playoff series: few outcomes; needs game model + bracket simulation (not in Phase 1),,,,,,,,not attempted
KXNBAHOMECLINCH,Pro Basketball Series Winner to Clinch at Home,Basketball,Pro Basketball (M),series_playoff,C,1,14882.87,True,,not_attempted,,not_attempted_supported_sport,playoff series: few outcomes; needs game model + bracket simulation (not in Phase 1),,,,,,,,not attempted
KXNBASPREAD,NBA Spread,Basketball,Pro Basketball (M),spread,A,17521,1596136473.34,True,nba,independent_outcomes,strict,strict_evaluated,,17556,16905,5252/5252,16905/16905,0,11653,830,evaluated
KXNCAAMBSPREAD,Men's College Basketball Spread,Basketball,College Basketball (M),spread,A,49242,971784193.0,True,ncaamb,independent_outcomes,strict,strict_evaluated,,49363,49318,13886/13886,49318/49318,0,35432,3489,evaluated
KXWNBASPREAD,Women's Pro Basketball Spread,Basketball,Pro Basketball (W),spread,A,3952,229808760.51,True,wnba,independent_outcomes,exploratory,exploratory_evaluated,only 0 pre-test settled contracts (< 30),3740,3691,0/0,3691/3691,0,3671,343,evaluated
KXNBASUMMERSPREAD,Pro Basketball Summer League Spread,Basketball,Pro Basketball Summer League,spread,A,1000,26685682.88,True,,not_attempted,,not_attempted_supported_sport,no independent results adapter for this competition in Phase 1 (game_winner only via Kalshi-only path),,,,,,,,not attempted
KXNCAAWBSPREAD,Women's College Basketball Spread,Basketball,CBB Tournament (W),spread,A,570,10633135.0,True,,not_attempted,,not_attempted_supported_sport,no independent results adapter for this competition in Phase 1 (game_winner only via Kalshi-only path),,,,,,,,not attempted
KXNBASERIESSPREAD,NBA Series Game Spread,Basketball,Pro Basketball (M),spread,A,76,1836913.65,True,nba,excluded_spec,,excluded_spec,no payoff parser for suffix 'SERIESSPREAD',0,0,,,0,0,0,excluded
KXWFIBASPREAD,Women's FIBA Spread,Basketball,FIBA World Cup (W),spread,A,311,1792266.91,True,,not_attempted,,not_attempted_supported_sport,no independent results adapter for this competition in Phase 1 (game_winner only via Kalshi-only path),,,,,,,,not attempted
KXEUROLEAGUESPREAD,EuroLeague Spread,Basketball,EuroLeague,spread,A,475,877388.98,True,,not_attempted,,not_attempted_supported_sport,no independent results adapter for this competition in Phase 1 (game_winner only via Kalshi-only path),,,,,,,,not attempted
KXNBLSPREAD,Australia NBL Spread,Basketball,Australia NBL,spread,A,284,397806.12,True,,not_attempted,,not_attempted_supported_sport,no independent results adapter for this competition in Phase 1 (game_winner only via Kalshi-only path),,,,,,,,not attempted
KXLNBPSPREAD,LNBP Spread,Basketball,Mexico LNBP,spread,A,667,351280.73,True,,not_attempted,,not_attempted_supported_sport,no independent results adapter for this competition in Phase 1 (game_winner only via Kalshi-only path),,,,,,,,not attempted
KXBBLSPREAD,Germany BBL Spread,Basketball,Germany BBL,spread,A,356,235933.17,True,,not_attempted,,not_attempted_supported_sport,no independent results adapter for this competition in Phase 1 (game_winner only via Kalshi-only path),,,,,,,,not attempted
KXACBSPREAD,Spain Liga ACB Spread,Basketball,Spain Liga ACB,spread,A,196,153066.03,True,,not_attempted,,not_attempted_supported_sport,no independent results adapter for this competition in Phase 1 (game_winner only via Kalshi-only path),,,,,,,,not attempted
KXBSLSPREAD,Turkey BSL Spread,Basketball,Turkey BSL,spread,A,159,77853.93,True,,not_attempted,,not_attempted_supported_sport,no independent results adapter for this competition in Phase 1 (game_winner only via Kalshi-only path),,,,,,,,not attempted
KXEUROCUPSPREAD,EuroCup Basketball Spread,Basketball,EuroCup,spread,A,78,77718.44,True,,not_attempted,,not_attempted_supported_sport,no independent results adapter for this competition in Phase 1 (game_winner only via Kalshi-only path),,,,,,,,not attempted
KXLNBELITESPREAD,LNB Elite Spread,Basketball,LNB Elite,spread,A,187,67639.14,True,,not_attempted,,not_attempted_supported_sport,no independent results adapter for this competition in Phase 1 (game_winner only via Kalshi-only path),,,,,,,,not attempted
KXBBSERIEASPREAD,Italy Serie A Spread,Basketball,Italy Serie A,spread,A,191,66002.07,True,,not_attempted,,not_attempted_supported_sport,no independent results adapter for this competition in Phase 1 (game_winner only via Kalshi-only path),,,,,,,,not attempted
KXFIBASPREAD,FIBA Spread,Basketball,FIBA World Cup Qualifiers,spread,A,37,59078.15,True,,not_attempted,,not_attempted_supported_sport,no independent results adapter for this competition in Phase 1 (game_winner only via Kalshi-only path),,,,,,,,not attempted
KXSBLSPREAD,Slovakia SBL Spread,Basketball,Slovakia SBL,spread,A,149,40604.85,True,,not_attempted,,not_attempted_supported_sport,no independent results adapter for this competition in Phase 1 (game_winner only via Kalshi-only path),,,,,,,,not attempted
KXABASPREAD,Adriatic ABA Spread,Basketball,Adriatic ABA,spread,A,108,38335.7,True,,not_attempted,,not_attempted_supported_sport,no independent results adapter for this competition in Phase 1 (game_winner only via Kalshi-only path),,,,,,,,not attempted
KXVTBSPREAD,Russia VTB United Spread,Basketball,Russia VTB United,spread,A,167,32073.94,True,,not_attempted,,not_attempted_supported_sport,no independent results adapter for this competition in Phase 1 (game_winner only via Kalshi-only path),,,,,,,,not attempted
KXCBASPREAD,Chinese Basketball Association Spread ,Basketball,Chinese Basketball Association,spread,A,33,26950.0,True,,not_attempted,,not_attempted_supported_sport,no independent results adapter for this competition in Phase 1 (game_winner only via Kalshi-only path),,,,,,,,not attempted
KXSLBSPREAD,England Super League Basketball Spread,Basketball,England Super League,spread,A,90,25485.77,True,,not_attempted,,not_attempted_supported_sport,no independent results adapter for this competition in Phase 1 (game_winner only via Kalshi-only path),,,,,,,,not attempted
KXLKLSPREAD,LKL Lithuania Spread,Basketball,Lithuania LKL,spread,A,117,17521.13,True,,not_attempted,,not_attempted_supported_sport,no independent results adapter for this competition in Phase 1 (game_winner only via Kalshi-only path),,,,,,,,not attempted
KXNBASERIESPTSSPREAD,Pro Basketball Series Points Spread,Basketball,Pro Basketball (M),spread,A,11,5036.87,True,nba,excluded_spec,,excluded_spec,no payoff parser for suffix 'SERIESPTSSPREAD',0,0,,,0,0,0,excluded
KXWNBASERIESSPREAD,WNBA Series Game Spread,Basketball,Pro Basketball (W),spread,A,4,1634.06,True,wnba,excluded_spec,,excluded_spec,no payoff parser for suffix 'SERIESSPREAD',0,0,,,0,0,0,excluded
KXEUROBASKETSPREAD,EuroBasket Spread,Basketball,,spread,A,0,0.0,True,,not_attempted,,not_attempted_supported_sport,no traded markets,,,,,,,,not attempted
KXFIBACHAMPSPREAD,FIBA Champions League Spread,Basketball,,spread,A,0,0.0,True,,not_attempted,,not_attempted_supported_sport,no traded markets,,,,,,,,not attempted
KXFIBAECUPSPREAD,FIBA Europe Cup Spread,Basketball,,spread,A,0,0.0,True,,not_attempted,,not_attempted_supported_sport,no traded markets,,,,,,,,not attempted
KXISLSPREAD,Israel Super League Spread,Basketball,,spread,A,0,0.0,True,,not_attempted,,not_attempted_supported_sport,no traded markets,,,,,,,,not attempted
KXKBLSPREAD,Korea KBL Spread,Basketball,,spread,A,0,0.0,True,,not_attempted,,not_attempted_supported_sport,no traded markets,,,,,,,,not attempted
KXNBATEAMTOTAL,NBA Team Total,Basketball,Pro Basketball (M),team_total,A,7111,31994186.35,True,nba,independent_outcomes,exploratory,exploratory_evaluated,only 0 pre-test settled contracts (< 30),9486,9486,0/0,9486/9486,0,9486,529,evaluated
KXWNBATEAMTOTAL,WNBA Team Totals,Basketball,Pro Basketball (W),team_total,A,1902,2948174.05,True,wnba,independent_outcomes,exploratory,exploratory_evaluated,only 0 pre-test settled contracts (< 30),2017,1981,0/0,1981/1981,0,1941,100,evaluated
KXLBJRTEAM,XYZ,Basketball,,test_placeholder,E,0,0.0,True,,not_attempted,,not_attempted_supported_sport,out of scope (test),,,,,,,,not attempted
KXNBATOTAL,NBA Total,Basketball,Pro Basketball (M),total,A,15295,1342880856.41,True,nba,independent_outcomes,strict,strict_evaluated,,15329,14754,5401/5401,14754/14754,0,9353,830,evaluated
KXNCAAMBTOTAL,Men's College Basketball Total Points,Basketball,College Basketball (M),total,A,48351,731561736.0,True,ncaamb,independent_outcomes,strict,strict_evaluated,,48580,48533,14016/14016,48531/48533,2,34515,3481,evaluated
KXWNBATOTAL,Women's Pro Basketball Total,Basketball,Pro Basketball (W),total,A,3521,292589724.74,True,wnba,independent_outcomes,exploratory,exploratory_evaluated,only 0 pre-test settled contracts (< 30),3327,3279,0/0,3279/3279,0,3252,343,evaluated
KXNBASUMMERTOTAL,Pro Basketball Summer League Total,Basketball,Pro Basketball Summer League,total,A,996,43880516.67,True,,not_attempted,,not_attempted_supported_sport,no independent results adapter for this competition in Phase 1 (game_winner only via Kalshi-only path),,,,,,,,not attempted
KXNBAWINS,Pro Basketball Win Totals,Basketball,Pro Basketball (M),total,A,512,7890608.74,True,nba,excluded_spec,,excluded_spec,no payoff parser for suffix 'WINS',0,0,,,0,0,0,excluded
KXNCAAWBTOTAL,Women's College Basketball Total Points,Basketball,CBB Tournament (W),total,A,658,6786548.0,True,,not_attempted,,not_attempted_supported_sport,no independent results adapter for this competition in Phase 1 (game_winner only via Kalshi-only path),,,,,,,,not attempted
KXWFIBATOTAL,Women's FIBA Total,Basketball,FIBA World Cup (W),total,A,324,2507536.3,True,,not_attempted,,not_attempted_supported_sport,no independent results adapter for this competition in Phase 1 (game_winner only via Kalshi-only path),,,,,,,,not attempted
KXNBASERIESGAMES,NBA Series Total Games,Basketball,Pro Basketball (M),total,A,45,1952367.72,True,nba,excluded_spec,,excluded_spec,no payoff parser for suffix 'SERIESGAMES',0,0,,,0,0,0,excluded
KXEUROLEAGUETOTAL,EuroLeague Total,Basketball,EuroLeague,total,A,441,937906.05,True,,not_attempted,,not_attempted_supported_sport,no independent results adapter for this competition in Phase 1 (game_winner only via Kalshi-only path),,,,,,,,not attempted
KXNBLTOTAL,Australia NBL Total,Basketball,Australia NBL,total,A,262,516853.58,True,,not_attempted,,not_attempted_supported_sport,no independent results adapter for this competition in Phase 1 (game_winner only via Kalshi-only path),,,,,,,,not attempted
KXLNBPTOTAL,LNBP Total,Basketball,Mexico LNBP,total,A,752,504843.8,True,,not_attempted,,not_attempted_supported_sport,no independent results adapter for this competition in Phase 1 (game_winner only via Kalshi-only path),,,,,,,,not attempted
KXWNBAWINS,WNBA Win Totals,Basketball,Pro Basketball (W),total,A,99,334195.45,True,wnba,excluded_spec,,excluded_spec,no payoff parser for suffix 'WINS',0,0,,,0,0,0,excluded
KXBBLTOTAL,Germany BBL Total,Basketball,Germany BBL,total,A,356,330897.07,True,,not_attempted,,not_attempted_supported_sport,no independent results adapter for this competition in Phase 1 (game_winner only via Kalshi-only path),,,,,,,,not attempted
KXEUROCUPTOTAL,EuroCup Basketball Total,Basketball,EuroCup,total,A,74,191089.21,True,,not_attempted,,not_attempted_supported_sport,no independent results adapter for this competition in Phase 1 (game_winner only via Kalshi-only path),,,,,,,,not attempted
KXFIBATOTAL,FIBA Total,Basketball,FIBA World Cup Qualifiers,total,A,50,188554.05,True,,not_attempted,,not_attempted_supported_sport,no independent results adapter for this competition in Phase 1 (game_winner only via Kalshi-only path),,,,,,,,not attempted
KXACBTOTAL,Spain Liga ACB Total,Basketball,Spain Liga ACB,total,A,188,176822.58,True,,not_attempted,,not_attempted_supported_sport,no independent results adapter for this competition in Phase 1 (game_winner only via Kalshi-only path),,,,,,,,not attempted
KXBSLTOTAL,Turkey BSL Total,Basketball,Turkey BSL,total,A,146,131962.6,True,,not_attempted,,not_attempted_supported_sport,no independent results adapter for this competition in Phase 1 (game_winner only via Kalshi-only path),,,,,,,,not attempted
KXBBSERIEATOTAL,Italy Serie A Total,Basketball,Italy Serie A,total,A,149,59997.68,True,,not_attempted,,not_attempted_supported_sport,no independent results adapter for this competition in Phase 1 (game_winner only via Kalshi-only path),,,,,,,,not attempted
KXLEADERWNBA3PT,WNBA Total 3-Pointers Made Leader,Basketball,Pro Basketball (W),total,A,17,50984.25,True,,not_attempted,,not_attempted_supported_sport,no independent results adapter for this competition in Phase 1 (game_winner only via Kalshi-only path),,,,,,,,not attempted
KXLNBELITETOTAL,LNB Elite Total,Basketball,LNB Elite,total,A,131,44469.43,True,,not_attempted,,not_attempted_supported_sport,no independent results adapter for this competition in Phase 1 (game_winner only via Kalshi-only path),,,,,,,,not attempted
KXVTBTOTAL,Russia VTB United Total,Basketball,Russia VTB United,total,A,133,39620.73,True,,not_attempted,,not_attempted_supported_sport,no independent results adapter for this competition in Phase 1 (game_winner only via Kalshi-only path),,,,,,,,not attempted
KXABATOTAL,Adriatic ABA Total,Basketball,Adriatic ABA,total,A,85,39467.45,True,,not_attempted,,not_attempted_supported_sport,no independent results adapter for this competition in Phase 1 (game_winner only via Kalshi-only path),,,,,,,,not attempted
KXSBLTOTAL,Slovakia SBL Total,Basketball,Slovakia SBL,total,A,123,37563.32,True,,not_attempted,,not_attempted_supported_sport,no independent results adapter for this competition in Phase 1 (game_winner only via Kalshi-only path),,,,,,,,not attempted
KXCBATOTAL,Chinese Basketball Association Total ,Basketball,Chinese Basketball Association,total,A,39,35382.0,True,,not_attempted,,not_attempted_supported_sport,no independent results adapter for this competition in Phase 1 (game_winner only via Kalshi-only path),,,,,,,,not attempted
KXWNBASERIESGAMES,WNBA Series Total Games,Basketball,Pro Basketball (W),total,A,7,30280.74,True,wnba,excluded_spec,,excluded_spec,no payoff parser for suffix 'SERIESGAMES',0,0,,,0,0,0,excluded
KXLKLTOTAL,LKL Lithuania Total,Basketball,Lithuania LKL,total,A,86,28466.61,True,,not_attempted,,not_attempted_supported_sport,no independent results adapter for this competition in Phase 1 (game_winner only via Kalshi-only path),,,,,,,,not attempted
KXNBASERIESROADWINS,Pro Basketball Series Total Road Wins,Basketball,Pro Basketball (M),total,A,7,28176.21,True,nba,excluded_spec,,excluded_spec,no payoff parser for suffix 'SERIESROADWINS',0,0,,,0,0,0,excluded
KXSLBTOTAL,England Super League Basketball Total,Basketball,England Super League,total,A,89,27249.05,True,,not_attempted,,not_attempted_supported_sport,no independent results adapter for this competition in Phase 1 (game_winner only via Kalshi-only path),,,,,,,,not attempted
KXNBASERIESTOTALPTS,Pro Basketball Series Total Points,Basketball,Pro Basketball (M),total,A,9,11526.91,True,nba,excluded_spec,,excluded_spec,no payoff parser for suffix 'SERIESTOTALPTS',0,0,,,0,0,0,excluded
KXNCAAMBWINS,Men's College Basketball Win Totals,Basketball,College Basketball (M),total,A,51,3714.85,True,ncaamb,excluded_spec,,excluded_spec,no payoff parser for suffix 'WINS',0,0,,,0,0,0,excluded
KXNBAMOSTWINS,Pro Basketball Highest Win Total,Basketball,Pro Basketball (M),total,A,2,2158.21,True,nba,excluded_spec,,excluded_spec,no payoff parser for suffix 'MOSTWINS',0,0,,,0,0,0,excluded
KXNCAAWBWINS,Women's College Basketball Win Totals,Basketball,College Basketball (W),total,A,9,450.0,True,ncaawb,excluded_spec,,excluded_spec,no payoff parser for suffix 'WINS',0,0,,,0,0,0,excluded
KXNBAH2HWINS,NBA Head to Head Win Total,Basketball,Pro Basketball (M),total,A,3,198.55,True,nba,excluded_spec,,excluded_spec,no payoff parser for suffix 'H2HWINS',0,0,,,0,0,0,excluded
KXEUROBASKETTOTAL,EuroBasket Total,Basketball,,total,A,0,0.0,True,,not_attempted,,not_attempted_supported_sport,no traded markets,,,,,,,,not attempted
KXFIBACHAMPTOTAL,FIBA Champions League Total,Basketball,,total,A,0,0.0,True,,not_attempted,,not_attempted_supported_sport,no traded markets,,,,,,,,not attempted
KXFIBAECUPTOTAL,FIBA Europe Cup Total,Basketball,,total,A,0,0.0,True,,not_attempted,,not_attempted_supported_sport,no traded markets,,,,,,,,not attempted
KXISLTOTAL,Israel Super League Total,Basketball,,total,A,0,0.0,True,,not_attempted,,not_attempted_supported_sport,no traded markets,,,,,,,,not attempted
KXKBLTOTAL,Korea KBL Total,Basketball,,total,A,0,0.0,True,,not_attempted,,not_attempted_supported_sport,no traded markets,,,,,,,,not attempted
KXMARMAD,Men's College Basketball Tournament Champion,Basketball,CBB Tournament,tournament_outright,B,550,706825200.28,True,,not_attempted,,not_attempted_supported_sport,outright/bracket: few independent outcomes per season; needs prospective capture + simulation,,,,,,,,not attempted
KXNBA,Pro Basketball Champion,Basketball,Pro Basketball (M),tournament_outright,B,87,478948871.54,True,,not_attempted,,not_attempted_supported_sport,outright/bracket: few independent outcomes per season; needs prospective capture + simulation,,,,,,,,not attempted
KXNBAWEST,Pro Basketball Western Conference Champion,Basketball,Pro Basketball (M),tournament_outright,B,42,147424035.49,True,,not_attempted,,not_attempted_supported_sport,outright/bracket: few independent outcomes per season; needs prospective capture + simulation,,,,,,,,not attempted
KXNBAEAST,Pro Basketball Eastern Conference Champion,Basketball,Pro Basketball (M),tournament_outright,B,46,63667187.6,True,,not_attempted,,not_attempted_supported_sport,outright/bracket: few independent outcomes per season; needs prospective capture + simulation,,,,,,,,not attempted
KXNBACUP,Pro Basketball Cup Champion,Basketball,Pro Basketball (M),tournament_outright,B,52,23199593.11,True,,not_attempted,,not_attempted_supported_sport,outright/bracket: few independent outcomes per season; needs prospective capture + simulation,,,,,,,,not attempted
KXMARMADROUND,Reach March Madness Round,Basketball,College Basketball (M),tournament_outright,B,762,17438172.38,True,,not_attempted,,not_attempted_supported_sport,outright/bracket: few independent outcomes per season; needs prospective capture + simulation,,,,,,,,not attempted
KXNCAAMBBIG10,Big Ten Conference Tournament,Basketball,College Basketball (M),tournament_outright,B,29,14510523.9,True,,not_attempted,,not_attempted_supported_sport,outright/bracket: few independent outcomes per season; needs prospective capture + simulation,,,,,,,,not attempted
KXNCAAMBACC,ACC Conference Tournament,Basketball,College Basketball (M),tournament_outright,B,20,12072405.87,True,,not_attempted,,not_attempted_supported_sport,outright/bracket: few independent outcomes per season; needs prospective capture + simulation,,,,,,,,not attempted
KXNCAAMBSEC,SEC Conference Tournament,Basketball,College Basketball (M),tournament_outright,B,26,11128321.09,True,,not_attempted,,not_attempted_supported_sport,outright/bracket: few independent outcomes per season; needs prospective capture + simulation,,,,,,,,not attempted
KXNCAAMBBIG12,Big 12 Conference Tournament,Basketball,College Basketball (M),tournament_outright,B,25,11036020.9,True,,not_attempted,,not_attempted_supported_sport,outright/bracket: few independent outcomes per season; needs prospective capture + simulation,,,,,,,,not attempted
KXFIBACHAMPLEAGUEGAME,FIBA Champions League Game,Basketball,FIBA Champions League,tournament_outright,B,142,10778178.68,True,,not_attempted,,not_attempted_supported_sport,outright/bracket: few independent outcomes per season; needs prospective capture + simulation,,,,,,,,not attempted
KXWNBA,WNBA Championship,Basketball,Pro Basketball (W),tournament_outright,B,28,10081820.99,True,,not_attempted,,not_attempted_supported_sport,outright/bracket: few independent outcomes per season; needs prospective capture + simulation,,,,,,,,not attempted
KXNCAAMBWAC,Western Athletic Conference Tournament,Basketball,College Basketball (M),tournament_outright,B,7,9644425.0,True,,not_attempted,,not_attempted_supported_sport,outright/bracket: few independent outcomes per season; needs prospective capture + simulation,,,,,,,,not attempted
KXNCAAMBIVY,Ivy League Conference Tournament,Basketball,College Basketball (M),tournament_outright,B,5,9505394.72,True,,not_attempted,,not_attempted_supported_sport,outright/bracket: few independent outcomes per season; needs prospective capture + simulation,,,,,,,,not attempted
KXNCAAMBNIT,Men's NIT Tournament Champion,Basketball,NIT,tournament_outright,B,27,8739009.0,True,,not_attempted,,not_attempted_supported_sport,outright/bracket: few independent outcomes per season; needs prospective capture + simulation,,,,,,,,not attempted
KXNCAAMBBIGEAST,Big East Conference Tournament,Basketball,College Basketball (M),tournament_outright,B,17,8334762.76,True,,not_attempted,,not_attempted_supported_sport,outright/bracket: few independent outcomes per season; needs prospective capture + simulation,,,,,,,,not attempted
KXTEAMSINNBAF,Teams in NBA Finals,Basketball,Pro Basketball (M),tournament_outright,B,68,7967284.22,True,,not_attempted,,not_attempted_supported_sport,outright/bracket: few independent outcomes per season; needs prospective capture + simulation,,,,,,,,not attempted
KXNCAAMBBWEST,Big West Conference Tournament,Basketball,College Basketball (M),tournament_outright,B,9,6851770.0,True,,not_attempted,,not_attempted_supported_sport,outright/bracket: few independent outcomes per season; needs prospective capture + simulation,,,,,,,,not attempted
KXNCAAMBMAMER,Mid-American Conference Tournament,Basketball,College Basketball (M),tournament_outright,B,9,4590203.55,True,,not_attempted,,not_attempted_supported_sport,outright/bracket: few independent outcomes per season; needs prospective capture + simulation,,,,,,,,not attempted
KXNBAPLAYOFF,Pro Basketball Playoff Qualifier,Basketball,Pro Basketball (M),tournament_outright,B,73,4460439.48,True,,not_attempted,,not_attempted_supported_sport,outright/bracket: few independent outcomes per season; needs prospective capture + simulation,,,,,,,,not attempted
KXNCAAMBBSKY,Big Sky Conference Tournament,Basketball,College Basketball (M),tournament_outright,B,10,4161193.0,True,,not_attempted,,not_attempted_supported_sport,outright/bracket: few independent outcomes per season; needs prospective capture + simulation,,,,,,,,not attempted
KXNCAAMBWCC,West Coast Conference Tournament,Basketball,College Basketball (M),tournament_outright,B,9,3993959.03,True,,not_attempted,,not_attempted_supported_sport,outright/bracket: few independent outcomes per season; needs prospective capture + simulation,,,,,,,,not attempted
KXMAKEMARMAD,Make March Madness Tournament,Basketball,CBB Tournament,tournament_outright,B,166,3895535.0,True,,not_attempted,,not_attempted_supported_sport,outright/bracket: few independent outcomes per season; needs prospective capture + simulation,,,,,,,,not attempted
KXNCAAMBAMER,American Conference Tournament,Basketball,College Basketball (M),tournament_outright,B,11,3841436.38,True,,not_attempted,,not_attempted_supported_sport,outright/bracket: few independent outcomes per season; needs prospective capture + simulation,,,,,,,,not attempted
KXNCAAMBA10,Atlantic-10 Conference Tournament,Basketball,College Basketball (M),tournament_outright,B,15,3464176.42,True,,not_attempted,,not_attempted_supported_sport,outright/bracket: few independent outcomes per season; needs prospective capture + simulation,,,,,,,,not attempted
KXNCAAMBMW,Mountain West Conference Tournament,Basketball,College Basketball (M),tournament_outright,B,14,3303363.23,True,,not_attempted,,not_attempted_supported_sport,outright/bracket: few independent outcomes per season; needs prospective capture + simulation,,,,,,,,not attempted
KXNCAAMBAE,American East Conference Tournament,Basketball,College Basketball (M),tournament_outright,B,8,3253272.61,True,,not_attempted,,not_attempted_supported_sport,outright/bracket: few independent outcomes per season; needs prospective capture + simulation,,,,,,,,not attempted
KXMARMADUPSET,March Madness Upsets,Basketball,CBB Tournament,tournament_outright,B,42,2626092.0,True,,not_attempted,,not_attempted_supported_sport,outright/bracket: few independent outcomes per season; needs prospective capture + simulation,,,,,,,,not attempted
KXNCAAMBASUN,Atlantic Sun Conference Tournament,Basketball,College Basketball (M),tournament_outright,B,10,2419328.0,True,,not_attempted,,not_attempted_supported_sport,outright/bracket: few independent outcomes per season; needs prospective capture + simulation,,,,,,,,not attempted
KXNCAAMBUSA,Conference USA Conference Tournament,Basketball,College Basketball (M),tournament_outright,B,12,2160204.22,True,,not_attempted,,not_attempted_supported_sport,outright/bracket: few independent outcomes per season; needs prospective capture + simulation,,,,,,,,not attempted
KXNBAFINALSEXACT,Pro Basketball Championship Series Score,Basketball,,tournament_outright,B,8,1893606.0,True,,not_attempted,,not_attempted_supported_sport,outright/bracket: few independent outcomes per season; needs prospective capture + simulation,,,,,,,,not attempted
KXNCAAMBSLC,Southland Conference Tournament,Basketball,College Basketball (M),tournament_outright,B,9,1741730.0,True,,not_attempted,,not_attempted_supported_sport,outright/bracket: few independent outcomes per season; needs prospective capture + simulation,,,,,,,,not attempted
KXMARMADSEEDWIN,March Madness Seed Win,Basketball,CBB Tournament,tournament_outright,B,8,1714083.0,True,,not_attempted,,not_attempted_supported_sport,outright/bracket: few independent outcomes per season; needs prospective capture + simulation,,,,,,,,not attempted
KXNCAAMBSWAC,Southwestern Atlantic Conference Tournament,Basketball,College Basketball (M),tournament_outright,B,12,1692858.0,True,,not_attempted,,not_attempted_supported_sport,outright/bracket: few independent outcomes per season; needs prospective capture + simulation,,,,,,,,not attempted
KXNCAAMBSOCON,Southern Conference Tournament,Basketball,College Basketball (M),tournament_outright,B,10,1487945.0,True,,not_attempted,,not_attempted_supported_sport,outright/bracket: few independent outcomes per season; needs prospective capture + simulation,,,,,,,,not attempted
KXNCAAMBCAA,Coastal Athletic Association Conference Tournament,Basketball,College Basketball (M),tournament_outright,B,15,1442871.89,True,,not_attempted,,not_attempted_supported_sport,outright/bracket: few independent outcomes per season; needs prospective capture + simulation,,,,,,,,not attempted
KXNCAAMBHOR,Horizon League Conference Tournament,Basketball,College Basketball (M),tournament_outright,B,11,1300214.0,True,,not_attempted,,not_attempted_supported_sport,outright/bracket: few independent outcomes per season; needs prospective capture + simulation,,,,,,,,not attempted
KXNCAAMBBSOU,Big South Conference Tournament,Basketball,College Basketball (M),tournament_outright,B,10,1269659.0,True,,not_attempted,,not_attempted_supported_sport,outright/bracket: few independent outcomes per season; needs prospective capture + simulation,,,,,,,,not attempted
KXNCAAMBMVAL,Missouri Valley Conference Tournament,Basketball,College Basketball (M),tournament_outright,B,11,1183762.0,True,,not_attempted,,not_attempted_supported_sport,outright/bracket: few independent outcomes per season; needs prospective capture + simulation,,,,,,,,not attempted
KXNCAAMBSUM,Summit League Conference Tournament,Basketball,College Basketball (M),tournament_outright,B,11,913617.4,True,,not_attempted,,not_attempted_supported_sport,outright/bracket: few independent outcomes per season; needs prospective capture + simulation,,,,,,,,not attempted
KXNCAAMBSBELT,Sun Belt Conference Tournament,Basketball,College Basketball (M),tournament_outright,B,14,804663.0,True,,not_attempted,,not_attempted_supported_sport,outright/bracket: few independent outcomes per season; needs prospective capture + simulation,,,,,,,,not attempted
KXMARMADSEEDROUND,March Madness Seed Round,Basketball,CBB Tournament,tournament_outright,B,20,756990.0,True,,not_attempted,,not_attempted_supported_sport,outright/bracket: few independent outcomes per season; needs prospective capture + simulation,,,,,,,,not attempted
KXNCAAMBNEC,Northeast Conference Tournament,Basketball,College Basketball (M),tournament_outright,B,8,707097.0,True,,not_attempted,,not_attempted_supported_sport,outright/bracket: few independent outcomes per season; needs prospective capture + simulation,,,,,,,,not attempted
KXNCAAMBMEAC,Mid-Eastern Conference Tournament,Basketball,College Basketball (M),tournament_outright,B,10,635073.68,True,,not_attempted,,not_attempted_supported_sport,outright/bracket: few independent outcomes per season; needs prospective capture + simulation,,,,,,,,not attempted
KXNCAAMBPAT,Patriot League Conference Tournament,Basketball,College Basketball (M),tournament_outright,B,11,614856.62,True,,not_attempted,,not_attempted_supported_sport,outright/bracket: few independent outcomes per season; needs prospective capture + simulation,,,,,,,,not attempted
KXTEAMSINNBAWF,Teams in NBA Western Conference Finals,Basketball,Pro Basketball (M),tournament_outright,B,18,596326.51,True,,not_attempted,,not_attempted_supported_sport,outright/bracket: few independent outcomes per season; needs prospective capture + simulation,,,,,,,,not attempted
KXNCAAMBOV,Ohio Valley Conference Tournament,Basketball,College Basketball (M),tournament_outright,B,9,586017.23,True,,not_attempted,,not_attempted_supported_sport,outright/bracket: few independent outcomes per season; needs prospective capture + simulation,,,,,,,,not attempted
KXNBARETURN,Pro Basketball Player to Return,Basketball,Pro Basketball (M),tournament_outright,B,81,570291.86,True,,not_attempted,,not_attempted_supported_sport,outright/bracket: few independent outcomes per season; needs prospective capture + simulation,,,,,,,,not attempted
KXNBAUNBEATEN,NBA Playoffs Team to go Undefeated,Basketball,Pro Basketball (M),tournament_outright,B,1,513907.77,True,,not_attempted,,not_attempted_supported_sport,outright/bracket: few independent outcomes per season; needs prospective capture + simulation,,,,,,,,not attempted
KXNCAAMBIGTEN,big ten MEN'S BASKETBALL TOURNAMENT,Basketball,,tournament_outright,B,18,484785.0,True,,not_attempted,,not_attempted_supported_sport,outright/bracket: few independent outcomes per season; needs prospective capture + simulation,,,,,,,,not attempted
KXTEAMSINNBAEF,Teams in NBA Eastern Conference Finals,Basketball,Pro Basketball (M),tournament_outright,B,27,473150.64,True,,not_attempted,,not_attempted_supported_sport,outright/bracket: few independent outcomes per season; needs prospective capture + simulation,,,,,,,,not attempted
KXNBA30COMEBACK,NBA 3-0 Series Comeback,Basketball,Pro Basketball (M),tournament_outright,B,1,460893.09,True,,not_attempted,,not_attempted_supported_sport,outright/bracket: few independent outcomes per season; needs prospective capture + simulation,,,,,,,,not attempted
KXMARMADSEEDSUM,March Madness Sum of Seeds,Basketball,CBB Tournament,tournament_outright,B,16,442658.0,True,,not_attempted,,not_attempted_supported_sport,outright/bracket: few independent outcomes per season; needs prospective capture + simulation,,,,,,,,not attempted
KXWMARMADROUND,Reach March Madness Round,Basketball,College Basketball (W),tournament_outright,B,192,440875.09,True,,not_attempted,,not_attempted_supported_sport,outright/bracket: few independent outcomes per season; needs prospective capture + simulation,,,,,,,,not attempted
KXNCAABBIGTEN,Big Ten Men's Basketball Tournament,Basketball,,tournament_outright,B,29,412396.0,True,,not_attempted,,not_attempted_supported_sport,outright/bracket: few independent outcomes per season; needs prospective capture + simulation,,,,,,,,not attempted
KXNCAAMSEC,SEC MEN'S BASKETBALL TOURNAMENT,Basketball,,tournament_outright,B,16,392673.0,True,,not_attempted,,not_attempted_supported_sport,outright/bracket: few independent outcomes per season; needs prospective capture + simulation,,,,,,,,not attempted
KXRECORDNBABEST,Best Pro Basketball Record,Basketball,Pro Basketball (M),tournament_outright,B,30,335524.0,True,,not_attempted,,not_attempted_supported_sport,outright/bracket: few independent outcomes per season; needs prospective capture + simulation,,,,,,,,not attempted
KXNCAAMACC,ACC MEN'S BASKETBALL TOURNAMENT,Basketball,,tournament_outright,B,18,332474.0,True,,not_attempted,,not_attempted_supported_sport,outright/bracket: few independent outcomes per season; needs prospective capture + simulation,,,,,,,,not attempted
KXNBASOUTHEAST,Pro Basketball Southeast Division Winner,Basketball,Pro Basketball (M),tournament_outright,B,10,321801.93,True,,not_attempted,,not_attempted_supported_sport,outright/bracket: few independent outcomes per season; needs prospective capture + simulation,,,,,,,,not attempted
KXNCAAMBUNDEFEATED,Undefeated in College Basketball Regular Season,Basketball,College Basketball (M),tournament_outright,B,28,319374.73,True,,not_attempted,,not_attempted_supported_sport,outright/bracket: few independent outcomes per season; needs prospective capture + simulation,,,,,,,,not attempted
KXNBASUMMER,Pro Basketball Summer League Champion,Basketball,Pro Basketball Summer League,tournament_outright,B,30,318663.6,True,,not_attempted,,not_attempted_supported_sport,outright/bracket: few independent outcomes per season; needs prospective capture + simulation,,,,,,,,not attempted
KXWNBAPLAYOFF,Women's Pro Basketball Playoff Qualifiers,Basketball,Pro Basketball (W),tournament_outright,B,28,300430.61,True,,not_attempted,,not_attempted_supported_sport,outright/bracket: few independent outcomes per season; needs prospective capture + simulation,,,,,,,,not attempted
KXNCAABSEC,SEC Men's Basketball Tournament,Basketball,,tournament_outright,B,35,296418.0,True,,not_attempted,,not_attempted_supported_sport,outright/bracket: few independent outcomes per season; needs prospective capture + simulation,,,,,,,,not attempted
KXMARMADCONFWIN,March Madness Conference Winner,Basketball,CBB Tournament,tournament_outright,B,6,245753.0,True,,not_attempted,,not_attempted_supported_sport,outright/bracket: few independent outcomes per season; needs prospective capture + simulation,,,,,,,,not attempted
KXNBAPACIFIC,Pro Basketball Pacific Division Winner,Basketball,Pro Basketball (M),tournament_outright,B,10,216489.44,True,,not_attempted,,not_attempted_supported_sport,outright/bracket: few independent outcomes per season; needs prospective capture + simulation,,,,,,,,not attempted
KXMARMADSEEDDIF,March Madness Biggest Upset,Basketball,CBB Tournament,tournament_outright,B,6,207903.0,True,,not_attempted,,not_attempted_supported_sport,outright/bracket: few independent outcomes per season; needs prospective capture + simulation,,,,,,,,not attempted
KXNCAAMBIG12,Big 12 MEN'S BASKETBALL TOURNAMENT,Basketball,,tournament_outright,B,12,205991.0,True,,not_attempted,,not_attempted_supported_sport,outright/bracket: few independent outcomes per season; needs prospective capture + simulation,,,,,,,,not attempted
KXNBASWEEP,NBA Teams to Have a Series Sweep,Basketball,Pro Basketball (M),tournament_outright,B,8,205836.26,True,,not_attempted,,not_attempted_supported_sport,outright/bracket: few independent outcomes per season; needs prospective capture + simulation,,,,,,,,not attempted
KXNCAABACC,ACC Men's Basketball Tournament,Basketball,,tournament_outright,B,35,195642.0,True,,not_attempted,,not_attempted_supported_sport,outright/bracket: few independent outcomes per season; needs prospective capture + simulation,,,,,,,,not attempted
KXWNBACCUP,WNBA Commissioner's Cup Winner,Basketball,Pro Basketball (W),tournament_outright,B,15,184209.03,True,,not_attempted,,not_attempted_supported_sport,outright/bracket: few independent outcomes per season; needs prospective capture + simulation,,,,,,,,not attempted
KXNCAABBIG12,Big 12 Men's Basketball Tournament,Basketball,,tournament_outright,B,33,171753.0,True,,not_attempted,,not_attempted_supported_sport,outright/bracket: few independent outcomes per season; needs prospective capture + simulation,,,,,,,,not attempted
KXNBAPLAYOFF3D,NBA Playoff Triple-Double,Basketball,Pro Basketball (M),tournament_outright,B,28,159402.27,True,,not_attempted,,not_attempted_supported_sport,outright/bracket: few independent outcomes per season; needs prospective capture + simulation,,,,,,,,not attempted
KXNBAATLANTIC,Pro Basketball Atlantic Division Winner,Basketball,Pro Basketball (M),tournament_outright,B,10,152409.28,True,,not_attempted,,not_attempted_supported_sport,outright/bracket: few independent outcomes per season; needs prospective capture + simulation,,,,,,,,not attempted
KXNCAABBIGEAST,Big East Men's Basketball Tournament,Basketball,,tournament_outright,B,18,145938.0,True,,not_attempted,,not_attempted_supported_sport,outright/bracket: few independent outcomes per season; needs prospective capture + simulation,,,,,,,,not attempted
KXNBAPLAYIN,Which Team Will Make the Play-In Tournament,Basketball,Pro Basketball (M),tournament_outright,B,59,144982.1,True,,not_attempted,,not_attempted_supported_sport,outright/bracket: few independent outcomes per season; needs prospective capture + simulation,,,,,,,,not attempted
KXNBAGAME7,NBA Series that Go to a Game 7,Basketball,Pro Basketball (M),tournament_outright,B,8,142434.17,True,,not_attempted,,not_attempted_supported_sport,outright/bracket: few independent outcomes per season; needs prospective capture + simulation,,,,,,,,not attempted
KXNBAPIADVANCE,NBA Play-In Team to Advance,Basketball,Pro Basketball (M),tournament_outright,B,2,141416.12,True,,not_attempted,,not_attempted_supported_sport,outright/bracket: few independent outcomes per season; needs prospective capture + simulation,,,,,,,,not attempted
KXMARMADPTS,Men's March Madness Points,Basketball,CBB Tournament,tournament_outright,B,5,136459.0,True,,not_attempted,,not_attempted_supported_sport,outright/bracket: few independent outcomes per season; needs prospective capture + simulation,,,,,,,,not attempted
KXWFIBAWC,Women's FIBA World Cup Winner,Basketball,FIBA World Cup (W),tournament_outright,B,11,135626.96,True,,not_attempted,,not_attempted_supported_sport,outright/bracket: few independent outcomes per season; needs prospective capture + simulation,,,,,,,,not attempted
KXWNBASEMIFINAL,Women's Pro Basketball Semifinals Qualifiers,Basketball,Pro Basketball (W),tournament_outright,B,12,130227.95,True,,not_attempted,,not_attempted_supported_sport,outright/bracket: few independent outcomes per season; needs prospective capture + simulation,,,,,,,,not attempted
KXNBAUPSET,NBA Number of Upsets per Round,Basketball,Pro Basketball (M),tournament_outright,B,8,109328.79,True,,not_attempted,,not_attempted_supported_sport,outright/bracket: few independent outcomes per season; needs prospective capture + simulation,,,,,,,,not attempted
KXWNBA3PTROUND,Women's Pro Basketball 3-Point Contest Round Qualifiers,Basketball,Pro Basketball (W),tournament_outright,B,6,100293.93,True,,not_attempted,,not_attempted_supported_sport,outright/bracket: few independent outcomes per season; needs prospective capture + simulation,,,,,,,,not attempted
KXNBAMATCHUP,NBA Matchup,Basketball,Pro Basketball (M),tournament_outright,B,28,99967.27,True,,not_attempted,,not_attempted_supported_sport,outright/bracket: few independent outcomes per season; needs prospective capture + simulation,,,,,,,,not attempted
KXNCAAMIVYLEAGUE,Ivy League MEN'S BASKETBALL TOURNAMENT,Basketball,,tournament_outright,B,7,96706.0,True,,not_attempted,,not_attempted_supported_sport,outright/bracket: few independent outcomes per season; needs prospective capture + simulation,,,,,,,,not attempted
KXNCAAMBIGEAST,Big East Men's basketball tournament,Basketball,,tournament_outright,B,12,90731.0,True,,not_attempted,,not_attempted_supported_sport,outright/bracket: few independent outcomes per season; needs prospective capture + simulation,,,,,,,,not attempted
KXNBAWINRECORD,OKC NBA Win Record,Basketball,Pro Basketball (M),tournament_outright,B,1,90123.0,True,,not_attempted,,not_attempted_supported_sport,outright/bracket: few independent outcomes per season; needs prospective capture + simulation,,,,,,,,not attempted
KXWNBA1SEED,Women's Pro Basketball #1 Seed,Basketball,Pro Basketball (W),tournament_outright,B,13,84955.03,True,,not_attempted,,not_attempted_supported_sport,outright/bracket: few independent outcomes per season; needs prospective capture + simulation,,,,,,,,not attempted
KXWNBAFINAL,Women's Pro Basketball Finals Qualifiers,Basketball,Pro Basketball (W),tournament_outright,B,12,78368.55,True,,not_attempted,,not_attempted_supported_sport,outright/bracket: few independent outcomes per season; needs prospective capture + simulation,,,,,,,,not attempted
KXWNBAWORSTREC,Women's Pro Basketball Worst Record,Basketball,Pro Basketball (W),tournament_outright,B,9,74671.26,True,,not_attempted,,not_attempted_supported_sport,outright/bracket: few independent outcomes per season; needs prospective capture + simulation,,,,,,,,not attempted
KXNBASOUTHWEST,Pro Basketball Southwest Division Winner,Basketball,Pro Basketball (M),tournament_outright,B,10,61097.92,True,,not_attempted,,not_attempted_supported_sport,outright/bracket: few independent outcomes per season; needs prospective capture + simulation,,,,,,,,not attempted
KXWNBAPLAYOFFHOST,Women's Pro Basketball Playoff Home Games,Basketball,Pro Basketball (W),tournament_outright,B,5,59757.98,True,,not_attempted,,not_attempted_supported_sport,outright/bracket: few independent outcomes per season; needs prospective capture + simulation,,,,,,,,not attempted
KXNCAAWBNIT,Women's NIT Tournament Champion,Basketball,NIT (W),tournament_outright,B,4,57763.0,True,,not_attempted,,not_attempted_supported_sport,outright/bracket: few independent outcomes per season; needs prospective capture + simulation,,,,,,,,not attempted
KXNCAAMBTEAMMOSTPTS,College Basketball Team with the Most Points Scored,Basketball,CBB Tournament,tournament_outright,B,26,55057.0,True,,not_attempted,,not_attempted_supported_sport,outright/bracket: few independent outcomes per season; needs prospective capture + simulation,,,,,,,,not attempted
KXNBANORTHWEST,Pro Basketball Northwest Division Winner,Basketball,Pro Basketball (M),tournament_outright,B,10,51024.9,True,,not_attempted,,not_attempted_supported_sport,outright/bracket: few independent outcomes per season; needs prospective capture + simulation,,,,,,,,not attempted
KXWNBADRAFT5,WNBA Draft 5th Pick,Basketball,Pro Basketball (W),tournament_outright,B,14,48201.0,True,,not_attempted,,not_attempted_supported_sport,outright/bracket: few independent outcomes per season; needs prospective capture + simulation,,,,,,,,not attempted
KXEUROLEAGUE,EuroLeague Champion,Basketball,EuroLeague,tournament_outright,B,9,43788.8,True,,not_attempted,,not_attempted_supported_sport,outright/bracket: few independent outcomes per season; needs prospective capture + simulation,,,,,,,,not attempted
KXNBACENTRAL,Pro Basketball Central Division Winner,Basketball,Pro Basketball (M),tournament_outright,B,10,39476.87,True,,not_attempted,,not_attempted_supported_sport,outright/bracket: few independent outcomes per season; needs prospective capture + simulation,,,,,,,,not attempted
KXNBARECORD,Pro Basketball Best/Worst Regular Season Record,Basketball,Pro Basketball (M),tournament_outright,B,38,36678.66,True,,not_attempted,,not_attempted_supported_sport,outright/bracket: few independent outcomes per season; needs prospective capture + simulation,,,,,,,,not attempted
KXNBAPOLOSE,Pro Basketball Playoff Losses,Basketball,Pro Basketball (M),tournament_outright,B,6,36105.27,True,,not_attempted,,not_attempted_supported_sport,outright/bracket: few independent outcomes per season; needs prospective capture + simulation,,,,,,,,not attempted
KXNBANEWCHAMPION,Pro Basketball New Champion,Basketball,Pro Basketball (M),tournament_outright,B,1,35820.17,True,,not_attempted,,not_attempted_supported_sport,outright/bracket: few independent outcomes per season; needs prospective capture + simulation,,,,,,,,not attempted
KXWNBAMATCHUP,WNBA Finals Matchup,Basketball,Pro Basketball (M),tournament_outright,B,9,35563.79,True,,not_attempted,,not_attempted_supported_sport,outright/bracket: few independent outcomes per season; needs prospective capture + simulation,,,,,,,,not attempted
KXNCAANIT,NIT Champion,Basketball,,tournament_outright,B,4,28901.0,True,,not_attempted,,not_attempted_supported_sport,outright/bracket: few independent outcomes per season; needs prospective capture + simulation,,,,,,,,not attempted
KXNCAABIVY,Ivy League Men's Basketball Tournament,Basketball,,tournament_outright,B,4,26440.0,True,,not_attempted,,not_attempted_supported_sport,outright/bracket: few independent outcomes per season; needs prospective capture + simulation,,,,,,,,not attempted
KXNBAAPOLOGY,Pro Basketball Apology,Basketball,Pro Basketball (M),tournament_outright,B,1,24580.9,True,,not_attempted,,not_attempted_supported_sport,outright/bracket: few independent outcomes per season; needs prospective capture + simulation,,,,,,,,not attempted
KXNBA3PEAT,Pro Basketball Three-Peat Champion,Basketball,Pro Basketball (M),tournament_outright,B,1,7999.36,True,,not_attempted,,not_attempted_supported_sport,outright/bracket: few independent outcomes per season; needs prospective capture + simulation,,,,,,,,not attempted
KXNCAAMPAC12,PAC-12 MEN'S BASKETBALL TOURNAMENT,Basketball,,tournament_outright,B,13,5134.0,True,,not_attempted,,not_attempted_supported_sport,outright/bracket: few independent outcomes per season; needs prospective capture + simulation,,,,,,,,not attempted
KXBIG3,BIG3 Champion,Basketball,BIG3,tournament_outright,B,8,2625.59,True,,not_attempted,,not_attempted_supported_sport,outright/bracket: few independent outcomes per season; needs prospective capture + simulation,,,,,,,,not attempted
KXNCAAMBBOTHQUAL,Men's College Basketball Both Teams to Qualify,Basketball,College Basketball (M),tournament_outright,B,1,1897.44,True,,not_attempted,,not_attempted_supported_sport,outright/bracket: few independent outcomes per season; needs prospective capture + simulation,,,,,,,,not attempted
KXNCAAWBUNDEFEATED,Undefeated in Women's College Basketball Regular Season,Basketball,College Basketball (W),tournament_outright,B,4,1744.68,True,,not_attempted,,not_attempted_supported_sport,outright/bracket: few independent outcomes per season; needs prospective capture + simulation,,,,,,,,not attempted
KXWMARMAD1SEED,Women's March Madness 1 Seeds,Basketball,College Basketball (W),tournament_outright,B,2,1424.78,True,,not_attempted,,not_attempted_supported_sport,outright/bracket: few independent outcomes per season; needs prospective capture + simulation,,,,,,,,not attempted
KXNBACONF,Pro Basketball Conference to Win the Championship,Basketball,Pro Basketball (M),tournament_outright,B,2,708.6,True,,not_attempted,,not_attempted_supported_sport,outright/bracket: few independent outcomes per season; needs prospective capture + simulation,,,,,,,,not attempted
KXNCAAWBWBIT,WBIT Winner,Basketball,WBIT,tournament_outright,B,2,591.0,True,,not_attempted,,not_attempted_supported_sport,outright/bracket: few independent outcomes per season; needs prospective capture + simulation,,,,,,,,not attempted
KXDUNKMAN,Dunkman World Championships Winner,Basketball,Dunkman World Championship,tournament_outright,B,1,579.78,True,,not_attempted,,not_attempted_supported_sport,outright/bracket: few independent outcomes per season; needs prospective capture + simulation,,,,,,,,not attempted
KXNCAAMBPAC12,Pac-12 Conference Tournament,Basketball,College Basketball (M),tournament_outright,B,4,343.81,True,,not_attempted,,not_attempted_supported_sport,outright/bracket: few independent outcomes per season; needs prospective capture + simulation,,,,,,,,not attempted
KXNBACUPQUAL,Pro Basketball Cup Qualifiers,Basketball,Pro Basketball (M),tournament_outright,B,4,278.47,True,,not_attempted,,not_attempted_supported_sport,outright/bracket: few independent outcomes per season; needs prospective capture + simulation,,,,,,,,not attempted
KXNCAAMBTEAMSQUAL,Men's College Basketball Teams to Qualify,Basketball,College Basketball (M),tournament_outright,B,1,198.22,True,,not_attempted,,not_attempted_supported_sport,outright/bracket: few independent outcomes per season; needs prospective capture + simulation,,,,,,,,not attempted
KXNBAWCFQUAL,NBA Western Conference Finals Qualifiers,Basketball,Pro Basketball (M),tournament_outright,B,3,28.3,True,,not_attempted,,not_attempted_supported_sport,outright/bracket: few independent outcomes per season; needs prospective capture + simulation,,,,,,,,not attempted
KXNCAAMBUAC,United Athletic Conference Conference Tournament,Basketball,College Basketball (M),tournament_outright,B,1,4.55,True,,not_attempted,,not_attempted_supported_sport,outright/bracket: few independent outcomes per season; needs prospective capture + simulation,,,,,,,,not attempted
KXNBAECFQUAL,NBA Eastern Conference Finals Qualifiers,Basketball,Pro Basketball (M),tournament_outright,B,1,0.01,True,,not_attempted,,not_attempted_supported_sport,outright/bracket: few independent outcomes per season; needs prospective capture + simulation,,,,,,,,not attempted
KXBBL,Germany BBL Champion,Basketball,,tournament_outright,B,0,0.0,True,,not_attempted,,not_attempted_supported_sport,outright/bracket: few independent outcomes per season; needs prospective capture + simulation,,,,,,,,not attempted
KXBSOUTOURNAMENT,Big South Tournament,Basketball,,tournament_outright,B,0,0.0,True,,not_attempted,,not_attempted_supported_sport,outright/bracket: few independent outcomes per season; needs prospective capture + simulation,,,,,,,,not attempted
KXCAATOURNAMENT,CAA Tournament,Basketball,,tournament_outright,B,0,0.0,True,,not_attempted,,not_attempted_supported_sport,outright/bracket: few independent outcomes per season; needs prospective capture + simulation,,,,,,,,not attempted
KXFIBACHAMPGAME,FIBA Champions League Game,Basketball,,tournament_outright,B,0,0.0,True,,not_attempted,,not_attempted_supported_sport,outright/bracket: few independent outcomes per season; needs prospective capture + simulation,,,,,,,,not attempted
KXMARMADCONF,March Madness Conference,Basketball,,tournament_outright,B,0,0.0,True,,not_attempted,,not_attempted_supported_sport,outright/bracket: few independent outcomes per season; needs prospective capture + simulation,,,,,,,,not attempted
KXMARMADHIGHSEED,March Madness Highest Seed to Reach Round,Basketball,,tournament_outright,B,0,0.0,True,,not_attempted,,not_attempted_supported_sport,outright/bracket: few independent outcomes per season; needs prospective capture + simulation,,,,,,,,not attempted
KXMARMADREGION,March Madness Region Winner,Basketball,,tournament_outright,B,0,0.0,True,,not_attempted,,not_attempted_supported_sport,outright/bracket: few independent outcomes per season; needs prospective capture + simulation,,,,,,,,not attempted
KXNBACUP1STTEAM,NBA Cup All-Tournament Team,Basketball,Pro Basketball (M),tournament_outright,B,0,0.0,True,,not_attempted,,not_attempted_supported_sport,outright/bracket: few independent outcomes per season; needs prospective capture + simulation,,,,,,,,not attempted
KXNBACUPGROUP,NBA Cup Group Winner,Basketball,Pro Basketball (M),tournament_outright,B,0,0.0,True,,not_attempted,,not_attempted_supported_sport,outright/bracket: few independent outcomes per season; needs prospective capture + simulation,,,,,,,,not attempted
KXNBACUPGROUPWIN,NBA Cup Group to Win,Basketball,Pro Basketball (M),tournament_outright,B,0,0.0,True,,not_attempted,,not_attempted_supported_sport,outright/bracket: few independent outcomes per season; needs prospective capture + simulation,,,,,,,,not attempted
KXNBANEWCHAMP,NBA First-Time Champion,Basketball,,tournament_outright,B,0,0.0,True,,not_attempted,,not_attempted_supported_sport,outright/bracket: few independent outcomes per season; needs prospective capture + simulation,,,,,,,,not attempted
KXNBL,Australia NBL Champion,Basketball,Australia NBL,tournament_outright,B,0,0.0,True,,not_attempted,,not_attempted_supported_sport,outright/bracket: few independent outcomes per season; needs prospective capture + simulation,,,,,,,,not attempted
KXNCAABBIG10,Big Ten Men's Basketball Tournament,Basketball,,tournament_outright,B,0,0.0,True,,not_attempted,,not_attempted_supported_sport,outright/bracket: few independent outcomes per season; needs prospective capture + simulation,,,,,,,,not attempted
KXNCAAMBHL,Horizon League conference tournament winner,Basketball,,tournament_outright,B,0,0.0,True,,not_attempted,,not_attempted_supported_sport,outright/bracket: few independent outcomes per season; needs prospective capture + simulation,,,,,,,,not attempted
KXNCAAMBSUN,Atlantic Sun Conference Tournament,Basketball,,tournament_outright,B,0,0.0,True,,not_attempted,,not_attempted_supported_sport,outright/bracket: few independent outcomes per season; needs prospective capture + simulation,,,,,,,,not attempted
KXNCAAWB,Women's March Madness Champion,Basketball,,tournament_outright,B,0,0.0,True,,not_attempted,,not_attempted_supported_sport,outright/bracket: few independent outcomes per season; needs prospective capture + simulation,,,,,,,,not attempted
KXWNBAEAST,Women's Pro Basketball Eastern Conference Champion,Basketball,,tournament_outright,B,0,0.0,True,,not_attempted,,not_attempted_supported_sport,outright/bracket: few independent outcomes per season; needs prospective capture + simulation,,,,,,,,not attempted
KXWNBAEAST1,Women's Pro Basketball Eastern Conference #1 Seed,Basketball,,tournament_outright,B,0,0.0,True,,not_attempted,,not_attempted_supported_sport,outright/bracket: few independent outcomes per season; needs prospective capture + simulation,,,,,,,,not attempted
KXWNBAWEST,Women's Pro Basketball Western Conference Champion,Basketball,,tournament_outright,B,0,0.0,True,,not_attempted,,not_attempted_supported_sport,outright/bracket: few independent outcomes per season; needs prospective capture + simulation,,,,,,,,not attempted
KXWNBAWEST1,Women's Pro Basketball Western Conference #1 Seed,Basketball,,tournament_outright,B,0,0.0,True,,not_attempted,,not_attempted_supported_sport,outright/bracket: few independent outcomes per season; needs prospective capture + simulation,,,,,,,,not attempted
KXFLOYDTYSONFIGHT,Floyd vs Tyson Fight,Boxing,Boxing,game_winner,C,2,430299.05,True,k_kxfloydtysonfight,kalshi_settlement_only,kalshi_settlement_only,no_test_contracts,no scored contracts in the test window,2,0,,,0,0,0,no test-period contracts
KXFURYJOSHUA,Tyson Fury to fight Anthony Joshua,Boxing,Boxing,game_winner,C,1,30318.06,True,k_kxfuryjoshua,kalshi_settlement_only,kalshi_settlement_only,no_test_contracts,no scored contracts in the test window,1,0,,,0,0,0,no test-period contracts
KXPAULBELLFIGHT,Paul vs Bell,Boxing,,game_winner,C,0,0.0,True,,not_attempted,,not_attempted_supported_sport,no traded markets,,,,,,,,not attempted
KXNBAGAMES,NBA games,Boxing,,other_novelty,E,0,0.0,True,,not_attempted,,not_attempted_supported_sport,out of scope (novelty),,,,,,,,not attempted
KXBOXINGMOV,Boxing Method of Victory,Boxing,Boxing,score_props,C,62,17315540.07,True,,not_attempted,,not_attempted_supported_sport,no independent results adapter for this competition in Phase 1 (game_winner only via Kalshi-only path),,,,,,,,not attempted
KXBOXINGVICROUND,Boxing Victory in Round,Boxing,Boxing,score_props,C,59,6535342.37,True,,not_attempted,,not_attempted_supported_sport,no independent results adapter for this competition in Phase 1 (game_winner only via Kalshi-only path),,,,,,,,not attempted
KXBOXINGDISTANCE,Boxing Fight to Go the Distance,Boxing,Boxing,score_props,C,10,1695453.43,True,,not_attempted,,not_attempted_supported_sport,no independent results adapter for this competition in Phase 1 (game_winner only via Kalshi-only path),,,,,,,,not attempted
KXBOXINGROUNDS,Boxing Total Rounds,Boxing,Boxing,score_props,C,15,979720.5,True,,not_attempted,,not_attempted_supported_sport,no independent results adapter for this competition in Phase 1 (game_winner only via Kalshi-only path),,,,,,,,not attempted
KXBOXINGKNOCKOUT,Boxing Knockout,Boxing,Boxing,score_props,C,3,714676.0,True,,not_attempted,,not_attempted_supported_sport,no independent results adapter for this competition in Phase 1 (game_winner only via Kalshi-only path),,,,,,,,not attempted
KXBOXING1MIN,Boxing 1 Minute Fight,Boxing,Boxing,score_props,C,1,375191.0,True,,not_attempted,,not_attempted_supported_sport,no independent results adapter for this competition in Phase 1 (game_winner only via Kalshi-only path),,,,,,,,not attempted
KXBOXING,Boxing Match Champion,Boxing,Boxing,tournament_outright,C,809,228183443.02,True,,not_attempted,,not_attempted_supported_sport,outright/bracket: few independent outcomes per season; needs prospective capture + simulation,,,,,,,,not attempted
KXBOXINGFIGHT,Boxing fight winner,Boxing,,tournament_outright,C,2,399166.0,True,,not_attempted,,not_attempted_supported_sport,outright/bracket: few independent outcomes per season; needs prospective capture + simulation,,,,,,,,not attempted
KXWBCHEAVYWEIGHTTITLE,Boxing Heavyweight Title,Boxing,Boxing,tournament_outright,C,17,4330.13,True,,not_attempted,,not_attempted_supported_sport,outright/bracket: few independent outcomes per season; needs prospective capture + simulation,,,,,,,,not attempted
KXWBCWELTERWEIGHTTITLE,Boxing Welterweight Title,Boxing,Boxing,tournament_outright,C,3,2000.27,True,,not_attempted,,not_attempted_supported_sport,outright/bracket: few independent outcomes per season; needs prospective capture + simulation,,,,,,,,not attempted
KXWBCLIGHTWEIGHTTITLE,Boxing Lightweight Title,Boxing,Boxing,tournament_outright,C,17,1872.29,True,,not_attempted,,not_attempted_supported_sport,outright/bracket: few independent outcomes per season; needs prospective capture + simulation,,,,,,,,not attempted
KXWBCBANTAMWEIGHTTITLE,Boxing Bantamweight Title,Boxing,Boxing,tournament_outright,C,4,596.27,True,,not_attempted,,not_attempted_supported_sport,outright/bracket: few independent outcomes per season; needs prospective capture + simulation,,,,,,,,not attempted
KXWBCCRUISERWEIGHTTITLE,Boxing Cruiserweight Title,Boxing,Boxing,tournament_outright,C,2,135.46,True,,not_attempted,,not_attempted_supported_sport,outright/bracket: few independent outcomes per season; needs prospective capture + simulation,,,,,,,,not attempted
KXWBCMIDDLEWEIGHTTITLE,Boxing Middleweight Title,Boxing,Boxing,tournament_outright,C,19,104.21,True,,not_attempted,,not_attempted_supported_sport,outright/bracket: few independent outcomes per season; needs prospective capture + simulation,,,,,,,,not attempted
KXWBCFEATHERWEIGHTTITLE,Boxing Featherweight Title,Boxing,Boxing,tournament_outright,C,1,32.58,True,,not_attempted,,not_attempted_supported_sport,outright/bracket: few independent outcomes per season; needs prospective capture + simulation,,,,,,,,not attempted
KXWBCFLYWEIGHTTITLE,Boxing Flyweight Title,Boxing,Boxing,tournament_outright,C,1,5.15,True,,not_attempted,,not_attempted_supported_sport,outright/bracket: few independent outcomes per season; needs prospective capture + simulation,,,,,,,,not attempted
KXCHESSAWARD,Chess.com Award Winners,Chess,Chess Awards,awards,C,11,5389.79,True,,not_attempted,,not_attempted_supported_sport,awards: voting outcomes without as-of inputs,,,,,,,,not attempted
KXTITLEDTUESTOP,Titled Tuesday Chess Top Finishers,Chess,Titled Tuesday,field_finish,B,1535,401168.82,True,,not_attempted,,not_attempted_supported_sport,no independent results adapter for this competition in Phase 1 (game_winner only via Kalshi-only path),,,,,,,,not attempted
KX30THURSDAYTOP,3+0 Thursday Top Finishers,Chess,,field_finish,B,0,0.0,True,,not_attempted,,not_attempted_supported_sport,no traded markets,,,,,,,,not attempted
KXTITLEDTUESDAY,Titled Tuesday Chess Competition Winner,Chess,Titled Tuesday,game_winner,C,439,272839.15,True,k_kxtitledtuesday,kalshi_settlement_only,kalshi_settlement_only,no_test_contracts,no scored contracts in the test window,1250,0,,,0,0,0,no test-period contracts
KXCHESSMATCH,Chess Match,Chess,Chess Matches,game_winner,C,26,59426.11,True,k_kxchessmatch,kalshi_settlement_only,kalshi_settlement_only,no_test_contracts,no scored contracts in the test window,26,0,,,0,0,0,no test-period contracts
KX30THURSDAY,3+0 Thursday Winner,Chess,,game_winner,C,0,0.0,True,,not_attempted,,not_attempted_supported_sport,no traded markets,,,,,,,,not attempted
KXCHESSGAME,Freestyle Chess,Chess,Chess,other_novelty,E,22,33444.0,True,,not_attempted,,not_attempted_supported_sport,out of scope (novelty),,,,,,,,not attempted
KXCHESSOLYMPIADUSA,USA Team for Chess Olympiad,Chess,Chess Tournaments,other_novelty,E,13,19418.55,True,,not_attempted,,not_attempted_supported_sport,out of scope (novelty),,,,,,,,not attempted
KXSINQUEFIELDCHESS,CHESS SINQUEFIELD,Chess,,other_novelty,E,0,0.0,True,,not_attempted,,not_attempted_supported_sport,out of scope (novelty),,,,,,,,not attempted
KXCHESSFIDERATINGTOP,Fide Chess Rating Top Ranked Players,Chess,FIDE Ratings,rankings_polls,C,205,224563.9,True,,not_attempted,,not_attempted_supported_sport,rankings/polls: poll processes (KenPom paid),,,,,,,,not attempted
KXCHESSFIDERATING,Chess Fide Rating (by Month),Chess,FIDE Ratings,rankings_polls,C,23,22255.73,True,,not_attempted,,not_attempted_supported_sport,rankings/polls: poll processes (KenPom paid),,,,,,,,not attempted
KXCHESSCANDIDATES,Chess Candidates Champion,Chess,,tournament_outright,C,8,2425505.0,True,,not_attempted,,not_attempted_supported_sport,outright/bracket: few independent outcomes per season; needs prospective capture + simulation,,,,,,,,not attempted
KXCHESSWORLDCHAMPION,World Chess Champion,Chess,Chess Tournaments,tournament_outright,C,14,2346977.52,True,,not_attempted,,not_attempted_supported_sport,outright/bracket: few independent outcomes per season; needs prospective capture + simulation,,,,,,,,not attempted
KXCHESSNORWAY,Norway Chess Tournament,Chess,Chess Tournaments,tournament_outright,C,12,476438.22,True,,not_attempted,,not_attempted_supported_sport,outright/bracket: few independent outcomes per season; needs prospective capture + simulation,,,,,,,,not attempted
KXNORWAYCHESS,Norway Chess Tournament,Chess,,tournament_outright,C,6,232069.0,True,,not_attempted,,not_attempted_supported_sport,outright/bracket: few independent outcomes per season; needs prospective capture + simulation,,,,,,,,not attempted
KXCHESSTOURNAMENT,Chess Tournament Winner,Chess,Chess Tournaments,tournament_outright,C,153,217894.94,True,,not_attempted,,not_attempted_supported_sport,outright/bracket: few independent outcomes per season; needs prospective capture + simulation,,,,,,,,not attempted
KXCHESS,Chess Tournament Winner,Chess,Chess,tournament_outright,C,47,213040.0,True,,not_attempted,,not_attempted_supported_sport,outright/bracket: few independent outcomes per season; needs prospective capture + simulation,,,,,,,,not attempted
KXCHESSOLYMPIAD,Chess Olympiad Winner,Chess,Chess Tournaments,tournament_outright,C,23,193105.69,True,,not_attempted,,not_attempted_supported_sport,outright/bracket: few independent outcomes per season; needs prospective capture + simulation,,,,,,,,not attempted
KXFIDECANDIDATES,FIDE Candidates qualifiers,Chess,,tournament_outright,C,22,184676.0,True,,not_attempted,,not_attempted_supported_sport,outright/bracket: few independent outcomes per season; needs prospective capture + simulation,,,,,,,,not attempted
KXCHESSGRANDTOUR,Grand Chess Tour,Chess,Chess Tournaments,tournament_outright,C,14,55391.69,True,,not_attempted,,not_attempted_supported_sport,outright/bracket: few independent outcomes per season; needs prospective capture + simulation,,,,,,,,not attempted
KXSPEEDCHESS,Speed Chess,Chess,,tournament_outright,C,4,55064.0,True,,not_attempted,,not_attempted_supported_sport,outright/bracket: few independent outcomes per season; needs prospective capture + simulation,,,,,,,,not attempted
KXCHESSPOLAND,Grand Chess Tour: Super Rapid & Blitz Poland,Chess,,tournament_outright,C,10,17798.48,True,,not_attempted,,not_attempted_supported_sport,outright/bracket: few independent outcomes per season; needs prospective capture + simulation,,,,,,,,not attempted
KXCHESSGRENKEOPEN,Grenke Chess Open,Chess,,tournament_outright,C,11,12329.0,True,,not_attempted,,not_attempted_supported_sport,outright/bracket: few independent outcomes per season; needs prospective capture + simulation,,,,,,,,not attempted
KXWEISSENHAUS,Freestyle Chess Grand Slam Weissenhaus,Chess,,tournament_outright,C,4,3636.0,True,,not_attempted,,not_attempted_supported_sport,outright/bracket: few independent outcomes per season; needs prospective capture + simulation,,,,,,,,not attempted
KXCHESSGRENKECLASSIC,Grenke Chess Classic,Chess,,tournament_outright,C,0,0.0,True,,not_attempted,,not_attempted_supported_sport,outright/bracket: few independent outcomes per season; needs prospective capture + simulation,,,,,,,,not attempted
KXCHESSSINQUEFIELD,sinquefield chess winner,Chess,,tournament_outright,C,0,0.0,True,,not_attempted,,not_attempted_supported_sport,outright/bracket: few independent outcomes per season; needs prospective capture + simulation,,,,,,,,not attempted
KXCHESSTTEARLY,Chess Titled Tuesday Early,Chess,,tournament_outright,C,0,0.0,True,,not_attempted,,not_attempted_supported_sport,outright/bracket: few independent outcomes per season; needs prospective capture + simulation,,,,,,,,not attempted
KXCHESSTTLATE,Chess Titled Tuesday Late,Chess,,tournament_outright,C,0,0.0,True,,not_attempted,,not_attempted_supported_sport,outright/bracket: few independent outcomes per season; needs prospective capture + simulation,,,,,,,,not attempted
KXFCSOUTHAFRICA,Freestyle Chess Grand Slam South Africa,Chess,,tournament_outright,C,0,0.0,True,,not_attempted,,not_attempted_supported_sport,outright/bracket: few independent outcomes per season; needs prospective capture + simulation,,,,,,,,not attempted
KXFIDECHESSCHAMPION,FIDE Chess Championship,Chess,,tournament_outright,C,0,0.0,True,,not_attempted,,not_attempted_supported_sport,outright/bracket: few independent outcomes per season; needs prospective capture + simulation,,,,,,,,not attempted
KXSAGRANDSLAM,Freestyle Chess Grand Slam Final,Chess,,tournament_outright,C,0,0.0,True,,not_attempted,,not_attempted_supported_sport,outright/bracket: few independent outcomes per season; needs prospective capture + simulation,,,,,,,,not attempted
KXIPLORANGECAP,IPL Orange Cap Winner,Cricket,IPL,awards,F,5,20727.31,True,,not_attempted,,not_attempted_supported_sport,awards: voting outcomes without as-of inputs,,,,,,,,not attempted
KXIPLPURPLECAP,IPL Purple Cap Winner,Cricket,IPL,awards,F,4,12189.38,True,,not_attempted,,not_attempted_supported_sport,awards: voting outcomes without as-of inputs,,,,,,,,not attempted
KXIPLGAME,Indian Premier League Cricket Game,Cricket,IPL,game_winner,A,150,1048617611.83,True,k_kxiplgame,kalshi_settlement_only,kalshi_settlement_only,kalshi_settlement_only_evaluated,,150,146,,,0,144,72,evaluated
KXT20MATCH,Men's T20 Cricket Match,Cricket,T20 (M),game_winner,A,3202,677776084.53,True,k_kxt20match,kalshi_settlement_only,kalshi_settlement_only,kalshi_settlement_only_evaluated,,3262,2728,,,0,2682,1341,evaluated
KXODIMATCH,Men's ODI Cricket Match,Cricket,One-Day Cup,game_winner,A,318,199677223.74,True,k_kxodimatch,kalshi_settlement_only,kalshi_settlement_only,kalshi_settlement_only_evaluated,,300,278,,,0,264,132,evaluated
KXCPLMATCH,Caribbean Premier League Match,Cricket,Caribbean Premier League,game_winner,A,80,129604414.26,True,k_kxcplmatch,kalshi_settlement_only,kalshi_settlement_only,kalshi_settlement_only_evaluated,,78,76,,,0,76,38,evaluated
KXWT20MATCH,Women's T20 Match,Cricket,T20 International (W),game_winner,A,637,125782186.73,True,k_kxwt20match,kalshi_settlement_only,kalshi_settlement_only,kalshi_settlement_only_evaluated,,670,606,,,0,604,302,evaluated
KXHUNDREDMATCH,The Hundred Cricket Match,Cricket,The Hundred (M),game_winner,A,72,115912899.34,True,k_kxhundredmatch,kalshi_settlement_only,kalshi_settlement_only,kalshi_settlement_only_evaluated,,56,56,,,0,56,28,evaluated
KXWHUNDREDMATCH,The Hundred Women's Cricket Match,Cricket,The Hundred (W),game_winner,A,72,54257332.49,True,k_kxwhundredmatch,kalshi_settlement_only,kalshi_settlement_only,kalshi_settlement_only_evaluated,,56,52,,,0,52,26,evaluated
KXTESTMATCH,Men's Test Cricket Match,Cricket,Test International (M),game_winner,A,111,50772133.46,True,k_kxtestmatch,kalshi_settlement_only,kalshi_settlement_only,kalshi_settlement_only_evaluated,,108,40,,,0,40,20,evaluated
KXIPL,IPL Winner,Cricket,IPL,game_winner,A,20,43237771.63,True,k_kxipl,kalshi_settlement_only,kalshi_settlement_only,no_test_contracts,no scored contracts in the test window,20,0,,,0,0,0,no test-period contracts
KXPSLGAME,Pakistan Super League Cricket Game,Cricket,PSL,game_winner,A,80,24036451.77,True,k_kxpslgame,kalshi_settlement_only,kalshi_settlement_only,kalshi_settlement_only_evaluated,,80,80,,,0,80,40,evaluated
KXLPLMATCH,Lanka Premier League Match,Cricket,Lanka Premier League,game_winner,A,36,18546997.32,True,k_kxlplmatch,kalshi_settlement_only,kalshi_settlement_only,kalshi_settlement_only_evaluated,,32,26,,,0,26,13,evaluated
KXCRICKETODIMATCH,Cricket ODI Match,Cricket,ODI,game_winner,A,51,9820590.89,True,k_kxcricketodimatch,kalshi_settlement_only,kalshi_settlement_only,kalshi_settlement_only_evaluated,,62,46,,,0,42,21,evaluated
KXWODIMATCH,Women's ODI Cricket Match,Cricket,ODI (W),game_winner,A,52,6739409.36,True,k_kxwodimatch,kalshi_settlement_only,kalshi_settlement_only,kalshi_settlement_only_evaluated,,56,40,,,0,40,20,evaluated
KXCRICKETT20IMATCH,Cricket T20I Match,Cricket,T20 International,game_winner,A,129,4779373.0,True,k_kxcrickett20imatch,kalshi_settlement_only,kalshi_settlement_only,kalshi_settlement_only_evaluated,,136,130,,,0,38,19,evaluated
KXCRICKETTESTMATCH,Cricket Test Match,Cricket,Test International,game_winner,A,34,4492487.19,True,k_kxcrickettestmatch,kalshi_settlement_only,kalshi_settlement_only,kalshi_settlement_only_evaluated,,34,10,,,0,10,5,evaluated
KXWT20WORLDCUP,Women's T20 World Cup Winner,Cricket,Women's T20 World Cup,game_winner,A,12,3157027.4,True,k_kxwt20worldcup,kalshi_settlement_only,kalshi_settlement_only,no_test_contracts,no scored contracts in the test window,12,0,,,0,0,0,no test-period contracts
KXWTESTMATCH,Women's Test Cricket Match,Cricket,Test International (W),game_winner,A,5,1821401.23,True,k_kxwtestmatch,kalshi_settlement_only,kalshi_settlement_only,kalshi_settlement_only_evaluated,,5,2,,,0,2,1,evaluated
KXT20CANADAMATCH,Global T20 Canada Match,Cricket,Global T20 Canada,game_winner,A,14,388777.16,True,k_kxt20canadamatch,kalshi_settlement_only,kalshi_settlement_only,no_test_contracts,no scored contracts in the test window,28,0,,,0,0,0,no test-period contracts
KXWPLGAME,Women's Indian Premier League Cricket Game,Cricket,Women's Premier League,game_winner,A,20,256751.0,True,k_kxwplgame,kalshi_settlement_only,kalshi_settlement_only,kalshi_settlement_only_evaluated,,20,20,,,0,20,10,evaluated
KXSSHIELDMATCH,Sheffield Shield Match,Cricket,Sheffield Shield,game_winner,A,36,74210.83,True,k_kxsshieldmatch,kalshi_settlement_only,kalshi_settlement_only,no_test_contracts,no scored contracts in the test window,42,0,,,0,0,0,no test-period contracts
KXCRICKETWOMENODIMATCH,Cricket Women ODI Match,Cricket,,game_winner,A,0,0.0,True,,not_attempted,,not_attempted_supported_sport,no traded markets,,,,,,,,not attempted
KXCRICKETWOMENT20IMATCH,Cricket Women T20I Match,Cricket,,game_winner,A,0,0.0,True,,not_attempted,,not_attempted_supported_sport,no traded markets,,,,,,,,not attempted
KXCRICKETWOMENTESTMATCH,Cricket Women Test Match,Cricket,,game_winner,A,0,0.0,True,,not_attempted,,not_attempted_supported_sport,no traded markets,,,,,,,,not attempted
KXIPLFIRST10,IPL First 10 Overs Winner,Cricket,,player_prop,F,0,0.0,True,,not_attempted,,not_attempted_supported_sport,player/appearance-conditioned; pregame participation not reconstructable as-of (not modelled),,,,,,,,not attempted
KXIPLFIRST15,IPL First 15 Overs Winner,Cricket,,player_prop,F,0,0.0,True,,not_attempted,,not_attempted_supported_sport,player/appearance-conditioned; pregame participation not reconstructable as-of (not modelled),,,,,,,,not attempted
KXIPLFIRST6,IPL First 6 Overs Winner,Cricket,,player_prop,F,0,0.0,True,,not_attempted,,not_attempted_supported_sport,player/appearance-conditioned; pregame participation not reconstructable as-of (not modelled),,,,,,,,not attempted
KXT20FIRST10,T20 First 10 Overs Winner,Cricket,,player_prop,F,0,0.0,True,,not_attempted,,not_attempted_supported_sport,player/appearance-conditioned; pregame participation not reconstructable as-of (not modelled),,,,,,,,not attempted
KXT20FIRST15,T20 First 15 Overs Winner,Cricket,,player_prop,F,0,0.0,True,,not_attempted,,not_attempted_supported_sport,player/appearance-conditioned; pregame participation not reconstructable as-of (not modelled),,,,,,,,not attempted
KXT20FIRST6,T20 First 6 Overs Winner,Cricket,,player_prop,F,0,0.0,True,,not_attempted,,not_attempted_supported_sport,player/appearance-conditioned; pregame participation not reconstructable as-of (not modelled),,,,,,,,not attempted
KXIPLSIX,IPL Total Sixes,Cricket,IPL,score_props,B,150,269313.69,True,,not_attempted,,not_attempted_supported_sport,no independent results adapter for this competition in Phase 1 (game_winner only via Kalshi-only path),,,,,,,,not attempted
KXIPLFOUR,IPL Total Fours,Cricket,IPL,score_props,B,145,257119.38,True,,not_attempted,,not_attempted_supported_sport,no independent results adapter for this competition in Phase 1 (game_winner only via Kalshi-only path),,,,,,,,not attempted
KXT20SIX,T20 Total Sixes,Cricket,Men's T20 World Cup,score_props,B,13,14138.0,True,,not_attempted,,not_attempted_supported_sport,no independent results adapter for this competition in Phase 1 (game_winner only via Kalshi-only path),,,,,,,,not attempted
KXT20FOUR,T20 Total Fours,Cricket,Men's T20 World Cup,score_props,B,22,6605.0,True,,not_attempted,,not_attempted_supported_sport,no independent results adapter for this competition in Phase 1 (game_winner only via Kalshi-only path),,,,,,,,not attempted
KXT20SIXES,Cricket Number of Sixes,Cricket,,score_props,B,0,0.0,True,,not_attempted,,not_attempted_supported_sport,no traded markets,,,,,,,,not attempted
KXIPLTEAMTOTAL,IPL Team Total Runs,Cricket,IPL,team_total,B,297,2826630.19,True,,not_attempted,,not_attempted_supported_sport,no independent results adapter for this competition in Phase 1 (game_winner only via Kalshi-only path),,,,,,,,not attempted
KXT20TEAMTOTAL,T20 Team Total Runs,Cricket,Major League Cricket,team_total,B,113,898872.77,True,,not_attempted,,not_attempted_supported_sport,no independent results adapter for this competition in Phase 1 (game_winner only via Kalshi-only path),,,,,,,,not attempted
KXCPLTEAMTOTAL,Caribbean Premier League Team Total Runs,Cricket,Caribbean Premier League,team_total,B,211,844756.6,True,,not_attempted,,not_attempted_supported_sport,no independent results adapter for this competition in Phase 1 (game_winner only via Kalshi-only path),,,,,,,,not attempted
KXWT20TEAMTOTAL,Women's T20 Team Total Runs,Cricket,Women's T20 World Cup,team_total,B,186,724198.18,True,,not_attempted,,not_attempted_supported_sport,no independent results adapter for this competition in Phase 1 (game_winner only via Kalshi-only path),,,,,,,,not attempted
KXTESTINNINGTOTAL,Test Cricket Innings Total Runs,Cricket,,test_placeholder,E,0,0.0,True,,not_attempted,,not_attempted_supported_sport,out of scope (test),,,,,,,,not attempted
KXIPLTOTAL,IPL Total Runs,Cricket,,total,F,0,0.0,True,,not_attempted,,not_attempted_supported_sport,no traded markets,,,,,,,,not attempted
KXT20TOTAL,T20 Total Runs,Cricket,,total,F,0,0.0,True,,not_attempted,,not_attempted_supported_sport,no traded markets,,,,,,,,not attempted
KXT20WORLDCUP,T20 World Cup Winner,Cricket,Men's T20 World Cup,tournament_outright,F,21,19426879.0,True,,not_attempted,,not_attempted_supported_sport,outright/bracket: few independent outcomes per season; needs prospective capture + simulation,,,,,,,,not attempted
KXCOUNTYCHAMPMATCH,County Championship Cricket Match,Cricket,County Championship,tournament_outright,F,180,3006957.73,True,,not_attempted,,not_attempted_supported_sport,outright/bracket: few independent outcomes per season; needs prospective capture + simulation,,,,,,,,not attempted
KXCPL,Caribbean Premier League Champion,Cricket,Caribbean Premier League,tournament_outright,F,7,660055.15,True,,not_attempted,,not_attempted_supported_sport,outright/bracket: few independent outcomes per season; needs prospective capture + simulation,,,,,,,,not attempted
KXIPLPLAYOFF,IPL Cricket Playoff Qualifiers,Cricket,IPL,tournament_outright,F,10,577395.01,True,,not_attempted,,not_attempted_supported_sport,outright/bracket: few independent outcomes per season; needs prospective capture + simulation,,,,,,,,not attempted
KXASIACUPCRICKET,Asia Cup Winner,Cricket,,tournament_outright,F,8,562422.0,True,,not_attempted,,not_attempted_supported_sport,outright/bracket: few independent outcomes per season; needs prospective capture + simulation,,,,,,,,not attempted
KXIPLFINALS,IPL Final Qualifiers,Cricket,IPL,tournament_outright,F,10,264137.35,True,,not_attempted,,not_attempted_supported_sport,outright/bracket: few independent outcomes per season; needs prospective capture + simulation,,,,,,,,not attempted
KXIPLFINAL,IPL Final Qualifiers,Cricket,,tournament_outright,F,10,101521.0,True,,not_attempted,,not_attempted_supported_sport,outright/bracket: few independent outcomes per season; needs prospective capture + simulation,,,,,,,,not attempted
KXMLC,Major League Cricket Champion,Cricket,Major League Cricket,tournament_outright,F,6,66831.5,True,,not_attempted,,not_attempted_supported_sport,outright/bracket: few independent outcomes per season; needs prospective capture + simulation,,,,,,,,not attempted
KXPSL,Pakistan Super League (PSL) Winner,Cricket,PSL,tournament_outright,F,8,25145.29,True,,not_attempted,,not_attempted_supported_sport,outright/bracket: few independent outcomes per season; needs prospective capture + simulation,,,,,,,,not attempted
KXWPL,WPL Champion,Cricket,Women's Premier League,tournament_outright,F,5,18551.0,True,,not_attempted,,not_attempted_supported_sport,outright/bracket: few independent outcomes per season; needs prospective capture + simulation,,,,,,,,not attempted
KXHUNDRED,Hundred Men's Cricket Champion,Cricket,The Hundred (M),tournament_outright,F,5,309.15,True,,not_attempted,,not_attempted_supported_sport,outright/bracket: few independent outcomes per season; needs prospective capture + simulation,,,,,,,,not attempted
KXLPL,Lanka Premier League Champion,Cricket,Lanka Premier League,tournament_outright,F,1,297.0,True,,not_attempted,,not_attempted_supported_sport,outright/bracket: few independent outcomes per season; needs prospective capture + simulation,,,,,,,,not attempted
KXT20CANADA,Global T20 Canada Champion,Cricket,,tournament_outright,F,0,0.0,True,,not_attempted,,not_attempted_supported_sport,outright/bracket: few independent outcomes per season; needs prospective capture + simulation,,,,,,,,not attempted
KXCYCLINGJERSEY,Cycling Jersey Winner,Cycling,Vuelta a Espana,awards,F,24,72529.9,False,,not_attempted,,not_attempted_unsupported_sport,awards: voting outcomes without as-of inputs,,,,,,,,not attempted
KXCYCLINGSTAGE,Cycling Stage Winner,Cycling,Tour de France,field_finish,B,760,1016838.75,False,,not_attempted,,not_attempted_unsupported_sport,no independent results adapter for this competition in Phase 1 (game_winner only via Kalshi-only path),,,,,,,,not attempted
KXCYCLING,Cycling Race Winner,Cycling,Cycling,tournament_outright,F,89,995414.98,False,,not_attempted,,not_attempted_unsupported_sport,outright/bracket: few independent outcomes per season; needs prospective capture + simulation,,,,,,,,not attempted
KXCYCLINGTEAM,Cycling Team Winner,Cycling,Tour de France,tournament_outright,F,24,128424.09,False,,not_attempted,,not_attempted_unsupported_sport,outright/bracket: few independent outcomes per season; needs prospective capture + simulation,,,,,,,,not attempted
KXDARTSMATCH,Darts Match,Darts,Modus Super Series,game_winner,B,1196,1199106.87,True,k_kxdartsmatch,kalshi_settlement_only,kalshi_settlement_only,kalshi_settlement_only_evaluated,,1374,1244,,,0,958,479,evaluated
KXPDCDARTS,PDC Darts,Darts,PDC,tournament_outright,C,18,63243.14,True,,not_attempted,,not_attempted_supported_sport,outright/bracket: few independent outcomes per season; needs prospective capture + simulation,,,,,,,,not attempted
KXPREMDARTS,Premier League Darts Champion,Darts,Premier League Darts,tournament_outright,C,8,63087.77,True,,not_attempted,,not_attempted_supported_sport,outright/bracket: few independent outcomes per season; needs prospective capture + simulation,,,,,,,,not attempted
KXZYWOOMVPBP,Will ZywOo be the MVP at the Budapest Major,Esports,,awards,C,1,16080.0,True,,not_attempted,,not_attempted_supported_sport,awards: voting outcomes without as-of inputs,,,,,,,,not attempted
KXWORLDSMVP,Worlds MVP?,Esports,,awards,C,8,14236.0,True,,not_attempted,,not_attempted_supported_sport,awards: voting outcomes without as-of inputs,,,,,,,,not attempted
KXCHOVYMVPWF,Will Chovy be the MVP of the Worlds finals,Esports,,awards,C,1,3190.0,True,,not_attempted,,not_attempted_supported_sport,awards: voting outcomes without as-of inputs,,,,,,,,not attempted
KXLOLAWARD,League of Legends Award,Esports,League of Legends,awards,C,60,2878.47,True,,not_attempted,,not_attempted_supported_sport,awards: voting outcomes without as-of inputs,,,,,,,,not attempted
KXVALORANTAWARD,Valorant Award,Esports,Valorant,awards,C,3,9.32,True,,not_attempted,,not_attempted_supported_sport,awards: voting outcomes without as-of inputs,,,,,,,,not attempted
KXCHOVYMVP,Will Chovy be the MVP of the Worlds finals,Esports,,awards,C,0,0.0,True,,not_attempted,,not_attempted_supported_sport,awards: voting outcomes without as-of inputs,,,,,,,,not attempted
KXCHOVYMVPBP,Will Chovy be the MVP of the Worlds finals,Esports,,awards,C,0,0.0,True,,not_attempted,,not_attempted_supported_sport,awards: voting outcomes without as-of inputs,,,,,,,,not attempted
KXRANKLISTCS2TEAM,HLTV Team of the Year,Esports,,awards,C,0,0.0,True,,not_attempted,,not_attempted_supported_sport,awards: voting outcomes without as-of inputs,,,,,,,,not attempted
KXZYWOOMVP,Will ZywOo be the MVP at the Budapest Major,Esports,,awards,C,0,0.0,True,,not_attempted,,not_attempted_supported_sport,awards: voting outcomes without as-of inputs,,,,,,,,not attempted
KXCS2GAME,Counter-Strike 2 Game,Esports,CS2,game_winner,A,14016,577979456.1,True,k_kxcs2game,kalshi_settlement_only,kalshi_settlement_only,kalshi_settlement_only_evaluated,,13737,6836,,,0,6836,3416,evaluated
KXLOLGAME,League of Legends Game,Esports,League of Legends,game_winner,A,6069,395266019.28,True,k_kxlolgame,kalshi_settlement_only,kalshi_settlement_only,kalshi_settlement_only_evaluated,,5780,3554,,,0,3550,1775,evaluated
KXVALORANTGAME,Valorant game winner,Esports,Valorant,game_winner,A,3300,191965362.36,True,k_kxvalorantgame,kalshi_settlement_only,kalshi_settlement_only,kalshi_settlement_only_evaluated,,3219,2424,,,0,2424,1212,evaluated
KXDOTA2GAME,Dota 2 Game,Esports,Dota 2,game_winner,A,3410,85593501.03,True,k_kxdota2game,kalshi_settlement_only,kalshi_settlement_only,kalshi_settlement_only_evaluated,,3373,1802,,,0,1532,766,evaluated
KXCODGAME,Call of Duty Games,Esports,Call of Duty,game_winner,A,654,38442620.57,True,k_kxcodgame,kalshi_settlement_only,kalshi_settlement_only,kalshi_settlement_only_evaluated,,608,548,,,0,518,259,evaluated
KXCSGOGAME,Counter-Strike 2 Games,Esports,Counter-Strike 2,game_winner,A,286,22398697.0,True,k_kxcsgogame,kalshi_settlement_only,kalshi_settlement_only,no_test_contracts,no scored contracts in the test window,286,206,,,0,0,0,no test-period contracts
KXR6GAME,R6 Game,Esports,R6,game_winner,A,1411,15259658.06,True,k_kxr6game,kalshi_settlement_only,kalshi_settlement_only,kalshi_settlement_only_evaluated,,1376,804,,,0,804,402,evaluated
KXLOLGAMES,League of Legends Games,Esports,LoL,game_winner,A,80,5492206.0,True,k_kxlolgames,kalshi_settlement_only,kalshi_settlement_only,no_test_contracts,no scored contracts in the test window,86,0,,,0,0,0,no test-period contracts
KXOWGAME,Overwatch Game,Esports,Overwatch,game_winner,A,740,2690987.74,True,k_kxowgame,kalshi_settlement_only,kalshi_settlement_only,kalshi_settlement_only_evaluated,,776,572,,,0,572,286,evaluated
KXRLGAME,Rocket League Game,Esports,Rocket League,game_winner,A,218,1577361.46,True,k_kxrlgame,kalshi_settlement_only,kalshi_settlement_only,kalshi_settlement_only_evaluated,,218,86,,,0,86,43,evaluated
KXESOCCERGAME,eSoccer Game,Esports,eSoccer,game_winner,A,403,85904.75,True,k_kxesoccergame,kalshi_settlement_only,kalshi_settlement_only,no_test_contracts,no scored contracts in the test window,1587,0,,,0,0,0,no test-period contracts
KXFORTNITE,Fortnite Tournament,Esports,Fortnite,game_winner,A,15,28825.38,True,k_kxfortnite,kalshi_settlement_only,kalshi_settlement_only,no_test_contracts,no scored contracts in the test window,50,0,,,0,0,0,no test-period contracts
KXEBASKETBALLGAME,eBasketball Game,Esports,eBasketball,game_winner,A,102,21027.8,True,k_kxebasketballgame,kalshi_settlement_only,kalshi_settlement_only,no_test_contracts,no scored contracts in the test window,236,0,,,0,0,0,no test-period contracts
KXDOTA2GAME3WAY,Dota 2 Game,Esports,,game_winner,A,0,0.0,True,,not_attempted,,not_attempted_supported_sport,no traded markets,,,,,,,,not attempted
KXEBBALLGAME,eBasketball Game,Esports,,game_winner,A,0,0.0,True,,not_attempted,,not_attempted_supported_sport,no traded markets,,,,,,,,not attempted
KXEFOOTBALLGAME,eFootball Game,Esports,,game_winner,A,0,0.0,True,,not_attempted,,not_attempted_supported_sport,no traded markets,,,,,,,,not attempted
KXMLBBGAME,Mobile Legends Bang Bang Game,Esports,,game_winner,A,0,0.0,True,,not_attempted,,not_attempted_supported_sport,no traded markets,,,,,,,,not attempted
KXRLMAP,Rocket League Game Winner,Esports,,game_winner,A,0,0.0,True,,not_attempted,,not_attempted_supported_sport,no traded markets,,,,,,,,not attempted
KXROCKETLEAGUEGAME,Rocket League Game,Esports,,game_winner,A,0,0.0,True,,not_attempted,,not_attempted_supported_sport,no traded markets,,,,,,,,not attempted
KXVALORANTGAMETEAMVSMIBR,TEAM VS. MIBR,Esports,Esports,game_winner,A,0,0.0,True,,not_attempted,,not_attempted_supported_sport,no traded markets,,,,,,,,not attempted
KXRANKLISTCS2PLAYER,HLTV Player of Year,Esports,CS2,other_novelty,E,5,35054.0,True,,not_attempted,,not_attempted_supported_sport,out of scope (novelty),,,,,,,,not attempted
KXCHARCOUNTLOLWORLDS,LOL worlds,Esports,,other_novelty,E,1,31102.0,True,,not_attempted,,not_attempted_supported_sport,out of scope (novelty),,,,,,,,not attempted
KXROSTERT1,Roster T1,Esports,,other_novelty,E,1,12555.0,True,,not_attempted,,not_attempted_supported_sport,out of scope (novelty),,,,,,,,not attempted
KXVALPLPHIL,Valorant Predator League Phillippines,Esports,Valorant,other_novelty,E,2,4359.0,True,,not_attempted,,not_attempted_supported_sport,out of scope (novelty),,,,,,,,not attempted
KXVALPLIND,Valorant Predator League Indonesia,Esports,Valorant,other_novelty,E,4,3444.0,True,,not_attempted,,not_attempted_supported_sport,out of scope (novelty),,,,,,,,not attempted
KXSPORTSIGNINSPIRED,Inspired,Esports,,other_novelty,E,1,2939.0,True,,not_attempted,,not_attempted_supported_sport,out of scope (novelty),,,,,,,,not attempted
KXDOTA2MBH,Most Banned Hero,Esports,Dota 2,other_novelty,E,3,340.84,True,,not_attempted,,not_attempted_supported_sport,out of scope (novelty),,,,,,,,not attempted
KXDOTA2MPH,Most Picked Hero,Esports,Dota 2,other_novelty,E,3,119.67,True,,not_attempted,,not_attempted_supported_sport,out of scope (novelty),,,,,,,,not attempted
KXCS2GAMES,Cs2 Games,Esports,,other_novelty,E,0,0.0,True,,not_attempted,,not_attempted_supported_sport,out of scope (novelty),,,,,,,,not attempted
KXCSGOADVANCE,CSGO Advance,Esports,,other_novelty,E,0,0.0,True,,not_attempted,,not_attempted_supported_sport,out of scope (novelty),,,,,,,,not attempted
KXNIKOAWPMAJOR,NiKo AWP Major,Esports,,other_novelty,E,0,0.0,True,,not_attempted,,not_attempted_supported_sport,out of scope (novelty),,,,,,,,not attempted
KXVALPL,Valorant Predator League,Esports,,other_novelty,E,0,0.0,True,,not_attempted,,not_attempted_supported_sport,out of scope (novelty),,,,,,,,not attempted
KXLOLMAP,League of Legends Map Winner,Esports,League of Legends,segment,A,10452,191419707.08,True,,not_attempted,,not_attempted_supported_sport,no independent results adapter for this competition in Phase 1 (game_winner only via Kalshi-only path),,,,,,,,not attempted
KXCS2MAP,Counter-Strike 2 Map Winner ,Esports,CS2,segment,A,22481,189456067.35,True,,not_attempted,,not_attempted_supported_sport,no independent results adapter for this competition in Phase 1 (game_winner only via Kalshi-only path),,,,,,,,not attempted
KXVALORANTMAP,Valorant Map Winner,Esports,Valorant,segment,A,6402,78380683.44,True,,not_attempted,,not_attempted_supported_sport,no independent results adapter for this competition in Phase 1 (game_winner only via Kalshi-only path),,,,,,,,not attempted
KXDOTA2MAP,Dota 2 Map Winner,Esports,Dota 2,segment,A,4046,29071499.34,True,,not_attempted,,not_attempted_supported_sport,no independent results adapter for this competition in Phase 1 (game_winner only via Kalshi-only path),,,,,,,,not attempted
KXCODMAP,COD Map Winner,Esports,Call of Duty,segment,A,1203,10177686.02,True,,not_attempted,,not_attempted_supported_sport,no independent results adapter for this competition in Phase 1 (game_winner only via Kalshi-only path),,,,,,,,not attempted
KXR6MAP,R6 Map Winner,Esports,R6,segment,A,738,1777912.77,True,,not_attempted,,not_attempted_supported_sport,no independent results adapter for this competition in Phase 1 (game_winner only via Kalshi-only path),,,,,,,,not attempted
KXCSGOMAP,CSGO Map Winner,Esports,Counter-Strike 2,segment,A,10,160538.0,True,,not_attempted,,not_attempted_supported_sport,no independent results adapter for this competition in Phase 1 (game_winner only via Kalshi-only path),,,,,,,,not attempted
KXCS2MAPWINNER,CS2 Map Winner,Esports,,segment,A,0,0.0,True,,not_attempted,,not_attempted_supported_sport,no traded markets,,,,,,,,not attempted
KXCODSPREAD,COD Spread,Esports,,spread,F,0,0.0,True,,not_attempted,,not_attempted_supported_sport,no traded markets,,,,,,,,not attempted
KXCS2SPREAD,CS2 Spread,Esports,,spread,F,0,0.0,True,,not_attempted,,not_attempted_supported_sport,no traded markets,,,,,,,,not attempted
KXDOTA2SPREAD,Dota 2 Spread,Esports,,spread,F,0,0.0,True,,not_attempted,,not_attempted_supported_sport,no traded markets,,,,,,,,not attempted
KXLOLSPREAD,League of Legends Spread,Esports,,spread,F,0,0.0,True,,not_attempted,,not_attempted_supported_sport,no traded markets,,,,,,,,not attempted
KXOWSPREAD,Overwatch Spread,Esports,,spread,F,0,0.0,True,,not_attempted,,not_attempted_supported_sport,no traded markets,,,,,,,,not attempted
KXR6SPREAD,R6 Spread,Esports,,spread,F,0,0.0,True,,not_attempted,,not_attempted_supported_sport,no traded markets,,,,,,,,not attempted
KXRLSPREAD,Rocket League Spread,Esports,,spread,F,0,0.0,True,,not_attempted,,not_attempted_supported_sport,no traded markets,,,,,,,,not attempted
KXVALORANTSPREAD,Valorant Spread,Esports,,spread,F,0,0.0,True,,not_attempted,,not_attempted_supported_sport,no traded markets,,,,,,,,not attempted
KXESPORTSTEST,TESTING,Esports,,test_placeholder,E,0,0.0,True,,not_attempted,,not_attempted_supported_sport,out of scope (test),,,,,,,,not attempted
KXLOLTOTALMAPS,League of Legends Total Maps,Esports,League of Legends,total,A,2758,16931695.56,True,,not_attempted,,not_attempted_supported_sport,no independent results adapter for this competition in Phase 1 (game_winner only via Kalshi-only path),,,,,,,,not attempted
KXCS2TOTALMAPS,CS2 Total Maps,Esports,CS2,total,A,5135,9196449.19,True,,not_attempted,,not_attempted_supported_sport,no independent results adapter for this competition in Phase 1 (game_winner only via Kalshi-only path),,,,,,,,not attempted
KXCODTOTALMAPS,COD Maps,Esports,Call of Duty,total,A,346,2247226.53,True,,not_attempted,,not_attempted_supported_sport,no independent results adapter for this competition in Phase 1 (game_winner only via Kalshi-only path),,,,,,,,not attempted
KXVALORANTTOTALMAPS,Valorant Total Maps,Esports,Valorant,total,A,282,869230.76,True,,not_attempted,,not_attempted_supported_sport,no independent results adapter for this competition in Phase 1 (game_winner only via Kalshi-only path),,,,,,,,not attempted
KXDOTA2TOTALMAPS,Dota 2 Total Maps,Esports,Dota 2,total,A,382,398657.99,True,,not_attempted,,not_attempted_supported_sport,no independent results adapter for this competition in Phase 1 (game_winner only via Kalshi-only path),,,,,,,,not attempted
KXLOLTOTAL,League of Legends Total Maps Played,Esports,,total,A,0,0.0,True,,not_attempted,,not_attempted_supported_sport,no traded markets,,,,,,,,not attempted
KXOWTOTALMAPS,Overwatch Total Maps,Esports,,total,A,0,0.0,True,,not_attempted,,not_attempted_supported_sport,no traded markets,,,,,,,,not attempted
KXR6TOTALMAPS,R6 Total Maps,Esports,,total,A,0,0.0,True,,not_attempted,,not_attempted_supported_sport,no traded markets,,,,,,,,not attempted
KXRLTOTALMAPS,Rocket League Total Games,Esports,,total,A,0,0.0,True,,not_attempted,,not_attempted_supported_sport,no traded markets,,,,,,,,not attempted
KXCS2,CS2 Tournament Winner,Esports,CS2,tournament_outright,C,250,5722783.58,True,,not_attempted,,not_attempted_supported_sport,outright/bracket: few independent outcomes per season; needs prospective capture + simulation,,,,,,,,not attempted
KXLEAGUEWORLDS,League of Legends Worlds,Esports,,tournament_outright,C,13,5046794.0,True,,not_attempted,,not_attempted_supported_sport,outright/bracket: few independent outcomes per season; needs prospective capture + simulation,,,,,,,,not attempted
KXCOD,COD Tournament Winner,Esports,Call of Duty,tournament_outright,C,39,1258432.72,True,,not_attempted,,not_attempted_supported_sport,outright/bracket: few independent outcomes per season; needs prospective capture + simulation,,,,,,,,not attempted
KXSTARLADDERBUDAPESTMAJOR,Who wil win the StarLadder Budapest Major 2025,Esports,Counter-Strike 2,tournament_outright,C,23,1011195.0,True,,not_attempted,,not_attempted_supported_sport,outright/bracket: few independent outcomes per season; needs prospective capture + simulation,,,,,,,,not attempted
KXLOL,League of Legends,Esports,League of Legends,tournament_outright,C,37,987075.28,True,,not_attempted,,not_attempted_supported_sport,outright/bracket: few independent outcomes per season; needs prospective capture + simulation,,,,,,,,not attempted
KXDOTA2,Dota 2 Tournament Winner,Esports,Dota 2,tournament_outright,C,27,831984.63,True,,not_attempted,,not_attempted_supported_sport,outright/bracket: few independent outcomes per season; needs prospective capture + simulation,,,,,,,,not attempted
KXVALORANT,Valorant Tournament Winner,Esports,Valorant,tournament_outright,C,40,409808.44,True,,not_attempted,,not_attempted_supported_sport,outright/bracket: few independent outcomes per season; needs prospective capture + simulation,,,,,,,,not attempted
KXBLASTRIVALS2,BLAST Rivals 2025 Season 2,Esports,Counter-Strike 2,tournament_outright,C,4,165000.0,True,,not_attempted,,not_attempted_supported_sport,outright/bracket: few independent outcomes per season; needs prospective capture + simulation,,,,,,,,not attempted
KXCS2QUALIFIERS,CS2 Qualifier,Esports,CS2,tournament_outright,C,93,153752.09,True,,not_attempted,,not_attempted_supported_sport,outright/bracket: few independent outcomes per season; needs prospective capture + simulation,,,,,,,,not attempted
KXPGLBUCH,Who will win the PGL Masters Bucharest 2025,Esports,Counter-Strike 2,tournament_outright,C,4,147629.0,True,,not_attempted,,not_attempted_supported_sport,outright/bracket: few independent outcomes per season; needs prospective capture + simulation,,,,,,,,not attempted
KXMIDSEASONINVITATIONALB,2025 Mid-Season Invitational,Esports,,tournament_outright,C,8,139932.0,True,,not_attempted,,not_attempted_supported_sport,outright/bracket: few independent outcomes per season; needs prospective capture + simulation,,,,,,,,not attempted
KXEWCCHESS2025,Chess – Esports World Cup Winner?,Esports,,tournament_outright,C,17,119756.0,True,,not_attempted,,not_attempted_supported_sport,outright/bracket: few independent outcomes per season; needs prospective capture + simulation,,,,,,,,not attempted
KXTORONTOULTRACHAMPIONSHIP,Dota 2 at 2025 Esports World Cup,Esports,,tournament_outright,C,8,97362.0,True,,not_attempted,,not_attempted_supported_sport,outright/bracket: few independent outcomes per season; needs prospective capture + simulation,,,,,,,,not attempted
KXAUSTINMAJOR,Rennsport at 2025 Esports World Cup,Esports,,tournament_outright,C,8,82088.0,True,,not_attempted,,not_attempted_supported_sport,outright/bracket: few independent outcomes per season; needs prospective capture + simulation,,,,,,,,not attempted
KXROCKETLEAGUE,Rocket League Tournament Winner,Esports,Rocket League,tournament_outright,C,25,80515.55,True,,not_attempted,,not_attempted_supported_sport,outright/bracket: few independent outcomes per season; needs prospective capture + simulation,,,,,,,,not attempted
KXIEMCHEN,Who will win the IEM Chengdu 2025,Esports,Counter-Strike 2,tournament_outright,C,10,65593.0,True,,not_attempted,,not_attempted_supported_sport,outright/bracket: few independent outcomes per season; needs prospective capture + simulation,,,,,,,,not attempted
KXEWCLEAGUEOFLEGENDS,League of Legends featured at 2025 Esports World Cup,Esports,,tournament_outright,C,10,54308.0,True,,not_attempted,,not_attempted_supported_sport,outright/bracket: few independent outcomes per season; needs prospective capture + simulation,,,,,,,,not attempted
KXCS2QUALIFY,CS2 Qualifier,Esports,Counter-Strike 2,tournament_outright,C,27,54122.0,True,,not_attempted,,not_attempted_supported_sport,outright/bracket: few independent outcomes per season; needs prospective capture + simulation,,,,,,,,not attempted
KXEWCCALLOFDUTYBLOPS6,Call of Duty: Black Ops 6 at 2025 Esports World Cup,Esports,,tournament_outright,C,12,34762.0,True,,not_attempted,,not_attempted_supported_sport,outright/bracket: few independent outcomes per season; needs prospective capture + simulation,,,,,,,,not attempted
KXVCCHAMPIONSPARIS,VALORANT Champions 2025 PARIS,Esports,,tournament_outright,C,14,34613.0,True,,not_attempted,,not_attempted_supported_sport,outright/bracket: few independent outcomes per season; needs prospective capture + simulation,,,,,,,,not attempted
KXVALGCSEOUL,Game Changers : Championship Seoul,Esports,Valorant,tournament_outright,C,9,25407.0,True,,not_attempted,,not_attempted_supported_sport,outright/bracket: few independent outcomes per season; needs prospective capture + simulation,,,,,,,,not attempted
KXR6,R6 Tournament Winner,Esports,R6,tournament_outright,C,13,24757.3,True,,not_attempted,,not_attempted_supported_sport,outright/bracket: few independent outcomes per season; needs prospective capture + simulation,,,,,,,,not attempted
KXGEOGUESSR,GeoGuessr World Championship Winner,Esports,GeoGuessr World Championship,tournament_outright,C,13,19459.55,True,,not_attempted,,not_attempted_supported_sport,outright/bracket: few independent outcomes per season; needs prospective capture + simulation,,,,,,,,not attempted
KXBRAWLSTARS,Brawl Stars Tournament Winner,Esports,Brawl Stars,tournament_outright,C,10,14729.0,True,,not_attempted,,not_attempted_supported_sport,outright/bracket: few independent outcomes per season; needs prospective capture + simulation,,,,,,,,not attempted
KXOVERWATCH,Overwatch Tournament Winner,Esports,Overwatch,tournament_outright,C,16,14117.94,True,,not_attempted,,not_attempted_supported_sport,outright/bracket: few independent outcomes per season; needs prospective capture + simulation,,,,,,,,not attempted
KXODINVCTFINALS,Odin VCT finals,Esports,,tournament_outright,C,1,13045.0,True,,not_attempted,,not_attempted_supported_sport,outright/bracket: few independent outcomes per season; needs prospective capture + simulation,,,,,,,,not attempted
KXCS2IEMCOLOGNE,CS2: IEM Cologne,Esports,,tournament_outright,C,9,12371.0,True,,not_attempted,,not_attempted_supported_sport,outright/bracket: few independent outcomes per season; needs prospective capture + simulation,,,,,,,,not attempted
KXEWCSTARCRAFTII,StarCraft II at 2025 Esports World Cup,Esports,,tournament_outright,C,11,10422.0,True,,not_attempted,,not_attempted_supported_sport,outright/bracket: few independent outcomes per season; needs prospective capture + simulation,,,,,,,,not attempted
KXEWCVALORANT,VALORANT featured at 2025 Esports World Cup,Esports,,tournament_outright,C,10,9987.0,True,,not_attempted,,not_attempted_supported_sport,outright/bracket: few independent outcomes per season; needs prospective capture + simulation,,,,,,,,not attempted
KXLOL1STTIMEWIN,LOL First time winner,Esports,Esports,tournament_outright,C,1,9243.0,True,,not_attempted,,not_attempted_supported_sport,outright/bracket: few independent outcomes per season; needs prospective capture + simulation,,,,,,,,not attempted
KXEWCDOTA2,Dota 2 at 2025 Esports World Cup,Esports,,tournament_outright,C,9,8855.0,True,,not_attempted,,not_attempted_supported_sport,outright/bracket: few independent outcomes per season; needs prospective capture + simulation,,,,,,,,not attempted
KXLOLQUALIFIERS,League of Legends Qualifiers,Esports,League of Legends,tournament_outright,C,31,7118.72,True,,not_attempted,,not_attempted_supported_sport,outright/bracket: few independent outcomes per season; needs prospective capture + simulation,,,,,,,,not attempted
KXEWCCS2,ESPORTS WORLD CUP COUNTER STRIKE 2,Esports,,tournament_outright,C,8,6512.0,True,,not_attempted,,not_attempted_supported_sport,outright/bracket: few independent outcomes per season; needs prospective capture + simulation,,,,,,,,not attempted
KXVALORANTGROUPWIN,Valorant Tournament Group Winner,Esports,Valorant,tournament_outright,C,13,6224.64,True,,not_attempted,,not_attempted_supported_sport,outright/bracket: few independent outcomes per season; needs prospective capture + simulation,,,,,,,,not attempted
KXWCCODWARZONE,Call of Duty: Warzone at 2025 Esports World Cup,Esports,,tournament_outright,C,10,4981.0,True,,not_attempted,,not_attempted_supported_sport,outright/bracket: few independent outcomes per season; needs prospective capture + simulation,,,,,,,,not attempted
KXPUBG,PUBG Tournament Winner,Esports,PUBG,tournament_outright,C,17,4889.0,True,,not_attempted,,not_attempted_supported_sport,outright/bracket: few independent outcomes per season; needs prospective capture + simulation,,,,,,,,not attempted
KXESLPROS1,ESL Pro League Stage 1,Esports,Esports,tournament_outright,C,10,4535.0,True,,not_attempted,,not_attempted_supported_sport,outright/bracket: few independent outcomes per season; needs prospective capture + simulation,,,,,,,,not attempted
KXVALORANTMASTERSFINALS,Who will win the VALORANT Masters Finals,Esports,,tournament_outright,C,3,4192.0,True,,not_attempted,,not_attempted_supported_sport,outright/bracket: few independent outcomes per season; needs prospective capture + simulation,,,,,,,,not attempted
KXEWCAPEXLEGENDS,Apex Legends at 2025 Esports World Cup,Esports,,tournament_outright,C,7,3152.0,True,,not_attempted,,not_attempted_supported_sport,outright/bracket: few independent outcomes per season; needs prospective capture + simulation,,,,,,,,not attempted
KXLCKAHRIPICK,LCK finals Ahri,Esports,,tournament_outright,C,1,3145.0,True,,not_attempted,,not_attempted_supported_sport,outright/bracket: few independent outcomes per season; needs prospective capture + simulation,,,,,,,,not attempted
KXEWCRB6,Rainbow Six at 2025 Esports World Cup,Esports,,tournament_outright,C,8,2763.0,True,,not_attempted,,not_attempted_supported_sport,outright/bracket: few independent outcomes per season; needs prospective capture + simulation,,,,,,,,not attempted
KXVALORANTREGION,Valorant Tournament Winning Region,Esports,Valorant,tournament_outright,C,4,2750.74,True,,not_attempted,,not_attempted_supported_sport,outright/bracket: few independent outcomes per season; needs prospective capture + simulation,,,,,,,,not attempted
KXEWCTEAMFIGHTTACTICS,Teamfight Tactics featured at 2025 Esports World Cup,Esports,,tournament_outright,C,8,2445.0,True,,not_attempted,,not_attempted_supported_sport,outright/bracket: few independent outcomes per season; needs prospective capture + simulation,,,,,,,,not attempted
KXBOUNTY2025S2,Bounty 2025 Season 2,Esports,,tournament_outright,C,3,2144.0,True,,not_attempted,,not_attempted_supported_sport,outright/bracket: few independent outcomes per season; needs prospective capture + simulation,,,,,,,,not attempted
KXVALORANTQUALIFIERS,Valorant Qualifiers,Esports,Valorant,tournament_outright,C,5,1929.05,True,,not_attempted,,not_attempted_supported_sport,outright/bracket: few independent outcomes per season; needs prospective capture + simulation,,,,,,,,not attempted
KXEWCFREEFIRE,Free Fire at 2025 Esports World Cup,Esports,,tournament_outright,C,6,1461.0,True,,not_attempted,,not_attempted_supported_sport,outright/bracket: few independent outcomes per season; needs prospective capture + simulation,,,,,,,,not attempted
KXEWCMOBILELEGENDSBBWOMENS,Mobile Legends: Bang Bang Women's Invitational at 2025 Esports World Cup,Esports,,tournament_outright,C,3,1091.0,True,,not_attempted,,not_attempted_supported_sport,outright/bracket: few independent outcomes per season; needs prospective capture + simulation,,,,,,,,not attempted
KXCROSSFIRE,Crossfire Tournament Winner,Esports,Crossfire,tournament_outright,C,4,923.0,True,,not_attempted,,not_attempted_supported_sport,outright/bracket: few independent outcomes per season; needs prospective capture + simulation,,,,,,,,not attempted
KXEWCEASPORTSFC,EA SPORTS FC 25 at 2025 Esports World Cup WINNER,Esports,,tournament_outright,C,3,848.0,True,,not_attempted,,not_attempted_supported_sport,outright/bracket: few independent outcomes per season; needs prospective capture + simulation,,,,,,,,not attempted
KXEWCRENNSPORT,2025 Mid-Season Invitational,Esports,,tournament_outright,C,1,649.0,True,,not_attempted,,not_attempted_supported_sport,outright/bracket: few independent outcomes per season; needs prospective capture + simulation,,,,,,,,not attempted
KXLOLREGION,Region of Champion,Esports,League of Legends,tournament_outright,C,3,626.02,True,,not_attempted,,not_attempted_supported_sport,outright/bracket: few independent outcomes per season; needs prospective capture + simulation,,,,,,,,not attempted
KXEWCFATALFURY,FATAL FURY: City of the Wolves at 2025 Esports World Cup,Esports,,tournament_outright,C,2,443.0,True,,not_attempted,,not_attempted_supported_sport,outright/bracket: few independent outcomes per season; needs prospective capture + simulation,,,,,,,,not attempted
KXCS2QUALIFIER,CS2 Qualifier,Esports,,tournament_outright,C,0,0.0,True,,not_attempted,,not_attempted_supported_sport,outright/bracket: few independent outcomes per season; needs prospective capture + simulation,,,,,,,,not attempted
KXCSGO,CSGO,Esports,,tournament_outright,C,0,0.0,True,,not_attempted,,not_attempted_supported_sport,outright/bracket: few independent outcomes per season; needs prospective capture + simulation,,,,,,,,not attempted
KXEWCCHESS,Chess – Esports World Cup winner,Esports,,tournament_outright,C,0,0.0,True,,not_attempted,,not_attempted_supported_sport,outright/bracket: few independent outcomes per season; needs prospective capture + simulation,,,,,,,,not attempted
KXEWCHONOROFKINGS,Honor of Kings World Cup at 2025 Esports World Cup,Esports,,tournament_outright,C,0,0.0,True,,not_attempted,,not_attempted_supported_sport,outright/bracket: few independent outcomes per season; needs prospective capture + simulation,,,,,,,,not attempted
KXEWCMLBB,Mobile Legends: Bang Bang Mid Season Cup at 2025 Esports World Cup,Esports,,tournament_outright,C,0,0.0,True,,not_attempted,,not_attempted_supported_sport,outright/bracket: few independent outcomes per season; needs prospective capture + simulation,,,,,,,,not attempted
KXEWCPUBGBATTLEG,PUBG: BATTLEGROUNDS at 2025 Esports World Cup,Esports,,tournament_outright,C,0,0.0,True,,not_attempted,,not_attempted_supported_sport,outright/bracket: few independent outcomes per season; needs prospective capture + simulation,,,,,,,,not attempted
KXEWCRAINBOW6SEIGE,Rainbow Six at 2025 Esports World Cup WINNER,Esports,,tournament_outright,C,0,0.0,True,,not_attempted,,not_attempted_supported_sport,outright/bracket: few independent outcomes per season; needs prospective capture + simulation,,,,,,,,not attempted
KXEWCRSS,Rainbow Six at 2025 Esports World Cup,Esports,,tournament_outright,C,0,0.0,True,,not_attempted,,not_attempted_supported_sport,outright/bracket: few independent outcomes per season; needs prospective capture + simulation,,,,,,,,not attempted
KXFIRSTTIMEWINNER,First Time Winner,Esports,,tournament_outright,C,0,0.0,True,,not_attempted,,not_attempted_supported_sport,outright/bracket: few independent outcomes per season; needs prospective capture + simulation,,,,,,,,not attempted
KXLEAGUE,League of Legends World Championship,Esports,,tournament_outright,C,0,0.0,True,,not_attempted,,not_attempted_supported_sport,outright/bracket: few independent outcomes per season; needs prospective capture + simulation,,,,,,,,not attempted
KXMIDSEASONINVITATIONAL,2025 Mid-Season Invitational,Esports,,tournament_outright,C,0,0.0,True,,not_attempted,,not_attempted_supported_sport,outright/bracket: few independent outcomes per season; needs prospective capture + simulation,,,,,,,,not attempted
KXOW,Overwatch Tournament Champion,Esports,,tournament_outright,C,0,0.0,True,,not_attempted,,not_attempted_supported_sport,outright/bracket: few independent outcomes per season; needs prospective capture + simulation,,,,,,,,not attempted
KXPGLMASTERSBUCHAREST,Who will win the PGL Masters Bucharest 2025,Esports,,tournament_outright,C,0,0.0,True,,not_attempted,,not_attempted_supported_sport,outright/bracket: few independent outcomes per season; needs prospective capture + simulation,,,,,,,,not attempted
KXPUBGGC,PUBG Global Championship 2025,Esports,,tournament_outright,C,0,0.0,True,,not_attempted,,not_attempted_supported_sport,outright/bracket: few independent outcomes per season; needs prospective capture + simulation,,,,,,,,not attempted
KXHEISMAN,Heisman Trophy Winner,Football,NCAA Football,awards,C,89,56029587.3,True,,not_attempted,,not_attempted_supported_sport,awards: voting outcomes without as-of inputs,,,,,,,,not attempted
KXNFLSBMVP,Pro Football Championship MVP,Football,Pro Football,awards,C,77,52221340.0,True,,not_attempted,,not_attempted_supported_sport,awards: voting outcomes without as-of inputs,,,,,,,,not attempted
KXNFLCOTY,AP Pro Football Coach Of The Year,Football,Pro Football,awards,C,66,15315411.43,True,,not_attempted,,not_attempted_supported_sport,awards: voting outcomes without as-of inputs,,,,,,,,not attempted
KXNFLOROTY,AP Pro Football Offensive Rookie of the Year,Football,Pro Football,awards,C,88,13871975.87,True,,not_attempted,,not_attempted_supported_sport,awards: voting outcomes without as-of inputs,,,,,,,,not attempted
KXNFLOPOTY,AP Pro Football Offensive Player Of The Year,Football,Pro Football,awards,C,114,8141295.37,True,,not_attempted,,not_attempted_supported_sport,awards: voting outcomes without as-of inputs,,,,,,,,not attempted
KXNFLDPOTY,AP Pro Football Defensive Player Of The Year,Football,Pro Football,awards,C,113,4126530.95,True,,not_attempted,,not_attempted_supported_sport,awards: voting outcomes without as-of inputs,,,,,,,,not attempted
KXNFLDROTY,AP Pro Football Defensive Rookie of the Year,Football,Pro Football,awards,C,66,3686200.33,True,,not_attempted,,not_attempted_supported_sport,awards: voting outcomes without as-of inputs,,,,,,,,not attempted
KXNFLCPOTY,AP Pro Football Comeback Player of the Year,Football,Pro Football,awards,C,48,3305589.54,True,,not_attempted,,not_attempted_supported_sport,awards: voting outcomes without as-of inputs,,,,,,,,not attempted
KXNFLSBMVPPOS,Pro Football Championship MVP Position,Football,Pro Football,awards,C,5,1700047.0,True,,not_attempted,,not_attempted_supported_sport,awards: voting outcomes without as-of inputs,,,,,,,,not attempted
KXNCAAFCOTY,College Football Coach of the Year,Football,NCAA Football,awards,C,31,197485.72,True,,not_attempted,,not_attempted_supported_sport,awards: voting outcomes without as-of inputs,,,,,,,,not attempted
KXNFLPROOTY,Pro Football Protector of the Year,Football,Pro Football,awards,C,40,167798.68,True,,not_attempted,,not_attempted_supported_sport,awards: voting outcomes without as-of inputs,,,,,,,,not attempted
KXHEISMANFINALIST,Heisman Finalists,Football,NCAA Football,awards,C,30,132170.6,True,,not_attempted,,not_attempted_supported_sport,awards: voting outcomes without as-of inputs,,,,,,,,not attempted
KXNFLEXECOTY,Pro Football Executive of the Year,Football,Pro Football,awards,C,32,100950.96,True,,not_attempted,,not_attempted_supported_sport,awards: voting outcomes without as-of inputs,,,,,,,,not attempted
KXNFLHALLOFFAME,Pro Football Hall of Fame,Football,Pro Football,awards,C,24,91657.45,True,,not_attempted,,not_attempted_supported_sport,awards: voting outcomes without as-of inputs,,,,,,,,not attempted
KXNCAAFAWARD,College Football Award Winner,Football,NCAA Football,awards,C,160,74560.43,True,,not_attempted,,not_attempted_supported_sport,awards: voting outcomes without as-of inputs,,,,,,,,not attempted
KXHEISMANSPECIAL,Heisman Trophy Winner Specials,Football,NCAA Football,awards,C,10,17089.5,True,,not_attempted,,not_attempted_supported_sport,awards: voting outcomes without as-of inputs,,,,,,,,not attempted
KXNFLPOTM,NFL Player of the Month,Football,Pro Football,awards,C,29,14230.44,True,,not_attempted,,not_attempted_supported_sport,awards: voting outcomes without as-of inputs,,,,,,,,not attempted
KXNFLROTM,NFL Rookie of the Month,Football,Pro Football,awards,C,11,9814.06,True,,not_attempted,,not_attempted_supported_sport,awards: voting outcomes without as-of inputs,,,,,,,,not attempted
KXNFLAWARDFIN,Pro Football Award Finalists,Football,Pro Football,awards,C,39,4011.58,True,,not_attempted,,not_attempted_supported_sport,awards: voting outcomes without as-of inputs,,,,,,,,not attempted
KXNFLMVPSPECIALS,NFL MVP Award Specials,Football,Pro Football,awards,C,10,2395.0,True,,not_attempted,,not_attempted_supported_sport,awards: voting outcomes without as-of inputs,,,,,,,,not attempted
KXNFLALLPRO,Pro Football All-Pro Teams,Football,Pro Football,awards,C,11,2295.09,True,,not_attempted,,not_attempted_supported_sport,awards: voting outcomes without as-of inputs,,,,,,,,not attempted
KXHEISMANFINSPECIAL,Heisman Finalist Specials,Football,NCAA Football,awards,C,2,1567.43,True,,not_attempted,,not_attempted_supported_sport,awards: voting outcomes without as-of inputs,,,,,,,,not attempted
KXNFLOPOYSPECIALS,NFL Offensive Player of the Year Specials,Football,Pro Football,awards,C,2,649.28,True,,not_attempted,,not_attempted_supported_sport,awards: voting outcomes without as-of inputs,,,,,,,,not attempted
KXNFLWPMOTY,Walter Payton Man of the Year,Football,Pro Football,awards,C,7,599.57,True,,not_attempted,,not_attempted_supported_sport,awards: voting outcomes without as-of inputs,,,,,,,,not attempted
KXNFLDPOYSPECIALS,NFL Defensive Player of the Year Specials,Football,Pro Football,awards,C,2,295.55,True,,not_attempted,,not_attempted_supported_sport,awards: voting outcomes without as-of inputs,,,,,,,,not attempted
KXNCAAFAWARDFIN,College Football Award Finalists,Football,NCAA Football,awards,C,5,202.13,True,,not_attempted,,not_attempted_supported_sport,awards: voting outcomes without as-of inputs,,,,,,,,not attempted
KXALMVP,NL MVP,Football,,awards,C,0,0.0,True,,not_attempted,,not_attempted_supported_sport,awards: voting outcomes without as-of inputs,,,,,,,,not attempted
KXCFBCOTY,College Football Coach of the Year,Football,,awards,C,0,0.0,True,,not_attempted,,not_attempted_supported_sport,awards: voting outcomes without as-of inputs,,,,,,,,not attempted
KXCFBDOBRIEN,Davey O'Brien Award,Football,,awards,C,0,0.0,True,,not_attempted,,not_attempted_supported_sport,awards: voting outcomes without as-of inputs,,,,,,,,not attempted
KXDEFHEISMAN,Defensive Heisman Candidate,Football,,awards,C,0,0.0,True,,not_attempted,,not_attempted_supported_sport,awards: voting outcomes without as-of inputs,,,,,,,,not attempted
KXNCAAFACCAWARD,College Football ACC Award Winner,Football,,awards,C,0,0.0,True,,not_attempted,,not_attempted_supported_sport,awards: voting outcomes without as-of inputs,,,,,,,,not attempted
KXNCAAFBIG12AWARD,College Football Big 12 Award Winner,Football,,awards,C,0,0.0,True,,not_attempted,,not_attempted_supported_sport,awards: voting outcomes without as-of inputs,,,,,,,,not attempted
KXNCAAFBIGTENAWARD,College Football Big Ten Award Winner,Football,,awards,C,0,0.0,True,,not_attempted,,not_attempted_supported_sport,awards: voting outcomes without as-of inputs,,,,,,,,not attempted
KXNCAAFCONFAWARD,College Football Conference Awards,Football,,awards,C,0,0.0,True,,not_attempted,,not_attempted_supported_sport,awards: voting outcomes without as-of inputs,,,,,,,,not attempted
KXNCAAFCOTW,College Football Coach of the Week,Football,,awards,C,0,0.0,True,,not_attempted,,not_attempted_supported_sport,awards: voting outcomes without as-of inputs,,,,,,,,not attempted
KXNCAAFSECAWARD,College Football SEC Award Winner,Football,,awards,C,0,0.0,True,,not_attempted,,not_attempted_supported_sport,awards: voting outcomes without as-of inputs,,,,,,,,not attempted
KXNFLASSCOACH,NFL Assistant Coach of the Year,Football,,awards,C,0,0.0,True,,not_attempted,,not_attempted_supported_sport,awards: voting outcomes without as-of inputs,,,,,,,,not attempted
KXNFLCOACH,NFL Coach of the Year,Football,,awards,C,0,0.0,True,,not_attempted,,not_attempted_supported_sport,awards: voting outcomes without as-of inputs,,,,,,,,not attempted
KXNFLDPOY,NFL Defensive Player of the Year,Football,,awards,C,0,0.0,True,,not_attempted,,not_attempted_supported_sport,awards: voting outcomes without as-of inputs,,,,,,,,not attempted
KXNFLDROY,NFL Defensive Rookie of the Year,Football,,awards,C,0,0.0,True,,not_attempted,,not_attempted_supported_sport,awards: voting outcomes without as-of inputs,,,,,,,,not attempted
KXNFLHOFINDUCTEES,Pro Football Hall of Fame Inductees,Football,,awards,C,0,0.0,True,,not_attempted,,not_attempted_supported_sport,awards: voting outcomes without as-of inputs,,,,,,,,not attempted
KXNFLOPOY,NFL Offensive Player of the Year,Football,,awards,C,0,0.0,True,,not_attempted,,not_attempted_supported_sport,awards: voting outcomes without as-of inputs,,,,,,,,not attempted
KXNFLOROY,NFL Offensive Rookie of the Y ear,Football,,awards,C,0,0.0,True,,not_attempted,,not_attempted_supported_sport,awards: voting outcomes without as-of inputs,,,,,,,,not attempted
KXNFLPROBOWLWIN,Pro Football Pro Bowl Game,Football,,awards,C,0,0.0,True,,not_attempted,,not_attempted_supported_sport,awards: voting outcomes without as-of inputs,,,,,,,,not attempted
KXNFLSBMVPDEF,Defensive Player Championship MVP,Football,,awards,C,0,0.0,True,,not_attempted,,not_attempted_supported_sport,awards: voting outcomes without as-of inputs,,,,,,,,not attempted
KXNFLSBMVPQB,Non QB Championship MVP,Football,,awards,C,0,0.0,True,,not_attempted,,not_attempted_supported_sport,awards: voting outcomes without as-of inputs,,,,,,,,not attempted
KXNLMVP,AL MVP,Football,,awards,C,0,0.0,True,,not_attempted,,not_attempted_supported_sport,awards: voting outcomes without as-of inputs,,,,,,,,not attempted
KXWPMOTY,Walter Peyton Man of the Year,Football,,awards,C,0,0.0,True,,not_attempted,,not_attempted_supported_sport,awards: voting outcomes without as-of inputs,,,,,,,,not attempted
KXNFLPREPACKSGP,MVE NFL Pre Pack,Football,Pro Football,combo_parlay,E,372,82139794.0,True,,not_attempted,,not_attempted_supported_sport,out of scope (derived combination),,,,,,,,not attempted
KXNCAAFPREPACKSGP,MVE NCAAF Pre Pack,Football,College Football Playoffs,combo_parlay,E,48,37943771.0,True,,not_attempted,,not_attempted_supported_sport,out of scope (derived combination),,,,,,,,not attempted
KXNFLPREPACK2ML,MVE NFL Pre Pack,Football,Pro Football,combo_parlay,E,212,19746910.0,True,,not_attempted,,not_attempted_supported_sport,out of scope (derived combination),,,,,,,,not attempted
KXNFLPREPACK3ML,MVE NFL Pre Pack,Football,Pro Football,combo_parlay,E,128,19582101.0,True,,not_attempted,,not_attempted_supported_sport,out of scope (derived combination),,,,,,,,not attempted
KXNFLPREPACK,MVE NFL Pre Pack,Football,Pro Football,combo_parlay,E,110,19001196.0,True,,not_attempted,,not_attempted_supported_sport,out of scope (derived combination),,,,,,,,not attempted
KXNFLPREPACK1HFT,MVE NFL Pre Pack,Football,Pro Football,combo_parlay,E,18,6392040.0,True,,not_attempted,,not_attempted_supported_sport,out of scope (derived combination),,,,,,,,not attempted
KXNCAAFPREPACK2ML,MVE NCAAF Pre Pack,Football,College Football Playoffs,combo_parlay,E,28,1834901.0,True,,not_attempted,,not_attempted_supported_sport,out of scope (derived combination),,,,,,,,not attempted
KXNCAAFPREPACK4ML,MVE NCAAF Pre Pack,Football,College Football Playoffs,combo_parlay,E,30,1386252.0,True,,not_attempted,,not_attempted_supported_sport,out of scope (derived combination),,,,,,,,not attempted
KXNCAAFPREPACK3ML,MVE NCAAF Pre Pack,Football,College Football Playoffs,combo_parlay,E,16,1211250.0,True,,not_attempted,,not_attempted_supported_sport,out of scope (derived combination),,,,,,,,not attempted
KXNFLCOMBO,NFL COMBO,Football,Pro Football,combo_parlay,E,6,32980.0,True,,not_attempted,,not_attempted_supported_sport,out of scope (derived combination),,,,,,,,not attempted
KXNFLPREPACK1Q1H,MVE NFL Pre Pack,Football,,combo_parlay,E,0,0.0,True,,not_attempted,,not_attempted_supported_sport,out of scope (derived combination),,,,,,,,not attempted
KXNFLPREPACKSGPSPREAD,MVE NFL Pre Pack,Football,,combo_parlay,E,0,0.0,True,,not_attempted,,not_attempted_supported_sport,out of scope (derived combination),,,,,,,,not attempted
KXNFLDRAFTPICK,NFL Draft Pick,Football,Pro Football Draft,draft,C,718,24986230.35,True,,not_attempted,,not_attempted_supported_sport,draft: consensus mocks not archived as-of,,,,,,,,not attempted
KXNFLDRAFTTOP,Pro Football Top Draft,Football,Pro Football Draft,draft,C,176,5017304.11,True,,not_attempted,,not_attempted_supported_sport,draft: consensus mocks not archived as-of,,,,,,,,not attempted
KXNFLDRAFTTEAM,Pro Football Team Draft,Football,Pro Football Draft,draft,C,604,3255006.26,True,,not_attempted,,not_attempted_supported_sport,draft: consensus mocks not archived as-of,,,,,,,,not attempted
KXNFLDRAFT1,NFL Draft First Pick,Football,Pro Football Draft,draft,C,48,2683144.88,True,,not_attempted,,not_attempted_supported_sport,draft: consensus mocks not archived as-of,,,,,,,,not attempted
KXNFLDRAFTOU,Will Player be drafted before or after pick?,Football,Pro Football Draft,draft,C,52,1613149.07,True,,not_attempted,,not_attempted_supported_sport,draft: consensus mocks not archived as-of,,,,,,,,not attempted
KXNFLDRAFT1ST,Make the 1st pick in NFL Draft,Football,Pro Football,draft,C,64,1342552.53,True,,not_attempted,,not_attempted_supported_sport,draft: consensus mocks not archived as-of,,,,,,,,not attempted
KXNFLDRAFTCAT,Pro Football Draft Category,Football,Pro Football Draft,draft,C,78,764915.92,True,,not_attempted,,not_attempted_supported_sport,draft: consensus mocks not archived as-of,,,,,,,,not attempted
KXNFLTEAM1POS,What position will Team select with first pick,Football,Pro Football Draft,draft,C,260,746585.83,True,,not_attempted,,not_attempted_supported_sport,draft: consensus mocks not archived as-of,,,,,,,,not attempted
KXNFLDRAFTQB,Pro Football Quarterback Drafted,Football,Pro Football Draft,draft,C,40,505591.58,True,,not_attempted,,not_attempted_supported_sport,draft: consensus mocks not archived as-of,,,,,,,,not attempted
KXNFLDRAFTWR,Pro Football Wide Receiver Drafted ,Football,Pro Football Draft,draft,C,61,456101.15,True,,not_attempted,,not_attempted_supported_sport,draft: consensus mocks not archived as-of,,,,,,,,not attempted
KXNFLDRAFTOL,Pro Football Offensive Line Drafted ,Football,Pro Football Draft,draft,C,32,333285.36,True,,not_attempted,,not_attempted_supported_sport,draft: consensus mocks not archived as-of,,,,,,,,not attempted
KXNFLDRAFTMATCHUP,Pro Football Draft Matchup,Football,Pro Football Draft,draft,C,16,306566.37,True,,not_attempted,,not_attempted_supported_sport,draft: consensus mocks not archived as-of,,,,,,,,not attempted
KXNFLDRAFTLB,Pro Football Linebacker Drafted,Football,Pro Football Draft,draft,C,28,120894.49,True,,not_attempted,,not_attempted_supported_sport,draft: consensus mocks not archived as-of,,,,,,,,not attempted
KXNFLDRAFTRB,Pro Football Running Back Drafted,Football,Pro Football Draft,draft,C,35,118791.47,True,,not_attempted,,not_attempted_supported_sport,draft: consensus mocks not archived as-of,,,,,,,,not attempted
KXNFLDRAFTEDGE,Pro Football Edge Drafted,Football,Pro Football Draft,draft,C,27,102932.98,True,,not_attempted,,not_attempted_supported_sport,draft: consensus mocks not archived as-of,,,,,,,,not attempted
KXNFLDRAFTDB,Pro Football Defensive Back Drafted,Football,Pro Football Draft,draft,C,21,102929.48,True,,not_attempted,,not_attempted_supported_sport,draft: consensus mocks not archived as-of,,,,,,,,not attempted
KXNFLDRAFTTE,Pro Football Tight End Drafted,Football,Pro Football Draft,draft,C,34,91579.23,True,,not_attempted,,not_attempted_supported_sport,draft: consensus mocks not archived as-of,,,,,,,,not attempted
KXNFLDRAFTTEAMPOS,Which team will draft a quarterback in specific round?,Football,Pro Football Draft,draft,C,32,87305.49,True,,not_attempted,,not_attempted_supported_sport,draft: consensus mocks not archived as-of,,,,,,,,not attempted
KXNFLDRAFTCOMPARE,NFL Draft Comparison,Football,Pro Football Draft,draft,C,12,56582.83,True,,not_attempted,,not_attempted_supported_sport,draft: consensus mocks not archived as-of,,,,,,,,not attempted
KXNFLCOMBINE40,Pro Football Combine Fastest 40 Time,Football,Pro Football,draft,C,23,50779.0,True,,not_attempted,,not_attempted_supported_sport,draft: consensus mocks not archived as-of,,,,,,,,not attempted
KXNFLDRAFTDT,Pro Football Defensive Tackle Drafted,Football,Pro Football Draft,draft,C,13,48491.68,True,,not_attempted,,not_attempted_supported_sport,draft: consensus mocks not archived as-of,,,,,,,,not attempted
KXNFLLASTPICKPOS,NFL Last Pick of the Draft Position,Football,Pro Football Draft,draft,C,9,44453.9,True,,not_attempted,,not_attempted_supported_sport,draft: consensus mocks not archived as-of,,,,,,,,not attempted
KXNFLSUPDRAFTPICK,Will Player declare for supplemental draft,Football,Pro Football,draft,C,1,39217.19,True,,not_attempted,,not_attempted_supported_sport,draft: consensus mocks not archived as-of,,,,,,,,not attempted
KXNFLCOMBINE,NFL Combine,Football,Pro Football,draft,C,20,30026.0,True,,not_attempted,,not_attempted_supported_sport,draft: consensus mocks not archived as-of,,,,,,,,not attempted
KXNFLDRAFTEAMPOS,Will team draft a position across round,Football,,draft,C,0,0.0,True,,not_attempted,,not_attempted_supported_sport,draft: consensus mocks not archived as-of,,,,,,,,not attempted
KXNFLFIRSTPICK,First Pick in NFL Draft,Football,,draft,C,0,0.0,True,,not_attempted,,not_attempted_supported_sport,draft: consensus mocks not archived as-of,,,,,,,,not attempted
KXNFLSDRAFTTOP,Will player be drafted Top X in Supplemental Draft,Football,,draft,C,0,0.0,True,,not_attempted,,not_attempted_supported_sport,draft: consensus mocks not archived as-of,,,,,,,,not attempted
KXSUPDRAFTPICK,Will player announce that he will enter Supplemental Draft,Football,,draft,C,0,0.0,True,,not_attempted,,not_attempted_supported_sport,draft: consensus mocks not archived as-of,,,,,,,,not attempted
KXNFLSTAGEOFELIM,Pro Football Stage of Elimination,Football,Pro Football,field_finish,C,173,133093.1,True,,not_attempted,,not_attempted_supported_sport,no independent results adapter for this competition in Phase 1 (game_winner only via Kalshi-only path),,,,,,,,not attempted
KXNFLFFH2HSEASON,Season Fantasy Football Head-to-Head,Football,Pro Football,field_finish,C,30,50897.27,True,,not_attempted,,not_attempted_supported_sport,no independent results adapter for this competition in Phase 1 (game_winner only via Kalshi-only path),,,,,,,,not attempted
KXNCAAFB12REGTOP,College Football Big 12 Regular Season Top Finishers,Football,NCAA Football,field_finish,C,40,21313.05,True,,not_attempted,,not_attempted_supported_sport,no independent results adapter for this competition in Phase 1 (game_winner only via Kalshi-only path),,,,,,,,not attempted
KXNCAAFBIGTENREGTOP,College Football Big Ten Regular Season Top Finishers,Football,NCAA Football,field_finish,C,37,21146.85,True,,not_attempted,,not_attempted_supported_sport,no independent results adapter for this competition in Phase 1 (game_winner only via Kalshi-only path),,,,,,,,not attempted
KXNCAAFSECREGTOP,College Football SEC Regular Season Top Finishers,Football,NCAA Football,field_finish,C,40,15673.67,True,,not_attempted,,not_attempted_supported_sport,no independent results adapter for this competition in Phase 1 (game_winner only via Kalshi-only path),,,,,,,,not attempted
KXNCAAFACCREGTOP,College Football ACC Regular Season Top Finishers,Football,NCAA Football,field_finish,C,37,14623.2,True,,not_attempted,,not_attempted_supported_sport,no independent results adapter for this competition in Phase 1 (game_winner only via Kalshi-only path),,,,,,,,not attempted
KXSORONDO,Rajon Rando Summer Olympics Flag Football,Football,,field_finish,C,1,3691.64,True,,not_attempted,,not_attempted_supported_sport,no independent results adapter for this competition in Phase 1 (game_winner only via Kalshi-only path),,,,,,,,not attempted
KXNFLFFH2H,Weekly Fantasy Football Head-to-Head,Football,,field_finish,C,0,0.0,True,,not_attempted,,not_attempted_supported_sport,no traded markets,,,,,,,,not attempted
KXNFLGAME,NFL Game,Football,Pro Football,game_winner,A,948,7072313562.24,True,nfl,independent_outcomes,strict,strict_evaluated,,950,690,510/510,690/690,0,178,89,evaluated
KXNCAAFGAME,College Football Game,Football,NCAA Football,game_winner,A,3557,5693775630.17,True,ncaaf,independent_outcomes,strict,strict_evaluated,,3736,3170,1852/1852,3170/3170,0,1312,656,evaluated
KXCFLGAME,CFL Game,Football,CFL,game_winner,A,152,10178535.85,True,k_kxcflgame,kalshi_settlement_only,kalshi_settlement_only,kalshi_settlement_only_evaluated,,146,138,,,0,138,69,evaluated
KXUFLGAME,UFL Football Game,Football,UFL,game_winner,A,78,7342611.18,True,k_kxuflgame,kalshi_settlement_only,kalshi_settlement_only,kalshi_settlement_only_evaluated,,78,78,,,0,78,39,evaluated
KXNCAAFCSGAME,College Football FCS Game,Football,NCAA Football,game_winner,A,26,4416939.0,True,ncaaf,excluded_spec,,excluded_spec,no payoff parser for suffix 'CSGAME',0,0,,,0,0,0,excluded
KXNFLNONQBPASS,Pro Football Non-QB Passes,Football,Pro Football,game_winner,A,1,847714.0,True,nfl,excluded_spec,,excluded_spec,no payoff parser for suffix 'NONQBPASS',0,0,,,0,0,0,excluded
KXNFLCOMPETE,Will an NFL Player Compete in game,Football,Pro Football,game_winner,A,3,681245.79,True,nfl,excluded_spec,,excluded_spec,no payoff parser for suffix 'COMPETE',0,0,,,0,0,0,excluded
KXNFLLEADCHANGE,Pro Football Lead Changes,Football,Pro Football,game_winner,A,9,614315.0,True,nfl,excluded_spec,,excluded_spec,no payoff parser for suffix 'LEADCHANGE',0,0,,,0,0,0,excluded
KXNFLLARGELEAD,Pro Football Largest Lead,Football,Pro Football,game_winner,A,6,486134.0,True,nfl,excluded_spec,,excluded_spec,no payoff parser for suffix 'LARGELEAD',0,0,,,0,0,0,excluded
KXNFLCOMEBACK,Pro Football Comeback,Football,Pro Football,game_winner,A,5,447935.0,True,nfl,excluded_spec,,excluded_spec,no payoff parser for suffix 'COMEBACK',0,0,,,0,0,0,excluded
KXNFLNOSCOREQ,Pro Football Scoreless Quarter,Football,Pro Football,game_winner,A,1,424456.0,True,nfl,excluded_spec,,excluded_spec,no payoff parser for suffix 'NOSCOREQ',0,0,,,0,0,0,excluded
KXNFL4DCONV,Pro Football 4th Down Conversions,Football,Pro Football,game_winner,A,5,356268.0,True,nfl,excluded_spec,,excluded_spec,no payoff parser for suffix '4DCONV',0,0,,,0,0,0,excluded
KXNFLPROBOWL,Pro Football Pro Bowl,Football,Pro Football,game_winner,A,2,304877.0,True,nfl,excluded_spec,,excluded_spec,no payoff parser for suffix 'PROBOWL',0,0,,,0,0,0,excluded
KXNFLGAMESACK,Pro Football Sacks,Football,Pro Football,game_winner,A,14,256176.0,True,nfl,excluded_spec,,excluded_spec,no payoff parser for suffix 'GAMESACK',0,0,,,0,0,0,excluded
KX1STHOMEGAME,First Home Game Opponent,Football,Pro Football,game_winner,A,8,29363.41,True,k_kx1sthomegame,kalshi_settlement_only,kalshi_settlement_only,no_test_contracts,no scored contracts in the test window,8,0,,,0,0,0,no test-period contracts
KXGREYCUP,CFL Grey Cup,Football,CFL,game_winner,A,11,26276.73,True,k_kxgreycup,kalshi_settlement_only,kalshi_settlement_only,no_test_contracts,no scored contracts in the test window,11,0,,,0,0,0,no test-period contracts
KXNFLCELEBRITYGAME,Pro Football Celebrity Flag Football Game,Football,,game_winner,A,8,16507.0,True,k_kxnflcelebritygame,kalshi_settlement_only,kalshi_settlement_only,no_test_contracts,no scored contracts in the test window,8,0,,,0,0,0,no test-period contracts
KXNCAAFD3GAME,DIII College Football Game,Football,NCAA Football,game_winner,A,4,4154.0,True,ncaaf,excluded_spec,,excluded_spec,no payoff parser for suffix 'D3GAME',0,0,,,0,0,0,excluded
KX1HOMEGAME,First Home Game Opponent,Football,,game_winner,A,0,0.0,True,,not_attempted,,not_attempted_supported_sport,no traded markets,,,,,,,,not attempted
KXNFL4DOWNCONV,Pro Football 4th Down Conversions,Football,,game_winner,A,0,0.0,True,,not_attempted,,not_attempted_supported_sport,no traded markets,,,,,,,,not attempted
KXNFLGAMETO,Pro Football Turnovers,Football,,game_winner,A,0,0.0,True,,not_attempted,,not_attempted_supported_sport,no traded markets,,,,,,,,not attempted
KXNFLLARGESTLEAD,Pro Football Largest Lead,Football,,game_winner,A,0,0.0,True,,not_attempted,,not_attempted_supported_sport,no traded markets,,,,,,,,not attempted
KXNFLFFPTS,Pro Football Player Fantasy Points,Football,Pro Football,league_leaders,C,867,2343614.58,True,,not_attempted,,not_attempted_supported_sport,league leaders: one outcome per stat-season,,,,,,,,not attempted
KXNFLFFLEADER,Best in Fantasy By Position,Football,Pro Football,league_leaders,C,310,568158.65,True,,not_attempted,,not_attempted_supported_sport,league leaders: one outcome per stat-season,,,,,,,,not attempted
KXNFLFANTASYMOST,Pro Football Most Fantasy Points,Football,Pro Football,league_leaders,C,13,397732.0,True,,not_attempted,,not_attempted_supported_sport,league leaders: one outcome per stat-season,,,,,,,,not attempted
KXNFLFFLEADERTOP,Top Fantasy,Football,Pro Football,league_leaders,C,390,372161.24,True,,not_attempted,,not_attempted_supported_sport,league leaders: one outcome per stat-season,,,,,,,,not attempted
KXNFLWEEKHIGHSCORE,NFL Highest Scoring Team of the Week,Football,Pro Football,league_leaders,C,68,260767.7,True,,not_attempted,,not_attempted_supported_sport,league leaders: one outcome per stat-season,,,,,,,,not attempted
KXNFLFFWEEKTOP,Weekly Fantasy Football Top Players,Football,Pro Football,league_leaders,C,416,168710.36,True,,not_attempted,,not_attempted_supported_sport,league leaders: one outcome per stat-season,,,,,,,,not attempted
KXNFLFFWEEKLEAD,Weekly Fantasy Football Leader,Football,Pro Football,league_leaders,C,243,125053.82,True,,not_attempted,,not_attempted_supported_sport,league leaders: one outcome per stat-season,,,,,,,,not attempted
KXNFLPLAYOFFC,Will both teams make the NFL Playoffs,Football,Pro Football,league_leaders,C,1,81197.67,True,,not_attempted,,not_attempted_supported_sport,league leaders: one outcome per stat-season,,,,,,,,not attempted
KXLEADERNFLSACKS,NFL Sacks Leader,Football,Pro Football,league_leaders,C,30,71810.63,True,,not_attempted,,not_attempted_supported_sport,league leaders: one outcome per stat-season,,,,,,,,not attempted
KXNFLSEASONREC,Receptions,Football,Pro Football,league_leaders,C,121,48024.23,True,,not_attempted,,not_attempted_supported_sport,league leaders: one outcome per stat-season,,,,,,,,not attempted
KXNCAAFBIGTENLEADER,College Football Big Ten Stats Leaders,Football,NCAA Football,league_leaders,C,76,43012.17,True,,not_attempted,,not_attempted_supported_sport,league leaders: one outcome per stat-season,,,,,,,,not attempted
KXNFLTEAMDPTS,Who will allow the least/most points this season,Football,Pro Football,league_leaders,C,32,30573.41,True,,not_attempted,,not_attempted_supported_sport,league leaders: one outcome per stat-season,,,,,,,,not attempted
KXNFLLASTTOWIN,Pro Football last team to win a game,Football,Pro Football,league_leaders,C,7,25446.68,True,,not_attempted,,not_attempted_supported_sport,league leaders: one outcome per stat-season,,,,,,,,not attempted
KXNCAAFSECWINS,College Football SEC Teams to Win,Football,NCAA Football,league_leaders,C,8,20463.42,True,,not_attempted,,not_attempted_supported_sport,league leaders: one outcome per stat-season,,,,,,,,not attempted
KXLEADERNFLINT,NFL leader interceptions,Football,Pro Football,league_leaders,C,23,18069.52,True,,not_attempted,,not_attempted_supported_sport,league leaders: one outcome per stat-season,,,,,,,,not attempted
KXNCAAFUNDEFEATEDHOME,College Football Teams to go Undefeated at Home,Football,NCAA Football,league_leaders,C,37,15040.92,True,,not_attempted,,not_attempted_supported_sport,league leaders: one outcome per stat-season,,,,,,,,not attempted
KXNFLSELLOUT,Pro Football Sellouts,Football,Pro Football,league_leaders,C,1,13365.76,True,,not_attempted,,not_attempted_supported_sport,league leaders: one outcome per stat-season,,,,,,,,not attempted
KXNCAAFACCWINS,College Football ACC Teams to Win,Football,NCAA Football,league_leaders,C,4,10351.66,True,,not_attempted,,not_attempted_supported_sport,league leaders: one outcome per stat-season,,,,,,,,not attempted
KXNCAAFBIGTENWINS,College Football Big Ten Teams to Win,Football,NCAA Football,league_leaders,C,5,9390.15,True,,not_attempted,,not_attempted_supported_sport,league leaders: one outcome per stat-season,,,,,,,,not attempted
KXNCAAFBIG12WINS,College Football Big 12 Teams to Win,Football,NCAA Football,league_leaders,C,3,4790.3,True,,not_attempted,,not_attempted_supported_sport,league leaders: one outcome per stat-season,,,,,,,,not attempted
KXNFLPLAYOFFHOST,Team to host a playoff game,Football,Pro Football,league_leaders,C,25,3273.8,True,,not_attempted,,not_attempted_supported_sport,league leaders: one outcome per stat-season,,,,,,,,not attempted
KXNCAAFSECLEADER,College Football SEC Stats Leaders,Football,NCAA Football,league_leaders,C,29,2756.76,True,,not_attempted,,not_attempted_supported_sport,league leaders: one outcome per stat-season,,,,,,,,not attempted
KXLEADERNFLPINT,Pro Football Pass INT ,Football,Pro Football,league_leaders,C,29,2515.4,True,,not_attempted,,not_attempted_supported_sport,league leaders: one outcome per stat-season,,,,,,,,not attempted
KXNCAAFACCLEADER,College Football ACC Stats Leaders,Football,NCAA Football,league_leaders,C,16,2233.58,True,,not_attempted,,not_attempted_supported_sport,league leaders: one outcome per stat-season,,,,,,,,not attempted
KXNFLGAMESPECIALS,Pro Football Game Specials,Football,Pro Football,league_leaders,C,6,2036.83,True,,not_attempted,,not_attempted_supported_sport,league leaders: one outcome per stat-season,,,,,,,,not attempted
KXNCAAFBIG12LEADER,College Football Big 12 Stats Leaders,Football,NCAA Football,league_leaders,C,24,1936.64,True,,not_attempted,,not_attempted_supported_sport,league leaders: one outcome per stat-season,,,,,,,,not attempted
KXNFLWORSTTOFIRST,Pro Football Worst in Division to First,Football,Pro Football,league_leaders,C,1,1840.16,True,,not_attempted,,not_attempted_supported_sport,league leaders: one outcome per stat-season,,,,,,,,not attempted
KXNFLBLOWOUT,Pro Football Biggest Blowout,Football,Pro Football,league_leaders,C,6,1350.7,True,,not_attempted,,not_attempted_supported_sport,league leaders: one outcome per stat-season,,,,,,,,not attempted
KXNFLHIGHSCORE,Pro Football Highest Scoring Game,Football,Pro Football,league_leaders,C,9,1326.25,True,,not_attempted,,not_attempted_supported_sport,league leaders: one outcome per stat-season,,,,,,,,not attempted
KXNFLFFHIGHSCORE,Fantasy Football Highest Scoring Performance,Football,Pro Football,league_leaders,C,13,950.6,True,,not_attempted,,not_attempted_supported_sport,league leaders: one outcome per stat-season,,,,,,,,not attempted
KXNFLTIES,Pro Football Ties,Football,Pro Football,league_leaders,C,1,375.12,True,,not_attempted,,not_attempted_supported_sport,league leaders: one outcome per stat-season,,,,,,,,not attempted
KXLEADERNFLAPYDS,Pro Football All-Purpose Yards Leader,Football,Pro Football,league_leaders,C,4,144.21,True,,not_attempted,,not_attempted_supported_sport,league leaders: one outcome per stat-season,,,,,,,,not attempted
KXNCAAFLEADER,College Football Stats Leaders,Football,NCAA Football,league_leaders,C,4,112.06,True,,not_attempted,,not_attempted_supported_sport,league leaders: one outcome per stat-season,,,,,,,,not attempted
KXNFLFFPLAYERHIGH,Pro Football Player's Highest Scoring Fantasy Performance,Football,Pro Football,league_leaders,C,6,96.05,True,,not_attempted,,not_attempted_supported_sport,league leaders: one outcome per stat-season,,,,,,,,not attempted
KXNFLFFPLAYOFFLEADER,Fantasy Football Playoffs Leader,Football,Pro Football,league_leaders,C,3,36.12,True,,not_attempted,,not_attempted_supported_sport,league leaders: one outcome per stat-season,,,,,,,,not attempted
KXNCAAFHIGHSCORE,College Football Highest Scoring Game,Football,NCAA Football,league_leaders,C,1,20.97,True,,not_attempted,,not_attempted_supported_sport,league leaders: one outcome per stat-season,,,,,,,,not attempted
KXCFBUNDEFEATEDHOME,College Football Teams to go Undefeated at Home,Football,,league_leaders,C,0,0.0,True,,not_attempted,,not_attempted_supported_sport,league leaders: one outcome per stat-season,,,,,,,,not attempted
KXNCAAFMOSTOT,College Football Most Amount of Overtimes,Football,NCAA Football,league_leaders,C,0,0.0,True,,not_attempted,,not_attempted_supported_sport,league leaders: one outcome per stat-season,,,,,,,,not attempted
KXNFLFF40PTS,Fantasy Football 40 Point Performances,Football,,league_leaders,C,0,0.0,True,,not_attempted,,not_attempted_supported_sport,league leaders: one outcome per stat-season,,,,,,,,not attempted
KXNFLFF50PTS,Fantasy Football 50 Point Performances,Football,,league_leaders,C,0,0.0,True,,not_attempted,,not_attempted_supported_sport,league leaders: one outcome per stat-season,,,,,,,,not attempted
KXNFLFFPTSSEASON,Pro Football Player Fantasy Points,Football,,league_leaders,C,0,0.0,True,,not_attempted,,not_attempted_supported_sport,league leaders: one outcome per stat-season,,,,,,,,not attempted
KXNFLFFTOP,Top Fantasy Rank,Football,,league_leaders,C,0,0.0,True,,not_attempted,,not_attempted_supported_sport,league leaders: one outcome per stat-season,,,,,,,,not attempted
KXNFLLEASTPENALIZED,Pro Football Least Penalized Team,Football,,league_leaders,C,0,0.0,True,,not_attempted,,not_attempted_supported_sport,league leaders: one outcome per stat-season,,,,,,,,not attempted
KXSTARTINGQBWEEK1,NFL Starting QB Week 1,Football,Pro Football,other_novelty,E,54,2095727.16,True,,not_attempted,,not_attempted_supported_sport,out of scope (novelty),,,,,,,,not attempted
KXPHILIPRIVERSNFL,Philips Rivers Play This Year,Football,Pro Football,other_novelty,E,1,579024.0,True,,not_attempted,,not_attempted_supported_sport,out of scope (novelty),,,,,,,,not attempted
KXNFLTSPEC,NFL Team Specials,Football,Pro Football,other_novelty,E,296,286346.1,True,,not_attempted,,not_attempted_supported_sport,out of scope (novelty),,,,,,,,not attempted
KXCFBUNRANKEDUPSET,College Football Unranked Upsets,Football,NCAA Football,other_novelty,E,33,130869.96,True,,not_attempted,,not_attempted_supported_sport,out of scope (novelty),,,,,,,,not attempted
KXFFQBALLENMAHOMES,allen v mahomes,Football,,other_novelty,E,2,85483.0,True,,not_attempted,,not_attempted_supported_sport,out of scope (novelty),,,,,,,,not attempted
KXSTARTCLEBROWNS,Cleveland Browns starter,Football,Pro Football,other_novelty,E,6,75940.0,True,,not_attempted,,not_attempted_supported_sport,out of scope (novelty),,,,,,,,not attempted
KXNFLPRIMETIME,Pro Football Primetime Games,Football,Pro Football,other_novelty,E,32,32879.85,True,,not_attempted,,not_attempted_supported_sport,out of scope (novelty),,,,,,,,not attempted
KXSTARTCIN,Joe Burrow Week 12,Football,Pro Football,other_novelty,E,1,32252.0,True,,not_attempted,,not_attempted_supported_sport,out of scope (novelty),,,,,,,,not attempted
KXRANKLISTAPPREALSPORTS,"Will 'Real Sports' be a top 10 sports app before Nov 15th, 2025?",Football,,other_novelty,E,1,29240.0,True,,not_attempted,,not_attempted_supported_sport,out of scope (novelty),,,,,,,,not attempted
KXCOORDANNOUNCE,Will person be selected to be coordinator,Football,NCAA Football,other_novelty,E,9,26246.52,True,,not_attempted,,not_attempted_supported_sport,out of scope (novelty),,,,,,,,not attempted
KXNFLREDZONEADS,NFL Redzone ads,Football,,other_novelty,E,1,9830.0,True,,not_attempted,,not_attempted_supported_sport,out of scope (novelty),,,,,,,,not attempted
KXNFLREDZONEBRANDADS,Redzone week 1 brand ads,Football,,other_novelty,E,5,7444.0,True,,not_attempted,,not_attempted_supported_sport,out of scope (novelty),,,,,,,,not attempted
KXSWIFTATTEND,NFL Attendance Swift,Football,,other_novelty,E,1,6465.0,True,,not_attempted,,not_attempted_supported_sport,out of scope (novelty),,,,,,,,not attempted
KXPAVIAPRESEASON,Pavia Preseason,Football,Pro Football,other_novelty,E,1,5964.68,True,,not_attempted,,not_attempted_supported_sport,out of scope (novelty),,,,,,,,not attempted
KXNFLROLE,Pro Football Role at Event,Football,Pro Football,other_novelty,E,1,5674.88,True,,not_attempted,,not_attempted_supported_sport,out of scope (novelty),,,,,,,,not attempted
KXNFLDEPTHPOSITIONCLEQB2,QB2 CLE,Football,,other_novelty,E,3,5281.0,True,,not_attempted,,not_attempted_supported_sport,out of scope (novelty),,,,,,,,not attempted
KXDONATEMRBEAST,WILL MR BEAST DONATE,Football,,other_novelty,E,1,2050.87,True,,not_attempted,,not_attempted_supported_sport,out of scope (novelty),,,,,,,,not attempted
KXOLEMISSATTENDANCE,Ole Miss Attendance Record,Football,NCAA Football,other_novelty,E,1,1240.0,True,,not_attempted,,not_attempted_supported_sport,out of scope (novelty),,,,,,,,not attempted
KXNFLLEADERPINT,Pro Football P INT Leader,Football,,other_novelty,E,0,0.0,True,,not_attempted,,not_attempted_supported_sport,out of scope (novelty),,,,,,,,not attempted
KXNFLREBOOT,Reboot Rules,Football,,other_novelty,E,0,0.0,True,,not_attempted,,not_attempted_supported_sport,out of scope (novelty),,,,,,,,not attempted
KXNFLVIEWERSHIP,Pro Football Game Viewership,Football,,other_novelty,E,0,0.0,True,,not_attempted,,not_attempted_supported_sport,out of scope (novelty),,,,,,,,not attempted
KXMICHCOACH,Michigan Next Coach,Football,NCAA Football,personnel_ops,E,51,16851846.0,True,,not_attempted,,not_attempted_supported_sport,out of scope (non-sporting outcome),,,,,,,,not attempted
KXNEXTTEAMNFL,Player Next Team,Football,Pro Football,personnel_ops,E,699,11534448.66,True,,not_attempted,,not_attempted_supported_sport,out of scope (non-sporting outcome),,,,,,,,not attempted
KXNEXTNFLCOACH,Next Pro Football Coach,Football,Pro Football,personnel_ops,E,231,9897720.0,True,,not_attempted,,not_attempted_supported_sport,out of scope (non-sporting outcome),,,,,,,,not attempted
KXPSUCOACH,Penn State Next Coach,Football,NCAA Football,personnel_ops,E,42,7011728.0,True,,not_attempted,,not_attempted_supported_sport,out of scope (non-sporting outcome),,,,,,,,not attempted
KXLSUCOACH,LSU Next Coach,Football,NCAA Football,personnel_ops,E,27,4130940.0,True,,not_attempted,,not_attempted_supported_sport,out of scope (non-sporting outcome),,,,,,,,not attempted
KXFLACOACH,Florida Next Coach,Football,NCAA Football,personnel_ops,E,20,3329600.0,True,,not_attempted,,not_attempted_supported_sport,out of scope (non-sporting outcome),,,,,,,,not attempted
KXNYGCOACH,New York G Next Coach,Football,Pro Football,personnel_ops,E,33,2325629.0,True,,not_attempted,,not_attempted_supported_sport,out of scope (non-sporting outcome),,,,,,,,not attempted
KXCOACHOUTNFL,NFL Coach Out,Football,Pro Football,personnel_ops,E,28,1396033.55,True,,not_attempted,,not_attempted_supported_sport,out of scope (non-sporting outcome),,,,,,,,not attempted
KXCOACHONDATE,Coach on Date,Football,Pro Football,personnel_ops,E,15,1138884.04,True,,not_attempted,,not_attempted_supported_sport,out of scope (non-sporting outcome),,,,,,,,not attempted
KXTENNCOACH,Tennessee Pro Football Team Next Coach,Football,Pro Football,personnel_ops,E,26,995941.0,True,,not_attempted,,not_attempted_supported_sport,out of scope (non-sporting outcome),,,,,,,,not attempted
KXRELOCATIONCHI,Chicago Football Relocation,Football,Pro Football,personnel_ops,E,4,940452.12,True,,not_attempted,,not_attempted_supported_sport,out of scope (non-sporting outcome),,,,,,,,not attempted
KXNEXTCOACHOUTNFL,Next Coach Out Pro Football,Football,Pro Football,personnel_ops,E,75,710963.0,True,,not_attempted,,not_attempted_supported_sport,out of scope (non-sporting outcome),,,,,,,,not attempted
KXARKCOACH,Arkansas Next Coach,Football,NCAA Football,personnel_ops,E,18,695782.0,True,,not_attempted,,not_attempted_supported_sport,out of scope (non-sporting outcome),,,,,,,,not attempted
KXSUPERBOWLWHITEHOUSE,WILL THE WINNERS OF THE PRO FOOTBALL CHAMPIONSHIP GO TO THE WHITE HOUSE? ,Football,,personnel_ops,E,1,649052.83,True,,not_attempted,,not_attempted_supported_sport,out of scope (non-sporting outcome),,,,,,,,not attempted
KXCOACHOUTOLEMISS,Coach Out Ole Miss,Football,NCAA Football,personnel_ops,E,7,647207.0,True,,not_attempted,,not_attempted_supported_sport,out of scope (non-sporting outcome),,,,,,,,not attempted
KXNFLTRADE,Pro Football Players Traded,Football,Pro Football,personnel_ops,E,116,536894.6,True,,not_attempted,,not_attempted_supported_sport,out of scope (non-sporting outcome),,,,,,,,not attempted
KXVTCOACH,Virginia Tech Next Coach,Football,NCAA Football,personnel_ops,E,7,422675.0,True,,not_attempted,,not_attempted_supported_sport,out of scope (non-sporting outcome),,,,,,,,not attempted
KXNFLNEXTTEAM,Player Next Team,Football,Pro Football,personnel_ops,E,97,299551.17,True,,not_attempted,,not_attempted_supported_sport,out of scope (non-sporting outcome),,,,,,,,not attempted
KXNFLWEEKCOMPETE,NFL Player to Play in Week,Football,,personnel_ops,E,23,293297.6,True,,not_attempted,,not_attempted_supported_sport,out of scope (non-sporting outcome),,,,,,,,not attempted
KXAUBCOACH,Auburn Next Coach,Football,NCAA Football,personnel_ops,E,20,286400.0,True,,not_attempted,,not_attempted_supported_sport,out of scope (non-sporting outcome),,,,,,,,not attempted
KXNEWCOACHNO,New Orleans Saints new coach,Football,,personnel_ops,E,10,266078.0,True,,not_attempted,,not_attempted_supported_sport,out of scope (non-sporting outcome),,,,,,,,not attempted
KXNEWCOACHCHIBEARS,Chicago Bears new coach,Football,,personnel_ops,E,18,232630.0,True,,not_attempted,,not_attempted_supported_sport,out of scope (non-sporting outcome),,,,,,,,not attempted
KXNEWCOACHDAL,Dallas Cowboys new coach,Football,,personnel_ops,E,18,223289.0,True,,not_attempted,,not_attempted_supported_sport,out of scope (non-sporting outcome),,,,,,,,not attempted
KXUCLACOACH,UCLA Next Coach,Football,NCAA Football,personnel_ops,E,16,205446.0,True,,not_attempted,,not_attempted_supported_sport,out of scope (non-sporting outcome),,,,,,,,not attempted
KXNEXTTEAMMICAH,Micah Parsons next team,Football,Pro Football,personnel_ops,E,32,191044.0,True,,not_attempted,,not_attempted_supported_sport,out of scope (non-sporting outcome),,,,,,,,not attempted
KXKELCERETIRE,Travis Kelce Retire,Football,Pro Football,personnel_ops,E,1,187474.67,True,,not_attempted,,not_attempted_supported_sport,out of scope (non-sporting outcome),,,,,,,,not attempted
KXARODGRETIRE,Aaron Rodgers Retire,Football,Pro Football,personnel_ops,E,1,165894.4,True,,not_attempted,,not_attempted_supported_sport,out of scope (non-sporting outcome),,,,,,,,not attempted
KXCOACHOUTNCAAFB,NCAAFB Coaches Out,Football,NCAA Football,personnel_ops,E,18,148661.16,True,,not_attempted,,not_attempted_supported_sport,out of scope (non-sporting outcome),,,,,,,,not attempted
KXNEXTTEAMTYREEK,Tyreek Hill next team,Football,,personnel_ops,E,30,140766.0,True,,not_attempted,,not_attempted_supported_sport,out of scope (non-sporting outcome),,,,,,,,not attempted
KXNEWCOACHNYJ,New York Jets new coach,Football,,personnel_ops,E,15,122047.0,True,,not_attempted,,not_attempted_supported_sport,out of scope (non-sporting outcome),,,,,,,,not attempted
KXTULNCOACH,Tulane Next Coach,Football,NCAA Football,personnel_ops,E,18,117013.0,True,,not_attempted,,not_attempted_supported_sport,out of scope (non-sporting outcome),,,,,,,,not attempted
KXNEWCOACHLV,Las Vegas Raiders New Coach,Football,,personnel_ops,E,9,112247.0,True,,not_attempted,,not_attempted_supported_sport,out of scope (non-sporting outcome),,,,,,,,not attempted
KXNEWCOACHJAX,JACKSONVILLE JAGUARS new coach,Football,,personnel_ops,E,8,110018.0,True,,not_attempted,,not_attempted_supported_sport,out of scope (non-sporting outcome),,,,,,,,not attempted
KXTUSHPUSH,Tush Push ban,Football,,personnel_ops,E,1,104315.0,True,,not_attempted,,not_attempted_supported_sport,out of scope (non-sporting outcome),,,,,,,,not attempted
KXNCAAFCOACHOUT,College Football Coaches Out,Football,NCAA Football,personnel_ops,E,28,68355.07,True,,not_attempted,,not_attempted_supported_sport,out of scope (non-sporting outcome),,,,,,,,not attempted
KXOKSTCOACH,Oklahoma State Next Coach,Football,NCAA Football,personnel_ops,E,10,60940.0,True,,not_attempted,,not_attempted_supported_sport,out of scope (non-sporting outcome),,,,,,,,not attempted
KXCCARCOACH,Coastal Carolina Next Coach,Football,NCAA Football,personnel_ops,E,13,60615.0,True,,not_attempted,,not_attempted_supported_sport,out of scope (non-sporting outcome),,,,,,,,not attempted
KXSTANCOACH,Stanford Next Coach,Football,NCAA Football,personnel_ops,E,9,59422.0,True,,not_attempted,,not_attempted_supported_sport,out of scope (non-sporting outcome),,,,,,,,not attempted
KXCOACHOUTMSU,Jonathan Smith Out,Football,NCAA Football,personnel_ops,E,6,56335.0,True,,not_attempted,,not_attempted_supported_sport,out of scope (non-sporting outcome),,,,,,,,not attempted
KXMEMCOACH,Memphis Next Coach,Football,NCAA Football,personnel_ops,E,10,50870.0,True,,not_attempted,,not_attempted_supported_sport,out of scope (non-sporting outcome),,,,,,,,not attempted
KXCONNCOACH,UConn Next Coach,Football,NCAA Football,personnel_ops,E,18,42474.0,True,,not_attempted,,not_attempted_supported_sport,out of scope (non-sporting outcome),,,,,,,,not attempted
KXNFLRETIRE,Pro Football Retirement,Football,Pro Football,personnel_ops,E,25,38093.62,True,,not_attempted,,not_attempted_supported_sport,out of scope (non-sporting outcome),,,,,,,,not attempted
KXSTARTNOSAINTS,NEW ORLEANS WEEK 1 QB,Football,Pro Football,personnel_ops,E,3,37448.0,True,,not_attempted,,not_attempted_supported_sport,out of scope (non-sporting outcome),,,,,,,,not attempted
KXNFLNEXTCOACHOUT,Next NFL Coach Out,Football,Pro Football,personnel_ops,E,20,37040.13,True,,not_attempted,,not_attempted_supported_sport,out of scope (non-sporting outcome),,,,,,,,not attempted
KXTRADEOFFNFL,Pro football trades offseason,Football,Pro Football,personnel_ops,E,8,36560.0,True,,not_attempted,,not_attempted_supported_sport,out of scope (non-sporting outcome),,,,,,,,not attempted
KXNEWCOACHNE,New England Patriots new coach,Football,,personnel_ops,E,9,36021.0,True,,not_attempted,,not_attempted_supported_sport,out of scope (non-sporting outcome),,,,,,,,not attempted
KXSTARTIND,iNDIANAPOLIS WEEK 1 QB,Football,Pro Football,personnel_ops,E,3,34786.0,True,,not_attempted,,not_attempted_supported_sport,out of scope (non-sporting outcome),,,,,,,,not attempted
KXNCAAFCOACHLEAVE,College Football Coach Out By,Football,NCAA Football,personnel_ops,E,17,33459.96,True,,not_attempted,,not_attempted_supported_sport,out of scope (non-sporting outcome),,,,,,,,not attempted
KXUABCOACH,UAB Next Coach,Football,NCAA Football,personnel_ops,E,4,32371.0,True,,not_attempted,,not_attempted_supported_sport,out of scope (non-sporting outcome),,,,,,,,not attempted
KXNFLFIRSTSTART,Pro Football First Start,Football,Pro Football,personnel_ops,E,7,29871.85,True,,not_attempted,,not_attempted_supported_sport,out of scope (non-sporting outcome),,,,,,,,not attempted
KXNFLCOACHOUT,NFL Coaches Fired,Football,Pro Football,personnel_ops,E,29,28930.36,True,,not_attempted,,not_attempted_supported_sport,out of scope (non-sporting outcome),,,,,,,,not attempted
KXNEXTTEAMMCLAURIN,Terry McLaurin next team,Football,Pro Football,personnel_ops,E,17,27300.0,True,,not_attempted,,not_attempted_supported_sport,out of scope (non-sporting outcome),,,,,,,,not attempted
KXCALCOACH,California Next Coach,Football,NCAA Football,personnel_ops,E,5,24799.0,True,,not_attempted,,not_attempted_supported_sport,out of scope (non-sporting outcome),,,,,,,,not attempted
KXCOACHOUTUNC,Bill Belichick Out,Football,NCAA Football,personnel_ops,E,1,23138.0,True,,not_attempted,,not_attempted_supported_sport,out of scope (non-sporting outcome),,,,,,,,not attempted
KXNEWCOACHUNC,University of North Carolina new coach,Football,,personnel_ops,E,4,21392.0,True,,not_attempted,,not_attempted_supported_sport,out of scope (non-sporting outcome),,,,,,,,not attempted
KXUSFCOACH,USF Next Coach,Football,NCAA Football,personnel_ops,E,9,18116.0,True,,not_attempted,,not_attempted_supported_sport,out of scope (non-sporting outcome),,,,,,,,not attempted
KXNFLHIRECOACH,NFL hire coach,Football,,personnel_ops,E,6,16415.0,True,,not_attempted,,not_attempted_supported_sport,out of scope (non-sporting outcome),,,,,,,,not attempted
KXNFLRETURN,Pro Football Player to Compete,Football,,personnel_ops,E,7,12974.37,True,,not_attempted,,not_attempted_supported_sport,out of scope (non-sporting outcome),,,,,,,,not attempted
KXSTARTNYG,NEW YORK G WEEK 1 QB,Football,Pro Football,personnel_ops,E,4,10731.0,True,,not_attempted,,not_attempted_supported_sport,out of scope (non-sporting outcome),,,,,,,,not attempted
KXCOACHOUTAUB,HUGH FREEZE OUT 2026,Football,,personnel_ops,E,1,10227.0,True,,not_attempted,,not_attempted_supported_sport,out of scope (non-sporting outcome),,,,,,,,not attempted
KXUNTCOACH,North Texas Next Coach,Football,NCAA Football,personnel_ops,E,1,9548.0,True,,not_attempted,,not_attempted_supported_sport,out of scope (non-sporting outcome),,,,,,,,not attempted
KXNCAAFCONFLEAVE,College Football Conference Leave,Football,NCAA Football,personnel_ops,E,5,8271.19,True,,not_attempted,,not_attempted_supported_sport,out of scope (non-sporting outcome),,,,,,,,not attempted
KXNFLOWNERSTAKE,Next Pro Football Team to Sell Ownership Stake,Football,Pro Football,personnel_ops,E,5,7911.27,True,,not_attempted,,not_attempted_supported_sport,out of scope (non-sporting outcome),,,,,,,,not attempted
KXNFLSTADIUM,Will NFL Stadium Project be complete by date,Football,Pro Football,personnel_ops,E,2,7531.47,True,,not_attempted,,not_attempted_supported_sport,out of scope (non-sporting outcome),,,,,,,,not attempted
KXSBHOST,Pro Football Championship Host,Football,Pro Football,personnel_ops,E,19,3387.59,True,,not_attempted,,not_attempted_supported_sport,out of scope (non-sporting outcome),,,,,,,,not attempted
KXNFL53MAN,Pro Football 53 Man Roster,Football,Pro Football,personnel_ops,E,2,2937.59,True,,not_attempted,,not_attempted_supported_sport,out of scope (non-sporting outcome),,,,,,,,not attempted
KXNCAAFJOINCONF,College Football Join Conference,Football,NCAA Football,personnel_ops,E,13,2726.76,True,,not_attempted,,not_attempted_supported_sport,out of scope (non-sporting outcome),,,,,,,,not attempted
KXNDJOINCONF,Join Conference,Football,NCAA Football,personnel_ops,E,5,2500.4,True,,not_attempted,,not_attempted_supported_sport,out of scope (non-sporting outcome),,,,,,,,not attempted
KXNFLDEBUT,Pro Football Player to Make Debut,Football,Pro Football,personnel_ops,E,16,1326.89,True,,not_attempted,,not_attempted_supported_sport,out of scope (non-sporting outcome),,,,,,,,not attempted
KXSTARTNYJ,new york jets week 1 qb,Football,Pro Football,personnel_ops,E,2,1077.0,True,,not_attempted,,not_attempted_supported_sport,out of scope (non-sporting outcome),,,,,,,,not attempted
KXTENCOACH,Tennessee Next Coach,Football,,personnel_ops,E,5,987.0,True,,not_attempted,,not_attempted_supported_sport,out of scope (non-sporting outcome),,,,,,,,not attempted
KXNFLEVERYWEEKCOMPETE,Pro Football Players to Play in Every Week of the Season,Football,,personnel_ops,E,2,395.09,True,,not_attempted,,not_attempted_supported_sport,out of scope (non-sporting outcome),,,,,,,,not attempted
KXNFLGAMELOCATION,NFL Game Location,Football,Pro Football,personnel_ops,E,1,373.0,True,,not_attempted,,not_attempted_supported_sport,out of scope (non-sporting outcome),,,,,,,,not attempted
KXNCAAFSTADIUM,College Football Stadiums,Football,NCAA Football,personnel_ops,E,1,52.21,True,,not_attempted,,not_attempted_supported_sport,out of scope (non-sporting outcome),,,,,,,,not attempted
KXATLCOACH,Next Atlanta Coach,Football,,personnel_ops,E,0,0.0,True,,not_attempted,,not_attempted_supported_sport,out of scope (non-sporting outcome),,,,,,,,not attempted
KXBELICHICKUNC,Will Bill Belichick coach a UNC game,Football,,personnel_ops,E,0,0.0,True,,not_attempted,,not_attempted_supported_sport,out of scope (non-sporting outcome),,,,,,,,not attempted
KXCONFREALIGNMENT,Conference Realignment,Football,,personnel_ops,E,0,0.0,True,,not_attempted,,not_attempted_supported_sport,out of scope (non-sporting outcome),,,,,,,,not attempted
KXNCAAFNEXTCOACH,College Football Next Coach,Football,NCAA Football,personnel_ops,E,0,0.0,True,,not_attempted,,not_attempted_supported_sport,out of scope (non-sporting outcome),,,,,,,,not attempted
KXNEXTEAMTYREEK,Tyreek Hill next team,Football,,personnel_ops,E,0,0.0,True,,not_attempted,,not_attempted_supported_sport,out of scope (non-sporting outcome),,,,,,,,not attempted
KXNFLCOACHOUTFIRST,First NFL coach out,Football,,personnel_ops,E,0,0.0,True,,not_attempted,,not_attempted_supported_sport,out of scope (non-sporting outcome),,,,,,,,not attempted
KXNFLHKANE,Harry Kane Pro Football signing,Football,Pro Football,personnel_ops,E,0,0.0,True,,not_attempted,,not_attempted_supported_sport,out of scope (non-sporting outcome),,,,,,,,not attempted
KXNFLSFPRACFIELD,Practice Field Relocation,Football,Pro Football,personnel_ops,E,0,0.0,True,,not_attempted,,not_attempted_supported_sport,out of scope (non-sporting outcome),,,,,,,,not attempted
KXSTADIUM,Will Stadium Project be complete by date,Football,,personnel_ops,E,0,0.0,True,,not_attempted,,not_attempted_supported_sport,out of scope (non-sporting outcome),,,,,,,,not attempted
KXSTARTNO,NEW ORLEANS WEEK 1 QB,Football,,personnel_ops,E,0,0.0,True,,not_attempted,,not_attempted_supported_sport,out of scope (non-sporting outcome),,,,,,,,not attempted
KXSTARTNOTREDAME,NOTREDAME WEEK 1 QB,Football,,personnel_ops,E,0,0.0,True,,not_attempted,,not_attempted_supported_sport,out of scope (non-sporting outcome),,,,,,,,not attempted
KXUKCOACH,Kentucky Next Coach,Football,,personnel_ops,E,0,0.0,True,,not_attempted,,not_attempted_supported_sport,out of scope (non-sporting outcome),,,,,,,,not attempted
KXNFLTD,Pro Football Touchdowns,Football,Pro Football,player_prop,B,3563,238736805.97,True,nfl,excluded_spec,,excluded_spec,no payoff parser for suffix 'TD',0,0,,,0,0,0,excluded
KXNFLFIRSTTD,Pro Football First Touchdown,Football,Pro Football,player_prop,B,6613,145549121.61,True,nfl,excluded_spec,,excluded_spec,no payoff parser for suffix 'FIRSTTD',0,0,,,0,0,0,excluded
KXNFLANYTD,Pro Football Anytime Touchdown,Football,Pro Football,player_prop,B,5360,128895791.0,True,nfl,excluded_spec,,excluded_spec,no payoff parser for suffix 'ANYTD',0,0,,,0,0,0,excluded
KXNFLRECYDS,Pro Football Receiving Yards,Football,Pro Football,player_prop,B,15594,78577552.71,True,nfl,excluded_spec,,excluded_spec,no payoff parser for suffix 'RECYDS',0,0,,,0,0,0,excluded
KXNFLRSHYDS,Pro Football Rushing Yards,Football,Pro Football,player_prop,B,8213,72518864.97,True,nfl,excluded_spec,,excluded_spec,no payoff parser for suffix 'RSHYDS',0,0,,,0,0,0,excluded
KXNFLPASSYDS,Pro Football Passing Yards,Football,Pro Football,player_prop,B,4740,53275720.5,True,nfl,excluded_spec,,excluded_spec,no payoff parser for suffix 'PASSYDS',0,0,,,0,0,0,excluded
KXNFLREC,Pro Football Player Receptions,Football,Pro Football,player_prop,B,10196,35177319.97,True,nfl,excluded_spec,,excluded_spec,no payoff parser for suffix 'REC',0,0,,,0,0,0,excluded
KXNFL2TD,Pro Football Multiple Touchdowns,Football,Pro Football,player_prop,B,1970,30423114.0,True,nfl,excluded_spec,,excluded_spec,no payoff parser for suffix '2TD',0,0,,,0,0,0,excluded
KXNFLPASSTDS,Pro Football player Passing Touchdowns,Football,Pro Football,player_prop,B,1362,16690157.88,True,nfl,excluded_spec,,excluded_spec,no payoff parser for suffix 'PASSTDS',0,0,,,0,0,0,excluded
KXNFLTEAMFIRSTTD,Pro Football First Touchdown,Football,Pro Football,player_prop,B,1362,5021959.0,True,nfl,excluded_spec,,excluded_spec,no payoff parser for suffix 'TEAMFIRSTTD',0,0,,,0,0,0,excluded
KXNFLRRYDS,Pro Football Rush and Receiving Yards,Football,Pro Football,player_prop,B,661,4008089.92,True,nfl,excluded_spec,,excluded_spec,no payoff parser for suffix 'RRYDS',0,0,,,0,0,0,excluded
KXNFLRSHATT,Pro Football Rushing Attempts,Football,Pro Football,player_prop,B,992,3174880.05,True,nfl,excluded_spec,,excluded_spec,no payoff parser for suffix 'RSHATT',0,0,,,0,0,0,excluded
KXNFLMOSTRECYDS,Pro Football Most Receiving Yards,Football,Pro Football,player_prop,B,407,2891020.22,True,nfl,excluded_spec,,excluded_spec,no payoff parser for suffix 'MOSTRECYDS',0,0,,,0,0,0,excluded
KXNFLESCALATORRECYDS,Receiving Yards Escalator,Football,Pro Football,player_prop,B,184,2847499.54,True,nfl,excluded_spec,,excluded_spec,no payoff parser for suffix 'ESCALATORRECYDS',0,0,,,0,0,0,excluded
KXNFLESCALATORRSHYDS,Rushing Yards Escalator,Football,Pro Football,player_prop,B,93,2136571.02,True,nfl,excluded_spec,,excluded_spec,no payoff parser for suffix 'ESCALATORRSHYDS',0,0,,,0,0,0,excluded
KXNFLPASSINT,Pro Football Passing Interceptions,Football,Pro Football,player_prop,B,394,1846926.68,True,nfl,excluded_spec,,excluded_spec,no payoff parser for suffix 'PASSINT',0,0,,,0,0,0,excluded
KXNCAAFTEAMRECTD,College Football Team Receiving Touchdowns,Football,NCAA Football,player_prop,B,532,1704448.03,True,ncaaf,excluded_spec,,excluded_spec,no payoff parser for suffix 'TEAMRECTD',0,0,,,0,0,0,excluded
KXNFLLADDERRECYDS,Receiving Yards Ladder,Football,Pro Football,player_prop,B,159,1533154.93,True,nfl,excluded_spec,,excluded_spec,no payoff parser for suffix 'LADDERRECYDS',0,0,,,0,0,0,excluded
KXNFLPASSATT,Pro Football Passing Attempts,Football,Pro Football,player_prop,B,614,1285658.88,True,nfl,excluded_spec,,excluded_spec,no payoff parser for suffix 'PASSATT',0,0,,,0,0,0,excluded
KXNFLTEAMSACK,Pro Football Team Sacks,Football,Pro Football,player_prop,B,578,1272164.28,True,nfl,excluded_spec,,excluded_spec,no payoff parser for suffix 'TEAMSACK',0,0,,,0,0,0,excluded
KXNFLFG,Pro Football Field Goals,Football,Pro Football,player_prop,B,495,1268370.26,True,nfl,excluded_spec,,excluded_spec,no payoff parser for suffix 'FG',0,0,,,0,0,0,excluded
KXNFLDSTTD,Pro Football D/ST Touchdown,Football,Pro Football,player_prop,B,66,1248750.01,True,nfl,excluded_spec,,excluded_spec,no payoff parser for suffix 'DSTTD',0,0,,,0,0,0,excluded
KXNFLPASSCOMP,Pro Football Passing Completions,Football,Pro Football,player_prop,B,640,1216042.46,True,nfl,excluded_spec,,excluded_spec,no payoff parser for suffix 'PASSCOMP',0,0,,,0,0,0,excluded
KXNFLFIRSTTDTIME,Pro Football First Touchdown Time,Football,Pro Football,player_prop,B,14,1204164.0,True,nfl,excluded_spec,,excluded_spec,no payoff parser for suffix 'FIRSTTDTIME',0,0,,,0,0,0,excluded
KXNFLMOSTRSHYDS,Pro Football Most Rushing Yards,Football,Pro Football,player_prop,B,307,1198911.51,True,nfl,excluded_spec,,excluded_spec,no payoff parser for suffix 'MOSTRSHYDS',0,0,,,0,0,0,excluded
KXNFLTEAMYDS,Pro Football Team Yards,Football,Pro Football,player_prop,B,647,1090508.22,True,nfl,excluded_spec,,excluded_spec,no payoff parser for suffix 'TEAMYDS',0,0,,,0,0,0,excluded
KXNFLESCALATORREC,Receptions Escalator,Football,Pro Football,player_prop,B,147,1043593.81,True,nfl,excluded_spec,,excluded_spec,no payoff parser for suffix 'ESCALATORREC',0,0,,,0,0,0,excluded
KXNCAAFTEAMRECYDS,College Football Team Receiving Yards,Football,NCAA Football,player_prop,B,473,1032604.12,True,ncaaf,excluded_spec,,excluded_spec,no payoff parser for suffix 'TEAMRECYDS',0,0,,,0,0,0,excluded
KXNFLFFPTSLADDER,Fantasy Ladder,Football,Pro Football,player_prop,B,179,1004292.8,True,nfl,excluded_spec,,excluded_spec,no payoff parser for suffix 'FFPTSLADDER',0,0,,,0,0,0,excluded
KXNFLLADDERREC,Receptions Ladder,Football,Pro Football,player_prop,B,146,835135.22,True,nfl,excluded_spec,,excluded_spec,no payoff parser for suffix 'LADDERREC',0,0,,,0,0,0,excluded
KXNFLTEAMTD,Pro Football Team Touchdowns,Football,Pro Football,player_prop,B,199,606031.22,True,nfl,excluded_spec,,excluded_spec,no payoff parser for suffix 'TEAMTD',0,0,,,0,0,0,excluded
KXLEADERNFLPYDS,NFL leader passing yards,Football,Pro Football,player_prop,B,42,605991.02,True,,not_attempted,,not_attempted_supported_sport,player/appearance-conditioned; pregame participation not reconstructable as-of (not modelled),,,,,,,,not attempted
KXNCAAFTEAMTD,College Football Team Total Touchdowns,Football,NCAA Football,player_prop,B,478,544429.68,True,ncaaf,excluded_spec,,excluded_spec,no payoff parser for suffix 'TEAMTD',0,0,,,0,0,0,excluded
KXNFLLONGREC,Longest Reception,Football,Pro Football,player_prop,B,653,468560.14,True,nfl,excluded_spec,,excluded_spec,no payoff parser for suffix 'LONGREC',0,0,,,0,0,0,excluded
KXNFLLONGRSH,Longest Rush,Football,Pro Football,player_prop,B,288,455423.68,True,nfl,excluded_spec,,excluded_spec,no payoff parser for suffix 'LONGRSH',0,0,,,0,0,0,excluded
KXNCAAFDSTTD,College Football Defense Special Teams Touchdown,Football,NCAA Football,player_prop,B,109,452929.17,True,ncaaf,excluded_spec,,excluded_spec,no payoff parser for suffix 'DSTTD',0,0,,,0,0,0,excluded
KXLEADERNFLRYDS,NFL leader receiving yards,Football,Pro Football,player_prop,B,40,449093.04,True,,not_attempted,,not_attempted_supported_sport,player/appearance-conditioned; pregame participation not reconstructable as-of (not modelled),,,,,,,,not attempted
KXNFLGAMETD,Pro Football Touchdowns,Football,Pro Football,player_prop,B,11,378945.0,True,nfl,excluded_spec,,excluded_spec,no payoff parser for suffix 'GAMETD',0,0,,,0,0,0,excluded
KXNFLSEASONRECYDS,Receiving Yards,Football,Pro Football,player_prop,B,183,325969.51,True,nfl,excluded_spec,,excluded_spec,no payoff parser for suffix 'SEASONRECYDS',0,0,,,0,0,0,excluded
KXNFLTOTALTD,Pro Football Total Touchdowns,Football,Pro Football,player_prop,B,211,321784.57,True,nfl,excluded_spec,,excluded_spec,no payoff parser for suffix 'TOTALTD',0,0,,,0,0,0,excluded
KXNFLSEASONPASSYDS,Passing Yards,Football,Pro Football,player_prop,B,115,283485.15,True,nfl,excluded_spec,,excluded_spec,no payoff parser for suffix 'SEASONPASSYDS',0,0,,,0,0,0,excluded
KXLEADERNFLRUSHYDS,NFL leader rushing yards,Football,Pro Football,player_prop,B,34,273359.23,True,,not_attempted,,not_attempted_supported_sport,player/appearance-conditioned; pregame participation not reconstructable as-of (not modelled),,,,,,,,not attempted
KXNFL1YDPASS,Seattle 1 Yard Pass,Football,Pro Football,player_prop,B,1,264113.0,True,nfl,excluded_spec,,excluded_spec,no payoff parser for suffix '1YDPASS',0,0,,,0,0,0,excluded
KXLEADERNFLRTDS,NFL leader receiving TDs,Football,Pro Football,player_prop,B,46,225180.07,True,,not_attempted,,not_attempted_supported_sport,player/appearance-conditioned; pregame participation not reconstructable as-of (not modelled),,,,,,,,not attempted
KXNFLLADDERRSHYDS,Rushing Yards Ladder,Football,Pro Football,player_prop,B,82,180898.56,True,nfl,excluded_spec,,excluded_spec,no payoff parser for suffix 'LADDERRSHYDS',0,0,,,0,0,0,excluded
KXNCAAFTEAMRSHTD,College Football Team Rushing Touchdowns,Football,NCAA Football,player_prop,B,208,161326.38,True,ncaaf,excluded_spec,,excluded_spec,no payoff parser for suffix 'TEAMRSHTD',0,0,,,0,0,0,excluded
KXNFLSEASONRSHYDS,Rushing Yards,Football,Pro Football,player_prop,B,108,160324.18,True,nfl,excluded_spec,,excluded_spec,no payoff parser for suffix 'SEASONRSHYDS',0,0,,,0,0,0,excluded
KXLEADERNFLRUSHTDS,NFL leader rushing TDs,Football,Pro Football,player_prop,B,37,139309.83,True,,not_attempted,,not_attempted_supported_sport,player/appearance-conditioned; pregame participation not reconstructable as-of (not modelled),,,,,,,,not attempted
KXLEADERNFLPTDS,NFL leader passing TDs,Football,Pro Football,player_prop,B,39,128184.22,True,,not_attempted,,not_attempted_supported_sport,player/appearance-conditioned; pregame participation not reconstructable as-of (not modelled),,,,,,,,not attempted
KXNCAAFTEAMYDS,College Football Team Total Yards,Football,NCAA Football,player_prop,B,443,118040.82,True,ncaaf,excluded_spec,,excluded_spec,no payoff parser for suffix 'TEAMYDS',0,0,,,0,0,0,excluded
KXNFLSEASONRSHTD,Rushing Touchdowns,Football,Pro Football,player_prop,B,192,108763.74,True,nfl,excluded_spec,,excluded_spec,no payoff parser for suffix 'SEASONRSHTD',0,0,,,0,0,0,excluded
KXNFLSEASONRECTD,Receiving Touchdowns,Football,Pro Football,player_prop,B,153,84728.89,True,nfl,excluded_spec,,excluded_spec,no payoff parser for suffix 'SEASONRECTD',0,0,,,0,0,0,excluded
KXNCAAFTEAMFG,College Football Team Total Field Goals,Football,NCAA Football,player_prop,B,197,62730.75,True,ncaaf,excluded_spec,,excluded_spec,no payoff parser for suffix 'TEAMFG',0,0,,,0,0,0,excluded
KXNFLSEASONPASSTDS,Passing Touchdowns,Football,Pro Football,player_prop,B,99,31645.05,True,nfl,excluded_spec,,excluded_spec,no payoff parser for suffix 'SEASONPASSTDS',0,0,,,0,0,0,excluded
KXNFLWEEKMOSTPASSYDS,Weekly Most Passing Yards,Football,Pro Football,player_prop,B,55,25572.52,True,nfl,excluded_spec,,excluded_spec,no payoff parser for suffix 'WEEKMOSTPASSYDS',0,0,,,0,0,0,excluded
KXNFLRECYDSRECORD,NFL Regular Season Receiving Yards Record,Football,Pro Football,player_prop,B,1,25555.0,True,nfl,excluded_spec,,excluded_spec,no payoff parser for suffix 'RECYDSRECORD',0,0,,,0,0,0,excluded
KXNFLWEEKMOSTRECYDS,Weekly Most Receiving Yards,Football,Pro Football,player_prop,B,98,10981.56,True,nfl,excluded_spec,,excluded_spec,no payoff parser for suffix 'WEEKMOSTRECYDS',0,0,,,0,0,0,excluded
KXNFLWEEKMOSTRSHYDS,Weekly Most Rushing Yards,Football,Pro Football,player_prop,B,32,5247.31,True,nfl,excluded_spec,,excluded_spec,no payoff parser for suffix 'WEEKMOSTRSHYDS',0,0,,,0,0,0,excluded
KXNFLLONGESTFG,Pro Football Longest Field Goal,Football,Pro Football,player_prop,B,2,3426.22,True,nfl,excluded_spec,,excluded_spec,no payoff parser for suffix 'LONGESTFG',0,0,,,0,0,0,excluded
KXNFLTDPROT,Pro Football Touchdowns Protected,Football,Pro Football,player_prop,B,9,2993.67,True,nfl,excluded_spec,,excluded_spec,no payoff parser for suffix 'TDPROT',0,0,,,0,0,0,excluded
KXNCAAFTEAMINT,College Football Team Total Defensive Interceptions,Football,NCAA Football,player_prop,B,2,1879.47,True,ncaaf,excluded_spec,,excluded_spec,no payoff parser for suffix 'TEAMINT',0,0,,,0,0,0,excluded
KXNFL60YARDFGS,Pro Football 60+ Yard Field Goals,Football,Pro Football,player_prop,B,5,955.97,True,nfl,excluded_spec,,excluded_spec,no payoff parser for suffix '60YARDFGS',0,0,,,0,0,0,excluded
KXNCAAFTEAMTO,College Football Team Total Forced Turnovers,Football,NCAA Football,player_prop,B,4,295.34,True,ncaaf,excluded_spec,,excluded_spec,no payoff parser for suffix 'TEAMTO',0,0,,,0,0,0,excluded
KXNFLCAREERRSHYDS,NFL Career Rushing Yards,Football,Pro Football,player_prop,B,3,210.0,True,nfl,excluded_spec,,excluded_spec,no payoff parser for suffix 'CAREERRSHYDS',0,0,,,0,0,0,excluded
KXNCAAFTOTALTD,College Football Total Touchdowns,Football,NCAA Football,player_prop,B,3,200.04,True,ncaaf,excluded_spec,,excluded_spec,no payoff parser for suffix 'TOTALTD',0,0,,,0,0,0,excluded
KXNFLCAREERRECYDS,NFL Career Receiving Yards,Football,Pro Football,player_prop,B,1,53.25,True,nfl,excluded_spec,,excluded_spec,no payoff parser for suffix 'CAREERRECYDS',0,0,,,0,0,0,excluded
KXNFLCAREERPASSYDS,NFL Career Passing Yards,Football,Pro Football,player_prop,B,3,45.25,True,nfl,excluded_spec,,excluded_spec,no payoff parser for suffix 'CAREERPASSYDS',0,0,,,0,0,0,excluded
KXNCAAFTEAMSACK,College Football Team Total Sacks,Football,NCAA Football,player_prop,B,7,20.1,True,ncaaf,excluded_spec,,excluded_spec,no payoff parser for suffix 'TEAMSACK',0,0,,,0,0,0,excluded
KXNCAAFTOTALFG,College Football Total Field Goals,Football,NCAA Football,player_prop,B,4,19.1,True,ncaaf,excluded_spec,,excluded_spec,no payoff parser for suffix 'TOTALFG',0,0,,,0,0,0,excluded
KXEPLANYGOAL,EPL Anytime Goalscorer,Football,,player_prop,B,0,0.0,True,,not_attempted,,not_attempted_supported_sport,player/appearance-conditioned; pregame participation not reconstructable as-of (not modelled),,,,,,,,not attempted
KXNCAAFTEAMREC,College Football Team Total Receptions,Football,,player_prop,B,0,0.0,True,,not_attempted,,not_attempted_supported_sport,player/appearance-conditioned; pregame participation not reconstructable as-of (not modelled),,,,,,,,not attempted
KXNCAAFTEAMRSHATT,College Football Team Total Rushing Attempts,Football,,player_prop,B,0,0.0,True,,not_attempted,,not_attempted_supported_sport,player/appearance-conditioned; pregame participation not reconstructable as-of (not modelled),,,,,,,,not attempted
KXNCAAFTEAMRSHYDS,College Football Team Rushing Yards,Football,,player_prop,B,0,0.0,True,,not_attempted,,not_attempted_supported_sport,player/appearance-conditioned; pregame participation not reconstructable as-of (not modelled),,,,,,,,not attempted
KXNFL1HTD,1st Half Touchdown,Football,,player_prop,B,0,0.0,True,,not_attempted,,not_attempted_supported_sport,player/appearance-conditioned; pregame participation not reconstructable as-of (not modelled),,,,,,,,not attempted
KXNFL2HTD,2nd Half Touchdowns,Football,,player_prop,B,0,0.0,True,,not_attempted,,not_attempted_supported_sport,player/appearance-conditioned; pregame participation not reconstructable as-of (not modelled),,,,,,,,not attempted
KXNFLCAREERPASSTDS,NFL Career Passing Touchdowns,Football,,player_prop,B,0,0.0,True,,not_attempted,,not_attempted_supported_sport,player/appearance-conditioned; pregame participation not reconstructable as-of (not modelled),,,,,,,,not attempted
KXNFLCAREERRSHTDS,NFL Career Rushing Touchdowns,Football,,player_prop,B,0,0.0,True,,not_attempted,,not_attempted_supported_sport,player/appearance-conditioned; pregame participation not reconstructable as-of (not modelled),,,,,,,,not attempted
KXNFLGAMEFG,Pro Football Field Goals,Football,,player_prop,B,0,0.0,True,,not_attempted,,not_attempted_supported_sport,player/appearance-conditioned; pregame participation not reconstructable as-of (not modelled),,,,,,,,not attempted
KXNFLINT,Pro Football Interceptions,Football,,player_prop,B,0,0.0,True,,not_attempted,,not_attempted_supported_sport,player/appearance-conditioned; pregame participation not reconstructable as-of (not modelled),,,,,,,,not attempted
KXNFLLONGESTPLAY,NFL Longest Touchdown,Football,Pro Football,player_prop,B,0,0.0,True,nfl,excluded_spec,,excluded_spec,no payoff parser for suffix 'LONGESTPLAY',0,0,,,0,0,0,excluded
KXNFLLONGESTREC,Longest Reception,Football,,player_prop,B,0,0.0,True,,not_attempted,,not_attempted_supported_sport,player/appearance-conditioned; pregame participation not reconstructable as-of (not modelled),,,,,,,,not attempted
KXNFLLONGESTTD,Pro Football Longest Touchdown,Football,Pro Football,player_prop,B,0,0.0,True,nfl,excluded_spec,,excluded_spec,no payoff parser for suffix 'LONGESTTD',0,0,,,0,0,0,excluded
KXNFLLONGFG,Pro Football Team Longest Field Goal,Football,,player_prop,B,0,0.0,True,,not_attempted,,not_attempted_supported_sport,player/appearance-conditioned; pregame participation not reconstructable as-of (not modelled),,,,,,,,not attempted
KXNFLPASSYDSH2H,Pro Football Head-to-Head Passing Yards,Football,,player_prop,B,0,0.0,True,,not_attempted,,not_attempted_supported_sport,player/appearance-conditioned; pregame participation not reconstructable as-of (not modelled),,,,,,,,not attempted
KXNFLRECYDSH2H,Pro Football Head-to-Head Receiving Yards,Football,Pro Football,player_prop,B,0,0.0,True,nfl,excluded_spec,,excluded_spec,no payoff parser for suffix 'RECYDSH2H',0,0,,,0,0,0,excluded
KXNFLRSHYDSH2H,Pro Football Head-to-Head Rushing Yards,Football,,player_prop,B,0,0.0,True,,not_attempted,,not_attempted_supported_sport,player/appearance-conditioned; pregame participation not reconstructable as-of (not modelled),,,,,,,,not attempted
KXNFLSACK,Pro Football Sacks,Football,,player_prop,B,0,0.0,True,,not_attempted,,not_attempted_supported_sport,player/appearance-conditioned; pregame participation not reconstructable as-of (not modelled),,,,,,,,not attempted
KXNFLSEASONRUSHYDS,Rushing Yards,Football,,player_prop,B,0,0.0,True,,not_attempted,,not_attempted_supported_sport,player/appearance-conditioned; pregame participation not reconstructable as-of (not modelled),,,,,,,,not attempted
KXNFLSHORTESTTD,Pro Football Shortest Touchdown,Football,Pro Football,player_prop,B,0,0.0,True,nfl,excluded_spec,,excluded_spec,no payoff parser for suffix 'SHORTESTTD',0,0,,,0,0,0,excluded
KXNFLTEAM1STDOWNS,Pro Football Team 1st Downs,Football,,player_prop,B,0,0.0,True,,not_attempted,,not_attempted_supported_sport,player/appearance-conditioned; pregame participation not reconstructable as-of (not modelled),,,,,,,,not attempted
KXNFLTEAMFG,Pro Football Field Goals,Football,,player_prop,B,0,0.0,True,,not_attempted,,not_attempted_supported_sport,player/appearance-conditioned; pregame participation not reconstructable as-of (not modelled),,,,,,,,not attempted
KXNFLTEAMTO,Pro Football Forced Turnovers,Football,,player_prop,B,0,0.0,True,,not_attempted,,not_attempted_supported_sport,player/appearance-conditioned; pregame participation not reconstructable as-of (not modelled),,,,,,,,not attempted
KXNFLTKL,Pro Football Tackles,Football,,player_prop,B,0,0.0,True,,not_attempted,,not_attempted_supported_sport,player/appearance-conditioned; pregame participation not reconstructable as-of (not modelled),,,,,,,,not attempted
KXNCAAFTOPAPRANK,College Football AP Poll Top Rank,Football,NCAA Football,rankings_polls,C,641,524141.13,True,,not_attempted,,not_attempted_supported_sport,rankings/polls: poll processes (KenPom paid),,,,,,,,not attempted
KXNFLT100TOP,Will player be ranked Top X on NFL 100,Football,Pro Football,rankings_polls,C,95,313017.1,True,,not_attempted,,not_attempted_supported_sport,rankings/polls: poll processes (KenPom paid),,,,,,,,not attempted
KXCOLLEGEGAMEDAY,College GameDay Location,Football,NCAA Football,rankings_polls,C,64,265903.33,True,,not_attempted,,not_attempted_supported_sport,rankings/polls: poll processes (KenPom paid),,,,,,,,not attempted
KXNCAAFAPRANK,College Football AP Rank,Football,NCAA Football,rankings_polls,C,80,170276.86,True,,not_attempted,,not_attempted_supported_sport,rankings/polls: poll processes (KenPom paid),,,,,,,,not attempted
KXNFLT100,Will player be ranked on Pro Football T100 List,Football,Pro Football,rankings_polls,C,33,64847.73,True,,not_attempted,,not_attempted_supported_sport,rankings/polls: poll processes (KenPom paid),,,,,,,,not attempted
KXCOLLEGEGAMEDAYGUEST,College Gameday Guest,Football,NCAA Football,rankings_polls,C,1,30903.79,True,,not_attempted,,not_attempted_supported_sport,rankings/polls: poll processes (KenPom paid),,,,,,,,not attempted
KXNCAAFAPANY,College Football AP Rank Anytime in Season,Football,NCAA Football,rankings_polls,C,27,16158.48,True,,not_attempted,,not_attempted_supported_sport,rankings/polls: poll processes (KenPom paid),,,,,,,,not attempted
KXNCAAFCFPPOLL,College Football CFP Poll,Football,NCAA Football,rankings_polls,C,32,6412.47,True,,not_attempted,,not_attempted_supported_sport,rankings/polls: poll processes (KenPom paid),,,,,,,,not attempted
KXNCAAFTOPCFPPOLL,College Football CFP Poll,Football,NCAA Football,rankings_polls,C,59,3623.45,True,,not_attempted,,not_attempted_supported_sport,rankings/polls: poll processes (KenPom paid),,,,,,,,not attempted
KXNCAAFAPCHURN,College Football AP Poll Churn,Football,NCAA Football,rankings_polls,C,5,3561.51,True,,not_attempted,,not_attempted_supported_sport,rankings/polls: poll processes (KenPom paid),,,,,,,,not attempted
KXKXNCAAFTOPCFPPOLL,College Football CFP Poll,Football,,rankings_polls,C,0,0.0,True,,not_attempted,,not_attempted_supported_sport,rankings/polls: poll processes (KenPom paid),,,,,,,,not attempted
KXNFLWINMARGIN,Pro Football Win Margin,Football,Pro Football,score_props,A,477,5633227.88,True,nfl,excluded_spec,,excluded_spec,no payoff parser for suffix 'WINMARGIN',0,0,,,0,0,0,excluded
KXNFLOT,Pro Football Overtime,Football,Pro Football,score_props,A,80,5552800.55,True,nfl,excluded_spec,,excluded_spec,no payoff parser for suffix 'OT',0,0,,,0,0,0,excluded
KXNFL1HFT,1st Half Fulltime Result,Football,Pro Football,score_props,A,682,4320861.84,True,nfl,excluded_spec,,excluded_spec,no payoff parser for suffix '1HFT',0,0,,,0,0,0,excluded
KXNFLFIRSTTDTEAM,Pro Football First Team to Score a Touchdown,Football,Pro Football,score_props,A,197,2586376.94,True,nfl,excluded_spec,,excluded_spec,no payoff parser for suffix 'FIRSTTDTEAM',0,0,,,0,0,0,excluded
KXNFLRACE,Pro Football Race to Points,Football,Pro Football,score_props,A,1014,2521300.29,True,nfl,excluded_spec,,excluded_spec,no payoff parser for suffix 'RACE',0,0,,,0,0,0,excluded
KXNCAAFOT,College Football Overtime,Football,NCAA Football,score_props,A,286,1121872.75,True,ncaaf,excluded_spec,,excluded_spec,no payoff parser for suffix 'OT',0,0,,,0,0,0,excluded
KXNCAAFFIRSTTDTEAM,College Football First Team to Score a Touchdown,Football,NCAA Football,score_props,A,648,1054193.47,True,ncaaf,excluded_spec,,excluded_spec,no payoff parser for suffix 'FIRSTTDTEAM',0,0,,,0,0,0,excluded
KXNFLNEXTTD,Pro Football Next TD scorer,Football,Pro Football,score_props,A,136,1020923.0,True,nfl,excluded_spec,,excluded_spec,no payoff parser for suffix 'NEXTTD',0,0,,,0,0,0,excluded
KXNFLTIE,NFL Game to Tie,Football,Pro Football,score_props,A,30,641901.48,True,nfl,excluded_spec,,excluded_spec,no payoff parser for suffix 'TIE',0,0,,,0,0,0,excluded
KXNFL2PTCONV,Pro Football 2-Point Conversions,Football,Pro Football,score_props,A,2,518138.0,True,nfl,excluded_spec,,excluded_spec,no payoff parser for suffix '2PTCONV',0,0,,,0,0,0,excluded
KXNCAAF1HFT,College Football 1st Half Fulltime Result,Football,NCAA Football,score_props,A,367,434809.83,True,ncaaf,excluded_spec,,excluded_spec,no payoff parser for suffix '1HFT',0,0,,,0,0,0,excluded
KXNFLBOTH,Pro Football Both Teams to Score Points,Football,Pro Football,score_props,A,252,350811.6,True,nfl,excluded_spec,,excluded_spec,no payoff parser for suffix 'BOTH',0,0,,,0,0,0,excluded
KXNFLSFTY,Pro Football Safety,Football,Pro Football,score_props,A,64,297860.29,True,nfl,excluded_spec,,excluded_spec,no payoff parser for suffix 'SFTY',0,0,,,0,0,0,excluded
KXNFL1QBTTS,Pro Football Both Teams to Score in 1st Quarter,Football,Pro Football,score_props,A,65,294624.42,True,nfl,excluded_spec,,excluded_spec,no payoff parser for suffix '1QBTTS',0,0,,,0,0,0,excluded
KXNFLEQBTTS,Pro Football Both Teams to Score in Every Quarter,Football,Pro Football,score_props,A,65,251747.31,True,nfl,excluded_spec,,excluded_spec,no payoff parser for suffix 'EQBTTS',0,0,,,0,0,0,excluded
KXNFL2QBTTS,Pro Football Both Teams to Score in 2nd Quarter,Football,Pro Football,score_props,A,65,86474.07,True,nfl,excluded_spec,,excluded_spec,no payoff parser for suffix '2QBTTS',0,0,,,0,0,0,excluded
KXNFL3QBTTS,Pro Football Both Teams to Score in 3rd Quarter,Football,Pro Football,score_props,A,65,71680.78,True,nfl,excluded_spec,,excluded_spec,no payoff parser for suffix '3QBTTS',0,0,,,0,0,0,excluded
KXNCAAF2PT,College Football 2-Point Conversion,Football,NCAA Football,score_props,A,27,54995.28,True,ncaaf,excluded_spec,,excluded_spec,no payoff parser for suffix '2PT',0,0,,,0,0,0,excluded
KXNFL4QBTTS,Pro Football Both Teams to Score in 4th Quarter,Football,Pro Football,score_props,A,64,43619.69,True,nfl,excluded_spec,,excluded_spec,no payoff parser for suffix '4QBTTS',0,0,,,0,0,0,excluded
KXNCAAFDELAY,College Football Weather Delay,Football,NCAA Football,score_props,A,2,6600.84,True,ncaaf,excluded_spec,,excluded_spec,no payoff parser for suffix 'DELAY',0,0,,,0,0,0,excluded
KXNFLWEEKTIE,NFL Weekly Tie,Football,Pro Football,score_props,A,1,2837.55,True,nfl,excluded_spec,,excluded_spec,no payoff parser for suffix 'WEEKTIE',0,0,,,0,0,0,excluded
KXNFLDELAY,NFL Weather Delay,Football,Pro Football,score_props,A,6,2777.94,True,nfl,excluded_spec,,excluded_spec,no payoff parser for suffix 'DELAY',0,0,,,0,0,0,excluded
KXNCAAF1QBTTS,College Football Both Teams to Score in 1st Quarter,Football,,score_props,A,0,0.0,True,,not_attempted,,not_attempted_supported_sport,no traded markets,,,,,,,,not attempted
KXNCAAF2QBTTS,College Football Both Teams to Score in 2nd Quarter,Football,,score_props,A,0,0.0,True,,not_attempted,,not_attempted_supported_sport,no traded markets,,,,,,,,not attempted
KXNCAAF3QBTTS,College Football Both Teams to Score in 3rd Quarter,Football,,score_props,A,0,0.0,True,,not_attempted,,not_attempted_supported_sport,no traded markets,,,,,,,,not attempted
KXNCAAF4QBTTS,College Football Both Teams to Score in 4th Quarter,Football,,score_props,A,0,0.0,True,,not_attempted,,not_attempted_supported_sport,no traded markets,,,,,,,,not attempted
KXNCAAFEQBTTS,College Football Both Teams to Score in Every Quarter,Football,,score_props,A,0,0.0,True,,not_attempted,,not_attempted_supported_sport,no traded markets,,,,,,,,not attempted
KXNCAAFFTTS,College Football First Team to Score,Football,,score_props,A,0,0.0,True,,not_attempted,,not_attempted_supported_sport,no traded markets,,,,,,,,not attempted
KXNFLSAFETY,Pro Football Safeties,Football,,score_props,A,0,0.0,True,,not_attempted,,not_attempted_supported_sport,no traded markets,,,,,,,,not attempted
KXNFLMVP,AP Pro Football Regular Season MVP,Football,Pro Football,season_wins,C,101,61662462.32,True,,not_attempted,,not_attempted_supported_sport,season totals: one outcome per team-season; prospective capture required,,,,,,,,not attempted
KXNFL1SEED,Will team win conference in regular season,Football,Pro Football,season_wins,C,32,790969.84,True,,not_attempted,,not_attempted_supported_sport,season totals: one outcome per team-season; prospective capture required,,,,,,,,not attempted
KXNFLWINS-DAL,Pro football wins Dallas,Football,Pro Football,season_wins,C,20,555798.0,True,,not_attempted,,not_attempted_supported_sport,season totals: one outcome per team-season; prospective capture required,,,,,,,,not attempted
KXNFLWINS-CHI,Pro football wins Chicago,Football,Pro Football,season_wins,C,19,412846.0,True,,not_attempted,,not_attempted_supported_sport,season totals: one outcome per team-season; prospective capture required,,,,,,,,not attempted
KXNFLWINS-BAL,Pro football wins Baltimore,Football,Pro Football,season_wins,C,19,399248.0,True,,not_attempted,,not_attempted_supported_sport,season totals: one outcome per team-season; prospective capture required,,,,,,,,not attempted
KXNFLWINS-NYG,Pro football wins New York G,Football,Pro Football,season_wins,C,19,347440.0,True,,not_attempted,,not_attempted_supported_sport,season totals: one outcome per team-season; prospective capture required,,,,,,,,not attempted
KXNFLWINS-IND,Pro football wins Indianapolis,Football,Pro Football,season_wins,C,18,344327.0,True,,not_attempted,,not_attempted_supported_sport,season totals: one outcome per team-season; prospective capture required,,,,,,,,not attempted
KXNFLWINS-SEA,Pro football wins Seattle,Football,Pro Football,season_wins,C,18,343399.0,True,,not_attempted,,not_attempted_supported_sport,season totals: one outcome per team-season; prospective capture required,,,,,,,,not attempted
KXNFLWINS-SF,Pro football wins San Francisco,Football,Pro Football,season_wins,C,17,336520.0,True,,not_attempted,,not_attempted_supported_sport,season totals: one outcome per team-season; prospective capture required,,,,,,,,not attempted
KXNFLWINS-MIA,Pro football wins Miami,Football,Pro Football,season_wins,C,21,331671.0,True,,not_attempted,,not_attempted_supported_sport,season totals: one outcome per team-season; prospective capture required,,,,,,,,not attempted
KXNFLWINS-CIN,Pro football wins Cincinnati,Football,Pro Football,season_wins,C,19,314057.0,True,,not_attempted,,not_attempted_supported_sport,season totals: one outcome per team-season; prospective capture required,,,,,,,,not attempted
KXNFLWINS-NE,Pro football wins New England,Football,Pro Football,season_wins,C,18,304819.0,True,,not_attempted,,not_attempted_supported_sport,season totals: one outcome per team-season; prospective capture required,,,,,,,,not attempted
KXNFLWINS-KC,Pro football wins Kansas City,Football,Pro Football,season_wins,C,18,300959.0,True,,not_attempted,,not_attempted_supported_sport,season totals: one outcome per team-season; prospective capture required,,,,,,,,not attempted
KXNFLWINS-PIT,Pro football wins Pittsburgh,Football,Pro Football,season_wins,C,15,297094.0,True,,not_attempted,,not_attempted_supported_sport,season totals: one outcome per team-season; prospective capture required,,,,,,,,not attempted
KXNFLWINS-CLE,Pro football wins Cleveland,Football,Pro Football,season_wins,C,18,271593.0,True,,not_attempted,,not_attempted_supported_sport,season totals: one outcome per team-season; prospective capture required,,,,,,,,not attempted
KXNFLWINS-DET,Pro football wins Detroit,Football,Pro Football,season_wins,C,16,260852.0,True,,not_attempted,,not_attempted_supported_sport,season totals: one outcome per team-season; prospective capture required,,,,,,,,not attempted
KXNFLWINS-WAS,Pro football wins Washington,Football,Pro Football,season_wins,C,17,243842.0,True,,not_attempted,,not_attempted_supported_sport,season totals: one outcome per team-season; prospective capture required,,,,,,,,not attempted
KXNFLWINS-CAR,Pro football wins Carolina,Football,Pro Football,season_wins,C,20,236342.0,True,,not_attempted,,not_attempted_supported_sport,season totals: one outcome per team-season; prospective capture required,,,,,,,,not attempted
KXNFLWINS-HOU,Pro football wins Houston,Football,Pro Football,season_wins,C,17,236230.0,True,,not_attempted,,not_attempted_supported_sport,season totals: one outcome per team-season; prospective capture required,,,,,,,,not attempted
KXNFLWINS-NO,Pro football wins New Orleans,Football,Pro Football,season_wins,C,17,235226.0,True,,not_attempted,,not_attempted_supported_sport,season totals: one outcome per team-season; prospective capture required,,,,,,,,not attempted
KXNFLWINS-GB,Pro football wins Green Bay,Football,Pro Football,season_wins,C,20,235034.0,True,,not_attempted,,not_attempted_supported_sport,season totals: one outcome per team-season; prospective capture required,,,,,,,,not attempted
KXNFLWINS-PHI,Pro football wins Philadelphia,Football,Pro Football,season_wins,C,18,228298.0,True,,not_attempted,,not_attempted_supported_sport,season totals: one outcome per team-season; prospective capture required,,,,,,,,not attempted
KXNFLWINS-NYJ,Pro football wins New York J,Football,Pro Football,season_wins,C,19,227678.0,True,,not_attempted,,not_attempted_supported_sport,season totals: one outcome per team-season; prospective capture required,,,,,,,,not attempted
KXNFLWINS-MIN,Pro football wins Minnesota,Football,Pro Football,season_wins,C,19,224177.0,True,,not_attempted,,not_attempted_supported_sport,season totals: one outcome per team-season; prospective capture required,,,,,,,,not attempted
KXNFLWINS-BUF,Pro football wins Buffalo,Football,Pro Football,season_wins,C,18,219959.0,True,,not_attempted,,not_attempted_supported_sport,season totals: one outcome per team-season; prospective capture required,,,,,,,,not attempted
KXNFLWINS-TEN,Pro football wins Tennessee,Football,Pro Football,season_wins,C,17,217969.0,True,,not_attempted,,not_attempted_supported_sport,season totals: one outcome per team-season; prospective capture required,,,,,,,,not attempted
KXNFLWINS-ATL,Pro football wins Atlanta,Football,Pro Football,season_wins,C,19,213977.0,True,,not_attempted,,not_attempted_supported_sport,season totals: one outcome per team-season; prospective capture required,,,,,,,,not attempted
KXNFLWINS-TB,Pro football wins Tampa Bay,Football,Pro Football,season_wins,C,15,196927.0,True,,not_attempted,,not_attempted_supported_sport,season totals: one outcome per team-season; prospective capture required,,,,,,,,not attempted
KXNFLWINS-JAC,Pro football wins Jacksonville,Football,Pro Football,season_wins,C,19,181354.0,True,,not_attempted,,not_attempted_supported_sport,season totals: one outcome per team-season; prospective capture required,,,,,,,,not attempted
KXNFLWINS-LV,Pro football wins Las Vegas,Football,Pro Football,season_wins,C,19,166941.0,True,,not_attempted,,not_attempted_supported_sport,season totals: one outcome per team-season; prospective capture required,,,,,,,,not attempted
KXNFLWINS-LAC,Pro football wins Los Angeles C,Football,Pro Football,season_wins,C,16,161403.0,True,,not_attempted,,not_attempted_supported_sport,season totals: one outcome per team-season; prospective capture required,,,,,,,,not attempted
KXNFLWINS-DEN,Pro football wins Denver,Football,Pro Football,season_wins,C,17,144022.0,True,,not_attempted,,not_attempted_supported_sport,season totals: one outcome per team-season; prospective capture required,,,,,,,,not attempted
KXNFLWINS-ARI,Pro football wins Arizona,Football,Pro Football,season_wins,C,17,130190.0,True,,not_attempted,,not_attempted_supported_sport,season totals: one outcome per team-season; prospective capture required,,,,,,,,not attempted
KXNFLTEAMPTS,Who will most/least points in Regular Season,Football,Pro Football,season_wins,C,47,106629.25,True,,not_attempted,,not_attempted_supported_sport,season totals: one outcome per team-season; prospective capture required,,,,,,,,not attempted
KXNFLWINS-LA,Pro football wins Los Angeles R,Football,Pro Football,season_wins,C,15,106564.0,True,,not_attempted,,not_attempted_supported_sport,season totals: one outcome per team-season; prospective capture required,,,,,,,,not attempted
KXNCAAFSEED,College Football Playoff Seed,Football,NCAA Football,season_wins,C,103,90810.83,True,,not_attempted,,not_attempted_supported_sport,season totals: one outcome per team-season; prospective capture required,,,,,,,,not attempted
KXNFLSACKRECORD,NFL Regular Season Sack Record,Football,Pro Football,season_wins,C,1,65745.0,True,,not_attempted,,not_attempted_supported_sport,season totals: one outcome per team-season; prospective capture required,,,,,,,,not attempted
KXNFLEXACTWINSSEA,Pro football exact wins Seattle,Football,Pro Football,season_wins,C,13,51577.0,True,,not_attempted,,not_attempted_supported_sport,season totals: one outcome per team-season; prospective capture required,,,,,,,,not attempted
KXNFLEXACTWINSBAL,Pro football exact wins Baltimore,Football,Pro Football,season_wins,C,13,45191.0,True,,not_attempted,,not_attempted_supported_sport,season totals: one outcome per team-season; prospective capture required,,,,,,,,not attempted
KXNFLSEED,NFL Playoff Seed,Football,Pro Football,season_wins,C,128,43514.72,True,,not_attempted,,not_attempted_supported_sport,season totals: one outcome per team-season; prospective capture required,,,,,,,,not attempted
KXNFLEXACTWINSPIT,Pro football exact wins Pittsburgh,Football,Pro Football,season_wins,C,12,34440.0,True,,not_attempted,,not_attempted_supported_sport,season totals: one outcome per team-season; prospective capture required,,,,,,,,not attempted
KXNFLEXACTWINSLA,Pro football exact wins Los Angeles R,Football,Pro Football,season_wins,C,9,28956.0,True,,not_attempted,,not_attempted_supported_sport,season totals: one outcome per team-season; prospective capture required,,,,,,,,not attempted
KXNFLWINS-ANY,Pro football wins any team,Football,Pro Football,season_wins,C,3,25123.32,True,,not_attempted,,not_attempted_supported_sport,season totals: one outcome per team-season; prospective capture required,,,,,,,,not attempted
KXNFLEXACTWINSBUF,Pro football exact wins Buffalo,Football,Pro Football,season_wins,C,12,24336.0,True,,not_attempted,,not_attempted_supported_sport,season totals: one outcome per team-season; prospective capture required,,,,,,,,not attempted
KXNFLEXACTWINSSF,Pro football exact wins San Francisco,Football,Pro Football,season_wins,C,13,22511.0,True,,not_attempted,,not_attempted_supported_sport,season totals: one outcome per team-season; prospective capture required,,,,,,,,not attempted
KXNFLEXACTWINSGB,Pro football exact wins Green Bay,Football,Pro Football,season_wins,C,11,22414.0,True,,not_attempted,,not_attempted_supported_sport,season totals: one outcome per team-season; prospective capture required,,,,,,,,not attempted
KXNFLEXACTWINSMIN,Pro football exact wins Minnesota,Football,Pro Football,season_wins,C,13,21331.0,True,,not_attempted,,not_attempted_supported_sport,season totals: one outcome per team-season; prospective capture required,,,,,,,,not attempted
KXNFLEXACTWINSDAL,Pro football exact wins Dallas,Football,Pro Football,season_wins,C,15,21179.0,True,,not_attempted,,not_attempted_supported_sport,season totals: one outcome per team-season; prospective capture required,,,,,,,,not attempted
KXNFLEXACTWINSKC,Pro football exact wins Kansas City,Football,Pro Football,season_wins,C,12,20987.0,True,,not_attempted,,not_attempted_supported_sport,season totals: one outcome per team-season; prospective capture required,,,,,,,,not attempted
KXNFLEXACTWINSCHI,Pro football exact wins Chicago,Football,Pro Football,season_wins,C,16,20458.0,True,,not_attempted,,not_attempted_supported_sport,season totals: one outcome per team-season; prospective capture required,,,,,,,,not attempted
KXNFLEXACTWINSCAR,Pro football exact wins Carolina,Football,Pro Football,season_wins,C,8,18519.0,True,,not_attempted,,not_attempted_supported_sport,season totals: one outcome per team-season; prospective capture required,,,,,,,,not attempted
KXNFLDIVMOSTWINS,Pro Football Division with the Least Wins,Football,Pro Football,season_wins,C,7,17990.3,True,,not_attempted,,not_attempted_supported_sport,season totals: one outcome per team-season; prospective capture required,,,,,,,,not attempted
KXNFLEXACTWINSIND,Pro football exact wins Indianapolis,Football,Pro Football,season_wins,C,8,17852.0,True,,not_attempted,,not_attempted_supported_sport,season totals: one outcome per team-season; prospective capture required,,,,,,,,not attempted
KXNFLEXACTWINSTB,Pro football exact wins Tampa Bay,Football,Pro Football,season_wins,C,9,16081.0,True,,not_attempted,,not_attempted_supported_sport,season totals: one outcome per team-season; prospective capture required,,,,,,,,not attempted
KXNFLEXACTWINSNE,Pro football exact wins New England,Football,Pro Football,season_wins,C,12,13806.0,True,,not_attempted,,not_attempted_supported_sport,season totals: one outcome per team-season; prospective capture required,,,,,,,,not attempted
KXNFLEXACTWINSHOU,Pro football exact wins Houston,Football,Pro Football,season_wins,C,13,13362.0,True,,not_attempted,,not_attempted_supported_sport,season totals: one outcome per team-season; prospective capture required,,,,,,,,not attempted
KXNFLEXACTWINSPHI,Pro football exact wins Philadephia,Football,Pro Football,season_wins,C,10,12579.0,True,,not_attempted,,not_attempted_supported_sport,season totals: one outcome per team-season; prospective capture required,,,,,,,,not attempted
KXNFLEXACTWINSJAC,Pro football exact wins Jacksonville,Football,Pro Football,season_wins,C,11,11367.0,True,,not_attempted,,not_attempted_supported_sport,season totals: one outcome per team-season; prospective capture required,,,,,,,,not attempted
KXNFLNEXTINT,Pro Football Next Interception,Football,Pro Football,season_wins,C,9,10794.19,True,,not_attempted,,not_attempted_supported_sport,season totals: one outcome per team-season; prospective capture required,,,,,,,,not attempted
KXNFLEXACTWINSMIA,Pro football exact wins Miami,Football,Pro Football,season_wins,C,13,10212.0,True,,not_attempted,,not_attempted_supported_sport,season totals: one outcome per team-season; prospective capture required,,,,,,,,not attempted
KXNFLEXACTWINSCIN,Pro football exact wins Cincinnati,Football,Pro Football,season_wins,C,7,10089.0,True,,not_attempted,,not_attempted_supported_sport,season totals: one outcome per team-season; prospective capture required,,,,,,,,not attempted
KXNFLEXACTWINSDEN,Pro football exact wins Denver,Football,Pro Football,season_wins,C,10,8165.0,True,,not_attempted,,not_attempted_supported_sport,season totals: one outcome per team-season; prospective capture required,,,,,,,,not attempted
KXNFLEXACTWINSNO,Pro football exact wins New Orleans,Football,Pro Football,season_wins,C,9,7910.0,True,,not_attempted,,not_attempted_supported_sport,season totals: one outcome per team-season; prospective capture required,,,,,,,,not attempted
KXNFLEXACTWINSLAC,Pro football exact wins Los Angeles C,Football,Pro Football,season_wins,C,11,7621.0,True,,not_attempted,,not_attempted_supported_sport,season totals: one outcome per team-season; prospective capture required,,,,,,,,not attempted
KXNFLENDSTREAK,When will team end streak,Football,Pro Football,season_wins,C,5,7397.16,True,,not_attempted,,not_attempted_supported_sport,season totals: one outcome per team-season; prospective capture required,,,,,,,,not attempted
KXNFLEXACTWINSNYJ,Pro football exact wins New York J,Football,Pro Football,season_wins,C,8,7149.0,True,,not_attempted,,not_attempted_supported_sport,season totals: one outcome per team-season; prospective capture required,,,,,,,,not attempted
KXNCAAFLSUTEX2X,LSU to Beat Texas in Regular Season and National Championship,Football,NCAA Football,season_wins,C,1,6522.97,True,,not_attempted,,not_attempted_supported_sport,season totals: one outcome per team-season; prospective capture required,,,,,,,,not attempted
KXNFLEXACTWINSTEN,Pro football exact wins Tennessee,Football,Pro Football,season_wins,C,7,6304.0,True,,not_attempted,,not_attempted_supported_sport,season totals: one outcome per team-season; prospective capture required,,,,,,,,not attempted
KXNFLEXACTWINSLV,Pro football exact wins Las Vegas,Football,Pro Football,season_wins,C,12,5330.0,True,,not_attempted,,not_attempted_supported_sport,season totals: one outcome per team-season; prospective capture required,,,,,,,,not attempted
KXNFLEXACTWINSATL,Pro football exact wins Atlanta,Football,Pro Football,season_wins,C,8,4420.0,True,,not_attempted,,not_attempted_supported_sport,season totals: one outcome per team-season; prospective capture required,,,,,,,,not attempted
KXNFLDIVLEASTWINS,Pro Football Division with the Most Wins,Football,Pro Football,season_wins,C,8,4215.69,True,,not_attempted,,not_attempted_supported_sport,season totals: one outcome per team-season; prospective capture required,,,,,,,,not attempted
KXNFLEXACTWINSWAS,Pro football exact wins Washington,Football,Pro Football,season_wins,C,9,3826.0,True,,not_attempted,,not_attempted_supported_sport,season totals: one outcome per team-season; prospective capture required,,,,,,,,not attempted
KXNFLEXACTWINSNYG,Pro football exact wins New York G,Football,Pro Football,season_wins,C,9,3648.0,True,,not_attempted,,not_attempted_supported_sport,season totals: one outcome per team-season; prospective capture required,,,,,,,,not attempted
KXNFLWINSTREAK,Pro Football Win Streak,Football,Pro Football,season_wins,C,8,2974.73,True,,not_attempted,,not_attempted_supported_sport,season totals: one outcome per team-season; prospective capture required,,,,,,,,not attempted
KXNFLEXACTWINSDET,Pro football exact wins Detroit,Football,Pro Football,season_wins,C,8,2973.0,True,,not_attempted,,not_attempted_supported_sport,season totals: one outcome per team-season; prospective capture required,,,,,,,,not attempted
KXNFLEXACTWINSCLE,Pro football exact wins Cleveland,Football,Pro Football,season_wins,C,8,2460.0,True,,not_attempted,,not_attempted_supported_sport,season totals: one outcome per team-season; prospective capture required,,,,,,,,not attempted
KXNFLEXACTWINSARI,Pro football exact wins Arizona,Football,Pro Football,season_wins,C,8,2176.0,True,,not_attempted,,not_attempted_supported_sport,season totals: one outcome per team-season; prospective capture required,,,,,,,,not attempted
KXNFLSZNRECORD,Will single season record be broken?,Football,Pro Football,season_wins,C,5,1739.34,True,,not_attempted,,not_attempted_supported_sport,season totals: one outcome per team-season; prospective capture required,,,,,,,,not attempted
KXNFLWINNINGSTREAK,NFL Team Winning Streak,Football,,season_wins,C,0,0.0,True,,not_attempted,,not_attempted_supported_sport,season totals: one outcome per team-season; prospective capture required,,,,,,,,not attempted
KXNCAAF1HSPREAD,College Football 1st Half Spread,Football,NCAA Football,segment,A,7363,56286842.23,True,ncaaf,independent_outcomes,exploratory,exploratory_evaluated,only 0 pre-test settled contracts (< 30),8329,7167,0/0,7167/7167,0,7104,329,evaluated
KXNFL1HSPREAD,Pro Football 1st Half Spread,Football,Pro Football,segment,A,1986,46565666.73,True,nfl,independent_outcomes,exploratory,exploratory_evaluated,only 0 pre-test settled contracts (< 30),2139,1160,0/0,1160/1160,0,1138,70,evaluated
KXNCAAF1HTOTAL,College Football 1st Half Total,Football,NCAA Football,segment,A,4974,33379588.93,True,ncaaf,independent_outcomes,exploratory,exploratory_evaluated,only 0 pre-test settled contracts (< 30),5525,4762,0/0,4762/4762,0,4720,329,evaluated
KXNFL1HTOTAL,Pro Football 1st  Half Total Points,Football,Pro Football,segment,A,1728,32444570.33,True,nfl,independent_outcomes,exploratory,exploratory_evaluated,only 0 pre-test settled contracts (< 30),1812,938,0/0,938/938,0,922,70,evaluated
KXNFL1H,Pro Football 1st Half Winner,Football,Pro Football,segment,A,368,30583734.43,True,nfl,independent_outcomes,exploratory,exploratory_evaluated,only 0 pre-test settled contracts (< 30),384,192,0/0,192/192,0,189,63,evaluated
KXNCAAF1H,College Football 1st Half Winner,Football,NCAA Football,segment,A,2186,22762551.6,True,ncaaf,independent_outcomes,exploratory,exploratory_evaluated,only 0 pre-test settled contracts (< 30),2712,1947,0/0,1947/1947,0,1938,646,evaluated
KXNFL2HSPREAD,Pro Football 2nd Half Spread,Football,Pro Football,segment,A,1874,11363717.8,True,nfl,independent_outcomes,exploratory,exploratory_evaluated,only 0 pre-test settled contracts (< 30),2056,1077,0/0,1074/1077,3,1054,64,evaluated
KXNFL1QTOTAL,Pro Football 1st Quarter Total,Football,Pro Football,segment,A,1175,10429554.38,True,nfl,independent_outcomes,exploratory,exploratory_evaluated,only 0 pre-test settled contracts (< 30),1298,658,0/0,658/658,0,648,66,evaluated
KXNFL1Q,Pro Football 1st Quarter Winner,Football,Pro Football,segment,A,360,10298507.99,True,nfl,independent_outcomes,exploratory,exploratory_evaluated,only 0 pre-test settled contracts (< 30),384,192,0/0,192/192,0,189,63,evaluated
KXNCAAF2HSPREAD,College Football 2nd Half Spread,Football,NCAA Football,segment,A,3162,9797824.0,True,ncaaf,independent_outcomes,exploratory,exploratory_evaluated,only 0 pre-test settled contracts (< 30),3810,3151,0/0,3150/3151,1,3150,146,evaluated
KXNFL1QSPREAD,Pro Football 1st Quarter Spread,Football,Pro Football,segment,A,1270,9661619.09,True,nfl,independent_outcomes,exploratory,exploratory_evaluated,only 0 pre-test settled contracts (< 30),1386,743,0/0,743/743,0,731,66,evaluated
KXNCAAF1QSPREAD,College Football 1st Quarter Spread,Football,NCAA Football,segment,A,2090,9649848.47,True,ncaaf,independent_outcomes,exploratory,exploratory_evaluated,only 0 pre-test settled contracts (< 30),2397,2072,0/0,2072/2072,0,2072,179,evaluated
KXNCAAF1QTOTAL,College Football 1st Quarter Total,Football,NCAA Football,segment,A,1979,7723503.03,True,ncaaf,independent_outcomes,exploratory,exploratory_evaluated,only 0 pre-test settled contracts (< 30),2310,1969,0/0,1969/1969,0,1969,179,evaluated
KXNFL1HWINNER,NFL 1st Half Winner,Football,Pro Football,segment,A,21,7122512.0,True,nfl,independent_outcomes,exploratory,exploratory_evaluated,only 0 pre-test settled contracts (< 30),21,21,0/0,21/21,0,21,7,evaluated
KXNFL3QSPREAD,Pro Football 3rd Quarter Spread,Football,Pro Football,segment,A,1268,6847757.84,True,nfl,independent_outcomes,exploratory,exploratory_evaluated,only 0 pre-test settled contracts (< 30),1396,753,0/0,753/753,0,743,64,evaluated
KXNFL2HTOTAL,Pro Football 2nd Half Total,Football,Pro Football,segment,A,1595,6706481.19,True,nfl,independent_outcomes,exploratory,exploratory_evaluated,only 0 pre-test settled contracts (< 30),1754,880,0/0,872/880,8,858,64,evaluated
KXNFL2H,Pro Football 2nd Half,Football,Pro Football,segment,A,350,6237114.15,True,nfl,independent_outcomes,exploratory,exploratory_evaluated,only 0 pre-test settled contracts (< 30),384,192,0/0,190/192,2,187,63,evaluated
KXNFL3Q,Pro Football 3rd Quarter Winner,Football,Pro Football,segment,A,351,6175342.11,True,nfl,independent_outcomes,exploratory,exploratory_evaluated,only 0 pre-test settled contracts (< 30),384,192,0/0,192/192,0,189,63,evaluated
KXNFL3QTOTAL,Pro Football 3rd Quarter Total,Football,Pro Football,segment,A,1159,6167550.48,True,nfl,independent_outcomes,exploratory,exploratory_evaluated,only 0 pre-test settled contracts (< 30),1290,650,0/0,650/650,0,640,64,evaluated
KXNCAAF3QSPREAD,College Football 3rd Quarter Spread,Football,NCAA Football,segment,A,1995,5290806.16,True,ncaaf,independent_outcomes,exploratory,exploratory_evaluated,only 0 pre-test settled contracts (< 30),2327,2003,0/0,2003/2003,0,2003,179,evaluated
KXNCAAF2HTOTAL,College Football 2nd Half Total,Football,NCAA Football,segment,A,2076,5114563.91,True,ncaaf,independent_outcomes,exploratory,exploratory_evaluated,only 0 pre-test settled contracts (< 30),2504,2072,0/0,2062/2072,10,2062,146,evaluated
KXNFL4QSPREAD,Pro Football 4th Quarter Spread,Football,Pro Football,segment,A,1287,4954653.32,True,nfl,independent_outcomes,exploratory,exploratory_evaluated,only 0 pre-test settled contracts (< 30),1424,769,0/0,769/769,0,754,64,evaluated
KXNFL2QSPREAD,Pro Football 2nd Quarter Spread,Football,Pro Football,segment,A,1263,4943839.55,True,nfl,independent_outcomes,exploratory,exploratory_evaluated,only 0 pre-test settled contracts (< 30),1392,748,0/0,748/748,0,736,64,evaluated
KXNFL2Q,Pro Football 2nd Quarter Winner,Football,Pro Football,segment,A,350,4649680.57,True,nfl,independent_outcomes,exploratory,exploratory_evaluated,only 0 pre-test settled contracts (< 30),384,192,0/0,192/192,0,189,63,evaluated
KXNFL4Q,Pro Football 4th Quarter Winner,Football,Pro Football,segment,A,352,4622540.05,True,nfl,independent_outcomes,exploratory,exploratory_evaluated,only 0 pre-test settled contracts (< 30),384,192,0/0,192/192,0,189,63,evaluated
KXNCAAF3QTOTAL,College Football 3rd Quarter Total,Football,NCAA Football,segment,A,1963,4576634.02,True,ncaaf,independent_outcomes,exploratory,exploratory_evaluated,only 0 pre-test settled contracts (< 30),2310,1969,0/0,1969/1969,0,1969,179,evaluated
KXNCAAF1Q,College Football 1st Quarter Winner,Football,NCAA Football,segment,A,550,4411205.87,True,ncaaf,independent_outcomes,exploratory,exploratory_evaluated,only 0 pre-test settled contracts (< 30),630,537,0/0,537/537,0,537,179,evaluated
KXNCAAF4QSPREAD,College Football 4th Quarter Spread,Football,NCAA Football,segment,A,2011,4183409.9,True,ncaaf,independent_outcomes,exploratory,exploratory_evaluated,only 0 pre-test settled contracts (< 30),2354,2009,0/0,2009/2009,0,2009,179,evaluated
KXNCAAF2QSPREAD,College Football 2nd Quarter Spread,Football,NCAA Football,segment,A,2127,4132313.05,True,ncaaf,independent_outcomes,exploratory,exploratory_evaluated,only 0 pre-test settled contracts (< 30),2455,2126,0/0,2126/2126,0,2126,179,evaluated
KXNFL2QTOTAL,Pro Football 2nd Quarter Total,Football,Pro Football,segment,A,1165,3928187.42,True,nfl,independent_outcomes,exploratory,exploratory_evaluated,only 0 pre-test settled contracts (< 30),1293,653,0/0,653/653,0,641,64,evaluated
KXNCAAF3Q,College Football 3rd Quarter Winner,Football,NCAA Football,segment,A,539,3496336.08,True,ncaaf,independent_outcomes,exploratory,exploratory_evaluated,only 0 pre-test settled contracts (< 30),630,537,0/0,537/537,0,537,179,evaluated
KXNCAAF1HWINNER,College Football 1st Half Winner,Football,NCAA Football,segment,A,3,3253337.0,True,ncaaf,independent_outcomes,exploratory,exploratory_evaluated,only 0 pre-test settled contracts (< 30),3,3,0/0,3/3,0,3,1,excluded
KXNFL1HTEAMTOTAL,Pro Football 1st Half Team Total,Football,Pro Football,segment,A,1345,3179704.4,True,nfl,independent_outcomes,exploratory,exploratory_evaluated,only 0 pre-test settled contracts (< 30),1742,1411,0/0,1411/1411,0,1386,63,evaluated
KXNCAAF2QTOTAL,College Football 2nd Quarter Total,Football,NCAA Football,segment,A,1972,3108646.12,True,ncaaf,independent_outcomes,exploratory,exploratory_evaluated,only 0 pre-test settled contracts (< 30),2310,1969,0/0,1969/1969,0,1969,179,evaluated
KXNCAAF4QTOTAL,College Football 4th Quarter Total,Football,NCAA Football,segment,A,1967,3097580.45,True,ncaaf,independent_outcomes,exploratory,exploratory_evaluated,only 0 pre-test settled contracts (< 30),2310,1969,0/0,1969/1969,0,1969,179,evaluated
KXNFL4QTOTAL,Pro Football 4th Quarter Total,Football,Pro Football,segment,A,1160,3059495.92,True,nfl,independent_outcomes,exploratory,exploratory_evaluated,only 0 pre-test settled contracts (< 30),1293,653,0/0,653/653,0,641,64,evaluated
KXNCAAF2H,College Football 2nd Half Winner,Football,NCAA Football,segment,A,438,2963672.69,True,ncaaf,independent_outcomes,exploratory,exploratory_evaluated,only 0 pre-test settled contracts (< 30),531,438,0/0,438/438,0,438,146,evaluated
KXNCAAF2Q,College Football 2nd Quarter Winner,Football,NCAA Football,segment,A,539,2567819.81,True,ncaaf,independent_outcomes,exploratory,exploratory_evaluated,only 0 pre-test settled contracts (< 30),630,537,0/0,537/537,0,537,179,evaluated
KXNCAAF4Q,College Football 4th Quarter Winner,Football,NCAA Football,segment,A,540,2316648.2,True,ncaaf,independent_outcomes,exploratory,exploratory_evaluated,only 0 pre-test settled contracts (< 30),630,537,0/0,537/537,0,537,179,evaluated
KXNFL1QWINNER,Pro Football 1st Quarter Winner,Football,Pro Football,segment,A,9,1959428.0,True,nfl,independent_outcomes,exploratory,exploratory_evaluated,only 0 pre-test settled contracts (< 30),9,9,0/0,9/9,0,9,3,excluded
KXNCAAF1HTEAMTOTAL,College Football 1st Half Team Total Points,Football,NCAA Football,segment,A,738,559053.33,True,ncaaf,independent_outcomes,exploratory,exploratory_evaluated,only 0 pre-test settled contracts (< 30),1187,948,0/0,948/948,0,948,56,evaluated
KXNFL2HWINNER,NFL 2nd Half Winner,Football,Pro Football,segment,A,3,539808.0,True,nfl,independent_outcomes,exploratory,exploratory_evaluated,only 0 pre-test settled contracts (< 30),3,3,0/0,3/3,0,3,1,excluded
KXNFL4QWINNER,Pro Football 4th Quarter Winner,Football,Pro Football,segment,A,3,379027.0,True,nfl,independent_outcomes,exploratory,exploratory_evaluated,only 0 pre-test settled contracts (< 30),3,3,0/0,3/3,0,3,1,excluded
KXNFLHIGHSCOREQ,Pro Football Highest Scoring Quarter,Football,Pro Football,segment,A,4,348538.0,True,nfl,excluded_spec,,excluded_spec,no payoff parser for suffix 'HIGHSCOREQ',0,0,,,0,0,0,excluded
KXNFL3QWINNER,Pro Football 3rd Quarter Winner,Football,Pro Football,segment,A,3,346631.0,True,nfl,independent_outcomes,exploratory,exploratory_evaluated,only 0 pre-test settled contracts (< 30),3,3,0/0,3/3,0,3,1,excluded
KXNFL2QWINNER,Pro Football 2nd Quarter Winner,Football,Pro Football,segment,A,3,149713.0,True,nfl,independent_outcomes,exploratory,exploratory_evaluated,only 0 pre-test settled contracts (< 30),3,3,0/0,3/3,0,3,1,excluded
KXNCAAFQHIGHSCORE,College Football Highest Scoring Quarter,Football,NCAA Football,segment,A,55,33271.06,True,ncaaf,excluded_spec,,excluded_spec,no payoff parser for suffix 'QHIGHSCORE',0,0,,,0,0,0,excluded
KXNFLOTWIN,Pro Football Overtime Winner,Football,,segment,A,0,0.0,True,,not_attempted,,not_attempted_supported_sport,no traded markets,,,,,,,,not attempted
KXNFLSPREAD,Pro Football Spread,Football,Pro Football,spread,A,7948,1226773912.59,True,nfl,independent_outcomes,strict,strict_evaluated,,10753,7602,5383/5384,7601/7602,0,2185,92,evaluated
KXNCAAFSPREAD,College Football Spread,Football,NCAA Football,spread,A,25399,912728257.99,True,ncaaf,independent_outcomes,strict,strict_evaluated,,27175,24671,9895/9895,24671/24671,0,14683,655,evaluated
KXCFLSPREAD,CFL Spread,Football,CFL,spread,A,668,2686887.12,True,,not_attempted,,not_attempted_supported_sport,no independent results adapter for this competition in Phase 1 (game_winner only via Kalshi-only path),,,,,,,,not attempted
KXUFLSPREAD,UFL Spread,Football,UFL,spread,A,137,98129.16,True,,not_attempted,,not_attempted_supported_sport,no independent results adapter for this competition in Phase 1 (game_winner only via Kalshi-only path),,,,,,,,not attempted
KXNCAAFTEAMTOTAL,College Football Team Total Points,Football,NCAA Football,team_total,A,8328,28335615.87,True,ncaaf,independent_outcomes,exploratory,exploratory_evaluated,only 0 pre-test settled contracts (< 30),9300,7999,0/0,7999/7999,0,7930,328,evaluated
KXNFLTEAMTOTAL,Pro Football Team Total Points,Football,Pro Football,team_total,A,2520,24615441.53,True,nfl,independent_outcomes,strict,strict_evaluated,,2985,2579,557/557,2579/2579,0,1992,77,evaluated
KXCANIMAKETHIS,test,Football,,test_placeholder,E,0,0.0,True,,not_attempted,,not_attempted_supported_sport,out of scope (test),,,,,,,,not attempted
KXEPLTESTIMAGE,test,Football,,test_placeholder,E,0,0.0,True,,not_attempted,,not_attempted_supported_sport,out of scope (test),,,,,,,,not attempted
KXNFLTOTAL,Pro Football Total Points,Football,Pro Football,total,A,6164,681767888.35,True,nfl,independent_outcomes,strict,strict_evaluated,,8439,5919,4343/4345,5917/5919,0,1553,92,evaluated
KXNCAAFTOTAL,College Football Total Points,Football,NCAA Football,total,A,19378,510807464.83,True,ncaaf,independent_outcomes,strict,strict_evaluated,,20777,19050,7674/7674,19050/19050,0,11312,655,evaluated
KXNFLWINS,Pro Football Wins,Football,Pro Football,total,A,521,13066031.77,True,nfl,excluded_spec,,excluded_spec,no payoff parser for suffix 'WINS',0,0,,,0,0,0,excluded
KXNCAAFWINS,College Football Win Total,Football,NCAA Football,total,A,561,3072886.19,True,ncaaf,excluded_spec,,excluded_spec,no payoff parser for suffix 'WINS',0,0,,,0,0,0,excluded
KXCFLTOTAL,CFL Total,Football,UFL,total,A,255,1537108.11,True,,not_attempted,,not_attempted_supported_sport,no independent results adapter for this competition in Phase 1 (game_winner only via Kalshi-only path),,,,,,,,not attempted
KXNFLWINSWEEK,NFL wins by week,Football,Pro Football,total,A,469,218299.12,True,nfl,excluded_spec,,excluded_spec,no payoff parser for suffix 'WINSWEEK',0,0,,,0,0,0,excluded
KXUFLTOTAL,UFL Total,Football,UFL,total,A,80,145538.31,True,,not_attempted,,not_attempted_supported_sport,no independent results adapter for this competition in Phase 1 (game_winner only via Kalshi-only path),,,,,,,,not attempted
KXNFLH2HWINS,Pro Football Head-to-Head Win Totals,Football,Pro Football,total,A,22,36056.46,True,nfl,excluded_spec,,excluded_spec,no payoff parser for suffix 'H2HWINS',0,0,,,0,0,0,excluded
KXNCAAFH2HWINS,College Football Head-to-Head Regular Season Wins,Football,NCAA Football,total,A,20,29816.15,True,ncaaf,excluded_spec,,excluded_spec,no payoff parser for suffix 'H2HWINS',0,0,,,0,0,0,excluded
KXNFLDIVISIONWINS,Pro Football Division Total Wins,Football,Pro Football,total,A,34,11660.87,True,nfl,excluded_spec,,excluded_spec,no payoff parser for suffix 'DIVISIONWINS',0,0,,,0,0,0,excluded
KXNFLFFSEASONTOTAL,Pro Football Player's Fantasy Season Total,Football,Pro Football,total,A,13,8496.69,True,nfl,excluded_spec,,excluded_spec,no payoff parser for suffix 'FFSEASONTOTAL',0,0,,,0,0,0,excluded
KXSB,Super Bowl,Football,Pro Football,tournament_outright,C,68,552825231.43,True,,not_attempted,,not_attempted_supported_sport,outright/bracket: few independent outcomes per season; needs prospective capture + simulation,,,,,,,,not attempted
KXNCAAF,NCAAF Championship,Football,College Football Playoffs,tournament_outright,C,187,191566109.95,True,,not_attempted,,not_attempted_supported_sport,outright/bracket: few independent outcomes per season; needs prospective capture + simulation,,,,,,,,not attempted
KXNFLNFCCHAMP,National Football Conference Champion,Football,Pro Football,tournament_outright,C,32,119811676.38,True,,not_attempted,,not_attempted_supported_sport,outright/bracket: few independent outcomes per season; needs prospective capture + simulation,,,,,,,,not attempted
KXNFLAFCCHAMP,American Football Conference Champion,Football,Pro Football,tournament_outright,C,32,90721483.81,True,,not_attempted,,not_attempted_supported_sport,outright/bracket: few independent outcomes per season; needs prospective capture + simulation,,,,,,,,not attempted
KXTEAMSINSB,Teams in Super Bowl,Football,Pro Football,tournament_outright,C,92,23957794.0,True,,not_attempted,,not_attempted_supported_sport,outright/bracket: few independent outcomes per season; needs prospective capture + simulation,,,,,,,,not attempted
KXNCAAFPLAYOFF,College Football Playoff Qualifiers,Football,NCAA Football,tournament_outright,C,111,12037120.2,True,,not_attempted,,not_attempted_supported_sport,outright/bracket: few independent outcomes per season; needs prospective capture + simulation,,,,,,,,not attempted
KXNFLMATCHUP,Pro Football Matchups,Football,Pro Football,tournament_outright,C,242,8146566.01,True,,not_attempted,,not_attempted_supported_sport,outright/bracket: few independent outcomes per season; needs prospective capture + simulation,,,,,,,,not attempted
KXNFLPLAYOFF,Pro Football Playoff Qualifiers,Football,Pro Football,tournament_outright,C,64,7447531.06,True,,not_attempted,,not_attempted_supported_sport,outright/bracket: few independent outcomes per season; needs prospective capture + simulation,,,,,,,,not attempted
KXNCAAFB12,Big 12 Champion,Football,NCAA Football,tournament_outright,C,32,6125203.02,True,,not_attempted,,not_attempted_supported_sport,outright/bracket: few independent outcomes per season; needs prospective capture + simulation,,,,,,,,not attempted
KXNCAAFCS,FCS Football Champion,Football,NCAA Football,tournament_outright,C,9,5859446.0,True,,not_attempted,,not_attempted_supported_sport,outright/bracket: few independent outcomes per season; needs prospective capture + simulation,,,,,,,,not attempted
KXNFLNFCEAST,National Football Conference East Winner,Football,Pro Football,tournament_outright,C,8,5187071.63,True,,not_attempted,,not_attempted_supported_sport,outright/bracket: few independent outcomes per season; needs prospective capture + simulation,,,,,,,,not attempted
KXNFLNFCNORTH,National Football Conference North Winner,Football,Pro Football,tournament_outright,C,8,5015553.95,True,,not_attempted,,not_attempted_supported_sport,outright/bracket: few independent outcomes per season; needs prospective capture + simulation,,,,,,,,not attempted
KXNFLAFCNORTH,American Football Conference North Winner,Football,Pro Football,tournament_outright,C,8,4858343.82,True,,not_attempted,,not_attempted_supported_sport,outright/bracket: few independent outcomes per season; needs prospective capture + simulation,,,,,,,,not attempted
KXNFLNFCWEST,National Football Conference West Winner,Football,Pro Football,tournament_outright,C,8,4583469.79,True,,not_attempted,,not_attempted_supported_sport,outright/bracket: few independent outcomes per season; needs prospective capture + simulation,,,,,,,,not attempted
KXNCAAFACC,ACC Champion,Football,NCAA Football,tournament_outright,C,34,4361145.03,True,,not_attempted,,not_attempted_supported_sport,outright/bracket: few independent outcomes per season; needs prospective capture + simulation,,,,,,,,not attempted
KXNCAAFSEC,SEC Champion,Football,NCAA Football,tournament_outright,C,32,3972929.84,True,,not_attempted,,not_attempted_supported_sport,outright/bracket: few independent outcomes per season; needs prospective capture + simulation,,,,,,,,not attempted
KXNFLAFCWEST,American Football Conference West Winner,Football,Pro Football,tournament_outright,C,8,3525024.97,True,,not_attempted,,not_attempted_supported_sport,outright/bracket: few independent outcomes per season; needs prospective capture + simulation,,,,,,,,not attempted
KXNCAAFB10,Big Ten Champion,Football,NCAA Football,tournament_outright,C,36,3112370.57,True,,not_attempted,,not_attempted_supported_sport,outright/bracket: few independent outcomes per season; needs prospective capture + simulation,,,,,,,,not attempted
KXNFLNFCSOUTH,National Football Conference South Winner,Football,Pro Football,tournament_outright,C,8,2932347.7,True,,not_attempted,,not_attempted_supported_sport,outright/bracket: few independent outcomes per season; needs prospective capture + simulation,,,,,,,,not attempted
KXNFLAFCSOUTH,American Football Conference South Winner,Football,Pro Football,tournament_outright,C,8,2498388.46,True,,not_attempted,,not_attempted_supported_sport,outright/bracket: few independent outcomes per season; needs prospective capture + simulation,,,,,,,,not attempted
KXAFC,AFC Championship,Football,,tournament_outright,C,2,2363875.0,True,,not_attempted,,not_attempted_supported_sport,outright/bracket: few independent outcomes per season; needs prospective capture + simulation,,,,,,,,not attempted
KXNCAAFFINALIST,College Football Finalist,Football,College Football Playoffs,tournament_outright,C,67,1995935.21,True,,not_attempted,,not_attempted_supported_sport,outright/bracket: few independent outcomes per season; needs prospective capture + simulation,,,,,,,,not attempted
KXRECORDNFLBEST,best football record,Football,Pro Football,tournament_outright,C,32,1961959.23,True,,not_attempted,,not_attempted_supported_sport,outright/bracket: few independent outcomes per season; needs prospective capture + simulation,,,,,,,,not attempted
KXNFLAFCEAST,American Football Conference East Winner,Football,Pro Football,tournament_outright,C,8,1926882.16,True,,not_attempted,,not_attempted_supported_sport,outright/bracket: few independent outcomes per season; needs prospective capture + simulation,,,,,,,,not attempted
KXNFC,NFC Championship,Football,,tournament_outright,C,2,1643143.0,True,,not_attempted,,not_attempted_supported_sport,outright/bracket: few independent outcomes per season; needs prospective capture + simulation,,,,,,,,not attempted
KXRECORDNFLWORST,worst football record,Football,Pro Football,tournament_outright,C,32,1523814.7,True,,not_attempted,,not_attempted_supported_sport,outright/bracket: few independent outcomes per season; needs prospective capture + simulation,,,,,,,,not attempted
KXNFLLASTTOLOSE,Pro Football Last Undefeated Team,Football,Pro Football,tournament_outright,C,32,1523450.12,True,,not_attempted,,not_attempted_supported_sport,outright/bracket: few independent outcomes per season; needs prospective capture + simulation,,,,,,,,not attempted
KXCFPSEED,College Football Playoff Seed,Football,NCAA Football,tournament_outright,C,97,933224.0,True,,not_attempted,,not_attempted_supported_sport,outright/bracket: few independent outcomes per season; needs prospective capture + simulation,,,,,,,,not attempted
KXNCAAFUNDEFEATED,Undefeated in College Football Regular Season,Football,NCAA Football,tournament_outright,C,39,907142.95,True,,not_attempted,,not_attempted_supported_sport,outright/bracket: few independent outcomes per season; needs prospective capture + simulation,,,,,,,,not attempted
KXNCAAFPAC12,Pac-12 Champion,Football,NCAA Football,tournament_outright,C,8,611631.14,True,,not_attempted,,not_attempted_supported_sport,outright/bracket: few independent outcomes per season; needs prospective capture + simulation,,,,,,,,not attempted
KXNCAAFSF,College Football Playoff Semifinals Qualifiers,Football,NCAA Football,tournament_outright,C,35,540048.83,True,,not_attempted,,not_attempted_supported_sport,outright/bracket: few independent outcomes per season; needs prospective capture + simulation,,,,,,,,not attempted
KXNFCAFCSB,AFC NFC SB,Football,Pro Football,tournament_outright,C,2,533541.0,True,,not_attempted,,not_attempted_supported_sport,outright/bracket: few independent outcomes per season; needs prospective capture + simulation,,,,,,,,not attempted
KXNCAAFQF,College Football Playoff Quarterfinals Qualifiers,Football,NCAA Football,tournament_outright,C,39,413879.01,True,,not_attempted,,not_attempted_supported_sport,outright/bracket: few independent outcomes per season; needs prospective capture + simulation,,,,,,,,not attempted
KXNCAAFMAC,MAC Champion,Football,NCAA Football,tournament_outright,C,13,338595.89,True,,not_attempted,,not_attempted_supported_sport,outright/bracket: few independent outcomes per season; needs prospective capture + simulation,,,,,,,,not attempted
KXNCAAFAAC,American Athletic Conference Champion,Football,NCAA Football,tournament_outright,C,14,338198.1,True,,not_attempted,,not_attempted_supported_sport,outright/bracket: few independent outcomes per season; needs prospective capture + simulation,,,,,,,,not attempted
KXNCAAFMWC,Mountain West Champion,Football,NCAA Football,tournament_outright,C,10,240391.29,True,,not_attempted,,not_attempted_supported_sport,outright/bracket: few independent outcomes per season; needs prospective capture + simulation,,,,,,,,not attempted
KXNCAAFCUSA,Conference USA Champion,Football,NCAA Football,tournament_outright,C,10,228437.44,True,,not_attempted,,not_attempted_supported_sport,outright/bracket: few independent outcomes per season; needs prospective capture + simulation,,,,,,,,not attempted
KXNCAAFSBELT,Sun Belt Champion,Football,NCAA Football,tournament_outright,C,14,214822.95,True,,not_attempted,,not_attempted_supported_sport,outright/bracket: few independent outcomes per season; needs prospective capture + simulation,,,,,,,,not attempted
KXNFLDIVISIONORDER,Pro Football Division Exact Order,Football,Pro Football,tournament_outright,C,130,174429.36,True,,not_attempted,,not_attempted_supported_sport,outright/bracket: few independent outcomes per season; needs prospective capture + simulation,,,,,,,,not attempted
KXRANKLISTFFQB,TOP FANTASY FOOTBALL QB,Football,Pro Football,tournament_outright,C,51,160979.18,True,,not_attempted,,not_attempted_supported_sport,outright/bracket: few independent outcomes per season; needs prospective capture + simulation,,,,,,,,not attempted
KXNCAAFCONF,NCAAF Championship Conference,Football,NCAA Football,tournament_outright,C,5,151730.86,True,,not_attempted,,not_attempted_supported_sport,outright/bracket: few independent outcomes per season; needs prospective capture + simulation,,,,,,,,not attempted
KXNCAAFD3,D3 College Football Champion,Football,NCAA Football,tournament_outright,C,8,147522.0,True,,not_attempted,,not_attempted_supported_sport,outright/bracket: few independent outcomes per season; needs prospective capture + simulation,,,,,,,,not attempted
KXRANKLISTFFWR,TOP FANTASY FOOTBALL WR,Football,Pro Football,tournament_outright,C,42,108602.71,True,,not_attempted,,not_attempted_supported_sport,outright/bracket: few independent outcomes per season; needs prospective capture + simulation,,,,,,,,not attempted
KXRANKLISTFFTE,TOP FANTASY FOOTBALL TE,Football,Pro Football,tournament_outright,C,38,105437.49,True,,not_attempted,,not_attempted_supported_sport,outright/bracket: few independent outcomes per season; needs prospective capture + simulation,,,,,,,,not attempted
KXRANKLISTFFRB,TOP FANTASY FOOTBALL RB,Football,Pro Football,tournament_outright,C,40,103220.55,True,,not_attempted,,not_attempted_supported_sport,outright/bracket: few independent outcomes per season; needs prospective capture + simulation,,,,,,,,not attempted
KXUFLCHAMP,UFL Champion,Football,UFL,tournament_outright,C,14,82580.09,True,,not_attempted,,not_attempted_supported_sport,outright/bracket: few independent outcomes per season; needs prospective capture + simulation,,,,,,,,not attempted
KXNCAAFFCS,College Football FCS Champion,Football,NCAA Football,tournament_outright,C,31,32488.58,True,,not_attempted,,not_attempted_supported_sport,outright/bracket: few independent outcomes per season; needs prospective capture + simulation,,,,,,,,not attempted
KXNCAAFPAC12QUAL,College Football Pac-12 Championship Qualifiers,Football,NCAA Football,tournament_outright,C,8,29504.96,True,,not_attempted,,not_attempted_supported_sport,outright/bracket: few independent outcomes per season; needs prospective capture + simulation,,,,,,,,not attempted
KXNCAAFB12QUAL,College Football Big 12 Championship Qualifiers,Football,NCAA Football,tournament_outright,C,16,28874.55,True,,not_attempted,,not_attempted_supported_sport,outright/bracket: few independent outcomes per season; needs prospective capture + simulation,,,,,,,,not attempted
KXNCAAFCUSAQUAL,College Football Conference USA Championship Qualifiers,Football,NCAA Football,tournament_outright,C,10,28480.38,True,,not_attempted,,not_attempted_supported_sport,outright/bracket: few independent outcomes per season; needs prospective capture + simulation,,,,,,,,not attempted
KXNFLROUNDQUAL,Pro Football Round Qualifier,Football,Pro Football,tournament_outright,C,54,28181.39,True,,not_attempted,,not_attempted_supported_sport,outright/bracket: few independent outcomes per season; needs prospective capture + simulation,,,,,,,,not attempted
KXNCAAFCONFMATCHUP,College Football Conference Championship Matchup,Football,NCAA Football,tournament_outright,C,77,27741.17,True,,not_attempted,,not_attempted_supported_sport,outright/bracket: few independent outcomes per season; needs prospective capture + simulation,,,,,,,,not attempted
KXNCAAFACCQUAL,College Football ACC Championship Qualifiers,Football,NCAA Football,tournament_outright,C,17,24691.41,True,,not_attempted,,not_attempted_supported_sport,outright/bracket: few independent outcomes per season; needs prospective capture + simulation,,,,,,,,not attempted
KXNCAAFB10QUAL,College Football Big Ten Championship Qualifiers,Football,NCAA Football,tournament_outright,C,18,20011.66,True,,not_attempted,,not_attempted_supported_sport,outright/bracket: few independent outcomes per season; needs prospective capture + simulation,,,,,,,,not attempted
KXNCAAFTOPSEED,College Football Playoff Top Seed,Football,NCAA Football,tournament_outright,C,22,18537.03,True,,not_attempted,,not_attempted_supported_sport,outright/bracket: few independent outcomes per season; needs prospective capture + simulation,,,,,,,,not attempted
KXNCAAFAACQUAL,College Football American Athletic Conference Championship Qualifiers,Football,NCAA Football,tournament_outright,C,14,17060.39,True,,not_attempted,,not_attempted_supported_sport,outright/bracket: few independent outcomes per season; needs prospective capture + simulation,,,,,,,,not attempted
KXNCAAFSECQ,College Football SEC Championship Qualifiers,Football,NCAA Football,tournament_outright,C,16,15552.79,True,,not_attempted,,not_attempted_supported_sport,outright/bracket: few independent outcomes per season; needs prospective capture + simulation,,,,,,,,not attempted
KXNCAAFTFUT,Team to Make the College Football Playoffs before 2030,Football,NCAA Football,tournament_outright,C,7,13107.87,True,,not_attempted,,not_attempted_supported_sport,outright/bracket: few independent outcomes per season; needs prospective capture + simulation,,,,,,,,not attempted
KXNFLDIVUNDEFEATED,Team to go undefeated in division,Football,Pro Football,tournament_outright,C,20,11249.01,True,,not_attempted,,not_attempted_supported_sport,outright/bracket: few independent outcomes per season; needs prospective capture + simulation,,,,,,,,not attempted
KXNCAAFMWCQUAL,College Football Mountain West Conference Championship Qualifiers,Football,NCAA Football,tournament_outright,C,10,9900.11,True,,not_attempted,,not_attempted_supported_sport,outright/bracket: few independent outcomes per season; needs prospective capture + simulation,,,,,,,,not attempted
KXNCAAFSBELTQUAL,College Football Sun Belt Championship Qualifiers,Football,NCAA Football,tournament_outright,C,14,6960.23,True,,not_attempted,,not_attempted_supported_sport,outright/bracket: few independent outcomes per season; needs prospective capture + simulation,,,,,,,,not attempted
KXNCAAFMACQUAL,College Football Mid-American Conference Championship Qualifiers,Football,NCAA Football,tournament_outright,C,12,5630.82,True,,not_attempted,,not_attempted_supported_sport,outright/bracket: few independent outcomes per season; needs prospective capture + simulation,,,,,,,,not attempted
KXNCAAFBOWLGAME,College Football Teams to Make a Bowl Game,Football,NCAA Football,tournament_outright,C,22,4410.85,True,,not_attempted,,not_attempted_supported_sport,outright/bracket: few independent outcomes per season; needs prospective capture + simulation,,,,,,,,not attempted
KXNCAAFCFPCONF,College Football Playoff Conference Representation,Football,NCAA Football,tournament_outright,C,11,3765.56,True,,not_attempted,,not_attempted_supported_sport,outright/bracket: few independent outcomes per season; needs prospective capture + simulation,,,,,,,,not attempted
KXCOACHOUTNFLFIRST,First NFL Coach Out,Football,,tournament_outright,C,0,0.0,True,,not_attempted,,not_attempted_supported_sport,outright/bracket: few independent outcomes per season; needs prospective capture + simulation,,,,,,,,not attempted
KXLEADERPINT,Pro Football Passing Interceptions Leader,Football,,tournament_outright,C,0,0.0,True,,not_attempted,,not_attempted_supported_sport,outright/bracket: few independent outcomes per season; needs prospective capture + simulation,,,,,,,,not attempted
KXNCAAFBACC,ACC Champion,Football,,tournament_outright,C,0,0.0,True,,not_attempted,,not_attempted_supported_sport,outright/bracket: few independent outcomes per season; needs prospective capture + simulation,,,,,,,,not attempted
KXNCAAFBB10,Big Ten Champion,Football,,tournament_outright,C,0,0.0,True,,not_attempted,,not_attempted_supported_sport,outright/bracket: few independent outcomes per season; needs prospective capture + simulation,,,,,,,,not attempted
KXNCAAFBB12,Big 12 Champion,Football,,tournament_outright,C,0,0.0,True,,not_attempted,,not_attempted_supported_sport,outright/bracket: few independent outcomes per season; needs prospective capture + simulation,,,,,,,,not attempted
KXNCAAFBSEC,SEC Champion,Football,,tournament_outright,C,0,0.0,True,,not_attempted,,not_attempted_supported_sport,outright/bracket: few independent outcomes per season; needs prospective capture + simulation,,,,,,,,not attempted
KXNCAAFIVY,Ivy League Champion,Football,,tournament_outright,C,0,0.0,True,,not_attempted,,not_attempted_supported_sport,outright/bracket: few independent outcomes per season; needs prospective capture + simulation,,,,,,,,not attempted
KXNCAAFPAC10,Pac-10 Champion,Football,,tournament_outright,C,0,0.0,True,,not_attempted,,not_attempted_supported_sport,outright/bracket: few independent outcomes per season; needs prospective capture + simulation,,,,,,,,not attempted
KXNCAAPLAYOFF,College Football Playoff Qualifiers,Football,,tournament_outright,C,0,0.0,True,,not_attempted,,not_attempted_supported_sport,outright/bracket: few independent outcomes per season; needs prospective capture + simulation,,,,,,,,not attempted
KXNFLCONTRACTSIZE,Pro Football Next Contract Size,Football,,tournament_outright,C,0,0.0,True,,not_attempted,,not_attempted_supported_sport,outright/bracket: few independent outcomes per season; needs prospective capture + simulation,,,,,,,,not attempted
KXNFLGPICKENSCONTRACT,Pro Football George Picken's Next Contract Size,Football,,tournament_outright,C,0,0.0,True,,not_attempted,,not_attempted_supported_sport,outright/bracket: few independent outcomes per season; needs prospective capture + simulation,,,,,,,,not attempted
KXUFLUSFLCONF,UFL USFL Conference Champion,Football,,tournament_outright,C,0,0.0,True,,not_attempted,,not_attempted_supported_sport,outright/bracket: few independent outcomes per season; needs prospective capture + simulation,,,,,,,,not attempted
KXUFLXFLCONF,UFL XLF Conference Champion,Football,,tournament_outright,C,0,0.0,True,,not_attempted,,not_attempted_supported_sport,outright/bracket: few independent outcomes per season; needs prospective capture + simulation,,,,,,,,not attempted
KXPGATOUR,PGA Tour,Golf,PGA,field_finish,A,7727,3953165666.3,True,pga,independent_outcomes,strict,strict_evaluated,,8842,7979,3718/3722,7975/7979,0,4257,38,evaluated
KXPGAR1LEAD,PGA Round 1 Leader,Golf,3M Open,field_finish,A,4149,342795254.63,True,,not_attempted,,not_attempted_supported_sport,no independent results adapter for this competition in Phase 1 (game_winner only via Kalshi-only path),,,,,,,,not attempted
KXPGAR2LEAD,PGA Round 2 Leader,Golf,3M Open,field_finish,A,1952,87859297.61,True,,not_attempted,,not_attempted_supported_sport,no independent results adapter for this competition in Phase 1 (game_winner only via Kalshi-only path),,,,,,,,not attempted
KXPGATOP20,PGA Top 20 Finisher,Golf,3M Open,field_finish,A,4494,64882072.09,True,pga,independent_outcomes,exploratory,exploratory_evaluated,only 0 pre-test settled contracts (< 30),4865,4257,0/0,4256/4257,1,4256,38,evaluated
KXPGAR3LEAD,PGA Round 3 Leader,Golf,3M Open,field_finish,A,1458,49811192.88,True,,not_attempted,,not_attempted_supported_sport,no independent results adapter for this competition in Phase 1 (game_winner only via Kalshi-only path),,,,,,,,not attempted
KXPGATOP10,PGA Top 10 Finisher,Golf,3M Open,field_finish,A,4225,42898327.84,True,pga,independent_outcomes,exploratory,exploratory_evaluated,only 0 pre-test settled contracts (< 30),4865,4257,0/0,4257/4257,0,4257,38,evaluated
KXPGATOP5,PGA Top 5 Finisher,Golf,3M Open,field_finish,A,3945,37694956.78,True,pga,independent_outcomes,exploratory,exploratory_evaluated,only 0 pre-test settled contracts (< 30),4865,4257,0/0,4257/4257,0,4257,38,evaluated
KXLIVTOUR,LIV Tour,Golf,LIV Golf Adelaide,field_finish,A,847,31217594.77,True,,not_attempted,,not_attempted_supported_sport,no independent results adapter for this competition in Phase 1 (game_winner only via Kalshi-only path),,,,,,,,not attempted
KXPGAH2H,PGA Head-to-Head Matchups,Golf,Travelers Championship,field_finish,A,2726,25380935.05,True,,not_attempted,,not_attempted_supported_sport,no independent results adapter for this competition in Phase 1 (game_winner only via Kalshi-only path),,,,,,,,not attempted
KXPGARYDERMATCH,PGA Ryder Cup Matchups,Golf,Pro Golf,field_finish,A,58,21750933.0,True,,not_attempted,,not_attempted_supported_sport,no independent results adapter for this competition in Phase 1 (game_winner only via Kalshi-only path),,,,,,,,not attempted
KXLPGATOUR,PGA Tour,Golf,AIG Women's Open,field_finish,A,1948,19887642.65,True,,not_attempted,,not_attempted_supported_sport,no independent results adapter for this competition in Phase 1 (game_winner only via Kalshi-only path),,,,,,,,not attempted
KXPGAMAKECUT,PGA To Make Cut,Golf,3M Open,field_finish,A,4053,16635190.9,True,,not_attempted,,not_attempted_supported_sport,no independent results adapter for this competition in Phase 1 (game_winner only via Kalshi-only path),,,,,,,,not attempted
KXPGARYDER,Ryder Cup,Golf,Ryder Cup,field_finish,A,6,14565941.39,True,,not_attempted,,not_attempted_supported_sport,no independent results adapter for this competition in Phase 1 (game_winner only via Kalshi-only path),,,,,,,,not attempted
KXKFTOUR,Korn Ferry Tour,Golf,AdventHealth Championship,field_finish,A,1800,10434546.09,True,,not_attempted,,not_attempted_supported_sport,no independent results adapter for this competition in Phase 1 (game_winner only via Kalshi-only path),,,,,,,,not attempted
KXPGA3BALL,PGA 3-Ball,Golf,RBC Canadian Open,field_finish,A,4189,10228216.94,True,,not_attempted,,not_attempted_supported_sport,no independent results adapter for this competition in Phase 1 (game_winner only via Kalshi-only path),,,,,,,,not attempted
KXPRESCUPMATCH,Presidents Cup Match Winner,Golf,Presidents Cup,field_finish,A,90,9520416.89,True,,not_attempted,,not_attempted_supported_sport,no independent results adapter for this competition in Phase 1 (game_winner only via Kalshi-only path),,,,,,,,not attempted
KXDPWORLDTOURR1LEAD,DP World Tour R1 Leader,Golf,Alfred Dunhill Links Championship,field_finish,A,1588,8120039.45,True,,not_attempted,,not_attempted_supported_sport,no independent results adapter for this competition in Phase 1 (game_winner only via Kalshi-only path),,,,,,,,not attempted
KXPRESCUP,President's Cup,Golf,Presidents Cup,field_finish,A,3,5203531.09,True,,not_attempted,,not_attempted_supported_sport,no independent results adapter for this competition in Phase 1 (game_winner only via Kalshi-only path),,,,,,,,not attempted
KXPGAPLAYERCAT,PGA Player Category,Golf,PGA Championship,field_finish,A,405,3150539.89,True,,not_attempted,,not_attempted_supported_sport,no independent results adapter for this competition in Phase 1 (game_winner only via Kalshi-only path),,,,,,,,not attempted
KXTGLMATCH,TGL Golf Match,Golf,Tomorrow's Golf League (TGL),field_finish,A,36,2845501.0,True,,not_attempted,,not_attempted_supported_sport,no independent results adapter for this competition in Phase 1 (game_winner only via Kalshi-only path),,,,,,,,not attempted
KXPGAWINNERWITHOUT,PGA Winner Without,Golf,The Masters,field_finish,A,53,2226364.0,True,,not_attempted,,not_attempted_supported_sport,no independent results adapter for this competition in Phase 1 (game_winner only via Kalshi-only path),,,,,,,,not attempted
KXPGATOP40,PGA Top 40 Finisher,Golf,PGA Championship,field_finish,A,529,1529077.51,True,,not_attempted,,not_attempted_supported_sport,no independent results adapter for this competition in Phase 1 (game_winner only via Kalshi-only path),,,,,,,,not attempted
KXPGAR1TOP10,PGA Round 1 Top 10 FInishers,Golf,3M Open,field_finish,A,1759,1502716.64,True,,not_attempted,,not_attempted_supported_sport,no independent results adapter for this competition in Phase 1 (game_winner only via Kalshi-only path),,,,,,,,not attempted
KXPGAWINNINGSCORE,PGA Winning Score,Golf,PGA Championship,field_finish,A,27,1254086.8,True,,not_attempted,,not_attempted_supported_sport,no independent results adapter for this competition in Phase 1 (game_winner only via Kalshi-only path),,,,,,,,not attempted
KXPGAR2TOP5,PGA Round 2 Top 5 Finishers,Golf,PGA Championship,field_finish,A,143,1236557.22,True,,not_attempted,,not_attempted_supported_sport,no independent results adapter for this competition in Phase 1 (game_winner only via Kalshi-only path),,,,,,,,not attempted
KXPGAPLAYOFF,Golf Playoff,Golf,3M Open,field_finish,A,34,1165162.93,True,,not_attempted,,not_attempted_supported_sport,no independent results adapter for this competition in Phase 1 (game_winner only via Kalshi-only path),,,,,,,,not attempted
KXPGAR1TOP5,PGA Round 1 Top 5 FInishers,Golf,3M Open,field_finish,A,1297,1113969.7,True,,not_attempted,,not_attempted_supported_sport,no independent results adapter for this competition in Phase 1 (game_winner only via Kalshi-only path),,,,,,,,not attempted
KXDPWORLDTOURR2LEAD,DP World Tour R2 Leader,Golf,Alfred Dunhill Links Championship,field_finish,A,245,885880.69,True,,not_attempted,,not_attempted_supported_sport,no independent results adapter for this competition in Phase 1 (game_winner only via Kalshi-only path),,,,,,,,not attempted
KXLIVR1LEAD,Liv Round 1 Leader,Golf,LIV Golf Adelaide,field_finish,A,467,806326.99,True,,not_attempted,,not_attempted_supported_sport,no independent results adapter for this competition in Phase 1 (game_winner only via Kalshi-only path),,,,,,,,not attempted
KXPGABOGEYFREE,Will any Golfer Record a bogey free round,Golf,The Masters,field_finish,A,182,666154.19,True,,not_attempted,,not_attempted_supported_sport,no independent results adapter for this competition in Phase 1 (game_winner only via Kalshi-only path),,,,,,,,not attempted
KXPGACUTLINE,PGA What Will the Cut Line Be,Golf,PGA Championship,field_finish,A,25,581028.75,True,,not_attempted,,not_attempted_supported_sport,no independent results adapter for this competition in Phase 1 (game_winner only via Kalshi-only path),,,,,,,,not attempted
KXDPWORLDTOURMAKECUT,DP World Tour To Make Cut,Golf,Alfred Dunhill Links Championship,field_finish,A,1733,567784.49,True,,not_attempted,,not_attempted_supported_sport,no independent results adapter for this competition in Phase 1 (game_winner only via Kalshi-only path),,,,,,,,not attempted
KXPGALOWSCORE,PGA Lowest Round Score,Golf,PGA Championship,field_finish,A,32,543408.35,True,,not_attempted,,not_attempted_supported_sport,no independent results adapter for this competition in Phase 1 (game_winner only via Kalshi-only path),,,,,,,,not attempted
KXPGAR2TOP10,PGA Round 2 Top 10 FInishers,Golf,3M Open,field_finish,A,837,504293.78,True,,not_attempted,,not_attempted_supported_sport,no independent results adapter for this competition in Phase 1 (game_winner only via Kalshi-only path),,,,,,,,not attempted
KXPGAR3TOP10,PGA Round 3 Top 10 Finishers,Golf,3M Open,field_finish,A,1002,365574.56,True,,not_attempted,,not_attempted_supported_sport,no independent results adapter for this competition in Phase 1 (game_winner only via Kalshi-only path),,,,,,,,not attempted
KXDPWORLDTOURR3LEAD,DP World Tour R3 Leader,Golf,Alfred Dunhill Links Championship,field_finish,A,213,341485.44,True,,not_attempted,,not_attempted_supported_sport,no independent results adapter for this competition in Phase 1 (game_winner only via Kalshi-only path),,,,,,,,not attempted
KXLPGAR1LEAD,LPGA Round 1 Leader,Golf,AIG Women's Open,field_finish,A,368,337958.85,True,,not_attempted,,not_attempted_supported_sport,no independent results adapter for this competition in Phase 1 (game_winner only via Kalshi-only path),,,,,,,,not attempted
KXPGAR1TOP20,PGA Round 1 Top 20 FInishers,Golf,PGA Championship,field_finish,A,283,267913.62,True,,not_attempted,,not_attempted_supported_sport,no independent results adapter for this competition in Phase 1 (game_winner only via Kalshi-only path),,,,,,,,not attempted
KXLIVTOP10,Liv Top 10 Finisher,Golf,LIV Golf Adelaide,field_finish,A,450,255185.72,True,,not_attempted,,not_attempted_supported_sport,no independent results adapter for this competition in Phase 1 (game_winner only via Kalshi-only path),,,,,,,,not attempted
KXDPWTTOP20,DPWT Top 20 Finisher,Golf,Alfred Dunhill Links Championship,field_finish,A,346,229641.09,True,,not_attempted,,not_attempted_supported_sport,no independent results adapter for this competition in Phase 1 (game_winner only via Kalshi-only path),,,,,,,,not attempted
KXLIVTOP5,Liv Top 5 Finisher,Golf,LIV Golf Adelaide,field_finish,A,394,222674.75,True,,not_attempted,,not_attempted_supported_sport,no independent results adapter for this competition in Phase 1 (game_winner only via Kalshi-only path),,,,,,,,not attempted
KXPGAWINNERREGION,PGA Tournament Winner Region,Golf,PGA Championship,field_finish,A,16,165112.48,True,,not_attempted,,not_attempted_supported_sport,no independent results adapter for this competition in Phase 1 (game_winner only via Kalshi-only path),,,,,,,,not attempted
KXDPWT3BALL,DPWT 3-Ball,Golf,Amgen Irish Open,field_finish,A,229,146299.62,True,,not_attempted,,not_attempted_supported_sport,no independent results adapter for this competition in Phase 1 (game_winner only via Kalshi-only path),,,,,,,,not attempted
KXDPWTTOP10,DPWT Top 10 Finisher,Golf,Alfred Dunhill Links Championship,field_finish,A,270,134411.11,True,,not_attempted,,not_attempted_supported_sport,no independent results adapter for this competition in Phase 1 (game_winner only via Kalshi-only path),,,,,,,,not attempted
KXDPWTTOP5,DPWT Top 5 Finisher,Golf,Alfred Dunhill Links Championship,field_finish,A,179,132746.73,True,,not_attempted,,not_attempted_supported_sport,no independent results adapter for this competition in Phase 1 (game_winner only via Kalshi-only path),,,,,,,,not attempted
KXPGA5BALL,PGA 5-Ball,Golf,The Masters,field_finish,A,35,131080.95,True,,not_attempted,,not_attempted_supported_sport,no independent results adapter for this competition in Phase 1 (game_winner only via Kalshi-only path),,,,,,,,not attempted
KXPGAR3TOP5,PGA Round 3 Top 5 Finishers,Golf,PGA Championship,field_finish,A,99,122182.08,True,,not_attempted,,not_attempted_supported_sport,no independent results adapter for this competition in Phase 1 (game_winner only via Kalshi-only path),,,,,,,,not attempted
KXPGASOLHEIM,Solheim Cup,Golf,Solheim Cup,field_finish,A,3,119519.58,True,,not_attempted,,not_attempted_supported_sport,no independent results adapter for this competition in Phase 1 (game_winner only via Kalshi-only path),,,,,,,,not attempted
KXPGASTROKEMARGIN,PGA Stroke Margin,Golf,PGA Championship,field_finish,A,33,95885.52,True,,not_attempted,,not_attempted_supported_sport,no independent results adapter for this competition in Phase 1 (game_winner only via Kalshi-only path),,,,,,,,not attempted
KXLIVH2H,LIV Head-to-Head Matchups,Golf,LIV Golf Andalucia,field_finish,A,15,85661.85,True,,not_attempted,,not_attempted_supported_sport,no independent results adapter for this competition in Phase 1 (game_winner only via Kalshi-only path),,,,,,,,not attempted
KXPGAHOLE,Will the player win the hole matchup,Golf,The Masters,field_finish,A,24,79804.0,True,,not_attempted,,not_attempted_supported_sport,no independent results adapter for this competition in Phase 1 (game_winner only via Kalshi-only path),,,,,,,,not attempted
KXLPGAR3LEAD,Round 3 LPGA Leader,Golf,AIG Women's Open,field_finish,A,501,66568.12,True,,not_attempted,,not_attempted_supported_sport,no independent results adapter for this competition in Phase 1 (game_winner only via Kalshi-only path),,,,,,,,not attempted
KXLIVR2LEAD,Liv Round 2 Leader,Golf,LIV Golf Andalucia,field_finish,A,150,63598.0,True,,not_attempted,,not_attempted_supported_sport,no independent results adapter for this competition in Phase 1 (game_winner only via Kalshi-only path),,,,,,,,not attempted
KXLPGAR2LEAD,LPGA Round 2 Leader,Golf,AIG Women's Open,field_finish,A,501,61886.53,True,,not_attempted,,not_attempted_supported_sport,no independent results adapter for this competition in Phase 1 (game_winner only via Kalshi-only path),,,,,,,,not attempted
KXPGAAGECUT,Oldest to make the cut,Golf,The Masters,field_finish,A,22,59888.0,True,,not_attempted,,not_attempted_supported_sport,no independent results adapter for this competition in Phase 1 (game_winner only via Kalshi-only path),,,,,,,,not attempted
KXDPWTH2H,golf tournament matchup,Golf,BMW PGA Championship,field_finish,A,66,49800.61,True,,not_attempted,,not_attempted_supported_sport,no independent results adapter for this competition in Phase 1 (game_winner only via Kalshi-only path),,,,,,,,not attempted
KXLIVR3LEAD,LIV Round 3 Leader,Golf,LIV Golf Andalucia,field_finish,A,81,28459.98,True,,not_attempted,,not_attempted_supported_sport,no independent results adapter for this competition in Phase 1 (game_winner only via Kalshi-only path),,,,,,,,not attempted
KXPGAUNDERPAR,Golfers to Finish Under Par,Golf,U.S. Open,field_finish,A,6,23844.97,True,,not_attempted,,not_attempted_supported_sport,no independent results adapter for this competition in Phase 1 (game_winner only via Kalshi-only path),,,,,,,,not attempted
KXCHAMPTOURR1LEAD,round 1 leader,Golf,Boeing Classic,field_finish,A,97,21367.13,True,,not_attempted,,not_attempted_supported_sport,no independent results adapter for this competition in Phase 1 (game_winner only via Kalshi-only path),,,,,,,,not attempted
KXPGA1STTIMEWIN,PGA 1st Time Winner,Golf,The Open Championship,field_finish,A,2,12787.43,True,,not_attempted,,not_attempted_supported_sport,no independent results adapter for this competition in Phase 1 (game_winner only via Kalshi-only path),,,,,,,,not attempted
KXPGAWINMARGIN,PGA Win Margin,Golf,THE PLAYERS Championship,field_finish,A,7,11281.0,True,,not_attempted,,not_attempted_supported_sport,no independent results adapter for this competition in Phase 1 (game_winner only via Kalshi-only path),,,,,,,,not attempted
KXPGAWIN,Golfer to Win,Golf,PGA Championship,field_finish,A,1,10365.83,True,,not_attempted,,not_attempted_supported_sport,no independent results adapter for this competition in Phase 1 (game_winner only via Kalshi-only path),,,,,,,,not attempted
KXPGAALBATROSS,Golf Albatross,Golf,The Open Championship,field_finish,A,2,2605.66,True,,not_attempted,,not_attempted_supported_sport,no independent results adapter for this competition in Phase 1 (game_winner only via Kalshi-only path),,,,,,,,not attempted
KXGOLFH2H,Golf Head-to-Head,Golf,,field_finish,A,0,0.0,True,,not_attempted,,not_attempted_supported_sport,no traded markets,,,,,,,,not attempted
KXOLDESTCUT,Oldest Player to make the Cut,Golf,,field_finish,A,0,0.0,True,,not_attempted,,not_attempted_supported_sport,no traded markets,,,,,,,,not attempted
KXPGACAT,PGA Golf Category Leader,Golf,,field_finish,A,0,0.0,True,,not_attempted,,not_attempted_supported_sport,no traded markets,,,,,,,,not attempted
KXPGAREGION,PGA Region Winner,Golf,,field_finish,A,0,0.0,True,,not_attempted,,not_attempted_supported_sport,no traded markets,,,,,,,,not attempted
KXPRESCUPPTSLEAD,Presidents Cup Points Leader,Golf,Presidents Cup,league_leaders,C,48,1444238.02,True,,not_attempted,,not_attempted_supported_sport,league leaders: one outcome per stat-season,,,,,,,,not attempted
KXBRYSONCOURSERECORDS,Bryson Course Records,Golf,,league_leaders,C,6,251370.88,True,,not_attempted,,not_attempted_supported_sport,league leaders: one outcome per stat-season,,,,,,,,not attempted
KXPRESCUPPTSLEADER,Presidents Cup Points Leader,Golf,,league_leaders,C,0,0.0,True,,not_attempted,,not_attempted_supported_sport,league leaders: one outcome per stat-season,,,,,,,,not attempted
KXPGATIGER,Tiger Woods PGA,Golf,PGA,other_novelty,E,1,91112.99,True,,not_attempted,,not_attempted_supported_sport,out of scope (novelty),,,,,,,,not attempted
KXPGARETURN,PGA Returning Players,Golf,LIV,other_novelty,E,7,60632.2,True,,not_attempted,,not_attempted_supported_sport,out of scope (novelty),,,,,,,,not attempted
KXGOLFMAJOR,Will golfer win a major by 2030?,Golf,PGA,other_novelty,E,37,59996.04,True,,not_attempted,,not_attempted_supported_sport,out of scope (novelty),,,,,,,,not attempted
KXLIVMAKECUT,DONT USE,Golf,,other_novelty,E,36,22524.0,True,,not_attempted,,not_attempted_supported_sport,out of scope (novelty),,,,,,,,not attempted
KXNELKRTS,Kyle Foregeard Road to Scratch,Golf,NELK,other_novelty,E,1,2093.01,True,,not_attempted,,not_attempted_supported_sport,out of scope (novelty),,,,,,,,not attempted
KXPGACURRY,Steph Curry PGA,Golf,PGA,other_novelty,E,1,1451.7,True,,not_attempted,,not_attempted_supported_sport,out of scope (novelty),,,,,,,,not attempted
KXPGAACTION,PGA Tour Action,Golf,,other_novelty,E,1,780.74,True,,not_attempted,,not_attempted_supported_sport,out of scope (novelty),,,,,,,,not attempted
KXGOLFCAT,a,Golf,,other_novelty,E,0,0.0,True,,not_attempted,,not_attempted_supported_sport,out of scope (novelty),,,,,,,,not attempted
KXLIVOCCUR,LIV Golf Event Occurrence ,Golf,LIV,personnel_ops,E,8,260812.75,True,,not_attempted,,not_attempted_supported_sport,out of scope (non-sporting outcome),,,,,,,,not attempted
KXPGAUSO,golfers to compete in US Open,Golf,U.S. Open,personnel_ops,E,38,62957.84,True,,not_attempted,,not_attempted_supported_sport,out of scope (non-sporting outcome),,,,,,,,not attempted
KXLIVCOMPETE,Golfers to Compete in a LIV Event,Golf,LIV,personnel_ops,E,15,31660.51,True,,not_attempted,,not_attempted_supported_sport,out of scope (non-sporting outcome),,,,,,,,not attempted
KXPGAOCCUR,PGA Golf Event Occurence,Golf,,personnel_ops,E,0,0.0,True,,not_attempted,,not_attempted_supported_sport,out of scope (non-sporting outcome),,,,,,,,not attempted
KXPGAROUNDSCORE,Golf Round Scores,Golf,3M Open,player_prop,B,2866,20605798.81,True,,not_attempted,,not_attempted_supported_sport,player/appearance-conditioned; pregame participation not reconstructable as-of (not modelled),,,,,,,,not attempted
KXPGAHOLESCORE,PGA Hole Score,Golf,U.S. Open,player_prop,B,2085,3122866.92,True,,not_attempted,,not_attempted_supported_sport,player/appearance-conditioned; pregame participation not reconstructable as-of (not modelled),,,,,,,,not attempted
KXPGAHOLEINONE,PGA Hole in One,Golf,3M Open,player_prop,B,88,2442858.55,True,,not_attempted,,not_attempted_supported_sport,player/appearance-conditioned; pregame participation not reconstructable as-of (not modelled),,,,,,,,not attempted
KXPGAEAGLE,Player to Record an Eagle in Round,Golf,The Masters,player_prop,B,246,542000.75,True,,not_attempted,,not_attempted_supported_sport,player/appearance-conditioned; pregame participation not reconstructable as-of (not modelled),,,,,,,,not attempted
KXPGAROUNDLOW,lowest round score,Golf,U.S. Open,player_prop,B,68,222198.46,True,,not_attempted,,not_attempted_supported_sport,player/appearance-conditioned; pregame participation not reconstructable as-of (not modelled),,,,,,,,not attempted
KXHOLEINONE,Golf Hole in One,Golf,WM Phoenix Open,player_prop,B,1,149714.0,True,,not_attempted,,not_attempted_supported_sport,player/appearance-conditioned; pregame participation not reconstructable as-of (not modelled),,,,,,,,not attempted
KXPRESCUPPTS,Presidents Cup Points by Golfer,Golf,Presidents Cup,player_prop,B,20,116039.62,True,,not_attempted,,not_attempted_supported_sport,player/appearance-conditioned; pregame participation not reconstructable as-of (not modelled),,,,,,,,not attempted
KXPRESCUPHOLEINONE,President Cup Hole in One,Golf,Presidents Cup,player_prop,B,3,41643.13,True,,not_attempted,,not_attempted_supported_sport,player/appearance-conditioned; pregame participation not reconstructable as-of (not modelled),,,,,,,,not attempted
KXPGABIRDIES,PGA Golf Birdies,Golf,The Masters,player_prop,B,23,32763.0,True,,not_attempted,,not_attempted_supported_sport,player/appearance-conditioned; pregame participation not reconstructable as-of (not modelled),,,,,,,,not attempted
KXBDSHOLEINONE,Bob Does Sports Hole in One,Golf,,player_prop,B,0,0.0,True,,not_attempted,,not_attempted_supported_sport,player/appearance-conditioned; pregame participation not reconstructable as-of (not modelled),,,,,,,,not attempted
KXNELKHOLEINONE,NELK Hole in One,Golf,,player_prop,B,0,0.0,True,,not_attempted,,not_attempted_supported_sport,player/appearance-conditioned; pregame participation not reconstructable as-of (not modelled),,,,,,,,not attempted
KXPGAGOLFERSCORE,Golf Round Strokes,Golf,,player_prop,B,0,0.0,True,,not_attempted,,not_attempted_supported_sport,player/appearance-conditioned; pregame participation not reconstructable as-of (not modelled),,,,,,,,not attempted
KXPGAROUNDBIRDIES,Golf Round Birdies,Golf,,player_prop,B,0,0.0,True,,not_attempted,,not_attempted_supported_sport,player/appearance-conditioned; pregame participation not reconstructable as-of (not modelled),,,,,,,,not attempted
KXOWGRRANK,Will Player be ranked Top 10 on OWGR rankings,Golf,PGA,rankings_polls,F,189,32364.27,True,,not_attempted,,not_attempted_supported_sport,rankings/polls: poll processes (KenPom paid),,,,,,,,not attempted
KXPRESCUPWINMARGIN,Presidents Cup Win Margin,Golf,Presidents Cup,score_props,F,5,131587.91,True,,not_attempted,,not_attempted_supported_sport,no independent results adapter for this competition in Phase 1 (game_winner only via Kalshi-only path),,,,,,,,not attempted
KXGOLFTENNISMAJORS,"More Major Wins, Tennis vs Golf",Golf,,season_wins,C,3,35128.1,True,,not_attempted,,not_attempted_supported_sport,season totals: one outcome per team-season; prospective capture required,,,,,,,,not attempted
KXPGAFUTURE,Future Major Championship Wins,Golf,PGA,season_wins,C,5,609.46,True,,not_attempted,,not_attempted_supported_sport,season totals: one outcome per team-season; prospective capture required,,,,,,,,not attempted
KXPGAMAJOR,PGA Major Wins,Golf,,season_wins,C,0,0.0,True,,not_attempted,,not_attempted_supported_sport,season totals: one outcome per team-season; prospective capture required,,,,,,,,not attempted
KXPRESCUPDAYWINNER,Day Winner of President Cup,Golf,Presidents Cup,segment,F,8,603368.21,True,,not_attempted,,not_attempted_supported_sport,no independent results adapter for this competition in Phase 1 (game_winner only via Kalshi-only path),,,,,,,,not attempted
KXLPGADAYWINNER,Day winner of LPGA event,Golf,Solheim Cup,segment,F,2,34422.17,True,,not_attempted,,not_attempted_supported_sport,no independent results adapter for this competition in Phase 1 (game_winner only via Kalshi-only path),,,,,,,,not attempted
KXDPWORLDTOUR,DP World Tour Tournament Winner,Golf,Alfred Dunhill Links Championship,tournament_outright,C,2868,110730964.85,True,,not_attempted,,not_attempted_supported_sport,outright/bracket: few independent outcomes per season; needs prospective capture + simulation,,,,,,,,not attempted
KXMASTERS,Masters Tournament,Golf,,tournament_outright,C,97,86824128.0,True,,not_attempted,,not_attempted_supported_sport,outright/bracket: few independent outcomes per season; needs prospective capture + simulation,,,,,,,,not attempted
KXUSOPEN,US Open,Golf,,tournament_outright,C,157,70984045.0,True,,not_attempted,,not_attempted_supported_sport,outright/bracket: few independent outcomes per season; needs prospective capture + simulation,,,,,,,,not attempted
KXTHEOPEN,The Open Championship,Golf,,tournament_outright,C,281,45869851.0,True,,not_attempted,,not_attempted_supported_sport,outright/bracket: few independent outcomes per season; needs prospective capture + simulation,,,,,,,,not attempted
KXPGA,PGA Championship,Golf,,tournament_outright,C,157,35228441.0,True,,not_attempted,,not_attempted_supported_sport,outright/bracket: few independent outcomes per season; needs prospective capture + simulation,,,,,,,,not attempted
KXPGARYDERTOP,Ryder Cup Top Points Scorer,Golf,,tournament_outright,C,24,5494985.0,True,,not_attempted,,not_attempted_supported_sport,outright/bracket: few independent outcomes per season; needs prospective capture + simulation,,,,,,,,not attempted
KXCHAMPTOUR,PGA Champions Tour,Golf,Boeing Classic,tournament_outright,C,874,3006892.46,True,,not_attempted,,not_attempted_supported_sport,outright/bracket: few independent outcomes per season; needs prospective capture + simulation,,,,,,,,not attempted
KXPGARYDERCUPD1,Ryder Cup Day 1 Winner,Golf,,tournament_outright,C,3,1900276.0,True,,not_attempted,,not_attempted_supported_sport,outright/bracket: few independent outcomes per season; needs prospective capture + simulation,,,,,,,,not attempted
KXGENESISINVITATIONAL,Genesis Invitational Winner?,Golf,,tournament_outright,C,27,1397993.0,True,,not_attempted,,not_attempted_supported_sport,outright/bracket: few independent outcomes per season; needs prospective capture + simulation,,,,,,,,not attempted
KXPGAMAJORWIN,PGA Major Winner,Golf,PGA,tournament_outright,C,53,1004343.88,True,,not_attempted,,not_attempted_supported_sport,outright/bracket: few independent outcomes per season; needs prospective capture + simulation,,,,,,,,not attempted
KXPGAMASTERS,Golfers to Participate in the Masters,Golf,The Masters,tournament_outright,C,13,807770.0,True,,not_attempted,,not_attempted_supported_sport,outright/bracket: few independent outcomes per season; needs prospective capture + simulation,,,,,,,,not attempted
KXSCOTTIESLAM,Scottie grand slam,Golf,PGA,tournament_outright,C,1,676148.6,True,,not_attempted,,not_attempted_supported_sport,outright/bracket: few independent outcomes per season; needs prospective capture + simulation,,,,,,,,not attempted
KXPGARYDERCUPD2,Ryder Cup Day 2 Winner,Golf,,tournament_outright,C,3,668079.0,True,,not_attempted,,not_attempted_supported_sport,outright/bracket: few independent outcomes per season; needs prospective capture + simulation,,,,,,,,not attempted
KXTGLCHAMPION,TGL Champion,Golf,Tomorrow's Golf League (TGL),tournament_outright,C,6,253360.0,True,,not_attempted,,not_attempted_supported_sport,outright/bracket: few independent outcomes per season; needs prospective capture + simulation,,,,,,,,not attempted
KXPGAMAJORTOP10,PGA Top 10 for All 4 Majors,Golf,PGA,tournament_outright,C,24,246685.22,True,,not_attempted,,not_attempted_supported_sport,outright/bracket: few independent outcomes per season; needs prospective capture + simulation,,,,,,,,not attempted
KXGOLFMAJORS,Golf Majors Won,Golf,PGA,tournament_outright,C,4,181065.82,True,,not_attempted,,not_attempted_supported_sport,outright/bracket: few independent outcomes per season; needs prospective capture + simulation,,,,,,,,not attempted
KXGOLFTOURN,Golf Tournament Winner,Golf,American Century Championship,tournament_outright,C,30,165758.95,True,,not_attempted,,not_attempted_supported_sport,outright/bracket: few independent outcomes per season; needs prospective capture + simulation,,,,,,,,not attempted
KXPHOENIXOPEN,Phoenix Open,Golf,,tournament_outright,C,17,141068.0,True,,not_attempted,,not_attempted_supported_sport,outright/bracket: few independent outcomes per season; needs prospective capture + simulation,,,,,,,,not attempted
KXPGACOMPETE,Golfers to Participate in the Golf Tournament,Golf,Presidents Cup,tournament_outright,C,142,131993.07,True,,not_attempted,,not_attempted_supported_sport,outright/bracket: few independent outcomes per season; needs prospective capture + simulation,,,,,,,,not attempted
KXGOLFNEXTWIN,Next Tournament Win,Golf,PGA,tournament_outright,C,13,100135.87,True,,not_attempted,,not_attempted_supported_sport,outright/bracket: few independent outcomes per season; needs prospective capture + simulation,,,,,,,,not attempted
KXRYDERCUPCAPTAIN,Ryder Cup Captain,Golf,Ryder Cup,tournament_outright,C,18,79182.33,True,,not_attempted,,not_attempted_supported_sport,outright/bracket: few independent outcomes per season; needs prospective capture + simulation,,,,,,,,not attempted
KXMASTERSCUT,Masters Cut,Golf,,tournament_outright,C,83,48034.0,True,,not_attempted,,not_attempted_supported_sport,outright/bracket: few independent outcomes per season; needs prospective capture + simulation,,,,,,,,not attempted
KXPGAC,Golfers to Participate in the PGA championship,Golf,PGA Championship,tournament_outright,C,14,26527.92,True,,not_attempted,,not_attempted_supported_sport,outright/bracket: few independent outcomes per season; needs prospective capture + simulation,,,,,,,,not attempted
KXGOLF,Golf Tournament Winner,Golf,,tournament_outright,C,0,0.0,True,,not_attempted,,not_attempted_supported_sport,outright/bracket: few independent outcomes per season; needs prospective capture + simulation,,,,,,,,not attempted
KXGOLFMAJORFUT,How many majors will golfer win by 2036?,Golf,,tournament_outright,C,0,0.0,True,,not_attempted,,not_attempted_supported_sport,outright/bracket: few independent outcomes per season; needs prospective capture + simulation,,,,,,,,not attempted
KXNEXTWIN,Will golfer win this tournament next?,Golf,,tournament_outright,C,0,0.0,True,,not_attempted,,not_attempted_supported_sport,outright/bracket: few independent outcomes per season; needs prospective capture + simulation,,,,,,,,not attempted
KXPGARYDERCUPD3,Ryder Cup Day 3 Winner,Golf,,tournament_outright,C,0,0.0,True,,not_attempted,,not_attempted_supported_sport,outright/bracket: few independent outcomes per season; needs prospective capture + simulation,,,,,,,,not attempted
KXPGARYDERTOP3,Ryder Cup Top 3 Points Scorer,Golf,,tournament_outright,C,0,0.0,True,,not_attempted,,not_attempted_supported_sport,outright/bracket: few independent outcomes per season; needs prospective capture + simulation,,,,,,,,not attempted
KXPGATOURCHAMP,Golfers to Participate in the Tour Championship,Golf,,tournament_outright,C,0,0.0,True,,not_attempted,,not_attempted_supported_sport,outright/bracket: few independent outcomes per season; needs prospective capture + simulation,,,,,,,,not attempted
KXRYDERCUP,Ryder Cup ,Golf,,tournament_outright,C,0,0.0,True,,not_attempted,,not_attempted_supported_sport,outright/bracket: few independent outcomes per season; needs prospective capture + simulation,,,,,,,,not attempted
KXTIGERMASTERS,Will Tiger Woods play in the Masters,Golf,,tournament_outright,C,0,0.0,True,,not_attempted,,not_attempted_supported_sport,outright/bracket: few independent outcomes per season; needs prospective capture + simulation,,,,,,,,not attempted
KXTRUMPGOLF,Trump US gold championship,Golf,,tournament_outright,C,0,0.0,True,,not_attempted,,not_attempted_supported_sport,outright/bracket: few independent outcomes per season; needs prospective capture + simulation,,,,,,,,not attempted
KXNHLHART,NHL Hart Memorial Trophy,Hockey,Pro Hockey,awards,C,54,1825330.59,True,,not_attempted,,not_attempted_supported_sport,awards: voting outcomes without as-of inputs,,,,,,,,not attempted
KXCONNSMYTHE,Conn Smythe trophy,Hockey,Pro Hockey,awards,C,40,1579343.58,True,,not_attempted,,not_attempted_supported_sport,awards: voting outcomes without as-of inputs,,,,,,,,not attempted
KXNHLADAMS,NHL Jack Adams Award,Hockey,Pro Hockey,awards,C,35,319364.48,True,,not_attempted,,not_attempted_supported_sport,awards: voting outcomes without as-of inputs,,,,,,,,not attempted
KXNHLNORRIS,NHL James Norris Memorial Trophy,Hockey,Pro Hockey,awards,C,41,260946.63,True,,not_attempted,,not_attempted_supported_sport,awards: voting outcomes without as-of inputs,,,,,,,,not attempted
KXNHLVEZINA,NHL Vezina Trophy,Hockey,Pro Hockey,awards,C,48,202965.34,True,,not_attempted,,not_attempted_supported_sport,awards: voting outcomes without as-of inputs,,,,,,,,not attempted
KXNHLROSS,NHL Art Ross Trophy,Hockey,Pro Hockey,awards,C,22,152113.85,True,,not_attempted,,not_attempted_supported_sport,awards: voting outcomes without as-of inputs,,,,,,,,not attempted
KXNHLCALDER,NHL Calder Memorial Trophy,Hockey,Pro Hockey,awards,C,41,123170.37,True,,not_attempted,,not_attempted_supported_sport,awards: voting outcomes without as-of inputs,,,,,,,,not attempted
KXNHLRICHARD,"NHL Maurice ""Rocket"" Richard Trophy",Hockey,Pro Hockey,awards,C,37,31634.26,True,,not_attempted,,not_attempted_supported_sport,awards: voting outcomes without as-of inputs,,,,,,,,not attempted
KXNHL1STTEAM,All NHL First Team,Hockey,,awards,C,0,0.0,True,,not_attempted,,not_attempted_supported_sport,awards: voting outcomes without as-of inputs,,,,,,,,not attempted
KXNHLLINDSAY,NHL Ted Lindsay Winner,Hockey,Pro Hockey,awards,C,0,0.0,True,,not_attempted,,not_attempted_supported_sport,awards: voting outcomes without as-of inputs,,,,,,,,not attempted
KXNHLMVP,NHL Hart Memorial Trophy Winner,Hockey,,awards,C,0,0.0,True,,not_attempted,,not_attempted_supported_sport,awards: voting outcomes without as-of inputs,,,,,,,,not attempted
KXNHLDRAFTPICK,Pro Hockey Draft Pick,Hockey,NHL Draft,draft,F,63,703178.61,True,,not_attempted,,not_attempted_supported_sport,draft: consensus mocks not archived as-of,,,,,,,,not attempted
KXNHLDRAFTTOP,Pro Hockey Top Pick,Hockey,NHL Draft,draft,F,44,33366.62,True,,not_attempted,,not_attempted_supported_sport,draft: consensus mocks not archived as-of,,,,,,,,not attempted
KXWOHOCKEY,Winter Olympics Hockey,Hockey,Men's Olympic Ice Hockey,field_finish,A,44,30292794.0,True,,not_attempted,,not_attempted_supported_sport,no independent results adapter for this competition in Phase 1 (game_winner only via Kalshi-only path),,,,,,,,not attempted
KXWOMHOCKEYTOTAL,Winter Olympics Men's Hockey Goal Total,Hockey,Men's Olympic Ice Hockey,field_finish,A,199,4812049.0,True,,not_attempted,,not_attempted_supported_sport,no independent results adapter for this competition in Phase 1 (game_winner only via Kalshi-only path),,,,,,,,not attempted
KXWOMHOCKEYSPREAD,Winter Olympics Men's Hockey Spread,Hockey,Men's Olympic Ice Hockey,field_finish,A,120,3707937.0,True,,not_attempted,,not_attempted_supported_sport,no independent results adapter for this competition in Phase 1 (game_winner only via Kalshi-only path),,,,,,,,not attempted
KXWOMHOCKEYMVP,Men's Winter Olympics Hockey MVP,Hockey,Men's Olympic Ice Hockey,field_finish,A,37,3279104.0,True,,not_attempted,,not_attempted_supported_sport,no independent results adapter for this competition in Phase 1 (game_winner only via Kalshi-only path),,,,,,,,not attempted
KXWOMHOCKEYGOAL,Olympic Hockey Goalscorer,Hockey,Men's Olympic Ice Hockey,field_finish,A,32,425604.0,True,,not_attempted,,not_attempted_supported_sport,no independent results adapter for this competition in Phase 1 (game_winner only via Kalshi-only path),,,,,,,,not attempted
KXWOMHOCKEYFGOAL,Winter Olympics Hockey First Goal,Hockey,Men's Olympic Ice Hockey,field_finish,A,32,337544.0,True,,not_attempted,,not_attempted_supported_sport,no independent results adapter for this competition in Phase 1 (game_winner only via Kalshi-only path),,,,,,,,not attempted
KXWOMHOCKEYFIRSTGOAL,Winter Olympics Hockey First Goal,Hockey,,field_finish,A,0,0.0,True,,not_attempted,,not_attempted_supported_sport,no traded markets,,,,,,,,not attempted
KXNHLGAME,NHL Game,Hockey,Pro Hockey,game_winner,A,3386,1615807868.41,True,nhl,independent_outcomes,strict,strict_evaluated,,3408,3060,1418/1418,3060/3060,0,1616,808,evaluated
KXWOMHOCKEY,Winter Olympics Men's Hockey,Hockey,Men's Olympic Ice Hockey,game_winner,A,58,27713248.0,True,k_kxwomhockey,kalshi_settlement_only,kalshi_settlement_only,kalshi_settlement_only_evaluated,,60,58,,,0,58,29,evaluated
KXNCAAHOCKEYGAME,College Hockey Game,Hockey,College Hockey,game_winner,A,1242,6644256.0,True,k_kxncaahockeygame,kalshi_settlement_only,kalshi_settlement_only,kalshi_settlement_only_evaluated,,1244,106,,,0,106,53,evaluated
KXWOWHOCKEY,Winter Olympics Women's Hockey,Hockey,Women's Olympic Ice Hockey,game_winner,A,54,5020364.0,True,k_kxwowhockey,kalshi_settlement_only,kalshi_settlement_only,kalshi_settlement_only_evaluated,,56,54,,,0,54,27,evaluated
KXAHLGAME,AHL Game,Hockey,AHL,game_winner,A,1406,4727061.51,True,k_kxahlgame,kalshi_settlement_only,kalshi_settlement_only,kalshi_settlement_only_evaluated,,1468,1404,,,0,1404,702,evaluated
KXKHLGAME,KHL Game,Hockey,KHL,game_winner,A,973,3587731.11,True,k_kxkhlgame,kalshi_settlement_only,kalshi_settlement_only,kalshi_settlement_only_evaluated,,1008,934,,,0,914,457,evaluated
KXIIHFGAME,IIHF Game,Hockey,World Championship,game_winner,A,154,1547152.34,True,k_kxiihfgame,kalshi_settlement_only,kalshi_settlement_only,kalshi_settlement_only_evaluated,,154,154,,,0,144,72,evaluated
KXSHLGAME,SHL Game,Hockey,SHL,game_winner,A,447,862256.76,True,k_kxshlgame,kalshi_settlement_only,kalshi_settlement_only,kalshi_settlement_only_evaluated,,468,432,,,0,418,209,evaluated
KXLIIGAGAME,Liiga Game,Hockey,Finland Liiga,game_winner,A,509,823186.49,True,k_kxliigagame,kalshi_settlement_only,kalshi_settlement_only,kalshi_settlement_only_evaluated,,530,494,,,0,484,242,evaluated
KXNLGAME,National League Game,Hockey,Switzerland National League,game_winner,A,300,477918.67,True,k_kxnlgame,kalshi_settlement_only,kalshi_settlement_only,kalshi_settlement_only_evaluated,,332,292,,,0,288,144,evaluated
KXELHGAME,ELH Game,Hockey,Czech Extraliga,game_winner,A,288,450347.73,True,k_kxelhgame,kalshi_settlement_only,kalshi_settlement_only,kalshi_settlement_only_evaluated,,322,282,,,0,278,139,evaluated
KXDELGAME,DEL Game,Hockey,Germany DEL,game_winner,A,294,344550.22,True,k_kxdelgame,kalshi_settlement_only,kalshi_settlement_only,kalshi_settlement_only_evaluated,,328,284,,,0,282,141,evaluated
KXNCAAHGAME,College Hockey Game,Hockey,NCAA Hockey,game_winner,A,30,6484.7,True,k_kxncaahgame,kalshi_settlement_only,kalshi_settlement_only,kalshi_settlement_only_evaluated,,72,26,,,0,26,13,evaluated
KXNHLSEASONGOALS,Player to score X Goals in Season,Hockey,Pro Hockey,league_leaders,C,36,5207.03,True,,not_attempted,,not_attempted_supported_sport,league leaders: one outcome per stat-season,,,,,,,,not attempted
KXNHLRECORDWORST,Worst NHL Record,Hockey,Pro Hockey,league_leaders,C,0,0.0,True,,not_attempted,,not_attempted_supported_sport,league leaders: one outcome per stat-season,,,,,,,,not attempted
KXNHLEXPANSION,NHL Expansion,Hockey,Pro Hockey,other_novelty,E,1,2114.83,True,,not_attempted,,not_attempted_supported_sport,out of scope (novelty),,,,,,,,not attempted
KXINTHOCKEY,International Hockey,Hockey,,other_novelty,E,0,0.0,True,,not_attempted,,not_attempted_supported_sport,out of scope (novelty),,,,,,,,not attempted
KXNEXTTEAMNHL,Next Team NHL,Hockey,Pro Hockey,personnel_ops,E,115,107917.31,True,,not_attempted,,not_attempted_supported_sport,out of scope (non-sporting outcome),,,,,,,,not attempted
KXNHLNEXTTEAM,NHL Next Team,Hockey,Pro Hockey,personnel_ops,E,5,15885.22,True,,not_attempted,,not_attempted_supported_sport,out of scope (non-sporting outcome),,,,,,,,not attempted
KXNHLRETIRE,NHL Retire,Hockey,Pro Hockey,personnel_ops,E,1,9273.46,True,,not_attempted,,not_attempted_supported_sport,out of scope (non-sporting outcome),,,,,,,,not attempted
KXNHLNEXTGM,Next NHL GM,Hockey,,personnel_ops,E,4,961.0,True,,not_attempted,,not_attempted_supported_sport,out of scope (non-sporting outcome),,,,,,,,not attempted
KXNHLGOAL,NHL Goalscorer,Hockey,Pro Hockey,player_prop,B,21846,22606115.93,True,nhl,excluded_spec,,excluded_spec,no payoff parser for suffix 'GOAL',0,0,,,0,0,0,excluded
KXNHLPTS,Pro Hockey Points,Hockey,Pro Hockey,player_prop,B,10696,3571377.71,True,nhl,excluded_spec,,excluded_spec,no payoff parser for suffix 'PTS',0,0,,,0,0,0,excluded
KXNHLAST,Pro Hockey Assists,Hockey,Pro Hockey,player_prop,B,5972,1525110.62,True,nhl,excluded_spec,,excluded_spec,no payoff parser for suffix 'AST',0,0,,,0,0,0,excluded
KXNHLSAVE,Goaltender Saves,Hockey,Pro Hockey,player_prop,B,83,76637.12,True,nhl,excluded_spec,,excluded_spec,no payoff parser for suffix 'SAVE',0,0,,,0,0,0,excluded
KXNHLSEASONPPTS,Season Player Points,Hockey,Pro Hockey,player_prop,B,10,2072.54,True,nhl,excluded_spec,,excluded_spec,no payoff parser for suffix 'SEASONPPTS',0,0,,,0,0,0,excluded
KXNHLPSEASONGOALS,Player Goals Scored in Season,Hockey,Pro Hockey,player_prop,B,3,2023.58,True,nhl,excluded_spec,,excluded_spec,no payoff parser for suffix 'PSEASONGOALS',0,0,,,0,0,0,excluded
KXNHLANYGOAL,Pro Hockey Goalscorer,Hockey,,player_prop,B,0,0.0,True,,not_attempted,,not_attempted_supported_sport,player/appearance-conditioned; pregame participation not reconstructable as-of (not modelled),,,,,,,,not attempted
KXNHLSAVES,Pro Hockey Saves,Hockey,,player_prop,B,0,0.0,True,,not_attempted,,not_attempted_supported_sport,player/appearance-conditioned; pregame participation not reconstructable as-of (not modelled),,,,,,,,not attempted
KXNHLFIRSTGOAL,Pro Hockey First Goal,Hockey,Pro Hockey,score_props,A,13012,14658995.09,True,nhl,excluded_spec,,excluded_spec,no payoff parser for suffix 'FIRSTGOAL',0,0,,,0,0,0,excluded
KXNHLOVERTIME,NHL Overtime,Hockey,Pro Hockey,score_props,A,49,514028.3,True,nhl,excluded_spec,,excluded_spec,no payoff parser for suffix 'OVERTIME',0,0,,,0,0,0,excluded
KXNHLF10G,NHL Goal in First 10 Minutes,Hockey,Pro Hockey,score_props,A,65,140436.36,True,nhl,excluded_spec,,excluded_spec,no payoff parser for suffix 'F10G',0,0,,,0,0,0,excluded
KXNHLOT,NHL Overtime,Hockey,Pro Hockey,score_props,A,63,63338.72,True,nhl,excluded_spec,,excluded_spec,no payoff parser for suffix 'OT',0,0,,,0,0,0,excluded
KXNHL2OT,NHL Double Overtime,Hockey,Pro Hockey,score_props,A,3,21221.07,True,nhl,excluded_spec,,excluded_spec,no payoff parser for suffix '2OT',0,0,,,0,0,0,excluded
KXNHLSERIESOT,NHL Series Overtime,Hockey,Pro Hockey,score_props,A,5,1906.12,True,nhl,excluded_spec,,excluded_spec,no payoff parser for suffix 'SERIESOT',0,0,,,0,0,0,excluded
KXNHL1PBTTS,NHL Both Teams to Score in 1st Period,Hockey,,score_props,A,0,0.0,True,,not_attempted,,not_attempted_supported_sport,no traded markets,,,,,,,,not attempted
KXNHL2PBTTS,NHL Both Teams to Score in 2nd Period,Hockey,,score_props,A,0,0.0,True,,not_attempted,,not_attempted_supported_sport,no traded markets,,,,,,,,not attempted
KXNHL3PBTTS,NHL Both Teams to Score in 3rd Period,Hockey,,score_props,A,0,0.0,True,,not_attempted,,not_attempted_supported_sport,no traded markets,,,,,,,,not attempted
KXNHLWSTREAK,Longest NHL win streak in regular season,Hockey,Pro Hockey,season_wins,C,31,695.25,True,,not_attempted,,not_attempted_supported_sport,season totals: one outcome per team-season; prospective capture required,,,,,,,,not attempted
KXNHL1PTOTAL,NHL 1st Period Total,Hockey,Pro Hockey,segment,A,208,1831309.15,True,nhl,independent_outcomes,exploratory,exploratory_evaluated,only 0 pre-test settled contracts (< 30),269,199,0/0,199/199,0,132,42,evaluated
KXNHL2PTOTAL,2nd Period Total,Hockey,Pro Hockey,segment,A,208,471419.51,True,nhl,independent_outcomes,exploratory,exploratory_evaluated,only 0 pre-test settled contracts (< 30),289,214,0/0,214/214,0,134,42,evaluated
KXNHL1P,NHL 1st Period Winner,Hockey,Pro Hockey,segment,A,184,368127.86,True,nhl,independent_outcomes,exploratory,exploratory_evaluated,only 0 pre-test settled contracts (< 30),219,165,0/0,165/165,0,126,42,evaluated
KXNHL3PTOTAL,3rd Period Total,Hockey,Pro Hockey,segment,A,196,309960.85,True,nhl,independent_outcomes,exploratory,exploratory_evaluated,only 0 pre-test settled contracts (< 30),274,204,0/0,203/204,0,135,42,evaluated
KXNHL3P,NHL 3rd Period Winner,Hockey,Pro Hockey,segment,A,187,227443.62,True,nhl,independent_outcomes,exploratory,exploratory_evaluated,only 0 pre-test settled contracts (< 30),219,165,0/0,163/165,0,126,42,evaluated
KXNHL2P,NHL 2nd Period Winner,Hockey,Pro Hockey,segment,A,179,157426.21,True,nhl,independent_outcomes,exploratory,exploratory_evaluated,only 0 pre-test settled contracts (< 30),219,165,0/0,165/165,0,126,42,evaluated
KXNHL3PSPREAD,NHL 3rd Period Spread,Hockey,Pro Hockey,segment,A,137,123225.89,True,nhl,independent_outcomes,exploratory,exploratory_evaluated,only 0 pre-test settled contracts (< 30),163,124,0/0,124/124,0,88,42,evaluated
KXNHL2PSPREAD,2nd Period Spread,Hockey,Pro Hockey,segment,A,140,108772.9,True,nhl,independent_outcomes,exploratory,exploratory_evaluated,only 0 pre-test settled contracts (< 30),179,134,0/0,134/134,0,88,42,evaluated
KXNHL1PSPREAD,1st Period Spread,Hockey,Pro Hockey,segment,A,133,107941.89,True,nhl,independent_outcomes,exploratory,exploratory_evaluated,only 0 pre-test settled contracts (< 30),161,118,0/0,118/118,0,85,42,evaluated
KXNHLSERIES,NHL Series Winner,Hockey,Pro Hockey,series_playoff,F,48,39804767.71,True,,not_attempted,,not_attempted_supported_sport,playoff series: few outcomes; needs game model + bracket simulation (not in Phase 1),,,,,,,,not attempted
KXNHLSERIESSCORE,NHL Series Exact Score,Hockey,Pro Hockey,series_playoff,F,119,2016915.36,True,,not_attempted,,not_attempted_supported_sport,playoff series: few outcomes; needs game model + bracket simulation (not in Phase 1),,,,,,,,not attempted
KXNHL30COMEBACK,NHL 3-0 Series Comeback,Hockey,Pro Hockey,series_playoff,F,1,93749.14,True,,not_attempted,,not_attempted_supported_sport,playoff series: few outcomes; needs game model + bracket simulation (not in Phase 1),,,,,,,,not attempted
KXNHLPLAYOFFGOALS,NHL Playoffs Goal Leader (by Round),Hockey,Pro Hockey,series_playoff,F,38,3776.53,True,,not_attempted,,not_attempted_supported_sport,playoff series: few outcomes; needs game model + bracket simulation (not in Phase 1),,,,,,,,not attempted
KXNHLSPREAD,NHL Spread,Hockey,Pro Hockey,spread,A,5831,100551400.32,True,nhl,independent_outcomes,strict,strict_evaluated,,5933,5539,2068/2068,5538/5539,1,3365,806,evaluated
KXNHLSERIESSPREAD,NHL Series Game Spread,Hockey,Pro Hockey,spread,A,63,199061.12,True,nhl,excluded_spec,,excluded_spec,no payoff parser for suffix 'SERIESSPREAD',0,0,,,0,0,0,excluded
KXNHLTEAMTOTAL,NHL Team Goals Scored During Game,Hockey,Pro Hockey,team_total,B,576,808671.01,True,nhl,independent_outcomes,exploratory,exploratory_evaluated,only 0 pre-test settled contracts (< 30),730,550,0/0,550/550,0,420,42,evaluated
KXNHLTOTAL,NHL Total Goals,Hockey,Pro Hockey,total,A,8943,226940385.57,True,nhl,independent_outcomes,strict,strict_evaluated,,9109,8340,2585/2585,8340/8340,0,5616,806,evaluated
KXNHLSEASONPTS,NHL Season Point Totals,Hockey,Pro Hockey,total,A,231,89079.36,True,nhl,excluded_spec,,excluded_spec,no payoff parser for suffix 'SEASONPTS',0,0,,,0,0,0,excluded
KXNHLSERIESGAMES,NHL Series Total Games,Hockey,Pro Hockey,total,A,41,87705.25,True,nhl,excluded_spec,,excluded_spec,no payoff parser for suffix 'SERIESGAMES',0,0,,,0,0,0,excluded
KXNHLSERIESTOTALGOAL,NHL Series Total Goals,Hockey,Pro Hockey,total,A,7,4516.46,True,nhl,excluded_spec,,excluded_spec,no payoff parser for suffix 'SERIESTOTALGOAL',0,0,,,0,0,0,excluded
KXNHLSERIESTOTALGOALS,NHL Series Total Goals,Hockey,,total,A,0,0.0,True,,not_attempted,,not_attempted_supported_sport,no traded markets,,,,,,,,not attempted
KXNHL,Stanley Cup,Hockey,Pro Hockey,tournament_outright,C,96,78352329.92,True,,not_attempted,,not_attempted_supported_sport,outright/bracket: few independent outcomes per season; needs prospective capture + simulation,,,,,,,,not attempted
KXNHLWEST,Western Conference Champion,Hockey,Pro Hockey,tournament_outright,C,40,7889427.87,True,,not_attempted,,not_attempted_supported_sport,outright/bracket: few independent outcomes per season; needs prospective capture + simulation,,,,,,,,not attempted
KXNHLEAST,Eastern Conference Championship,Hockey,Pro Hockey,tournament_outright,C,42,7586421.27,True,,not_attempted,,not_attempted_supported_sport,outright/bracket: few independent outcomes per season; needs prospective capture + simulation,,,,,,,,not attempted
KXNHLPLAYOFF,Playoff Qualifier,Hockey,Pro Hockey,tournament_outright,C,78,2857456.24,True,,not_attempted,,not_attempted_supported_sport,outright/bracket: few independent outcomes per season; needs prospective capture + simulation,,,,,,,,not attempted
KXTEAMSINSC,Teams in Stanley Cup,Hockey,Pro Hockey,tournament_outright,C,116,1332334.26,True,,not_attempted,,not_attempted_supported_sport,outright/bracket: few independent outcomes per season; needs prospective capture + simulation,,,,,,,,not attempted
KXNCAAHOCKEY,College Hockey National Champion,Hockey,College Hockey,tournament_outright,C,22,1154613.0,True,,not_attempted,,not_attempted_supported_sport,outright/bracket: few independent outcomes per season; needs prospective capture + simulation,,,,,,,,not attempted
KXNHL4NATIONS,4 nations face off,Hockey,,tournament_outright,C,4,1000504.0,True,,not_attempted,,not_attempted_supported_sport,outright/bracket: few independent outcomes per season; needs prospective capture + simulation,,,,,,,,not attempted
KXNHLPACIFIC,NHL Pacific Division Winner,Hockey,Pro Hockey,tournament_outright,C,16,313695.23,True,,not_attempted,,not_attempted_supported_sport,outright/bracket: few independent outcomes per season; needs prospective capture + simulation,,,,,,,,not attempted
KXNHLATLANTIC,NHL Atlantic Division Winner,Hockey,Pro Hockey,tournament_outright,C,16,262345.82,True,,not_attempted,,not_attempted_supported_sport,outright/bracket: few independent outcomes per season; needs prospective capture + simulation,,,,,,,,not attempted
KXNHLPRES,NHL President's Trophy Winner,Hockey,Pro Hockey,tournament_outright,C,55,229971.16,True,,not_attempted,,not_attempted_supported_sport,outright/bracket: few independent outcomes per season; needs prospective capture + simulation,,,,,,,,not attempted
KXNHLCENTRAL,NHL Central Division Winner,Hockey,Pro Hockey,tournament_outright,C,16,132041.53,True,,not_attempted,,not_attempted_supported_sport,outright/bracket: few independent outcomes per season; needs prospective capture + simulation,,,,,,,,not attempted
KXNHLMETROPOLITAN,NHL Metropolitan Division Winner,Hockey,Pro Hockey,tournament_outright,C,16,104884.98,True,,not_attempted,,not_attempted_supported_sport,outright/bracket: few independent outcomes per season; needs prospective capture + simulation,,,,,,,,not attempted
KXIIHF,Who will win IIHF championship?,Hockey,World Championship,tournament_outright,C,10,69519.1,True,,not_attempted,,not_attempted_supported_sport,outright/bracket: few independent outcomes per season; needs prospective capture + simulation,,,,,,,,not attempted
KXNHLFINALSEXACT,NHL Championship Series Score,Hockey,,tournament_outright,C,8,57990.0,True,,not_attempted,,not_attempted_supported_sport,outright/bracket: few independent outcomes per season; needs prospective capture + simulation,,,,,,,,not attempted
KXCANADACUP,Canada winning Stanley Cup,Hockey,Pro Hockey,tournament_outright,C,1,7099.69,True,,not_attempted,,not_attempted_supported_sport,outright/bracket: few independent outcomes per season; needs prospective capture + simulation,,,,,,,,not attempted
KXIIHFCHAMP,IIHF World Championship winner,Hockey,,tournament_outright,C,4,1301.0,True,,not_attempted,,not_attempted_supported_sport,outright/bracket: few independent outcomes per season; needs prospective capture + simulation,,,,,,,,not attempted
KXNCAAH,College Hockey National Champion,Hockey,NCAA Hockey,tournament_outright,C,6,865.18,True,,not_attempted,,not_attempted_supported_sport,outright/bracket: few independent outcomes per season; needs prospective capture + simulation,,,,,,,,not attempted
KXNHLWINS,NHL wins ,Hockey,,tournament_outright,C,0,0.0,True,,not_attempted,,not_attempted_supported_sport,outright/bracket: few independent outcomes per season; needs prospective capture + simulation,,,,,,,,not attempted
KXLAXTEWAARATON,College Lacrosse Tewaaraton Award,Lacrosse,College Lacrosse,awards,F,23,171755.78,True,,not_attempted,,not_attempted_supported_sport,awards: voting outcomes without as-of inputs,,,,,,,,not attempted
KXNCAAMLAXGAME,Men's College Lacrosse Game,Lacrosse,College Lacrosse,game_winner,A,888,2662562.77,True,k_kxncaamlaxgame,kalshi_settlement_only,kalshi_settlement_only,kalshi_settlement_only_evaluated,,888,882,,,0,882,441,evaluated
KXPLLGAME,PLL Game,Lacrosse,Premier Lacrosse League,game_winner,A,112,1235326.16,True,k_kxpllgame,kalshi_settlement_only,kalshi_settlement_only,kalshi_settlement_only_evaluated,,106,106,,,0,106,53,evaluated
KXWLLGAME,Women's Lacrosse League Game,Lacrosse,Women's Lacrosse League,game_winner,A,2,2064.81,True,k_kxwllgame,kalshi_settlement_only,kalshi_settlement_only,no_test_contracts,no scored contracts in the test window,2,0,,,0,0,0,no test-period contracts
KXLAXGAME,NCAA Lacrosse Game,Lacrosse,,game_winner,A,0,0.0,True,,not_attempted,,not_attempted_supported_sport,no traded markets,,,,,,,,not attempted
KXNCAALAXGAME,College Lacrosse Game,Lacrosse,,game_winner,A,0,0.0,True,,not_attempted,,not_attempted_supported_sport,no traded markets,,,,,,,,not attempted
KXNCAALAXFINAL,College Lacrosse National Championship,Lacrosse,College Lacrosse,tournament_outright,C,50,1522208.92,True,,not_attempted,,not_attempted_supported_sport,outright/bracket: few independent outcomes per season; needs prospective capture + simulation,,,,,,,,not attempted
KXNCAAMLAXF4,College Lacrosse Final Four Qualifiers,Lacrosse,College Lacrosse,tournament_outright,C,27,75271.6,True,,not_attempted,,not_attempted_supported_sport,outright/bracket: few independent outcomes per season; needs prospective capture + simulation,,,,,,,,not attempted
KXPLL,PLL Champion,Lacrosse,Premier Lacrosse League,tournament_outright,C,8,69401.55,True,,not_attempted,,not_attempted_supported_sport,outright/bracket: few independent outcomes per season; needs prospective capture + simulation,,,,,,,,not attempted
KXNCAALAX,College Lacrosse National Championship,Lacrosse,College Lacrosse,tournament_outright,C,48,2035.12,True,,not_attempted,,not_attempted_supported_sport,outright/bracket: few independent outcomes per season; needs prospective capture + simulation,,,,,,,,not attempted
KXSOLAXQUAL,Summer Olympics Lacrosse Qualifiers,Lacrosse,Summer Olympics,tournament_outright,C,0,0.0,True,,not_attempted,,not_attempted_supported_sport,outright/bracket: few independent outcomes per season; needs prospective capture + simulation,,,,,,,,not attempted
KXMMACOMPETE,Fighters to comepete in MVP event,MMA,MVP MMA,awards,C,28,20074.22,True,,not_attempted,,not_attempted_supported_sport,awards: voting outcomes without as-of inputs,,,,,,,,not attempted
KXUFCFIGHT,UFC Fight,MMA,MMA,game_winner,A,1503,1413132314.62,True,ufc,independent_outcomes,strict,strict_evaluated,,1498,1275,388/388,1275/1275,0,877,439,evaluated
KXMMAFIGHT,MMA Fight,MMA,PFL,game_winner,A,34,2290351.78,True,k_kxmmafight,kalshi_settlement_only,kalshi_settlement_only,kalshi_settlement_only_evaluated,,32,30,,,0,30,15,evaluated
KXUFCOCCUR,Will UFC fight take place?,MMA,McGregor vs Holloway 2,game_winner,A,1,345214.48,True,k_kxufcoccur,kalshi_settlement_only,kalshi_settlement_only,no_test_contracts,no scored contracts in the test window,1,0,,,0,0,0,no test-period contracts
KXMCGREGORFIGHTNEXT,McGregor fight next,MMA,,game_winner,A,14,135536.72,True,k_kxmcgregorfightnext,kalshi_settlement_only,kalshi_settlement_only,no_test_contracts,no scored contracts in the test window,14,0,,,0,0,0,no test-period contracts
KXPOWERSLAP,Powerslap Match Winner,MMA,,game_winner,A,0,0.0,True,,not_attempted,,not_attempted_supported_sport,no traded markets,,,,,,,,not attempted
KXPOWERSLAPMATCH,Powerslap Match Winner,MMA,,game_winner,A,0,0.0,True,,not_attempted,,not_attempted_supported_sport,no traded markets,,,,,,,,not attempted
KXCARDPRESENCEUFCWH,UFC White House event,MMA,,personnel_ops,E,8,1817135.54,True,,not_attempted,,not_attempted_supported_sport,out of scope (non-sporting outcome),,,,,,,,not attempted
KXUFCDELAY,UFC Delay,MMA,UFC Freedom 250,personnel_ops,E,1,490298.55,True,,not_attempted,,not_attempted_supported_sport,out of scope (non-sporting outcome),,,,,,,,not attempted
KXUFCWHITEHOUSE,UFC at White House,MMA,,personnel_ops,E,1,264616.89,True,,not_attempted,,not_attempted_supported_sport,out of scope (non-sporting outcome),,,,,,,,not attempted
KXUFCFIGHTOCCUR,UFC Fighter to Compete in a Fight,MMA,MMA,personnel_ops,E,1,10768.53,True,,not_attempted,,not_attempted_supported_sport,out of scope (non-sporting outcome),,,,,,,,not attempted
KXPERSONUNRETIRE,Person to Come out of Retirement,MMA,,personnel_ops,E,1,8962.89,True,,not_attempted,,not_attempted_supported_sport,out of scope (non-sporting outcome),,,,,,,,not attempted
KXJONJONESRETIREMENT,Jon Jones retirement end,MMA,,personnel_ops,E,1,7137.0,True,,not_attempted,,not_attempted_supported_sport,out of scope (non-sporting outcome),,,,,,,,not attempted
KXWWEFIGHTOCCUR,WWE Wrestler to Compete in a Fight,MMA,WWE,personnel_ops,E,1,6074.05,True,,not_attempted,,not_attempted_supported_sport,out of scope (non-sporting outcome),,,,,,,,not attempted
KXATHLETEUNRETIRE,Athlete to Come out of Retirement,MMA,,personnel_ops,E,0,0.0,True,,not_attempted,,not_attempted_supported_sport,out of scope (non-sporting outcome),,,,,,,,not attempted
KXUFCMOV,UFC Method of Victory,MMA,MMA,score_props,A,3378,255540952.18,True,,not_attempted,,not_attempted_supported_sport,no independent results adapter for this competition in Phase 1 (game_winner only via Kalshi-only path),,,,,,,,not attempted
KXUFCDISTANCE,UFC To Go The Distance,MMA,MMA,score_props,A,484,39755718.83,True,ufc,independent_outcomes,exploratory,exploratory_evaluated,only 0 pre-test settled contracts (< 30),479,428,0/0,428/428,0,423,423,evaluated
KXUFCVICROUND,UFC Round of Victory,MMA,UFC Fight Night,score_props,A,2752,34677297.02,True,,not_attempted,,not_attempted_supported_sport,no independent results adapter for this competition in Phase 1 (game_winner only via Kalshi-only path),,,,,,,,not attempted
KXUFCROUNDS,UFC Total Rounds,MMA,UFC Fight Night,score_props,A,845,15320506.24,True,,not_attempted,,not_attempted_supported_sport,no independent results adapter for this competition in Phase 1 (game_winner only via Kalshi-only path),,,,,,,,not attempted
KXUFCMOF,UFC Method of Finish,MMA,UFC Fight Night,score_props,A,1499,14401927.69,True,,not_attempted,,not_attempted_supported_sport,no independent results adapter for this competition in Phase 1 (game_winner only via Kalshi-only path),,,,,,,,not attempted
KXUFCCARDKO,MMA Card Knockouts,MMA,331,score_props,A,7,23904.72,True,,not_attempted,,not_attempted_supported_sport,no independent results adapter for this competition in Phase 1 (game_winner only via Kalshi-only path),,,,,,,,not attempted
KXDWCSCARDKO,Contender Series Card Knockouts,MMA,Contender Series,score_props,A,9,20186.93,True,,not_attempted,,not_attempted_supported_sport,no independent results adapter for this competition in Phase 1 (game_winner only via Kalshi-only path),,,,,,,,not attempted
KXUFCARDKO,MMA Card Knockouts,MMA,,score_props,A,0,0.0,True,,not_attempted,,not_attempted_supported_sport,no traded markets,,,,,,,,not attempted
KXUFCLIGHTWEIGHTTITLE,UFC Lightweight Title,MMA,MMA,tournament_outright,C,12,1094818.94,True,,not_attempted,,not_attempted_supported_sport,outright/bracket: few independent outcomes per season; needs prospective capture + simulation,,,,,,,,not attempted
KXUFCTITLE,UFC Title Holder,MMA,MMA,tournament_outright,C,58,1005149.62,True,,not_attempted,,not_attempted_supported_sport,outright/bracket: few independent outcomes per season; needs prospective capture + simulation,,,,,,,,not attempted
KXUFCHEAVYWEIGHTTITLE,UFC Heavyweight Title,MMA,MMA,tournament_outright,C,12,501915.22,True,,not_attempted,,not_attempted_supported_sport,outright/bracket: few independent outcomes per season; needs prospective capture + simulation,,,,,,,,not attempted
KXUFCLHEAVYWEIGHTTITLE,UFC Light Heavyweight Title,MMA,MMA,tournament_outright,C,10,403420.51,True,,not_attempted,,not_attempted_supported_sport,outright/bracket: few independent outcomes per season; needs prospective capture + simulation,,,,,,,,not attempted
KXUFCWELTERWEIGHTTITLE,UFC Welterweight Title,MMA,MMA,tournament_outright,C,11,390516.36,True,,not_attempted,,not_attempted_supported_sport,outright/bracket: few independent outcomes per season; needs prospective capture + simulation,,,,,,,,not attempted
KXUFCFLYWEIGHTTITLE,UFC Flyweight Title,MMA,MMA,tournament_outright,C,9,312376.72,True,,not_attempted,,not_attempted_supported_sport,outright/bracket: few independent outcomes per season; needs prospective capture + simulation,,,,,,,,not attempted
KXUFCMIDDLEWEIGHTTITLE,UFC Middleweight Title,MMA,MMA,tournament_outright,C,8,277663.47,True,,not_attempted,,not_attempted_supported_sport,outright/bracket: few independent outcomes per season; needs prospective capture + simulation,,,,,,,,not attempted
KXUFCBANTAMWEIGHTTITLE,UFC Bantamweight Title,MMA,MMA,tournament_outright,C,9,117831.58,True,,not_attempted,,not_attempted_supported_sport,outright/bracket: few independent outcomes per season; needs prospective capture + simulation,,,,,,,,not attempted
KXUFCFEATHERWEIGHTTITLE,UFC Featherweight Title,MMA,MMA,tournament_outright,C,11,102191.12,True,,not_attempted,,not_attempted_supported_sport,outright/bracket: few independent outcomes per season; needs prospective capture + simulation,,,,,,,,not attempted
KXUFCMWEIGHT,UFC Middleweight Champion,MMA,,tournament_outright,C,2,100574.0,True,,not_attempted,,not_attempted_supported_sport,outright/bracket: few independent outcomes per season; needs prospective capture + simulation,,,,,,,,not attempted
KXNCAAMWRESTLING125,College Wrestling National Champion: 125-Pound Weight Class,MMA,College Wrestling,tournament_outright,C,34,84466.0,True,,not_attempted,,not_attempted_supported_sport,outright/bracket: few independent outcomes per season; needs prospective capture + simulation,,,,,,,,not attempted
KXWRESTLINGMATCH,Wrestling Match Winner,MMA,Wrestling,tournament_outright,C,2,60904.57,True,,not_attempted,,not_attempted_supported_sport,outright/bracket: few independent outcomes per season; needs prospective capture + simulation,,,,,,,,not attempted
KXNCAAMWRESTLING133,College Wrestling National Champion: 133-Pound Weight Class,MMA,College Wrestling,tournament_outright,C,17,47662.0,True,,not_attempted,,not_attempted_supported_sport,outright/bracket: few independent outcomes per season; needs prospective capture + simulation,,,,,,,,not attempted
KXNCAAMWRESTLING157,College Wrestling National Champion: 157-Pound Weight Class,MMA,College Wrestling,tournament_outright,C,17,34419.0,True,,not_attempted,,not_attempted_supported_sport,outright/bracket: few independent outcomes per season; needs prospective capture + simulation,,,,,,,,not attempted
KXNCAAMWRESTLING149,College Wrestling National Champion: 149-Pound Weight Class,MMA,College Wrestling,tournament_outright,C,18,29417.0,True,,not_attempted,,not_attempted_supported_sport,outright/bracket: few independent outcomes per season; needs prospective capture + simulation,,,,,,,,not attempted
KXNCAAMWRESTLING285,College Wrestling National Champion: 285-Pound Weight Class,MMA,College Wrestling,tournament_outright,C,9,27402.0,True,,not_attempted,,not_attempted_supported_sport,outright/bracket: few independent outcomes per season; needs prospective capture + simulation,,,,,,,,not attempted
KXNCAAMWRESTLING141,College Wrestling National Champion: 141-Pound Weight Class,MMA,College Wrestling,tournament_outright,C,19,25892.0,True,,not_attempted,,not_attempted_supported_sport,outright/bracket: few independent outcomes per season; needs prospective capture + simulation,,,,,,,,not attempted
KXNCAAMWRESTLING184,College Wrestling National Champion: 184-Pound Weight Class,MMA,College Wrestling,tournament_outright,C,9,22610.0,True,,not_attempted,,not_attempted_supported_sport,outright/bracket: few independent outcomes per season; needs prospective capture + simulation,,,,,,,,not attempted
KXNCAAMWRESTLING197,College Wrestling National Champion: 197-Pound Weight Class,MMA,College Wrestling,tournament_outright,C,8,18142.0,True,,not_attempted,,not_attempted_supported_sport,outright/bracket: few independent outcomes per season; needs prospective capture + simulation,,,,,,,,not attempted
KXNCAAMWRESTLING174,College Wrestling National Champion: 174-Pound Weight Class,MMA,College Wrestling,tournament_outright,C,11,15277.0,True,,not_attempted,,not_attempted_supported_sport,outright/bracket: few independent outcomes per season; needs prospective capture + simulation,,,,,,,,not attempted
KXNCAAMWRESTLING165,College Wrestling National Champion: 165-Pound Weight Class,MMA,College Wrestling,tournament_outright,C,9,5281.0,True,,not_attempted,,not_attempted_supported_sport,outright/bracket: few independent outcomes per season; needs prospective capture + simulation,,,,,,,,not attempted
KXKXUFCWOMBANTAMWEIGHTTITLE,UFC Women Bantamweight Title Holder,MMA,,tournament_outright,C,0,0.0,True,,not_attempted,,not_attempted_supported_sport,outright/bracket: few independent outcomes per season; needs prospective capture + simulation,,,,,,,,not attempted
KXUFC,UFC Weightclass Champion,MMA,,tournament_outright,C,0,0.0,True,,not_attempted,,not_attempted_supported_sport,outright/bracket: few independent outcomes per season; needs prospective capture + simulation,,,,,,,,not attempted
KXUFCWOMBANTAMWEIGHTTITL,UFC Women Bantamweight Title Holder,MMA,,tournament_outright,C,0,0.0,True,,not_attempted,,not_attempted_supported_sport,outright/bracket: few independent outcomes per season; needs prospective capture + simulation,,,,,,,,not attempted
KXUFCWOMBANTAMWEIGHTTITLE,UFC Women Bantamweight Title Holder,MMA,,tournament_outright,C,0,0.0,True,,not_attempted,,not_attempted_supported_sport,outright/bracket: few independent outcomes per season; needs prospective capture + simulation,,,,,,,,not attempted
KXUFCWOMFLYWEIGHTTITLE,UFC Women Flyweight Title Holder,MMA,,tournament_outright,C,0,0.0,True,,not_attempted,,not_attempted_supported_sport,outright/bracket: few independent outcomes per season; needs prospective capture + simulation,,,,,,,,not attempted
KXUFCWOMSTRAWWEIGHTTITLE,UFC Women Strawweight Title,MMA,,tournament_outright,C,0,0.0,True,,not_attempted,,not_attempted_supported_sport,outright/bracket: few independent outcomes per season; needs prospective capture + simulation,,,,,,,,not attempted
KXWRESTLING,Wrestling Match Winner,MMA,,tournament_outright,C,0,0.0,True,,not_attempted,,not_attempted_supported_sport,outright/bracket: few independent outcomes per season; needs prospective capture + simulation,,,,,,,,not attempted
KXF1ACTION,FIA Action of the Year Award,Motorsport,F1,awards,C,23,24016.37,True,,not_attempted,,not_attempted_supported_sport,awards: voting outcomes without as-of inputs,,,,,,,,not attempted
KXNASCARRACE,NASCAR Race,Motorsport,NASCAR Cup Series,field_finish,A,3380,169803777.54,True,,not_attempted,,not_attempted_supported_sport,no independent results adapter for this competition in Phase 1 (game_winner only via Kalshi-only path),,,,,,,,not attempted
KXF1RACE,F1 Race,Motorsport,F1,field_finish,A,774,68066271.72,True,f1,independent_outcomes,strict,strict_evaluated,,861,766,415/417,764/766,0,349,16,evaluated
KXF1RACEPODIUM,F1 Race Podium Finisher,Motorsport,F1,field_finish,A,708,15955146.62,True,f1,independent_outcomes,strict,strict_evaluated,,821,726,371/377,720/726,0,349,16,evaluated
KXINDYCARRACE,IndyCar Race,Motorsport,IndyCar,field_finish,A,415,11656039.24,True,,not_attempted,,not_attempted_supported_sport,no independent results adapter for this competition in Phase 1 (game_winner only via Kalshi-only path),,,,,,,,not attempted
KXF1POLE,F1 Pole Position,Motorsport,F1,field_finish,A,333,7030628.77,True,,not_attempted,,not_attempted_supported_sport,no independent results adapter for this competition in Phase 1 (game_winner only via Kalshi-only path),,,,,,,,not attempted
KXNASCARTOP10,NASCAR Top 10 Finishers,Motorsport,NASCAR Cup Series,field_finish,A,2177,4651788.78,True,,not_attempted,,not_attempted_supported_sport,no independent results adapter for this competition in Phase 1 (game_winner only via Kalshi-only path),,,,,,,,not attempted
KXNASCARTOP3,NASCAR Podium Finishers,Motorsport,NASCAR Cup Series,field_finish,A,1726,2856340.05,True,,not_attempted,,not_attempted_supported_sport,no independent results adapter for this competition in Phase 1 (game_winner only via Kalshi-only path),,,,,,,,not attempted
KXNASCARTOP5,NASCAR Top 5 Finishers,Motorsport,NASCAR Cup Series,field_finish,A,993,2075543.88,True,,not_attempted,,not_attempted_supported_sport,no independent results adapter for this competition in Phase 1 (game_winner only via Kalshi-only path),,,,,,,,not attempted
KXF1RACESPRINT,F1 Sprint Race,Motorsport,F1,field_finish,A,107,1438778.85,True,,not_attempted,,not_attempted_supported_sport,no independent results adapter for this competition in Phase 1 (game_winner only via Kalshi-only path),,,,,,,,not attempted
KXF1TOP10,F1 Top 10 Finishers,Motorsport,F1,field_finish,A,367,1082878.31,True,f1,independent_outcomes,exploratory,exploratory_evaluated,only 0 pre-test settled contracts (< 30),374,349,0/0,349/349,0,349,16,evaluated
KXF1TOP5,F1 Top 5 Finishers,Motorsport,F1,field_finish,A,318,827338.09,True,f1,independent_outcomes,exploratory,exploratory_evaluated,only 0 pre-test settled contracts (< 30),374,349,0/0,349/349,0,349,16,evaluated
KXNASCARTOP20,NASCAR Top 20 Finishers,Motorsport,NASCAR Cup Series,field_finish,A,1028,698134.97,True,,not_attempted,,not_attempted_supported_sport,no independent results adapter for this competition in Phase 1 (game_winner only via Kalshi-only path),,,,,,,,not attempted
KXNASCARPOLE,NASCAR Pole Position,Motorsport,NASCAR Cup Series,field_finish,A,424,632657.56,True,,not_attempted,,not_attempted_supported_sport,no independent results adapter for this competition in Phase 1 (game_winner only via Kalshi-only path),,,,,,,,not attempted
KXF1SPRINTPOLE,F1 Sprint Qualifying Pole Position,Motorsport,F1,field_finish,A,63,401612.28,True,,not_attempted,,not_attempted_supported_sport,no independent results adapter for this competition in Phase 1 (game_winner only via Kalshi-only path),,,,,,,,not attempted
KXINDYCARTOP3,IndyCar Top 3 Finishers,Motorsport,IndyCar,field_finish,A,217,400391.88,True,,not_attempted,,not_attempted_supported_sport,no independent results adapter for this competition in Phase 1 (game_winner only via Kalshi-only path),,,,,,,,not attempted
KXMOTOGPRACE,Moto GP Race,Motorsport,MotoGP,field_finish,A,234,320315.08,True,,not_attempted,,not_attempted_supported_sport,no independent results adapter for this competition in Phase 1 (game_winner only via Kalshi-only path),,,,,,,,not attempted
KXINDYCARTOP10,IndyCar Top 10 Finishers,Motorsport,IndyCar,field_finish,A,283,317398.25,True,,not_attempted,,not_attempted_supported_sport,no independent results adapter for this competition in Phase 1 (game_winner only via Kalshi-only path),,,,,,,,not attempted
KXF1POLEPOSITION,Qualify in Pole Position,Motorsport,,field_finish,A,54,313189.0,True,,not_attempted,,not_attempted_supported_sport,no independent results adapter for this competition in Phase 1 (game_winner only via Kalshi-only path),,,,,,,,not attempted
KXNASCARTOPTEAM,NASCAR Top Team,Motorsport,NASCAR Cup Series,field_finish,A,331,259044.48,True,,not_attempted,,not_attempted_supported_sport,no independent results adapter for this competition in Phase 1 (game_winner only via Kalshi-only path),,,,,,,,not attempted
KXNASCARH2H,NASCAR Head-to-Head,Motorsport,NASCAR Cup Series,field_finish,A,68,241825.95,True,,not_attempted,,not_attempted_supported_sport,no independent results adapter for this competition in Phase 1 (game_winner only via Kalshi-only path),,,,,,,,not attempted
KXF1TOPCONSTRUCTOR,F1 Top Constructor,Motorsport,F1,field_finish,A,114,218630.43,True,,not_attempted,,not_attempted_supported_sport,no independent results adapter for this competition in Phase 1 (game_winner only via Kalshi-only path),,,,,,,,not attempted
KXINDYCARTOP5,IndyCar Top 5 Finishers,Motorsport,IndyCar,field_finish,A,123,121611.76,True,,not_attempted,,not_attempted_supported_sport,no independent results adapter for this competition in Phase 1 (game_winner only via Kalshi-only path),,,,,,,,not attempted
KXF1BIGGESTMOVER,F1 Biggest Mover,Motorsport,F1,field_finish,A,82,98231.83,True,,not_attempted,,not_attempted_supported_sport,no independent results adapter for this competition in Phase 1 (game_winner only via Kalshi-only path),,,,,,,,not attempted
KXDAYTONA24H,Daytona 24 Hour Race,Motorsport,Daytona 24 Hour,field_finish,A,60,79285.0,True,,not_attempted,,not_attempted_supported_sport,no independent results adapter for this competition in Phase 1 (game_winner only via Kalshi-only path),,,,,,,,not attempted
KXLEMANS24H,Le Mans 24 Hours,Motorsport,24 Hours of Le Mans,field_finish,A,66,73981.27,True,,not_attempted,,not_attempted_supported_sport,no independent results adapter for this competition in Phase 1 (game_winner only via Kalshi-only path),,,,,,,,not attempted
KXF1SPRINTTOP5,F1 Sprint Race Top 5 Finishers,Motorsport,F1,field_finish,A,82,52093.37,True,,not_attempted,,not_attempted_supported_sport,no independent results adapter for this competition in Phase 1 (game_winner only via Kalshi-only path),,,,,,,,not attempted
KXF1SPRINTTOP10,F1 Sprint Race Top 10 Finishers,Motorsport,F1,field_finish,A,87,42037.38,True,,not_attempted,,not_attempted_supported_sport,no independent results adapter for this competition in Phase 1 (game_winner only via Kalshi-only path),,,,,,,,not attempted
KXINDYCARPOLE,IndyCar Pole Position,Motorsport,IndyCar,field_finish,A,54,36664.93,True,,not_attempted,,not_attempted_supported_sport,no independent results adapter for this competition in Phase 1 (game_winner only via Kalshi-only path),,,,,,,,not attempted
KXF1H2H,F1 Head-to-Head,Motorsport,F1,field_finish,A,14,23113.86,True,,not_attempted,,not_attempted_supported_sport,no independent results adapter for this competition in Phase 1 (game_winner only via Kalshi-only path),,,,,,,,not attempted
KXINDYCARBIGGESTMOVER,IndyCar Biggest Mover,Motorsport,IndyCar,field_finish,A,17,20129.04,True,,not_attempted,,not_attempted_supported_sport,no independent results adapter for this competition in Phase 1 (game_winner only via Kalshi-only path),,,,,,,,not attempted
KXNASCARBIGGESTMOVER,NASCAR Biggest Mover,Motorsport,NASCAR Cup Series,field_finish,A,65,18279.59,True,,not_attempted,,not_attempted_supported_sport,no independent results adapter for this competition in Phase 1 (game_winner only via Kalshi-only path),,,,,,,,not attempted
KXF1SPRINTTOPCONSTRUCTOR,F1 Sprint Race Top Constructor,Motorsport,F1,field_finish,A,13,6222.85,True,,not_attempted,,not_attempted_supported_sport,no independent results adapter for this competition in Phase 1 (game_winner only via Kalshi-only path),,,,,,,,not attempted
KXUSAF1,4th USA F1 race,Motorsport,,field_finish,A,1,3913.0,True,,not_attempted,,not_attempted_supported_sport,no independent results adapter for this competition in Phase 1 (game_winner only via Kalshi-only path),,,,,,,,not attempted
KXDAYTONA24,Daytona 24 Hour Race Winner,Motorsport,,field_finish,A,0,0.0,True,,not_attempted,,not_attempted_supported_sport,no traded markets,,,,,,,,not attempted
KXF1RACETOP10,F1 Race Top 10 Finishers,Motorsport,,field_finish,A,0,0.0,True,,not_attempted,,not_attempted_supported_sport,no traded markets,,,,,,,,not attempted
KXF1RACETOP5,F1 Race Top 5 Finishers,Motorsport,,field_finish,A,0,0.0,True,,not_attempted,,not_attempted_supported_sport,no traded markets,,,,,,,,not attempted
KXF1RACETOPX,F1 Race Top Finishers,Motorsport,,field_finish,A,0,0.0,True,,not_attempted,,not_attempted_supported_sport,no traded markets,,,,,,,,not attempted
KXMXRACE,Motorcross of Nations Race,Motorsport,,field_finish,A,0,0.0,True,,not_attempted,,not_attempted_supported_sport,no traded markets,,,,,,,,not attempted
KXNASCARRACEOLD,NASCAR Race winner,Motorsport,,field_finish,A,0,0.0,True,,not_attempted,,not_attempted_supported_sport,no traded markets,,,,,,,,not attempted
KXNASCARTOPMANU,NASCAR Top Manufacturer,Motorsport,,field_finish,A,0,0.0,True,,not_attempted,,not_attempted_supported_sport,no traded markets,,,,,,,,not attempted
KXNEXTTEAMVERSTAPPEN,Will Max Verstappen go to Mercedes?,Motorsport,F1,other_novelty,E,1,25922.0,True,,not_attempted,,not_attempted_supported_sport,out of scope (novelty),,,,,,,,not attempted
KXAFRICAF1,Africa F1 grand prix,Motorsport,,other_novelty,E,1,4065.0,True,,not_attempted,,not_attempted_supported_sport,out of scope (novelty),,,,,,,,not attempted
KXSPORTSIGNPEREZ,Perez,Motorsport,,other_novelty,E,1,3700.0,True,,not_attempted,,not_attempted_supported_sport,out of scope (novelty),,,,,,,,not attempted
KXF1DELAY,F1 Delay,Motorsport,F1,personnel_ops,E,1,78819.0,True,,not_attempted,,not_attempted_supported_sport,out of scope (non-sporting outcome),,,,,,,,not attempted
KXF1OCCUR,Formula 1 Event Occurrence,Motorsport,F1,personnel_ops,E,3,54871.77,True,,not_attempted,,not_attempted_supported_sport,out of scope (non-sporting outcome),,,,,,,,not attempted
KXF1NEXTTEAM,F1 Next Team,Motorsport,F1,personnel_ops,E,8,45971.65,True,,not_attempted,,not_attempted_supported_sport,out of scope (non-sporting outcome),,,,,,,,not attempted
KXF1RETIRE,F1 Retire,Motorsport,F1,personnel_ops,E,4,14051.21,True,,not_attempted,,not_attempted_supported_sport,out of scope (non-sporting outcome),,,,,,,,not attempted
KXF1CHINA,F1 team from China,Motorsport,F1,personnel_ops,E,1,12212.51,True,,not_attempted,,not_attempted_supported_sport,out of scope (non-sporting outcome),,,,,,,,not attempted
KXINDY500DELAY,Indy 500 delay,Motorsport,,personnel_ops,E,1,9643.0,True,,not_attempted,,not_attempted_supported_sport,out of scope (non-sporting outcome),,,,,,,,not attempted
KXF1FASTLAP,F1 Fastest Lap,Motorsport,F1,player_prop,B,322,1099779.57,True,,not_attempted,,not_attempted_supported_sport,player/appearance-conditioned; pregame participation not reconstructable as-of (not modelled),,,,,,,,not attempted
KXNASCARFASTLAP,NASCAR Fastest Lap,Motorsport,NASCAR Cup Series,player_prop,B,671,282944.63,True,,not_attempted,,not_attempted_supported_sport,player/appearance-conditioned; pregame participation not reconstructable as-of (not modelled),,,,,,,,not attempted
KXF1FASTESTLAP,F1 Fastest Lap,Motorsport,,player_prop,B,45,124037.0,True,,not_attempted,,not_attempted_supported_sport,player/appearance-conditioned; pregame participation not reconstructable as-of (not modelled),,,,,,,,not attempted
KXINDYCARFASTLAP,IndyCar Fastest Lap,Motorsport,IndyCar,player_prop,B,40,35664.11,True,,not_attempted,,not_attempted_supported_sport,player/appearance-conditioned; pregame participation not reconstructable as-of (not modelled),,,,,,,,not attempted
KXF1SPRINTFASTLAP,F1 Sprint Race Fastest Lap,Motorsport,F1,player_prop,B,31,18966.49,True,,not_attempted,,not_attempted_supported_sport,player/appearance-conditioned; pregame participation not reconstructable as-of (not modelled),,,,,,,,not attempted
KXF1,Formula 1,Motorsport,F1,tournament_outright,C,42,15551375.03,True,,not_attempted,,not_attempted_supported_sport,outright/bracket: few independent outcomes per season; needs prospective capture + simulation,,,,,,,,not attempted
KXINDY500,Indy 500 Winner,Motorsport,,tournament_outright,C,34,7136395.0,True,,not_attempted,,not_attempted_supported_sport,outright/bracket: few independent outcomes per season; needs prospective capture + simulation,,,,,,,,not attempted
KXNASCARCUPSERIES,NASCAR Cup Series Champion,Motorsport,NASCAR Cup Series,tournament_outright,C,36,5299972.73,True,,not_attempted,,not_attempted_supported_sport,outright/bracket: few independent outcomes per season; needs prospective capture + simulation,,,,,,,,not attempted
KXF1CONSTRUCTORS,Formula 1 Constructors,Motorsport,F1,tournament_outright,C,21,2234993.13,True,,not_attempted,,not_attempted_supported_sport,outright/bracket: few independent outcomes per season; needs prospective capture + simulation,,,,,,,,not attempted
KXNASCAR,NASCAR Cup Series playoffs,Motorsport,NASCAR,tournament_outright,C,16,839912.0,True,,not_attempted,,not_attempted_supported_sport,outright/bracket: few independent outcomes per season; needs prospective capture + simulation,,,,,,,,not attempted
KXINDYCARSERIES,IndyCar Series Champion,Motorsport,IndyCar,tournament_outright,C,25,353130.97,True,,not_attempted,,not_attempted_supported_sport,outright/bracket: few independent outcomes per season; needs prospective capture + simulation,,,,,,,,not attempted
KXNASCARAUTOPARTSSERIES,NASCAR Auto Parts Series Champion,Motorsport,NASCAR O'Reilly Auto Parts Series,tournament_outright,C,40,247036.28,True,,not_attempted,,not_attempted_supported_sport,outright/bracket: few independent outcomes per season; needs prospective capture + simulation,,,,,,,,not attempted
KXNASCARTRUCKSERIES,NASCAR Truck Series Champion,Motorsport,NASCAR Truck Series,tournament_outright,C,36,187696.18,True,,not_attempted,,not_attempted_supported_sport,outright/bracket: few independent outcomes per season; needs prospective capture + simulation,,,,,,,,not attempted
KXNASCARCHALLENGE,NASCAR In-Season Challenge,Motorsport,NASCAR Cup Series,tournament_outright,C,27,109351.79,True,,not_attempted,,not_attempted_supported_sport,outright/bracket: few independent outcomes per season; needs prospective capture + simulation,,,,,,,,not attempted
KXMOTOGP,Moto GP World Champion,Motorsport,MotoGP,tournament_outright,C,22,87961.34,True,,not_attempted,,not_attempted_supported_sport,outright/bracket: few independent outcomes per season; needs prospective capture + simulation,,,,,,,,not attempted
KXNASCARCUPSEASON,NASCAR Cup Series Regular Season Champion,Motorsport,NASCAR Cup Series,tournament_outright,C,14,52923.09,True,,not_attempted,,not_attempted_supported_sport,outright/bracket: few independent outcomes per season; needs prospective capture + simulation,,,,,,,,not attempted
KXMOTOGPTEAMS,Moto GP Teams' World Champion,Motorsport,MotoGP,tournament_outright,C,11,17657.51,True,,not_attempted,,not_attempted_supported_sport,outright/bracket: few independent outcomes per season; needs prospective capture + simulation,,,,,,,,not attempted
KXF1QUALIFY,Formula 1 Qualify,Motorsport,,tournament_outright,C,0,0.0,True,,not_attempted,,not_attempted_supported_sport,outright/bracket: few independent outcomes per season; needs prospective capture + simulation,,,,,,,,not attempted
KXNASCARCUPCHAMP,Nascar Cup Series Championship,Motorsport,,tournament_outright,C,0,0.0,True,,not_attempted,,not_attempted_supported_sport,outright/bracket: few independent outcomes per season; needs prospective capture + simulation,,,,,,,,not attempted
KXRANKLISTFFDST,TOP FANTASY FOOTBALL D ST,Non-sport (sports-tagged),,league_leaders,E,32,13315.11,False,,not_attempted,,not_attempted_unsupported_sport,not a sporting outcome (v1 class E),,,,,,,,not attempted
KXRANKLISTFFK,TOP FANTASY FOOTBALL K,Non-sport (sports-tagged),,league_leaders,E,14,1082.63,False,,not_attempted,,not_attempted_unsupported_sport,not a sporting outcome (v1 class E),,,,,,,,not attempted
KXSYNTHETIXTRADINGCOMP,Synthetix Trading Competition,Non-sport (sports-tagged),,other_novelty,E,35,897047.0,False,,not_attempted,,not_attempted_unsupported_sport,not a sporting outcome (v1 class E),,,,,,,,not attempted
KXSBMENTION,SB mention,Non-sport (sports-tagged),,other_novelty,E,19,434881.0,False,,not_attempted,,not_attempted_unsupported_sport,not a sporting outcome (v1 class E),,,,,,,,not attempted
KXALPHAARENA,Alpha Arena,Non-sport (sports-tagged),,other_novelty,E,11,432308.0,False,,not_attempted,,not_attempted_unsupported_sport,not a sporting outcome (v1 class E),,,,,,,,not attempted
KXRANKLISTKAITO,Which exchange will have the highest mindshare this week?,Non-sport (sports-tagged),,other_novelty,E,5,32485.0,False,,not_attempted,,not_attempted_unsupported_sport,not a sporting outcome (v1 class E),,,,,,,,not attempted
KXALPHAARENABASE,Alpha Arena Baseline,Non-sport (sports-tagged),,other_novelty,E,5,13903.0,False,,not_attempted,,not_attempted_unsupported_sport,not a sporting outcome (v1 class E),,,,,,,,not attempted
KXALPHAARENALEV,Max Leverage,Non-sport (sports-tagged),,other_novelty,E,5,8709.0,False,,not_attempted,,not_attempted_unsupported_sport,not a sporting outcome (v1 class E),,,,,,,,not attempted
KXALPHAARENAMONK,AlphaArena Monk,Non-sport (sports-tagged),,other_novelty,E,3,8648.0,False,,not_attempted,,not_attempted_unsupported_sport,not a sporting outcome (v1 class E),,,,,,,,not attempted
KXALPHAARENAAWARE,Situational Awareness,Non-sport (sports-tagged),,other_novelty,E,4,8286.0,False,,not_attempted,,not_attempted_unsupported_sport,not a sporting outcome (v1 class E),,,,,,,,not attempted
KXRANKLISTSUI,Sui top 10,Non-sport (sports-tagged),,other_novelty,E,1,1073.0,False,,not_attempted,,not_attempted_unsupported_sport,not a sporting outcome (v1 class E),,,,,,,,not attempted
KXRANKLISTAICODE,AI Coding,Non-sport (sports-tagged),,other_novelty,E,0,0.0,False,,not_attempted,,not_attempted_unsupported_sport,not a sporting outcome (v1 class E),,,,,,,,not attempted
KXRANKLISTBONK,Bonk top 100 currencies by end of year,Non-sport (sports-tagged),,other_novelty,E,0,0.0,False,,not_attempted,,not_attempted_unsupported_sport,not a sporting outcome (v1 class E),,,,,,,,not attempted
KXRANKLISTIBD,IBD League Tables,Non-sport (sports-tagged),,other_novelty,E,0,0.0,False,,not_attempted,,not_attempted_unsupported_sport,not a sporting outcome (v1 class E),,,,,,,,not attempted
KXRANKLISTKG,Will Ken Griffin be the top donator on <date>?,Non-sport (sports-tagged),,other_novelty,E,0,0.0,False,,not_attempted,,not_attempted_unsupported_sport,not a sporting outcome (v1 class E),,,,,,,,not attempted
KXRANKLISTREALSPORTS,Real Sports Top 10 App,Non-sport (sports-tagged),,other_novelty,E,0,0.0,False,,not_attempted,,not_attempted_unsupported_sport,not a sporting outcome (v1 class E),,,,,,,,not attempted
KXSPELLINGBEE,Who will win the SF Inaugural Spelling Bee,Non-sport (sports-tagged),,other_novelty,E,0,0.0,False,,not_attempted,,not_attempted_unsupported_sport,not a sporting outcome (v1 class E),,,,,,,,not attempted
KXEUROVISIONISRAELBAN,Eurovision Israel ban,Non-sport (sports-tagged),,personnel_ops,E,1,21893.81,False,,not_attempted,,not_attempted_unsupported_sport,not a sporting outcome (v1 class E),,,,,,,,not attempted
KXSFSPELLINGBEE,SF Inaugural Spelling Bee Winner?,Non-sport (sports-tagged),,tournament_outright,E,13,1411.0,False,,not_attempted,,not_attempted_unsupported_sport,not a sporting outcome (v1 class E),,,,,,,,not attempted
KXWOFREESKI,Winter Olympics Freestyle Skiing,Olympics,Freestyle Skiing,field_finish,B,649,3684675.0,False,,not_attempted,,not_attempted_unsupported_sport,no independent results adapter for this competition in Phase 1 (game_winner only via Kalshi-only path),,,,,,,,not attempted
KXWOCURL,Winter Olympics Curling,Olympics,Curling,field_finish,B,60,2854245.0,False,,not_attempted,,not_attempted_unsupported_sport,no independent results adapter for this competition in Phase 1 (game_winner only via Kalshi-only path),,,,,,,,not attempted
KXWOFSKATE,Winter Olympics Figure Skating,Olympics,Figure Skating,field_finish,B,180,2785023.0,False,,not_attempted,,not_attempted_unsupported_sport,no independent results adapter for this competition in Phase 1 (game_winner only via Kalshi-only path),,,,,,,,not attempted
KXWOCURLGAME,Winter Olympics Curling Game,Olympics,Curling,field_finish,B,201,2593176.0,False,,not_attempted,,not_attempted_unsupported_sport,no independent results adapter for this competition in Phase 1 (game_winner only via Kalshi-only path),,,,,,,,not attempted
KXWOSBOARD,Winter Olympics Snowboarding,Olympics,Snowboarding,field_finish,B,439,1948429.0,False,,not_attempted,,not_attempted_unsupported_sport,no independent results adapter for this competition in Phase 1 (game_winner only via Kalshi-only path),,,,,,,,not attempted
KXWOSSKATE,Winter Olympics Speed Skating,Olympics,Speed Skating,field_finish,B,421,1257089.0,False,,not_attempted,,not_attempted_unsupported_sport,no independent results adapter for this competition in Phase 1 (game_winner only via Kalshi-only path),,,,,,,,not attempted
KXWOSKIJUMP,Winter Olympics Ski Jump,Olympics,Ski Jumping,field_finish,B,198,878474.0,False,,not_attempted,,not_attempted_unsupported_sport,no independent results adapter for this competition in Phase 1 (game_winner only via Kalshi-only path),,,,,,,,not attempted
KXWOSTRACK,Winter Olympics Short Track Speed Skating,Olympics,Short Track Speed Skating,field_finish,B,191,509401.0,False,,not_attempted,,not_attempted_unsupported_sport,no independent results adapter for this competition in Phase 1 (game_winner only via Kalshi-only path),,,,,,,,not attempted
KXWOLUGE,Winter Olympics Luge,Olympics,Luge,field_finish,B,113,435064.0,False,,not_attempted,,not_attempted_unsupported_sport,no independent results adapter for this competition in Phase 1 (game_winner only via Kalshi-only path),,,,,,,,not attempted
KXWOBIATH,Winter Olympics Biathalon,Olympics,Biathlon,field_finish,B,163,249356.0,False,,not_attempted,,not_attempted_unsupported_sport,no independent results adapter for this competition in Phase 1 (game_winner only via Kalshi-only path),,,,,,,,not attempted
KXWONORDIC,Winter Olympics Nordic Combined,Olympics,Nordic Combined,field_finish,B,82,167589.0,False,,not_attempted,,not_attempted_unsupported_sport,no independent results adapter for this competition in Phase 1 (game_winner only via Kalshi-only path),,,,,,,,not attempted
KXWOSKIMTN,Winter Olympics Ski Mountaineering,Olympics,Ski Mountaineering,field_finish,B,75,162071.0,False,,not_attempted,,not_attempted_unsupported_sport,no independent results adapter for this competition in Phase 1 (game_winner only via Kalshi-only path),,,,,,,,not attempted
KXWOALPSKI,Winter Olympics Alpine Skiing,Olympics,Alpine Skiing,field_finish,B,95,154664.0,False,,not_attempted,,not_attempted_unsupported_sport,no independent results adapter for this competition in Phase 1 (game_winner only via Kalshi-only path),,,,,,,,not attempted
KXWOBOB,Winter Olympics Bobsled,Olympics,Bobsledding,field_finish,B,77,117696.0,False,,not_attempted,,not_attempted_unsupported_sport,no independent results adapter for this competition in Phase 1 (game_winner only via Kalshi-only path),,,,,,,,not attempted
KXWOXC,Winter Olympics Cross Country Skiing,Olympics,Cross Country Skiing,field_finish,B,119,113481.0,False,,not_attempted,,not_attempted_unsupported_sport,no independent results adapter for this competition in Phase 1 (game_winner only via Kalshi-only path),,,,,,,,not attempted
KXWOSKEL,Winter Olympics Skeleton,Olympics,Bobsledding,field_finish,B,65,29474.0,False,,not_attempted,,not_attempted_unsupported_sport,no independent results adapter for this competition in Phase 1 (game_winner only via Kalshi-only path),,,,,,,,not attempted
KXWO-ALPSKI,Winter Olympics Alpine Skiing,Olympics,,field_finish,B,0,0.0,False,,not_attempted,,not_attempted_unsupported_sport,no traded markets,,,,,,,,not attempted
KXWO-BIATH,Winter Olympics Biathalon,Olympics,,field_finish,B,0,0.0,False,,not_attempted,,not_attempted_unsupported_sport,no traded markets,,,,,,,,not attempted
KXWO-BOB,Winter Olympics Bobsled,Olympics,,field_finish,B,0,0.0,False,,not_attempted,,not_attempted_unsupported_sport,no traded markets,,,,,,,,not attempted
KXWO-CURL,Winter Olympics Curling,Olympics,,field_finish,B,0,0.0,False,,not_attempted,,not_attempted_unsupported_sport,no traded markets,,,,,,,,not attempted
KXWO-FIGSKATE,Winter Olympics Figure Skating,Olympics,,field_finish,B,0,0.0,False,,not_attempted,,not_attempted_unsupported_sport,no traded markets,,,,,,,,not attempted
KXWO-FREESKI,Winter Olympics Freestyle Skiing,Olympics,,field_finish,B,0,0.0,False,,not_attempted,,not_attempted_unsupported_sport,no traded markets,,,,,,,,not attempted
KXWO-FSKATE,Winter Olympics Figure Skating,Olympics,,field_finish,B,0,0.0,False,,not_attempted,,not_attempted_unsupported_sport,no traded markets,,,,,,,,not attempted
KXWO-HOCKEY,Winter Olympics Hockey,Olympics,,field_finish,B,0,0.0,False,,not_attempted,,not_attempted_unsupported_sport,no traded markets,,,,,,,,not attempted
KXWO-LUGE,Winter Olympics Luge,Olympics,,field_finish,B,0,0.0,False,,not_attempted,,not_attempted_unsupported_sport,no traded markets,,,,,,,,not attempted
KXWO-NORDIC,Winter Olympics Nordic Combined,Olympics,,field_finish,B,0,0.0,False,,not_attempted,,not_attempted_unsupported_sport,no traded markets,,,,,,,,not attempted
KXWO-SBOARD,Winter Olympics Snowboarding,Olympics,,field_finish,B,0,0.0,False,,not_attempted,,not_attempted_unsupported_sport,no traded markets,,,,,,,,not attempted
KXWO-SKEL,Winter Olympics Skeleton,Olympics,,field_finish,B,0,0.0,False,,not_attempted,,not_attempted_unsupported_sport,no traded markets,,,,,,,,not attempted
KXWO-SKIJUMP,Winter Olympics Ski Jump,Olympics,,field_finish,B,0,0.0,False,,not_attempted,,not_attempted_unsupported_sport,no traded markets,,,,,,,,not attempted
KXWO-SKIMTN,Winter Olympics Ski Mountaineering,Olympics,,field_finish,B,0,0.0,False,,not_attempted,,not_attempted_unsupported_sport,no traded markets,,,,,,,,not attempted
KXWO-SSKATE,Winter Olympics Speed Skating,Olympics,,field_finish,B,0,0.0,False,,not_attempted,,not_attempted_unsupported_sport,no traded markets,,,,,,,,not attempted
KXWO-STRACK,Winter Olympics Short Track Speed Skating,Olympics,,field_finish,B,0,0.0,False,,not_attempted,,not_attempted_unsupported_sport,no traded markets,,,,,,,,not attempted
KXWO-XC,Winter Olympics Cross Country Skiing,Olympics,,field_finish,B,0,0.0,False,,not_attempted,,not_attempted_unsupported_sport,no traded markets,,,,,,,,not attempted
KXWO-GOLD,Winter Olympics Most Gold Medals,Olympics,Winter Olympics,tournament_outright,F,29,5509879.0,False,,not_attempted,,not_attempted_unsupported_sport,outright/bracket: few independent outcomes per season; needs prospective capture + simulation,,,,,,,,not attempted
KXWO-MEDALS,Winter Olympics Most Medals,Olympics,Winter Olympics,tournament_outright,F,29,3301156.0,False,,not_attempted,,not_attempted_unsupported_sport,outright/bracket: few independent outcomes per season; needs prospective capture + simulation,,,,,,,,not attempted
KXWO-SILVER,Winter Olympics Most Silver Medals,Olympics,Winter Olympics,tournament_outright,F,19,508663.0,False,,not_attempted,,not_attempted_unsupported_sport,outright/bracket: few independent outcomes per season; needs prospective capture + simulation,,,,,,,,not attempted
KXWO-BRONZE,Winter Olympics Most Bronze Medals,Olympics,Winter Olympics,tournament_outright,F,21,496303.0,False,,not_attempted,,not_attempted_unsupported_sport,outright/bracket: few independent outcomes per season; needs prospective capture + simulation,,,,,,,,not attempted
KXWO,Winter Olympics Medals,Olympics,,tournament_outright,F,0,0.0,False,,not_attempted,,not_attempted_unsupported_sport,outright/bracket: few independent outcomes per season; needs prospective capture + simulation,,,,,,,,not attempted
KXWO-SWEEPS,Winter Olympics Total Podium Sweeps,Olympics,,tournament_outright,F,0,0.0,False,,not_attempted,,not_attempted_unsupported_sport,outright/bracket: few independent outcomes per season; needs prospective capture + simulation,,,,,,,,not attempted
KXWO-TOTALMEDALS,Winter Olympic Country Medal Count,Olympics,,tournament_outright,F,0,0.0,False,,not_attempted,,not_attempted_unsupported_sport,outright/bracket: few independent outcomes per season; needs prospective capture + simulation,,,,,,,,not attempted
KXESPYSWEEP,ESPYs Award Sweep,Other,,awards,F,1,13854.49,False,,not_attempted,,not_attempted_unsupported_sport,awards: voting outcomes without as-of inputs,,,,,,,,not attempted
KXNATHANSWINNERWO,Nathan's Hot Dog Contest Winner Without,Other,Nathan's Hot Dog Contest (M),field_finish,B,25,632012.5,False,,not_attempted,,not_attempted_unsupported_sport,no independent results adapter for this competition in Phase 1 (game_winner only via Kalshi-only path),,,,,,,,not attempted
KXSAILGPRACE,Sail GP Race,Other,SailGP,field_finish,B,77,51703.87,False,,not_attempted,,not_attempted_unsupported_sport,no independent results adapter for this competition in Phase 1 (game_winner only via Kalshi-only path),,,,,,,,not attempted
KXPPLMATCH,Padel Match,Other,Pro Padel League (M),field_finish,B,18,8763.28,False,,not_attempted,,not_attempted_unsupported_sport,no independent results adapter for this competition in Phase 1 (game_winner only via Kalshi-only path),,,,,,,,not attempted
KXTALLSHIPRACE,Tall Ship Race Winner,Other,Five Sisters Cup,field_finish,B,4,5871.17,False,,not_attempted,,not_attempted_unsupported_sport,no independent results adapter for this competition in Phase 1 (game_winner only via Kalshi-only path),,,,,,,,not attempted
KXCRYPTOFIGHTNIGHT,Crypto Fight Night,Other,,field_finish,B,0,0.0,False,,not_attempted,,not_attempted_unsupported_sport,no traded markets,,,,,,,,not attempted
KXMARATHONTIME,Marathon Fastest Time,Other,,field_finish,B,0,0.0,False,,not_attempted,,not_attempted_unsupported_sport,no traded markets,,,,,,,,not attempted
KXNATHANSHDRECORD,Nathan's Hot Dog Eating Contest Record,Other,Nathan's Hot Dog Contest (M),league_leaders,C,2,985357.7,False,,not_attempted,,not_attempted_unsupported_sport,league leaders: one outcome per stat-season,,,,,,,,not attempted
KXTFWORLDRECORD,Track & Field Outdoor World Records,Other,Track & Field,league_leaders,C,21,47754.71,False,,not_attempted,,not_attempted_unsupported_sport,league leaders: one outcome per stat-season,,,,,,,,not attempted
KXNATHANDOGS,Nathan's hot dogs,Other,,other_novelty,E,8,6712705.0,False,,not_attempted,,not_attempted_unsupported_sport,out of scope (novelty),,,,,,,,not attempted
KXNATHANSHDOU,Nathan's Hot Dog Over Unders,Other,Nathan's Hot Dog Contest (M),other_novelty,E,61,5824445.7,False,,not_attempted,,not_attempted_unsupported_sport,out of scope (novelty),,,,,,,,not attempted
KXPICKLEBALL,pickleball,Other,,other_novelty,E,124,501355.0,False,,not_attempted,,not_attempted_unsupported_sport,out of scope (novelty),,,,,,,,not attempted
KXWSOPENTRANTS,How many Entrants in a WSOP Main Event,Other,WSOP,other_novelty,E,1,433029.59,False,,not_attempted,,not_attempted_unsupported_sport,out of scope (novelty),,,,,,,,not attempted
KXHONEYDEUCE,Honey Deuce sales at the US Open,Other,,other_novelty,E,7,114450.87,False,,not_attempted,,not_attempted_unsupported_sport,out of scope (novelty),,,,,,,,not attempted
KXKYLEMILETIME,Will Nelk's Kyle Forgeard first mile be completed in 8 minutes,Other,,other_novelty,E,2,94323.0,False,,not_attempted,,not_attempted_unsupported_sport,out of scope (novelty),,,,,,,,not attempted
KXPPLGAMES,PPL games,Other,,other_novelty,E,30,70501.0,False,,not_attempted,,not_attempted_unsupported_sport,out of scope (novelty),,,,,,,,not attempted
KXFANATICSGAMESFIRSTPLACE,Who will come in 1st place at Fanatics Games?,Other,,other_novelty,E,23,49877.0,False,,not_attempted,,not_attempted_unsupported_sport,out of scope (novelty),,,,,,,,not attempted
KXSURF,Surfing,Other,,other_novelty,E,17,49597.0,False,,not_attempted,,not_attempted_unsupported_sport,out of scope (novelty),,,,,,,,not attempted
KXKYLE100MRUN,Kyle Foregeard 100 Mile Run,Other,,other_novelty,E,2,47654.0,False,,not_attempted,,not_attempted_unsupported_sport,out of scope (novelty),,,,,,,,not attempted
KXPICKLEBALLGAMES,Pickle Ball Games,Other,,other_novelty,E,44,24746.0,False,,not_attempted,,not_attempted_unsupported_sport,out of scope (novelty),,,,,,,,not attempted
KXBRAD100MRUN,Brad Kraut 100 Mile Challenge,Other,,other_novelty,E,1,6638.0,False,,not_attempted,,not_attempted_unsupported_sport,out of scope (novelty),,,,,,,,not attempted
KXFANATICSGAMESTHIRDPLACE,Who will come in 3rd place at Fanatics Games?,Other,,other_novelty,E,10,5196.0,False,,not_attempted,,not_attempted_unsupported_sport,out of scope (novelty),,,,,,,,not attempted
KXFANATICSGAMESSECONDPLACE,Who will come in 2nd place at Fanatics Games?,Other,,other_novelty,E,12,2611.0,False,,not_attempted,,not_attempted_unsupported_sport,out of scope (novelty),,,,,,,,not attempted
KXGUINNESSWRCOUNT,Guinness World Record count,Other,,other_novelty,E,0,0.0,False,,not_attempted,,not_attempted_unsupported_sport,out of scope (novelty),,,,,,,,not attempted
KXPPL,Pro Padel League,Other,,other_novelty,E,0,0.0,False,,not_attempted,,not_attempted_unsupported_sport,out of scope (novelty),,,,,,,,not attempted
KXNATHANSHD,Nathan's Hot Dog Eating Contest Winner,Other,Nathan's Hot Dog Contest (M),tournament_outright,C,38,16534629.04,False,,not_attempted,,not_attempted_unsupported_sport,outright/bracket: few independent outcomes per season; needs prospective capture + simulation,,,,,,,,not attempted
KXMARATHON,Marathon Winner,Other,Boston Marathon,tournament_outright,C,100,172566.28,False,,not_attempted,,not_attempted_unsupported_sport,outright/bracket: few independent outcomes per season; needs prospective capture + simulation,,,,,,,,not attempted
KXCITYCHAMPS,City Major Sports Championships,Other,City Titles,tournament_outright,C,39,150083.61,False,,not_attempted,,not_attempted_unsupported_sport,outright/bracket: few independent outcomes per season; needs prospective capture + simulation,,,,,,,,not attempted
KXSURFCOMPETITION,Surfing Competition Winner,Other,Surfing,tournament_outright,C,99,84145.85,False,,not_attempted,,not_attempted_unsupported_sport,outright/bracket: few independent outcomes per season; needs prospective capture + simulation,,,,,,,,not attempted
KXTOURDEFRANCE,Tour de France winner,Other,,tournament_outright,C,19,76302.0,False,,not_attempted,,not_attempted_unsupported_sport,outright/bracket: few independent outcomes per season; needs prospective capture + simulation,,,,,,,,not attempted
KXSUMOWIN,Sumo Tournament Winner,Other,Sumo,tournament_outright,C,58,51911.79,False,,not_attempted,,not_attempted_unsupported_sport,outright/bracket: few independent outcomes per season; needs prospective capture + simulation,,,,,,,,not attempted
KXMLP,Major League Pickleball,Other,MLP,tournament_outright,C,8,51371.52,False,,not_attempted,,not_attempted_unsupported_sport,outright/bracket: few independent outcomes per season; needs prospective capture + simulation,,,,,,,,not attempted
KX4MINMILEW,Women's Sub 4-Minute Mile,Other,,tournament_outright,C,1,49887.0,False,,not_attempted,,not_attempted_unsupported_sport,outright/bracket: few independent outcomes per season; needs prospective capture + simulation,,,,,,,,not attempted
KXSAILGP,SailGP Championship,Other,SailGP,tournament_outright,C,13,31690.04,False,,not_attempted,,not_attempted_unsupported_sport,outright/bracket: few independent outcomes per season; needs prospective capture + simulation,,,,,,,,not attempted
KXUFASEMI,Ultimate Frisbee Association Championship Qualifiers,Other,,tournament_outright,C,18,13218.0,False,,not_attempted,,not_attempted_unsupported_sport,outright/bracket: few independent outcomes per season; needs prospective capture + simulation,,,,,,,,not attempted
KXMROLYMPIA,Mr. Olympia winner,Other,Mr Olympia,tournament_outright,C,8,9499.08,False,,not_attempted,,not_attempted_unsupported_sport,outright/bracket: few independent outcomes per season; needs prospective capture + simulation,,,,,,,,not attempted
KXIMOCOUNTRY, International Mathematical Olympiad Country Winner,Other,,tournament_outright,C,8,8978.92,False,,not_attempted,,not_attempted_unsupported_sport,outright/bracket: few independent outcomes per season; needs prospective capture + simulation,,,,,,,,not attempted
KXUFA,Ultimate Frisbee Association Champion,Other,Ultimate Frisbee,tournament_outright,C,6,6640.0,False,,not_attempted,,not_attempted_unsupported_sport,outright/bracket: few independent outcomes per season; needs prospective capture + simulation,,,,,,,,not attempted
KXYUGIOH,Yu-Gi-Oh! TCG World Championship Winner,Other,Yu-Gi-Oh! World Championship,tournament_outright,C,4,1567.67,False,,not_attempted,,not_attempted_unsupported_sport,outright/bracket: few independent outcomes per season; needs prospective capture + simulation,,,,,,,,not attempted
KXSTEELBRIDGE,Steel Bridge National Championship,Other,Steel Bridge National Championship,tournament_outright,C,5,212.81,False,,not_attempted,,not_attempted_unsupported_sport,outright/bracket: few independent outcomes per season; needs prospective capture + simulation,,,,,,,,not attempted
KXCLIMBING,Climbing Winner,Other,World Climbing Series,tournament_outright,C,4,14.96,False,,not_attempted,,not_attempted_unsupported_sport,outright/bracket: few independent outcomes per season; needs prospective capture + simulation,,,,,,,,not attempted
KXBEASTGAMES,Beast Games: Strong vs. Smart Winner,Other,,tournament_outright,C,0,0.0,False,,not_attempted,,not_attempted_unsupported_sport,outright/bracket: few independent outcomes per season; needs prospective capture + simulation,,,,,,,,not attempted
KXFANATICSWINNER,Fanatics winner type,Other,,tournament_outright,C,0,0.0,False,,not_attempted,,not_attempted_unsupported_sport,outright/bracket: few independent outcomes per season; needs prospective capture + simulation,,,,,,,,not attempted
KXFISHING,Fishing Tournament Winner,Other,,tournament_outright,C,0,0.0,False,,not_attempted,,not_attempted_unsupported_sport,outright/bracket: few independent outcomes per season; needs prospective capture + simulation,,,,,,,,not attempted
KXUFACENT,Ultimate Frisbee Association Central Division Winner,Other,,tournament_outright,C,0,0.0,False,,not_attempted,,not_attempted_unsupported_sport,outright/bracket: few independent outcomes per season; needs prospective capture + simulation,,,,,,,,not attempted
KXUFAEAST,Ultimate Frisbee Association East Division Winner,Other,,tournament_outright,C,0,0.0,False,,not_attempted,,not_attempted_unsupported_sport,outright/bracket: few independent outcomes per season; needs prospective capture + simulation,,,,,,,,not attempted
KXUFASOUTH,Ultimate Frisbee Association South Division Winner,Other,,tournament_outright,C,0,0.0,False,,not_attempted,,not_attempted_unsupported_sport,outright/bracket: few independent outcomes per season; needs prospective capture + simulation,,,,,,,,not attempted
KXUFAWEST,Ultimate Frisbee Association East Division Winner,Other,,tournament_outright,C,0,0.0,False,,not_attempted,,not_attempted_unsupported_sport,outright/bracket: few independent outcomes per season; needs prospective capture + simulation,,,,,,,,not attempted
KXROWING,Rowing race winner,Rowing,Rowing,field_finish,F,11,2565.0,False,,not_attempted,,not_attempted_unsupported_sport,no independent results adapter for this competition in Phase 1 (game_winner only via Kalshi-only path),,,,,,,,not attempted
KXRUGBYNRLMATCH,Rugby NRL Match,Rugby,National Rugby League,game_winner,B,655,2213497.46,True,k_kxrugbynrlmatch,kalshi_settlement_only,kalshi_settlement_only,kalshi_settlement_only_evaluated,,663,18,,,0,18,9,evaluated
KXSIXNATIONSMATCH,Six Nations Rugby Match,Rugby,Six Nations Rugby,game_winner,B,45,649485.0,True,k_kxsixnationsmatch,kalshi_settlement_only,kalshi_settlement_only,no_test_contracts,no scored contracts in the test window,45,0,,,0,0,0,no test-period contracts
KXRUGBYESLMATCH,England Super League Rugby Match,Rugby,Super League Rugby,game_winner,B,388,86988.38,True,k_kxrugbyeslmatch,kalshi_settlement_only,kalshi_settlement_only,kalshi_settlement_only_evaluated,,436,10,,,0,10,5,evaluated
KXRUGBYFRA14MATCH,Rugby French 14 Match,Rugby,France Top 14,game_winner,B,258,67223.56,True,k_kxrugbyfra14match,kalshi_settlement_only,kalshi_settlement_only,kalshi_settlement_only_evaluated,,340,52,,,0,52,26,evaluated
KXRUGBYMLRMATCH,Major League Rugby Match,Rugby,Major League Rugby,game_winner,B,24,9652.3,True,k_kxrugbymlrmatch,kalshi_settlement_only,kalshi_settlement_only,kalshi_settlement_only_evaluated,,26,2,,,0,2,1,evaluated
KXRUGBYGPREMMATCH,Gallagher Prem Match,Rugby,Gallagher Premiership,game_winner,B,6,1844.0,True,k_kxrugbygpremmatch,kalshi_settlement_only,kalshi_settlement_only,kalshi_settlement_only_evaluated,,8,8,,,0,8,4,evaluated
KXPREMMATCH,PREM Rugby Match,Rugby,PREM Rugby,game_winner,B,8,1169.9,True,k_kxpremmatch,kalshi_settlement_only,kalshi_settlement_only,kalshi_settlement_only_evaluated,,18,8,,,0,8,4,evaluated
KXSIXNATIONS,Six Nations Champion,Rugby,Six Nations Rugby,tournament_outright,C,6,37704.0,True,,not_attempted,,not_attempted_supported_sport,outright/bracket: few independent outcomes per season; needs prospective capture + simulation,,,,,,,,not attempted
KXNRLCHAMP,National Rugby League Champion,Rugby,National Rugby League,tournament_outright,C,13,15829.47,True,,not_attempted,,not_attempted_supported_sport,outright/bracket: few independent outcomes per season; needs prospective capture + simulation,,,,,,,,not attempted
KXPREMCHAMP,Gallagher Premiership Champion,Rugby,Gallagher Premiership,tournament_outright,C,9,2189.98,True,,not_attempted,,not_attempted_supported_sport,outright/bracket: few independent outcomes per season; needs prospective capture + simulation,,,,,,,,not attempted
KXURCMATCH,United Rugby Championship Match,Rugby,United Rugby Championship,tournament_outright,C,10,1118.84,True,,not_attempted,,not_attempted_supported_sport,outright/bracket: few independent outcomes per season; needs prospective capture + simulation,,,,,,,,not attempted
KXFRA14CHAMP,France Top 14 Champion,Rugby,France Top 14,tournament_outright,C,5,467.0,True,,not_attempted,,not_attempted_supported_sport,outright/bracket: few independent outcomes per season; needs prospective capture + simulation,,,,,,,,not attempted
KXRUGBYWC,Men's Rugby World Cup Winner,Rugby,Men's Rugby World Cup,tournament_outright,C,5,409.45,True,,not_attempted,,not_attempted_supported_sport,outright/bracket: few independent outcomes per season; needs prospective capture + simulation,,,,,,,,not attempted
KXSLRCHAMP,England Super League Champion,Rugby,Super League Rugby,tournament_outright,C,3,47.43,True,,not_attempted,,not_attempted_supported_sport,outright/bracket: few independent outcomes per season; needs prospective capture + simulation,,,,,,,,not attempted
KXMLR,Major League Rugby Champion,Rugby,,tournament_outright,C,0,0.0,True,,not_attempted,,not_attempted_supported_sport,outright/bracket: few independent outcomes per season; needs prospective capture + simulation,,,,,,,,not attempted
KXWCGOALLEADER,World Cup Goal Leader,Soccer,FIFA World Cup,awards,C,54,43036524.28,True,,not_attempted,,not_attempted_supported_sport,awards: voting outcomes without as-of inputs,,,,,,,,not attempted
KXWCAWARD,World Cup Award,Soccer,FIFA World Cup,awards,C,253,16608916.36,True,,not_attempted,,not_attempted_supported_sport,awards: voting outcomes without as-of inputs,,,,,,,,not attempted
KXBALLONDOR,Ballon d'Or,Soccer,Ballon d'Or,awards,C,40,15129795.77,True,,not_attempted,,not_attempted_supported_sport,awards: voting outcomes without as-of inputs,,,,,,,,not attempted
KXPFAPOY,PFA Player of The Year,Soccer,EPL,awards,C,25,1000898.61,True,,not_attempted,,not_attempted_supported_sport,awards: voting outcomes without as-of inputs,,,,,,,,not attempted
KXWCRECORD,World Cup Record Breaking,Soccer,FIFA World Cup,awards,C,1,366846.4,True,,not_attempted,,not_attempted_supported_sport,awards: voting outcomes without as-of inputs,,,,,,,,not attempted
KXWCAWARDCOMBO,World Cup Awards,Soccer,FIFA World Cup,awards,C,2,347038.77,True,,not_attempted,,not_attempted_supported_sport,awards: voting outcomes without as-of inputs,,,,,,,,not attempted
KXWCGOLDENBOOTCLEAT,Golden Boot Cleats,Soccer,FIFA World Cup,awards,C,4,235417.12,True,,not_attempted,,not_attempted_supported_sport,awards: voting outcomes without as-of inputs,,,,,,,,not attempted
KXBALLONDORAWARD,Ballon d'Or awards,Soccer,Ballon d'Or,awards,C,21,12854.97,True,,not_attempted,,not_attempted_supported_sport,awards: voting outcomes without as-of inputs,,,,,,,,not attempted
KXBALLONDORNATION,Ballon d'Or nationality,Soccer,,awards,C,4,9731.0,True,,not_attempted,,not_attempted_supported_sport,awards: voting outcomes without as-of inputs,,,,,,,,not attempted
KXSUPERBALLONDOR,Super Ballon d'Or,Soccer,Champions League,awards,C,1,1523.3,True,,not_attempted,,not_attempted_supported_sport,awards: voting outcomes without as-of inputs,,,,,,,,not attempted
KXEPLPOY,EPL Player Of The Year ,Soccer,,awards,C,0,0.0,True,,not_attempted,,not_attempted_supported_sport,awards: voting outcomes without as-of inputs,,,,,,,,not attempted
KXWCGOALRECORD,World Cup Goal Record,Soccer,,awards,C,0,0.0,True,,not_attempted,,not_attempted_supported_sport,awards: voting outcomes without as-of inputs,,,,,,,,not attempted
KXWCPREPACK,World Cup Prepack,Soccer,FIFA World Cup,combo_parlay,E,6,3999277.42,True,,not_attempted,,not_attempted_supported_sport,out of scope (derived combination),,,,,,,,not attempted
KXWCSTAGEOFELIM,World Cup Stage of Elimination,Soccer,FIFA World Cup,field_finish,A,336,16367129.55,True,,not_attempted,,not_attempted_supported_sport,no independent results adapter for this competition in Phase 1 (game_winner only via Kalshi-only path),,,,,,,,not attempted
KXWCFURTHESTADVANCING,Furthest Advancing Country from World Cup Region,Soccer,FIFA World Cup,field_finish,A,42,4286042.82,True,,not_attempted,,not_attempted_supported_sport,no independent results adapter for this competition in Phase 1 (game_winner only via Kalshi-only path),,,,,,,,not attempted
KXWCTEAMH2H,World Cup Team Head to Head,Soccer,FIFA World Cup,field_finish,A,33,1747126.79,True,,not_attempted,,not_attempted_supported_sport,no independent results adapter for this competition in Phase 1 (game_winner only via Kalshi-only path),,,,,,,,not attempted
KXWCSTAGE,World Cup Furthest Stage Advanced,Soccer,FIFA World Cup,field_finish,A,35,1580828.13,True,,not_attempted,,not_attempted_supported_sport,no independent results adapter for this competition in Phase 1 (game_winner only via Kalshi-only path),,,,,,,,not attempted
KXWCBESTHOST,World Cup Best Performing Host Nation,Soccer,FIFA World Cup,field_finish,A,3,662828.0,True,,not_attempted,,not_attempted_supported_sport,no independent results adapter for this competition in Phase 1 (game_winner only via Kalshi-only path),,,,,,,,not attempted
KXBALLONDORRANK,Ballon d'Or top finishers,Soccer,Ballon d'Or,field_finish,A,51,57073.0,True,,not_attempted,,not_attempted_supported_sport,no independent results adapter for this competition in Phase 1 (game_winner only via Kalshi-only path),,,,,,,,not attempted
KXLIGAMXTOP,Liga MX Top Finishers,Soccer,Liga MX,field_finish,A,16,3813.48,True,,not_attempted,,not_attempted_supported_sport,no independent results adapter for this competition in Phase 1 (game_winner only via Kalshi-only path),,,,,,,,not attempted
KXEPLH2HFINISH,EPL H2H Finishing Position,Soccer,EPL,field_finish,A,10,986.41,True,,not_attempted,,not_attempted_supported_sport,no independent results adapter for this competition in Phase 1 (game_winner only via Kalshi-only path),,,,,,,,not attempted
KXWCHOSTSTAGE,World Cup Furthest Stage Advanced to by a Host Nation,Soccer,,field_finish,A,0,0.0,True,,not_attempted,,not_attempted_supported_sport,no traded markets,,,,,,,,not attempted
KXWCGAME,World Cup Game,Soccer,FIFA World Cup,game_winner,A,312,4494733493.99,True,k_kxwcgame,kalshi_settlement_only,kalshi_settlement_only,no_test_contracts,no scored contracts in the test window,312,0,,,0,0,0,no test-period contracts
KXWCADVANCE,World Cup Advance,Soccer,FIFA World Cup,game_winner,A,62,2502023083.59,True,k_kxwcadvance,kalshi_settlement_only,kalshi_settlement_only,no_test_contracts,no scored contracts in the test window,62,0,,,0,0,0,no test-period contracts
KXMENWORLDCUP,Men's World Cup winner,Soccer,FIFA World Cup,game_winner,A,66,1540161824.07,True,k_kxmenworldcup,kalshi_settlement_only,kalshi_settlement_only,no_test_contracts,no scored contracts in the test window,66,0,,,0,0,0,no test-period contracts
KXEPLGAME,English Premier League Game,Soccer,EPL,game_winner,A,1359,828930162.82,True,epl,independent_outcomes,strict,strict_evaluated,,1374,1311,579/579,1311/1311,0,732,244,evaluated
KXLALIGAGAME,La Liga Game,Soccer,La Liga,game_winner,A,1407,592920789.36,True,laliga,independent_outcomes,strict,strict_evaluated,,1425,1350,516/516,1350/1350,0,834,278,evaluated
KXLIGAMXGAME,Liga MX Game,Soccer,Liga MX,game_winner,A,904,404567878.56,True,ligamx,independent_outcomes,strict,strict_evaluated,,942,840,78/78,840/840,0,762,254,evaluated
KXMLSGAME,Major League Soccer Game,Soccer,MLS,game_winner,A,2250,388152327.76,True,mls,independent_outcomes,strict,strict_evaluated,,2325,2166,951/951,2166/2166,0,1212,404,evaluated
KXINTLFRIENDLYGAME,International Friendly Game,Soccer,Intl Friendlies,game_winner,A,901,303390409.19,True,k_kxintlfriendlygame,kalshi_settlement_only,kalshi_settlement_only,no_test_contracts,no scored contracts in the test window,912,0,,,0,0,0,no test-period contracts
KXSERIEAGAME,Serie A Game,Soccer,Serie A,game_winner,A,1325,275416804.69,True,seriea,independent_outcomes,strict,strict_evaluated,,1350,1290,498/498,1290/1290,0,792,264,evaluated
KXCLUBFGAME,Club Friendlies,Soccer,Club Friendlies,game_winner,A,2603,263854304.81,True,k_kxclubfgame,kalshi_settlement_only,kalshi_settlement_only,no_test_contracts,no scored contracts in the test window,2223,0,,,0,0,0,no test-period contracts
KXUEFANLGAME,UEFA Nations League Game,Soccer,UEFA Nations League,game_winner,A,318,236065703.22,True,k_kxuefanlgame,kalshi_settlement_only,kalshi_settlement_only,no_test_contracts,no scored contracts in the test window,318,0,,,0,0,0,no test-period contracts
KXLEAGUESCUPGAME,Leagues Cup Game,Soccer,Leagues Cup,game_winner,A,255,231569881.47,True,k_kxleaguescupgame,kalshi_settlement_only,kalshi_settlement_only,no_test_contracts,no scored contracts in the test window,186,0,,,0,0,0,no test-period contracts
KXBUNDESLIGAGAME,Bundesliga Game,Soccer,Bundesliga,game_winner,A,1073,184861816.36,True,bundesliga,independent_outcomes,strict,strict_evaluated,,1098,1026,405/405,1026/1026,0,621,207,evaluated
KXARGPREMDIVGAME,Argentina Primera Division Game,Soccer,Argentina Primera Division,game_winner,A,1363,167058488.7,True,argentina,independent_outcomes,exploratory,exploratory_evaluated,only 21 pre-test settled contracts (< 30),1350,1272,21/21,1272/1272,0,1248,415,evaluated
KXLIGUE1GAME,Ligue 1 Game,Soccer,Ligue 1,game_winner,A,1094,141819668.16,True,ligue1,independent_outcomes,strict,strict_evaluated,,1119,1050,432/432,1050/1050,0,618,206,evaluated
KXBRASILEIROGAME,Brasileiro Serie A Game,Soccer,Brasileiro Serie A,game_winner,A,1168,120800835.05,True,brasileiro,independent_outcomes,strict,strict_evaluated,,1206,1113,254/255,1112/1113,0,837,279,evaluated
KXDIMAYORGAME,Liga DIMAYOR Game,Soccer,Colombian Liga DIMAYOR,game_winner,A,925,104381357.45,True,k_kxdimayorgame,kalshi_settlement_only,kalshi_settlement_only,no_test_contracts,no scored contracts in the test window,903,0,,,0,0,0,no test-period contracts
KXUELGAME,UEFA Europa League Game,Soccer,Europa League,game_winner,A,778,103384790.83,True,uel,independent_outcomes,strict,strict_evaluated,,816,408,162/162,408/408,0,246,82,evaluated
KXECULPGAME,Ecuador Liga Pro Game,Soccer,Ecuador LigaPro,game_winner,A,728,101123811.74,True,k_kxeculpgame,kalshi_settlement_only,kalshi_settlement_only,no_test_contracts,no scored contracts in the test window,726,0,,,0,0,0,no test-period contracts
KXSAUDIPLGAME,Saudi Pro League Game,Soccer,Saudi Pro League,game_winner,A,918,96356629.73,True,saudi,independent_outcomes,strict,strict_evaluated,,948,900,90/90,900/900,0,810,270,evaluated
KXUECLGAME,UEFA Conference League Game,Soccer,Conference League,game_winner,A,1230,90743146.25,True,uecl,independent_outcomes,strict,strict_evaluated,,1230,348,213/213,348/348,0,135,45,evaluated
KXCONCACAFNLGAME,CONCACAF Nations League Game,Soccer,CONCACAF Nations League,game_winner,A,223,76877100.37,True,k_kxconcacafnlgame,kalshi_settlement_only,kalshi_settlement_only,no_test_contracts,no scored contracts in the test window,228,0,,,0,0,0,no test-period contracts
KXAFCONGAME,AFCON Game Winner,Soccer,AFCON Qualifiers,game_winner,A,313,73577867.07,True,k_kxafcongame,kalshi_settlement_only,kalshi_settlement_only,no_test_contracts,no scored contracts in the test window,315,0,,,0,0,0,no test-period contracts
KXLIGAPORTUGALGAME,Liga Portugal Game,Soccer,Liga Portugal,game_winner,A,898,65482663.56,True,ligaportugal,independent_outcomes,strict,strict_evaluated,,909,864,186/186,864/864,0,678,226,evaluated
KXBRASILEIROBGAME,Brasileiro Serie B Game,Soccer,Brasileiro Serie B,game_winner,A,536,63715382.16,True,k_kxbrasileirobgame,kalshi_settlement_only,kalshi_settlement_only,no_test_contracts,no scored contracts in the test window,570,0,,,0,0,0,no test-period contracts
KXJLEAGUEGAME,Japan J League Game,Soccer,Japan J1 League,game_winner,A,975,63564446.47,True,k_kxjleaguegame,kalshi_settlement_only,kalshi_settlement_only,no_test_contracts,no scored contracts in the test window,960,0,,,0,0,0,no test-period contracts
KXSUPERLIGGAME,Turkish Super Lig Game,Soccer,Super Lig,game_winner,A,824,53395420.5,True,k_kxsuperliggame,kalshi_settlement_only,kalshi_settlement_only,no_test_contracts,no scored contracts in the test window,837,0,,,0,0,0,no test-period contracts
KXLALIGA2GAME,LaLiga 2 Game,Soccer,La Liga 2,game_winner,A,852,51951640.07,True,k_kxlaliga2game,kalshi_settlement_only,kalshi_settlement_only,no_test_contracts,no scored contracts in the test window,879,0,,,0,0,0,no test-period contracts
KXPERLIGA1GAME,Peru Liga 1 Game,Soccer,Peru Liga 1,game_winner,A,510,51919386.44,True,k_kxperliga1game,kalshi_settlement_only,kalshi_settlement_only,no_test_contracts,no scored contracts in the test window,495,0,,,0,0,0,no test-period contracts
KXCONMEBOLSUDGAME,CONMEBOL Sudamericana Game,Soccer,CONMEBOL Sudamericana,game_winner,A,394,44673207.85,True,k_kxconmebolsudgame,kalshi_settlement_only,kalshi_settlement_only,no_test_contracts,no scored contracts in the test window,399,0,,,0,0,0,no test-period contracts
KXALEAGUEGAME,Australian A League Game,Soccer,Australia A League,game_winner,A,429,43978945.79,True,k_kxaleaguegame,kalshi_settlement_only,kalshi_settlement_only,no_test_contracts,no scored contracts in the test window,432,0,,,0,0,0,no test-period contracts
KXFIFAGAME,Fifa Game,Soccer,FIFA World Cup Qualifiers,game_winner,A,411,43075421.0,True,k_kxfifagame,kalshi_settlement_only,kalshi_settlement_only,no_test_contracts,no scored contracts in the test window,411,0,,,0,0,0,no test-period contracts
KXNWSLGAME,NWSL Game,Soccer,NWSL,game_winner,A,654,42511761.12,True,k_kxnwslgame,kalshi_settlement_only,kalshi_settlement_only,no_test_contracts,no scored contracts in the test window,639,0,,,0,0,0,no test-period contracts
KXCONMEBOLLIBGAME,CONMEBOL Libertadores Game,Soccer,CONMEBOL Libertadores,game_winner,A,344,42373852.49,True,k_kxconmebollibgame,kalshi_settlement_only,kalshi_settlement_only,no_test_contracts,no scored contracts in the test window,348,0,,,0,0,0,no test-period contracts
KXAPFDDHGAME,APF Division de Honor Game,Soccer,APF Division de Honor,game_winner,A,501,40872209.89,True,k_kxapfddhgame,kalshi_settlement_only,kalshi_settlement_only,no_test_contracts,no scored contracts in the test window,492,0,,,0,0,0,no test-period contracts
KXCHNSLGAME,Chinese Super League Game,Soccer,Chinese Super League,game_winner,A,648,40568581.1,True,k_kxchnslgame,kalshi_settlement_only,kalshi_settlement_only,no_test_contracts,no scored contracts in the test window,648,0,,,0,0,0,no test-period contracts
KXEREDIVISIEGAME,Eredivisie Game,Soccer,Eredivisie,game_winner,A,879,37922127.17,True,eredivisie,independent_outcomes,strict,strict_evaluated,,885,834,186/186,834/834,0,648,216,evaluated
KXURYPDGAME,Uruguay Primera Division Game,Soccer,Uruguay Primera Division,game_winner,A,676,35963129.0,True,k_kxurypdgame,kalshi_settlement_only,kalshi_settlement_only,no_test_contracts,no scored contracts in the test window,681,0,,,0,0,0,no test-period contracts
KXFACUPGAME,FA Cup Game,Soccer,FA Cup,game_winner,A,228,35933267.38,True,k_kxfacupgame,kalshi_settlement_only,kalshi_settlement_only,no_test_contracts,no scored contracts in the test window,531,0,,,0,0,0,no test-period contracts
KXALLSVENSKANGAME,Allsvenskan Game,Soccer,Allsvenskan,game_winner,A,519,34978377.62,True,k_kxallsvenskangame,kalshi_settlement_only,kalshi_settlement_only,no_test_contracts,no scored contracts in the test window,522,0,,,0,0,0,no test-period contracts
KXEGYPLGAME,Egyptian Premier League Game,Soccer,Egyptian Premier League,game_winner,A,527,33597052.02,True,k_kxegyplgame,kalshi_settlement_only,kalshi_settlement_only,no_test_contracts,no scored contracts in the test window,552,0,,,0,0,0,no test-period contracts
KXCHLLDPGAME,Chile Liga de Primera Game,Soccer,Chile Liga de Primera,game_winner,A,452,28265060.56,True,k_kxchlldpgame,kalshi_settlement_only,kalshi_settlement_only,no_test_contracts,no scored contracts in the test window,465,0,,,0,0,0,no test-period contracts
KXKLEAGUEGAME,Korea K League Game,Soccer,Korea K League 1,game_winner,A,617,28120123.83,True,k_kxkleaguegame,kalshi_settlement_only,kalshi_settlement_only,no_test_contracts,no scored contracts in the test window,609,0,,,0,0,0,no test-period contracts
KXCOPADELREYGAME,Copa Del Rey Game,Soccer,Copa del Rey,game_winner,A,155,27856766.43,True,k_kxcopadelreygame,kalshi_settlement_only,kalshi_settlement_only,no_test_contracts,no scored contracts in the test window,162,0,,,0,0,0,no test-period contracts
KXEFLCUPGAME,EFL Cup Game,Soccer,EFL Cup,game_winner,A,381,27544883.69,True,k_kxeflcupgame,kalshi_settlement_only,kalshi_settlement_only,no_test_contracts,no scored contracts in the test window,282,0,,,0,0,0,no test-period contracts
KXEKSTRAKLASAGAME,Polish Ekstraklasa Game,Soccer,Ekstraklasa,game_winner,A,693,27257048.83,True,k_kxekstraklasagame,kalshi_settlement_only,kalshi_settlement_only,no_test_contracts,no scored contracts in the test window,708,0,,,0,0,0,no test-period contracts
KXELITESERIENGAME,Eliteserien Game,Soccer,Eliteserien,game_winner,A,432,26862158.12,True,k_kxeliteseriengame,kalshi_settlement_only,kalshi_settlement_only,no_test_contracts,no scored contracts in the test window,435,0,,,0,0,0,no test-period contracts
KXBUNDESLIGA2GAME,Bundesliga 2 Game,Soccer,Bundesliga 2,game_winner,A,545,26535745.15,True,bundesliga2,independent_outcomes,exploratory,exploratory_evaluated,only 0 pre-test settled contracts (< 30),540,513,0/0,513/513,0,513,171,evaluated
KXSCOTTISHPREMGAME,Scottish Premiership Game,Soccer,Scottish Premiership,game_winner,A,614,24309520.2,True,k_kxscottishpremgame,kalshi_settlement_only,kalshi_settlement_only,no_test_contracts,no scored contracts in the test window,621,0,,,0,0,0,no test-period contracts
KXBELGIANPLGAME,Belgian Pro League Game,Soccer,Belgian Pro League,game_winner,A,859,22379182.51,True,k_kxbelgianplgame,kalshi_settlement_only,kalshi_settlement_only,no_test_contracts,no scored contracts in the test window,870,0,,,0,0,0,no test-period contracts
KXDENSUPERLIGAGAME,Danish Superliga Game,Soccer,Danish Superliga,game_winner,A,427,21674879.99,True,k_kxdensuperligagame,kalshi_settlement_only,kalshi_settlement_only,no_test_contracts,no scored contracts in the test window,432,0,,,0,0,0,no test-period contracts
KXASEANGAME,ASEAN Game,Soccer,ASEAN Championship,game_winner,A,96,21644182.3,True,k_kxaseangame,kalshi_settlement_only,kalshi_settlement_only,no_test_contracts,no scored contracts in the test window,72,0,,,0,0,0,no test-period contracts
KXLIGAEXPGAME,Liga Expansion Game,Soccer,Liga de Expansion MX,game_winner,A,297,20864820.43,True,k_kxligaexpgame,kalshi_settlement_only,kalshi_settlement_only,no_test_contracts,no scored contracts in the test window,291,0,,,0,0,0,no test-period contracts
KXARGNACBGAME,Argentine Nacional B Game,Soccer,Argentine Nacional B,game_winner,A,659,18502992.71,True,k_kxargnacbgame,kalshi_settlement_only,kalshi_settlement_only,no_test_contracts,no scored contracts in the test window,753,0,,,0,0,0,no test-period contracts
KXCOPADOBRASILGAME,Copa do Brasil Game,Soccer,Copa do Brasil,game_winner,A,183,18081548.18,True,k_kxcopadobrasilgame,kalshi_settlement_only,kalshi_settlement_only,no_test_contracts,no scored contracts in the test window,153,0,,,0,0,0,no test-period contracts
KXSWISSLEAGUEGAME,Swiss Super League Game,Soccer,Swiss Super League,game_winner,A,563,17939679.3,True,k_kxswissleaguegame,kalshi_settlement_only,kalshi_settlement_only,no_test_contracts,no scored contracts in the test window,576,0,,,0,0,0,no test-period contracts
KXCLUBWCGAME,Club World Club Game,Soccer,Club World Cup,game_winner,A,186,16123943.0,True,k_kxclubwcgame,kalshi_settlement_only,kalshi_settlement_only,no_test_contracts,no scored contracts in the test window,186,0,,,0,0,0,no test-period contracts
KXSERIEBGAME,Serie B Game,Soccer,Serie B,game_winner,A,614,15828189.02,True,k_kxseriebgame,kalshi_settlement_only,kalshi_settlement_only,no_test_contracts,no scored contracts in the test window,642,0,,,0,0,0,no test-period contracts
KXBRASILEIROCGAME,Brasileiro Serie C Game,Soccer,Brasileiro Serie C,game_winner,A,286,13956558.03,True,k_kxbrasileirocgame,kalshi_settlement_only,kalshi_settlement_only,no_test_contracts,no scored contracts in the test window,291,0,,,0,0,0,no test-period contracts
KXCZEFLGAME,Czech First League Game,Soccer,Czech First League,game_winner,A,373,13934775.5,True,k_kxczeflgame,kalshi_settlement_only,kalshi_settlement_only,no_test_contracts,no scored contracts in the test window,387,0,,,0,0,0,no test-period contracts
KXCOPPAITALIAGAME,Coppa Italia Game,Soccer,Coppa Italia,game_winner,A,141,13238949.77,True,k_kxcoppaitaliagame,kalshi_settlement_only,kalshi_settlement_only,no_test_contracts,no scored contracts in the test window,147,0,,,0,0,0,no test-period contracts
KXHNLGAME,Croatia HNL Game,Soccer,Croatia HNL,game_winner,A,455,12764600.18,True,k_kxhnlgame,kalshi_settlement_only,kalshi_settlement_only,no_test_contracts,no scored contracts in the test window,462,0,,,0,0,0,no test-period contracts
KXEWSLGAME,England Women's Super League Game,Soccer,English Womens Super League,game_winner,A,237,12499347.82,True,k_kxewslgame,kalshi_settlement_only,kalshi_settlement_only,no_test_contracts,no scored contracts in the test window,237,0,,,0,0,0,no test-period contracts
KXSLGREECEGAME,Super League Greece Game,Soccer,Greece Super League,game_winner,A,468,12386025.82,True,k_kxslgreecegame,kalshi_settlement_only,kalshi_settlement_only,no_test_contracts,no scored contracts in the test window,483,0,,,0,0,0,no test-period contracts
KXUAEPLGAME,UAE Pro League,Soccer,UAE Pro League,game_winner,A,189,11201019.06,True,k_kxuaeplgame,kalshi_settlement_only,kalshi_settlement_only,no_test_contracts,no scored contracts in the test window,189,0,,,0,0,0,no test-period contracts
KXBOLPDIVGAME,Bolivia Premier Division Game,Soccer,Bolivia Premier Division,game_winner,A,498,9678781.29,True,k_kxbolpdivgame,kalshi_settlement_only,kalshi_settlement_only,no_test_contracts,no scored contracts in the test window,495,0,,,0,0,0,no test-period contracts
KXCANPLGAME,Canadian Premier League,Soccer,Canadian Premier League,game_winner,A,298,7875640.28,True,k_kxcanplgame,kalshi_settlement_only,kalshi_settlement_only,no_test_contracts,no scored contracts in the test window,297,0,,,0,0,0,no test-period contracts
KXDFBPOKALGAME,DFB Pokal Game,Soccer,DFB Pokal,game_winner,A,141,7747843.19,True,k_kxdfbpokalgame,kalshi_settlement_only,kalshi_settlement_only,no_test_contracts,no scored contracts in the test window,141,0,,,0,0,0,no test-period contracts
KXCOUPEDEFRANCEGAME,Coupe de France Game,Soccer,Coupe de France,game_winner,A,93,7644873.24,True,k_kxcoupedefrancegame,kalshi_settlement_only,kalshi_settlement_only,no_test_contracts,no scored contracts in the test window,93,0,,,0,0,0,no test-period contracts
KXVENFUTVEGAME,Venezuela Liga FUTVE game,Soccer,Venezuela Liga FUTVE,game_winner,A,535,7598635.49,True,k_kxvenfutvegame,kalshi_settlement_only,kalshi_settlement_only,no_test_contracts,no scored contracts in the test window,618,0,,,0,0,0,no test-period contracts
KXSERIECGAME,Serie C Game,Soccer,Serie C,game_winner,A,709,7403068.89,True,k_kxseriecgame,kalshi_settlement_only,kalshi_settlement_only,no_test_contracts,no scored contracts in the test window,801,0,,,0,0,0,no test-period contracts
KXJ2LEAGUEGAME,Japan J2 League Game,Soccer,Japan J2 League,game_winner,A,217,6087868.45,True,k_kxj2leaguegame,kalshi_settlement_only,kalshi_settlement_only,no_test_contracts,no scored contracts in the test window,246,0,,,0,0,0,no test-period contracts
KXEFLL1GAME,EFL League One Game,Soccer,EFL League One,game_winner,A,462,5952166.38,True,k_kxefll1game,kalshi_settlement_only,kalshi_settlement_only,no_test_contracts,no scored contracts in the test window,513,0,,,0,0,0,no test-period contracts
KXESPSUPERCUPGAME,Spain Super Cup Game,Soccer,Spain Super Cup,game_winner,A,9,5712907.0,True,k_kxespsupercupgame,kalshi_settlement_only,kalshi_settlement_only,no_test_contracts,no scored contracts in the test window,9,0,,,0,0,0,no test-period contracts
KXETTANGAME,Ettan Game,Soccer,Ettan,game_winner,A,434,5672819.14,True,k_kxettangame,kalshi_settlement_only,kalshi_settlement_only,no_test_contracts,no scored contracts in the test window,480,0,,,0,0,0,no test-period contracts
KXTFF1LIGGAME,TFF 1. Lig Game,Soccer,TFF 1. Lig,game_winner,A,215,5499177.25,True,k_kxtff1liggame,kalshi_settlement_only,kalshi_settlement_only,no_test_contracts,no scored contracts in the test window,249,0,,,0,0,0,no test-period contracts
KXTACAPORTGAME,Taca de Portugal Game,Soccer,Taca de Portugal,game_winner,A,307,5442557.25,True,k_kxtacaportgame,kalshi_settlement_only,kalshi_settlement_only,no_test_contracts,no scored contracts in the test window,318,0,,,0,0,0,no test-period contracts
KXEERSTEDIVGAME,Eerste Divisie Game,Soccer,Eerste Divisie,game_winner,A,246,4942490.22,True,k_kxeerstedivgame,kalshi_settlement_only,kalshi_settlement_only,no_test_contracts,no scored contracts in the test window,270,0,,,0,0,0,no test-period contracts
KXCZEFNLGAME,Czech National Football League Game,Soccer,Czech National Football League,game_winner,A,145,4766985.22,True,k_kxczefnlgame,kalshi_settlement_only,kalshi_settlement_only,no_test_contracts,no scored contracts in the test window,168,0,,,0,0,0,no test-period contracts
KXFIFAWGAME,FIFA Women's Game,Soccer,FIFA World Cup Qualifiers Women,game_winner,A,216,4609757.98,True,k_kxfifawgame,kalshi_settlement_only,kalshi_settlement_only,no_test_contracts,no scored contracts in the test window,246,0,,,0,0,0,no test-period contracts
KXTHAIL1GAME,Thai League 1 Game,Soccer,Thai League 1,game_winner,A,276,4528404.74,True,k_kxthail1game,kalshi_settlement_only,kalshi_settlement_only,no_test_contracts,no scored contracts in the test window,297,0,,,0,0,0,no test-period contracts
KXENGNLGAME,English National League Game,Soccer,English National League,game_winner,A,396,4058806.56,True,k_kxengnlgame,kalshi_settlement_only,kalshi_settlement_only,no_test_contracts,no scored contracts in the test window,429,0,,,0,0,0,no test-period contracts
KXLVAVIRGAME,Latvian Virsliga Game,Soccer,Latvian Virsliga,game_winner,A,89,3772444.93,True,k_kxlvavirgame,kalshi_settlement_only,kalshi_settlement_only,no_test_contracts,no scored contracts in the test window,99,0,,,0,0,0,no test-period contracts
KXCHNL1GAME,China League 1 Game,Soccer,China League 1,game_winner,A,168,3659613.55,True,k_kxchnl1game,kalshi_settlement_only,kalshi_settlement_only,no_test_contracts,no scored contracts in the test window,192,0,,,0,0,0,no test-period contracts
KXFINYLGAME,Finnish Ykkosliiga Game,Soccer,Finnish Ykkosliiga,game_winner,A,108,3522230.33,True,k_kxfinylgame,kalshi_settlement_only,kalshi_settlement_only,no_test_contracts,no scored contracts in the test window,120,0,,,0,0,0,no test-period contracts
KXSCOCUPGAME,Scottish Cup Game,Soccer,Scottish League Cup,game_winner,A,132,3487859.96,True,k_kxscocupgame,kalshi_settlement_only,kalshi_settlement_only,no_test_contracts,no scored contracts in the test window,132,0,,,0,0,0,no test-period contracts
KXKNVBCUPGAME,KNVB Cup Game,Soccer,KNVB,game_winner,A,198,3034741.58,True,k_kxknvbcupgame,kalshi_settlement_only,kalshi_settlement_only,no_test_contracts,no scored contracts in the test window,198,0,,,0,0,0,no test-period contracts
KXIDNSLGAME,Indonesia Super League Game,Soccer,Indonesia Super League,game_winner,A,88,2882716.28,True,k_kxidnslgame,kalshi_settlement_only,kalshi_settlement_only,no_test_contracts,no scored contracts in the test window,114,0,,,0,0,0,no test-period contracts
KXLIGUE2GAME,Ligue 2 Game,Soccer,Ligue 2,game_winner,A,165,2687588.12,True,k_kxligue2game,kalshi_settlement_only,kalshi_settlement_only,no_test_contracts,no scored contracts in the test window,189,0,,,0,0,0,no test-period contracts
KXSVK2LGAME,Slovakian 2. Liga Game,Soccer,Slovakian 2. Liga,game_winner,A,192,2594906.43,True,k_kxsvk2lgame,kalshi_settlement_only,kalshi_settlement_only,no_test_contracts,no scored contracts in the test window,216,0,,,0,0,0,no test-period contracts
KXGRECUPGAME,Greek Cup Game,Soccer,Greek Cup,game_winner,A,81,2388767.97,True,k_kxgrecupgame,kalshi_settlement_only,kalshi_settlement_only,no_test_contracts,no scored contracts in the test window,81,0,,,0,0,0,no test-period contracts
KXMYSLGAME,Malaysia Super League Game,Soccer,Malaysia Super League,game_winner,A,84,2376539.64,True,k_kxmyslgame,kalshi_settlement_only,kalshi_settlement_only,no_test_contracts,no scored contracts in the test window,84,0,,,0,0,0,no test-period contracts
KXFRASUPERCUPGAME,France Super Cup Game,Soccer,France Super Cup,game_winner,A,6,2123861.32,True,k_kxfrasupercupgame,kalshi_settlement_only,kalshi_settlement_only,no_test_contracts,no scored contracts in the test window,6,0,,,0,0,0,no test-period contracts
KXNCAAMSOCCERGAME,College Soccer Game,Soccer,NCAA Mens Soccer,game_winner,A,1104,1814662.73,True,k_kxncaamsoccergame,kalshi_settlement_only,kalshi_settlement_only,no_test_contracts,no scored contracts in the test window,1110,0,,,0,0,0,no test-period contracts
KXVLEAGUE1GAME,Vietnam V-League 1 Game,Soccer,Vietnam V-League 1,game_winner,A,50,1787728.85,True,k_kxvleague1game,kalshi_settlement_only,kalshi_settlement_only,no_test_contracts,no scored contracts in the test window,63,0,,,0,0,0,no test-period contracts
KXISRPLGAME,Israeli Premier League Game,Soccer,Israeli Premier League,game_winner,A,110,1768443.5,True,k_kxisrplgame,kalshi_settlement_only,kalshi_settlement_only,no_test_contracts,no scored contracts in the test window,129,0,,,0,0,0,no test-period contracts
KXUEFASCGAME,UEFA Super Cup,Soccer,UEFA Super Cup,game_winner,A,3,1748138.01,True,k_kxuefascgame,kalshi_settlement_only,kalshi_settlement_only,no_test_contracts,no scored contracts in the test window,3,0,,,0,0,0,no test-period contracts
KXISRNLGAME,Liga Leumit Game,Soccer,Liga Leumit,game_winner,A,199,1731581.78,True,k_kxisrnlgame,kalshi_settlement_only,kalshi_settlement_only,no_test_contracts,no scored contracts in the test window,216,0,,,0,0,0,no test-period contracts
KXSRBSLGAME,Serbian SuperLiga Game,Soccer,Serbian SuperLiga,game_winner,A,130,1716341.36,True,k_kxsrbslgame,kalshi_settlement_only,kalshi_settlement_only,no_test_contracts,no scored contracts in the test window,150,0,,,0,0,0,no test-period contracts
KXGER3LGAME,German 3. Liga Game,Soccer,German 3. Liga,game_winner,A,190,1614541.29,True,k_kxger3lgame,kalshi_settlement_only,kalshi_settlement_only,no_test_contracts,no scored contracts in the test window,225,0,,,0,0,0,no test-period contracts
KXK2LEAGUEGAME,Korea K-League 2 Game,Soccer,Korea K-League 2,game_winner,A,141,1367915.86,True,k_kxk2leaguegame,kalshi_settlement_only,kalshi_settlement_only,no_test_contracts,no scored contracts in the test window,156,0,,,0,0,0,no test-period contracts
KXUSOPENCUPGAME,US Open Cup Game,Soccer,US Open Cup,game_winner,A,19,1177248.27,True,k_kxusopencupgame,kalshi_settlement_only,kalshi_settlement_only,no_test_contracts,no scored contracts in the test window,21,0,,,0,0,0,no test-period contracts
KXUSLCUPGAME,USL Cup Game,Soccer,USL Cup,game_winner,A,210,1122103.41,True,k_kxuslcupgame,kalshi_settlement_only,kalshi_settlement_only,no_test_contracts,no scored contracts in the test window,213,0,,,0,0,0,no test-period contracts
KXAFCACGAME,AFC Asia Cup Game,Soccer,AFC Asian Cup Qualifiers,game_winner,A,33,1014082.0,True,k_kxafcacgame,kalshi_settlement_only,kalshi_settlement_only,no_test_contracts,no scored contracts in the test window,33,0,,,0,0,0,no test-period contracts
KXSERIEAWGAME,Serie A Femminile Game,Soccer,Serie A Femminile,game_winner,A,36,987269.78,True,k_kxserieawgame,kalshi_settlement_only,kalshi_settlement_only,no_test_contracts,no scored contracts in the test window,36,0,,,0,0,0,no test-period contracts
KXSVNPLGAME,Slovenian Prva Liga Game,Soccer,Slovenian Prva Liga,game_winner,A,93,887431.01,True,k_kxsvnplgame,kalshi_settlement_only,kalshi_settlement_only,no_test_contracts,no scored contracts in the test window,111,0,,,0,0,0,no test-period contracts
KXENGCSGAME,England Community Shield,Soccer,Community Shield,game_winner,A,3,736675.47,True,k_kxengcsgame,kalshi_settlement_only,kalshi_settlement_only,no_test_contracts,no scored contracts in the test window,3,0,,,0,0,0,no test-period contracts
KXTWEEDEDIVGAME,Tweede Divisie Game,Soccer,Tweede Divisie,game_winner,A,216,603236.52,True,k_kxtweededivgame,kalshi_settlement_only,kalshi_settlement_only,no_test_contracts,no scored contracts in the test window,243,0,,,0,0,0,no test-period contracts
KXEREDIVISIEWGAME,Eredivisie Vrouwen Game,Soccer,Eredivisie Vrouwen,game_winner,A,105,585210.52,True,k_kxeredivisiewgame,kalshi_settlement_only,kalshi_settlement_only,no_test_contracts,no scored contracts in the test window,105,0,,,0,0,0,no test-period contracts
KXSVKCUPGAME,Slovakian Cup Game,Soccer,Slovakian Cup,game_winner,A,265,539123.73,True,k_kxsvkcupgame,kalshi_settlement_only,kalshi_settlement_only,no_test_contracts,no scored contracts in the test window,336,0,,,0,0,0,no test-period contracts
KXSERIECCUPGAME,Coppa Italia Lega Pro Game,Soccer,Coppa Italia Lega Pro,game_winner,A,132,385498.18,True,k_kxserieccupgame,kalshi_settlement_only,kalshi_settlement_only,no_test_contracts,no scored contracts in the test window,135,0,,,0,0,0,no test-period contracts
KXINTERCONCUPGAME,Intercontinental Cup Match,Soccer,FIFA Intercontinental Cup,game_winner,A,3,371856.0,True,k_kxinterconcupgame,kalshi_settlement_only,kalshi_settlement_only,no_test_contracts,no scored contracts in the test window,3,0,,,0,0,0,no test-period contracts
KXGERSCGAME,Germany Super Cup,Soccer,Germany Super Cup,game_winner,A,3,358870.77,True,k_kxgerscgame,kalshi_settlement_only,kalshi_settlement_only,no_test_contracts,no scored contracts in the test window,3,0,,,0,0,0,no test-period contracts
KXSGPPLGAME,Singapore Premier League Game,Soccer,Singapore Premier League,game_winner,A,23,349354.21,True,k_kxsgpplgame,kalshi_settlement_only,kalshi_settlement_only,no_test_contracts,no scored contracts in the test window,33,0,,,0,0,0,no test-period contracts
KXBALLERLEAGUEGAME,Baller League Game,Soccer,Baller League,game_winner,A,141,311553.51,True,k_kxballerleaguegame,kalshi_settlement_only,kalshi_settlement_only,no_test_contracts,no scored contracts in the test window,150,0,,,0,0,0,no test-period contracts
KXMLSASTGAME,MLS All Star Game,Soccer,MLS All-Star Game,game_winner,A,3,205988.46,True,k_kxmlsastgame,kalshi_settlement_only,kalshi_settlement_only,no_test_contracts,no scored contracts in the test window,3,0,,,0,0,0,no test-period contracts
KXFROPLGAME,Faroe Islands Premier League Game,Soccer,Faroe Islands Premier League,game_winner,A,75,197836.1,True,k_kxfroplgame,kalshi_settlement_only,kalshi_settlement_only,no_test_contracts,no scored contracts in the test window,90,0,,,0,0,0,no test-period contracts
KXEFLTROPHYGAME,EFL Trophy Game,Soccer,EFL Trophy,game_winner,A,38,114945.33,True,k_kxefltrophygame,kalshi_settlement_only,kalshi_settlement_only,no_test_contracts,no scored contracts in the test window,45,0,,,0,0,0,no test-period contracts
KXISRPLCUPGAME,Premier League Cup Game,Soccer,Premier League Cup,game_winner,A,21,48855.03,True,k_kxisrplcupgame,kalshi_settlement_only,kalshi_settlement_only,no_test_contracts,no scored contracts in the test window,21,0,,,0,0,0,no test-period contracts
KXITASUPERCUPGAME,Italy Super Cup Game,Soccer,Italian Super Cup,game_winner,A,3,46606.0,True,k_kxitasupercupgame,kalshi_settlement_only,kalshi_settlement_only,no_test_contracts,no scored contracts in the test window,3,0,,,0,0,0,no test-period contracts
KXFIFAUSPULLGAME,FIFA US pull game,Soccer,FIFA World Cup,game_winner,A,1,38302.33,True,k_kxfifauspullgame,kalshi_settlement_only,kalshi_settlement_only,no_test_contracts,no scored contracts in the test window,1,0,,,0,0,0,no test-period contracts
KXPPPKSO,PrizePicks PK Shootout,Soccer,Ray vs Sketch PK Shootout,game_winner,A,2,7531.52,True,k_kxpppkso,kalshi_settlement_only,kalshi_settlement_only,no_test_contracts,no scored contracts in the test window,2,0,,,0,0,0,no test-period contracts
KXFROCUPGAME,Faroe Islands Cup Game,Soccer,Faroe Islands Cup,game_winner,A,3,5194.18,True,k_kxfrocupgame,kalshi_settlement_only,kalshi_settlement_only,no_test_contracts,no scored contracts in the test window,3,0,,,0,0,0,no test-period contracts
KXFINCUPGAME,Suomen Cup Game,Soccer,Suomen Cup,game_winner,A,3,5118.65,True,k_kxfincupgame,kalshi_settlement_only,kalshi_settlement_only,no_test_contracts,no scored contracts in the test window,3,0,,,0,0,0,no test-period contracts
KXFINALISSIMAGAME,Finalissima,Soccer,Finalissima,game_winner,A,3,728.0,True,k_kxfinalissimagame,kalshi_settlement_only,kalshi_settlement_only,no_test_contracts,no scored contracts in the test window,3,0,,,0,0,0,no test-period contracts
KXDANISHSUPERLIGAGAME,Danish Superliga Game,Soccer,,game_winner,A,0,0.0,True,,not_attempted,,not_attempted_supported_sport,no traded markets,,,,,,,,not attempted
KXISRNLCUPGAME,National League Cup Game,Soccer,,game_winner,A,0,0.0,True,,not_attempted,,not_attempted_supported_sport,no traded markets,,,,,,,,not attempted
KXISRSCUPGAME,State Cup Game,Soccer,,game_winner,A,0,0.0,True,,not_attempted,,not_attempted_supported_sport,no traded markets,,,,,,,,not attempted
KXISRSUPCUPGAME,Super Cup Game,Soccer,,game_winner,A,0,0.0,True,,not_attempted,,not_attempted_supported_sport,no traded markets,,,,,,,,not attempted
KXMLSSKILLS,MLS Skills Challenge Winner,Soccer,,game_winner,A,0,0.0,True,,not_attempted,,not_attempted_supported_sport,no traded markets,,,,,,,,not attempted
KXQSTARSGAME,Qatar Stars League,Soccer,,game_winner,A,0,0.0,True,,not_attempted,,not_attempted_supported_sport,no traded markets,,,,,,,,not attempted
KXSERIECSCUPGAME,Supercoppa di Lega Pro Game,Soccer,,game_winner,A,0,0.0,True,,not_attempted,,not_attempted_supported_sport,no traded markets,,,,,,,,not attempted
KXSRBCUPGAME,Serbian Cup Game,Soccer,,game_winner,A,0,0.0,True,,not_attempted,,not_attempted_supported_sport,no traded markets,,,,,,,,not attempted
KXSVNCUPGAME,Slovenian Cup Game,Soccer,,game_winner,A,0,0.0,True,,not_attempted,,not_attempted_supported_sport,no traded markets,,,,,,,,not attempted
KXEPLLEADER,EPL Leader,Soccer,EPL,league_leaders,C,34,58180.26,True,,not_attempted,,not_attempted_supported_sport,league leaders: one outcome per stat-season,,,,,,,,not attempted
KXUCLLEADER,Champions League Leader,Soccer,Champions League,league_leaders,C,19,39049.88,True,,not_attempted,,not_attempted_supported_sport,league leaders: one outcome per stat-season,,,,,,,,not attempted
KXMLSLEADER,MLS Leader,Soccer,MLS,league_leaders,C,4,5061.12,True,,not_attempted,,not_attempted_supported_sport,league leaders: one outcome per stat-season,,,,,,,,not attempted
KXLALIGALEADER,La Liga Leader,Soccer,La Liga,league_leaders,C,5,2477.78,True,,not_attempted,,not_attempted_supported_sport,league leaders: one outcome per stat-season,,,,,,,,not attempted
KXLIGAMXLEADER,Liga MX Leader,Soccer,Liga MX,league_leaders,C,5,1351.77,True,,not_attempted,,not_attempted_supported_sport,league leaders: one outcome per stat-season,,,,,,,,not attempted
KXEPLSEASONSTAT,EPL Season Stats,Soccer,EPL,league_leaders,C,4,141.95,True,,not_attempted,,not_attempted_supported_sport,league leaders: one outcome per stat-season,,,,,,,,not attempted
KXBUNDESLIGALEADER,Bundesliga Leader,Soccer,Bundesliga,league_leaders,C,1,6.0,True,,not_attempted,,not_attempted_supported_sport,league leaders: one outcome per stat-season,,,,,,,,not attempted
KXSERIEALEADER,Serie A Leader,Soccer,Serie A,league_leaders,C,1,0.3,True,,not_attempted,,not_attempted_supported_sport,league leaders: one outcome per stat-season,,,,,,,,not attempted
KXLIGUE1LEADER,Ligue 1 Leader,Soccer,Ligue 1,league_leaders,C,0,0.0,True,,not_attempted,,not_attempted_supported_sport,league leaders: one outcome per stat-season,,,,,,,,not attempted
KXFIFAUSPULL,FIFA us pull,Soccer,,other_novelty,E,1,45405.88,True,,not_attempted,,not_attempted_supported_sport,out of scope (novelty),,,,,,,,not attempted
KXJOINRONALDO,Cristiano Ronaldo,Soccer,,other_novelty,E,10,28751.1,True,,not_attempted,,not_attempted_supported_sport,out of scope (novelty),,,,,,,,not attempted
KXLOSEREALMADRID,Real Madrid lose,Soccer,,other_novelty,E,5,18978.0,True,,not_attempted,,not_attempted_supported_sport,out of scope (novelty),,,,,,,,not attempted
KXLAMINEYAMAL,Lamine Yamal,Soccer,La Liga,other_novelty,E,1,9666.28,True,,not_attempted,,not_attempted_supported_sport,out of scope (novelty),,,,,,,,not attempted
KXCLUBCHANGEMBAPPE,Club Change Mbappe,Soccer,La Liga,other_novelty,E,1,5404.04,True,,not_attempted,,not_attempted_supported_sport,out of scope (novelty),,,,,,,,not attempted
KXJOINMESSI,Messi,Soccer,,other_novelty,E,1,4466.0,True,,not_attempted,,not_attempted_supported_sport,out of scope (novelty),,,,,,,,not attempted
KXLOSEBARCA,Barcelona lose,Soccer,,other_novelty,E,8,3583.0,True,,not_attempted,,not_attempted_supported_sport,out of scope (novelty),,,,,,,,not attempted
KXJOINEKITIKE,Hugo Ekitike,Soccer,,other_novelty,E,2,2878.0,True,,not_attempted,,not_attempted_supported_sport,out of scope (novelty),,,,,,,,not attempted
KXTRINITYRODMANNWSL,Trinity Rodman NWSL,Soccer,NWSL,other_novelty,E,1,824.0,True,,not_attempted,,not_attempted_supported_sport,out of scope (novelty),,,,,,,,not attempted
KXJOINNEYMARMIAMI,Inter Miami Neymar,Soccer,,other_novelty,E,1,749.0,True,,not_attempted,,not_attempted_supported_sport,out of scope (novelty),,,,,,,,not attempted
KXNEWCASTLEUBADGE,Newcastle United badge,Soccer,,other_novelty,E,1,199.0,True,,not_attempted,,not_attempted_supported_sport,out of scope (novelty),,,,,,,,not attempted
KXEPLH2H,EPL H2H Results,Soccer,EPL,other_novelty,E,1,2.03,True,,not_attempted,,not_attempted_supported_sport,out of scope (novelty),,,,,,,,not attempted
KXDWCS79,DWCS 79,Soccer,,other_novelty,E,0,0.0,True,,not_attempted,,not_attempted_supported_sport,out of scope (novelty),,,,,,,,not attempted
KXMANCITYFINE,Manchester City monetary fines,Soccer,,other_novelty,E,0,0.0,True,,not_attempted,,not_attempted_supported_sport,out of scope (novelty),,,,,,,,not attempted
KXUEFAGAME,UEFA Soccer Games,Soccer,,other_novelty,E,0,0.0,True,,not_attempted,,not_attempted_supported_sport,out of scope (novelty),,,,,,,,not attempted
KXWCSTART,World Cup Starters,Soccer,FIFA World Cup,personnel_ops,E,969,8537494.11,True,,not_attempted,,not_attempted_supported_sport,out of scope (non-sporting outcome),,,,,,,,not attempted
KXJOINCLUB,Soccer Join Club,Soccer,EPL,personnel_ops,E,453,4871181.91,True,,not_attempted,,not_attempted_supported_sport,out of scope (non-sporting outcome),,,,,,,,not attempted
KXWCSQUAD,World Cup Squad,Soccer,FIFA World Cup,personnel_ops,E,304,1046426.81,True,,not_attempted,,not_attempted_supported_sport,out of scope (non-sporting outcome),,,,,,,,not attempted
KXBALOGUNPLAY,Will Balogun Play Today,Soccer,FIFA World Cup,personnel_ops,E,1,337698.34,True,,not_attempted,,not_attempted_supported_sport,out of scope (non-sporting outcome),,,,,,,,not attempted
KXNEXTMANAGERMANU,Next Man U Manager,Soccer,EPL,personnel_ops,E,22,254361.72,True,,not_attempted,,not_attempted_supported_sport,out of scope (non-sporting outcome),,,,,,,,not attempted
KXJOINLEAGUE,Soccer Join League,Soccer,,personnel_ops,E,24,193756.94,True,,not_attempted,,not_attempted_supported_sport,out of scope (non-sporting outcome),,,,,,,,not attempted
KXMANAGERSOUT,Managers Out,Soccer,EPL,personnel_ops,E,38,178287.71,True,,not_attempted,,not_attempted_supported_sport,out of scope (non-sporting outcome),,,,,,,,not attempted
KXWCPLAY,World Cup Play in Game,Soccer,FIFA World Cup,personnel_ops,E,2,124454.55,True,,not_attempted,,not_attempted_supported_sport,out of scope (non-sporting outcome),,,,,,,,not attempted
KXSOCCERTRANSFER,Soccer Transfer,Soccer,,personnel_ops,E,29,117353.19,True,,not_attempted,,not_attempted_supported_sport,out of scope (non-sporting outcome),,,,,,,,not attempted
KXFIFALEAVE,FIFA Leave,Soccer,FIFA World Cup,personnel_ops,E,1,102617.01,True,,not_attempted,,not_attempted_supported_sport,out of scope (non-sporting outcome),,,,,,,,not attempted
KXNEXTMANAGEREPL,Next Manager,Soccer,EPL,personnel_ops,E,41,88406.51,True,,not_attempted,,not_attempted_supported_sport,out of scope (non-sporting outcome),,,,,,,,not attempted
KXMLSJOIN,MLS Transfers,Soccer,MLS,personnel_ops,E,18,87417.53,True,,not_attempted,,not_attempted_supported_sport,out of scope (non-sporting outcome),,,,,,,,not attempted
KXNEXTMANAGER,Next Manager,Soccer,FIFA World Cup,personnel_ops,E,18,72968.29,True,,not_attempted,,not_attempted_supported_sport,out of scope (non-sporting outcome),,,,,,,,not attempted
KXNEXTMANAGERLALIGA,La Liga Next Manager,Soccer,La Liga,personnel_ops,E,10,63699.95,True,,not_attempted,,not_attempted_supported_sport,out of scope (non-sporting outcome),,,,,,,,not attempted
KXINTLPLAYAGAIN,Play Again,Soccer,FIFA World Cup,personnel_ops,E,2,63689.71,True,,not_attempted,,not_attempted_supported_sport,out of scope (non-sporting outcome),,,,,,,,not attempted
KXWCHOSTWIN,World Cup Host Nation to Win,Soccer,FIFA World Cup,personnel_ops,E,1,47541.5,True,,not_attempted,,not_attempted_supported_sport,out of scope (non-sporting outcome),,,,,,,,not attempted
KXMANAGEROUTDATE,Manager Out Date,Soccer,FIFA World Cup,personnel_ops,E,6,41929.03,True,,not_attempted,,not_attempted_supported_sport,out of scope (non-sporting outcome),,,,,,,,not attempted
KXWCLOCATION,World Cup Game Location,Soccer,FIFA World Cup,personnel_ops,E,2,25315.12,True,,not_attempted,,not_attempted_supported_sport,out of scope (non-sporting outcome),,,,,,,,not attempted
KXWCHOST,World Soccer Cup Host Country,Soccer,FIFA World Cup,personnel_ops,E,14,21477.48,True,,not_attempted,,not_attempted_supported_sport,out of scope (non-sporting outcome),,,,,,,,not attempted
KXRMAPLAYTOGETHER,Real Madrid Play Together,Soccer,La Liga,personnel_ops,E,1,21033.05,True,,not_attempted,,not_attempted_supported_sport,out of scope (non-sporting outcome),,,,,,,,not attempted
KXACQUIREBARCA,Barcelona acquire,Soccer,,personnel_ops,E,4,13779.0,True,,not_attempted,,not_attempted_supported_sport,out of scope (non-sporting outcome),,,,,,,,not attempted
KXMESSIRETIRE,Messi retirement,Soccer,,personnel_ops,E,1,12168.0,True,,not_attempted,,not_attempted_supported_sport,out of scope (non-sporting outcome),,,,,,,,not attempted
KXRMALEAVE,Leave Real Madrid,Soccer,La Liga,personnel_ops,E,1,10603.7,True,,not_attempted,,not_attempted_supported_sport,out of scope (non-sporting outcome),,,,,,,,not attempted
KXNEXTMANAGERCHELSEA,Next Manager Chelsea,Soccer,EPL,personnel_ops,E,10,7911.0,True,,not_attempted,,not_attempted_supported_sport,out of scope (non-sporting outcome),,,,,,,,not attempted
KXCLUBWCHOST,Club World Cup Host,Soccer,Club World Cup,personnel_ops,E,7,7225.57,True,,not_attempted,,not_attempted_supported_sport,out of scope (non-sporting outcome),,,,,,,,not attempted
KXACQUIREMANU,ManU acquire,Soccer,,personnel_ops,E,5,6955.0,True,,not_attempted,,not_attempted_supported_sport,out of scope (non-sporting outcome),,,,,,,,not attempted
KXSOCCERRETIRE,Soccer Retire,Soccer,FIFA World Cup,personnel_ops,E,6,3775.19,True,,not_attempted,,not_attempted_supported_sport,out of scope (non-sporting outcome),,,,,,,,not attempted
KXACQUIREREALMADRID,Real Madrid acquire,Soccer,,personnel_ops,E,2,3583.0,True,,not_attempted,,not_attempted_supported_sport,out of scope (non-sporting outcome),,,,,,,,not attempted
KXMANCITYPREMTITLE,Premier League Titles Stripped,Soccer,EPL,personnel_ops,E,3,3468.55,True,,not_attempted,,not_attempted_supported_sport,out of scope (non-sporting outcome),,,,,,,,not attempted
KXJOINDAVID,Jonathan David transfer,Soccer,,personnel_ops,E,4,2586.0,True,,not_attempted,,not_attempted_supported_sport,out of scope (non-sporting outcome),,,,,,,,not attempted
KXNEXTMANAGERSERIEA,Next Manager,Soccer,Serie A,personnel_ops,E,10,2247.97,True,,not_attempted,,not_attempted_supported_sport,out of scope (non-sporting outcome),,,,,,,,not attempted
KXJOINSANE,Leroy Sane transfer,Soccer,,personnel_ops,E,6,1662.0,True,,not_attempted,,not_attempted_supported_sport,out of scope (non-sporting outcome),,,,,,,,not attempted
KXTRANSFERCOUNTRM,Real Madrid transfer count,Soccer,,personnel_ops,E,5,1450.0,True,,not_attempted,,not_attempted_supported_sport,out of scope (non-sporting outcome),,,,,,,,not attempted
KXCOPAAMERICAHOST,Copa America Host,Soccer,Copa America,personnel_ops,E,3,665.03,True,,not_attempted,,not_attempted_supported_sport,out of scope (non-sporting outcome),,,,,,,,not attempted
KXPOCHETTINOOUT,Pochettino Out,Soccer,FIFA World Cup,personnel_ops,E,1,295.39,True,,not_attempted,,not_attempted_supported_sport,out of scope (non-sporting outcome),,,,,,,,not attempted
KXJOINMBAPPE,Kylian Mbappe next team,Soccer,,personnel_ops,E,0,0.0,True,,not_attempted,,not_attempted_supported_sport,out of scope (non-sporting outcome),,,,,,,,not attempted
KXJOINSALAH,Mo Salah next team,Soccer,,personnel_ops,E,0,0.0,True,,not_attempted,,not_attempted_supported_sport,out of scope (non-sporting outcome),,,,,,,,not attempted
KXMANAGEROUT,Manager Out,Soccer,,personnel_ops,E,0,0.0,True,,not_attempted,,not_attempted_supported_sport,out of scope (non-sporting outcome),,,,,,,,not attempted
KXMANCITYBAN,Manchester City transfer ban,Soccer,,personnel_ops,E,0,0.0,True,,not_attempted,,not_attempted_supported_sport,out of scope (non-sporting outcome),,,,,,,,not attempted
KXMANCITYPOINTS,Manchester City points deducted,Soccer,EPL,personnel_ops,E,0,0.0,True,,not_attempted,,not_attempted_supported_sport,out of scope (non-sporting outcome),,,,,,,,not attempted
KXMANCITYSANCTION,Man City Sanctions,Soccer,,personnel_ops,E,0,0.0,True,,not_attempted,,not_attempted_supported_sport,out of scope (non-sporting outcome),,,,,,,,not attempted
KXNEXTMANAGERJUV,Next Manager of Juventus,Soccer,,personnel_ops,E,0,0.0,True,,not_attempted,,not_attempted_supported_sport,out of scope (non-sporting outcome),,,,,,,,not attempted
KXNEXTMANAGERMIL,Next Manager of AC Milan,Soccer,,personnel_ops,E,0,0.0,True,,not_attempted,,not_attempted_supported_sport,out of scope (non-sporting outcome),,,,,,,,not attempted
KXSOCCERINTLRETIRE,Soccer International Play Retirement,Soccer,,personnel_ops,E,0,0.0,True,,not_attempted,,not_attempted_supported_sport,out of scope (non-sporting outcome),,,,,,,,not attempted
KXSOCCERJOIN,Soccer Next Team,Soccer,,personnel_ops,E,0,0.0,True,,not_attempted,,not_attempted_supported_sport,out of scope (non-sporting outcome),,,,,,,,not attempted
KXSOCCERLEAVE,Soccer Leave Role,Soccer,,personnel_ops,E,0,0.0,True,,not_attempted,,not_attempted_supported_sport,out of scope (non-sporting outcome),,,,,,,,not attempted
KXUEFAISRAELBAN,UEFA Israel Ban,Soccer,,personnel_ops,E,0,0.0,True,,not_attempted,,not_attempted_supported_sport,out of scope (non-sporting outcome),,,,,,,,not attempted
KXWCGOAL,World Cup Goal,Soccer,FIFA World Cup,player_prop,B,4047,593726144.62,True,,not_attempted,,not_attempted_supported_sport,player/appearance-conditioned; pregame participation not reconstructable as-of (not modelled),,,,,,,,not attempted
KXWCSOA,World Cup Score or Assist,Soccer,FIFA World Cup,player_prop,B,2118,54410092.54,True,,not_attempted,,not_attempted_supported_sport,player/appearance-conditioned; pregame participation not reconstructable as-of (not modelled),,,,,,,,not attempted
KXWCAST,World Cup Assists,Soccer,FIFA World Cup,player_prop,B,2510,27066532.41,True,,not_attempted,,not_attempted_supported_sport,player/appearance-conditioned; pregame participation not reconstructable as-of (not modelled),,,,,,,,not attempted
KXWCMESSIMBAPPE,Goals Messi and Mbappe,Soccer,FIFA World Cup,player_prop,B,3,11555230.81,True,,not_attempted,,not_attempted_supported_sport,player/appearance-conditioned; pregame participation not reconstructable as-of (not modelled),,,,,,,,not attempted
KXUEFANLGOAL,UEFA Nations League Goal,Soccer,UEFA Nations League,player_prop,B,622,5104992.26,True,,not_attempted,,not_attempted_supported_sport,player/appearance-conditioned; pregame participation not reconstructable as-of (not modelled),,,,,,,,not attempted
KXLALIGAGOAL,Goalscorer,Soccer,La Liga,player_prop,B,957,3631493.63,True,laliga,excluded_spec,,excluded_spec,no payoff parser for suffix 'GOAL',0,0,,,0,0,0,excluded
KXWCGOALCOUNT,World Cup Goal Count,Soccer,FIFA World Cup,player_prop,B,79,3372886.58,True,,not_attempted,,not_attempted_supported_sport,player/appearance-conditioned; pregame participation not reconstructable as-of (not modelled),,,,,,,,not attempted
KXEPLGOAL,EPL Goalscorer,Soccer,EPL,player_prop,B,2044,3020648.8,True,epl,excluded_spec,,excluded_spec,no payoff parser for suffix 'GOAL',0,0,,,0,0,0,excluded
KXUCLGOAL,UCL Goalscorer,Soccer,UCL,player_prop,B,1134,2352246.98,True,,not_attempted,,not_attempted_supported_sport,player/appearance-conditioned; pregame participation not reconstructable as-of (not modelled),,,,,,,,not attempted
KXINTLFRIENDLYGOAL,Friendly Goal,Soccer,Intl Friendlies,player_prop,B,5,2058587.9,True,,not_attempted,,not_attempted_supported_sport,player/appearance-conditioned; pregame participation not reconstructable as-of (not modelled),,,,,,,,not attempted
KXEPLFIRSTGOAL,EPL 1st Goalscorer,Soccer,EPL,player_prop,B,899,686763.32,True,epl,excluded_spec,,excluded_spec,no payoff parser for suffix 'FIRSTGOAL',0,0,,,0,0,0,excluded
KXUCLFIRSTGOAL,UCL First Goalscorer,Soccer,UCL,player_prop,B,478,452064.81,True,,not_attempted,,not_attempted_supported_sport,player/appearance-conditioned; pregame participation not reconstructable as-of (not modelled),,,,,,,,not attempted
KXWCMESSIRONALDO,Goal Contributions Messi and Ronaldo,Soccer,FIFA World Cup,player_prop,B,3,450064.69,True,,not_attempted,,not_attempted_supported_sport,player/appearance-conditioned; pregame participation not reconstructable as-of (not modelled),,,,,,,,not attempted
KXWCPLAYERGOALS,World Cup Player Goals,Soccer,FIFA World Cup,player_prop,B,1004,406344.73,True,,not_attempted,,not_attempted_supported_sport,player/appearance-conditioned; pregame participation not reconstructable as-of (not modelled),,,,,,,,not attempted
KXINTLFRIENDLYAST,International Friendly Assists,Soccer,Intl Friendlies,player_prop,B,3,161000.25,True,,not_attempted,,not_attempted_supported_sport,player/appearance-conditioned; pregame participation not reconstructable as-of (not modelled),,,,,,,,not attempted
KXWCBRACE,World Cup Any Player to Score a Brace,Soccer,FIFA World Cup,player_prop,B,1,131710.58,True,,not_attempted,,not_attempted_supported_sport,player/appearance-conditioned; pregame participation not reconstructable as-of (not modelled),,,,,,,,not attempted
KXWCGOALCOMBO,Player Group Goals,Soccer,FIFA World Cup,player_prop,B,174,103964.24,True,,not_attempted,,not_attempted_supported_sport,player/appearance-conditioned; pregame participation not reconstructable as-of (not modelled),,,,,,,,not attempted
KXUCLSOA,UCL Score or Assist,Soccer,Champions League,player_prop,B,19,36100.12,True,ucl,excluded_spec,,excluded_spec,no payoff parser for suffix 'SOA',0,0,,,0,0,0,excluded
KXUCLAST,UCL Assists,Soccer,Champions League,player_prop,B,17,25013.53,True,ucl,excluded_spec,,excluded_spec,no payoff parser for suffix 'AST',0,0,,,0,0,0,excluded
KXUEFASCGOAL,Goalscorer,Soccer,UEFA Super Cup,player_prop,B,13,22251.31,True,,not_attempted,,not_attempted_supported_sport,player/appearance-conditioned; pregame participation not reconstructable as-of (not modelled),,,,,,,,not attempted
KXUEFASCFIRSTGOAL,First Goalscorer,Soccer,UEFA Super Cup,player_prop,B,2,3609.79,True,,not_attempted,,not_attempted_supported_sport,player/appearance-conditioned; pregame participation not reconstructable as-of (not modelled),,,,,,,,not attempted
KXBUNDESLIGAGOAL,Goalscorer,Soccer,,player_prop,B,0,0.0,True,,not_attempted,,not_attempted_supported_sport,player/appearance-conditioned; pregame participation not reconstructable as-of (not modelled),,,,,,,,not attempted
KXENGCSFIRSTGOAL,Community Shield First Goalscorer,Soccer,,player_prop,B,0,0.0,True,,not_attempted,,not_attempted_supported_sport,player/appearance-conditioned; pregame participation not reconstructable as-of (not modelled),,,,,,,,not attempted
KXENGCSGOAL,Community Shield Goalscorer,Soccer,,player_prop,B,0,0.0,True,,not_attempted,,not_attempted_supported_sport,player/appearance-conditioned; pregame participation not reconstructable as-of (not modelled),,,,,,,,not attempted
KXEPLAST,EPL Assists,Soccer,,player_prop,B,0,0.0,True,,not_attempted,,not_attempted_supported_sport,player/appearance-conditioned; pregame participation not reconstructable as-of (not modelled),,,,,,,,not attempted
KXEPLSOA,EPL Score or Assist,Soccer,,player_prop,B,0,0.0,True,,not_attempted,,not_attempted_supported_sport,player/appearance-conditioned; pregame participation not reconstructable as-of (not modelled),,,,,,,,not attempted
KXLIGAMXGOAL,Goalscorer,Soccer,,player_prop,B,0,0.0,True,,not_attempted,,not_attempted_supported_sport,player/appearance-conditioned; pregame participation not reconstructable as-of (not modelled),,,,,,,,not attempted
KXLIGUE1GOAL,Goalscorer,Soccer,,player_prop,B,0,0.0,True,,not_attempted,,not_attempted_supported_sport,player/appearance-conditioned; pregame participation not reconstructable as-of (not modelled),,,,,,,,not attempted
KXMLSGOAL,Goalscorer,Soccer,,player_prop,B,0,0.0,True,,not_attempted,,not_attempted_supported_sport,player/appearance-conditioned; pregame participation not reconstructable as-of (not modelled),,,,,,,,not attempted
KXSERIEAGOAL,Goalscorer,Soccer,,player_prop,B,0,0.0,True,,not_attempted,,not_attempted_supported_sport,player/appearance-conditioned; pregame participation not reconstructable as-of (not modelled),,,,,,,,not attempted
KXUCLSAVE,UCL Goalkeeper Saves,Soccer,,player_prop,B,0,0.0,True,,not_attempted,,not_attempted_supported_sport,player/appearance-conditioned; pregame participation not reconstructable as-of (not modelled),,,,,,,,not attempted
KXUCLSHOT,UCL Shots,Soccer,,player_prop,B,0,0.0,True,,not_attempted,,not_attempted_supported_sport,player/appearance-conditioned; pregame participation not reconstructable as-of (not modelled),,,,,,,,not attempted
KXUCLSOT,UCL Shots or Target,Soccer,,player_prop,B,0,0.0,True,,not_attempted,,not_attempted_supported_sport,player/appearance-conditioned; pregame participation not reconstructable as-of (not modelled),,,,,,,,not attempted
KXUCLTEAMSHOT,UCL Team Shots,Soccer,,player_prop,B,0,0.0,True,,not_attempted,,not_attempted_supported_sport,player/appearance-conditioned; pregame participation not reconstructable as-of (not modelled),,,,,,,,not attempted
KXUCLTEAMSOT,UCL Team Shots on Target,Soccer,,player_prop,B,0,0.0,True,,not_attempted,,not_attempted_supported_sport,player/appearance-conditioned; pregame participation not reconstructable as-of (not modelled),,,,,,,,not attempted
KXWCSAVE,World Cup Saves,Soccer,,player_prop,B,0,0.0,True,,not_attempted,,not_attempted_supported_sport,player/appearance-conditioned; pregame participation not reconstructable as-of (not modelled),,,,,,,,not attempted
KXWCSHOT,World Cup Shots,Soccer,,player_prop,B,0,0.0,True,,not_attempted,,not_attempted_supported_sport,player/appearance-conditioned; pregame participation not reconstructable as-of (not modelled),,,,,,,,not attempted
KXWCSOG,World Cup Shot on Goal,Soccer,,player_prop,B,0,0.0,True,,not_attempted,,not_attempted_supported_sport,player/appearance-conditioned; pregame participation not reconstructable as-of (not modelled),,,,,,,,not attempted
KXWCTEAMSHOT,World Cup Team Shots,Soccer,,player_prop,B,0,0.0,True,,not_attempted,,not_attempted_supported_sport,player/appearance-conditioned; pregame participation not reconstructable as-of (not modelled),,,,,,,,not attempted
KXWCTEAMSOG,World Cup Team Shots on Goal,Soccer,,player_prop,B,0,0.0,True,,not_attempted,,not_attempted_supported_sport,player/appearance-conditioned; pregame participation not reconstructable as-of (not modelled),,,,,,,,not attempted
KXWCSCORE,World Cup Correct Score,Soccer,FIFA World Cup,score_props,A,2691,1019572938.8,True,,not_attempted,,not_attempted_supported_sport,no independent results adapter for this competition in Phase 1 (game_winner only via Kalshi-only path),,,,,,,,not attempted
KXWCBTTS,World Cup BTTS,Soccer,FIFA World Cup,score_props,A,104,226619837.57,True,,not_attempted,,not_attempted_supported_sport,no independent results adapter for this competition in Phase 1 (game_winner only via Kalshi-only path),,,,,,,,not attempted
KXWCMOV,World Cup Method of Victory,Soccer,FIFA World Cup,score_props,A,192,160007574.44,True,,not_attempted,,not_attempted_supported_sport,no independent results adapter for this competition in Phase 1 (game_winner only via Kalshi-only path),,,,,,,,not attempted
KXWCCORNERS,World Cup Corners,Soccer,FIFA World Cup,score_props,A,520,115823900.98,True,,not_attempted,,not_attempted_supported_sport,no independent results adapter for this competition in Phase 1 (game_winner only via Kalshi-only path),,,,,,,,not attempted
KXWCTCORNERS,World Cup Team Corners,Soccer,FIFA World Cup,score_props,A,618,88503579.49,True,,not_attempted,,not_attempted_supported_sport,no independent results adapter for this competition in Phase 1 (game_winner only via Kalshi-only path),,,,,,,,not attempted
KXWCFTTS,World Cup Team To Score First,Soccer,FIFA World Cup,score_props,A,312,58770261.03,True,,not_attempted,,not_attempted_supported_sport,no independent results adapter for this competition in Phase 1 (game_winner only via Kalshi-only path),,,,,,,,not attempted
KXWCFIRSTGOAL,World Cup First Goal,Soccer,FIFA World Cup,score_props,A,1961,31603167.57,True,,not_attempted,,not_attempted_supported_sport,no independent results adapter for this competition in Phase 1 (game_winner only via Kalshi-only path),,,,,,,,not attempted
KXWCMOF,World Cup Method of Finish,Soccer,FIFA World Cup,score_props,A,96,15545152.18,True,,not_attempted,,not_attempted_supported_sport,no independent results adapter for this competition in Phase 1 (game_winner only via Kalshi-only path),,,,,,,,not attempted
KXEPLBTTS,EPL Both Teams to Score,Soccer,EPL,score_props,A,340,12740107.45,True,epl,independent_outcomes,strict,strict_evaluated,,342,284,39/39,284/284,0,245,244,evaluated
KXLALIGABTTS,La Liga BTTS,Soccer,La Liga,score_props,A,338,11781381.55,True,laliga,independent_outcomes,strict,strict_evaluated,,342,327,51/51,327/327,0,276,276,evaluated
KXUCLBTTS,Champions League BTTS,Soccer,Champions League,score_props,A,257,11504205.27,True,ucl,independent_outcomes,exploratory,exploratory_evaluated,only 18 pre-test settled contracts (< 30),261,105,18/18,105/105,0,87,87,evaluated
KXLALIGASCORE,Correct Score,Soccer,La Liga,score_props,A,1681,11068312.51,True,laliga,excluded_spec,,excluded_spec,no payoff parser for suffix 'SCORE',0,0,,,0,0,0,excluded
KXUEFANLSCORE,Correct Score,Soccer,UEFA Nations League,score_props,A,1990,9832821.24,True,,not_attempted,,not_attempted_supported_sport,no independent results adapter for this competition in Phase 1 (game_winner only via Kalshi-only path),,,,,,,,not attempted
KXLIGAMXSCORE,Correct Score,Soccer,Liga MX,score_props,A,2211,9805909.09,True,ligamx,excluded_spec,,excluded_spec,no payoff parser for suffix 'SCORE',0,0,,,0,0,0,excluded
KXMLSBTTS,MLS BTTS,Soccer,MLS,score_props,A,425,9050004.46,True,mls,independent_outcomes,exploratory,exploratory_evaluated,only 0 pre-test settled contracts (< 30),440,405,0/0,405/405,0,404,404,evaluated
KXMLSSCORE,Correct Score,Soccer,MLS,score_props,A,4192,6777102.15,True,mls,excluded_spec,,excluded_spec,no payoff parser for suffix 'SCORE',0,0,,,0,0,0,excluded
KXCLUBFBTTS,BTTS,Soccer,Club Friendlies,score_props,A,841,6493561.22,True,,not_attempted,,not_attempted_supported_sport,no independent results adapter for this competition in Phase 1 (game_winner only via Kalshi-only path),,,,,,,,not attempted
KXUEFANLBTTS,BTTS,Soccer,UEFA Nations League,score_props,A,104,6285842.06,True,,not_attempted,,not_attempted_supported_sport,no independent results adapter for this competition in Phase 1 (game_winner only via Kalshi-only path),,,,,,,,not attempted
KXEPLSCORE,Correct Score,Soccer,EPL,score_props,A,1184,5938134.96,True,epl,excluded_spec,,excluded_spec,no payoff parser for suffix 'SCORE',0,0,,,0,0,0,excluded
KXLIGAMXBTTS,Liga MX BTTS,Soccer,Liga MX,score_props,A,103,5819266.24,True,ligamx,independent_outcomes,exploratory,exploratory_evaluated,only 0 pre-test settled contracts (< 30),102,88,0/0,88/88,0,88,88,evaluated
KXLEAGUESCUPSCORE,Correct Score,Soccer,Leagues Cup,score_props,A,2114,5671718.34,True,,not_attempted,,not_attempted_supported_sport,no independent results adapter for this competition in Phase 1 (game_winner only via Kalshi-only path),,,,,,,,not attempted
KXSERIEABTTS,Serie A BTTS,Soccer,Serie A,score_props,A,320,4850874.97,True,seriea,independent_outcomes,strict,strict_evaluated,,327,317,56/56,317/317,0,261,261,evaluated
KXLEAGUESCUPBTTS,BTTS,Soccer,Leagues Cup,score_props,A,85,4770531.86,True,,not_attempted,,not_attempted_supported_sport,no independent results adapter for this competition in Phase 1 (game_winner only via Kalshi-only path),,,,,,,,not attempted
KXARGPREMDIVBTTS,Argentina Premier Division BTTS,Soccer,Argentina Primera Division,score_props,A,187,4363557.14,True,argentina,independent_outcomes,exploratory,exploratory_evaluated,only 0 pre-test settled contracts (< 30),174,171,0/0,171/171,0,170,170,evaluated
KXINTLFRIENDLYBTTS,BTTS,Soccer,Intl Friendlies,score_props,A,65,3434921.39,True,,not_attempted,,not_attempted_supported_sport,no independent results adapter for this competition in Phase 1 (game_winner only via Kalshi-only path),,,,,,,,not attempted
KXBUNDESLIGABTTS,Bundesliga BTTS,Soccer,Bundesliga,score_props,A,258,2779872.21,True,bundesliga,independent_outcomes,strict,strict_evaluated,,266,252,45/45,252/252,0,207,207,evaluated
KXUELBTTS,Europa League BTTS,Soccer,Europa League,score_props,A,118,2757397.48,True,uel,independent_outcomes,exploratory,exploratory_evaluated,only 0 pre-test settled contracts (< 30),122,6,0/0,6/6,0,6,6,excluded
KXUECLBTTS,Conference League BTTS,Soccer,Conference League,score_props,A,293,2675268.36,True,uecl,independent_outcomes,exploratory,exploratory_evaluated,only 0 pre-test settled contracts (< 30),281,5,0/0,5/5,0,5,5,excluded
KXWCTEAMFIRSTGOAL,World Cup Team First Goal,Soccer,FIFA World Cup,score_props,A,1723,2637226.8,True,,not_attempted,,not_attempted_supported_sport,no independent results adapter for this competition in Phase 1 (game_winner only via Kalshi-only path),,,,,,,,not attempted
KXDIMAYORBTTS,BTTS,Soccer,Colombian Liga DIMAYOR,score_props,A,136,2511811.42,True,,not_attempted,,not_attempted_supported_sport,no independent results adapter for this competition in Phase 1 (game_winner only via Kalshi-only path),,,,,,,,not attempted
KXBRASILEIROBTTS,BTTS,Soccer,Brasileiro Serie A,score_props,A,114,2400871.6,True,brasileiro,independent_outcomes,exploratory,exploratory_evaluated,only 0 pre-test settled contracts (< 30),126,109,0/0,109/109,0,102,102,evaluated
KXECULPBTTS,BTTS,Soccer,Ecuador LigaPro,score_props,A,101,2149522.45,True,,not_attempted,,not_attempted_supported_sport,no independent results adapter for this competition in Phase 1 (game_winner only via Kalshi-only path),,,,,,,,not attempted
KXBRASILEIROBBTTS,BTTS,Soccer,Brasileiro Serie B,score_props,A,154,2068989.01,True,,not_attempted,,not_attempted_supported_sport,no independent results adapter for this competition in Phase 1 (game_winner only via Kalshi-only path),,,,,,,,not attempted
KXCONCACAFNLBTTS,BTTS,Soccer,CONCACAF Nations League,score_props,A,74,2042411.57,True,,not_attempted,,not_attempted_supported_sport,no independent results adapter for this competition in Phase 1 (game_winner only via Kalshi-only path),,,,,,,,not attempted
KXBRASILEIROSCORE,Correct Score,Soccer,Brasileiro Serie A,score_props,A,1821,2003862.06,True,brasileiro,excluded_spec,,excluded_spec,no payoff parser for suffix 'SCORE',0,0,,,0,0,0,excluded
KXUCLWBTTS,BTTS,Soccer,Champions League Womens,score_props,A,124,1962292.85,True,,not_attempted,,not_attempted_supported_sport,no independent results adapter for this competition in Phase 1 (game_winner only via Kalshi-only path),,,,,,,,not attempted
KXLIGUE1BTTS,Ligue 1 BTTS,Soccer,Ligue 1,score_props,A,244,1728705.66,True,ligue1,independent_outcomes,strict,strict_evaluated,,254,241,36/36,241/241,0,205,205,evaluated
KXSERIEASCORE,Correct Score,Soccer,Serie A,score_props,A,814,1725620.98,True,seriea,excluded_spec,,excluded_spec,no payoff parser for suffix 'SCORE',0,0,,,0,0,0,excluded
KXUEFANLFIRSTGOAL,UEFA Nations League First Goal,Soccer,UEFA Nations League,score_props,A,354,1620386.95,True,,not_attempted,,not_attempted_supported_sport,no independent results adapter for this competition in Phase 1 (game_winner only via Kalshi-only path),,,,,,,,not attempted
KXUECLSCORE,Correct Score,Soccer,Conference League,score_props,A,2605,1458888.93,True,uecl,excluded_spec,,excluded_spec,no payoff parser for suffix 'SCORE',0,0,,,0,0,0,excluded
KXUELSCORE,Correct Score,Soccer,Europa League,score_props,A,1773,1279597.64,True,uel,excluded_spec,,excluded_spec,no payoff parser for suffix 'SCORE',0,0,,,0,0,0,excluded
KXCONMEBOLSUDBTTS,BTTS,Soccer,CONMEBOL Sudamericana,score_props,A,40,1255356.87,True,,not_attempted,,not_attempted_supported_sport,no independent results adapter for this competition in Phase 1 (game_winner only via Kalshi-only path),,,,,,,,not attempted
KXBUNDESLIGASCORE,Correct Score,Soccer,Bundesliga,score_props,A,638,1253495.75,True,bundesliga,excluded_spec,,excluded_spec,no payoff parser for suffix 'SCORE',0,0,,,0,0,0,excluded
KXWCGROUPWINELIM,World Cup Group Winners to be Eliminated in Round of 32,Soccer,FIFA World Cup,score_props,A,12,1253254.47,True,,not_attempted,,not_attempted_supported_sport,no independent results adapter for this competition in Phase 1 (game_winner only via Kalshi-only path),,,,,,,,not attempted
KXEFLCUPBTTS,BTTS,Soccer,EFL Cup,score_props,A,110,1226690.48,True,,not_attempted,,not_attempted_supported_sport,no independent results adapter for this competition in Phase 1 (game_winner only via Kalshi-only path),,,,,,,,not attempted
KXLALIGACORNERS,Total Corners,Soccer,La Liga,score_props,A,352,1153893.26,True,laliga,excluded_spec,,excluded_spec,no payoff parser for suffix 'CORNERS',0,0,,,0,0,0,excluded
KXEFLCHAMPIONSHIPBTTS,BTTS,Soccer,EFL Championship,score_props,A,100,1105842.27,True,eflc,independent_outcomes,exploratory,exploratory_evaluated,only 0 pre-test settled contracts (< 30),107,95,0/0,95/95,0,95,95,evaluated
KXAPFDDHBTTS,BTTS,Soccer,APF Division de Honor,score_props,A,81,1099541.23,True,,not_attempted,,not_attempted_supported_sport,no independent results adapter for this competition in Phase 1 (game_winner only via Kalshi-only path),,,,,,,,not attempted
KXPERLIGA1BTTS,BTTS,Soccer,Peru Liga 1,score_props,A,99,1095224.55,True,,not_attempted,,not_attempted_supported_sport,no independent results adapter for this competition in Phase 1 (game_winner only via Kalshi-only path),,,,,,,,not attempted
KXEPLCORNERS,EPL Corners,Soccer,EPL,score_props,A,334,1074641.06,True,epl,excluded_spec,,excluded_spec,no payoff parser for suffix 'CORNERS',0,0,,,0,0,0,excluded
KXLIGUE1SCORE,Correct Score,Soccer,Ligue 1,score_props,A,651,1051017.79,True,ligue1,excluded_spec,,excluded_spec,no payoff parser for suffix 'SCORE',0,0,,,0,0,0,excluded
KXCONMEBOLLIBBTTS,BTTS,Soccer,CONMEBOL Libertadores,score_props,A,24,1014634.76,True,,not_attempted,,not_attempted_supported_sport,no independent results adapter for this competition in Phase 1 (game_winner only via Kalshi-only path),,,,,,,,not attempted
KXALLSVENSKANBTTS,BTTS,Soccer,Allsvenskan,score_props,A,83,986900.87,True,,not_attempted,,not_attempted_supported_sport,no independent results adapter for this competition in Phase 1 (game_winner only via Kalshi-only path),,,,,,,,not attempted
KXWCSCOREET,Correct Score after Extra Time,Soccer,FIFA World Cup,score_props,A,13,970894.16,True,,not_attempted,,not_attempted_supported_sport,no independent results adapter for this competition in Phase 1 (game_winner only via Kalshi-only path),,,,,,,,not attempted
KXUCLMOV,UCL Method of Advancing,Soccer,Champions League,score_props,A,6,962049.2,True,ucl,excluded_spec,,excluded_spec,no payoff parser for suffix 'MOV',0,0,,,0,0,0,excluded
KXLALIGATCORNERS,Team Corners,Soccer,La Liga,score_props,A,143,959514.75,True,laliga,excluded_spec,,excluded_spec,no payoff parser for suffix 'TCORNERS',0,0,,,0,0,0,excluded
KXWCDELAY,World Cup Delay,Soccer,FIFA World Cup,score_props,A,21,921770.06,True,,not_attempted,,not_attempted_supported_sport,no independent results adapter for this competition in Phase 1 (game_winner only via Kalshi-only path),,,,,,,,not attempted
KXLALIGAFIRSTGOAL,First Goal,Soccer,La Liga,score_props,A,637,848489.3,True,laliga,excluded_spec,,excluded_spec,no payoff parser for suffix 'FIRSTGOAL',0,0,,,0,0,0,excluded
KXNWSLBTTS,NWSL BTTS,Soccer,NWSL,score_props,A,110,830909.3,True,,not_attempted,,not_attempted_supported_sport,no independent results adapter for this competition in Phase 1 (game_winner only via Kalshi-only path),,,,,,,,not attempted
KXSAUDIPLBTTS,BTTS,Soccer,Saudi Pro League,score_props,A,65,796997.61,True,saudi,independent_outcomes,exploratory,exploratory_evaluated,only 0 pre-test settled contracts (< 30),72,63,0/0,63/63,0,63,63,evaluated
KXELITESERIENBTTS,BTTS,Soccer,Eliteserien,score_props,A,74,730866.68,True,,not_attempted,,not_attempted_supported_sport,no independent results adapter for this competition in Phase 1 (game_winner only via Kalshi-only path),,,,,,,,not attempted
KXASEANBTTS,BTTS,Soccer,ASEAN Championship,score_props,A,22,710535.56,True,,not_attempted,,not_attempted_supported_sport,no independent results adapter for this competition in Phase 1 (game_winner only via Kalshi-only path),,,,,,,,not attempted
KXURYPDBTTS,BTTS,Soccer,Uruguay Primera Division,score_props,A,95,703046.49,True,,not_attempted,,not_attempted_supported_sport,no independent results adapter for this competition in Phase 1 (game_winner only via Kalshi-only path),,,,,,,,not attempted
KXCOPADOBRASILBTTS,BTTS,Soccer,Copa do Brasil,score_props,A,34,699985.48,True,,not_attempted,,not_attempted_supported_sport,no independent results adapter for this competition in Phase 1 (game_winner only via Kalshi-only path),,,,,,,,not attempted
KXCHNSLBTTS,BTTS,Soccer,Chinese Super League,score_props,A,74,657283.17,True,,not_attempted,,not_attempted_supported_sport,no independent results adapter for this competition in Phase 1 (game_winner only via Kalshi-only path),,,,,,,,not attempted
KXAFCONBTTS,BTTS,Soccer,AFCON Qualifiers,score_props,A,49,613858.22,True,,not_attempted,,not_attempted_supported_sport,no independent results adapter for this competition in Phase 1 (game_winner only via Kalshi-only path),,,,,,,,not attempted
KXLALIGA2BTTS,BTTS,Soccer,La Liga 2,score_props,A,88,610483.15,True,,not_attempted,,not_attempted_supported_sport,no independent results adapter for this competition in Phase 1 (game_winner only via Kalshi-only path),,,,,,,,not attempted
KXUCLCORNERS,UCL Corners,Soccer,Champions League,score_props,A,88,599367.33,True,ucl,excluded_spec,,excluded_spec,no payoff parser for suffix 'CORNERS',0,0,,,0,0,0,excluded
KXLIGAEXPBTTS,BTTS,Soccer,Liga de Expansion MX,score_props,A,95,596954.58,True,,not_attempted,,not_attempted_supported_sport,no independent results adapter for this competition in Phase 1 (game_winner only via Kalshi-only path),,,,,,,,not attempted
KXKLEAGUEBTTS,BTTS,Soccer,Korea K League 1,score_props,A,85,595002.02,True,,not_attempted,,not_attempted_supported_sport,no independent results adapter for this competition in Phase 1 (game_winner only via Kalshi-only path),,,,,,,,not attempted
KXLIGAPORTUGALBTTS,BTTS,Soccer,Liga Portugal,score_props,A,68,592968.41,True,ligaportugal,independent_outcomes,exploratory,exploratory_evaluated,only 0 pre-test settled contracts (< 30),71,62,0/0,62/62,0,62,62,evaluated
KXUCLSCORE,Correct Score,Soccer,Champions League,score_props,A,119,588646.81,True,ucl,excluded_spec,,excluded_spec,no payoff parser for suffix 'SCORE',0,0,,,0,0,0,excluded
KXARGNACBBTTS,BTTS,Soccer,Argentine Nacional B,score_props,A,216,560235.94,True,,not_attempted,,not_attempted_supported_sport,no independent results adapter for this competition in Phase 1 (game_winner only via Kalshi-only path),,,,,,,,not attempted
KXAFCONSCORE,Correct Score,Soccer,AFCON Qualifiers,score_props,A,602,545846.73,True,,not_attempted,,not_attempted_supported_sport,no independent results adapter for this competition in Phase 1 (game_winner only via Kalshi-only path),,,,,,,,not attempted
KXJLEAGUEBTTS,BTTS,Soccer,Japan J1 League,score_props,A,91,540264.38,True,,not_attempted,,not_attempted_supported_sport,no independent results adapter for this competition in Phase 1 (game_winner only via Kalshi-only path),,,,,,,,not attempted
KXMLSFTTS,First Team to Score,Soccer,MLS,score_props,A,567,527742.83,True,mls,excluded_spec,,excluded_spec,no payoff parser for suffix 'FTTS',0,0,,,0,0,0,excluded
KXEPLTCORNERS,EPL Team Corners,Soccer,EPL,score_props,A,136,521147.56,True,epl,excluded_spec,,excluded_spec,no payoff parser for suffix 'TCORNERS',0,0,,,0,0,0,excluded
KXLIGAMXFTTS,First Team to Score,Soccer,Liga MX,score_props,A,269,491642.37,True,ligamx,excluded_spec,,excluded_spec,no payoff parser for suffix 'FTTS',0,0,,,0,0,0,excluded
KXDENSUPERLIGABTTS,BTTS,Soccer,Danish Superliga,score_props,A,54,488173.63,True,,not_attempted,,not_attempted_supported_sport,no independent results adapter for this competition in Phase 1 (game_winner only via Kalshi-only path),,,,,,,,not attempted
KXCHLLDPBTTS,BTTS,Soccer,Chile Liga de Primera,score_props,A,69,478011.62,True,,not_attempted,,not_attempted_supported_sport,no independent results adapter for this competition in Phase 1 (game_winner only via Kalshi-only path),,,,,,,,not attempted
KXEREDIVISIEBTTS,BTTS,Soccer,Eredivisie,score_props,A,70,474559.13,True,eredivisie,independent_outcomes,exploratory,exploratory_evaluated,only 0 pre-test settled contracts (< 30),72,62,0/0,62/62,0,62,62,evaluated
KXEGYPLBTTS,BTTS,Soccer,Egyptian Premier League,score_props,A,50,474326.35,True,,not_attempted,,not_attempted_supported_sport,no independent results adapter for this competition in Phase 1 (game_winner only via Kalshi-only path),,,,,,,,not attempted
KXUSLBTTS,BTTS,Soccer,USL Championship,score_props,A,160,469847.21,True,,not_attempted,,not_attempted_supported_sport,no independent results adapter for this competition in Phase 1 (game_winner only via Kalshi-only path),,,,,,,,not attempted
KXSCOTTISHPREMBTTS,BTTS,Soccer,Scottish Premiership,score_props,A,45,449274.12,True,,not_attempted,,not_attempted_supported_sport,no independent results adapter for this competition in Phase 1 (game_winner only via Kalshi-only path),,,,,,,,not attempted
KXWCKOPENALTIES,World Cup Matches to go to Penalties,Soccer,FIFA World Cup,score_props,A,22,441864.98,True,,not_attempted,,not_attempted_supported_sport,no independent results adapter for this competition in Phase 1 (game_winner only via Kalshi-only path),,,,,,,,not attempted
KXUCLTCORNERS,Champions League Team Corners,Soccer,Champions League,score_props,A,40,432867.07,True,ucl,excluded_spec,,excluded_spec,no payoff parser for suffix 'TCORNERS',0,0,,,0,0,0,excluded
KXEKSTRAKLASABTTS,BTTS,Soccer,Ekstraklasa,score_props,A,82,396666.8,True,,not_attempted,,not_attempted_supported_sport,no independent results adapter for this competition in Phase 1 (game_winner only via Kalshi-only path),,,,,,,,not attempted
KXCOPPAITALIABTTS,BTTS,Soccer,Coppa Italia,score_props,A,30,378178.51,True,,not_attempted,,not_attempted_supported_sport,no independent results adapter for this competition in Phase 1 (game_winner only via Kalshi-only path),,,,,,,,not attempted
KXWCGOALEVERYGAME,World Cup Goal in Every Game,Soccer,FIFA World Cup,score_props,A,2,377251.84,True,,not_attempted,,not_attempted_supported_sport,no independent results adapter for this competition in Phase 1 (game_winner only via Kalshi-only path),,,,,,,,not attempted
KXSUPERLIGBTTS,BTTS,Soccer,Super Lig,score_props,A,54,371476.15,True,,not_attempted,,not_attempted_supported_sport,no independent results adapter for this competition in Phase 1 (game_winner only via Kalshi-only path),,,,,,,,not attempted
KXINTLFRIENDLYFGW,First Goal Win,Soccer,International Friendly,score_props,A,1,352919.72,True,,not_attempted,,not_attempted_supported_sport,no independent results adapter for this competition in Phase 1 (game_winner only via Kalshi-only path),,,,,,,,not attempted
KXLEAGUESCUPFTTS,First Team to Score,Soccer,Leagues Cup,score_props,A,258,339609.3,True,,not_attempted,,not_attempted_supported_sport,no independent results adapter for this competition in Phase 1 (game_winner only via Kalshi-only path),,,,,,,,not attempted
KXJ2LEAGUEBTTS,BTTS,Soccer,Japan J2 League,score_props,A,72,333881.67,True,,not_attempted,,not_attempted_supported_sport,no independent results adapter for this competition in Phase 1 (game_winner only via Kalshi-only path),,,,,,,,not attempted
KXBUNDESLIGA2BTTS,BTTS,Soccer,Bundesliga 2,score_props,A,60,319547.6,True,bundesliga2,independent_outcomes,exploratory,exploratory_evaluated,only 0 pre-test settled contracts (< 30),56,54,0/0,54/54,0,54,54,evaluated
KXENGCSBTTS,BTTS,Soccer,Community Shield,score_props,A,1,306077.68,True,,not_attempted,,not_attempted_supported_sport,no independent results adapter for this competition in Phase 1 (game_winner only via Kalshi-only path),,,,,,,,not attempted
KXVENFUTVEBTTS,BTTS,Soccer,Venezuela Liga FUTVE,score_props,A,86,305882.65,True,,not_attempted,,not_attempted_supported_sport,no independent results adapter for this competition in Phase 1 (game_winner only via Kalshi-only path),,,,,,,,not attempted
KXUEFANLFTTS,First Team to Score,Soccer,UEFA Nations League,score_props,A,306,305071.24,True,,not_attempted,,not_attempted_supported_sport,no independent results adapter for this competition in Phase 1 (game_winner only via Kalshi-only path),,,,,,,,not attempted
KXLALIGAFTTS,First Team to Score,Soccer,La Liga,score_props,A,213,300362.21,True,laliga,excluded_spec,,excluded_spec,no payoff parser for suffix 'FTTS',0,0,,,0,0,0,excluded
KXUEFASCSCORE,Correct Score,Soccer,UEFA Super Cup,score_props,A,27,296603.31,True,,not_attempted,,not_attempted_supported_sport,no independent results adapter for this competition in Phase 1 (game_winner only via Kalshi-only path),,,,,,,,not attempted
KXUAEPLBTTS,BTTS,Soccer,UAE Pro League,score_props,A,35,276448.7,True,,not_attempted,,not_attempted_supported_sport,no independent results adapter for this competition in Phase 1 (game_winner only via Kalshi-only path),,,,,,,,not attempted
KXAFCCLBTTS,BTTS,Soccer,AFC Champions League,score_props,A,20,272884.26,True,,not_attempted,,not_attempted_supported_sport,no independent results adapter for this competition in Phase 1 (game_winner only via Kalshi-only path),,,,,,,,not attempted
KXEERSTEDIVBTTS,BTTS,Soccer,Eerste Divisie,score_props,A,80,265333.88,True,,not_attempted,,not_attempted_supported_sport,no independent results adapter for this competition in Phase 1 (game_winner only via Kalshi-only path),,,,,,,,not attempted
KXTFF1LIGBTTS,BTTS,Soccer,TFF 1. Lig,score_props,A,70,264396.98,True,,not_attempted,,not_attempted_supported_sport,no independent results adapter for this competition in Phase 1 (game_winner only via Kalshi-only path),,,,,,,,not attempted
KXBELGIANPLBTTS,BTTS,Soccer,Belgian Pro League,score_props,A,67,262637.05,True,,not_attempted,,not_attempted_supported_sport,no independent results adapter for this competition in Phase 1 (game_winner only via Kalshi-only path),,,,,,,,not attempted
KXCANPLBTTS,BTTS,Soccer,Canadian Premier League,score_props,A,59,261437.43,True,,not_attempted,,not_attempted_supported_sport,no independent results adapter for this competition in Phase 1 (game_winner only via Kalshi-only path),,,,,,,,not attempted
KXCZEFLBTTS,BTTS,Soccer,Czech First League,score_props,A,69,260773.73,True,,not_attempted,,not_attempted_supported_sport,no independent results adapter for this competition in Phase 1 (game_winner only via Kalshi-only path),,,,,,,,not attempted
KXSWISSLEAGUEBTTS,BTTS,Soccer,Swiss Super League,score_props,A,51,255143.85,True,,not_attempted,,not_attempted_supported_sport,no independent results adapter for this competition in Phase 1 (game_winner only via Kalshi-only path),,,,,,,,not attempted
KXSERIECBTTS,BTTS,Soccer,Serie C,score_props,A,232,251941.64,True,,not_attempted,,not_attempted_supported_sport,no independent results adapter for this competition in Phase 1 (game_winner only via Kalshi-only path),,,,,,,,not attempted
KXBRASILEIROCBTTS,BTTS,Soccer,Brasileiro Serie C,score_props,A,72,249238.55,True,,not_attempted,,not_attempted_supported_sport,no independent results adapter for this competition in Phase 1 (game_winner only via Kalshi-only path),,,,,,,,not attempted
KXWCGOALIEPEN,Goalie Penalty Goal in World Cup,Soccer,FIFA World Cup,score_props,A,1,243722.83,True,,not_attempted,,not_attempted_supported_sport,no independent results adapter for this competition in Phase 1 (game_winner only via Kalshi-only path),,,,,,,,not attempted
KXETTANBTTS,BTTS,Soccer,Ettan,score_props,A,144,236404.56,True,,not_attempted,,not_attempted_supported_sport,no independent results adapter for this competition in Phase 1 (game_winner only via Kalshi-only path),,,,,,,,not attempted
KXUECLFTTS,First Team to Score,Soccer,Conference League,score_props,A,407,231501.43,True,uecl,excluded_spec,,excluded_spec,no payoff parser for suffix 'FTTS',0,0,,,0,0,0,excluded
KXWCTEAMSINGAME,World Cup Teams in Game,Soccer,FIFA World Cup,score_props,A,6,227847.08,True,,not_attempted,,not_attempted_supported_sport,no independent results adapter for this competition in Phase 1 (game_winner only via Kalshi-only path),,,,,,,,not attempted
KXUEFASCBTTS,BTTS,Soccer,UEFA Super Cup,score_props,A,1,227666.67,True,,not_attempted,,not_attempted_supported_sport,no independent results adapter for this competition in Phase 1 (game_winner only via Kalshi-only path),,,,,,,,not attempted
KXCOPPAITALIASCORE,Correct Score,Soccer,Coppa Italia,score_props,A,342,219632.16,True,,not_attempted,,not_attempted_supported_sport,no independent results adapter for this competition in Phase 1 (game_winner only via Kalshi-only path),,,,,,,,not attempted
KXENGNLBTTS,BTTS,Soccer,English National League,score_props,A,132,209782.99,True,,not_attempted,,not_attempted_supported_sport,no independent results adapter for this competition in Phase 1 (game_winner only via Kalshi-only path),,,,,,,,not attempted
KXWCUSAOPPONENT,World Cup USA Opponent,Soccer,FIFA World Cup,score_props,A,19,207242.12,True,,not_attempted,,not_attempted_supported_sport,no independent results adapter for this competition in Phase 1 (game_winner only via Kalshi-only path),,,,,,,,not attempted
KXEPLFTTS,First Team to Score,Soccer,EPL,score_props,A,150,195514.99,True,epl,excluded_spec,,excluded_spec,no payoff parser for suffix 'FTTS',0,0,,,0,0,0,excluded
KXCHNL1BTTS,BTTS,Soccer,China League 1,score_props,A,56,181081.0,True,,not_attempted,,not_attempted_supported_sport,no independent results adapter for this competition in Phase 1 (game_winner only via Kalshi-only path),,,,,,,,not attempted
KXEFLL1BTTS,BTTS,Soccer,EFL League One,score_props,A,90,180795.58,True,,not_attempted,,not_attempted_supported_sport,no independent results adapter for this competition in Phase 1 (game_winner only via Kalshi-only path),,,,,,,,not attempted
KXCZEFNLBTTS,BTTS,Soccer,Czech National Football League,score_props,A,49,180571.16,True,,not_attempted,,not_attempted_supported_sport,no independent results adapter for this competition in Phase 1 (game_winner only via Kalshi-only path),,,,,,,,not attempted
KXGRECUPBTTS,BTTS,Soccer,Greek Cup,score_props,A,27,172294.53,True,,not_attempted,,not_attempted_supported_sport,no independent results adapter for this competition in Phase 1 (game_winner only via Kalshi-only path),,,,,,,,not attempted
KXAFCCLSCORE,Correct Score,Soccer,AFC Champions League,score_props,A,287,171434.32,True,,not_attempted,,not_attempted_supported_sport,no independent results adapter for this competition in Phase 1 (game_winner only via Kalshi-only path),,,,,,,,not attempted
KXBRASILEIROFTTS,First Team to Score,Soccer,Brasileiro Serie A,score_props,A,302,164343.46,True,brasileiro,excluded_spec,,excluded_spec,no payoff parser for suffix 'FTTS',0,0,,,0,0,0,excluded
KXUCLFTTS,First Team to Score,Soccer,Champions League,score_props,A,54,155938.45,True,ucl,excluded_spec,,excluded_spec,no payoff parser for suffix 'FTTS',0,0,,,0,0,0,excluded
KXFINYLBTTS,BTTS,Soccer,Finnish Ykkosliiga,score_props,A,37,142972.36,True,,not_attempted,,not_attempted_supported_sport,no independent results adapter for this competition in Phase 1 (game_winner only via Kalshi-only path),,,,,,,,not attempted
KXSVK2LBTTS,BTTS,Soccer,Slovakian 2. Liga,score_props,A,64,142904.93,True,,not_attempted,,not_attempted_supported_sport,no independent results adapter for this competition in Phase 1 (game_winner only via Kalshi-only path),,,,,,,,not attempted
KXLVAVIRBTTS,BTTS,Soccer,Latvian Virsliga,score_props,A,28,142442.01,True,,not_attempted,,not_attempted_supported_sport,no independent results adapter for this competition in Phase 1 (game_winner only via Kalshi-only path),,,,,,,,not attempted
KXDFBPOKALBTTS,BTTS,Soccer,DFB Pokal,score_props,A,32,137846.34,True,,not_attempted,,not_attempted_supported_sport,no independent results adapter for this competition in Phase 1 (game_winner only via Kalshi-only path),,,,,,,,not attempted
KXENGCSSCORE,Correct Score,Soccer,Community Shield,score_props,A,29,137442.11,True,,not_attempted,,not_attempted_supported_sport,no independent results adapter for this competition in Phase 1 (game_winner only via Kalshi-only path),,,,,,,,not attempted
KXHNLBTTS,BTTS,Soccer,Croatia HNL,score_props,A,41,135324.56,True,,not_attempted,,not_attempted_supported_sport,no independent results adapter for this competition in Phase 1 (game_winner only via Kalshi-only path),,,,,,,,not attempted
KXDFBPOKALSCORE,Correct Score,Soccer,DFB Pokal,score_props,A,198,129700.46,True,,not_attempted,,not_attempted_supported_sport,no independent results adapter for this competition in Phase 1 (game_winner only via Kalshi-only path),,,,,,,,not attempted
KXIDNSLBTTS,BTTS,Soccer,Indonesia Super League,score_props,A,28,125713.45,True,,not_attempted,,not_attempted_supported_sport,no independent results adapter for this competition in Phase 1 (game_winner only via Kalshi-only path),,,,,,,,not attempted
KXSERIEBBTTS,BTTS,Soccer,Serie B,score_props,A,50,113852.29,True,,not_attempted,,not_attempted_supported_sport,no independent results adapter for this competition in Phase 1 (game_winner only via Kalshi-only path),,,,,,,,not attempted
KXISRNLBTTS,BTTS,Soccer,Liga Leumit,score_props,A,63,102427.29,True,,not_attempted,,not_attempted_supported_sport,no independent results adapter for this competition in Phase 1 (game_winner only via Kalshi-only path),,,,,,,,not attempted
KXVLEAGUE1BTTS,BTTS,Soccer,Vietnam V-League 1,score_props,A,16,99981.06,True,,not_attempted,,not_attempted_supported_sport,no independent results adapter for this competition in Phase 1 (game_winner only via Kalshi-only path),,,,,,,,not attempted
KXLIGUE2BTTS,BTTS,Soccer,Ligue 2,score_props,A,54,95727.38,True,,not_attempted,,not_attempted_supported_sport,no independent results adapter for this competition in Phase 1 (game_winner only via Kalshi-only path),,,,,,,,not attempted
KXK2LEAGUEBTTS,BTTS,Soccer,Korea K-League 2,score_props,A,46,95557.64,True,,not_attempted,,not_attempted_supported_sport,no independent results adapter for this competition in Phase 1 (game_winner only via Kalshi-only path),,,,,,,,not attempted
KXUCLMOF,UCL Method of Finish,Soccer,Champions League,score_props,A,3,89910.21,True,ucl,excluded_spec,,excluded_spec,no payoff parser for suffix 'MOF',0,0,,,0,0,0,excluded
KXUELFTTS,First Team to Score,Soccer,Europa League,score_props,A,234,88340.52,True,uel,excluded_spec,,excluded_spec,no payoff parser for suffix 'FTTS',0,0,,,0,0,0,excluded
KXMYSLBTTS,BTTS,Soccer,Malaysia Super League,score_props,A,27,82959.35,True,,not_attempted,,not_attempted_supported_sport,no independent results adapter for this competition in Phase 1 (game_winner only via Kalshi-only path),,,,,,,,not attempted
KXSERIEAFTTS,First Team to Score,Soccer,Serie A,score_props,A,147,81597.16,True,seriea,excluded_spec,,excluded_spec,no payoff parser for suffix 'FTTS',0,0,,,0,0,0,excluded
KXWCLONGESTPEN,World Cup Longest Penalty Shootout,Soccer,FIFA World Cup,score_props,A,8,81088.73,True,,not_attempted,,not_attempted_supported_sport,no independent results adapter for this competition in Phase 1 (game_winner only via Kalshi-only path),,,,,,,,not attempted
KXGER3LBTTS,BTTS,Soccer,German 3. Liga,score_props,A,60,75993.08,True,,not_attempted,,not_attempted_supported_sport,no independent results adapter for this competition in Phase 1 (game_winner only via Kalshi-only path),,,,,,,,not attempted
KXUSOPENCUPBTTS,BTTS,Soccer,US Open Cup,score_props,A,2,72225.19,True,,not_attempted,,not_attempted_supported_sport,no independent results adapter for this competition in Phase 1 (game_winner only via Kalshi-only path),,,,,,,,not attempted
KXWCTEAM1STGOAL,World Cup Country First Goal,Soccer,FIFA World Cup,score_props,A,111,71766.65,True,,not_attempted,,not_attempted_supported_sport,no independent results adapter for this competition in Phase 1 (game_winner only via Kalshi-only path),,,,,,,,not attempted
KXSLGREECEBTTS,BTTS,Soccer,Greece Super League,score_props,A,35,70350.26,True,,not_attempted,,not_attempted_supported_sport,no independent results adapter for this competition in Phase 1 (game_winner only via Kalshi-only path),,,,,,,,not attempted
KXSVKCUPBTTS,BTTS,Soccer,Slovakian Cup,score_props,A,57,69171.37,True,,not_attempted,,not_attempted_supported_sport,no independent results adapter for this competition in Phase 1 (game_winner only via Kalshi-only path),,,,,,,,not attempted
KXTHAIL1BTTS,BTTS,Soccer,Thai League 1,score_props,A,24,68892.95,True,,not_attempted,,not_attempted_supported_sport,no independent results adapter for this competition in Phase 1 (game_winner only via Kalshi-only path),,,,,,,,not attempted
KXBUNDESLIGAFTTS,First Team to Score,Soccer,Bundesliga,score_props,A,105,60590.89,True,bundesliga,excluded_spec,,excluded_spec,no payoff parser for suffix 'FTTS',0,0,,,0,0,0,excluded
KXTWEEDEDIVBTTS,BTTS,Soccer,Tweede Divisie,score_props,A,72,58246.6,True,,not_attempted,,not_attempted_supported_sport,no independent results adapter for this competition in Phase 1 (game_winner only via Kalshi-only path),,,,,,,,not attempted
KXGERSCSCORE,Correct Score,Soccer,Germany Super Cup,score_props,A,20,56183.27,True,,not_attempted,,not_attempted_supported_sport,no independent results adapter for this competition in Phase 1 (game_winner only via Kalshi-only path),,,,,,,,not attempted
KXGERSCBTTS,BTTS,Soccer,Germany Super Cup,score_props,A,1,55820.78,True,,not_attempted,,not_attempted_supported_sport,no independent results adapter for this competition in Phase 1 (game_winner only via Kalshi-only path),,,,,,,,not attempted
KXISRPLBTTS,BTTS,Soccer,Israeli Premier League,score_props,A,35,53792.78,True,,not_attempted,,not_attempted_supported_sport,no independent results adapter for this competition in Phase 1 (game_winner only via Kalshi-only path),,,,,,,,not attempted
KXSRBSLBTTS,BTTS,Soccer,Serbian SuperLiga,score_props,A,42,50600.45,True,,not_attempted,,not_attempted_supported_sport,no independent results adapter for this competition in Phase 1 (game_winner only via Kalshi-only path),,,,,,,,not attempted
KXLIGUE1FTTS,First Team to Score,Soccer,Ligue 1,score_props,A,133,49267.6,True,ligue1,excluded_spec,,excluded_spec,no payoff parser for suffix 'FTTS',0,0,,,0,0,0,excluded
KXEFLCUPSCORE,Correct Score,Soccer,EFL Cup,score_props,A,124,47319.79,True,,not_attempted,,not_attempted_supported_sport,no independent results adapter for this competition in Phase 1 (game_winner only via Kalshi-only path),,,,,,,,not attempted
KXUSOPENCUPSCORE,Correct Score,Soccer,US Open Cup,score_props,A,34,44456.72,True,,not_attempted,,not_attempted_supported_sport,no independent results adapter for this competition in Phase 1 (game_winner only via Kalshi-only path),,,,,,,,not attempted
KXSCOCUPBTTS,BTTS,Soccer,Scottish League Cup,score_props,A,44,42255.22,True,,not_attempted,,not_attempted_supported_sport,no independent results adapter for this competition in Phase 1 (game_winner only via Kalshi-only path),,,,,,,,not attempted
KXSERIECCUPBTTS,BTTS,Soccer,Coppa Italia Lega Pro,score_props,A,44,38301.46,True,,not_attempted,,not_attempted_supported_sport,no independent results adapter for this competition in Phase 1 (game_winner only via Kalshi-only path),,,,,,,,not attempted
KXKNVBCUPBTTS,BTTS,Soccer,KNVB,score_props,A,39,38181.47,True,,not_attempted,,not_attempted_supported_sport,no independent results adapter for this competition in Phase 1 (game_winner only via Kalshi-only path),,,,,,,,not attempted
KXWCREGIONKO,World Cup Region Teams to Reach Knockout Stage,Soccer,FIFA World Cup,score_props,A,54,34460.34,True,,not_attempted,,not_attempted_supported_sport,no independent results adapter for this competition in Phase 1 (game_winner only via Kalshi-only path),,,,,,,,not attempted
KXWCHOSTKO,World Cup All Host Nations to Reach Knockout Round,Soccer,FIFA World Cup,score_props,A,1,33124.05,True,,not_attempted,,not_attempted_supported_sport,no independent results adapter for this competition in Phase 1 (game_winner only via Kalshi-only path),,,,,,,,not attempted
KXSVNPLBTTS,BTTS,Soccer,Slovenian Prva Liga,score_props,A,30,28961.39,True,,not_attempted,,not_attempted_supported_sport,no independent results adapter for this competition in Phase 1 (game_winner only via Kalshi-only path),,,,,,,,not attempted
KXUSLCUPBTTS,BTTS,Soccer,USL Cup,score_props,A,7,26806.74,True,,not_attempted,,not_attempted_supported_sport,no independent results adapter for this competition in Phase 1 (game_winner only via Kalshi-only path),,,,,,,,not attempted
KXFROPLBTTS,BTTS,Soccer,Faroe Islands Premier League,score_props,A,25,22240.48,True,,not_attempted,,not_attempted_supported_sport,no independent results adapter for this competition in Phase 1 (game_winner only via Kalshi-only path),,,,,,,,not attempted
KXTACAPORTBTTS,BTTS,Soccer,Taca de Portugal,score_props,A,61,21548.88,True,,not_attempted,,not_attempted_supported_sport,no independent results adapter for this competition in Phase 1 (game_winner only via Kalshi-only path),,,,,,,,not attempted
KXSGPPLBTTS,BTTS,Soccer,Singapore Premier League,score_props,A,7,20838.14,True,,not_attempted,,not_attempted_supported_sport,no independent results adapter for this competition in Phase 1 (game_winner only via Kalshi-only path),,,,,,,,not attempted
KXAFCCLFTTS,First Team to Score,Soccer,AFC Champions League,score_props,A,34,17920.03,True,,not_attempted,,not_attempted_supported_sport,no independent results adapter for this competition in Phase 1 (game_winner only via Kalshi-only path),,,,,,,,not attempted
KXCOPPAITALIAFTTS,First Team to Score,Soccer,Coppa Italia,score_props,A,61,16775.91,True,,not_attempted,,not_attempted_supported_sport,no independent results adapter for this competition in Phase 1 (game_winner only via Kalshi-only path),,,,,,,,not attempted
KXFRASUPERCUPBTTS,BTTS,Soccer,France Super Cup,score_props,A,1,11770.48,True,,not_attempted,,not_attempted_supported_sport,no independent results adapter for this competition in Phase 1 (game_winner only via Kalshi-only path),,,,,,,,not attempted
KXFRASUPERCUPSCORE,Correct Score,Soccer,France Super Cup,score_props,A,12,11344.25,True,,not_attempted,,not_attempted_supported_sport,no independent results adapter for this competition in Phase 1 (game_winner only via Kalshi-only path),,,,,,,,not attempted
KXUEFASCTCORNERS,Team Corners,Soccer,UEFA Super Cup,score_props,A,2,10393.45,True,,not_attempted,,not_attempted_supported_sport,no independent results adapter for this competition in Phase 1 (game_winner only via Kalshi-only path),,,,,,,,not attempted
KXUELMOV,Europa League Method of Victory,Soccer,Europa League,score_props,A,6,9939.98,True,uel,excluded_spec,,excluded_spec,no payoff parser for suffix 'MOV',0,0,,,0,0,0,excluded
KXDFBPOKALFTTS,First Team to Score,Soccer,DFB Pokal,score_props,A,54,8883.86,True,,not_attempted,,not_attempted_supported_sport,no independent results adapter for this competition in Phase 1 (game_winner only via Kalshi-only path),,,,,,,,not attempted
KXCOPADELREYBTTS,BTTS,Soccer,Copa del Rey,score_props,A,17,7839.75,True,,not_attempted,,not_attempted_supported_sport,no independent results adapter for this competition in Phase 1 (game_winner only via Kalshi-only path),,,,,,,,not attempted
KXMLSASTBTTS,BTTS,Soccer,MLS All-Star Game,score_props,A,1,7824.24,True,,not_attempted,,not_attempted_supported_sport,no independent results adapter for this competition in Phase 1 (game_winner only via Kalshi-only path),,,,,,,,not attempted
KXCOPADELREYSCORE,Correct Score,Soccer,Copa del Rey,score_props,A,18,7203.37,True,,not_attempted,,not_attempted_supported_sport,no independent results adapter for this competition in Phase 1 (game_winner only via Kalshi-only path),,,,,,,,not attempted
KXUEFASCCORNERS,Total Corners,Soccer,UEFA Super Cup,score_props,A,5,6428.68,True,,not_attempted,,not_attempted_supported_sport,no independent results adapter for this competition in Phase 1 (game_winner only via Kalshi-only path),,,,,,,,not attempted
KXEFLTROPHYBTTS,EFL Trophy BTTS,Soccer,EFL Trophy,score_props,A,15,5707.92,True,,not_attempted,,not_attempted_supported_sport,no independent results adapter for this competition in Phase 1 (game_winner only via Kalshi-only path),,,,,,,,not attempted
KXENGCSFTTS,First Team to Score,Soccer,Community Shield,score_props,A,3,5293.51,True,,not_attempted,,not_attempted_supported_sport,no independent results adapter for this competition in Phase 1 (game_winner only via Kalshi-only path),,,,,,,,not attempted
KXUEFASCFTTS,First Team to Score,Soccer,UEFA Super Cup,score_props,A,3,3602.12,True,,not_attempted,,not_attempted_supported_sport,no independent results adapter for this competition in Phase 1 (game_winner only via Kalshi-only path),,,,,,,,not attempted
KXEFLCUPFTTS,First Team to Score,Soccer,EFL Cup,score_props,A,10,3236.84,True,,not_attempted,,not_attempted_supported_sport,no independent results adapter for this competition in Phase 1 (game_winner only via Kalshi-only path),,,,,,,,not attempted
KXISRPLCUPBTTS,BTTS,Soccer,Premier League Cup,score_props,A,7,2548.22,True,,not_attempted,,not_attempted_supported_sport,no independent results adapter for this competition in Phase 1 (game_winner only via Kalshi-only path),,,,,,,,not attempted
KXFRASUPERCUPFTTS,First Team to Score,Soccer,France Super Cup,score_props,A,2,1860.67,True,,not_attempted,,not_attempted_supported_sport,no independent results adapter for this competition in Phase 1 (game_winner only via Kalshi-only path),,,,,,,,not attempted
KXFROCUPBTTS,BTTS,Soccer,Faroe Islands Cup,score_props,A,1,1353.87,True,,not_attempted,,not_attempted_supported_sport,no independent results adapter for this competition in Phase 1 (game_winner only via Kalshi-only path),,,,,,,,not attempted
KXFACUPBTTS,BTTS,Soccer,FA Cup,score_props,A,5,1145.29,True,,not_attempted,,not_attempted_supported_sport,no independent results adapter for this competition in Phase 1 (game_winner only via Kalshi-only path),,,,,,,,not attempted
KXFINCUPBTTS,BTTS,Soccer,Suomen Cup,score_props,A,1,385.0,True,,not_attempted,,not_attempted_supported_sport,no independent results adapter for this competition in Phase 1 (game_winner only via Kalshi-only path),,,,,,,,not attempted
KXGERSCFTTS,First Team to Score,Soccer,Germany Super Cup,score_props,A,2,27.01,True,,not_attempted,,not_attempted_supported_sport,no independent results adapter for this competition in Phase 1 (game_winner only via Kalshi-only path),,,,,,,,not attempted
KXAFCACBTTS,BTTS,Soccer,,score_props,A,0,0.0,True,,not_attempted,,not_attempted_supported_sport,no traded markets,,,,,,,,not attempted
KXAFCACFTTS,First Team to Score,Soccer,,score_props,A,0,0.0,True,,not_attempted,,not_attempted_supported_sport,no traded markets,,,,,,,,not attempted
KXAFCACMOV,Method of Victory,Soccer,,score_props,A,0,0.0,True,,not_attempted,,not_attempted_supported_sport,no traded markets,,,,,,,,not attempted
KXAFCACSCORE,Correct Score,Soccer,,score_props,A,0,0.0,True,,not_attempted,,not_attempted_supported_sport,no traded markets,,,,,,,,not attempted
KXAFCCLMOF,Method of Finish,Soccer,,score_props,A,0,0.0,True,,not_attempted,,not_attempted_supported_sport,no traded markets,,,,,,,,not attempted
KXAFCCLMOV,Method of Victory,Soccer,,score_props,A,0,0.0,True,,not_attempted,,not_attempted_supported_sport,no traded markets,,,,,,,,not attempted
KXAFCONFTTS,First Team to Score,Soccer,AFCON Qualifiers,score_props,A,0,0.0,True,,not_attempted,,not_attempted_supported_sport,no traded markets,,,,,,,,not attempted
KXAFCONMOV,Method of Victory,Soccer,,score_props,A,0,0.0,True,,not_attempted,,not_attempted_supported_sport,no traded markets,,,,,,,,not attempted
KXALEAGUEBTTS,BTTS,Soccer,,score_props,A,0,0.0,True,,not_attempted,,not_attempted_supported_sport,no traded markets,,,,,,,,not attempted
KXBRASILEIROMOV,Method of Victory,Soccer,,score_props,A,0,0.0,True,,not_attempted,,not_attempted_supported_sport,no traded markets,,,,,,,,not attempted
KXBUNDESLIGACORNERS,Total Corners,Soccer,,score_props,A,0,0.0,True,,not_attempted,,not_attempted_supported_sport,no traded markets,,,,,,,,not attempted
KXBUNDESLIGAFIRSTGOAL,First Goal,Soccer,,score_props,A,0,0.0,True,,not_attempted,,not_attempted_supported_sport,no traded markets,,,,,,,,not attempted
KXBUNDESLIGAMOV,Method of Victory,Soccer,,score_props,A,0,0.0,True,,not_attempted,,not_attempted_supported_sport,no traded markets,,,,,,,,not attempted
KXBUNDESLIGATCORNERS,Team Corners,Soccer,,score_props,A,0,0.0,True,,not_attempted,,not_attempted_supported_sport,no traded markets,,,,,,,,not attempted
KXCLUBWCBTTS,BTTS,Soccer,,score_props,A,0,0.0,True,,not_attempted,,not_attempted_supported_sport,no traded markets,,,,,,,,not attempted
KXCLUBWCFTTS,First Team to Score,Soccer,,score_props,A,0,0.0,True,,not_attempted,,not_attempted_supported_sport,no traded markets,,,,,,,,not attempted
KXCLUBWCMOF,Method of Finish,Soccer,,score_props,A,0,0.0,True,,not_attempted,,not_attempted_supported_sport,no traded markets,,,,,,,,not attempted
KXCLUBWCMOV,Method of Victory,Soccer,,score_props,A,0,0.0,True,,not_attempted,,not_attempted_supported_sport,no traded markets,,,,,,,,not attempted
KXCLUBWCSCORE,Correct Score,Soccer,,score_props,A,0,0.0,True,,not_attempted,,not_attempted_supported_sport,no traded markets,,,,,,,,not attempted
KXCONCACAFCCUPBTTS,BTTS,Soccer,,score_props,A,0,0.0,True,,not_attempted,,not_attempted_supported_sport,no traded markets,,,,,,,,not attempted
KXCOPADELREYFTTS,First Team to Score,Soccer,,score_props,A,0,0.0,True,,not_attempted,,not_attempted_supported_sport,no traded markets,,,,,,,,not attempted
KXCOPADELREYMOF,Method of Finish,Soccer,,score_props,A,0,0.0,True,,not_attempted,,not_attempted_supported_sport,no traded markets,,,,,,,,not attempted
KXCOPADELREYMOV,Method of Victory,Soccer,,score_props,A,0,0.0,True,,not_attempted,,not_attempted_supported_sport,no traded markets,,,,,,,,not attempted
KXCOPPAITALIAMOF,Method of Finish,Soccer,,score_props,A,0,0.0,True,,not_attempted,,not_attempted_supported_sport,no traded markets,,,,,,,,not attempted
KXCOPPAITALIAMOV,Method of Victory,Soccer,,score_props,A,0,0.0,True,,not_attempted,,not_attempted_supported_sport,no traded markets,,,,,,,,not attempted
KXCOUPEDEFRANCEBTTS,BTTS,Soccer,,score_props,A,0,0.0,True,,not_attempted,,not_attempted_supported_sport,no traded markets,,,,,,,,not attempted
KXCOUPEDEFRANCEFTTS,First Team to Score,Soccer,,score_props,A,0,0.0,True,,not_attempted,,not_attempted_supported_sport,no traded markets,,,,,,,,not attempted
KXCOUPEDEFRANCEMOF,Method of Finish,Soccer,,score_props,A,0,0.0,True,,not_attempted,,not_attempted_supported_sport,no traded markets,,,,,,,,not attempted
KXCOUPEDEFRANCEMOV,Method of Victory,Soccer,,score_props,A,0,0.0,True,,not_attempted,,not_attempted_supported_sport,no traded markets,,,,,,,,not attempted
KXCOUPEDEFRANCESCORE,Correct Score,Soccer,,score_props,A,0,0.0,True,,not_attempted,,not_attempted_supported_sport,no traded markets,,,,,,,,not attempted
KXDFBPOKALMOF,Method of Finish,Soccer,,score_props,A,0,0.0,True,,not_attempted,,not_attempted_supported_sport,no traded markets,,,,,,,,not attempted
KXDFBPOKALMOV,Method of Victory,Soccer,,score_props,A,0,0.0,True,,not_attempted,,not_attempted_supported_sport,no traded markets,,,,,,,,not attempted
KXEFLCUPMOF,Method of Finish,Soccer,,score_props,A,0,0.0,True,,not_attempted,,not_attempted_supported_sport,no traded markets,,,,,,,,not attempted
KXEFLCUPMOV,Method of Victory,Soccer,,score_props,A,0,0.0,True,,not_attempted,,not_attempted_supported_sport,no traded markets,,,,,,,,not attempted
KXENGCSCORNERS,Total Corners,Soccer,,score_props,A,0,0.0,True,,not_attempted,,not_attempted_supported_sport,no traded markets,,,,,,,,not attempted
KXENGCSTCORNERS,Team Corners,Soccer,,score_props,A,0,0.0,True,,not_attempted,,not_attempted_supported_sport,no traded markets,,,,,,,,not attempted
KXESPSUPERCUPBTTS,BTTS,Soccer,,score_props,A,0,0.0,True,,not_attempted,,not_attempted_supported_sport,no traded markets,,,,,,,,not attempted
KXESPSUPERCUPFTTS,First Team to Score,Soccer,,score_props,A,0,0.0,True,,not_attempted,,not_attempted_supported_sport,no traded markets,,,,,,,,not attempted
KXESPSUPERCUPMOF,Method of Finish,Soccer,,score_props,A,0,0.0,True,,not_attempted,,not_attempted_supported_sport,no traded markets,,,,,,,,not attempted
KXESPSUPERCUPMOV,Method of Victory,Soccer,,score_props,A,0,0.0,True,,not_attempted,,not_attempted_supported_sport,no traded markets,,,,,,,,not attempted
KXESPSUPERCUPSCORE,Correct Score,Soccer,,score_props,A,0,0.0,True,,not_attempted,,not_attempted_supported_sport,no traded markets,,,,,,,,not attempted
KXFACUPFTTS,First Team to Score,Soccer,,score_props,A,0,0.0,True,,not_attempted,,not_attempted_supported_sport,no traded markets,,,,,,,,not attempted
KXFACUPMOF,Method of Finish,Soccer,,score_props,A,0,0.0,True,,not_attempted,,not_attempted_supported_sport,no traded markets,,,,,,,,not attempted
KXFACUPMOV,Method of Victory,Soccer,,score_props,A,0,0.0,True,,not_attempted,,not_attempted_supported_sport,no traded markets,,,,,,,,not attempted
KXFACUPSCORE,Correct Score,Soccer,,score_props,A,0,0.0,True,,not_attempted,,not_attempted_supported_sport,no traded markets,,,,,,,,not attempted
KXFIFAWBTTS,BTTS,Soccer,,score_props,A,0,0.0,True,,not_attempted,,not_attempted_supported_sport,no traded markets,,,,,,,,not attempted
KXFINALISSIMABTTS,BTTS,Soccer,,score_props,A,0,0.0,True,,not_attempted,,not_attempted_supported_sport,no traded markets,,,,,,,,not attempted
KXFINALISSIMAFTTS,First Team to Score,Soccer,,score_props,A,0,0.0,True,,not_attempted,,not_attempted_supported_sport,no traded markets,,,,,,,,not attempted
KXFINALISSIMAMOV,Method of Victory,Soccer,,score_props,A,0,0.0,True,,not_attempted,,not_attempted_supported_sport,no traded markets,,,,,,,,not attempted
KXFINALISSIMASCORE,Correct Score,Soccer,,score_props,A,0,0.0,True,,not_attempted,,not_attempted_supported_sport,no traded markets,,,,,,,,not attempted
KXFRASUPERCUPMOF,Method of Finish,Soccer,,score_props,A,0,0.0,True,,not_attempted,,not_attempted_supported_sport,no traded markets,,,,,,,,not attempted
KXFRASUPERCUPMOV,Method of Victory,Soccer,,score_props,A,0,0.0,True,,not_attempted,,not_attempted_supported_sport,no traded markets,,,,,,,,not attempted
KXISRNLCUPBTTS,BTTS,Soccer,,score_props,A,0,0.0,True,,not_attempted,,not_attempted_supported_sport,no traded markets,,,,,,,,not attempted
KXISRSCUPBTTS,BTTS,Soccer,,score_props,A,0,0.0,True,,not_attempted,,not_attempted_supported_sport,no traded markets,,,,,,,,not attempted
KXISRSUPCUPBTTS,BTTS,Soccer,,score_props,A,0,0.0,True,,not_attempted,,not_attempted_supported_sport,no traded markets,,,,,,,,not attempted
KXITASUPERCUPBTTS,BTTS,Soccer,,score_props,A,0,0.0,True,,not_attempted,,not_attempted_supported_sport,no traded markets,,,,,,,,not attempted
KXITASUPERCUPFTTS,First Team to Score,Soccer,,score_props,A,0,0.0,True,,not_attempted,,not_attempted_supported_sport,no traded markets,,,,,,,,not attempted
KXITASUPERCUPMOF,Method of Finish,Soccer,,score_props,A,0,0.0,True,,not_attempted,,not_attempted_supported_sport,no traded markets,,,,,,,,not attempted
KXITASUPERCUPMOV,Method of Victory,Soccer,,score_props,A,0,0.0,True,,not_attempted,,not_attempted_supported_sport,no traded markets,,,,,,,,not attempted
KXITASUPERCUPSCORE,Correct Score,Soccer,,score_props,A,0,0.0,True,,not_attempted,,not_attempted_supported_sport,no traded markets,,,,,,,,not attempted
KXLALIGAMOV,Method of Victory,Soccer,,score_props,A,0,0.0,True,,not_attempted,,not_attempted_supported_sport,no traded markets,,,,,,,,not attempted
KXLIGAMXCORNERS,Total Corners,Soccer,,score_props,A,0,0.0,True,,not_attempted,,not_attempted_supported_sport,no traded markets,,,,,,,,not attempted
KXLIGAMXFIRSTGOAL,First Goal,Soccer,,score_props,A,0,0.0,True,,not_attempted,,not_attempted_supported_sport,no traded markets,,,,,,,,not attempted
KXLIGAMXMOV,Method of Victory,Soccer,,score_props,A,0,0.0,True,,not_attempted,,not_attempted_supported_sport,no traded markets,,,,,,,,not attempted
KXLIGAMXTCORNERS,Team Corners,Soccer,,score_props,A,0,0.0,True,,not_attempted,,not_attempted_supported_sport,no traded markets,,,,,,,,not attempted
KXLIGUE1CORNERS,Total Corners,Soccer,,score_props,A,0,0.0,True,,not_attempted,,not_attempted_supported_sport,no traded markets,,,,,,,,not attempted
KXLIGUE1FIRSTGOAL,First Goal,Soccer,,score_props,A,0,0.0,True,,not_attempted,,not_attempted_supported_sport,no traded markets,,,,,,,,not attempted
KXLIGUE1MOV,Method of Victory,Soccer,,score_props,A,0,0.0,True,,not_attempted,,not_attempted_supported_sport,no traded markets,,,,,,,,not attempted
KXLIGUE1TCORNERS,Team Corners,Soccer,,score_props,A,0,0.0,True,,not_attempted,,not_attempted_supported_sport,no traded markets,,,,,,,,not attempted
KXMLSCORNERS,Total Corners,Soccer,,score_props,A,0,0.0,True,,not_attempted,,not_attempted_supported_sport,no traded markets,,,,,,,,not attempted
KXMLSFIRSTGOAL,First Goal,Soccer,,score_props,A,0,0.0,True,,not_attempted,,not_attempted_supported_sport,no traded markets,,,,,,,,not attempted
KXMLSMOV,Method of Victory,Soccer,,score_props,A,0,0.0,True,,not_attempted,,not_attempted_supported_sport,no traded markets,,,,,,,,not attempted
KXMLSTCORNERS,Team Corners,Soccer,,score_props,A,0,0.0,True,,not_attempted,,not_attempted_supported_sport,no traded markets,,,,,,,,not attempted
KXPERLIGA1BBTTS,BTTS,Soccer,,score_props,A,0,0.0,True,,not_attempted,,not_attempted_supported_sport,no traded markets,,,,,,,,not attempted
KXSERIEACORNERS,Total Corners,Soccer,,score_props,A,0,0.0,True,,not_attempted,,not_attempted_supported_sport,no traded markets,,,,,,,,not attempted
KXSERIEAFIRSTGOAL,First Goal,Soccer,,score_props,A,0,0.0,True,,not_attempted,,not_attempted_supported_sport,no traded markets,,,,,,,,not attempted
KXSERIEAMOV,Method of Victory,Soccer,,score_props,A,0,0.0,True,,not_attempted,,not_attempted_supported_sport,no traded markets,,,,,,,,not attempted
KXSERIEATCORNERS,Team Corners,Soccer,,score_props,A,0,0.0,True,,not_attempted,,not_attempted_supported_sport,no traded markets,,,,,,,,not attempted
KXSERIECSCUPBTTS,BTTS,Soccer,,score_props,A,0,0.0,True,,not_attempted,,not_attempted_supported_sport,no traded markets,,,,,,,,not attempted
KXSOCCERBTTS,Soccer Both Team to Score,Soccer,,score_props,A,0,0.0,True,,not_attempted,,not_attempted_supported_sport,no traded markets,,,,,,,,not attempted
KXSRBCUPBTTS,BTTS,Soccer,,score_props,A,0,0.0,True,,not_attempted,,not_attempted_supported_sport,no traded markets,,,,,,,,not attempted
KXSVNCUPBTTS,BTTS,Soccer,,score_props,A,0,0.0,True,,not_attempted,,not_attempted_supported_sport,no traded markets,,,,,,,,not attempted
KXUECLMOF,Method of Finish,Soccer,,score_props,A,0,0.0,True,,not_attempted,,not_attempted_supported_sport,no traded markets,,,,,,,,not attempted
KXUECLMOV,Method of Victory,Soccer,,score_props,A,0,0.0,True,,not_attempted,,not_attempted_supported_sport,no traded markets,,,,,,,,not attempted
KXUEFANLMOV,Method of Victory,Soccer,,score_props,A,0,0.0,True,,not_attempted,,not_attempted_supported_sport,no traded markets,,,,,,,,not attempted
KXUEFASCMOV,Method of Victory,Soccer,,score_props,A,0,0.0,True,,not_attempted,,not_attempted_supported_sport,no traded markets,,,,,,,,not attempted
KXUELMOF,Method of Finish,Soccer,,score_props,A,0,0.0,True,,not_attempted,,not_attempted_supported_sport,no traded markets,,,,,,,,not attempted
KXURYPDBBTTS,BTTS,Soccer,,score_props,A,0,0.0,True,,not_attempted,,not_attempted_supported_sport,no traded markets,,,,,,,,not attempted
KXUSOPENCUPFTTS,First Team to Score,Soccer,,score_props,A,0,0.0,True,,not_attempted,,not_attempted_supported_sport,no traded markets,,,,,,,,not attempted
KXUSOPENCUPMOF,Method of Finish,Soccer,,score_props,A,0,0.0,True,,not_attempted,,not_attempted_supported_sport,no traded markets,,,,,,,,not attempted
KXUSOPENCUPMOV,Method of Victory,Soccer,,score_props,A,0,0.0,True,,not_attempted,,not_attempted_supported_sport,no traded markets,,,,,,,,not attempted
KXWCTTSF,World Cup Team To Score First,Soccer,,score_props,A,0,0.0,True,,not_attempted,,not_attempted_supported_sport,no traded markets,,,,,,,,not attempted
KXWCWINMARGIN,World Cup Winning Margin,Soccer,,score_props,A,0,0.0,True,,not_attempted,,not_attempted_supported_sport,no traded markets,,,,,,,,not attempted
KXWCGROUPBOTTOM,Group Bottom Finisher,Soccer,FIFA World Cup,season_wins,C,48,871825.51,True,,not_attempted,,not_attempted_supported_sport,season totals: one outcome per team-season; prospective capture required,,,,,,,,not attempted
KXWINSTREAKMANU,Man United Win Streak,Soccer,EPL,season_wins,C,1,43710.67,True,,not_attempted,,not_attempted_supported_sport,season totals: one outcome per team-season; prospective capture required,,,,,,,,not attempted
KXWCGOALSTREAK,World Soccer Cup Goal Streak,Soccer,FIFA World Cup,season_wins,C,6,34571.39,True,,not_attempted,,not_attempted_supported_sport,season totals: one outcome per team-season; prospective capture required,,,,,,,,not attempted
KXWC1H,World Cup 1st Half,Soccer,FIFA World Cup,segment,A,312,204302528.46,True,,not_attempted,,not_attempted_supported_sport,no independent results adapter for this competition in Phase 1 (game_winner only via Kalshi-only path),,,,,,,,not attempted
KXWC1HTOTAL,World Cup 1st Half Total,Soccer,FIFA World Cup,segment,A,416,154989900.58,True,,not_attempted,,not_attempted_supported_sport,no independent results adapter for this competition in Phase 1 (game_winner only via Kalshi-only path),,,,,,,,not attempted
KXWC1HSCORE,World Cup 1st Half Score,Soccer,FIFA World Cup,segment,A,1074,141192591.87,True,,not_attempted,,not_attempted_supported_sport,no independent results adapter for this competition in Phase 1 (game_winner only via Kalshi-only path),,,,,,,,not attempted
KXWC2H,World Cup 2nd Half Winner,Soccer,FIFA World Cup,segment,A,264,111313139.17,True,,not_attempted,,not_attempted_supported_sport,no independent results adapter for this competition in Phase 1 (game_winner only via Kalshi-only path),,,,,,,,not attempted
KXWC1HSPREAD,World Cup First Half Spread,Soccer,FIFA World Cup,segment,A,209,75668403.02,True,,not_attempted,,not_attempted_supported_sport,no independent results adapter for this competition in Phase 1 (game_winner only via Kalshi-only path),,,,,,,,not attempted
KXWC1HBTTS,World Cup 1st Half BTTS,Soccer,FIFA World Cup,segment,A,104,49193457.29,True,,not_attempted,,not_attempted_supported_sport,no independent results adapter for this competition in Phase 1 (game_winner only via Kalshi-only path),,,,,,,,not attempted
KXWC2HTOTAL,World Cup 2nd Half Total,Soccer,FIFA World Cup,segment,A,352,41200069.48,True,,not_attempted,,not_attempted_supported_sport,no independent results adapter for this competition in Phase 1 (game_winner only via Kalshi-only path),,,,,,,,not attempted
KXWC2HBTTS,World Cup 2nd Half BTTS,Soccer,FIFA World Cup,segment,A,88,25396066.19,True,,not_attempted,,not_attempted_supported_sport,no independent results adapter for this competition in Phase 1 (game_winner only via Kalshi-only path),,,,,,,,not attempted
KXWC2HSPREAD,World Cup Second Half Spread,Soccer,FIFA World Cup,segment,A,176,23320403.04,True,,not_attempted,,not_attempted_supported_sport,no independent results adapter for this competition in Phase 1 (game_winner only via Kalshi-only path),,,,,,,,not attempted
KXLALIGA1H,La Liga First Half Winner,Soccer,La Liga,segment,A,573,11055787.96,True,laliga,independent_outcomes,exploratory,exploratory_evaluated,only 0 pre-test settled contracts (< 30),588,570,0/0,570/570,0,570,190,evaluated
KXUEFANL1HTOTAL,1st Half Total,Soccer,UEFA Nations League,segment,A,312,9399317.5,True,,not_attempted,,not_attempted_supported_sport,no independent results adapter for this competition in Phase 1 (game_winner only via Kalshi-only path),,,,,,,,not attempted
KXMLS1HTOTAL,1st Half Total,Soccer,MLS,segment,A,567,9092537.07,True,mls,independent_outcomes,exploratory,exploratory_evaluated,only 0 pre-test settled contracts (< 30),597,561,0/0,561/561,0,558,186,evaluated
KXUCL1H,Champions League First Hal Winner,Soccer,Champions League,segment,A,399,8989524.87,True,ucl,independent_outcomes,exploratory,exploratory_evaluated,only 0 pre-test settled contracts (< 30),369,105,0/0,105/105,0,105,35,evaluated
KXEPL1H,Premier League First Half Winner,Soccer,EPL,segment,A,447,8487489.02,True,epl,independent_outcomes,exploratory,exploratory_evaluated,only 0 pre-test settled contracts (< 30),465,447,0/0,447/447,0,447,149,evaluated
KXLALIGA1HTOTAL,1st Half Total,Soccer,La Liga,segment,A,259,7908911.2,True,laliga,independent_outcomes,exploratory,exploratory_evaluated,only 0 pre-test settled contracts (< 30),285,267,0/0,267/267,0,267,89,evaluated
KXMLS1H,1st Half Winner,Soccer,MLS,segment,A,568,7613737.6,True,mls,independent_outcomes,exploratory,exploratory_evaluated,only 0 pre-test settled contracts (< 30),597,561,0/0,561/561,0,558,186,evaluated
KXLIGAMX1HTOTAL,1st Half Total,Soccer,Liga MX,segment,A,267,7538032.16,True,ligamx,independent_outcomes,exploratory,exploratory_evaluated,only 0 pre-test settled contracts (< 30),279,264,0/0,264/264,0,264,88,evaluated
KXLEAGUESCUP1HTOTAL,1st Half Total,Soccer,Leagues Cup,segment,A,258,7409073.15,True,,not_attempted,,not_attempted_supported_sport,no independent results adapter for this competition in Phase 1 (game_winner only via Kalshi-only path),,,,,,,,not attempted
KXUCL1HTOTAL,UCL 1st Half Total,Soccer,Champions League,segment,A,321,6815038.5,True,ucl,independent_outcomes,exploratory,exploratory_evaluated,only 0 pre-test settled contracts (< 30),291,27,0/0,27/27,0,27,9,evaluated
KXUEFANL1H,1st Half Winner,Soccer,UEFA Nations League,segment,A,312,6657363.1,True,,not_attempted,,not_attempted_supported_sport,no independent results adapter for this competition in Phase 1 (game_winner only via Kalshi-only path),,,,,,,,not attempted
KXLIGAMX1H,1st Half Winner,Soccer,Liga MX,segment,A,269,6171486.82,True,ligamx,independent_outcomes,exploratory,exploratory_evaluated,only 0 pre-test settled contracts (< 30),279,264,0/0,264/264,0,264,88,evaluated
KXLEAGUESCUP1H,1st Half Winner,Soccer,Leagues Cup,segment,A,258,6022682.2,True,,not_attempted,,not_attempted_supported_sport,no independent results adapter for this competition in Phase 1 (game_winner only via Kalshi-only path),,,,,,,,not attempted
KXEPL1HTOTAL,EPL 1st Half Total,Soccer,EPL,segment,A,204,5893465.51,True,epl,independent_outcomes,exploratory,exploratory_evaluated,only 0 pre-test settled contracts (< 30),221,207,0/0,207/207,0,207,69,evaluated
KXBRASILEIROB1HTOTAL,1st Half Total,Soccer,Brasileiro Serie B,segment,A,462,5091080.72,True,,not_attempted,,not_attempted_supported_sport,no independent results adapter for this competition in Phase 1 (game_winner only via Kalshi-only path),,,,,,,,not attempted
KXCONCACAFNL1HTOTAL,1st Half Total,Soccer,CONCACAF Nations League,segment,A,222,4796687.67,True,,not_attempted,,not_attempted_supported_sport,no independent results adapter for this competition in Phase 1 (game_winner only via Kalshi-only path),,,,,,,,not attempted
KXINTLFRIENDLY1HTOTAL,1st Half Total,Soccer,Intl Friendlies,segment,A,195,4616430.24,True,,not_attempted,,not_attempted_supported_sport,no independent results adapter for this competition in Phase 1 (game_winner only via Kalshi-only path),,,,,,,,not attempted
KXBRASILEIRO1HTOTAL,1st Half Total,Soccer,Brasileiro Serie A,segment,A,342,4225937.34,True,brasileiro,independent_outcomes,exploratory,exploratory_evaluated,only 0 pre-test settled contracts (< 30),354,327,0/0,327/327,0,306,102,evaluated
KXSERIEA1H,Serie A First Half Winner,Soccer,Serie A,segment,A,475,4100151.79,True,seriea,independent_outcomes,exploratory,exploratory_evaluated,only 0 pre-test settled contracts (< 30),489,480,0/0,480/480,0,480,160,evaluated
KXUECL1HTOTAL,1st Half Total,Soccer,Conference League,segment,A,703,3665931.84,True,uecl,independent_outcomes,,excluded_no_reconciled_contracts,no settled contracts with a resolved independent outcome,618,0,,,0,0,0,excluded
KXINTLFRIENDLY1H,1st Half Winner,Soccer,Intl Friendlies,segment,A,195,3480859.82,True,,not_attempted,,not_attempted_supported_sport,no independent results adapter for this competition in Phase 1 (game_winner only via Kalshi-only path),,,,,,,,not attempted
KXSERIEA1HTOTAL,1st Half Total,Soccer,Serie A,segment,A,198,3080981.45,True,seriea,independent_outcomes,exploratory,exploratory_evaluated,only 0 pre-test settled contracts (< 30),219,210,0/0,210/210,0,210,70,evaluated
KXUEL1HTOTAL,1st Half Total,Soccer,Europa League,segment,A,303,2828687.07,True,uel,independent_outcomes,exploratory,exploratory_evaluated,only 0 pre-test settled contracts (< 30),261,3,0/0,3/3,0,3,1,excluded
KXBRASILEIROB1H,1st Half Winner,Soccer,Brasileiro Serie B,segment,A,462,2573184.71,True,,not_attempted,,not_attempted_supported_sport,no independent results adapter for this competition in Phase 1 (game_winner only via Kalshi-only path),,,,,,,,not attempted
KXLALIGA1HSPREAD,1st Half Spread,Soccer,La Liga,segment,A,155,2532402.1,True,laliga,independent_outcomes,exploratory,exploratory_evaluated,only 0 pre-test settled contracts (< 30),190,178,0/0,178/178,0,178,89,evaluated
KXBUNDESLIGA1HTOTAL,1st Half Total,Soccer,Bundesliga,segment,A,115,2488940.59,True,bundesliga,independent_outcomes,exploratory,exploratory_evaluated,only 0 pre-test settled contracts (< 30),135,108,0/0,108/108,0,108,36,evaluated
KXBUNDESLIGA1H,Bundesliga First Half Winner,Soccer,Bundesliga,segment,A,379,2453524.82,True,bundesliga,independent_outcomes,exploratory,exploratory_evaluated,only 0 pre-test settled contracts (< 30),408,381,0/0,381/381,0,381,127,evaluated
KXSAUDIPL1HTOTAL,1st Half Total,Soccer,Saudi Pro League,segment,A,190,2387864.35,True,saudi,independent_outcomes,exploratory,exploratory_evaluated,only 0 pre-test settled contracts (< 30),198,189,0/0,189/189,0,189,63,evaluated
KXBRASILEIRO1H,1st Half Winner,Soccer,Brasileiro Serie A,segment,A,344,2308357.09,True,brasileiro,independent_outcomes,exploratory,exploratory_evaluated,only 0 pre-test settled contracts (< 30),354,327,0/0,327/327,0,306,102,evaluated
KXCONCACAFNL1H,1st Half Winner,Soccer,CONCACAF Nations League,segment,A,222,2216918.35,True,,not_attempted,,not_attempted_supported_sport,no independent results adapter for this competition in Phase 1 (game_winner only via Kalshi-only path),,,,,,,,not attempted
KXEFLCUP1HTOTAL,1st Half Total,Soccer,EFL Cup,segment,A,330,2120576.71,True,,not_attempted,,not_attempted_supported_sport,no independent results adapter for this competition in Phase 1 (game_winner only via Kalshi-only path),,,,,,,,not attempted
KXCONMEBOLSUD1HTOTAL,1st Half Total,Soccer,CONMEBOL Sudamericana,segment,A,117,1996965.86,True,,not_attempted,,not_attempted_supported_sport,no independent results adapter for this competition in Phase 1 (game_winner only via Kalshi-only path),,,,,,,,not attempted
KXEREDIVISIE1HTOTAL,1st Half Total,Soccer,Eredivisie,segment,A,205,1992878.92,True,eredivisie,independent_outcomes,exploratory,exploratory_evaluated,only 0 pre-test settled contracts (< 30),192,186,0/0,186/186,0,186,62,evaluated
KXUEFANL1HSPREAD,1st Half Spread,Soccer,UEFA Nations League,segment,A,206,1965550.18,True,,not_attempted,,not_attempted_supported_sport,no independent results adapter for this competition in Phase 1 (game_winner only via Kalshi-only path),,,,,,,,not attempted
KXUECL1H,Conference League 1H,Soccer,Conference League,segment,A,723,1764563.26,True,uecl,independent_outcomes,exploratory,exploratory_evaluated,only 0 pre-test settled contracts (< 30),633,15,0/0,15/15,0,15,5,evaluated
KXLIGUE11HTOTAL,1st Half Total,Soccer,Ligue 1,segment,A,163,1605601.81,True,ligue1,independent_outcomes,exploratory,exploratory_evaluated,only 0 pre-test settled contracts (< 30),186,159,0/0,159/159,0,159,53,evaluated
KXEFLCUP1H,1st Half Winner,Soccer,EFL Cup,segment,A,330,1600681.09,True,,not_attempted,,not_attempted_supported_sport,no independent results adapter for this competition in Phase 1 (game_winner only via Kalshi-only path),,,,,,,,not attempted
KXEFLCHAMPIONSHIP1HTOTAL,1st Half Total,Soccer,EFL Championship,segment,A,285,1547619.43,True,eflc,independent_outcomes,exploratory,exploratory_evaluated,only 0 pre-test settled contracts (< 30),288,285,0/0,285/285,0,285,95,evaluated
KXCONMEBOLSUD1H,1st Half Winner,Soccer,CONMEBOL Sudamericana,segment,A,117,1443649.7,True,,not_attempted,,not_attempted_supported_sport,no independent results adapter for this competition in Phase 1 (game_winner only via Kalshi-only path),,,,,,,,not attempted
KXLIGAMX1HSPREAD,1st Half Spread,Soccer,Liga MX,segment,A,179,1397429.75,True,ligamx,independent_outcomes,exploratory,exploratory_evaluated,only 0 pre-test settled contracts (< 30),186,176,0/0,176/176,0,176,88,evaluated
KXAFCON1HTOTAL,1st Half Total,Soccer,AFCON Qualifiers,segment,A,144,1395039.68,True,,not_attempted,,not_attempted_supported_sport,no independent results adapter for this competition in Phase 1 (game_winner only via Kalshi-only path),,,,,,,,not attempted
KXSAUDIPL1H,1st Half Winner,Soccer,Saudi Pro League,segment,A,189,1392155.64,True,saudi,independent_outcomes,exploratory,exploratory_evaluated,only 0 pre-test settled contracts (< 30),198,189,0/0,189/189,0,189,63,evaluated
KXUEL1H,Europa League 1st Half,Soccer,Europa League,segment,A,354,1385839.74,True,uel,independent_outcomes,exploratory,exploratory_evaluated,only 0 pre-test settled contracts (< 30),312,18,0/0,18/18,0,18,6,evaluated
KXLIGUE11H,Ligue 1 First Half Winner,Soccer,Ligue 1,segment,A,403,1323630.34,True,ligue1,independent_outcomes,exploratory,exploratory_evaluated,only 0 pre-test settled contracts (< 30),429,402,0/0,402/402,0,402,134,evaluated
KXCOPADOBRASIL1HTOTAL,1st Half Total,Soccer,Copa do Brasil,segment,A,99,1289871.57,True,,not_attempted,,not_attempted_supported_sport,no independent results adapter for this competition in Phase 1 (game_winner only via Kalshi-only path),,,,,,,,not attempted
KXLIGAEXP1HTOTAL,1st Half Total,Soccer,Liga de Expansion MX,segment,A,273,1285017.06,True,,not_attempted,,not_attempted_supported_sport,no independent results adapter for this competition in Phase 1 (game_winner only via Kalshi-only path),,,,,,,,not attempted
KXUCL1HSPREAD,UCL First Half Spread,Soccer,Champions League,segment,A,214,1267641.92,True,ucl,independent_outcomes,exploratory,exploratory_evaluated,only 0 pre-test settled contracts (< 30),194,18,0/0,18/18,0,18,9,evaluated
KXLIGAPORTUGAL1HTOTAL,1st Half Total,Soccer,Liga Portugal,segment,A,201,1190282.15,True,ligaportugal,independent_outcomes,exploratory,exploratory_evaluated,only 0 pre-test settled contracts (< 30),195,186,0/0,186/186,0,186,62,evaluated
KXCONMEBOLLIB1HTOTAL,1st Half Total,Soccer,CONMEBOL Libertadores,segment,A,69,1189360.75,True,,not_attempted,,not_attempted_supported_sport,no independent results adapter for this competition in Phase 1 (game_winner only via Kalshi-only path),,,,,,,,not attempted
KXINTLFRIENDLY1HSPREAD,1st Half Spread,Soccer,Intl Friendlies,segment,A,128,1083753.52,True,,not_attempted,,not_attempted_supported_sport,no independent results adapter for this competition in Phase 1 (game_winner only via Kalshi-only path),,,,,,,,not attempted
KXEPL1HSPREAD,EPL 1st Half Spread,Soccer,EPL,segment,A,124,1070731.17,True,epl,independent_outcomes,exploratory,exploratory_evaluated,only 0 pre-test settled contracts (< 30),150,138,0/0,138/138,0,138,69,evaluated
KXLALIGA2H,2nd Half Winner,Soccer,La Liga,segment,A,208,1042417.81,True,laliga,independent_outcomes,exploratory,exploratory_evaluated,only 0 pre-test settled contracts (< 30),225,207,0/0,207/207,0,207,69,evaluated
KXLALIGA1HSCORE,1st Half Correct Score,Soccer,La Liga,segment,A,540,993732.51,True,laliga,excluded_spec,,excluded_spec,no payoff parser for suffix '1HSCORE',0,0,,,0,0,0,excluded
KXJLEAGUE1HTOTAL,1st Half Total,Soccer,Japan J1 League,segment,A,264,990134.01,True,,not_attempted,,not_attempted_supported_sport,no independent results adapter for this competition in Phase 1 (game_winner only via Kalshi-only path),,,,,,,,not attempted
KXUSL1H,1st Half Winner,Soccer,USL Championship,segment,A,488,923016.96,True,,not_attempted,,not_attempted_supported_sport,no independent results adapter for this competition in Phase 1 (game_winner only via Kalshi-only path),,,,,,,,not attempted
KXMLS1HSPREAD,1st Half Spread,Soccer,MLS,segment,A,378,915946.52,True,mls,independent_outcomes,exploratory,exploratory_evaluated,only 0 pre-test settled contracts (< 30),398,374,0/0,374/374,0,372,186,evaluated
KXLEAGUESCUP1HSPREAD,1st Half Spread,Soccer,Leagues Cup,segment,A,172,911164.54,True,,not_attempted,,not_attempted_supported_sport,no independent results adapter for this competition in Phase 1 (game_winner only via Kalshi-only path),,,,,,,,not attempted
KXEREDIVISIE1H,1st Half Winner,Soccer,Eredivisie,segment,A,204,876903.7,True,eredivisie,independent_outcomes,exploratory,exploratory_evaluated,only 0 pre-test settled contracts (< 30),192,186,0/0,186/186,0,186,62,evaluated
KXUEFANL1HBTTS,1st Half BTTS,Soccer,UEFA Nations League,segment,A,104,859960.9,True,,not_attempted,,not_attempted_supported_sport,no independent results adapter for this competition in Phase 1 (game_winner only via Kalshi-only path),,,,,,,,not attempted
KXUSL1HTOTAL,1st Half Total,Soccer,USL Championship,segment,A,466,839657.35,True,,not_attempted,,not_attempted_supported_sport,no independent results adapter for this competition in Phase 1 (game_winner only via Kalshi-only path),,,,,,,,not attempted
KXAFCON1H,1st Half Winner,Soccer,AFCON Qualifiers,segment,A,145,828094.47,True,,not_attempted,,not_attempted_supported_sport,no independent results adapter for this competition in Phase 1 (game_winner only via Kalshi-only path),,,,,,,,not attempted
KXCONMEBOLLIB1H,1st Half Winner,Soccer,CONMEBOL Libertadores,segment,A,69,827222.37,True,,not_attempted,,not_attempted_supported_sport,no independent results adapter for this competition in Phase 1 (game_winner only via Kalshi-only path),,,,,,,,not attempted
KXCOPADOBRASIL1H,1st Half Winner,Soccer,Copa do Brasil,segment,A,99,820105.6,True,,not_attempted,,not_attempted_supported_sport,no independent results adapter for this competition in Phase 1 (game_winner only via Kalshi-only path),,,,,,,,not attempted
KXJLEAGUE1H,1st Half Winner,Soccer,Japan J1 League,segment,A,264,814445.37,True,,not_attempted,,not_attempted_supported_sport,no independent results adapter for this competition in Phase 1 (game_winner only via Kalshi-only path),,,,,,,,not attempted
KXLIGAPORTUGAL1H,1st Half Winner,Soccer,Liga Portugal,segment,A,200,810173.17,True,ligaportugal,independent_outcomes,exploratory,exploratory_evaluated,only 0 pre-test settled contracts (< 30),195,186,0/0,186/186,0,186,62,evaluated
KXEFLCHAMPIONSHIP1H,1st Half Winner,Soccer,EFL Championship,segment,A,286,795727.75,True,eflc,independent_outcomes,exploratory,exploratory_evaluated,only 0 pre-test settled contracts (< 30),288,285,0/0,285/285,0,285,95,evaluated
KXLIGAMX1HBTTS,1st Half BTTS,Soccer,Liga MX,segment,A,91,795108.14,True,ligamx,independent_outcomes,exploratory,exploratory_evaluated,only 0 pre-test settled contracts (< 30),93,88,0/0,88/88,0,88,88,evaluated
KXLIGAEXP1H,1st Half Winner,Soccer,Liga de Expansion MX,segment,A,281,787007.71,True,,not_attempted,,not_attempted_supported_sport,no independent results adapter for this competition in Phase 1 (game_winner only via Kalshi-only path),,,,,,,,not attempted
KXUCL1HBTTS,UCL Half BTTS,Soccer,Champions League,segment,A,107,785509.3,True,ucl,independent_outcomes,exploratory,exploratory_evaluated,only 0 pre-test settled contracts (< 30),97,9,0/0,9/9,0,9,9,excluded
KXCOPPAITALIA1HTOTAL,1st Half Total,Soccer,Coppa Italia,segment,A,90,745096.44,True,,not_attempted,,not_attempted_supported_sport,no independent results adapter for this competition in Phase 1 (game_winner only via Kalshi-only path),,,,,,,,not attempted
KXKLEAGUE1H,1st Half Winner,Soccer,Korea K League 1,segment,A,253,722331.61,True,,not_attempted,,not_attempted_supported_sport,no independent results adapter for this competition in Phase 1 (game_winner only via Kalshi-only path),,,,,,,,not attempted
KXKLEAGUE1HTOTAL,1st Half Total,Soccer,Korea K League 1,segment,A,251,718473.23,True,,not_attempted,,not_attempted_supported_sport,no independent results adapter for this competition in Phase 1 (game_winner only via Kalshi-only path),,,,,,,,not attempted
KXSCOTTISHPREM1HTOTAL,1st Half Total,Soccer,Scottish Premiership,segment,A,135,716549.23,True,,not_attempted,,not_attempted_supported_sport,no independent results adapter for this competition in Phase 1 (game_winner only via Kalshi-only path),,,,,,,,not attempted
KXLEAGUESCUP1HBTTS,1st Half BTTS,Soccer,Leagues Cup,segment,A,86,686847.24,True,,not_attempted,,not_attempted_supported_sport,no independent results adapter for this competition in Phase 1 (game_winner only via Kalshi-only path),,,,,,,,not attempted
KXLALIGA1HBTTS,1st Half BTTS,Soccer,La Liga,segment,A,91,668040.38,True,laliga,independent_outcomes,exploratory,exploratory_evaluated,only 0 pre-test settled contracts (< 30),95,89,0/0,89/89,0,89,89,evaluated
KXCONCACAFNL1HSPREAD,1st Half Spread,Soccer,CONCACAF Nations League,segment,A,148,652056.93,True,,not_attempted,,not_attempted_supported_sport,no independent results adapter for this competition in Phase 1 (game_winner only via Kalshi-only path),,,,,,,,not attempted
KXAFCCL1HTOTAL,1st Half Total,Soccer,AFC Champions League,segment,A,60,647864.28,True,,not_attempted,,not_attempted_supported_sport,no independent results adapter for this competition in Phase 1 (game_winner only via Kalshi-only path),,,,,,,,not attempted
KXMLS1HBTTS,1st Half BTTS,Soccer,MLS,segment,A,189,620834.52,True,mls,independent_outcomes,exploratory,exploratory_evaluated,only 0 pre-test settled contracts (< 30),199,187,0/0,187/187,0,186,186,evaluated
KXEFLL11H,1st Half Winner,Soccer,EFL League One,segment,A,270,572030.77,True,,not_attempted,,not_attempted_supported_sport,no independent results adapter for this competition in Phase 1 (game_winner only via Kalshi-only path),,,,,,,,not attempted
KXEPL1HSCORE,1st Half Correct Score,Soccer,EPL,segment,A,431,521042.56,True,epl,excluded_spec,,excluded_spec,no payoff parser for suffix '1HSCORE',0,0,,,0,0,0,excluded
KXSCOTTISHPREM1H,1st Half Winner,Soccer,Scottish Premiership,segment,A,135,520696.14,True,,not_attempted,,not_attempted_supported_sport,no independent results adapter for this competition in Phase 1 (game_winner only via Kalshi-only path),,,,,,,,not attempted
KXINTLFRIENDLY1HBTTS,1st Half BTTS,Soccer,Intl Friendlies,segment,A,65,503524.38,True,,not_attempted,,not_attempted_supported_sport,no independent results adapter for this competition in Phase 1 (game_winner only via Kalshi-only path),,,,,,,,not attempted
KXCOPPAITALIA1H,1st Half Winner,Soccer,Coppa Italia,segment,A,90,503275.1,True,,not_attempted,,not_attempted_supported_sport,no independent results adapter for this competition in Phase 1 (game_winner only via Kalshi-only path),,,,,,,,not attempted
KXBRASILEIROC1H,1st Half Winner,Soccer,Brasileiro Serie C,segment,A,222,502434.21,True,,not_attempted,,not_attempted_supported_sport,no independent results adapter for this competition in Phase 1 (game_winner only via Kalshi-only path),,,,,,,,not attempted
KXBRASILEIROC1HTOTAL,1st Half Total,Soccer,Brasileiro Serie C,segment,A,222,493544.16,True,,not_attempted,,not_attempted_supported_sport,no independent results adapter for this competition in Phase 1 (game_winner only via Kalshi-only path),,,,,,,,not attempted
KXEPL1HBTTS,EPL 1st Half BTTS,Soccer,EPL,segment,A,69,468904.07,True,epl,independent_outcomes,exploratory,exploratory_evaluated,only 0 pre-test settled contracts (< 30),75,69,0/0,69/69,0,69,69,evaluated
KXMLS2H,2nd Half Winner,Soccer,MLS,segment,A,273,421415.19,True,mls,independent_outcomes,exploratory,exploratory_evaluated,only 0 pre-test settled contracts (< 30),306,273,0/0,273/273,0,270,90,evaluated
KXBUNDESLIGA1HSPREAD,1st Half Spread,Soccer,Bundesliga,segment,A,74,412802.43,True,bundesliga,independent_outcomes,exploratory,exploratory_evaluated,only 0 pre-test settled contracts (< 30),90,72,0/0,72/72,0,72,36,evaluated
KXEPL2H,2nd Half Winner,Soccer,EPL,segment,A,150,402890.42,True,epl,independent_outcomes,exploratory,exploratory_evaluated,only 0 pre-test settled contracts (< 30),168,150,0/0,150/150,0,150,50,evaluated
KXLIGAMX2H,2nd Half Winner,Soccer,Liga MX,segment,A,127,400643.71,True,ligamx,independent_outcomes,exploratory,exploratory_evaluated,only 0 pre-test settled contracts (< 30),144,129,0/0,129/129,0,129,43,evaluated
KXBRASILEIROB1HBTTS,1st Half BTTS,Soccer,Brasileiro Serie B,segment,A,153,371887.88,True,,not_attempted,,not_attempted_supported_sport,no independent results adapter for this competition in Phase 1 (game_winner only via Kalshi-only path),,,,,,,,not attempted
KXEFLL11HTOTAL,1st Half Total,Soccer,EFL League One,segment,A,264,359239.79,True,,not_attempted,,not_attempted_supported_sport,no independent results adapter for this competition in Phase 1 (game_winner only via Kalshi-only path),,,,,,,,not attempted
KXLALIGA2HTOTAL,2nd Half Total,Soccer,La Liga,segment,A,209,358911.08,True,laliga,independent_outcomes,exploratory,exploratory_evaluated,only 0 pre-test settled contracts (< 30),225,207,0/0,207/207,0,207,69,evaluated
KXBRASILEIRO1HSPREAD,1st Half Spread,Soccer,Brasileiro Serie A,segment,A,213,357605.27,True,brasileiro,independent_outcomes,exploratory,exploratory_evaluated,only 0 pre-test settled contracts (< 30),236,218,0/0,218/218,0,204,102,evaluated
KXSERIEA1HSPREAD,1st Half Spread,Soccer,Serie A,segment,A,113,349672.05,True,seriea,independent_outcomes,exploratory,exploratory_evaluated,only 0 pre-test settled contracts (< 30),146,140,0/0,140/140,0,140,70,evaluated
KXBRASILEIROB1HSPREAD,1st Half Spread,Soccer,Brasileiro Serie B,segment,A,276,328336.16,True,,not_attempted,,not_attempted_supported_sport,no independent results adapter for this competition in Phase 1 (game_winner only via Kalshi-only path),,,,,,,,not attempted
KXLALIGA2HSPREAD,2nd Half Spread,Soccer,La Liga,segment,A,137,324484.05,True,laliga,independent_outcomes,exploratory,exploratory_evaluated,only 0 pre-test settled contracts (< 30),150,138,0/0,138/138,0,138,69,evaluated
KXCONCACAFNL1HBTTS,1st Half BTTS,Soccer,CONCACAF Nations League,segment,A,72,324438.04,True,,not_attempted,,not_attempted_supported_sport,no independent results adapter for this competition in Phase 1 (game_winner only via Kalshi-only path),,,,,,,,not attempted
KXAFCCL1H,1st Half Winner,Soccer,AFC Champions League,segment,A,60,312818.11,True,,not_attempted,,not_attempted_supported_sport,no independent results adapter for this competition in Phase 1 (game_winner only via Kalshi-only path),,,,,,,,not attempted
KXMLS1HSCORE,1st Half Correct Score,Soccer,MLS,segment,A,625,296963.08,True,mls,excluded_spec,,excluded_spec,no payoff parser for suffix '1HSCORE',0,0,,,0,0,0,excluded
KXDFBPOKAL1HTOTAL,1st Half Total,Soccer,DFB Pokal,segment,A,96,295432.73,True,,not_attempted,,not_attempted_supported_sport,no independent results adapter for this competition in Phase 1 (game_winner only via Kalshi-only path),,,,,,,,not attempted
KXDFBPOKAL1H,1st Half Winner,Soccer,DFB Pokal,segment,A,96,292840.83,True,,not_attempted,,not_attempted_supported_sport,no independent results adapter for this competition in Phase 1 (game_winner only via Kalshi-only path),,,,,,,,not attempted
KXBRASILEIRO1HBTTS,1st Half BTTS,Soccer,Brasileiro Serie A,segment,A,114,271285.23,True,brasileiro,independent_outcomes,exploratory,exploratory_evaluated,only 0 pre-test settled contracts (< 30),118,109,0/0,109/109,0,102,102,evaluated
KXUEL1HSPREAD,1st Half Spread,Soccer,Europa League,segment,A,168,269937.8,True,uel,independent_outcomes,exploratory,exploratory_evaluated,only 0 pre-test settled contracts (< 30),174,2,0/0,2/2,0,2,1,excluded
KXUECL1HBTTS,1st Half BTTS,Soccer,Conference League,segment,A,235,252463.48,True,uecl,independent_outcomes,,excluded_no_reconciled_contracts,no settled contracts with a resolved independent outcome,206,0,,,0,0,0,excluded
KXLIGAMX1HSCORE,1st Half Correct Score,Soccer,Liga MX,segment,A,313,241719.25,True,ligamx,excluded_spec,,excluded_spec,no payoff parser for suffix '1HSCORE',0,0,,,0,0,0,excluded
KXSAUDIPL1HSPREAD,1st Half Spread,Soccer,Saudi Pro League,segment,A,119,237524.98,True,saudi,independent_outcomes,exploratory,exploratory_evaluated,only 0 pre-test settled contracts (< 30),132,126,0/0,126/126,0,126,63,evaluated
KXLIGUE11HSPREAD,1st Half Spread,Soccer,Ligue 1,segment,A,101,213968.45,True,ligue1,independent_outcomes,exploratory,exploratory_evaluated,only 0 pre-test settled contracts (< 30),124,106,0/0,106/106,0,106,53,evaluated
KXBUNDESLIGA2H,2nd Half Winner,Soccer,Bundesliga,segment,A,108,213671.5,True,bundesliga,independent_outcomes,exploratory,exploratory_evaluated,only 0 pre-test settled contracts (< 30),129,108,0/0,108/108,0,108,36,evaluated
KXUECL1HSPREAD,1st Half Spread,Soccer,Conference League,segment,A,323,202889.18,True,uecl,independent_outcomes,,excluded_no_reconciled_contracts,no settled contracts with a resolved independent outcome,412,0,,,0,0,0,excluded
KXLIGUE12H,2nd Half Winner,Soccer,Ligue 1,segment,A,108,195927.32,True,ligue1,independent_outcomes,exploratory,exploratory_evaluated,only 0 pre-test settled contracts (< 30),126,108,0/0,108/108,0,108,36,evaluated
KXSERIEA2H,2nd Half Winner,Soccer,Serie A,segment,A,120,195547.69,True,seriea,independent_outcomes,exploratory,exploratory_evaluated,only 0 pre-test settled contracts (< 30),129,120,0/0,120/120,0,120,40,evaluated
KXEFLCUP1HSPREAD,1st Half Spread,Soccer,EFL Cup,segment,A,171,194615.28,True,,not_attempted,,not_attempted_supported_sport,no independent results adapter for this competition in Phase 1 (game_winner only via Kalshi-only path),,,,,,,,not attempted
KXBUNDESLIGA1HSCORE,1st Half Correct Score,Soccer,Bundesliga,segment,A,203,194584.46,True,bundesliga,excluded_spec,,excluded_spec,no payoff parser for suffix '1HSCORE',0,0,,,0,0,0,excluded
KXSERIEA1HBTTS,1st Half BTTS,Soccer,Serie A,segment,A,66,189556.05,True,seriea,independent_outcomes,exploratory,exploratory_evaluated,only 0 pre-test settled contracts (< 30),73,70,0/0,70/70,0,70,70,evaluated
KXEPL2HTOTAL,2nd Half Total,Soccer,EPL,segment,A,146,185773.38,True,epl,independent_outcomes,exploratory,exploratory_evaluated,only 0 pre-test settled contracts (< 30),162,150,0/0,150/150,0,150,50,evaluated
KXAFCON1HSPREAD,1st Half Spread,Soccer,AFCON Qualifiers,segment,A,88,172699.41,True,,not_attempted,,not_attempted_supported_sport,no independent results adapter for this competition in Phase 1 (game_winner only via Kalshi-only path),,,,,,,,not attempted
KXEFLCHAMPIONSHIP1HSPREAD,1st Half Spread,Soccer,EFL Championship,segment,A,164,169880.59,True,eflc,independent_outcomes,exploratory,exploratory_evaluated,only 0 pre-test settled contracts (< 30),192,190,0/0,190/190,0,190,95,evaluated
KXUCL2H,2nd Half Winner,Soccer,Champions League,segment,A,53,160404.45,True,ucl,independent_outcomes,exploratory,exploratory_evaluated,only 0 pre-test settled contracts (< 30),54,18,0/0,18/18,0,18,6,evaluated
KXUEFASC1H,1st Half Winner,Soccer,UEFA Super Cup,segment,A,3,153985.49,True,,not_attempted,,not_attempted_supported_sport,no independent results adapter for this competition in Phase 1 (game_winner only via Kalshi-only path),,,,,,,,not attempted
KXUEL1HBTTS,1st Half BTTS,Soccer,Europa League,segment,A,101,153437.57,True,uel,independent_outcomes,exploratory,exploratory_evaluated,only 0 pre-test settled contracts (< 30),87,1,0/0,1/1,0,1,1,excluded
KXUEFASC1HTOTAL,1st Half Total,Soccer,UEFA Super Cup,segment,A,3,151049.61,True,,not_attempted,,not_attempted_supported_sport,no independent results adapter for this competition in Phase 1 (game_winner only via Kalshi-only path),,,,,,,,not attempted
KXCONMEBOLSUD1HSPREAD,1st Half Spread,Soccer,CONMEBOL Sudamericana,segment,A,68,144966.79,True,,not_attempted,,not_attempted_supported_sport,no independent results adapter for this competition in Phase 1 (game_winner only via Kalshi-only path),,,,,,,,not attempted
KXLALIGA2HBTTS,2nd Half BTTS,Soccer,La Liga,segment,A,70,144907.56,True,laliga,excluded_spec,,excluded_spec,no payoff parser for suffix '2HBTTS',0,0,,,0,0,0,excluded
KXCONMEBOLSUD1HBTTS,1st Half BTTS,Soccer,CONMEBOL Sudamericana,segment,A,39,139674.28,True,,not_attempted,,not_attempted_supported_sport,no independent results adapter for this competition in Phase 1 (game_winner only via Kalshi-only path),,,,,,,,not attempted
KXTACAPORT1H,1st Half Winner,Soccer,Taca de Portugal,segment,A,108,137671.91,True,,not_attempted,,not_attempted_supported_sport,no independent results adapter for this competition in Phase 1 (game_winner only via Kalshi-only path),,,,,,,,not attempted
KXEREDIVISIE1HSPREAD,1st Half Spread,Soccer,Eredivisie,segment,A,118,132531.37,True,eredivisie,independent_outcomes,exploratory,exploratory_evaluated,only 0 pre-test settled contracts (< 30),128,124,0/0,124/124,0,124,62,evaluated
KXJLEAGUE1HBTTS,1st Half BTTS,Soccer,Japan J1 League,segment,A,88,129813.6,True,,not_attempted,,not_attempted_supported_sport,no independent results adapter for this competition in Phase 1 (game_winner only via Kalshi-only path),,,,,,,,not attempted
KXSERIEA1HSCORE,1st Half Correct Score,Soccer,Serie A,segment,A,220,129764.0,True,seriea,excluded_spec,,excluded_spec,no payoff parser for suffix '1HSCORE',0,0,,,0,0,0,excluded
KXKLEAGUE1HBTTS,1st Half BTTS,Soccer,Korea K League 1,segment,A,84,126786.31,True,,not_attempted,,not_attempted_supported_sport,no independent results adapter for this competition in Phase 1 (game_winner only via Kalshi-only path),,,,,,,,not attempted
KXUCL2HTOTAL,2nd Half Total,Soccer,Champions League,segment,A,54,121349.74,True,ucl,independent_outcomes,exploratory,exploratory_evaluated,only 0 pre-test settled contracts (< 30),54,18,0/0,18/18,0,18,6,evaluated
KXLIGAPORTUGAL1HSPREAD,1st Half Spread,Soccer,Liga Portugal,segment,A,109,120730.21,True,ligaportugal,independent_outcomes,exploratory,exploratory_evaluated,only 0 pre-test settled contracts (< 30),130,124,0/0,124/124,0,124,62,evaluated
KXEFLCUP1HBTTS,1st Half BTTS,Soccer,EFL Cup,segment,A,110,115467.9,True,,not_attempted,,not_attempted_supported_sport,no independent results adapter for this competition in Phase 1 (game_winner only via Kalshi-only path),,,,,,,,not attempted
KXGERSC1HTOTAL,1st Half Total,Soccer,Germany Super Cup,segment,A,3,115061.49,True,,not_attempted,,not_attempted_supported_sport,no independent results adapter for this competition in Phase 1 (game_winner only via Kalshi-only path),,,,,,,,not attempted
KXJLEAGUE1HSPREAD,1st Half Spread,Soccer,Japan J1 League,segment,A,161,114391.57,True,,not_attempted,,not_attempted_supported_sport,no independent results adapter for this competition in Phase 1 (game_winner only via Kalshi-only path),,,,,,,,not attempted
KXCONMEBOLLIB1HBTTS,1st Half BTTS,Soccer,CONMEBOL Libertadores,segment,A,23,106867.78,True,,not_attempted,,not_attempted_supported_sport,no independent results adapter for this competition in Phase 1 (game_winner only via Kalshi-only path),,,,,,,,not attempted
KXSAUDIPL1HBTTS,1st Half BTTS,Soccer,Saudi Pro League,segment,A,63,102604.54,True,saudi,independent_outcomes,exploratory,exploratory_evaluated,only 0 pre-test settled contracts (< 30),66,63,0/0,63/63,0,63,63,evaluated
KXEREDIVISIE1HBTTS,1st Half BTTS,Soccer,Eredivisie,segment,A,68,99477.74,True,eredivisie,independent_outcomes,exploratory,exploratory_evaluated,only 0 pre-test settled contracts (< 30),64,62,0/0,62/62,0,62,62,evaluated
KXCOPADOBRASIL1HBTTS,1st Half BTTS,Soccer,Copa do Brasil,segment,A,33,98911.57,True,,not_attempted,,not_attempted_supported_sport,no independent results adapter for this competition in Phase 1 (game_winner only via Kalshi-only path),,,,,,,,not attempted
KXENGCS1HTOTAL,1st Half Total,Soccer,Community Shield,segment,A,3,97455.62,True,,not_attempted,,not_attempted_supported_sport,no independent results adapter for this competition in Phase 1 (game_winner only via Kalshi-only path),,,,,,,,not attempted
KXAFCON1HBTTS,1st Half BTTS,Soccer,AFCON Qualifiers,segment,A,48,94343.48,True,,not_attempted,,not_attempted_supported_sport,no independent results adapter for this competition in Phase 1 (game_winner only via Kalshi-only path),,,,,,,,not attempted
KXBUNDESLIGA1HBTTS,1st Half BTTS,Soccer,Bundesliga,segment,A,39,93612.88,True,bundesliga,independent_outcomes,exploratory,exploratory_evaluated,only 0 pre-test settled contracts (< 30),45,36,0/0,36/36,0,36,36,evaluated
KXLIGUE11HBTTS,1st Half BTTS,Soccer,Ligue 1,segment,A,56,90575.57,True,ligue1,independent_outcomes,exploratory,exploratory_evaluated,only 0 pre-test settled contracts (< 30),62,53,0/0,53/53,0,53,53,evaluated
KXCONMEBOLLIB1HSPREAD,1st Half Spread,Soccer,CONMEBOL Libertadores,segment,A,46,90254.49,True,,not_attempted,,not_attempted_supported_sport,no independent results adapter for this competition in Phase 1 (game_winner only via Kalshi-only path),,,,,,,,not attempted
KXUSOPENCUP1HTOTAL,1st Half Total,Soccer,US Open Cup,segment,A,6,85576.2,True,,not_attempted,,not_attempted_supported_sport,no independent results adapter for this competition in Phase 1 (game_winner only via Kalshi-only path),,,,,,,,not attempted
KXGERSC1H,1st Half Winner,Soccer,Germany Super Cup,segment,A,3,84355.4,True,,not_attempted,,not_attempted_supported_sport,no independent results adapter for this competition in Phase 1 (game_winner only via Kalshi-only path),,,,,,,,not attempted
KXLIGUE11HSCORE,1st Half Correct Score,Soccer,Ligue 1,segment,A,163,84066.08,True,ligue1,excluded_spec,,excluded_spec,no payoff parser for suffix '1HSCORE',0,0,,,0,0,0,excluded
KXEPL2HSPREAD,2nd Half Spread,Soccer,EPL,segment,A,74,82683.95,True,epl,independent_outcomes,exploratory,exploratory_evaluated,only 0 pre-test settled contracts (< 30),112,100,0/0,100/100,0,100,50,evaluated
KXEPL2HBTTS,2nd Half BTTS,Soccer,EPL,segment,A,50,80420.63,True,epl,excluded_spec,,excluded_spec,no payoff parser for suffix '2HBTTS',0,0,,,0,0,0,excluded
KXCOPADOBRASIL1HSPREAD,1st Half Spread,Soccer,Copa do Brasil,segment,A,64,80196.36,True,,not_attempted,,not_attempted_supported_sport,no independent results adapter for this competition in Phase 1 (game_winner only via Kalshi-only path),,,,,,,,not attempted
KXLIGAEXP1HSPREAD,1st Half Spread,Soccer,Liga de Expansion MX,segment,A,160,77992.12,True,,not_attempted,,not_attempted_supported_sport,no independent results adapter for this competition in Phase 1 (game_winner only via Kalshi-only path),,,,,,,,not attempted
KXEFLCHAMPIONSHIP1HBTTS,1st Half BTTS,Soccer,EFL Championship,segment,A,90,75269.47,True,eflc,independent_outcomes,exploratory,exploratory_evaluated,only 0 pre-test settled contracts (< 30),96,95,0/0,95/95,0,95,95,evaluated
KXENGCS1H,1st Half Winner,Soccer,Community Shield,segment,A,3,72618.22,True,,not_attempted,,not_attempted_supported_sport,no independent results adapter for this competition in Phase 1 (game_winner only via Kalshi-only path),,,,,,,,not attempted
KXLIGAEXP1HBTTS,1st Half BTTS,Soccer,Liga de Expansion MX,segment,A,89,69260.98,True,,not_attempted,,not_attempted_supported_sport,no independent results adapter for this competition in Phase 1 (game_winner only via Kalshi-only path),,,,,,,,not attempted
KXMLS2HTOTAL,2nd Half Total,Soccer,MLS,segment,A,270,68161.85,True,mls,independent_outcomes,exploratory,exploratory_evaluated,only 0 pre-test settled contracts (< 30),306,273,0/0,273/273,0,270,90,evaluated
KXUSL1HBTTS,1st Half BTTS,Soccer,USL Championship,segment,A,154,67404.01,True,,not_attempted,,not_attempted_supported_sport,no independent results adapter for this competition in Phase 1 (game_winner only via Kalshi-only path),,,,,,,,not attempted
KXUCL2HBTTS,2nd Half BTTS,Soccer,Champions League,segment,A,18,67087.88,True,ucl,excluded_spec,,excluded_spec,no payoff parser for suffix '2HBTTS',0,0,,,0,0,0,excluded
KXLIGAMX2HTOTAL,2nd Half Total,Soccer,Liga MX,segment,A,116,64876.9,True,ligamx,independent_outcomes,exploratory,exploratory_evaluated,only 0 pre-test settled contracts (< 30),144,129,0/0,129/129,0,129,43,evaluated
KXAFCCL1HSPREAD,1st Half Spread,Soccer,AFC Champions League,segment,A,37,62854.49,True,,not_attempted,,not_attempted_supported_sport,no independent results adapter for this competition in Phase 1 (game_winner only via Kalshi-only path),,,,,,,,not attempted
KXDFBPOKAL1HSPREAD,1st Half Spread,Soccer,DFB Pokal,segment,A,44,60954.55,True,,not_attempted,,not_attempted_supported_sport,no independent results adapter for this competition in Phase 1 (game_winner only via Kalshi-only path),,,,,,,,not attempted
KXUCL2HSPREAD,2nd Half Spread,Soccer,Champions League,segment,A,33,59495.12,True,ucl,independent_outcomes,exploratory,exploratory_evaluated,only 0 pre-test settled contracts (< 30),36,12,0/0,12/12,0,12,6,evaluated
KXLIGAMX2HSPREAD,2nd Half Spread,Soccer,Liga MX,segment,A,70,57996.0,True,ligamx,independent_outcomes,exploratory,exploratory_evaluated,only 0 pre-test settled contracts (< 30),96,86,0/0,86/86,0,86,43,evaluated
KXSCOTTISHPREM1HSPREAD,1st Half Spread,Soccer,Scottish Premiership,segment,A,80,57697.29,True,,not_attempted,,not_attempted_supported_sport,no independent results adapter for this competition in Phase 1 (game_winner only via Kalshi-only path),,,,,,,,not attempted
KXLIGAPORTUGAL1HBTTS,1st Half BTTS,Soccer,Liga Portugal,segment,A,67,56847.86,True,ligaportugal,independent_outcomes,exploratory,exploratory_evaluated,only 0 pre-test settled contracts (< 30),65,62,0/0,62/62,0,62,62,evaluated
KXKLEAGUE1HSPREAD,1st Half Spread,Soccer,Korea K League 1,segment,A,156,55187.17,True,,not_attempted,,not_attempted_supported_sport,no independent results adapter for this competition in Phase 1 (game_winner only via Kalshi-only path),,,,,,,,not attempted
KXEFLL11HSPREAD,1st Half Spread,Soccer,EFL League One,segment,A,138,47808.67,True,,not_attempted,,not_attempted_supported_sport,no independent results adapter for this competition in Phase 1 (game_winner only via Kalshi-only path),,,,,,,,not attempted
KXCOPPAITALIA1HBTTS,1st Half BTTS,Soccer,Coppa Italia,segment,A,30,47415.96,True,,not_attempted,,not_attempted_supported_sport,no independent results adapter for this competition in Phase 1 (game_winner only via Kalshi-only path),,,,,,,,not attempted
KXUCL1HSCORE,1st Half Correct Score,Soccer,Champions League,segment,A,42,44948.64,True,ucl,excluded_spec,,excluded_spec,no payoff parser for suffix '1HSCORE',0,0,,,0,0,0,excluded
KXUSOPENCUP1H,1st Half Winner,Soccer,US Open Cup,segment,A,6,42887.36,True,,not_attempted,,not_attempted_supported_sport,no independent results adapter for this competition in Phase 1 (game_winner only via Kalshi-only path),,,,,,,,not attempted
KXSERIEA2HTOTAL,2nd Half Total,Soccer,Serie A,segment,A,116,39632.32,True,seriea,independent_outcomes,exploratory,exploratory_evaluated,only 0 pre-test settled contracts (< 30),129,120,0/0,120/120,0,120,40,evaluated
KXUSL1HSPREAD,1st Half Spread,Soccer,USL Championship,segment,A,223,38732.67,True,,not_attempted,,not_attempted_supported_sport,no independent results adapter for this competition in Phase 1 (game_winner only via Kalshi-only path),,,,,,,,not attempted
KXBUNDESLIGA2HTOTAL,2nd Half Total,Soccer,Bundesliga,segment,A,104,38516.85,True,bundesliga,independent_outcomes,exploratory,exploratory_evaluated,only 0 pre-test settled contracts (< 30),129,108,0/0,108/108,0,108,36,evaluated
KXBUNDESLIGA2HSPREAD,2nd Half Spread,Soccer,Bundesliga,segment,A,54,38404.18,True,bundesliga,independent_outcomes,exploratory,exploratory_evaluated,only 0 pre-test settled contracts (< 30),86,72,0/0,72/72,0,72,36,evaluated
KXUSLCUP1H,1st Half Winner,Soccer,USL Cup,segment,A,21,37657.47,True,,not_attempted,,not_attempted_supported_sport,no independent results adapter for this competition in Phase 1 (game_winner only via Kalshi-only path),,,,,,,,not attempted
KXMLS2HBTTS,2nd Half BTTS,Soccer,MLS,segment,A,84,35327.9,True,mls,excluded_spec,,excluded_spec,no payoff parser for suffix '2HBTTS',0,0,,,0,0,0,excluded
KXMLS2HSPREAD,2nd Half Spread,Soccer,MLS,segment,A,124,34964.27,True,mls,independent_outcomes,exploratory,exploratory_evaluated,only 0 pre-test settled contracts (< 30),204,182,0/0,182/182,0,180,90,evaluated
KXCOPADELREY1H,1st Half Winner,Soccer,Copa del Rey,segment,A,29,34713.27,True,,not_attempted,,not_attempted_supported_sport,no independent results adapter for this competition in Phase 1 (game_winner only via Kalshi-only path),,,,,,,,not attempted
KXUEFASC1HBTTS,1st Half BTTS,Soccer,UEFA Super Cup,segment,A,1,33976.55,True,,not_attempted,,not_attempted_supported_sport,no independent results adapter for this competition in Phase 1 (game_winner only via Kalshi-only path),,,,,,,,not attempted
KXLIGAMX2HBTTS,2nd Half BTTS,Soccer,Liga MX,segment,A,40,33955.34,True,ligamx,excluded_spec,,excluded_spec,no payoff parser for suffix '2HBTTS',0,0,,,0,0,0,excluded
KXSERIEA2HBTTS,2nd Half BTTS,Soccer,Serie A,segment,A,39,30871.21,True,seriea,excluded_spec,,excluded_spec,no payoff parser for suffix '2HBTTS',0,0,,,0,0,0,excluded
KXLIGUE12HTOTAL,2nd Half Total,Soccer,Ligue 1,segment,A,91,29876.2,True,ligue1,independent_outcomes,exploratory,exploratory_evaluated,only 0 pre-test settled contracts (< 30),126,108,0/0,108/108,0,108,36,evaluated
KXUEFASC1HSPREAD,1st Half Spread,Soccer,UEFA Super Cup,segment,A,2,28754.77,True,,not_attempted,,not_attempted_supported_sport,no independent results adapter for this competition in Phase 1 (game_winner only via Kalshi-only path),,,,,,,,not attempted
KXBRASILEIROC1HSPREAD,1st Half Spread,Soccer,Brasileiro Serie C,segment,A,135,27041.64,True,,not_attempted,,not_attempted_supported_sport,no independent results adapter for this competition in Phase 1 (game_winner only via Kalshi-only path),,,,,,,,not attempted
KXSCOTTISHPREM1HBTTS,1st Half BTTS,Soccer,Scottish Premiership,segment,A,41,26901.28,True,,not_attempted,,not_attempted_supported_sport,no independent results adapter for this competition in Phase 1 (game_winner only via Kalshi-only path),,,,,,,,not attempted
KXCOPPAITALIA1HSPREAD,1st Half Spread,Soccer,Coppa Italia,segment,A,43,26417.61,True,,not_attempted,,not_attempted_supported_sport,no independent results adapter for this competition in Phase 1 (game_winner only via Kalshi-only path),,,,,,,,not attempted
KXBRASILEIROC1HBTTS,1st Half BTTS,Soccer,Brasileiro Serie C,segment,A,69,26275.42,True,,not_attempted,,not_attempted_supported_sport,no independent results adapter for this competition in Phase 1 (game_winner only via Kalshi-only path),,,,,,,,not attempted
KXAFCCL1HBTTS,1st Half BTTS,Soccer,AFC Champions League,segment,A,20,25375.09,True,,not_attempted,,not_attempted_supported_sport,no independent results adapter for this competition in Phase 1 (game_winner only via Kalshi-only path),,,,,,,,not attempted
KXFRASUPERCUP1HTOTAL,1st Half Total,Soccer,France Super Cup,segment,A,3,24453.72,True,,not_attempted,,not_attempted_supported_sport,no independent results adapter for this competition in Phase 1 (game_winner only via Kalshi-only path),,,,,,,,not attempted
KXEFLL11HBTTS,1st Half BTTS,Soccer,EFL League One,segment,A,77,20847.25,True,,not_attempted,,not_attempted_supported_sport,no independent results adapter for this competition in Phase 1 (game_winner only via Kalshi-only path),,,,,,,,not attempted
KXFACUP1H,1st Half Winner,Soccer,FA Cup,segment,A,15,20556.58,True,,not_attempted,,not_attempted_supported_sport,no independent results adapter for this competition in Phase 1 (game_winner only via Kalshi-only path),,,,,,,,not attempted
KXFRASUPERCUP1H,1st Half Winner,Soccer,France Super Cup,segment,A,3,19897.64,True,,not_attempted,,not_attempted_supported_sport,no independent results adapter for this competition in Phase 1 (game_winner only via Kalshi-only path),,,,,,,,not attempted
KXBUNDESLIGA2HBTTS,2nd Half BTTS,Soccer,Bundesliga,segment,A,33,18181.75,True,bundesliga,excluded_spec,,excluded_spec,no payoff parser for suffix '2HBTTS',0,0,,,0,0,0,excluded
KXENGCS1HBTTS,1st Half BTTS,Soccer,Community Shield,segment,A,1,16514.96,True,,not_attempted,,not_attempted_supported_sport,no independent results adapter for this competition in Phase 1 (game_winner only via Kalshi-only path),,,,,,,,not attempted
KXLIGUE12HBTTS,2nd Half BTTS,Soccer,Ligue 1,segment,A,30,16080.73,True,ligue1,excluded_spec,,excluded_spec,no payoff parser for suffix '2HBTTS',0,0,,,0,0,0,excluded
KXUSLCUP1HTOTAL,1st Half Total,Soccer,USL Cup,segment,A,21,16077.15,True,,not_attempted,,not_attempted_supported_sport,no independent results adapter for this competition in Phase 1 (game_winner only via Kalshi-only path),,,,,,,,not attempted
KXTACAPORT1HTOTAL,1st Half Total,Soccer,Taca de Portugal,segment,A,71,16058.51,True,,not_attempted,,not_attempted_supported_sport,no independent results adapter for this competition in Phase 1 (game_winner only via Kalshi-only path),,,,,,,,not attempted
KXUEFASC2HBTTS,2nd Half BTTS,Soccer,UEFA Super Cup,segment,A,1,15992.04,True,,not_attempted,,not_attempted_supported_sport,no independent results adapter for this competition in Phase 1 (game_winner only via Kalshi-only path),,,,,,,,not attempted
KXLIGUE12HSPREAD,2nd Half Spread,Soccer,Ligue 1,segment,A,43,12132.27,True,ligue1,independent_outcomes,exploratory,exploratory_evaluated,only 0 pre-test settled contracts (< 30),84,72,0/0,72/72,0,72,36,evaluated
KXUEFASC2HTOTAL,2nd Half Total,Soccer,UEFA Super Cup,segment,A,3,10152.18,True,,not_attempted,,not_attempted_supported_sport,no independent results adapter for this competition in Phase 1 (game_winner only via Kalshi-only path),,,,,,,,not attempted
KXDFBPOKAL1HBTTS,1st Half BTTS,Soccer,DFB Pokal,segment,A,32,9725.06,True,,not_attempted,,not_attempted_supported_sport,no independent results adapter for this competition in Phase 1 (game_winner only via Kalshi-only path),,,,,,,,not attempted
KXENGCS1HSPREAD,1st Half Spread,Soccer,Community Shield,segment,A,2,9359.34,True,,not_attempted,,not_attempted_supported_sport,no independent results adapter for this competition in Phase 1 (game_winner only via Kalshi-only path),,,,,,,,not attempted
KXSERIEA2HSPREAD,2nd Half Spread,Soccer,Serie A,segment,A,55,9199.14,True,seriea,independent_outcomes,exploratory,exploratory_evaluated,only 0 pre-test settled contracts (< 30),86,80,0/0,80/80,0,80,40,evaluated
KXUSOPENCUP1HBTTS,1st Half BTTS,Soccer,US Open Cup,segment,A,2,8472.93,True,,not_attempted,,not_attempted_supported_sport,no independent results adapter for this competition in Phase 1 (game_winner only via Kalshi-only path),,,,,,,,not attempted
KXGERSC1HSPREAD,1st Half Spread,Soccer,Germany Super Cup,segment,A,2,5309.12,True,,not_attempted,,not_attempted_supported_sport,no independent results adapter for this competition in Phase 1 (game_winner only via Kalshi-only path),,,,,,,,not attempted
KXGERSC1HBTTS,1st Half BTTS,Soccer,Germany Super Cup,segment,A,1,4800.11,True,,not_attempted,,not_attempted_supported_sport,no independent results adapter for this competition in Phase 1 (game_winner only via Kalshi-only path),,,,,,,,not attempted
KXUSLCUP1HBTTS,1st Half BTTS,Soccer,USL Cup,segment,A,6,3315.95,True,,not_attempted,,not_attempted_supported_sport,no independent results adapter for this competition in Phase 1 (game_winner only via Kalshi-only path),,,,,,,,not attempted
KXCOPADELREY1HTOTAL,1st Half Total,Soccer,Copa del Rey,segment,A,14,2543.08,True,,not_attempted,,not_attempted_supported_sport,no independent results adapter for this competition in Phase 1 (game_winner only via Kalshi-only path),,,,,,,,not attempted
KXTACAPORT1HBTTS,1st Half BTTS,Soccer,Taca de Portugal,segment,A,21,2076.45,True,,not_attempted,,not_attempted_supported_sport,no independent results adapter for this competition in Phase 1 (game_winner only via Kalshi-only path),,,,,,,,not attempted
KXFACUP1HTOTAL,1st Half Total,Soccer,FA Cup,segment,A,15,1941.0,True,,not_attempted,,not_attempted_supported_sport,no independent results adapter for this competition in Phase 1 (game_winner only via Kalshi-only path),,,,,,,,not attempted
KXTACAPORT1HSPREAD,1st Half Spread,Soccer,Taca de Portugal,segment,A,14,1547.0,True,,not_attempted,,not_attempted_supported_sport,no independent results adapter for this competition in Phase 1 (game_winner only via Kalshi-only path),,,,,,,,not attempted
KXUEFASC2H,2nd Half Winner,Soccer,UEFA Super Cup,segment,A,3,1521.58,True,,not_attempted,,not_attempted_supported_sport,no independent results adapter for this competition in Phase 1 (game_winner only via Kalshi-only path),,,,,,,,not attempted
KXUSLCUP1HSPREAD,1st Half Spread,Soccer,USL Cup,segment,A,7,1219.87,True,,not_attempted,,not_attempted_supported_sport,no independent results adapter for this competition in Phase 1 (game_winner only via Kalshi-only path),,,,,,,,not attempted
KXFRASUPERCUP1HSPREAD,1st Half Spread,Soccer,France Super Cup,segment,A,2,1069.03,True,,not_attempted,,not_attempted_supported_sport,no independent results adapter for this competition in Phase 1 (game_winner only via Kalshi-only path),,,,,,,,not attempted
KXUSOPENCUP1HSPREAD,1st Half Spread,Soccer,US Open Cup,segment,A,4,793.74,True,,not_attempted,,not_attempted_supported_sport,no independent results adapter for this competition in Phase 1 (game_winner only via Kalshi-only path),,,,,,,,not attempted
KXCOPADELREY1HSPREAD,1st Half Spread,Soccer,Copa del Rey,segment,A,15,638.7,True,,not_attempted,,not_attempted_supported_sport,no independent results adapter for this competition in Phase 1 (game_winner only via Kalshi-only path),,,,,,,,not attempted
KXUEFASC2HSPREAD,2nd Half Spread,Soccer,UEFA Super Cup,segment,A,2,562.97,True,,not_attempted,,not_attempted_supported_sport,no independent results adapter for this competition in Phase 1 (game_winner only via Kalshi-only path),,,,,,,,not attempted
KXFRASUPERCUP1HBTTS,1st Half BTTS,Soccer,France Super Cup,segment,A,1,440.01,True,,not_attempted,,not_attempted_supported_sport,no independent results adapter for this competition in Phase 1 (game_winner only via Kalshi-only path),,,,,,,,not attempted
KXFACUP1HBTTS,1st Half BTTS,Soccer,FA Cup,segment,A,5,431.0,True,,not_attempted,,not_attempted_supported_sport,no independent results adapter for this competition in Phase 1 (game_winner only via Kalshi-only path),,,,,,,,not attempted
KXCOPADELREY1HBTTS,1st Half BTTS,Soccer,Copa del Rey,segment,A,9,237.9,True,,not_attempted,,not_attempted_supported_sport,no independent results adapter for this competition in Phase 1 (game_winner only via Kalshi-only path),,,,,,,,not attempted
KXFACUP1HSPREAD,1st Half Spread,Soccer,FA Cup,segment,A,10,98.0,True,,not_attempted,,not_attempted_supported_sport,no independent results adapter for this competition in Phase 1 (game_winner only via Kalshi-only path),,,,,,,,not attempted
KXAFCAC1H,1st Half Winner,Soccer,,segment,A,0,0.0,True,,not_attempted,,not_attempted_supported_sport,no traded markets,,,,,,,,not attempted
KXAFCAC1HBTTS,1st Half BTTS,Soccer,,segment,A,0,0.0,True,,not_attempted,,not_attempted_supported_sport,no traded markets,,,,,,,,not attempted
KXAFCAC1HSPREAD,1st Half Spread,Soccer,,segment,A,0,0.0,True,,not_attempted,,not_attempted_supported_sport,no traded markets,,,,,,,,not attempted
KXAFCAC1HTOTAL,1st Half Total,Soccer,,segment,A,0,0.0,True,,not_attempted,,not_attempted_supported_sport,no traded markets,,,,,,,,not attempted
KXALEAGUE1H,1st Half Winner,Soccer,,segment,A,0,0.0,True,,not_attempted,,not_attempted_supported_sport,no traded markets,,,,,,,,not attempted
KXALEAGUE1HBTTS,1st Half BTTS,Soccer,,segment,A,0,0.0,True,,not_attempted,,not_attempted_supported_sport,no traded markets,,,,,,,,not attempted
KXALEAGUE1HSPREAD,1st Half Spread,Soccer,,segment,A,0,0.0,True,,not_attempted,,not_attempted_supported_sport,no traded markets,,,,,,,,not attempted
KXALEAGUE1HTOTAL,1st Half Total,Soccer,,segment,A,0,0.0,True,,not_attempted,,not_attempted_supported_sport,no traded markets,,,,,,,,not attempted
KXCLUBWC1H,1st Half Winner,Soccer,,segment,A,0,0.0,True,,not_attempted,,not_attempted_supported_sport,no traded markets,,,,,,,,not attempted
KXCLUBWC1HBTTS,1st Half BTTS,Soccer,,segment,A,0,0.0,True,,not_attempted,,not_attempted_supported_sport,no traded markets,,,,,,,,not attempted
KXCLUBWC1HSCORE,1st Half Correct Score,Soccer,,segment,A,0,0.0,True,,not_attempted,,not_attempted_supported_sport,no traded markets,,,,,,,,not attempted
KXCLUBWC1HSPREAD,1st Half Spread,Soccer,,segment,A,0,0.0,True,,not_attempted,,not_attempted_supported_sport,no traded markets,,,,,,,,not attempted
KXCLUBWC1HTOTAL,1st Half Total,Soccer,,segment,A,0,0.0,True,,not_attempted,,not_attempted_supported_sport,no traded markets,,,,,,,,not attempted
KXCLUBWC2H,2nd Half Winner,Soccer,,segment,A,0,0.0,True,,not_attempted,,not_attempted_supported_sport,no traded markets,,,,,,,,not attempted
KXCLUBWC2HBTTS,2nd Half BTTS,Soccer,,segment,A,0,0.0,True,,not_attempted,,not_attempted_supported_sport,no traded markets,,,,,,,,not attempted
KXCLUBWC2HSPREAD,2nd Half Spread,Soccer,,segment,A,0,0.0,True,,not_attempted,,not_attempted_supported_sport,no traded markets,,,,,,,,not attempted
KXCLUBWC2HTOTAL,2nd Half Total,Soccer,,segment,A,0,0.0,True,,not_attempted,,not_attempted_supported_sport,no traded markets,,,,,,,,not attempted
KXCONCACAFCCUP1H,1st Half Winner,Soccer,,segment,A,0,0.0,True,,not_attempted,,not_attempted_supported_sport,no traded markets,,,,,,,,not attempted
KXCONCACAFCCUP1HBTTS,1st Half BTTS,Soccer,,segment,A,0,0.0,True,,not_attempted,,not_attempted_supported_sport,no traded markets,,,,,,,,not attempted
KXCONCACAFCCUP1HSPREAD,1st Half Spread,Soccer,,segment,A,0,0.0,True,,not_attempted,,not_attempted_supported_sport,no traded markets,,,,,,,,not attempted
KXCONCACAFCCUP1HTOTAL,1st Half Total,Soccer,,segment,A,0,0.0,True,,not_attempted,,not_attempted_supported_sport,no traded markets,,,,,,,,not attempted
KXCOUPEDEFRANCE1H,1st Half Winner,Soccer,,segment,A,0,0.0,True,,not_attempted,,not_attempted_supported_sport,no traded markets,,,,,,,,not attempted
KXCOUPEDEFRANCE1HBTTS,1st Half BTTS,Soccer,,segment,A,0,0.0,True,,not_attempted,,not_attempted_supported_sport,no traded markets,,,,,,,,not attempted
KXCOUPEDEFRANCE1HSPREAD,1st Half Spread,Soccer,,segment,A,0,0.0,True,,not_attempted,,not_attempted_supported_sport,no traded markets,,,,,,,,not attempted
KXCOUPEDEFRANCE1HTOTAL,1st Half Total,Soccer,,segment,A,0,0.0,True,,not_attempted,,not_attempted_supported_sport,no traded markets,,,,,,,,not attempted
KXENGCS1HSCORE,1st Half Correct Score,Soccer,,segment,A,0,0.0,True,,not_attempted,,not_attempted_supported_sport,no traded markets,,,,,,,,not attempted
KXENGCS2H,2nd Half Winner,Soccer,,segment,A,0,0.0,True,,not_attempted,,not_attempted_supported_sport,no traded markets,,,,,,,,not attempted
KXENGCS2HBTTS,2nd Half BTTS,Soccer,,segment,A,0,0.0,True,,not_attempted,,not_attempted_supported_sport,no traded markets,,,,,,,,not attempted
KXENGCS2HSPREAD,2nd Half Spread,Soccer,,segment,A,0,0.0,True,,not_attempted,,not_attempted_supported_sport,no traded markets,,,,,,,,not attempted
KXENGCS2HTOTAL,2nd Half Total,Soccer,,segment,A,0,0.0,True,,not_attempted,,not_attempted_supported_sport,no traded markets,,,,,,,,not attempted
KXESPSUPERCUP1H,1st Half Winner,Soccer,,segment,A,0,0.0,True,,not_attempted,,not_attempted_supported_sport,no traded markets,,,,,,,,not attempted
KXESPSUPERCUP1HBTTS,1st Half BTTS,Soccer,,segment,A,0,0.0,True,,not_attempted,,not_attempted_supported_sport,no traded markets,,,,,,,,not attempted
KXESPSUPERCUP1HSPREAD,1st Half Spread,Soccer,,segment,A,0,0.0,True,,not_attempted,,not_attempted_supported_sport,no traded markets,,,,,,,,not attempted
KXESPSUPERCUP1HTOTAL,1st Half Total,Soccer,,segment,A,0,0.0,True,,not_attempted,,not_attempted_supported_sport,no traded markets,,,,,,,,not attempted
KXFACUP1HSCORE,1st Half Correct Score,Soccer,,segment,A,0,0.0,True,,not_attempted,,not_attempted_supported_sport,no traded markets,,,,,,,,not attempted
KXFACUP2H,2nd Half Winner,Soccer,,segment,A,0,0.0,True,,not_attempted,,not_attempted_supported_sport,no traded markets,,,,,,,,not attempted
KXFACUP2HBTTS,2nd Half BTTS,Soccer,,segment,A,0,0.0,True,,not_attempted,,not_attempted_supported_sport,no traded markets,,,,,,,,not attempted
KXFACUP2HSPREAD,2nd Half Spread,Soccer,,segment,A,0,0.0,True,,not_attempted,,not_attempted_supported_sport,no traded markets,,,,,,,,not attempted
KXFACUP2HTOTAL,2nd Half Total,Soccer,,segment,A,0,0.0,True,,not_attempted,,not_attempted_supported_sport,no traded markets,,,,,,,,not attempted
KXFINALISSIMA1H,1st Half Winner,Soccer,,segment,A,0,0.0,True,,not_attempted,,not_attempted_supported_sport,no traded markets,,,,,,,,not attempted
KXFINALISSIMA1HBTTS,1st Half BTTS,Soccer,,segment,A,0,0.0,True,,not_attempted,,not_attempted_supported_sport,no traded markets,,,,,,,,not attempted
KXFINALISSIMA1HSPREAD,1st Half Spread,Soccer,,segment,A,0,0.0,True,,not_attempted,,not_attempted_supported_sport,no traded markets,,,,,,,,not attempted
KXFINALISSIMA1HTOTAL,1st Half Total,Soccer,,segment,A,0,0.0,True,,not_attempted,,not_attempted_supported_sport,no traded markets,,,,,,,,not attempted
KXITASUPERCUP1H,1st Half Winner,Soccer,,segment,A,0,0.0,True,,not_attempted,,not_attempted_supported_sport,no traded markets,,,,,,,,not attempted
KXITASUPERCUP1HBTTS,1st Half BTTS,Soccer,,segment,A,0,0.0,True,,not_attempted,,not_attempted_supported_sport,no traded markets,,,,,,,,not attempted
KXITASUPERCUP1HSPREAD,1st Half Spread,Soccer,,segment,A,0,0.0,True,,not_attempted,,not_attempted_supported_sport,no traded markets,,,,,,,,not attempted
KXITASUPERCUP1HTOTAL,1st Half Total,Soccer,,segment,A,0,0.0,True,,not_attempted,,not_attempted_supported_sport,no traded markets,,,,,,,,not attempted
KXUEFASC1HSCORE,World Cup 1st Half Score,Soccer,,segment,A,0,0.0,True,,not_attempted,,not_attempted_supported_sport,no traded markets,,,,,,,,not attempted
KXWCSPREAD,World Cup Spread,Soccer,FIFA World Cup,spread,A,509,627751262.25,True,,not_attempted,,not_attempted_supported_sport,no independent results adapter for this competition in Phase 1 (game_winner only via Kalshi-only path),,,,,,,,not attempted
KXLALIGASPREAD,La Liga Spread,Soccer,La Liga,spread,A,1403,40989077.55,True,laliga,independent_outcomes,strict,strict_evaluated,,1435,1375,204/204,1375/1375,0,1171,277,evaluated
KXEPLSPREAD,English Premier League Spread,Soccer,EPL,spread,A,1392,35581041.02,True,epl,independent_outcomes,strict,strict_evaluated,,1412,1328,304/304,1328/1328,0,1024,244,evaluated
KXUCLSPREAD,Champions League Spread,Soccer,Champions League,spread,A,1099,27312016.43,True,ucl,independent_outcomes,strict,strict_evaluated,,1128,509,144/144,509/509,0,365,87,evaluated
KXMLSSPREAD,MLS Spread,Soccer,MLS,spread,A,1778,20701323.74,True,mls,independent_outcomes,exploratory,exploratory_evaluated,only 0 pre-test settled contracts (< 30),1882,1742,0/0,1742/1742,0,1737,404,evaluated
KXLIGAMXSPREAD,Liga MX Game,Soccer,Liga MX,spread,A,893,20696266.67,True,ligamx,independent_outcomes,exploratory,exploratory_evaluated,only 0 pre-test settled contracts (< 30),913,853,0/0,853/853,0,853,201,evaluated
KXCLUBFSPREAD,Spread,Soccer,Club Friendlies,spread,A,3730,19372699.0,True,,not_attempted,,not_attempted_supported_sport,no independent results adapter for this competition in Phase 1 (game_winner only via Kalshi-only path),,,,,,,,not attempted
KXINTLFRIENDLYSPREAD,International Friendly Spread,Soccer,Intl Friendlies,spread,A,774,16294511.23,True,,not_attempted,,not_attempted_supported_sport,no independent results adapter for this competition in Phase 1 (game_winner only via Kalshi-only path),,,,,,,,not attempted
KXUEFANLSPREAD,Spread,Soccer,UEFA Nations League,spread,A,503,15730456.31,True,,not_attempted,,not_attempted_supported_sport,no independent results adapter for this competition in Phase 1 (game_winner only via Kalshi-only path),,,,,,,,not attempted
KXLEAGUESCUPSPREAD,Spread,Soccer,Leagues Cup,spread,A,416,12034938.85,True,,not_attempted,,not_attempted_supported_sport,no independent results adapter for this competition in Phase 1 (game_winner only via Kalshi-only path),,,,,,,,not attempted
KXSERIEASPREAD,Serie A Spread,Soccer,Serie A,spread,A,1313,11910441.06,True,seriea,independent_outcomes,strict,strict_evaluated,,1344,1304,224/224,1304/1304,0,1080,262,evaluated
KXBUNDESLIGASPREAD,Bundesliga Spread,Soccer,Bundesliga,spread,A,1085,9234164.73,True,bundesliga,independent_outcomes,strict,strict_evaluated,,1115,1059,180/180,1059/1059,0,879,207,evaluated
KXARGPREMDIVSPREAD,Argentina Premier Division Spread,Soccer,Argentina Primera Division,spread,A,800,6699807.08,True,argentina,independent_outcomes,exploratory,exploratory_evaluated,only 0 pre-test settled contracts (< 30),749,737,0/0,737/737,0,733,170,evaluated
KXUECLSPREAD,Conference League Spread,Soccer,Conference League,spread,A,1381,5974740.34,True,uecl,independent_outcomes,exploratory,exploratory_evaluated,only 0 pre-test settled contracts (< 30),1297,20,0/0,20/20,0,20,5,evaluated
KXLIGUE1SPREAD,Ligue 1 Spread,Soccer,Ligue 1,spread,A,1022,5732622.08,True,ligue1,independent_outcomes,strict,strict_evaluated,,1051,999,144/144,999/999,0,855,206,evaluated
KXCONCACAFNLSPREAD,Spread,Soccer,CONCACAF Nations League,spread,A,393,5630254.2,True,,not_attempted,,not_attempted_supported_sport,no independent results adapter for this competition in Phase 1 (game_winner only via Kalshi-only path),,,,,,,,not attempted
KXBRASILEIROSPREAD,Brasileiro Serie A Game,Soccer,Brasileiro,spread,A,1136,5052383.61,True,brasileiro,independent_outcomes,exploratory,exploratory_evaluated,only 0 pre-test settled contracts (< 30),1199,1118,0/0,1118/1118,0,1083,257,evaluated
KXDIMAYORSPREAD,Spread,Soccer,Colombian Liga DIMAYOR,spread,A,606,4849818.05,True,,not_attempted,,not_attempted_supported_sport,no independent results adapter for this competition in Phase 1 (game_winner only via Kalshi-only path),,,,,,,,not attempted
KXUELSPREAD,Europa League Spread,Soccer,Europa League,spread,A,723,4846854.71,True,uel,independent_outcomes,exploratory,exploratory_evaluated,only 0 pre-test settled contracts (< 30),729,185,0/0,185/185,0,185,46,evaluated
KXECULPSPREAD,Spread,Soccer,Ecuador LigaPro,spread,A,444,4317520.47,True,,not_attempted,,not_attempted_supported_sport,no independent results adapter for this competition in Phase 1 (game_winner only via Kalshi-only path),,,,,,,,not attempted
KXALLSVENSKANSPREAD,Spread,Soccer,Allsvenskan,spread,A,399,3718141.0,True,,not_attempted,,not_attempted_supported_sport,no independent results adapter for this competition in Phase 1 (game_winner only via Kalshi-only path),,,,,,,,not attempted
KXSAUDIPLSPREAD,Saudi Pro League Game,Soccer,Saudi Pro League,spread,A,808,3581704.12,True,saudi,independent_outcomes,exploratory,exploratory_evaluated,only 0 pre-test settled contracts (< 30),855,819,0/0,819/819,0,819,189,evaluated
KXBRASILEIROBSPREAD,Spread,Soccer,Brasileiro Serie B,spread,A,687,3512810.21,True,,not_attempted,,not_attempted_supported_sport,no independent results adapter for this competition in Phase 1 (game_winner only via Kalshi-only path),,,,,,,,not attempted
KXAPFDDHSPREAD,Spread,Soccer,APF Division de Honor,spread,A,365,3097651.65,True,,not_attempted,,not_attempted_supported_sport,no independent results adapter for this competition in Phase 1 (game_winner only via Kalshi-only path),,,,,,,,not attempted
KXUCLWSPREAD,Spread,Soccer,Champions League Womens,spread,A,635,3047103.18,True,,not_attempted,,not_attempted_supported_sport,no independent results adapter for this competition in Phase 1 (game_winner only via Kalshi-only path),,,,,,,,not attempted
KXPERLIGA1SPREAD,Spread,Soccer,Peru Liga 1,spread,A,460,2825483.67,True,,not_attempted,,not_attempted_supported_sport,no independent results adapter for this competition in Phase 1 (game_winner only via Kalshi-only path),,,,,,,,not attempted
KXEFLCUPSPREAD,EFL Cup Spread,Soccer,EFL Cup,spread,A,521,2673013.45,True,,not_attempted,,not_attempted_supported_sport,no independent results adapter for this competition in Phase 1 (game_winner only via Kalshi-only path),,,,,,,,not attempted
KXCHNSLSPREAD,Spread,Soccer,Chinese Super League,spread,A,342,2345347.68,True,,not_attempted,,not_attempted_supported_sport,no independent results adapter for this competition in Phase 1 (game_winner only via Kalshi-only path),,,,,,,,not attempted
KXEFLCHAMPIONSHIPSPREAD,EFL Championship Spread,Soccer,EFL Championship,spread,A,565,2301787.61,True,eflc,independent_outcomes,exploratory,exploratory_evaluated,only 0 pre-test settled contracts (< 30),615,563,0/0,563/563,0,563,128,evaluated
KXCONMEBOLSUDSPREAD,Spread,Soccer,CONMEBOL Sudamericana,spread,A,185,2223888.83,True,,not_attempted,,not_attempted_supported_sport,no independent results adapter for this competition in Phase 1 (game_winner only via Kalshi-only path),,,,,,,,not attempted
KXELITESERIENSPREAD,Spread,Soccer,Eliteserien,spread,A,350,2196684.19,True,,not_attempted,,not_attempted_supported_sport,no independent results adapter for this competition in Phase 1 (game_winner only via Kalshi-only path),,,,,,,,not attempted
KXLIGAPORTUGALSPREAD,Spread,Soccer,Liga Portugal,spread,A,327,2102882.0,True,ligaportugal,independent_outcomes,exploratory,exploratory_evaluated,only 0 pre-test settled contracts (< 30),337,301,0/0,301/301,0,301,62,evaluated
KXEREDIVISIESPREAD,Eredivisie Spread,Soccer,Eredivisie,spread,A,529,2052447.3,True,eredivisie,independent_outcomes,exploratory,exploratory_evaluated,only 0 pre-test settled contracts (< 30),536,483,0/0,483/483,0,483,100,evaluated
KXASEANSPREAD,Spread,Soccer,ASEAN Championship,spread,A,88,1605209.38,True,,not_attempted,,not_attempted_supported_sport,no independent results adapter for this competition in Phase 1 (game_winner only via Kalshi-only path),,,,,,,,not attempted
KXJLEAGUESPREAD,Spread,Soccer,Japan J1 League,spread,A,401,1593491.55,True,,not_attempted,,not_attempted_supported_sport,no independent results adapter for this competition in Phase 1 (game_winner only via Kalshi-only path),,,,,,,,not attempted
KXLALIGA2SPREAD,Spread,Soccer,La Liga 2,spread,A,401,1560845.46,True,,not_attempted,,not_attempted_supported_sport,no independent results adapter for this competition in Phase 1 (game_winner only via Kalshi-only path),,,,,,,,not attempted
KXAFCONSPREAD,Spread,Soccer,AFCON Qualifiers,spread,A,232,1544214.04,True,,not_attempted,,not_attempted_supported_sport,no independent results adapter for this competition in Phase 1 (game_winner only via Kalshi-only path),,,,,,,,not attempted
KXCOPADOBRASILSPREAD,Copa do Brasil Spread,Soccer,Copa do Brasil,spread,A,250,1518586.48,True,,not_attempted,,not_attempted_supported_sport,no independent results adapter for this competition in Phase 1 (game_winner only via Kalshi-only path),,,,,,,,not attempted
KXSUPERLIGSPREAD,Spread,Soccer,Super Lig,spread,A,259,1433132.42,True,,not_attempted,,not_attempted_supported_sport,no independent results adapter for this competition in Phase 1 (game_winner only via Kalshi-only path),,,,,,,,not attempted
KXLIGAEXPSPREAD,Spread,Soccer,Liga de Expansion MX,spread,A,440,1430659.69,True,,not_attempted,,not_attempted_supported_sport,no independent results adapter for this competition in Phase 1 (game_winner only via Kalshi-only path),,,,,,,,not attempted
KXURYPDSPREAD,Spread,Soccer,Uruguay Primera Division,spread,A,415,1376001.55,True,,not_attempted,,not_attempted_supported_sport,no independent results adapter for this competition in Phase 1 (game_winner only via Kalshi-only path),,,,,,,,not attempted
KXFACUPSPREAD,FA Cup Game,Soccer,FA Cup,spread,A,157,1359460.56,True,,not_attempted,,not_attempted_supported_sport,no independent results adapter for this competition in Phase 1 (game_winner only via Kalshi-only path),,,,,,,,not attempted
KXSCOTTISHPREMSPREAD,Spread,Soccer,Scottish Premiership,spread,A,217,1214261.39,True,,not_attempted,,not_attempted_supported_sport,no independent results adapter for this competition in Phase 1 (game_winner only via Kalshi-only path),,,,,,,,not attempted
KXEKSTRAKLASASPREAD,Spread,Soccer,Ekstraklasa,spread,A,356,1160220.33,True,,not_attempted,,not_attempted_supported_sport,no independent results adapter for this competition in Phase 1 (game_winner only via Kalshi-only path),,,,,,,,not attempted
KXARGNACBSPREAD,Spread,Soccer,Argentine Nacional B,spread,A,902,1140723.86,True,,not_attempted,,not_attempted_supported_sport,no independent results adapter for this competition in Phase 1 (game_winner only via Kalshi-only path),,,,,,,,not attempted
KXNWSLSPREAD,NWSL Spread,Soccer,NWSL,spread,A,502,1139039.86,True,,not_attempted,,not_attempted_supported_sport,no independent results adapter for this competition in Phase 1 (game_winner only via Kalshi-only path),,,,,,,,not attempted
KXCHLLDPSPREAD,Spread,Soccer,Chile Liga de Primera,spread,A,306,1135966.56,True,,not_attempted,,not_attempted_supported_sport,no independent results adapter for this competition in Phase 1 (game_winner only via Kalshi-only path),,,,,,,,not attempted
KXEGYPLSPREAD,Spread,Soccer,Egyptian Premier League,spread,A,216,1072416.26,True,,not_attempted,,not_attempted_supported_sport,no independent results adapter for this competition in Phase 1 (game_winner only via Kalshi-only path),,,,,,,,not attempted
KXCONMEBOLLIBSPREAD,Spread,Soccer,CONMEBOL Libertadores,spread,A,102,1031260.58,True,,not_attempted,,not_attempted_supported_sport,no independent results adapter for this competition in Phase 1 (game_winner only via Kalshi-only path),,,,,,,,not attempted
KXCZEFLSPREAD,Spread,Soccer,Czech First League,spread,A,325,1023859.11,True,,not_attempted,,not_attempted_supported_sport,no independent results adapter for this competition in Phase 1 (game_winner only via Kalshi-only path),,,,,,,,not attempted
KXBELGIANPLSPREAD,Spread,Soccer,Belgian Pro League,spread,A,316,1012696.89,True,,not_attempted,,not_attempted_supported_sport,no independent results adapter for this competition in Phase 1 (game_winner only via Kalshi-only path),,,,,,,,not attempted
KXDENSUPERLIGASPREAD,Spread,Soccer,Danish Superliga,spread,A,260,1002551.68,True,,not_attempted,,not_attempted_supported_sport,no independent results adapter for this competition in Phase 1 (game_winner only via Kalshi-only path),,,,,,,,not attempted
KXKLEAGUESPREAD,Spread,Soccer,Korea K League 1,spread,A,360,933071.25,True,,not_attempted,,not_attempted_supported_sport,no independent results adapter for this competition in Phase 1 (game_winner only via Kalshi-only path),,,,,,,,not attempted
KXDFBPOKALSPREAD,DFB Pokal Spread,Soccer,DFB Pokal,spread,A,187,882284.05,True,,not_attempted,,not_attempted_supported_sport,no independent results adapter for this competition in Phase 1 (game_winner only via Kalshi-only path),,,,,,,,not attempted
KXUSLSPREAD,Spread,Soccer,USL Championship,spread,A,695,808391.85,True,,not_attempted,,not_attempted_supported_sport,no independent results adapter for this competition in Phase 1 (game_winner only via Kalshi-only path),,,,,,,,not attempted
KXSERIECSPREAD,Spread,Soccer,Serie C,spread,A,1013,796051.82,True,,not_attempted,,not_attempted_supported_sport,no independent results adapter for this competition in Phase 1 (game_winner only via Kalshi-only path),,,,,,,,not attempted
KXBUNDESLIGA2SPREAD,Spread,Soccer,Bundesliga 2,spread,A,281,780478.68,True,bundesliga2,independent_outcomes,exploratory,exploratory_evaluated,only 0 pre-test settled contracts (< 30),265,257,0/0,257/257,0,257,54,evaluated
KXJ2LEAGUESPREAD,Spread,Soccer,Japan J2 League,spread,A,324,777043.27,True,,not_attempted,,not_attempted_supported_sport,no independent results adapter for this competition in Phase 1 (game_winner only via Kalshi-only path),,,,,,,,not attempted
KXSWISSLEAGUESPREAD,Spread,Soccer,Swiss Super League,spread,A,245,766966.76,True,,not_attempted,,not_attempted_supported_sport,no independent results adapter for this competition in Phase 1 (game_winner only via Kalshi-only path),,,,,,,,not attempted
KXEERSTEDIVSPREAD,Spread,Soccer,Eerste Divisie,spread,A,389,743366.52,True,,not_attempted,,not_attempted_supported_sport,no independent results adapter for this competition in Phase 1 (game_winner only via Kalshi-only path),,,,,,,,not attempted
KXAFCCLSPREAD,Spread,Soccer,AFC Champions League,spread,A,109,707925.49,True,,not_attempted,,not_attempted_supported_sport,no independent results adapter for this competition in Phase 1 (game_winner only via Kalshi-only path),,,,,,,,not attempted
KXETTANSPREAD,Spread,Soccer,Ettan,spread,A,670,704912.52,True,,not_attempted,,not_attempted_supported_sport,no independent results adapter for this competition in Phase 1 (game_winner only via Kalshi-only path),,,,,,,,not attempted
KXCOPADELREYSPREAD,Copa Del Rey Spread,Soccer,Copa del Rey,spread,A,96,678879.22,True,,not_attempted,,not_attempted_supported_sport,no independent results adapter for this competition in Phase 1 (game_winner only via Kalshi-only path),,,,,,,,not attempted
KXENGNLSPREAD,Spread,Soccer,English National League,spread,A,597,659534.44,True,,not_attempted,,not_attempted_supported_sport,no independent results adapter for this competition in Phase 1 (game_winner only via Kalshi-only path),,,,,,,,not attempted
KXUAEPLSPREAD,Spread,Soccer,UAE Pro League,spread,A,168,656098.7,True,,not_attempted,,not_attempted_supported_sport,no independent results adapter for this competition in Phase 1 (game_winner only via Kalshi-only path),,,,,,,,not attempted
KXCANPLSPREAD,Spread,Soccer,Canadian Premier League,spread,A,273,652315.15,True,,not_attempted,,not_attempted_supported_sport,no independent results adapter for this competition in Phase 1 (game_winner only via Kalshi-only path),,,,,,,,not attempted
KXBRASILEIROCSPREAD,Spread,Soccer,Brasileiro Serie C,spread,A,306,553535.45,True,,not_attempted,,not_attempted_supported_sport,no independent results adapter for this competition in Phase 1 (game_winner only via Kalshi-only path),,,,,,,,not attempted
KXALEAGUESPREAD,Australian A League Spread,Soccer,A-League,spread,A,244,543820.82,True,,not_attempted,,not_attempted_supported_sport,no independent results adapter for this competition in Phase 1 (game_winner only via Kalshi-only path),,,,,,,,not attempted
KXTFF1LIGSPREAD,Spread,Soccer,TFF 1. Lig,spread,A,319,530345.9,True,,not_attempted,,not_attempted_supported_sport,no independent results adapter for this competition in Phase 1 (game_winner only via Kalshi-only path),,,,,,,,not attempted
KXVENFUTVESPREAD,Spread,Soccer,Venezuela Liga FUTVE,spread,A,376,517419.79,True,,not_attempted,,not_attempted_supported_sport,no independent results adapter for this competition in Phase 1 (game_winner only via Kalshi-only path),,,,,,,,not attempted
KXCOPPAITALIASPREAD,Copa Italia Spread,Soccer,Coppa Italia,spread,A,144,516005.97,True,,not_attempted,,not_attempted_supported_sport,no independent results adapter for this competition in Phase 1 (game_winner only via Kalshi-only path),,,,,,,,not attempted
KXEFLL1SPREAD,Spread,Soccer,EFL League One,spread,A,412,490956.26,True,,not_attempted,,not_attempted_supported_sport,no independent results adapter for this competition in Phase 1 (game_winner only via Kalshi-only path),,,,,,,,not attempted
KXFIFASPREAD,Fifa Spread,Soccer,FIFA World Cup Qualifiers,spread,A,64,469844.0,True,,not_attempted,,not_attempted_supported_sport,no independent results adapter for this competition in Phase 1 (game_winner only via Kalshi-only path),,,,,,,,not attempted
KXCZEFNLSPREAD,Spread,Soccer,Czech National Football League,spread,A,226,457785.61,True,,not_attempted,,not_attempted_supported_sport,no independent results adapter for this competition in Phase 1 (game_winner only via Kalshi-only path),,,,,,,,not attempted
KXHNLSPREAD,Spread,Soccer,Croatia HNL,spread,A,208,441572.4,True,,not_attempted,,not_attempted_supported_sport,no independent results adapter for this competition in Phase 1 (game_winner only via Kalshi-only path),,,,,,,,not attempted
KXSVK2LSPREAD,Spread,Soccer,Slovakian 2. Liga,spread,A,289,401227.0,True,,not_attempted,,not_attempted_supported_sport,no independent results adapter for this competition in Phase 1 (game_winner only via Kalshi-only path),,,,,,,,not attempted
KXCHNL1SPREAD,Spread,Soccer,China League 1,spread,A,258,382736.68,True,,not_attempted,,not_attempted_supported_sport,no independent results adapter for this competition in Phase 1 (game_winner only via Kalshi-only path),,,,,,,,not attempted
KXGRECUPSPREAD,Spread,Soccer,Greek Cup,spread,A,135,375083.75,True,,not_attempted,,not_attempted_supported_sport,no independent results adapter for this competition in Phase 1 (game_winner only via Kalshi-only path),,,,,,,,not attempted
KXFINYLSPREAD,Spread,Soccer,Finnish Ykkosliiga,spread,A,165,372892.13,True,,not_attempted,,not_attempted_supported_sport,no independent results adapter for this competition in Phase 1 (game_winner only via Kalshi-only path),,,,,,,,not attempted
KXLVAVIRSPREAD,Spread,Soccer,Latvian Virsliga,spread,A,131,353042.45,True,,not_attempted,,not_attempted_supported_sport,no independent results adapter for this competition in Phase 1 (game_winner only via Kalshi-only path),,,,,,,,not attempted
KXISRNLSPREAD,Spread,Soccer,Liga Leumit,spread,A,310,344492.47,True,,not_attempted,,not_attempted_supported_sport,no independent results adapter for this competition in Phase 1 (game_winner only via Kalshi-only path),,,,,,,,not attempted
KXGER3LSPREAD,Spread,Soccer,German 3. Liga,spread,A,282,334135.81,True,,not_attempted,,not_attempted_supported_sport,no independent results adapter for this competition in Phase 1 (game_winner only via Kalshi-only path),,,,,,,,not attempted
KXLIGUE2SPREAD,Spread,Soccer,Ligue 2,spread,A,237,318903.78,True,,not_attempted,,not_attempted_supported_sport,no independent results adapter for this competition in Phase 1 (game_winner only via Kalshi-only path),,,,,,,,not attempted
KXUEFASCSPREAD,Spread,Soccer,UEFA Super Cup,spread,A,5,314701.52,True,,not_attempted,,not_attempted_supported_sport,no independent results adapter for this competition in Phase 1 (game_winner only via Kalshi-only path),,,,,,,,not attempted
KXSERIEBSPREAD,Spread,Soccer,Serie B,spread,A,216,296622.58,True,,not_attempted,,not_attempted_supported_sport,no independent results adapter for this competition in Phase 1 (game_winner only via Kalshi-only path),,,,,,,,not attempted
KXVLEAGUE1SPREAD,Spread,Soccer,Vietnam V-League 1,spread,A,72,290466.44,True,,not_attempted,,not_attempted_supported_sport,no independent results adapter for this competition in Phase 1 (game_winner only via Kalshi-only path),,,,,,,,not attempted
KXIDNSLSPREAD,Spread,Soccer,Indonesia Super League,spread,A,123,289210.04,True,,not_attempted,,not_attempted_supported_sport,no independent results adapter for this competition in Phase 1 (game_winner only via Kalshi-only path),,,,,,,,not attempted
KXMYSLSPREAD,Spread,Soccer,Malaysia Super League,spread,A,137,283101.32,True,,not_attempted,,not_attempted_supported_sport,no independent results adapter for this competition in Phase 1 (game_winner only via Kalshi-only path),,,,,,,,not attempted
KXSVKCUPSPREAD,Spread,Soccer,Slovakian Cup,spread,A,395,262067.23,True,,not_attempted,,not_attempted_supported_sport,no independent results adapter for this competition in Phase 1 (game_winner only via Kalshi-only path),,,,,,,,not attempted
KXTWEEDEDIVSPREAD,Spread,Soccer,Tweede Divisie,spread,A,325,225386.69,True,,not_attempted,,not_attempted_supported_sport,no independent results adapter for this competition in Phase 1 (game_winner only via Kalshi-only path),,,,,,,,not attempted
KXSRBSLSPREAD,Spread,Soccer,Serbian SuperLiga,spread,A,204,224243.35,True,,not_attempted,,not_attempted_supported_sport,no independent results adapter for this competition in Phase 1 (game_winner only via Kalshi-only path),,,,,,,,not attempted
KXTHAIL1SPREAD,Spread,Soccer,Thai League 1,spread,A,116,208367.25,True,,not_attempted,,not_attempted_supported_sport,no independent results adapter for this competition in Phase 1 (game_winner only via Kalshi-only path),,,,,,,,not attempted
KXTACAPORTSPREAD,Taca de Portugal Game,Soccer,Taca de Portugal,spread,A,331,194579.89,True,,not_attempted,,not_attempted_supported_sport,no independent results adapter for this competition in Phase 1 (game_winner only via Kalshi-only path),,,,,,,,not attempted
KXSLGREECESPREAD,Spread,Soccer,Greece Super League,spread,A,131,193182.98,True,,not_attempted,,not_attempted_supported_sport,no independent results adapter for this competition in Phase 1 (game_winner only via Kalshi-only path),,,,,,,,not attempted
KXSCOCUPSPREAD,Spread,Soccer,Scottish League Cup,spread,A,204,180891.01,True,,not_attempted,,not_attempted_supported_sport,no independent results adapter for this competition in Phase 1 (game_winner only via Kalshi-only path),,,,,,,,not attempted
KXISRPLSPREAD,Spread,Soccer,Israeli Premier League,spread,A,127,168051.83,True,,not_attempted,,not_attempted_supported_sport,no independent results adapter for this competition in Phase 1 (game_winner only via Kalshi-only path),,,,,,,,not attempted
KXK2LEAGUESPREAD,Spread,Soccer,Korea K-League 2,spread,A,189,148552.25,True,,not_attempted,,not_attempted_supported_sport,no independent results adapter for this competition in Phase 1 (game_winner only via Kalshi-only path),,,,,,,,not attempted
KXENGCSSPREAD,Spread,Soccer,Community Shield,spread,A,6,142991.12,True,,not_attempted,,not_attempted_supported_sport,no independent results adapter for this competition in Phase 1 (game_winner only via Kalshi-only path),,,,,,,,not attempted
KXKNVBCUPSPREAD,Spread,Soccer,KNVB,spread,A,248,137097.32,True,,not_attempted,,not_attempted_supported_sport,no independent results adapter for this competition in Phase 1 (game_winner only via Kalshi-only path),,,,,,,,not attempted
KXSVNPLSPREAD,Spread,Soccer,Slovenian Prva Liga,spread,A,139,124920.48,True,,not_attempted,,not_attempted_supported_sport,no independent results adapter for this competition in Phase 1 (game_winner only via Kalshi-only path),,,,,,,,not attempted
KXSERIECCUPSPREAD,Spread,Soccer,Coppa Italia Lega Pro,spread,A,187,121283.61,True,,not_attempted,,not_attempted_supported_sport,no independent results adapter for this competition in Phase 1 (game_winner only via Kalshi-only path),,,,,,,,not attempted
KXGERSCSPREAD,Spread,Soccer,Germany Super Cup,spread,A,6,92004.97,True,,not_attempted,,not_attempted_supported_sport,no independent results adapter for this competition in Phase 1 (game_winner only via Kalshi-only path),,,,,,,,not attempted
KXFROPLSPREAD,Spread,Soccer,Faroe Islands Premier League,spread,A,120,80145.88,True,,not_attempted,,not_attempted_supported_sport,no independent results adapter for this competition in Phase 1 (game_winner only via Kalshi-only path),,,,,,,,not attempted
KXSGPPLSPREAD,Spread,Soccer,Singapore Premier League,spread,A,38,66789.47,True,,not_attempted,,not_attempted_supported_sport,no independent results adapter for this competition in Phase 1 (game_winner only via Kalshi-only path),,,,,,,,not attempted
KXUSOPENCUPSPREAD,Spread,Soccer,US Open Cup,spread,A,8,63951.66,True,,not_attempted,,not_attempted_supported_sport,no independent results adapter for this competition in Phase 1 (game_winner only via Kalshi-only path),,,,,,,,not attempted
KXFRASUPERCUPSPREAD,Spread,Soccer,France Super Cup,spread,A,4,59599.61,True,,not_attempted,,not_attempted_supported_sport,no independent results adapter for this competition in Phase 1 (game_winner only via Kalshi-only path),,,,,,,,not attempted
KXEFLTROPHYSPREAD,EFL Trophy Spread,Soccer,EFL Trophy,spread,A,70,47130.76,True,,not_attempted,,not_attempted_supported_sport,no independent results adapter for this competition in Phase 1 (game_winner only via Kalshi-only path),,,,,,,,not attempted
KXMLSASTSPREAD,Spread,Soccer,MLS All-Star Game,spread,A,6,35977.38,True,,not_attempted,,not_attempted_supported_sport,no independent results adapter for this competition in Phase 1 (game_winner only via Kalshi-only path),,,,,,,,not attempted
KXUSLCUPSPREAD,Spread,Soccer,USL Cup,spread,A,31,20135.12,True,,not_attempted,,not_attempted_supported_sport,no independent results adapter for this competition in Phase 1 (game_winner only via Kalshi-only path),,,,,,,,not attempted
KXISRPLCUPSPREAD,Spread,Soccer,Premier League Cup,spread,A,29,17273.67,True,,not_attempted,,not_attempted_supported_sport,no independent results adapter for this competition in Phase 1 (game_winner only via Kalshi-only path),,,,,,,,not attempted
KXFINCUPSPREAD,Spread,Soccer,Suomen Cup,spread,A,4,2339.0,True,,not_attempted,,not_attempted_supported_sport,no independent results adapter for this competition in Phase 1 (game_winner only via Kalshi-only path),,,,,,,,not attempted
KXFROCUPSPREAD,Spread,Soccer,Faroe Islands Cup,spread,A,4,1826.08,True,,not_attempted,,not_attempted_supported_sport,no independent results adapter for this competition in Phase 1 (game_winner only via Kalshi-only path),,,,,,,,not attempted
KXAFCACSPREAD,Spread,Soccer,,spread,A,0,0.0,True,,not_attempted,,not_attempted_supported_sport,no traded markets,,,,,,,,not attempted
KXCLUBWCSPREAD,Spread,Soccer,,spread,A,0,0.0,True,,not_attempted,,not_attempted_supported_sport,no traded markets,,,,,,,,not attempted
KXCONCACAFCCUPSPREAD,Spread,Soccer,,spread,A,0,0.0,True,,not_attempted,,not_attempted_supported_sport,no traded markets,,,,,,,,not attempted
KXCOUPEDEFRANCESPREAD,Coupe de France Spread,Soccer,,spread,A,0,0.0,True,,not_attempted,,not_attempted_supported_sport,no traded markets,,,,,,,,not attempted
KXESPSUPERCUPSPREAD,Spread,Soccer,,spread,A,0,0.0,True,,not_attempted,,not_attempted_supported_sport,no traded markets,,,,,,,,not attempted
KXFIFAWSPREAD,Spread,Soccer,,spread,A,0,0.0,True,,not_attempted,,not_attempted_supported_sport,no traded markets,,,,,,,,not attempted
KXFINALISSIMASPREAD,Spread,Soccer,,spread,A,0,0.0,True,,not_attempted,,not_attempted_supported_sport,no traded markets,,,,,,,,not attempted
KXISRNLCUPSPREAD,Spread,Soccer,,spread,A,0,0.0,True,,not_attempted,,not_attempted_supported_sport,no traded markets,,,,,,,,not attempted
KXISRSCUPSPREAD,Spread,Soccer,,spread,A,0,0.0,True,,not_attempted,,not_attempted_supported_sport,no traded markets,,,,,,,,not attempted
KXISRSUPCUPSPREAD,Spread,Soccer,,spread,A,0,0.0,True,,not_attempted,,not_attempted_supported_sport,no traded markets,,,,,,,,not attempted
KXITASUPERCUPSPREAD,Spread,Soccer,,spread,A,0,0.0,True,,not_attempted,,not_attempted_supported_sport,no traded markets,,,,,,,,not attempted
KXSERIECSCUPSPREAD,Spread,Soccer,,spread,A,0,0.0,True,,not_attempted,,not_attempted_supported_sport,no traded markets,,,,,,,,not attempted
KXSOCCERSPREAD,Soccer Spread,Soccer,,spread,A,0,0.0,True,,not_attempted,,not_attempted_supported_sport,no traded markets,,,,,,,,not attempted
KXSRBCUPSPREAD,Spread,Soccer,,spread,A,0,0.0,True,,not_attempted,,not_attempted_supported_sport,no traded markets,,,,,,,,not attempted
KXSVNCUPSPREAD,Spread,Soccer,,spread,A,0,0.0,True,,not_attempted,,not_attempted_supported_sport,no traded markets,,,,,,,,not attempted
KXWCTEAMTOTAL,World Cup Team Total,Soccer,FIFA World Cup,team_total,A,826,205424189.2,True,,not_attempted,,not_attempted_supported_sport,no independent results adapter for this competition in Phase 1 (game_winner only via Kalshi-only path),,,,,,,,not attempted
KXUEFANLTEAMTOTAL,Team Total,Soccer,UEFA Nations League,team_total,A,672,3200985.34,True,,not_attempted,,not_attempted_supported_sport,no independent results adapter for this competition in Phase 1 (game_winner only via Kalshi-only path),,,,,,,,not attempted
KXLALIGATEAMTOTAL,Team Total,Soccer,La Liga,team_total,A,518,2888518.61,True,laliga,independent_outcomes,exploratory,exploratory_evaluated,only 0 pre-test settled contracts (< 30),590,554,0/0,554/554,0,554,69,evaluated
KXEPLTEAMTOTAL,Team Total,Soccer,EPL,team_total,A,438,2682918.35,True,epl,independent_outcomes,exploratory,exploratory_evaluated,only 0 pre-test settled contracts (< 30),540,514,0/0,514/514,0,514,69,evaluated
KXLIGAMXTEAMTOTAL,Team Total,Soccer,Liga MX,team_total,A,657,2300759.92,True,ligamx,independent_outcomes,exploratory,exploratory_evaluated,only 0 pre-test settled contracts (< 30),704,674,0/0,674/674,0,674,88,evaluated
KXLEAGUESCUPTEAMTOTAL,Team Total,Soccer,Leagues Cup,team_total,A,639,2292280.9,True,,not_attempted,,not_attempted_supported_sport,no independent results adapter for this competition in Phase 1 (game_winner only via Kalshi-only path),,,,,,,,not attempted
KXMLSTEAMTOTAL,Team Total,Soccer,MLS,team_total,A,1427,2280307.48,True,mls,independent_outcomes,exploratory,exploratory_evaluated,only 0 pre-test settled contracts (< 30),1563,1490,0/0,1490/1490,0,1481,186,evaluated
KXUECLTEAMTOTAL,Team Total,Soccer,Conference League,team_total,A,1387,1026733.93,True,uecl,independent_outcomes,,excluded_no_reconciled_contracts,no settled contracts with a resolved independent outcome,1595,0,,,0,0,0,excluded
KXUELTEAMTOTAL,Team Total,Soccer,Europa League,team_total,A,702,829043.33,True,uel,independent_outcomes,exploratory,exploratory_evaluated,only 0 pre-test settled contracts (< 30),681,9,0/0,9/9,0,9,1,excluded
KXBRASILEIROTEAMTOTAL,Team Total,Soccer,Brasileiro Serie A,team_total,A,775,823377.76,True,brasileiro,independent_outcomes,exploratory,exploratory_evaluated,only 0 pre-test settled contracts (< 30),867,808,0/0,808/808,0,754,102,evaluated
KXUCLTEAMTOTAL,UCL Team Total,Soccer,Champions League,team_total,A,142,813534.1,True,ucl,independent_outcomes,exploratory,exploratory_evaluated,only 0 pre-test settled contracts (< 30),160,52,0/0,52/52,0,52,6,evaluated
KXSERIEATEAMTOTAL,Team Total,Soccer,Serie A,team_total,A,325,607045.51,True,seriea,independent_outcomes,exploratory,exploratory_evaluated,only 0 pre-test settled contracts (< 30),396,378,0/0,378/378,0,378,50,evaluated
KXLIGUE1TEAMTOTAL,Team Total,Soccer,Ligue 1,team_total,A,284,377897.96,True,ligue1,independent_outcomes,exploratory,exploratory_evaluated,only 0 pre-test settled contracts (< 30),380,344,0/0,344/344,0,344,45,evaluated
KXBUNDESLIGATEAMTOTAL,Team Total,Soccer,Bundesliga,team_total,A,261,341865.82,True,bundesliga,independent_outcomes,exploratory,exploratory_evaluated,only 0 pre-test settled contracts (< 30),355,313,0/0,313/313,0,313,36,evaluated
KXEPLTEAMPOINTS,Team Points,Soccer,EPL,team_total,A,68,176388.75,True,epl,excluded_spec,,excluded_spec,no payoff parser for suffix 'TEAMPOINTS',0,0,,,0,0,0,excluded
KXAFCONTEAMTOTAL,Team Total,Soccer,AFCON Qualifiers,team_total,A,258,162558.91,True,,not_attempted,,not_attempted_supported_sport,no independent results adapter for this competition in Phase 1 (game_winner only via Kalshi-only path),,,,,,,,not attempted
KXCOPPAITALIATEAMTOTAL,Team Total,Soccer,Coppa Italia,team_total,A,196,118527.39,True,,not_attempted,,not_attempted_supported_sport,no independent results adapter for this competition in Phase 1 (game_winner only via Kalshi-only path),,,,,,,,not attempted
KXDFBPOKALTEAMTOTAL,Team Total,Soccer,DFB Pokal,team_total,A,222,107513.18,True,,not_attempted,,not_attempted_supported_sport,no independent results adapter for this competition in Phase 1 (game_winner only via Kalshi-only path),,,,,,,,not attempted
KXUEFASCTEAMTOTAL,Team Total,Soccer,UEFA Super Cup,team_total,A,7,95747.15,True,,not_attempted,,not_attempted_supported_sport,no independent results adapter for this competition in Phase 1 (game_winner only via Kalshi-only path),,,,,,,,not attempted
KXENGCSTEAMTOTAL,Team Total,Soccer,Community Shield,team_total,A,6,57173.05,True,,not_attempted,,not_attempted_supported_sport,no independent results adapter for this competition in Phase 1 (game_winner only via Kalshi-only path),,,,,,,,not attempted
KXAFCCLTEAMTOTAL,Team Total,Soccer,AFC Champions League,team_total,A,130,47312.7,True,,not_attempted,,not_attempted_supported_sport,no independent results adapter for this competition in Phase 1 (game_winner only via Kalshi-only path),,,,,,,,not attempted
KXEFLCUPTEAMTOTAL,Team Total,Soccer,EFL Cup,team_total,A,34,27210.64,True,,not_attempted,,not_attempted_supported_sport,no independent results adapter for this competition in Phase 1 (game_winner only via Kalshi-only path),,,,,,,,not attempted
KXFRASUPERCUPTEAMTOTAL,Team Total,Soccer,France Super Cup,team_total,A,6,24295.15,True,,not_attempted,,not_attempted_supported_sport,no independent results adapter for this competition in Phase 1 (game_winner only via Kalshi-only path),,,,,,,,not attempted
KXGERSCTEAMTOTAL,Team Total,Soccer,Germany Super Cup,team_total,A,8,14966.07,True,,not_attempted,,not_attempted_supported_sport,no independent results adapter for this competition in Phase 1 (game_winner only via Kalshi-only path),,,,,,,,not attempted
KXUSOPENCUPTEAMTOTAL,Team Total,Soccer,US Open Cup,team_total,A,13,9789.15,True,,not_attempted,,not_attempted_supported_sport,no independent results adapter for this competition in Phase 1 (game_winner only via Kalshi-only path),,,,,,,,not attempted
KXCOPADELREYTEAMTOTAL,Team Total,Soccer,Copa del Rey,team_total,A,30,2068.0,True,,not_attempted,,not_attempted_supported_sport,no independent results adapter for this competition in Phase 1 (game_winner only via Kalshi-only path),,,,,,,,not attempted
KXLALIGATEAMPOINTS,Team Points,Soccer,La Liga,team_total,A,6,99.67,True,laliga,excluded_spec,,excluded_spec,no payoff parser for suffix 'TEAMPOINTS',0,0,,,0,0,0,excluded
KXSERIEATEAMPOINTS,Team Points,Soccer,Serie A,team_total,A,2,5.07,True,seriea,excluded_spec,,excluded_spec,no payoff parser for suffix 'TEAMPOINTS',0,0,,,0,0,0,excluded
KXBUNDESLIGATEAMPOINTS,Team Points,Soccer,Bundesliga,team_total,A,2,2.0,True,bundesliga,excluded_spec,,excluded_spec,no payoff parser for suffix 'TEAMPOINTS',0,0,,,0,0,0,excluded
KXLIGUE1TEAMPOINTS,Team Points,Soccer,Ligue 1,team_total,A,1,0.22,True,ligue1,excluded_spec,,excluded_spec,no payoff parser for suffix 'TEAMPOINTS',0,0,,,0,0,0,excluded
KXAFCACTEAMTOTAL,Team Total,Soccer,,team_total,A,0,0.0,True,,not_attempted,,not_attempted_supported_sport,no traded markets,,,,,,,,not attempted
KXALEAGUETEAMTOTAL,Team Total,Soccer,,team_total,A,0,0.0,True,,not_attempted,,not_attempted_supported_sport,no traded markets,,,,,,,,not attempted
KXBRASILEIROBTEAMTOTAL,Team Total,Soccer,,team_total,A,0,0.0,True,,not_attempted,,not_attempted_supported_sport,no traded markets,,,,,,,,not attempted
KXBRASILEIROCTEAMTOTAL,Team Total,Soccer,,team_total,A,0,0.0,True,,not_attempted,,not_attempted_supported_sport,no traded markets,,,,,,,,not attempted
KXCLUBWCTEAMTOTAL,Team Total,Soccer,,team_total,A,0,0.0,True,,not_attempted,,not_attempted_supported_sport,no traded markets,,,,,,,,not attempted
KXCONCACAFCCUPTEAMTOTAL,Team Total,Soccer,,team_total,A,0,0.0,True,,not_attempted,,not_attempted_supported_sport,no traded markets,,,,,,,,not attempted
KXCONMEBOLLIBTEAMTOTAL,Team Total,Soccer,,team_total,A,0,0.0,True,,not_attempted,,not_attempted_supported_sport,no traded markets,,,,,,,,not attempted
KXCONMEBOLSUDTEAMTOTAL,Team Total,Soccer,,team_total,A,0,0.0,True,,not_attempted,,not_attempted_supported_sport,no traded markets,,,,,,,,not attempted
KXCOPADOBRASILTEAMTOTAL,Team Total,Soccer,,team_total,A,0,0.0,True,,not_attempted,,not_attempted_supported_sport,no traded markets,,,,,,,,not attempted
KXCOUPEDEFRANCETEAMTOTAL,Team Total,Soccer,,team_total,A,0,0.0,True,,not_attempted,,not_attempted_supported_sport,no traded markets,,,,,,,,not attempted
KXEFLCHAMPIONSHIPTEAMTOTAL,Team Total,Soccer,,team_total,A,0,0.0,True,,not_attempted,,not_attempted_supported_sport,no traded markets,,,,,,,,not attempted
KXEFLL1TEAMTOTAL,Team Total,Soccer,,team_total,A,0,0.0,True,,not_attempted,,not_attempted_supported_sport,no traded markets,,,,,,,,not attempted
KXEREDIVISIETEAMTOTAL,Team Total,Soccer,,team_total,A,0,0.0,True,,not_attempted,,not_attempted_supported_sport,no traded markets,,,,,,,,not attempted
KXESPSUPERCUPTEAMTOTAL,Team Total,Soccer,,team_total,A,0,0.0,True,,not_attempted,,not_attempted_supported_sport,no traded markets,,,,,,,,not attempted
KXFACUPTEAMTOTAL,Team Total,Soccer,,team_total,A,0,0.0,True,,not_attempted,,not_attempted_supported_sport,no traded markets,,,,,,,,not attempted
KXFINALISSIMATEAMTOTAL,Team Total,Soccer,,team_total,A,0,0.0,True,,not_attempted,,not_attempted_supported_sport,no traded markets,,,,,,,,not attempted
KXINTLFRIENDLYTEAMTOTAL,Team Total,Soccer,,team_total,A,0,0.0,True,,not_attempted,,not_attempted_supported_sport,no traded markets,,,,,,,,not attempted
KXITASUPERCUPTEAMTOTAL,Team Total,Soccer,,team_total,A,0,0.0,True,,not_attempted,,not_attempted_supported_sport,no traded markets,,,,,,,,not attempted
KXJLEAGUETEAMTOTAL,Team Total,Soccer,,team_total,A,0,0.0,True,,not_attempted,,not_attempted_supported_sport,no traded markets,,,,,,,,not attempted
KXKLEAGUETEAMTOTAL,Team Total,Soccer,,team_total,A,0,0.0,True,,not_attempted,,not_attempted_supported_sport,no traded markets,,,,,,,,not attempted
KXLIGAEXPTEAMTOTAL,Team Total,Soccer,,team_total,A,0,0.0,True,,not_attempted,,not_attempted_supported_sport,no traded markets,,,,,,,,not attempted
KXLIGAPORTUGALTEAMTOTAL,Team Total,Soccer,,team_total,A,0,0.0,True,,not_attempted,,not_attempted_supported_sport,no traded markets,,,,,,,,not attempted
KXSAUDIPLTEAMTOTAL,Team Total,Soccer,,team_total,A,0,0.0,True,,not_attempted,,not_attempted_supported_sport,no traded markets,,,,,,,,not attempted
KXSCOTTISHPREMTEAMTOTAL,Team Total,Soccer,,team_total,A,0,0.0,True,,not_attempted,,not_attempted_supported_sport,no traded markets,,,,,,,,not attempted
KXTACAPORTTEAMTOTAL,Team Total,Soccer,,team_total,A,0,0.0,True,,not_attempted,,not_attempted_supported_sport,no traded markets,,,,,,,,not attempted
KXUSLCUPTEAMTOTAL,Team Total,Soccer,,team_total,A,0,0.0,True,,not_attempted,,not_attempted_supported_sport,no traded markets,,,,,,,,not attempted
KXUSLTEAMTOTAL,Team Total,Soccer,,team_total,A,0,0.0,True,,not_attempted,,not_attempted_supported_sport,no traded markets,,,,,,,,not attempted
KXARCHIVETEST,Testing Series,Soccer,,test_placeholder,E,0,0.0,True,,not_attempted,,not_attempted_supported_sport,out of scope (test),,,,,,,,not attempted
KXKXECULPGAME,delete,Soccer,,test_placeholder,E,0,0.0,True,,not_attempted,,not_attempted_supported_sport,out of scope (test),,,,,,,,not attempted
KXPRYLIGA1GAME,delete,Soccer,,test_placeholder,E,0,0.0,True,,not_attempted,,not_attempted_supported_sport,out of scope (test),,,,,,,,not attempted
KXTHISISMORETHAN16LETTERS,test,Soccer,,test_placeholder,E,0,0.0,True,,not_attempted,,not_attempted_supported_sport,out of scope (test),,,,,,,,not attempted
KXTHISISMORETHAN17LETTERS,test,Soccer,,test_placeholder,E,0,0.0,True,,not_attempted,,not_attempted_supported_sport,out of scope (test),,,,,,,,not attempted
KXWCTOTAL,World Cup Total,Soccer,FIFA World Cup,total,A,690,763654908.55,True,,not_attempted,,not_attempted_supported_sport,no independent results adapter for this competition in Phase 1 (game_winner only via Kalshi-only path),,,,,,,,not attempted
KXEPLTOTAL,English Premier League Total Goals,Soccer,EPL,total,A,1359,93669397.78,True,epl,independent_outcomes,strict,strict_evaluated,,1381,1287,228/228,1287/1287,0,1059,244,evaluated
KXLALIGATOTAL,La Liga Total,Soccer,La Liga,total,A,1458,91761758.22,True,laliga,independent_outcomes,strict,strict_evaluated,,1504,1421,153/153,1421/1421,0,1268,276,evaluated
KXMLSTOTAL,MLS Total,Soccer,MLS,total,A,2298,85547581.73,True,mls,independent_outcomes,exploratory,exploratory_evaluated,only 0 pre-test settled contracts (< 30),2426,2221,0/0,2221/2221,0,2213,404,evaluated
KXCLUBFTOTAL,Point Total,Soccer,Club Friendlies,total,A,5699,76528799.04,True,,not_attempted,,not_attempted_supported_sport,no independent results adapter for this competition in Phase 1 (game_winner only via Kalshi-only path),,,,,,,,not attempted
KXUCLTOTAL,Champions League Total Goals,Soccer,Champions League,total,A,1208,68752686.23,True,ucl,independent_outcomes,strict,strict_evaluated,,1235,476,108/108,476/476,0,368,87,evaluated
KXLIGAMXTOTAL,Liga MX Total,Soccer,Liga MX,total,A,1079,55478210.72,True,ligamx,independent_outcomes,exploratory,exploratory_evaluated,only 0 pre-test settled contracts (< 30),1113,1025,0/0,1025/1025,0,1025,201,evaluated
KXINTLFRIENDLYTOTAL,International Friendly Total,Soccer,Intl Friendlies,total,A,934,44920811.75,True,,not_attempted,,not_attempted_supported_sport,no independent results adapter for this competition in Phase 1 (game_winner only via Kalshi-only path),,,,,,,,not attempted
KXARGPREMDIVTOTAL,Argentina Premier Division Total,Soccer,Argentina Primera Division,total,A,1158,44758718.01,True,argentina,independent_outcomes,exploratory,exploratory_evaluated,only 0 pre-test settled contracts (< 30),1082,1064,0/0,1064/1064,0,1058,170,evaluated
KXSERIEATOTAL,Serie A Total,Soccer,Serie A,total,A,1322,42635864.82,True,seriea,independent_outcomes,strict,strict_evaluated,,1353,1293,168/168,1293/1293,0,1125,261,evaluated
KXLEAGUESCUPTOTAL,Point Total,Soccer,Leagues Cup,total,A,613,40445867.69,True,,not_attempted,,not_attempted_supported_sport,no independent results adapter for this competition in Phase 1 (game_winner only via Kalshi-only path),,,,,,,,not attempted
KXUEFANLTOTAL,Point Total,Soccer,UEFA Nations League,total,A,711,37926452.58,True,,not_attempted,,not_attempted_supported_sport,no independent results adapter for this competition in Phase 1 (game_winner only via Kalshi-only path),,,,,,,,not attempted
KXUECLTOTAL,Conference League Total,Soccer,Conference League,total,A,1853,29846851.88,True,uecl,independent_outcomes,exploratory,exploratory_evaluated,only 0 pre-test settled contracts (< 30),1757,20,0/0,20/20,0,20,5,evaluated
KXBUNDESLIGATOTAL,Bundesliga Total,Soccer,Bundesliga,total,A,1101,28750734.23,True,bundesliga,independent_outcomes,strict,strict_evaluated,,1125,1054,135/135,1054/1054,0,919,207,evaluated
KXDIMAYORTOTAL,Point Total,Soccer,Colombian Liga DIMAYOR,total,A,903,24902219.91,True,,not_attempted,,not_attempted_supported_sport,no independent results adapter for this competition in Phase 1 (game_winner only via Kalshi-only path),,,,,,,,not attempted
KXBRASILEIROTOTAL,Brasileiro Total,Soccer,Brasileiro,total,A,1356,24300151.92,True,brasileiro,independent_outcomes,exploratory,exploratory_evaluated,only 0 pre-test settled contracts (< 30),1432,1316,0/0,1316/1316,0,1271,257,evaluated
KXBRASILEIROBTOTAL,Point Total,Soccer,Brasileiro Serie B,total,A,945,20726026.08,True,,not_attempted,,not_attempted_supported_sport,no independent results adapter for this competition in Phase 1 (game_winner only via Kalshi-only path),,,,,,,,not attempted
KXUELTOTAL,Europa League Total,Soccer,Europa League,total,A,932,20118884.59,True,uel,independent_outcomes,exploratory,exploratory_evaluated,only 0 pre-test settled contracts (< 30),944,189,0/0,189/189,0,189,46,evaluated
KXECULPTOTAL,Point Total,Soccer,Ecuador LigaPro,total,A,640,19563594.77,True,,not_attempted,,not_attempted_supported_sport,no independent results adapter for this competition in Phase 1 (game_winner only via Kalshi-only path),,,,,,,,not attempted
KXCONCACAFNLTOTAL,Point Total,Soccer,CONCACAF Nations League,total,A,547,18752723.84,True,,not_attempted,,not_attempted_supported_sport,no independent results adapter for this competition in Phase 1 (game_winner only via Kalshi-only path),,,,,,,,not attempted
KXLIGUE1TOTAL,Ligue 1 Total,Soccer,Ligue 1,total,A,1065,17594712.95,True,ligue1,independent_outcomes,strict,strict_evaluated,,1106,1034,108/108,1034/1034,0,926,206,evaluated
KXPERLIGA1TOTAL,Point Total,Soccer,Peru Liga 1,total,A,653,15130579.06,True,,not_attempted,,not_attempted_supported_sport,no independent results adapter for this competition in Phase 1 (game_winner only via Kalshi-only path),,,,,,,,not attempted
KXAPFDDHTOTAL,Point Total,Soccer,APF Division de Honor,total,A,520,14267375.16,True,,not_attempted,,not_attempted_supported_sport,no independent results adapter for this competition in Phase 1 (game_winner only via Kalshi-only path),,,,,,,,not attempted
KXUCLWTOTAL,Point Total,Soccer,Champions League Womens,total,A,933,14230948.14,True,,not_attempted,,not_attempted_supported_sport,no independent results adapter for this competition in Phase 1 (game_winner only via Kalshi-only path),,,,,,,,not attempted
KXSAUDIPLTOTAL,Saudi Pro League Total,Soccer,Saudi Pro League,total,A,961,13815619.29,True,saudi,independent_outcomes,exploratory,exploratory_evaluated,only 0 pre-test settled contracts (< 30),1008,954,0/0,954/954,0,954,189,evaluated
KXALLSVENSKANTOTAL,Point Total,Soccer,Allsvenskan,total,A,573,13737752.46,True,,not_attempted,,not_attempted_supported_sport,no independent results adapter for this competition in Phase 1 (game_winner only via Kalshi-only path),,,,,,,,not attempted
KXCHNSLTOTAL,Point Total,Soccer,Chinese Super League,total,A,519,10223673.31,True,,not_attempted,,not_attempted_supported_sport,no independent results adapter for this competition in Phase 1 (game_winner only via Kalshi-only path),,,,,,,,not attempted
KXEFLCHAMPIONSHIPTOTAL,EFL Championship Total,Soccer,EFL Championship,total,A,792,9837382.15,True,eflc,independent_outcomes,exploratory,exploratory_evaluated,only 0 pre-test settled contracts (< 30),861,785,0/0,785/785,0,785,128,evaluated
KXCONMEBOLSUDTOTAL,Point Total,Soccer,CONMEBOL Sudamericana,total,A,257,9664374.52,True,,not_attempted,,not_attempted_supported_sport,no independent results adapter for this competition in Phase 1 (game_winner only via Kalshi-only path),,,,,,,,not attempted
KXELITESERIENTOTAL,Point Total,Soccer,Eliteserien,total,A,531,9595260.0,True,,not_attempted,,not_attempted_supported_sport,no independent results adapter for this competition in Phase 1 (game_winner only via Kalshi-only path),,,,,,,,not attempted
KXEFLCUPTOTAL,EFL Cup Total,Soccer,EFL Cup,total,A,769,9086947.53,True,,not_attempted,,not_attempted_supported_sport,no independent results adapter for this competition in Phase 1 (game_winner only via Kalshi-only path),,,,,,,,not attempted
KXNWSLTOTAL,NWSL Total,Soccer,NWSL,total,A,758,9046010.98,True,,not_attempted,,not_attempted_supported_sport,no independent results adapter for this competition in Phase 1 (game_winner only via Kalshi-only path),,,,,,,,not attempted
KXEREDIVISIETOTAL,Eredivisie Total,Soccer,Eredivisie,total,A,703,8902958.51,True,eredivisie,independent_outcomes,exploratory,exploratory_evaluated,only 0 pre-test settled contracts (< 30),708,634,0/0,634/634,0,634,100,evaluated
KXLIGAPORTUGALTOTAL,Point Total,Soccer,Liga Portugal,total,A,463,8338278.79,True,ligaportugal,independent_outcomes,exploratory,exploratory_evaluated,only 0 pre-test settled contracts (< 30),482,428,0/0,428/428,0,428,62,evaluated
KXLIGAEXPTOTAL,Point Total,Soccer,Liga de Expansion MX,total,A,662,8253797.27,True,,not_attempted,,not_attempted_supported_sport,no independent results adapter for this competition in Phase 1 (game_winner only via Kalshi-only path),,,,,,,,not attempted
KXCOPADOBRASILTOTAL,Copa do Brasil Total,Soccer,Copa do Brasil,total,A,317,7789619.88,True,,not_attempted,,not_attempted_supported_sport,no independent results adapter for this competition in Phase 1 (game_winner only via Kalshi-only path),,,,,,,,not attempted
KXURYPDTOTAL,Point Total,Soccer,Uruguay Primera Division,total,A,599,7592452.1,True,,not_attempted,,not_attempted_supported_sport,no independent results adapter for this competition in Phase 1 (game_winner only via Kalshi-only path),,,,,,,,not attempted
KXLALIGA2TOTAL,Point Total,Soccer,La Liga 2,total,A,591,7466694.29,True,,not_attempted,,not_attempted_supported_sport,no independent results adapter for this competition in Phase 1 (game_winner only via Kalshi-only path),,,,,,,,not attempted
KXEKSTRAKLASATOTAL,Point Total,Soccer,Ekstraklasa,total,A,554,7148040.82,True,,not_attempted,,not_attempted_supported_sport,no independent results adapter for this competition in Phase 1 (game_winner only via Kalshi-only path),,,,,,,,not attempted
KXJLEAGUETOTAL,Point Total,Soccer,Japan J1 League,total,A,630,7104649.81,True,,not_attempted,,not_attempted_supported_sport,no independent results adapter for this competition in Phase 1 (game_winner only via Kalshi-only path),,,,,,,,not attempted
KXCHLLDPTOTAL,Point Total,Soccer,Chile Liga de Primera,total,A,471,6953153.09,True,,not_attempted,,not_attempted_supported_sport,no independent results adapter for this competition in Phase 1 (game_winner only via Kalshi-only path),,,,,,,,not attempted
KXARGNACBTOTAL,Point Total,Soccer,Argentine Nacional B,total,A,1339,6942420.45,True,,not_attempted,,not_attempted_supported_sport,no independent results adapter for this competition in Phase 1 (game_winner only via Kalshi-only path),,,,,,,,not attempted
KXCONMEBOLLIBTOTAL,Point Total,Soccer,CONMEBOL Libertadores,total,A,146,6784981.42,True,,not_attempted,,not_attempted_supported_sport,no independent results adapter for this competition in Phase 1 (game_winner only via Kalshi-only path),,,,,,,,not attempted
KXDENSUPERLIGATOTAL,Point Total,Soccer,Danish Superliga,total,A,388,6268425.1,True,,not_attempted,,not_attempted_supported_sport,no independent results adapter for this competition in Phase 1 (game_winner only via Kalshi-only path),,,,,,,,not attempted
KXAFCONTOTAL,Point Total,Soccer,AFCON Qualifiers,total,A,315,5889741.76,True,,not_attempted,,not_attempted_supported_sport,no independent results adapter for this competition in Phase 1 (game_winner only via Kalshi-only path),,,,,,,,not attempted
KXUSLTOTAL,Point Total,Soccer,USL Championship,total,A,1059,5841342.43,True,,not_attempted,,not_attempted_supported_sport,no independent results adapter for this competition in Phase 1 (game_winner only via Kalshi-only path),,,,,,,,not attempted
KXEGYPLTOTAL,Point Total,Soccer,Egyptian Premier League,total,A,313,5668231.66,True,,not_attempted,,not_attempted_supported_sport,no independent results adapter for this competition in Phase 1 (game_winner only via Kalshi-only path),,,,,,,,not attempted
KXASEANTOTAL,Point Total,Soccer,ASEAN Championship,total,A,132,5641272.29,True,,not_attempted,,not_attempted_supported_sport,no independent results adapter for this competition in Phase 1 (game_winner only via Kalshi-only path),,,,,,,,not attempted
KXSUPERLIGTOTAL,Point Total,Soccer,Super Lig,total,A,385,5538445.08,True,,not_attempted,,not_attempted_supported_sport,no independent results adapter for this competition in Phase 1 (game_winner only via Kalshi-only path),,,,,,,,not attempted
KXCZEFLTOTAL,Point Total,Soccer,Czech First League,total,A,471,5165567.98,True,,not_attempted,,not_attempted_supported_sport,no independent results adapter for this competition in Phase 1 (game_winner only via Kalshi-only path),,,,,,,,not attempted
KXKLEAGUETOTAL,Point Total,Soccer,Korea K League 1,total,A,541,5113667.98,True,,not_attempted,,not_attempted_supported_sport,no independent results adapter for this competition in Phase 1 (game_winner only via Kalshi-only path),,,,,,,,not attempted
KXBUNDESLIGA2TOTAL,Point Total,Soccer,Bundesliga 2,total,A,463,4906622.71,True,bundesliga2,independent_outcomes,exploratory,exploratory_evaluated,only 0 pre-test settled contracts (< 30),425,413,0/0,413/413,0,413,54,evaluated
KXBELGIANPLTOTAL,Point Total,Soccer,Belgian Pro League,total,A,470,4663980.3,True,,not_attempted,,not_attempted_supported_sport,no independent results adapter for this competition in Phase 1 (game_winner only via Kalshi-only path),,,,,,,,not attempted
KXSCOTTISHPREMTOTAL,Point Total,Soccer,Scottish Premiership,total,A,321,4645959.91,True,,not_attempted,,not_attempted_supported_sport,no independent results adapter for this competition in Phase 1 (game_winner only via Kalshi-only path),,,,,,,,not attempted
KXEERSTEDIVTOTAL,Point Total,Soccer,Eerste Divisie,total,A,627,4231771.92,True,,not_attempted,,not_attempted_supported_sport,no independent results adapter for this competition in Phase 1 (game_winner only via Kalshi-only path),,,,,,,,not attempted
KXWCTOTALGOAL,World Cup Total Goals,Soccer,FIFA World Cup,total,A,107,4028727.48,True,,not_attempted,,not_attempted_supported_sport,no independent results adapter for this competition in Phase 1 (game_winner only via Kalshi-only path),,,,,,,,not attempted
KXSWISSLEAGUETOTAL,Point Total,Soccer,Swiss Super League,total,A,388,3926723.96,True,,not_attempted,,not_attempted_supported_sport,no independent results adapter for this competition in Phase 1 (game_winner only via Kalshi-only path),,,,,,,,not attempted
KXJ2LEAGUETOTAL,Point Total,Soccer,Japan J2 League,total,A,485,3781503.17,True,,not_attempted,,not_attempted_supported_sport,no independent results adapter for this competition in Phase 1 (game_winner only via Kalshi-only path),,,,,,,,not attempted
KXETTANTOTAL,Point Total,Soccer,Ettan,total,A,1030,3392940.14,True,,not_attempted,,not_attempted_supported_sport,no independent results adapter for this competition in Phase 1 (game_winner only via Kalshi-only path),,,,,,,,not attempted
KXUAEPLTOTAL,Point Total,Soccer,UAE Pro League,total,A,250,3384221.5,True,,not_attempted,,not_attempted_supported_sport,no independent results adapter for this competition in Phase 1 (game_winner only via Kalshi-only path),,,,,,,,not attempted
KXCOPPAITALIATOTAL,Coppa Italia Total,Soccer,Coppa Italia,total,A,216,3362091.69,True,,not_attempted,,not_attempted_supported_sport,no independent results adapter for this competition in Phase 1 (game_winner only via Kalshi-only path),,,,,,,,not attempted
KXALEAGUETOTAL,Australia A League Total,Soccer,A-League,total,A,244,3310448.12,True,,not_attempted,,not_attempted_supported_sport,no independent results adapter for this competition in Phase 1 (game_winner only via Kalshi-only path),,,,,,,,not attempted
KXCANPLTOTAL,Point Total,Soccer,Canadian Premier League,total,A,409,3229256.46,True,,not_attempted,,not_attempted_supported_sport,no independent results adapter for this competition in Phase 1 (game_winner only via Kalshi-only path),,,,,,,,not attempted
KXBRASILEIROCTOTAL,Point Total,Soccer,Brasileiro Serie C,total,A,463,3227984.42,True,,not_attempted,,not_attempted_supported_sport,no independent results adapter for this competition in Phase 1 (game_winner only via Kalshi-only path),,,,,,,,not attempted
KXSERIECTOTAL,Point Total,Soccer,Serie C,total,A,1529,3176629.44,True,,not_attempted,,not_attempted_supported_sport,no independent results adapter for this competition in Phase 1 (game_winner only via Kalshi-only path),,,,,,,,not attempted
KXAFCCLTOTAL,Point Total,Soccer,AFC Champions League,total,A,148,3153094.15,True,,not_attempted,,not_attempted_supported_sport,no independent results adapter for this competition in Phase 1 (game_winner only via Kalshi-only path),,,,,,,,not attempted
KXTFF1LIGTOTAL,Point Total,Soccer,TFF 1. Lig,total,A,471,3085599.27,True,,not_attempted,,not_attempted_supported_sport,no independent results adapter for this competition in Phase 1 (game_winner only via Kalshi-only path),,,,,,,,not attempted
KXENGNLTOTAL,Point Total,Soccer,English National League,total,A,916,2774602.36,True,,not_attempted,,not_attempted_supported_sport,no independent results adapter for this competition in Phase 1 (game_winner only via Kalshi-only path),,,,,,,,not attempted
KXVENFUTVETOTAL,Point Total,Soccer,Venezuela Liga FUTVE,total,A,562,2681154.29,True,,not_attempted,,not_attempted_supported_sport,no independent results adapter for this competition in Phase 1 (game_winner only via Kalshi-only path),,,,,,,,not attempted
KXFINYLTOTAL,Point Total,Soccer,Finnish Ykkosliiga,total,A,253,2620276.08,True,,not_attempted,,not_attempted_supported_sport,no independent results adapter for this competition in Phase 1 (game_winner only via Kalshi-only path),,,,,,,,not attempted
KXDFBPOKALTOTAL,DFB Pokal Total,Soccer,DFB Pokal,total,A,280,2525565.33,True,,not_attempted,,not_attempted_supported_sport,no independent results adapter for this competition in Phase 1 (game_winner only via Kalshi-only path),,,,,,,,not attempted
KXCHNL1TOTAL,Point Total,Soccer,China League 1,total,A,378,2247284.99,True,,not_attempted,,not_attempted_supported_sport,no independent results adapter for this competition in Phase 1 (game_winner only via Kalshi-only path),,,,,,,,not attempted
KXEFLL1TOTAL,Point Total,Soccer,EFL League One,total,A,633,2245492.39,True,,not_attempted,,not_attempted_supported_sport,no independent results adapter for this competition in Phase 1 (game_winner only via Kalshi-only path),,,,,,,,not attempted
KXHNLTOTAL,Point Total,Soccer,Croatia HNL,total,A,293,2130750.0,True,,not_attempted,,not_attempted_supported_sport,no independent results adapter for this competition in Phase 1 (game_winner only via Kalshi-only path),,,,,,,,not attempted
KXCZEFNLTOTAL,Point Total,Soccer,Czech National Football League,total,A,348,2073265.23,True,,not_attempted,,not_attempted_supported_sport,no independent results adapter for this competition in Phase 1 (game_winner only via Kalshi-only path),,,,,,,,not attempted
KXFACUPTOTAL,FA Cup Total,Soccer,FA Cup,total,A,169,1968451.8,True,,not_attempted,,not_attempted_supported_sport,no independent results adapter for this competition in Phase 1 (game_winner only via Kalshi-only path),,,,,,,,not attempted
KXLVAVIRTOTAL,Point Total,Soccer,Latvian Virsliga,total,A,188,1911998.83,True,,not_attempted,,not_attempted_supported_sport,no independent results adapter for this competition in Phase 1 (game_winner only via Kalshi-only path),,,,,,,,not attempted
KXSVK2LTOTAL,Point Total,Soccer,Slovakian 2. Liga,total,A,446,1794762.52,True,,not_attempted,,not_attempted_supported_sport,no independent results adapter for this competition in Phase 1 (game_winner only via Kalshi-only path),,,,,,,,not attempted
KXGRECUPTOTAL,Point Total,Soccer,Greek Cup,total,A,186,1697208.66,True,,not_attempted,,not_attempted_supported_sport,no independent results adapter for this competition in Phase 1 (game_winner only via Kalshi-only path),,,,,,,,not attempted
KXIDNSLTOTAL,Point Total,Soccer,Indonesia Super League,total,A,188,1576722.82,True,,not_attempted,,not_attempted_supported_sport,no independent results adapter for this competition in Phase 1 (game_winner only via Kalshi-only path),,,,,,,,not attempted
KXMYSLTOTAL,Point Total,Soccer,Malaysia Super League,total,A,193,1483304.42,True,,not_attempted,,not_attempted_supported_sport,no independent results adapter for this competition in Phase 1 (game_winner only via Kalshi-only path),,,,,,,,not attempted
KXLIGUE2TOTAL,Point Total,Soccer,Ligue 2,total,A,360,1401185.11,True,,not_attempted,,not_attempted_supported_sport,no independent results adapter for this competition in Phase 1 (game_winner only via Kalshi-only path),,,,,,,,not attempted
KXSERIEBTOTAL,Point Total,Soccer,Serie B,total,A,324,1254904.8,True,,not_attempted,,not_attempted_supported_sport,no independent results adapter for this competition in Phase 1 (game_winner only via Kalshi-only path),,,,,,,,not attempted
KXGER3LTOTAL,Point Total,Soccer,German 3. Liga,total,A,448,1137302.92,True,,not_attempted,,not_attempted_supported_sport,no independent results adapter for this competition in Phase 1 (game_winner only via Kalshi-only path),,,,,,,,not attempted
KXVLEAGUE1TOTAL,Point Total,Soccer,Vietnam V-League 1,total,A,106,1119358.75,True,,not_attempted,,not_attempted_supported_sport,no independent results adapter for this competition in Phase 1 (game_winner only via Kalshi-only path),,,,,,,,not attempted
KXISRNLTOTAL,Point Total,Soccer,Liga Leumit,total,A,461,1082924.7,True,,not_attempted,,not_attempted_supported_sport,no independent results adapter for this competition in Phase 1 (game_winner only via Kalshi-only path),,,,,,,,not attempted
KXSLGREECETOTAL,Point Total,Soccer,Greece Super League,total,A,214,1055563.21,True,,not_attempted,,not_attempted_supported_sport,no independent results adapter for this competition in Phase 1 (game_winner only via Kalshi-only path),,,,,,,,not attempted
KXFIFATOTAL,Fifa Total,Soccer,FIFA World Cup Qualifiers,total,A,64,999436.0,True,,not_attempted,,not_attempted_supported_sport,no independent results adapter for this competition in Phase 1 (game_winner only via Kalshi-only path),,,,,,,,not attempted
KXTHAIL1TOTAL,Point Total,Soccer,Thai League 1,total,A,170,920192.96,True,,not_attempted,,not_attempted_supported_sport,no independent results adapter for this competition in Phase 1 (game_winner only via Kalshi-only path),,,,,,,,not attempted
KXSVKCUPTOTAL,Point Total,Soccer,Slovakian Cup,total,A,583,900417.2,True,,not_attempted,,not_attempted_supported_sport,no independent results adapter for this competition in Phase 1 (game_winner only via Kalshi-only path),,,,,,,,not attempted
KXISRPLTOTAL,Point Total,Soccer,Israeli Premier League,total,A,231,816128.7,True,,not_attempted,,not_attempted_supported_sport,no independent results adapter for this competition in Phase 1 (game_winner only via Kalshi-only path),,,,,,,,not attempted
KXUEFASCTOTAL,Point Total,Soccer,UEFA Super Cup,total,A,7,809561.55,True,,not_attempted,,not_attempted_supported_sport,no independent results adapter for this competition in Phase 1 (game_winner only via Kalshi-only path),,,,,,,,not attempted
KXSCOCUPTOTAL,Point Total,Soccer,Scottish League Cup,total,A,307,785065.26,True,,not_attempted,,not_attempted_supported_sport,no independent results adapter for this competition in Phase 1 (game_winner only via Kalshi-only path),,,,,,,,not attempted
KXK2LEAGUETOTAL,Point Total,Soccer,Korea K-League 2,total,A,286,740437.08,True,,not_attempted,,not_attempted_supported_sport,no independent results adapter for this competition in Phase 1 (game_winner only via Kalshi-only path),,,,,,,,not attempted
KXSRBSLTOTAL,Point Total,Soccer,Serbian SuperLiga,total,A,296,720943.37,True,,not_attempted,,not_attempted_supported_sport,no independent results adapter for this competition in Phase 1 (game_winner only via Kalshi-only path),,,,,,,,not attempted
KXENGCSTOTAL,Point Total,Soccer,Community Shield,total,A,8,691501.33,True,,not_attempted,,not_attempted_supported_sport,no independent results adapter for this competition in Phase 1 (game_winner only via Kalshi-only path),,,,,,,,not attempted
KXTWEEDEDIVTOTAL,Point Total,Soccer,Tweede Divisie,total,A,506,628804.39,True,,not_attempted,,not_attempted_supported_sport,no independent results adapter for this competition in Phase 1 (game_winner only via Kalshi-only path),,,,,,,,not attempted
KXSVNPLTOTAL,Point Total,Soccer,Slovenian Prva Liga,total,A,203,523025.2,True,,not_attempted,,not_attempted_supported_sport,no independent results adapter for this competition in Phase 1 (game_winner only via Kalshi-only path),,,,,,,,not attempted
KXCOPADELREYTOTAL,Copa del Rey Total,Soccer,Copa del Rey,total,A,132,501729.1,True,,not_attempted,,not_attempted_supported_sport,no independent results adapter for this competition in Phase 1 (game_winner only via Kalshi-only path),,,,,,,,not attempted
KXKNVBCUPTOTAL,Point Total,Soccer,KNVB,total,A,364,435468.07,True,,not_attempted,,not_attempted_supported_sport,no independent results adapter for this competition in Phase 1 (game_winner only via Kalshi-only path),,,,,,,,not attempted
KXWCGBOOTGOALS,World Soccer Cup Golden Boot Total Goals,Soccer,FIFA World Cup,total,A,10,432632.76,True,,not_attempted,,not_attempted_supported_sport,no independent results adapter for this competition in Phase 1 (game_winner only via Kalshi-only path),,,,,,,,not attempted
KXSERIECCUPTOTAL,Point Total,Soccer,Coppa Italia Lega Pro,total,A,286,410088.18,True,,not_attempted,,not_attempted_supported_sport,no independent results adapter for this competition in Phase 1 (game_winner only via Kalshi-only path),,,,,,,,not attempted
KXTACAPORTTOTAL,Taca de Portgual Total,Soccer,Taca de Portugal,total,A,498,365003.23,True,,not_attempted,,not_attempted_supported_sport,no independent results adapter for this competition in Phase 1 (game_winner only via Kalshi-only path),,,,,,,,not attempted
KXUSOPENCUPTOTAL,Point Total,Soccer,US Open Cup,total,A,14,325947.87,True,,not_attempted,,not_attempted_supported_sport,no independent results adapter for this competition in Phase 1 (game_winner only via Kalshi-only path),,,,,,,,not attempted
KXSGPPLTOTAL,Point Total,Soccer,Singapore Premier League,total,A,53,322095.6,True,,not_attempted,,not_attempted_supported_sport,no independent results adapter for this competition in Phase 1 (game_winner only via Kalshi-only path),,,,,,,,not attempted
KXGERSCTOTAL,Point Total,Soccer,Germany Super Cup,total,A,7,314934.74,True,,not_attempted,,not_attempted_supported_sport,no independent results adapter for this competition in Phase 1 (game_winner only via Kalshi-only path),,,,,,,,not attempted
KXMLSASTTOTAL,Point Total,Soccer,MLS All-Star Game,total,A,10,221262.7,True,,not_attempted,,not_attempted_supported_sport,no independent results adapter for this competition in Phase 1 (game_winner only via Kalshi-only path),,,,,,,,not attempted
KXFROPLTOTAL,Point Total,Soccer,Faroe Islands Premier League,total,A,179,157870.36,True,,not_attempted,,not_attempted_supported_sport,no independent results adapter for this competition in Phase 1 (game_winner only via Kalshi-only path),,,,,,,,not attempted
KXUSLCUPTOTAL,Point Total,Soccer,USL Cup,total,A,46,146081.9,True,,not_attempted,,not_attempted_supported_sport,no independent results adapter for this competition in Phase 1 (game_winner only via Kalshi-only path),,,,,,,,not attempted
KXFRASUPERCUPTOTAL,Point Total,Soccer,France Super Cup,total,A,7,48652.59,True,,not_attempted,,not_attempted_supported_sport,no independent results adapter for this competition in Phase 1 (game_winner only via Kalshi-only path),,,,,,,,not attempted
KXEFLTROPHYTOTAL,EFL Trophy Total,Soccer,EFL Trophy,total,A,90,40330.18,True,,not_attempted,,not_attempted_supported_sport,no independent results adapter for this competition in Phase 1 (game_winner only via Kalshi-only path),,,,,,,,not attempted
KXISRPLCUPTOTAL,Point Total,Soccer,Premier League Cup,total,A,47,31616.81,True,,not_attempted,,not_attempted_supported_sport,no independent results adapter for this competition in Phase 1 (game_winner only via Kalshi-only path),,,,,,,,not attempted
KXFINCUPTOTAL,Point Total,Soccer,Suomen Cup,total,A,6,8937.7,True,,not_attempted,,not_attempted_supported_sport,no independent results adapter for this competition in Phase 1 (game_winner only via Kalshi-only path),,,,,,,,not attempted
KXFROCUPTOTAL,Point Total,Soccer,Faroe Islands Cup,total,A,6,6428.59,True,,not_attempted,,not_attempted_supported_sport,no independent results adapter for this competition in Phase 1 (game_winner only via Kalshi-only path),,,,,,,,not attempted
KXAFCACTOTAL,Point Total,Soccer,,total,A,0,0.0,True,,not_attempted,,not_attempted_supported_sport,no traded markets,,,,,,,,not attempted
KXCLUBWCTOTAL,Point Total,Soccer,,total,A,0,0.0,True,,not_attempted,,not_attempted_supported_sport,no traded markets,,,,,,,,not attempted
KXCONCACAFCCUPTOTAL,Point Total,Soccer,,total,A,0,0.0,True,,not_attempted,,not_attempted_supported_sport,no traded markets,,,,,,,,not attempted
KXCOUPEDEFRANCETOTAL,Coupe de France Total,Soccer,,total,A,0,0.0,True,,not_attempted,,not_attempted_supported_sport,no traded markets,,,,,,,,not attempted
KXESPSUPERCUPTOTAL,Point Total,Soccer,,total,A,0,0.0,True,,not_attempted,,not_attempted_supported_sport,no traded markets,,,,,,,,not attempted
KXFIFAWTOTAL,Point Total,Soccer,,total,A,0,0.0,True,,not_attempted,,not_attempted_supported_sport,no traded markets,,,,,,,,not attempted
KXFINALISSIMATOTAL,Point Total,Soccer,,total,A,0,0.0,True,,not_attempted,,not_attempted_supported_sport,no traded markets,,,,,,,,not attempted
KXISRNLCUPTOTAL,Point Total,Soccer,,total,A,0,0.0,True,,not_attempted,,not_attempted_supported_sport,no traded markets,,,,,,,,not attempted
KXISRSCUPTOTAL,Point Total,Soccer,,total,A,0,0.0,True,,not_attempted,,not_attempted_supported_sport,no traded markets,,,,,,,,not attempted
KXISRSUPCUPTOTAL,Point Total,Soccer,,total,A,0,0.0,True,,not_attempted,,not_attempted_supported_sport,no traded markets,,,,,,,,not attempted
KXITASUPERCUPTOTAL,Point Total,Soccer,,total,A,0,0.0,True,,not_attempted,,not_attempted_supported_sport,no traded markets,,,,,,,,not attempted
KXSERIECSCUPTOTAL,Point Total,Soccer,,total,A,0,0.0,True,,not_attempted,,not_attempted_supported_sport,no traded markets,,,,,,,,not attempted
KXSOCCERTOTAL,Soccer Goal Total,Soccer,,total,A,0,0.0,True,,not_attempted,,not_attempted_supported_sport,no traded markets,,,,,,,,not attempted
KXSRBCUPTOTAL,Point Total,Soccer,,total,A,0,0.0,True,,not_attempted,,not_attempted_supported_sport,no traded markets,,,,,,,,not attempted
KXSVNCUPTOTAL,Point Total,Soccer,,total,A,0,0.0,True,,not_attempted,,not_attempted_supported_sport,no traded markets,,,,,,,,not attempted
KXUCLGAME,UEFA Champions League Game,Soccer,Champions League,tournament_outright,B,1000,566434163.95,True,,not_attempted,,not_attempted_supported_sport,outright/bracket: few independent outcomes per season; needs prospective capture + simulation,,,,,,,,not attempted
KXEFLCHAMPIONSHIPGAME,EFL Championship Game,Soccer,EFL Championship,tournament_outright,B,1587,83730393.11,True,,not_attempted,,not_attempted_supported_sport,outright/bracket: few independent outcomes per season; needs prospective capture + simulation,,,,,,,,not attempted
KXUCL,UEFA Champions League,Soccer,Champions League,tournament_outright,B,72,48683892.95,True,,not_attempted,,not_attempted_supported_sport,outright/bracket: few independent outcomes per season; needs prospective capture + simulation,,,,,,,,not attempted
KXUCLWGAME,Champions League Women's Game,Soccer,Champions League Womens,tournament_outright,B,435,39133433.88,True,,not_attempted,,not_attempted_supported_sport,outright/bracket: few independent outcomes per season; needs prospective capture + simulation,,,,,,,,not attempted
KXUSLGAME,USL Championship Game,Soccer,USL Championship,tournament_outright,B,1055,36907019.26,True,,not_attempted,,not_attempted_supported_sport,outright/bracket: few independent outcomes per season; needs prospective capture + simulation,,,,,,,,not attempted
KXWCROUND,World Cup Reach Round,Soccer,FIFA World Cup,tournament_outright,B,204,33895630.99,True,,not_attempted,,not_attempted_supported_sport,outright/bracket: few independent outcomes per season; needs prospective capture + simulation,,,,,,,,not attempted
KXUCLADVANCE,Champions League Advance,Soccer,Champions League,tournament_outright,B,134,24942769.25,True,,not_attempted,,not_attempted_supported_sport,outright/bracket: few independent outcomes per season; needs prospective capture + simulation,,,,,,,,not attempted
KXCONCACAFCCUPGAME,CONCACAF Champions Cup Game,Soccer,CONCACAF Champions Cup,tournament_outright,B,87,23428868.06,True,,not_attempted,,not_attempted_supported_sport,outright/bracket: few independent outcomes per season; needs prospective capture + simulation,,,,,,,,not attempted
KXPREMIERLEAGUE,PREMIER LEAGUE,Soccer,EPL,tournament_outright,B,53,22450674.58,True,,not_attempted,,not_attempted_supported_sport,outright/bracket: few independent outcomes per season; needs prospective capture + simulation,,,,,,,,not attempted
KXAFCCLGAME,AFC Champions League Game,Soccer,AFC Champions League,tournament_outright,B,206,20974028.89,True,,not_attempted,,not_attempted_supported_sport,outright/bracket: few independent outcomes per season; needs prospective capture + simulation,,,,,,,,not attempted
KXWCMATCHUP,World Cup Matchup,Soccer,FIFA World Cup,tournament_outright,B,108,16211379.89,True,,not_attempted,,not_attempted_supported_sport,outright/bracket: few independent outcomes per season; needs prospective capture + simulation,,,,,,,,not attempted
KXWCGROUPWIN,World Cup Group Winner,Soccer,FIFA World Cup,tournament_outright,B,64,14851190.85,True,,not_attempted,,not_attempted_supported_sport,outright/bracket: few independent outcomes per season; needs prospective capture + simulation,,,,,,,,not attempted
KXWCFINISHINGORDER,World Cup Finishing Order,Soccer,FIFA World Cup,tournament_outright,B,16,13973060.9,True,,not_attempted,,not_attempted_supported_sport,outright/bracket: few independent outcomes per season; needs prospective capture + simulation,,,,,,,,not attempted
KXLEAGUESCUPADVANCE,To Advance,Soccer,Leagues Cup,tournament_outright,B,16,13929187.24,True,,not_attempted,,not_attempted_supported_sport,outright/bracket: few independent outcomes per season; needs prospective capture + simulation,,,,,,,,not attempted
KXUECLADVANCE,Conference League Advance,Soccer,Conference League,tournament_outright,B,277,13299684.98,True,,not_attempted,,not_attempted_supported_sport,outright/bracket: few independent outcomes per season; needs prospective capture + simulation,,,,,,,,not attempted
KXEFLCUPADVANCE,EFL Cup Advance,Soccer,EFL Cup,tournament_outright,B,230,9184409.47,True,,not_attempted,,not_attempted_supported_sport,outright/bracket: few independent outcomes per season; needs prospective capture + simulation,,,,,,,,not attempted
KXCONMEBOLSUDADVANCE,To Advance,Soccer,CONMEBOL Sudamericana,tournament_outright,B,38,7655251.74,True,,not_attempted,,not_attempted_supported_sport,outright/bracket: few independent outcomes per season; needs prospective capture + simulation,,,,,,,,not attempted
KXWCCONTINENT,World Cup Continent,Soccer,FIFA World Cup,tournament_outright,B,5,7629209.45,True,,not_attempted,,not_attempted_supported_sport,outright/bracket: few independent outcomes per season; needs prospective capture + simulation,,,,,,,,not attempted
KXLALIGARELEGATION,La Liga Relegation,Soccer,La Liga,tournament_outright,B,36,7260376.1,True,,not_attempted,,not_attempted_supported_sport,outright/bracket: few independent outcomes per season; needs prospective capture + simulation,,,,,,,,not attempted
KXWCGROUPQUAL,World Cup Group Qualifiers,Soccer,FIFA World Cup,tournament_outright,B,64,7034203.78,True,,not_attempted,,not_attempted_supported_sport,outright/bracket: few independent outcomes per season; needs prospective capture + simulation,,,,,,,,not attempted
KXUEFACL,UEFA Champions League,Soccer,,tournament_outright,B,24,6763050.0,True,,not_attempted,,not_attempted_supported_sport,outright/bracket: few independent outcomes per season; needs prospective capture + simulation,,,,,,,,not attempted
KXCONMEBOLLIBADVANCE,To Advance,Soccer,CONMEBOL Libertadores,tournament_outright,B,22,5783676.84,True,,not_attempted,,not_attempted_supported_sport,outright/bracket: few independent outcomes per season; needs prospective capture + simulation,,,,,,,,not attempted
KXWC3RDPLACE,World Cup 3rd Place Finisher,Soccer,FIFA World Cup,tournament_outright,B,45,5296724.36,True,,not_attempted,,not_attempted_supported_sport,outright/bracket: few independent outcomes per season; needs prospective capture + simulation,,,,,,,,not attempted
KXCOPADOBRASILADVANCE,To Advance,Soccer,Copa do Brasil,tournament_outright,B,40,5279567.42,True,,not_attempted,,not_attempted_supported_sport,outright/bracket: few independent outcomes per season; needs prospective capture + simulation,,,,,,,,not attempted
KXUELADVANCE,Europa League Advance,Soccer,Europa League,tournament_outright,B,102,4478633.5,True,,not_attempted,,not_attempted_supported_sport,outright/bracket: few independent outcomes per season; needs prospective capture + simulation,,,,,,,,not attempted
KXUCLWADVANCE,To Advance,Soccer,Champions League Womens,tournament_outright,B,194,3042112.77,True,,not_attempted,,not_attempted_supported_sport,outright/bracket: few independent outcomes per season; needs prospective capture + simulation,,,,,,,,not attempted
KXMLSCUP,MLS Cup champion,Soccer,MLS,tournament_outright,B,56,2740465.83,True,,not_attempted,,not_attempted_supported_sport,outright/bracket: few independent outcomes per season; needs prospective capture + simulation,,,,,,,,not attempted
KXLALIGA,LA LIGA,Soccer,La Liga,tournament_outright,B,44,2409838.14,True,,not_attempted,,not_attempted_supported_sport,outright/bracket: few independent outcomes per season; needs prospective capture + simulation,,,,,,,,not attempted
KXLIGAMX,Liga MX Winner,Soccer,Liga MX,tournament_outright,B,63,2385496.33,True,,not_attempted,,not_attempted_supported_sport,outright/bracket: few independent outcomes per season; needs prospective capture + simulation,,,,,,,,not attempted
KXEPLTOP4,EPL top 4 teams,Soccer,EPL,tournament_outright,B,20,2170153.23,True,,not_attempted,,not_attempted_supported_sport,outright/bracket: few independent outcomes per season; needs prospective capture + simulation,,,,,,,,not attempted
KXCOPPAITALIAADVANCE,Coppa Italia To Advance,Soccer,Coppa Italia,tournament_outright,B,82,2078847.33,True,,not_attempted,,not_attempted_supported_sport,outright/bracket: few independent outcomes per season; needs prospective capture + simulation,,,,,,,,not attempted
KXEPLRELEGATION,English Premier League Relegation,Soccer,EPL,tournament_outright,B,40,1952558.46,True,,not_attempted,,not_attempted_supported_sport,outright/bracket: few independent outcomes per season; needs prospective capture + simulation,,,,,,,,not attempted
KXUCLROUND,Round Qualifiers,Soccer,Champions League,tournament_outright,B,55,1889655.52,True,,not_attempted,,not_attempted_supported_sport,outright/bracket: few independent outcomes per season; needs prospective capture + simulation,,,,,,,,not attempted
KXWCTEAMLEADGOAL,World Cup Team Top Scorer,Soccer,FIFA World Cup,tournament_outright,B,444,1879278.19,True,,not_attempted,,not_attempted_supported_sport,outright/bracket: few independent outcomes per season; needs prospective capture + simulation,,,,,,,,not attempted
KXWCGROUPWINNER,World Cup Group to Win,Soccer,FIFA World Cup,tournament_outright,B,12,1866294.52,True,,not_attempted,,not_attempted_supported_sport,outright/bracket: few independent outcomes per season; needs prospective capture + simulation,,,,,,,,not attempted
KXCLUBWC,Club World Cup Championship,Soccer,,tournament_outright,B,20,1836549.0,True,,not_attempted,,not_attempted_supported_sport,outright/bracket: few independent outcomes per season; needs prospective capture + simulation,,,,,,,,not attempted
KXUEFASCADVANCE,To Advance,Soccer,UEFA Super Cup,tournament_outright,B,2,1789387.73,True,,not_attempted,,not_attempted_supported_sport,outright/bracket: few independent outcomes per season; needs prospective capture + simulation,,,,,,,,not attempted
KXUEL,Europa Leauge champion,Soccer,Europa League,tournament_outright,B,61,1765854.11,True,,not_attempted,,not_attempted_supported_sport,outright/bracket: few independent outcomes per season; needs prospective capture + simulation,,,,,,,,not attempted
KXWCGSGOALS,World Cup Group Stage Goals,Soccer,FIFA World Cup,tournament_outright,B,125,1677020.84,True,,not_attempted,,not_attempted_supported_sport,outright/bracket: few independent outcomes per season; needs prospective capture + simulation,,,,,,,,not attempted
KXWCGROUPORDER,World Cup Group Exact Order,Soccer,FIFA World Cup,tournament_outright,B,216,1591443.86,True,,not_attempted,,not_attempted_supported_sport,outright/bracket: few independent outcomes per season; needs prospective capture + simulation,,,,,,,,not attempted
KXENGCSADVANCE,To Advance,Soccer,Community Shield,tournament_outright,B,2,1454578.76,True,,not_attempted,,not_attempted_supported_sport,outright/bracket: few independent outcomes per season; needs prospective capture + simulation,,,,,,,,not attempted
KXLEAGUESCUP,Leagues Cup,Soccer,Leagues Cup,tournament_outright,B,36,1346213.71,True,,not_attempted,,not_attempted_supported_sport,outright/bracket: few independent outcomes per season; needs prospective capture + simulation,,,,,,,,not attempted
KXASEANADVANCE,To Advance,Soccer,ASEAN Championship,tournament_outright,B,6,1333055.53,True,,not_attempted,,not_attempted_supported_sport,outright/bracket: few independent outcomes per season; needs prospective capture + simulation,,,,,,,,not attempted
KXFACUP,FA cup,Soccer,FA Cup,tournament_outright,B,56,1257482.68,True,,not_attempted,,not_attempted_supported_sport,outright/bracket: few independent outcomes per season; needs prospective capture + simulation,,,,,,,,not attempted
KXSERIEA,Serie A ,Soccer,Serie A,tournament_outright,B,39,1204871.14,True,,not_attempted,,not_attempted_supported_sport,outright/bracket: few independent outcomes per season; needs prospective capture + simulation,,,,,,,,not attempted
KXUCLRO4,UCL Advance to Round of 4,Soccer,Champions League,tournament_outright,B,15,1006376.0,True,,not_attempted,,not_attempted_supported_sport,outright/bracket: few independent outcomes per season; needs prospective capture + simulation,,,,,,,,not attempted
KXWCTEAMTOTALGOALS,World Cup Tournament Goals,Soccer,FIFA World Cup,tournament_outright,B,245,961120.89,True,,not_attempted,,not_attempted_supported_sport,outright/bracket: few independent outcomes per season; needs prospective capture + simulation,,,,,,,,not attempted
KXTEAMSINUCL,Champions League Final Matchup,Soccer,Champions League,tournament_outright,B,23,945147.95,True,,not_attempted,,not_attempted_supported_sport,outright/bracket: few independent outcomes per season; needs prospective capture + simulation,,,,,,,,not attempted
KXDFBPOKALADVANCE,DFB Pokal Advance,Soccer,DFB Pokal,tournament_outright,B,81,889322.29,True,,not_attempted,,not_attempted_supported_sport,outright/bracket: few independent outcomes per season; needs prospective capture + simulation,,,,,,,,not attempted
KXCOPADELREYADVANCE,Copa Del Rey To Advance,Soccer,Copa del Rey,tournament_outright,B,62,886092.51,True,,not_attempted,,not_attempted_supported_sport,outright/bracket: few independent outcomes per season; needs prospective capture + simulation,,,,,,,,not attempted
KXWCFIFATOP10,World Cup FIFA Top 10,Soccer,FIFA World Cup,tournament_outright,B,3,849638.36,True,,not_attempted,,not_attempted_supported_sport,outright/bracket: few independent outcomes per season; needs prospective capture + simulation,,,,,,,,not attempted
KXFACUPADVANCE,FA Cup Advance,Soccer,FA Cup,tournament_outright,B,143,846846.47,True,,not_attempted,,not_attempted_supported_sport,outright/bracket: few independent outcomes per season; needs prospective capture + simulation,,,,,,,,not attempted
KXWC1STTIMEWIN,World Cup First Time Winner,Soccer,FIFA World Cup,tournament_outright,B,1,787597.82,True,,not_attempted,,not_attempted_supported_sport,outright/bracket: few independent outcomes per season; needs prospective capture + simulation,,,,,,,,not attempted
KXWC,World Cup,Soccer,FIFA World Cup,tournament_outright,B,64,784330.35,True,,not_attempted,,not_attempted_supported_sport,outright/bracket: few independent outcomes per season; needs prospective capture + simulation,,,,,,,,not attempted
KXWCGSUNDEFEATED,World Cup Group Stage Undefeated,Soccer,FIFA World Cup,tournament_outright,B,45,758805.53,True,,not_attempted,,not_attempted_supported_sport,outright/bracket: few independent outcomes per season; needs prospective capture + simulation,,,,,,,,not attempted
KXUSOPENCUPADVANCE,To Advance,Soccer,US Open Cup,tournament_outright,B,5,747760.28,True,,not_attempted,,not_attempted_supported_sport,outright/bracket: few independent outcomes per season; needs prospective capture + simulation,,,,,,,,not attempted
KXWCGOALIEGOAL,Goalie Goal in World Cup,Soccer,FIFA World Cup,tournament_outright,B,1,735080.66,True,,not_attempted,,not_attempted_supported_sport,outright/bracket: few independent outcomes per season; needs prospective capture + simulation,,,,,,,,not attempted
KXMLSASTADVANCE,To Advance,Soccer,MLS All-Star Game,tournament_outright,B,2,683150.31,True,,not_attempted,,not_attempted_supported_sport,outright/bracket: few independent outcomes per season; needs prospective capture + simulation,,,,,,,,not attempted
KXWCTEAMGOALS,World Cup Team Goals,Soccer,FIFA World Cup,tournament_outright,B,111,627342.59,True,,not_attempted,,not_attempted_supported_sport,outright/bracket: few independent outcomes per season; needs prospective capture + simulation,,,,,,,,not attempted
KXWCNOEURSA,World Cup Any Country not in Europe or South America to Win,Soccer,FIFA World Cup,tournament_outright,B,1,622260.86,True,,not_attempted,,not_attempted_supported_sport,outright/bracket: few independent outcomes per season; needs prospective capture + simulation,,,,,,,,not attempted
KXAFCONADVANCE,AFCON To Advance,Soccer,Africa Cup of Nations,tournament_outright,B,32,591097.0,True,,not_attempted,,not_attempted_supported_sport,outright/bracket: few independent outcomes per season; needs prospective capture + simulation,,,,,,,,not attempted
KXUCLFINALIST,UCL Advance to the Finals,Soccer,Champions League,tournament_outright,B,22,573794.04,True,,not_attempted,,not_attempted_supported_sport,outright/bracket: few independent outcomes per season; needs prospective capture + simulation,,,,,,,,not attempted
KXGERSCADVANCE,To Advance,Soccer,Germany Super Cup,tournament_outright,B,2,538287.98,True,,not_attempted,,not_attempted_supported_sport,outright/bracket: few independent outcomes per season; needs prospective capture + simulation,,,,,,,,not attempted
KXKNVBCUPADVANCE,KNVB Cup Advance,Soccer,KNVB,tournament_outright,B,131,466913.28,True,,not_attempted,,not_attempted_supported_sport,outright/bracket: few independent outcomes per season; needs prospective capture + simulation,,,,,,,,not attempted
KXSVKCUPADVANCE,To Advance,Soccer,Slovakian Cup,tournament_outright,B,181,458272.32,True,,not_attempted,,not_attempted_supported_sport,outright/bracket: few independent outcomes per season; needs prospective capture + simulation,,,,,,,,not attempted
KXEPLTOP,EPL Top Finishers,Soccer,EPL,tournament_outright,B,72,437644.93,True,,not_attempted,,not_attempted_supported_sport,outright/bracket: few independent outcomes per season; needs prospective capture + simulation,,,,,,,,not attempted
KXUECL,UEFA Conference League Winner,Soccer,Conference League,tournament_outright,B,25,393691.8,True,,not_attempted,,not_attempted_supported_sport,outright/bracket: few independent outcomes per season; needs prospective capture + simulation,,,,,,,,not attempted
KXTACAPORTADVANCE,Taca de Portugal To Advance,Soccer,Taca de Portugal,tournament_outright,B,195,356246.78,True,,not_attempted,,not_attempted_supported_sport,outright/bracket: few independent outcomes per season; needs prospective capture + simulation,,,,,,,,not attempted
KXWCHATTRICK,World Cup Hat Trick,Soccer,FIFA World Cup,tournament_outright,B,5,329464.1,True,,not_attempted,,not_attempted_supported_sport,outright/bracket: few independent outcomes per season; needs prospective capture + simulation,,,,,,,,not attempted
KXLIGUE1,LIGUE 1,Soccer,Ligue 1,tournament_outright,B,31,315727.91,True,,not_attempted,,not_attempted_supported_sport,outright/bracket: few independent outcomes per season; needs prospective capture + simulation,,,,,,,,not attempted
KXEFLCUP,EFL Cup Winner,Soccer,EFL Cup,tournament_outright,B,32,304410.1,True,,not_attempted,,not_attempted_supported_sport,outright/bracket: few independent outcomes per season; needs prospective capture + simulation,,,,,,,,not attempted
KXUCLRO8,UCL Advance to Round of 8,Soccer,Champions League,tournament_outright,B,22,301967.0,True,,not_attempted,,not_attempted_supported_sport,outright/bracket: few independent outcomes per season; needs prospective capture + simulation,,,,,,,,not attempted
KXWCGAMEGOALS,World Cup Highest Scoring Game,Soccer,FIFA World Cup,tournament_outright,B,17,287455.97,True,,not_attempted,,not_attempted_supported_sport,outright/bracket: few independent outcomes per season; needs prospective capture + simulation,,,,,,,,not attempted
KXBUNDESLIGA,BUNDESLIGA,Soccer,Bundesliga,tournament_outright,B,35,284938.41,True,,not_attempted,,not_attempted_supported_sport,outright/bracket: few independent outcomes per season; needs prospective capture + simulation,,,,,,,,not attempted
KXCOPADELREY,Copa del Rey Winner,Soccer,Copa del Rey,tournament_outright,B,31,284188.91,True,,not_attempted,,not_attempted_supported_sport,outright/bracket: few independent outcomes per season; needs prospective capture + simulation,,,,,,,,not attempted
KXWCGROUPGOALS,Group Stage Goals,Soccer,FIFA World Cup,tournament_outright,B,24,248609.6,True,,not_attempted,,not_attempted_supported_sport,outright/bracket: few independent outcomes per season; needs prospective capture + simulation,,,,,,,,not attempted
KXWCIRAN,Iran World Cup,Soccer,FIFA World Cup,tournament_outright,B,1,246375.64,True,,not_attempted,,not_attempted_supported_sport,outright/bracket: few independent outcomes per season; needs prospective capture + simulation,,,,,,,,not attempted
KXUCLRO16,UCL Advance to Round of 16,Soccer,Champions League,tournament_outright,B,33,216567.0,True,,not_attempted,,not_attempted_supported_sport,outright/bracket: few independent outcomes per season; needs prospective capture + simulation,,,,,,,,not attempted
KXMLSEAST,MLS Western Conference winner?,Soccer,MLS,tournament_outright,B,22,213595.44,True,,not_attempted,,not_attempted_supported_sport,outright/bracket: few independent outcomes per season; needs prospective capture + simulation,,,,,,,,not attempted
KXSERIECCUPADVANCE,To Advance,Soccer,Coppa Italia Lega Pro,tournament_outright,B,87,205993.73,True,,not_attempted,,not_attempted_supported_sport,outright/bracket: few independent outcomes per season; needs prospective capture + simulation,,,,,,,,not attempted
KXWCWINNERTRAIL,World Cup Winner to Trail in a Match,Soccer,FIFA World Cup,tournament_outright,B,1,194620.77,True,,not_attempted,,not_attempted_supported_sport,outright/bracket: few independent outcomes per season; needs prospective capture + simulation,,,,,,,,not attempted
KXESPSUPERCUPADVANCE,Spain Super Cup Advance,Soccer,Spain Super Cup,tournament_outright,B,6,184450.0,True,,not_attempted,,not_attempted_supported_sport,outright/bracket: few independent outcomes per season; needs prospective capture + simulation,,,,,,,,not attempted
KXGRECUPADVANCE,To Advance,Soccer,Greek Cup,tournament_outright,B,22,178589.8,True,,not_attempted,,not_attempted_supported_sport,outright/bracket: few independent outcomes per season; needs prospective capture + simulation,,,,,,,,not attempted
KXAFCON,AFCON Champion,Soccer,AFCON,tournament_outright,B,23,178147.65,True,,not_attempted,,not_attempted_supported_sport,outright/bracket: few independent outcomes per season; needs prospective capture + simulation,,,,,,,,not attempted
KXEFLPROMO,EFL Promotion,Soccer,EFL Championship,tournament_outright,B,37,170241.89,True,,not_attempted,,not_attempted_supported_sport,outright/bracket: few independent outcomes per season; needs prospective capture + simulation,,,,,,,,not attempted
KXAFCCLADVANCE,To Advance,Soccer,AFC Champions League,tournament_outright,B,8,166001.73,True,,not_attempted,,not_attempted_supported_sport,outright/bracket: few independent outcomes per season; needs prospective capture + simulation,,,,,,,,not attempted
KXMLSWEST,MLS Western Conference winner?,Soccer,MLS,tournament_outright,B,24,162622.15,True,,not_attempted,,not_attempted_supported_sport,outright/bracket: few independent outcomes per season; needs prospective capture + simulation,,,,,,,,not attempted
KXARSENALCUPS,Arsenal Cups,Soccer,EPL,tournament_outright,B,4,134055.96,True,,not_attempted,,not_attempted_supported_sport,outright/bracket: few independent outcomes per season; needs prospective capture + simulation,,,,,,,,not attempted
KXWCFASTESTGOAL,World Cup Fastest Goal,Soccer,FIFA World Cup,tournament_outright,B,6,123323.68,True,,not_attempted,,not_attempted_supported_sport,outright/bracket: few independent outcomes per season; needs prospective capture + simulation,,,,,,,,not attempted
KXLIGAMXADVANCE,Liga MX Advance,Soccer,Liga MX,tournament_outright,B,8,119023.21,True,,not_attempted,,not_attempted_supported_sport,outright/bracket: few independent outcomes per season; needs prospective capture + simulation,,,,,,,,not attempted
KXEPLTOP6,Top 6 Finishers,Soccer,EPL,tournament_outright,B,20,118640.54,True,,not_attempted,,not_attempted_supported_sport,outright/bracket: few independent outcomes per season; needs prospective capture + simulation,,,,,,,,not attempted
KXDFBPOKAL,DFB Pokal Winner,Soccer,DFB Pokal,tournament_outright,B,28,113457.88,True,,not_attempted,,not_attempted_supported_sport,outright/bracket: few independent outcomes per season; needs prospective capture + simulation,,,,,,,,not attempted
KXUCLTOP,UCL League Phase Top of Table,Soccer,Champions League,tournament_outright,B,26,112303.98,True,,not_attempted,,not_attempted_supported_sport,outright/bracket: few independent outcomes per season; needs prospective capture + simulation,,,,,,,,not attempted
KXUCL16PSVJUV,Champions League round of 16 - PSV JUV,Soccer,,tournament_outright,B,2,110259.0,True,,not_attempted,,not_attempted_supported_sport,outright/bracket: few independent outcomes per season; needs prospective capture + simulation,,,,,,,,not attempted
KXLEADERUCLGOALS,UCL Top Goalscorer,Soccer,Champions League,tournament_outright,B,14,107825.58,True,,not_attempted,,not_attempted_supported_sport,outright/bracket: few independent outcomes per season; needs prospective capture + simulation,,,,,,,,not attempted
KXEPLTOP2,Top 2 Finishers,Soccer,EPL,tournament_outright,B,16,107345.6,True,,not_attempted,,not_attempted_supported_sport,outright/bracket: few independent outcomes per season; needs prospective capture + simulation,,,,,,,,not attempted
KXSCOCUPADVANCE,To Advance,Soccer,Scottish League Cup,tournament_outright,B,24,102876.21,True,,not_attempted,,not_attempted_supported_sport,outright/bracket: few independent outcomes per season; needs prospective capture + simulation,,,,,,,,not attempted
KXWCWINGROUP,World Cup Win Group,Soccer,FIFA World Cup,tournament_outright,B,5,98407.96,True,,not_attempted,,not_attempted_supported_sport,outright/bracket: few independent outcomes per season; needs prospective capture + simulation,,,,,,,,not attempted
KXUEFANL,UEFA Nations League,Soccer,UEFA Nations League,tournament_outright,B,12,93122.95,True,,not_attempted,,not_attempted_supported_sport,outright/bracket: few independent outcomes per season; needs prospective capture + simulation,,,,,,,,not attempted
KXEFLCHAMPIONSHIP,EFL Championship League Winner,Soccer,EFL Championship,tournament_outright,B,40,92579.1,True,,not_attempted,,not_attempted_supported_sport,outright/bracket: few independent outcomes per season; needs prospective capture + simulation,,,,,,,,not attempted
KXFIFAADVANCE,Fifa To Advance,Soccer,FIFA Play-Off Tournament,tournament_outright,B,10,81003.0,True,,not_attempted,,not_attempted_supported_sport,outright/bracket: few independent outcomes per season; needs prospective capture + simulation,,,,,,,,not attempted
KXWCMBAPPEGOALLEADER,Mbappe to Break the World Soccer Cup All-Time Goals Record,Soccer,FIFA World Cup,tournament_outright,B,9,78005.75,True,,not_attempted,,not_attempted_supported_sport,outright/bracket: few independent outcomes per season; needs prospective capture + simulation,,,,,,,,not attempted
KXSOCCERPLAYMESSI,Messi World Cup,Soccer,FIFA World Cup,tournament_outright,B,1,75708.56,True,,not_attempted,,not_attempted_supported_sport,outright/bracket: few independent outcomes per season; needs prospective capture + simulation,,,,,,,,not attempted
KXBUNDESLIGARELEGATION,Bundesliga Relegation,Soccer,Bundesliga,tournament_outright,B,23,70666.83,True,,not_attempted,,not_attempted_supported_sport,outright/bracket: few independent outcomes per season; needs prospective capture + simulation,,,,,,,,not attempted
KXUCL16RMAMCI,Champions League round of 16 - RMA MCI,Soccer,,tournament_outright,B,2,69449.0,True,,not_attempted,,not_attempted_supported_sport,outright/bracket: few independent outcomes per season; needs prospective capture + simulation,,,,,,,,not attempted
KXEFLCHAMPIONSHIPADVANCE,EFL Championship Advance,Soccer,EFL Championship,tournament_outright,B,4,68182.56,True,,not_attempted,,not_attempted_supported_sport,outright/bracket: few independent outcomes per season; needs prospective capture + simulation,,,,,,,,not attempted
KXSUPERLIG,Turkish Super Lig Champion,Soccer,Super Lig,tournament_outright,B,35,67902.11,True,,not_attempted,,not_attempted_supported_sport,outright/bracket: few independent outcomes per season; needs prospective capture + simulation,,,,,,,,not attempted
KXUCLTOP8,UCL League Phase Top 8 Finishers,Soccer,Champions League,tournament_outright,B,49,60724.3,True,,not_attempted,,not_attempted_supported_sport,outright/bracket: few independent outcomes per season; needs prospective capture + simulation,,,,,,,,not attempted
KXINTERCUPADVANCE,Intercontinental Cup To Advance,Soccer,FIFA Intercontinental Cup,tournament_outright,B,2,58499.0,True,,not_attempted,,not_attempted_supported_sport,outright/bracket: few independent outcomes per season; needs prospective capture + simulation,,,,,,,,not attempted
KXWCOLIMPICO,World Cup Olimpico Goal,Soccer,FIFA World Cup,tournament_outright,B,1,54199.48,True,,not_attempted,,not_attempted_supported_sport,outright/bracket: few independent outcomes per season; needs prospective capture + simulation,,,,,,,,not attempted
KXLIGAPORTUGAL,Liga Portugal Winner,Soccer,Liga Portugal,tournament_outright,B,34,53274.17,True,,not_attempted,,not_attempted_supported_sport,outright/bracket: few independent outcomes per season; needs prospective capture + simulation,,,,,,,,not attempted
KXCOUPEDEFRANCEADVANCE,Coupe de France To Advance,Soccer,Coupe de France,tournament_outright,B,14,50621.78,True,,not_attempted,,not_attempted_supported_sport,outright/bracket: few independent outcomes per season; needs prospective capture + simulation,,,,,,,,not attempted
KXCOPPAITALIA,Coppa Italia Winner,Soccer,Coppa Italia,tournament_outright,B,7,50242.69,True,,not_attempted,,not_attempted_supported_sport,outright/bracket: few independent outcomes per season; needs prospective capture + simulation,,,,,,,,not attempted
KXSERIEATOP4,Serie A Top 4 Finishers,Soccer,Serie A,tournament_outright,B,15,48896.09,True,,not_attempted,,not_attempted_supported_sport,outright/bracket: few independent outcomes per season; needs prospective capture + simulation,,,,,,,,not attempted
KXUEFAEURO,UEFA European Championship,Soccer,European Championship,tournament_outright,B,30,46469.16,True,,not_attempted,,not_attempted_supported_sport,outright/bracket: few independent outcomes per season; needs prospective capture + simulation,,,,,,,,not attempted
KXUSLCUPADVANCE,To Advance,Soccer,USL Cup,tournament_outright,B,14,43871.61,True,,not_attempted,,not_attempted_supported_sport,outright/bracket: few independent outcomes per season; needs prospective capture + simulation,,,,,,,,not attempted
KXWCEVERYTEAMGOAL,World Cup Every Team to Score a Goal,Soccer,FIFA World Cup,tournament_outright,B,1,43745.16,True,,not_attempted,,not_attempted_supported_sport,outright/bracket: few independent outcomes per season; needs prospective capture + simulation,,,,,,,,not attempted
KXWCGOALSALLOWED,World Cup Goals Allowed,Soccer,FIFA World Cup,tournament_outright,B,14,42527.83,True,,not_attempted,,not_attempted_supported_sport,outright/bracket: few independent outcomes per season; needs prospective capture + simulation,,,,,,,,not attempted
KXBRASILEIRO,Brasileiro Winner,Soccer,Brasileiro Serie A,tournament_outright,B,23,40423.21,True,,not_attempted,,not_attempted_supported_sport,outright/bracket: few independent outcomes per season; needs prospective capture + simulation,,,,,,,,not attempted
KXCONCACAFNL,CONCACAF Nations League,Soccer,CONCACAF Nations League,tournament_outright,B,18,38800.47,True,,not_attempted,,not_attempted_supported_sport,outright/bracket: few independent outcomes per season; needs prospective capture + simulation,,,,,,,,not attempted
KXSOCCERPLAYCRON,Cristiano Ronaldo world cup,Soccer,FIFA World Cup,tournament_outright,B,1,38067.24,True,,not_attempted,,not_attempted_supported_sport,outright/bracket: few independent outcomes per season; needs prospective capture + simulation,,,,,,,,not attempted
KXFRASUPERCUPADVANCE,France Super Cup to Advance,Soccer,France Super Cup,tournament_outright,B,2,37227.0,True,,not_attempted,,not_attempted_supported_sport,outright/bracket: few independent outcomes per season; needs prospective capture + simulation,,,,,,,,not attempted
KXLIGUE1RELEGATION,Ligue 1 Relegation,Soccer,Ligue 1,tournament_outright,B,13,36098.73,True,,not_attempted,,not_attempted_supported_sport,outright/bracket: few independent outcomes per season; needs prospective capture + simulation,,,,,,,,not attempted
KXWCW,Women's World Cup,Soccer,FIFA World Cup (W),tournament_outright,B,24,32502.35,True,,not_attempted,,not_attempted_supported_sport,outright/bracket: few independent outcomes per season; needs prospective capture + simulation,,,,,,,,not attempted
KXBUNDESLIGATOP4,Bundesliga Top 4 Finishers,Soccer,Bundesliga,tournament_outright,B,14,31670.02,True,,not_attempted,,not_attempted_supported_sport,outright/bracket: few independent outcomes per season; needs prospective capture + simulation,,,,,,,,not attempted
KXUCLW,Champions League Women's,Soccer,Champions League Womens,tournament_outright,B,9,28773.17,True,,not_attempted,,not_attempted_supported_sport,outright/bracket: few independent outcomes per season; needs prospective capture + simulation,,,,,,,,not attempted
KXCLUBWCGD,Club World Club Group D,Soccer,,tournament_outright,B,2,25875.0,True,,not_attempted,,not_attempted_supported_sport,outright/bracket: few independent outcomes per season; needs prospective capture + simulation,,,,,,,,not attempted
KXSLGREECE,Super League Greece Winner,Soccer,Greece Super League,tournament_outright,B,7,23945.65,True,,not_attempted,,not_attempted_supported_sport,outright/bracket: few independent outcomes per season; needs prospective capture + simulation,,,,,,,,not attempted
KXNWSL,NWSL Champion,Soccer,NWSL,tournament_outright,B,17,23931.22,True,,not_attempted,,not_attempted_supported_sport,outright/bracket: few independent outcomes per season; needs prospective capture + simulation,,,,,,,,not attempted
KXLALIGATOP4,La Liga Top 4 Finishers,Soccer,La Liga,tournament_outright,B,15,20421.42,True,,not_attempted,,not_attempted_supported_sport,outright/bracket: few independent outcomes per season; needs prospective capture + simulation,,,,,,,,not attempted
KXWC3RDPLACEQUAL,World Cup 3rd Place Qualification,Soccer,FIFA World Cup,tournament_outright,B,12,19931.19,True,,not_attempted,,not_attempted_supported_sport,outright/bracket: few independent outcomes per season; needs prospective capture + simulation,,,,,,,,not attempted
KXCLUBWCGA,Club World Club Group A,Soccer,,tournament_outright,B,3,19253.0,True,,not_attempted,,not_attempted_supported_sport,outright/bracket: few independent outcomes per season; needs prospective capture + simulation,,,,,,,,not attempted
KXLIGUE1TOP4,Ligue 1 Top 4 Finishers,Soccer,Ligue 1,tournament_outright,B,18,18824.35,True,,not_attempted,,not_attempted_supported_sport,outright/bracket: few independent outcomes per season; needs prospective capture + simulation,,,,,,,,not attempted
KXWCCLUBGOALS,World Cup Club Goals,Soccer,FIFA World Cup,tournament_outright,B,9,18158.41,True,,not_attempted,,not_attempted_supported_sport,outright/bracket: few independent outcomes per season; needs prospective capture + simulation,,,,,,,,not attempted
KXSERIEARELEGATION,Serie A Relegation,Soccer,Serie A,tournament_outright,B,23,18157.94,True,,not_attempted,,not_attempted_supported_sport,outright/bracket: few independent outcomes per season; needs prospective capture + simulation,,,,,,,,not attempted
KXEREDIVISIE,Eredivisie League Winner,Soccer,Eredivisie,tournament_outright,B,10,17543.97,True,,not_attempted,,not_attempted_supported_sport,outright/bracket: few independent outcomes per season; needs prospective capture + simulation,,,,,,,,not attempted
KXAFCA,AFC Asian Cup,Soccer,AFC Asian Cup,tournament_outright,B,6,16490.35,True,,not_attempted,,not_attempted_supported_sport,outright/bracket: few independent outcomes per season; needs prospective capture + simulation,,,,,,,,not attempted
KXSOCCERTROPHIES,Soccer Trophies,Soccer,EPL,tournament_outright,B,28,15505.44,True,,not_attempted,,not_attempted_supported_sport,outright/bracket: few independent outcomes per season; needs prospective capture + simulation,,,,,,,,not attempted
KXCONMEBOLLIB,CONMEBOL Libertadores,Soccer,CONMEBOL Libertadores,tournament_outright,B,15,15417.24,True,,not_attempted,,not_attempted_supported_sport,outright/bracket: few independent outcomes per season; needs prospective capture + simulation,,,,,,,,not attempted
KXARGPREMDIV,Argentina Primera Division Game,Soccer,Argentina Primera Division,tournament_outright,B,36,14576.03,True,,not_attempted,,not_attempted_supported_sport,outright/bracket: few independent outcomes per season; needs prospective capture + simulation,,,,,,,,not attempted
KXBELGIANPL,Belgian Pro League Champion,Soccer,Belgian Pro League,tournament_outright,B,31,13961.18,True,,not_attempted,,not_attempted_supported_sport,outright/bracket: few independent outcomes per season; needs prospective capture + simulation,,,,,,,,not attempted
KXMLSADVANCE,MLS To Advance,Soccer,MLS,tournament_outright,B,2,13847.0,True,,not_attempted,,not_attempted_supported_sport,outright/bracket: few independent outcomes per season; needs prospective capture + simulation,,,,,,,,not attempted
KXWCCONCEDE1ST,World Cup Concede First,Soccer,FIFA World Cup,tournament_outright,B,4,13534.19,True,,not_attempted,,not_attempted_supported_sport,outright/bracket: few independent outcomes per season; needs prospective capture + simulation,,,,,,,,not attempted
KXCLUBWCGB,Club World Club Group B,Soccer,,tournament_outright,B,4,13210.0,True,,not_attempted,,not_attempted_supported_sport,outright/bracket: few independent outcomes per season; needs prospective capture + simulation,,,,,,,,not attempted
KXDENSUPERLIGA,Danish Superliga Champion,Soccer,Danish Superliga,tournament_outright,B,15,13104.0,True,,not_attempted,,not_attempted_supported_sport,outright/bracket: few independent outcomes per season; needs prospective capture + simulation,,,,,,,,not attempted
KXUEL16AJAUSG,Europa League round of 16 - AJA USG,Soccer,,tournament_outright,B,2,12789.0,True,,not_attempted,,not_attempted_supported_sport,outright/bracket: few independent outcomes per season; needs prospective capture + simulation,,,,,,,,not attempted
KXUCLBOTTOM,UCL League Phase Bottom of Table,Soccer,Champions League,tournament_outright,B,32,10404.04,True,,not_attempted,,not_attempted_supported_sport,outright/bracket: few independent outcomes per season; needs prospective capture + simulation,,,,,,,,not attempted
KXCOUPEDEFRANCE,Coupe de France Winner,Soccer,Coupe de France,tournament_outright,B,2,10143.95,True,,not_attempted,,not_attempted_supported_sport,outright/bracket: few independent outcomes per season; needs prospective capture + simulation,,,,,,,,not attempted
KXCLUBWCGH,Club World Club Group H,Soccer,,tournament_outright,B,4,9914.0,True,,not_attempted,,not_attempted_supported_sport,outright/bracket: few independent outcomes per season; needs prospective capture + simulation,,,,,,,,not attempted
KXWCCAREERGOALS,World Cup Career Goals,Soccer,FIFA World Cup,tournament_outright,B,3,8407.43,True,,not_attempted,,not_attempted_supported_sport,outright/bracket: few independent outcomes per season; needs prospective capture + simulation,,,,,,,,not attempted
KXFIFAWADVANCE,To Advance,Soccer,FIFA World Cup Qualifiers Women,tournament_outright,B,21,8247.91,True,,not_attempted,,not_attempted_supported_sport,outright/bracket: few independent outcomes per season; needs prospective capture + simulation,,,,,,,,not attempted
KXEKSTRAKLASA,Ekstraklasa Champion,Soccer,Ekstraklasa,tournament_outright,B,22,8225.45,True,,not_attempted,,not_attempted_supported_sport,outright/bracket: few independent outcomes per season; needs prospective capture + simulation,,,,,,,,not attempted
KXISRPLCUPADVANCE,To Advance,Soccer,Premier League Cup,tournament_outright,B,4,7739.94,True,,not_attempted,,not_attempted_supported_sport,outright/bracket: few independent outcomes per season; needs prospective capture + simulation,,,,,,,,not attempted
KXCLUBWCGF,Club World Club Group F,Soccer,,tournament_outright,B,3,7739.0,True,,not_attempted,,not_attempted_supported_sport,outright/bracket: few independent outcomes per season; needs prospective capture + simulation,,,,,,,,not attempted
KXCLUBWCGC,Club World Club Group C,Soccer,,tournament_outright,B,4,7528.0,True,,not_attempted,,not_attempted_supported_sport,outright/bracket: few independent outcomes per season; needs prospective capture + simulation,,,,,,,,not attempted
KXUEL16RSCFEN,Europa League round of 16 - RSC FEN,Soccer,,tournament_outright,B,2,7178.0,True,,not_attempted,,not_attempted_supported_sport,outright/bracket: few independent outcomes per season; needs prospective capture + simulation,,,,,,,,not attempted
KXCLUBWCGE,Club World Club Group E,Soccer,,tournament_outright,B,3,7160.0,True,,not_attempted,,not_attempted_supported_sport,outright/bracket: few independent outcomes per season; needs prospective capture + simulation,,,,,,,,not attempted
KXTACAPORT,Taca de Portugal Winner,Soccer,Taca de Portugal,tournament_outright,B,15,7014.33,True,,not_attempted,,not_attempted_supported_sport,outright/bracket: few independent outcomes per season; needs prospective capture + simulation,,,,,,,,not attempted
KXWCGROUPPTS,World Cup Group Points,Soccer,FIFA World Cup,tournament_outright,B,2,6416.53,True,,not_attempted,,not_attempted_supported_sport,outright/bracket: few independent outcomes per season; needs prospective capture + simulation,,,,,,,,not attempted
KXWCQUAL,World Cup Qualifiers,Soccer,FIFA World Cup,tournament_outright,B,50,5823.15,True,,not_attempted,,not_attempted_supported_sport,outright/bracket: few independent outcomes per season; needs prospective capture + simulation,,,,,,,,not attempted
KXFINCUPADVANCE,To Advance,Soccer,Suomen Cup,tournament_outright,B,2,5566.04,True,,not_attempted,,not_attempted_supported_sport,outright/bracket: few independent outcomes per season; needs prospective capture + simulation,,,,,,,,not attempted
KXARGPREMDIVADVANCE,Argentina Primera Division To Advance,Soccer,Argentina Primera Division,tournament_outright,B,9,4980.2,True,,not_attempted,,not_attempted_supported_sport,outright/bracket: few independent outcomes per season; needs prospective capture + simulation,,,,,,,,not attempted
KXPLAYWC,Player World Cup,Soccer,FIFA World Cup,tournament_outright,B,1,4862.57,True,,not_attempted,,not_attempted_supported_sport,outright/bracket: few independent outcomes per season; needs prospective capture + simulation,,,,,,,,not attempted
KXCOPAAMERICA,Copa America,Soccer,Copa America,tournament_outright,B,18,4744.26,True,,not_attempted,,not_attempted_supported_sport,outright/bracket: few independent outcomes per season; needs prospective capture + simulation,,,,,,,,not attempted
KXCLUBWCGG,Club World Club Group G,Soccer,,tournament_outright,B,4,4687.0,True,,not_attempted,,not_attempted_supported_sport,outright/bracket: few independent outcomes per season; needs prospective capture + simulation,,,,,,,,not attempted
KXEPLLAST,EPL Last Place Finisher,Soccer,EPL,tournament_outright,B,15,4310.03,True,,not_attempted,,not_attempted_supported_sport,outright/bracket: few independent outcomes per season; needs prospective capture + simulation,,,,,,,,not attempted
KXCONCACAFGC,CONCACAF Gold Cup,Soccer,CONCACAF Gold Cup,tournament_outright,B,23,4236.37,True,,not_attempted,,not_attempted_supported_sport,outright/bracket: few independent outcomes per season; needs prospective capture + simulation,,,,,,,,not attempted
KXCOPADOBRASIL,Copa Do Brasil,Soccer,Copa do Brasil,tournament_outright,B,11,4121.56,True,,not_attempted,,not_attempted_supported_sport,outright/bracket: few independent outcomes per season; needs prospective capture + simulation,,,,,,,,not attempted
KXWCCONGO,DR Congo World Cup,Soccer,FIFA World Cup,tournament_outright,B,1,3608.0,True,,not_attempted,,not_attempted_supported_sport,outright/bracket: few independent outcomes per season; needs prospective capture + simulation,,,,,,,,not attempted
KXFROCUPADVANCE,To Advance,Soccer,Faroe Islands Cup,tournament_outright,B,2,3464.86,True,,not_attempted,,not_attempted_supported_sport,outright/bracket: few independent outcomes per season; needs prospective capture + simulation,,,,,,,,not attempted
KXUEFASUPERCUP,UEFA Super Cup Winner,Soccer,,tournament_outright,B,2,3339.0,True,,not_attempted,,not_attempted_supported_sport,outright/bracket: few independent outcomes per season; needs prospective capture + simulation,,,,,,,,not attempted
KXBRASILEIROTOPX,Brasileiro Top X,Soccer,Brasileiro Serie A,tournament_outright,B,18,3310.37,True,,not_attempted,,not_attempted_supported_sport,outright/bracket: few independent outcomes per season; needs prospective capture + simulation,,,,,,,,not attempted
KXUEL16VIKFTC,Europa League round of 16 - VIK FTC,Soccer,,tournament_outright,B,2,3293.0,True,,not_attempted,,not_attempted_supported_sport,outright/bracket: few independent outcomes per season; needs prospective capture + simulation,,,,,,,,not attempted
KXECULP,Ecuador Liga Pro,Soccer,Ecuador LigaPro,tournament_outright,B,10,2582.05,True,,not_attempted,,not_attempted_supported_sport,outright/bracket: few independent outcomes per season; needs prospective capture + simulation,,,,,,,,not attempted
KXMANCITYTITLES,Manchester City trophies stripped,Soccer,EPL,tournament_outright,B,2,2463.12,True,,not_attempted,,not_attempted_supported_sport,outright/bracket: few independent outcomes per season; needs prospective capture + simulation,,,,,,,,not attempted
KXTHAIL1,Thai 1 League,Soccer,Thai League 1,tournament_outright,B,6,2253.25,True,,not_attempted,,not_attempted_supported_sport,outright/bracket: few independent outcomes per season; needs prospective capture + simulation,,,,,,,,not attempted
KXCHNSL,Chinese Super League,Soccer,Chinese Super League,tournament_outright,B,16,2102.93,True,,not_attempted,,not_attempted_supported_sport,outright/bracket: few independent outcomes per season; needs prospective capture + simulation,,,,,,,,not attempted
KXCHLLDP,Chilean Primer Division,Soccer,Chile Liga de Primera,tournament_outright,B,8,1876.18,True,,not_attempted,,not_attempted_supported_sport,outright/bracket: few independent outcomes per season; needs prospective capture + simulation,,,,,,,,not attempted
KXUEFANLROUND,UEFA Nations League Round Qualifiers,Soccer,UEFA Nations League,tournament_outright,B,12,1790.1,True,,not_attempted,,not_attempted_supported_sport,outright/bracket: few independent outcomes per season; needs prospective capture + simulation,,,,,,,,not attempted
KXAPFDDH,APF Division de Honor,Soccer,APF Division de Honor,tournament_outright,B,7,1750.49,True,,not_attempted,,not_attempted_supported_sport,outright/bracket: few independent outcomes per season; needs prospective capture + simulation,,,,,,,,not attempted
KXSERIEATOP,Serie A Top Finishers,Soccer,Serie A,tournament_outright,B,7,1644.53,True,,not_attempted,,not_attempted_supported_sport,outright/bracket: few independent outcomes per season; needs prospective capture + simulation,,,,,,,,not attempted
KXWCFREEKICKGOAL,World Cup Free Kick Goal,Soccer,FIFA World Cup,tournament_outright,B,1,1399.16,True,,not_attempted,,not_attempted_supported_sport,outright/bracket: few independent outcomes per season; needs prospective capture + simulation,,,,,,,,not attempted
KXSOCCERTREBLE,Soccer Treble Winners,Soccer,EPL,tournament_outright,B,2,1313.35,True,,not_attempted,,not_attempted_supported_sport,outright/bracket: few independent outcomes per season; needs prospective capture + simulation,,,,,,,,not attempted
KXUEFANLGROUPWIN,UEFA Nations League Group Winner,Soccer,UEFA Nations League,tournament_outright,B,11,1203.49,True,,not_attempted,,not_attempted_supported_sport,outright/bracket: few independent outcomes per season; needs prospective capture + simulation,,,,,,,,not attempted
KXLALIGA2PROMO,La Liga 2 Promotion,Soccer,La Liga 2,tournament_outright,B,2,1186.0,True,,not_attempted,,not_attempted_supported_sport,outright/bracket: few independent outcomes per season; needs prospective capture + simulation,,,,,,,,not attempted
KXUCLQUAL,Champions League Qualifiers,Soccer,Champions League,tournament_outright,B,14,1126.46,True,,not_attempted,,not_attempted_supported_sport,outright/bracket: few independent outcomes per season; needs prospective capture + simulation,,,,,,,,not attempted
KXKNVBCUP,KNVB Cup Winner,Soccer,KNVB,tournament_outright,B,11,1001.0,True,,not_attempted,,not_attempted_supported_sport,outright/bracket: few independent outcomes per season; needs prospective capture + simulation,,,,,,,,not attempted
KXKLEAGUE,Korea K League Winner,Soccer,Korea K League 1,tournament_outright,B,3,949.48,True,,not_attempted,,not_attempted_supported_sport,outright/bracket: few independent outcomes per season; needs prospective capture + simulation,,,,,,,,not attempted
KXLALIGATOP,La Liga Top Finishers,Soccer,La Liga,tournament_outright,B,8,922.38,True,,not_attempted,,not_attempted_supported_sport,outright/bracket: few independent outcomes per season; needs prospective capture + simulation,,,,,,,,not attempted
KXUEL16ROMFCP,Europa League round of 16 - ROM FCP,Soccer,,tournament_outright,B,2,818.0,True,,not_attempted,,not_attempted_supported_sport,outright/bracket: few independent outcomes per season; needs prospective capture + simulation,,,,,,,,not attempted
KXUEL16RSOFCM,Europa League round of 16 - RSO FCM,Soccer,,tournament_outright,B,2,779.0,True,,not_attempted,,not_attempted_supported_sport,outright/bracket: few independent outcomes per season; needs prospective capture + simulation,,,,,,,,not attempted
KXBALLERLEAGUE,Baller League,Soccer,Baller League,tournament_outright,B,4,724.1,True,,not_attempted,,not_attempted_supported_sport,outright/bracket: few independent outcomes per season; needs prospective capture + simulation,,,,,,,,not attempted
KXUEFANLGROUPQUAL,UEFA Nations League Group Qualifiers,Soccer,UEFA Nations League,tournament_outright,B,8,682.76,True,,not_attempted,,not_attempted_supported_sport,outright/bracket: few independent outcomes per season; needs prospective capture + simulation,,,,,,,,not attempted
KXWCTEAMS,World Cup Team Count,Soccer,FIFA World Cup,tournament_outright,B,1,584.57,True,,not_attempted,,not_attempted_supported_sport,outright/bracket: few independent outcomes per season; needs prospective capture + simulation,,,,,,,,not attempted
KXUCLLEAGUE,League to Win UEFA Champions League,Soccer,Champions League,tournament_outright,B,5,584.44,True,,not_attempted,,not_attempted_supported_sport,outright/bracket: few independent outcomes per season; needs prospective capture + simulation,,,,,,,,not attempted
KXITASUPERCUPADVANCE,Italy Super Cup Winner,Soccer,Italian Super Cup,tournament_outright,B,2,532.0,True,,not_attempted,,not_attempted_supported_sport,outright/bracket: few independent outcomes per season; needs prospective capture + simulation,,,,,,,,not attempted
KXUSL,USL Championship,Soccer,USL Championship,tournament_outright,B,12,523.67,True,,not_attempted,,not_attempted_supported_sport,outright/bracket: few independent outcomes per season; needs prospective capture + simulation,,,,,,,,not attempted
KXUEFAEUROQUAL,Euros Qualifiers,Soccer,Euros,tournament_outright,B,9,511.76,True,,not_attempted,,not_attempted_supported_sport,outright/bracket: few independent outcomes per season; needs prospective capture + simulation,,,,,,,,not attempted
KXCONMEBOLSUD,CONMEBOL Sudamericana,Soccer,CONMEBOL Sudamericana,tournament_outright,B,2,349.63,True,,not_attempted,,not_attempted_supported_sport,outright/bracket: few independent outcomes per season; needs prospective capture + simulation,,,,,,,,not attempted
KXUCL16PSGSTB,Champions League round of 16 - PSG STB,Soccer,,tournament_outright,B,2,312.0,True,,not_attempted,,not_attempted_supported_sport,outright/bracket: few independent outcomes per season; needs prospective capture + simulation,,,,,,,,not attempted
KXLALIGALAST,La Liga Last Place Finisher,Soccer,La Liga,tournament_outright,B,2,251.75,True,,not_attempted,,not_attempted_supported_sport,outright/bracket: few independent outcomes per season; needs prospective capture + simulation,,,,,,,,not attempted
KXPERLIGA1,Peru Liga 1,Soccer,Peru Liga 1 ,tournament_outright,B,3,233.45,True,,not_attempted,,not_attempted_supported_sport,outright/bracket: few independent outcomes per season; needs prospective capture + simulation,,,,,,,,not attempted
KXUCL16BVBSPO,Champions League round of 16 - BVB SPO,Soccer,,tournament_outright,B,1,187.0,True,,not_attempted,,not_attempted_supported_sport,outright/bracket: few independent outcomes per season; needs prospective capture + simulation,,,,,,,,not attempted
KXUEL16BOGTWE,Europa League round of 16 -  BOG TWE,Soccer,,tournament_outright,B,1,143.0,True,,not_attempted,,not_attempted_supported_sport,outright/bracket: few independent outcomes per season; needs prospective capture + simulation,,,,,,,,not attempted
KXEPLPOINTMARGIN,English Premier League Champion Winning Margin,Soccer,EPL,tournament_outright,B,6,121.85,True,,not_attempted,,not_attempted_supported_sport,outright/bracket: few independent outcomes per season; needs prospective capture + simulation,,,,,,,,not attempted
KXLIGUE1TOP,Ligue 1 Top Finishers,Soccer,Ligue 1,tournament_outright,B,5,97.03,True,,not_attempted,,not_attempted_supported_sport,outright/bracket: few independent outcomes per season; needs prospective capture + simulation,,,,,,,,not attempted
KXBUNDESLIGATOP,Bundesliga Top Finishers,Soccer,Bundesliga,tournament_outright,B,2,92.17,True,,not_attempted,,not_attempted_supported_sport,outright/bracket: few independent outcomes per season; needs prospective capture + simulation,,,,,,,,not attempted
KXBUNDESLIGAPOINTMARGIN,Bundesliga Champion Winning Margin,Soccer,Bundesliga,tournament_outright,B,4,85.86,True,,not_attempted,,not_attempted_supported_sport,outright/bracket: few independent outcomes per season; needs prospective capture + simulation,,,,,,,,not attempted
KXURYPD,Uruguayan Premier Division,Soccer,Uruguayan Primera Division,tournament_outright,B,2,82.32,True,,not_attempted,,not_attempted_supported_sport,outright/bracket: few independent outcomes per season; needs prospective capture + simulation,,,,,,,,not attempted
KXBUNDESLIGALAST,Bundesliga Last Place Finisher,Soccer,Bundesliga,tournament_outright,B,1,59.71,True,,not_attempted,,not_attempted_supported_sport,outright/bracket: few independent outcomes per season; needs prospective capture + simulation,,,,,,,,not attempted
KXVENFUTVE,Venezuela Primera Division,Soccer,Venezuela Liga FUTVE,tournament_outright,B,2,4.64,True,,not_attempted,,not_attempted_supported_sport,outright/bracket: few independent outcomes per season; needs prospective capture + simulation,,,,,,,,not attempted
KXLALIGAPOINTMARGIN,La Liga Champion Winning Margin,Soccer,La Liga,tournament_outright,B,3,3.06,True,,not_attempted,,not_attempted_supported_sport,outright/bracket: few independent outcomes per season; needs prospective capture + simulation,,,,,,,,not attempted
KXAFCACADVANCE,To Advance,Soccer,,tournament_outright,B,0,0.0,True,,not_attempted,,not_attempted_supported_sport,outright/bracket: few independent outcomes per season; needs prospective capture + simulation,,,,,,,,not attempted
KXALEAGUEADVANCE,To Advance,Soccer,,tournament_outright,B,0,0.0,True,,not_attempted,,not_attempted_supported_sport,outright/bracket: few independent outcomes per season; needs prospective capture + simulation,,,,,,,,not attempted
KXALLSVENSKANADVANCE,To Advance,Soccer,,tournament_outright,B,0,0.0,True,,not_attempted,,not_attempted_supported_sport,outright/bracket: few independent outcomes per season; needs prospective capture + simulation,,,,,,,,not attempted
KXAPFDDHADVANCE,To Advance,Soccer,,tournament_outright,B,0,0.0,True,,not_attempted,,not_attempted_supported_sport,outright/bracket: few independent outcomes per season; needs prospective capture + simulation,,,,,,,,not attempted
KXARGNACBADVANCE,To Advance,Soccer,,tournament_outright,B,0,0.0,True,,not_attempted,,not_attempted_supported_sport,outright/bracket: few independent outcomes per season; needs prospective capture + simulation,,,,,,,,not attempted
KXBELGIANPLADVANCE,To Advance,Soccer,,tournament_outright,B,0,0.0,True,,not_attempted,,not_attempted_supported_sport,outright/bracket: few independent outcomes per season; needs prospective capture + simulation,,,,,,,,not attempted
KXBOLPDIVADVANCE,To Advance,Soccer,,tournament_outright,B,0,0.0,True,,not_attempted,,not_attempted_supported_sport,outright/bracket: few independent outcomes per season; needs prospective capture + simulation,,,,,,,,not attempted
KXBRASILEIROADVANCE,To Advance,Soccer,,tournament_outright,B,0,0.0,True,,not_attempted,,not_attempted_supported_sport,outright/bracket: few independent outcomes per season; needs prospective capture + simulation,,,,,,,,not attempted
KXBRASILEIROBADVANCE,To Advance,Soccer,,tournament_outright,B,0,0.0,True,,not_attempted,,not_attempted_supported_sport,outright/bracket: few independent outcomes per season; needs prospective capture + simulation,,,,,,,,not attempted
KXBRASILEIROCADVANCE,To Advance,Soccer,,tournament_outright,B,0,0.0,True,,not_attempted,,not_attempted_supported_sport,outright/bracket: few independent outcomes per season; needs prospective capture + simulation,,,,,,,,not attempted
KXBRASILEIRORELEGATION,Brasileiro Relegation,Soccer,,tournament_outright,B,0,0.0,True,,not_attempted,,not_attempted_supported_sport,outright/bracket: few independent outcomes per season; needs prospective capture + simulation,,,,,,,,not attempted
KXBRASILEIROTOP,Brasileiro Serie A,Soccer,,tournament_outright,B,0,0.0,True,,not_attempted,,not_attempted_supported_sport,outright/bracket: few independent outcomes per season; needs prospective capture + simulation,,,,,,,,not attempted
KXBUNDESLIGA2ADVANCE,To Advance,Soccer,,tournament_outright,B,0,0.0,True,,not_attempted,,not_attempted_supported_sport,outright/bracket: few independent outcomes per season; needs prospective capture + simulation,,,,,,,,not attempted
KXBUNDESLIGAADVANCE,To Advance,Soccer,,tournament_outright,B,0,0.0,True,,not_attempted,,not_attempted_supported_sport,outright/bracket: few independent outcomes per season; needs prospective capture + simulation,,,,,,,,not attempted
KXCANPLADVANCE,To Advance,Soccer,,tournament_outright,B,0,0.0,True,,not_attempted,,not_attempted_supported_sport,outright/bracket: few independent outcomes per season; needs prospective capture + simulation,,,,,,,,not attempted
KXCHLLDPADVANCE,To Advance,Soccer,,tournament_outright,B,0,0.0,True,,not_attempted,,not_attempted_supported_sport,outright/bracket: few independent outcomes per season; needs prospective capture + simulation,,,,,,,,not attempted
KXCHNL1ADVANCE,To Advance,Soccer,,tournament_outright,B,0,0.0,True,,not_attempted,,not_attempted_supported_sport,outright/bracket: few independent outcomes per season; needs prospective capture + simulation,,,,,,,,not attempted
KXCHNSLADVANCE,To Advance,Soccer,,tournament_outright,B,0,0.0,True,,not_attempted,,not_attempted_supported_sport,outright/bracket: few independent outcomes per season; needs prospective capture + simulation,,,,,,,,not attempted
KXCLUBWCADVANCE,To Advance,Soccer,,tournament_outright,B,0,0.0,True,,not_attempted,,not_attempted_supported_sport,outright/bracket: few independent outcomes per season; needs prospective capture + simulation,,,,,,,,not attempted
KXCONCACAFCCUPADVANCE,To Advance,Soccer,,tournament_outright,B,0,0.0,True,,not_attempted,,not_attempted_supported_sport,outright/bracket: few independent outcomes per season; needs prospective capture + simulation,,,,,,,,not attempted
KXCZEFLADVANCE,To Advance,Soccer,,tournament_outright,B,0,0.0,True,,not_attempted,,not_attempted_supported_sport,outright/bracket: few independent outcomes per season; needs prospective capture + simulation,,,,,,,,not attempted
KXDENSUPERLIGAADVANCE,To Advance,Soccer,,tournament_outright,B,0,0.0,True,,not_attempted,,not_attempted_supported_sport,outright/bracket: few independent outcomes per season; needs prospective capture + simulation,,,,,,,,not attempted
KXDIMAYORADVANCE,To Advance,Soccer,,tournament_outright,B,0,0.0,True,,not_attempted,,not_attempted_supported_sport,outright/bracket: few independent outcomes per season; needs prospective capture + simulation,,,,,,,,not attempted
KXECULPADVANCE,To Advance,Soccer,,tournament_outright,B,0,0.0,True,,not_attempted,,not_attempted_supported_sport,outright/bracket: few independent outcomes per season; needs prospective capture + simulation,,,,,,,,not attempted
KXEFLL1ADVANCE,To Advance,Soccer,,tournament_outright,B,0,0.0,True,,not_attempted,,not_attempted_supported_sport,outright/bracket: few independent outcomes per season; needs prospective capture + simulation,,,,,,,,not attempted
KXEGYPL,Egyptian Premier League ,Soccer,,tournament_outright,B,0,0.0,True,,not_attempted,,not_attempted_supported_sport,outright/bracket: few independent outcomes per season; needs prospective capture + simulation,,,,,,,,not attempted
KXEGYPLADVANCE,To Advance,Soccer,,tournament_outright,B,0,0.0,True,,not_attempted,,not_attempted_supported_sport,outright/bracket: few independent outcomes per season; needs prospective capture + simulation,,,,,,,,not attempted
KXEKSTRAKLASAADVANCE,To Advance,Soccer,,tournament_outright,B,0,0.0,True,,not_attempted,,not_attempted_supported_sport,outright/bracket: few independent outcomes per season; needs prospective capture + simulation,,,,,,,,not attempted
KXELITESERIENADVANCE,To Advance,Soccer,,tournament_outright,B,0,0.0,True,,not_attempted,,not_attempted_supported_sport,outright/bracket: few independent outcomes per season; needs prospective capture + simulation,,,,,,,,not attempted
KXEPLADVANCE,To Advance,Soccer,,tournament_outright,B,0,0.0,True,,not_attempted,,not_attempted_supported_sport,outright/bracket: few independent outcomes per season; needs prospective capture + simulation,,,,,,,,not attempted
KXEREDIVISIEADVANCE,To Advance,Soccer,,tournament_outright,B,0,0.0,True,,not_attempted,,not_attempted_supported_sport,outright/bracket: few independent outcomes per season; needs prospective capture + simulation,,,,,,,,not attempted
KXEWSLADVANCE,To Advance,Soccer,,tournament_outright,B,0,0.0,True,,not_attempted,,not_attempted_supported_sport,outright/bracket: few independent outcomes per season; needs prospective capture + simulation,,,,,,,,not attempted
KXFINALISSIMAADVANCE,To Advance,Soccer,,tournament_outright,B,0,0.0,True,,not_attempted,,not_attempted_supported_sport,outright/bracket: few independent outcomes per season; needs prospective capture + simulation,,,,,,,,not attempted
KXHNLADVANCE,To Advance,Soccer,,tournament_outright,B,0,0.0,True,,not_attempted,,not_attempted_supported_sport,outright/bracket: few independent outcomes per season; needs prospective capture + simulation,,,,,,,,not attempted
KXIDNSLADVANCE,To Advance,Soccer,,tournament_outright,B,0,0.0,True,,not_attempted,,not_attempted_supported_sport,outright/bracket: few independent outcomes per season; needs prospective capture + simulation,,,,,,,,not attempted
KXINTLFRIENDLYADVANCE,To Advance,Soccer,,tournament_outright,B,0,0.0,True,,not_attempted,,not_attempted_supported_sport,outright/bracket: few independent outcomes per season; needs prospective capture + simulation,,,,,,,,not attempted
KXISRNLCUPADVANCE,To Advance,Soccer,,tournament_outright,B,0,0.0,True,,not_attempted,,not_attempted_supported_sport,outright/bracket: few independent outcomes per season; needs prospective capture + simulation,,,,,,,,not attempted
KXISRSCUPADVANCE,To Advance,Soccer,,tournament_outright,B,0,0.0,True,,not_attempted,,not_attempted_supported_sport,outright/bracket: few independent outcomes per season; needs prospective capture + simulation,,,,,,,,not attempted
KXJ2LEAGUEADVANCE,To Advance,Soccer,,tournament_outright,B,0,0.0,True,,not_attempted,,not_attempted_supported_sport,outright/bracket: few independent outcomes per season; needs prospective capture + simulation,,,,,,,,not attempted
KXJLEAGUEADVANCE,To Advance,Soccer,,tournament_outright,B,0,0.0,True,,not_attempted,,not_attempted_supported_sport,outright/bracket: few independent outcomes per season; needs prospective capture + simulation,,,,,,,,not attempted
KXK2LEAGUEADVANCE,To Advance,Soccer,,tournament_outright,B,0,0.0,True,,not_attempted,,not_attempted_supported_sport,outright/bracket: few independent outcomes per season; needs prospective capture + simulation,,,,,,,,not attempted
KXKLEAGUEADVANCE,To Advance,Soccer,,tournament_outright,B,0,0.0,True,,not_attempted,,not_attempted_supported_sport,outright/bracket: few independent outcomes per season; needs prospective capture + simulation,,,,,,,,not attempted
KXLALIGA2ADVANCE,To Advance,Soccer,,tournament_outright,B,0,0.0,True,,not_attempted,,not_attempted_supported_sport,outright/bracket: few independent outcomes per season; needs prospective capture + simulation,,,,,,,,not attempted
KXLALIGAADVANCE,To Advance,Soccer,,tournament_outright,B,0,0.0,True,,not_attempted,,not_attempted_supported_sport,outright/bracket: few independent outcomes per season; needs prospective capture + simulation,,,,,,,,not attempted
KXLIGAEXPADVANCE,To Advance,Soccer,,tournament_outright,B,0,0.0,True,,not_attempted,,not_attempted_supported_sport,outright/bracket: few independent outcomes per season; needs prospective capture + simulation,,,,,,,,not attempted
KXLIGAPORTUGALADVANCE,To Advance,Soccer,,tournament_outright,B,0,0.0,True,,not_attempted,,not_attempted_supported_sport,outright/bracket: few independent outcomes per season; needs prospective capture + simulation,,,,,,,,not attempted
KXLIGUE1ADVANCE,To Advance,Soccer,,tournament_outright,B,0,0.0,True,,not_attempted,,not_attempted_supported_sport,outright/bracket: few independent outcomes per season; needs prospective capture + simulation,,,,,,,,not attempted
KXLIGUE1LAST,Ligue 1 Last Place Finisher,Soccer,Ligue 1,tournament_outright,B,0,0.0,True,,not_attempted,,not_attempted_supported_sport,outright/bracket: few independent outcomes per season; needs prospective capture + simulation,,,,,,,,not attempted
KXLIGUE1POINTMARGIN,Ligue 1 Champion Winning Margin,Soccer,Ligue 1,tournament_outright,B,0,0.0,True,,not_attempted,,not_attempted_supported_sport,outright/bracket: few independent outcomes per season; needs prospective capture + simulation,,,,,,,,not attempted
KXLIGUILLAQUAL,Liga MX,Soccer,,tournament_outright,B,0,0.0,True,,not_attempted,,not_attempted_supported_sport,outright/bracket: few independent outcomes per season; needs prospective capture + simulation,,,,,,,,not attempted
KXMWORLDCUP,Men's World Cup winner,Soccer,,tournament_outright,B,0,0.0,True,,not_attempted,,not_attempted_supported_sport,outright/bracket: few independent outcomes per season; needs prospective capture + simulation,,,,,,,,not attempted
KXMYSLADVANCE,To Advance,Soccer,,tournament_outright,B,0,0.0,True,,not_attempted,,not_attempted_supported_sport,outright/bracket: few independent outcomes per season; needs prospective capture + simulation,,,,,,,,not attempted
KXNWSLADVANCE,To Advance,Soccer,,tournament_outright,B,0,0.0,True,,not_attempted,,not_attempted_supported_sport,outright/bracket: few independent outcomes per season; needs prospective capture + simulation,,,,,,,,not attempted
KXPERLIGA1ADVANCE,To Advance,Soccer,,tournament_outright,B,0,0.0,True,,not_attempted,,not_attempted_supported_sport,outright/bracket: few independent outcomes per season; needs prospective capture + simulation,,,,,,,,not attempted
KXSAUDIPLADVANCE,To Advance,Soccer,,tournament_outright,B,0,0.0,True,,not_attempted,,not_attempted_supported_sport,outright/bracket: few independent outcomes per season; needs prospective capture + simulation,,,,,,,,not attempted
KXSCOTTISHPREMADVANCE,To Advance,Soccer,,tournament_outright,B,0,0.0,True,,not_attempted,,not_attempted_supported_sport,outright/bracket: few independent outcomes per season; needs prospective capture + simulation,,,,,,,,not attempted
KXSERIEAADVANCE,To Advance,Soccer,,tournament_outright,B,0,0.0,True,,not_attempted,,not_attempted_supported_sport,outright/bracket: few independent outcomes per season; needs prospective capture + simulation,,,,,,,,not attempted
KXSERIEALAST,Serie A Last Place Finisher,Soccer,Serie A,tournament_outright,B,0,0.0,True,,not_attempted,,not_attempted_supported_sport,outright/bracket: few independent outcomes per season; needs prospective capture + simulation,,,,,,,,not attempted
KXSERIEAPOINTMARGIN,Serie A Champion Winning Margin,Soccer,Serie A,tournament_outright,B,0,0.0,True,,not_attempted,,not_attempted_supported_sport,outright/bracket: few independent outcomes per season; needs prospective capture + simulation,,,,,,,,not attempted
KXSERIEBADVANCE,To Advance,Soccer,,tournament_outright,B,0,0.0,True,,not_attempted,,not_attempted_supported_sport,outright/bracket: few independent outcomes per season; needs prospective capture + simulation,,,,,,,,not attempted
KXSGPPLADVANCE,To Advance,Soccer,,tournament_outright,B,0,0.0,True,,not_attempted,,not_attempted_supported_sport,outright/bracket: few independent outcomes per season; needs prospective capture + simulation,,,,,,,,not attempted
KXSLGREECEADVANCE,To Advance,Soccer,,tournament_outright,B,0,0.0,True,,not_attempted,,not_attempted_supported_sport,outright/bracket: few independent outcomes per season; needs prospective capture + simulation,,,,,,,,not attempted
KXSRBCUPADVANCE,To Advance,Soccer,,tournament_outright,B,0,0.0,True,,not_attempted,,not_attempted_supported_sport,outright/bracket: few independent outcomes per season; needs prospective capture + simulation,,,,,,,,not attempted
KXSUPERLIGADVANCE,To Advance,Soccer,,tournament_outright,B,0,0.0,True,,not_attempted,,not_attempted_supported_sport,outright/bracket: few independent outcomes per season; needs prospective capture + simulation,,,,,,,,not attempted
KXSVNCUPADVANCE,To Advance,Soccer,,tournament_outright,B,0,0.0,True,,not_attempted,,not_attempted_supported_sport,outright/bracket: few independent outcomes per season; needs prospective capture + simulation,,,,,,,,not attempted
KXSWISSLEAGUEADVANCE,To Advance,Soccer,,tournament_outright,B,0,0.0,True,,not_attempted,,not_attempted_supported_sport,outright/bracket: few independent outcomes per season; needs prospective capture + simulation,,,,,,,,not attempted
KXTHAIL1ADVANCE,To Advance,Soccer,,tournament_outright,B,0,0.0,True,,not_attempted,,not_attempted_supported_sport,outright/bracket: few independent outcomes per season; needs prospective capture + simulation,,,,,,,,not attempted
KXUAEPLADVANCE,To Advance,Soccer,,tournament_outright,B,0,0.0,True,,not_attempted,,not_attempted_supported_sport,outright/bracket: few independent outcomes per season; needs prospective capture + simulation,,,,,,,,not attempted
KXUCL16,Champions League round of 16,Soccer,,tournament_outright,B,0,0.0,True,,not_attempted,,not_attempted_supported_sport,outright/bracket: few independent outcomes per season; needs prospective capture + simulation,,,,,,,,not attempted
KXUCL8,Champion's League to Round of 8,Soccer,,tournament_outright,B,0,0.0,True,,not_attempted,,not_attempted_supported_sport,outright/bracket: few independent outcomes per season; needs prospective capture + simulation,,,,,,,,not attempted
KXUEFACLTOPGOAL,UEFA CL Top Goal Scorer,Soccer,,tournament_outright,B,0,0.0,True,,not_attempted,,not_attempted_supported_sport,outright/bracket: few independent outcomes per season; needs prospective capture + simulation,,,,,,,,not attempted
KXUEFANLADVANCE,To Advance,Soccer,,tournament_outright,B,0,0.0,True,,not_attempted,,not_attempted_supported_sport,outright/bracket: few independent outcomes per season; needs prospective capture + simulation,,,,,,,,not attempted
KXUEL16FCSBPAOK,Europa League round of 16 - FCSB PAOK,Soccer,,tournament_outright,B,0,0.0,True,,not_attempted,,not_attempted_supported_sport,outright/bracket: few independent outcomes per season; needs prospective capture + simulation,,,,,,,,not attempted
KXUEL16FTCRSO,Europa League round of 16 - FTC RSO,Soccer,,tournament_outright,B,0,0.0,True,,not_attempted,,not_attempted_supported_sport,outright/bracket: few independent outcomes per season; needs prospective capture + simulation,,,,,,,,not attempted
KXUEL16GALAZA,Europa League round of 16 - GAL AZA,Soccer,,tournament_outright,B,0,0.0,True,,not_attempted,,not_attempted_supported_sport,outright/bracket: few independent outcomes per season; needs prospective capture + simulation,,,,,,,,not attempted
KXUEL16TWEVIK,Europa League round of 16 - TWE VIK,Soccer,,tournament_outright,B,0,0.0,True,,not_attempted,,not_attempted_supported_sport,outright/bracket: few independent outcomes per season; needs prospective capture + simulation,,,,,,,,not attempted
KXURYPDADVANCE,To Advance,Soccer,,tournament_outright,B,0,0.0,True,,not_attempted,,not_attempted_supported_sport,outright/bracket: few independent outcomes per season; needs prospective capture + simulation,,,,,,,,not attempted
KXUSLADVANCE,To Advance,Soccer,,tournament_outright,B,0,0.0,True,,not_attempted,,not_attempted_supported_sport,outright/bracket: few independent outcomes per season; needs prospective capture + simulation,,,,,,,,not attempted
KXUSOPENCUP,US Open Cup Soccer,Soccer,,tournament_outright,B,0,0.0,True,,not_attempted,,not_attempted_supported_sport,outright/bracket: few independent outcomes per season; needs prospective capture + simulation,,,,,,,,not attempted
KXVENFUTVEADVANCE,To Advance,Soccer,,tournament_outright,B,0,0.0,True,,not_attempted,,not_attempted_supported_sport,outright/bracket: few independent outcomes per season; needs prospective capture + simulation,,,,,,,,not attempted
KXVLEAGUE1ADVANCE,To Advance,Soccer,,tournament_outright,B,0,0.0,True,,not_attempted,,not_attempted_supported_sport,outright/bracket: few independent outcomes per season; needs prospective capture + simulation,,,,,,,,not attempted
KXWCFINALMATCHUP,World Cup Final Matchup,Soccer,,tournament_outright,B,0,0.0,True,,not_attempted,,not_attempted_supported_sport,outright/bracket: few independent outcomes per season; needs prospective capture + simulation,,,,,,,,not attempted
KXWCGS3WINS,World Cup Group Stage Undefeated,Soccer,,tournament_outright,B,0,0.0,True,,not_attempted,,not_attempted_supported_sport,outright/bracket: few independent outcomes per season; needs prospective capture + simulation,,,,,,,,not attempted
KXWCWOMEN,World Cup Women,Soccer,,tournament_outright,B,0,0.0,True,,not_attempted,,not_attempted_supported_sport,outright/bracket: few independent outcomes per season; needs prospective capture + simulation,,,,,,,,not attempted
KXSQUASHMATCH,Pro Squash Match,Squash,Pro Squash (M),game_winner,B,223,52408.74,True,k_kxsquashmatch,kalshi_settlement_only,kalshi_settlement_only,kalshi_settlement_only_evaluated,,340,338,,,0,338,169,evaluated
KXPSASQUASH,Professional Squash Association (PSA) World Championships,Squash,Pro Squash (M),tournament_outright,F,31,243234.98,True,,not_attempted,,not_attempted_supported_sport,outright/bracket: few independent outcomes per season; needs prospective capture + simulation,,,,,,,,not attempted
KXBRITISHOPENSQUASH,British Open Squash Winner,Squash,Squash,tournament_outright,F,4,4532.51,True,,not_attempted,,not_attempted_supported_sport,outright/bracket: few independent outcomes per season; needs prospective capture + simulation,,,,,,,,not attempted
KXTTELITEMATCH,TT Elite Series Match,Table Tennis,TT Elite Series,game_winner,B,21116,16647145.47,True,k_kxttelitematch,kalshi_settlement_only,kalshi_settlement_only,kalshi_settlement_only_evaluated,,22086,22054,,,0,22054,11027,evaluated
KXTTSTARMATCH,TT Star Series Match,Table Tennis,TT Star Series,game_winner,B,2059,2576443.4,True,k_kxttstarmatch,kalshi_settlement_only,kalshi_settlement_only,kalshi_settlement_only_evaluated,,2222,2194,,,0,2018,1009,evaluated
KXTABLETENNIS,Table Tennis Match,Table Tennis,TT Elite Series Men,game_winner,B,1258,218979.0,True,k_kxtabletennis,kalshi_settlement_only,kalshi_settlement_only,kalshi_settlement_only_evaluated,,5084,4304,,,0,4304,2152,evaluated
KXTTMATCH,Men's Table Tennis Match,Table Tennis,TT Star Series,game_winner,B,268,61629.38,True,k_kxttmatch,kalshi_settlement_only,kalshi_settlement_only,kalshi_settlement_only_evaluated,,468,466,,,0,466,233,evaluated
KXTABLETENNISMATCH,Men's Table Tennis Match,Table Tennis,Setka Cup,game_winner,B,251,42950.29,True,k_kxtabletennismatch,kalshi_settlement_only,kalshi_settlement_only,kalshi_settlement_only_evaluated,,422,422,,,0,422,211,evaluated
KXITTFMENMATCH,ITTF Table Tennis,Table Tennis,World Team Championships Men,game_winner,B,34,7888.96,True,k_kxittfmenmatch,kalshi_settlement_only,kalshi_settlement_only,kalshi_settlement_only_evaluated,,94,94,,,0,94,47,evaluated
KXITTFWOMENMATCH,ITTF Women Match,Table Tennis,World Team Championships Women,game_winner,B,0,0.0,True,,not_attempted,,not_attempted_supported_sport,no traded markets,,,,,,,,not attempted
KXTTELITEGAME,TT Elite Series Table Tennis Game,Table Tennis,,game_winner,B,0,0.0,True,,not_attempted,,not_attempted_supported_sport,no traded markets,,,,,,,,not attempted
KXWTABLETENNISMATCH,Women's Table Tennis Match,Table Tennis,,game_winner,B,0,0.0,True,,not_attempted,,not_attempted_supported_sport,no traded markets,,,,,,,,not attempted
KXWTTMATCH,Women's Table Tennis Match,Table Tennis,,game_winner,B,0,0.0,True,,not_attempted,,not_attempted_supported_sport,no traded markets,,,,,,,,not attempted
KXITTFWOMEN,ITTF Women Tournament Champion,Table Tennis,World Team Championships Women,tournament_outright,F,8,1820.8,True,,not_attempted,,not_attempted_supported_sport,outright/bracket: few independent outcomes per season; needs prospective capture + simulation,,,,,,,,not attempted
KXITTFMEN,ITTF Men Tournament Winner,Table Tennis,World Team Championships Men,tournament_outright,F,8,1794.32,True,,not_attempted,,not_attempted_supported_sport,outright/bracket: few independent outcomes per season; needs prospective capture + simulation,,,,,,,,not attempted
KXWTAROE,WTA Round of Elimination,Tennis,Wimbledon Women Singles,field_finish,F,8,67696.9,True,,not_attempted,,not_attempted_supported_sport,no independent results adapter for this competition in Phase 1 (game_winner only via Kalshi-only path),,,,,,,,not attempted
KXATPMATCH,ATP Tennis Match,Tennis,US Open Men Singles,game_winner,B,9875,7671769388.97,True,k_kxatpmatch,kalshi_settlement_only,kalshi_settlement_only,kalshi_settlement_only_evaluated,,9784,9232,,,0,6712,3356,evaluated
KXATPCHALLENGERMATCH,Challenger ATP ,Tennis,ATP Challenger Newport,game_winner,B,19680,6841081552.98,True,k_kxatpchallengermatch,kalshi_settlement_only,kalshi_settlement_only,kalshi_settlement_only_evaluated,,19358,18948,,,0,18744,9372,evaluated
KXWTAMATCH,WTA Tennis Match,Tennis,Wimbledon Women Singles,game_winner,B,9690,5080066446.05,True,k_kxwtamatch,kalshi_settlement_only,kalshi_settlement_only,kalshi_settlement_only_evaluated,,9576,9278,,,0,6912,3456,evaluated
KXITFMATCH,ITF Men's Match,Tennis,ITF,game_winner,B,38309,3860587719.35,True,k_kxitfmatch,kalshi_settlement_only,kalshi_settlement_only,kalshi_settlement_only_evaluated,,38598,37764,,,0,37126,18563,evaluated
KXITFWMATCH,ITF Women's Match,Tennis,ITF,game_winner,B,34785,3838750080.49,True,k_kxitfwmatch,kalshi_settlement_only,kalshi_settlement_only,kalshi_settlement_only_evaluated,,34824,34142,,,0,33262,16631,evaluated
KXWTACHALLENGERMATCH,Challenger WTA,Tennis,WTA 125K Birmingham,game_winner,B,4206,1372773018.84,True,k_kxwtachallengermatch,kalshi_settlement_only,kalshi_settlement_only,kalshi_settlement_only_evaluated,,4152,4056,,,0,3980,1990,evaluated
KXFOMEN,French Open Men's,Tennis,French Open Men Singles,game_winner,B,306,84589908.11,True,k_kxfomen,kalshi_settlement_only,kalshi_settlement_only,no_test_contracts,no scored contracts in the test window,324,250,,,0,0,0,no test-period contracts
KXITFDOUBLES,ITF Doubles Match,Tennis,ITF Doubles,game_winner,B,5531,69896709.35,True,k_kxitfdoubles,kalshi_settlement_only,kalshi_settlement_only,kalshi_settlement_only_evaluated,,5454,5078,,,0,4832,2416,evaluated
KXDAVISCUPMATCH,Davis Cup Match,Tennis,Davis Cup,game_winner,B,200,69137509.64,True,k_kxdaviscupmatch,kalshi_settlement_only,kalshi_settlement_only,kalshi_settlement_only_evaluated,,202,148,,,0,122,61,evaluated
KXITFWDOUBLES,ITF Women's Doubles Match,Tennis,ITF Doubles,game_winner,B,4583,61060296.87,True,k_kxitfwdoubles,kalshi_settlement_only,kalshi_settlement_only,kalshi_settlement_only_evaluated,,4490,4234,,,0,3926,1963,evaluated
KXWTADOUBLES,WTA Doubles Tennis Match,Tennis,French Open Women Doubles,game_winner,B,794,59131104.71,True,k_kxwtadoubles,kalshi_settlement_only,kalshi_settlement_only,kalshi_settlement_only_evaluated,,758,716,,,0,686,343,evaluated
KXATPDOUBLES,ATP Doubles Tennis Match,Tennis,French Open Men Doubles,game_winner,B,848,47320235.45,True,k_kxatpdoubles,kalshi_settlement_only,kalshi_settlement_only,kalshi_settlement_only_evaluated,,840,726,,,0,692,346,evaluated
KXUNITEDCUPMATCH,United Cup Match,Tennis,United Cup,game_winner,B,104,29675396.0,True,k_kxunitedcupmatch,kalshi_settlement_only,kalshi_settlement_only,kalshi_settlement_only_evaluated,,104,100,,,0,100,50,evaluated
KXFOWOMEN,French Open Women's,Tennis,French Open Women Singles,game_winner,B,282,22607239.84,True,k_kxfowomen,kalshi_settlement_only,kalshi_settlement_only,no_test_contracts,no scored contracts in the test window,311,248,,,0,0,0,no test-period contracts
KXLAVERCUPMATCH,Laver Cup Tennis Match,Tennis,Laver Cup Singles,game_winner,B,18,15198321.59,True,k_kxlavercupmatch,kalshi_settlement_only,kalshi_settlement_only,kalshi_settlement_only_evaluated,,18,10,,,0,10,5,evaluated
KXATPCHALLENGERDOUBLES,ATP Challenger Doubles Match,Tennis,ATP Challenger Kingston,game_winner,B,1233,14685652.81,True,k_kxatpchallengerdoubles,kalshi_settlement_only,kalshi_settlement_only,kalshi_settlement_only_evaluated,,1300,1186,,,0,1088,544,evaluated
KXIWMEN,Indian Wells Men's Singles,Tennis,ATP Indian Wells,game_winner,B,26,10963578.0,True,k_kxiwmen,kalshi_settlement_only,kalshi_settlement_only,no_test_contracts,no scored contracts in the test window,26,0,,,0,0,0,no test-period contracts
KXMOWOMEN,Miami Open Winner (Women's),Tennis,WTA Miami,game_winner,B,21,7665228.0,True,k_kxmowomen,kalshi_settlement_only,kalshi_settlement_only,no_test_contracts,no scored contracts in the test window,22,0,,,0,0,0,no test-period contracts
KXIWWOMEN,Indian Wells Women's Singles,Tennis,WTA Indian Wells,game_winner,B,21,7115501.0,True,k_kxiwwomen,kalshi_settlement_only,kalshi_settlement_only,no_test_contracts,no scored contracts in the test window,21,0,,,0,0,0,no test-period contracts
KXMOMEN,Miami Open Winner (Men's),Tennis,ATP Miami,game_winner,B,25,4224929.0,True,k_kxmomen,kalshi_settlement_only,kalshi_settlement_only,no_test_contracts,no scored contracts in the test window,27,0,,,0,0,0,no test-period contracts
KXMIXEDDOUBLESMATCH,Mixed Doubles Tennis Match,Tennis,US Open Mixed Doubles,game_winner,B,39,2374000.64,True,k_kxmixeddoublesmatch,kalshi_settlement_only,kalshi_settlement_only,kalshi_settlement_only_evaluated,,44,42,,,0,42,21,evaluated
KXBATTLEOFSEXES,Battle of the Sexes Tennis Match,Tennis,Battle of the Sexes,game_winner,B,2,1660825.0,True,k_kxbattleofsexes,kalshi_settlement_only,kalshi_settlement_only,no_test_contracts,no scored contracts in the test window,2,2,,,0,0,0,no test-period contracts
KXLAVERCUPDOUBLESMATCH,Laver Cup Doubles Match,Tennis,Laver Cup Doubles,game_winner,B,6,1515010.03,True,k_kxlavercupdoublesmatch,kalshi_settlement_only,kalshi_settlement_only,kalshi_settlement_only_evaluated,,6,6,,,0,6,3,evaluated
KXTENNISEXHIBITION,Tennis Exhibition Match,Tennis,UTS London Grand Final,game_winner,B,48,1170013.64,True,k_kxtennisexhibition,kalshi_settlement_only,kalshi_settlement_only,no_test_contracts,no scored contracts in the test window,70,66,,,0,0,0,no test-period contracts
KXMADMEN,Men's Madrid Open Winner,Tennis,ATP Madrid,game_winner,B,15,252804.52,True,k_kxmadmen,kalshi_settlement_only,kalshi_settlement_only,no_test_contracts,no scored contracts in the test window,16,0,,,0,0,0,no test-period contracts
KXSIXKINGSSLAMMATCH,Six Kings Slam Match,Tennis,Six Kings Slam,game_winner,B,8,178414.0,True,k_kxsixkingsslammatch,kalshi_settlement_only,kalshi_settlement_only,no_test_contracts,no scored contracts in the test window,8,4,,,0,0,0,no test-period contracts
KXEXHIBITIONMEN,Men's Tennis Exhibition Match,Tennis,Alcaraz vs Sinner,game_winner,B,2,137339.0,True,k_kxexhibitionmen,kalshi_settlement_only,kalshi_settlement_only,kalshi_settlement_only_evaluated,,2,2,,,0,2,1,evaluated
KXMADWOMEN,Madrid Open Winner (Women's),Tennis,WTA Madrid,game_winner,B,21,70150.62,True,k_kxmadwomen,kalshi_settlement_only,kalshi_settlement_only,no_test_contracts,no scored contracts in the test window,21,0,,,0,0,0,no test-period contracts
KXPICKLEBALLMATCH,Pickleball Match,Tennis,David Dobrik Pickleball,game_winner,B,2,266.51,True,k_kxpickleballmatch,kalshi_settlement_only,kalshi_settlement_only,no_test_contracts,no scored contracts in the test window,2,0,,,0,0,0,no test-period contracts
KXATPGWINNER,ATP Game Winner,Tennis,,game_winner,B,0,0.0,True,,not_attempted,,not_attempted_supported_sport,no traded markets,,,,,,,,not attempted
KXEXHIBITIONWOMEN,Women's Tennis Exhibition Match,Tennis,,game_winner,B,0,0.0,True,,not_attempted,,not_attempted_supported_sport,no traded markets,,,,,,,,not attempted
KXSIXKINGSMATCH,Six Kings Slam Match,Tennis,,game_winner,B,0,0.0,True,,not_attempted,,not_attempted_supported_sport,no traded markets,,,,,,,,not attempted
KXSIXKINGSQUARTER,Six Kings Slam Quarterfinals,Tennis,,game_winner,B,0,0.0,True,,not_attempted,,not_attempted_supported_sport,no traded markets,,,,,,,,not attempted
KXSIXKINGSSEMI,Six Kings Slam Semifinals,Tennis,,game_winner,B,0,0.0,True,,not_attempted,,not_attempted_supported_sport,no traded markets,,,,,,,,not attempted
KXTENNISMAJORDJOKOVIC,Djokovic major,Tennis,,other_novelty,E,1,14479.0,True,,not_attempted,,not_attempted_supported_sport,out of scope (novelty),,,,,,,,not attempted
KXPLAYERDEAL,Next Brand Deal,Tennis,ATP,other_novelty,E,6,4514.87,True,,not_attempted,,not_attempted_supported_sport,out of scope (novelty),,,,,,,,not attempted
KXATPNOVAK25,When will Novak win his 25th Major?,Tennis,ATP,other_novelty,E,1,2008.82,True,,not_attempted,,not_attempted_supported_sport,out of scope (novelty),,,,,,,,not attempted
KXATPCOMPETE,ATP Player to Compete,Tennis,US Open,personnel_ops,E,2,384311.33,True,,not_attempted,,not_attempted_supported_sport,out of scope (non-sporting outcome),,,,,,,,not attempted
KXATPNATWINNER,Nationality of Tennis Tournament Winner ,Tennis,US Open Men Singles,personnel_ops,E,3,95778.29,True,,not_attempted,,not_attempted_supported_sport,out of scope (non-sporting outcome),,,,,,,,not attempted
KXALCARAZCOACH,Carlos Alcaraz Next Coach,Tennis,,personnel_ops,E,12,36340.0,True,,not_attempted,,not_attempted_supported_sport,out of scope (non-sporting outcome),,,,,,,,not attempted
KXATPRETIRE,Will Djokovic Retire?,Tennis,ATP,personnel_ops,E,3,23951.4,True,,not_attempted,,not_attempted_supported_sport,out of scope (non-sporting outcome),,,,,,,,not attempted
KXWTANATSTAGE,How many players from country will reach stage at tournament?,Tennis,US Open Women Singles,personnel_ops,E,9,21583.24,True,,not_attempted,,not_attempted_supported_sport,out of scope (non-sporting outcome),,,,,,,,not attempted
KXDJOKOVICRETIRE,Djkovoic,Tennis,,personnel_ops,E,1,15567.0,True,,not_attempted,,not_attempted_supported_sport,out of scope (non-sporting outcome),,,,,,,,not attempted
KXATPNATSTAGE,How many players from country reach stage of tournament?,Tennis,US Open Men Singles,personnel_ops,E,8,15061.04,True,,not_attempted,,not_attempted_supported_sport,out of scope (non-sporting outcome),,,,,,,,not attempted
KXATPACES,ATP Tennis Aces,Tennis,Wimbledon Men Singles,player_prop,B,56,49833.21,True,,not_attempted,,not_attempted_supported_sport,player/appearance-conditioned; pregame participation not reconstructable as-of (not modelled),,,,,,,,not attempted
KXWTAACES,WTA Tennis Aces,Tennis,,player_prop,B,0,0.0,True,,not_attempted,,not_attempted_supported_sport,player/appearance-conditioned; pregame participation not reconstructable as-of (not modelled),,,,,,,,not attempted
KXATP1RANK,ATP #1 Ranked Player,Tennis,ATP,rankings_polls,C,16,184572.68,True,,not_attempted,,not_attempted_supported_sport,rankings/polls: poll processes (KenPom paid),,,,,,,,not attempted
KXWTA1RANK,WTA #1 Ranked,Tennis,WTA,rankings_polls,C,5,1240.25,True,,not_attempted,,not_attempted_supported_sport,rankings/polls: poll processes (KenPom paid),,,,,,,,not attempted
KXATPT5RANK,Top 5 Ranked Player ATP,Tennis,ATP,rankings_polls,C,1,270.81,True,,not_attempted,,not_attempted_supported_sport,rankings/polls: poll processes (KenPom paid),,,,,,,,not attempted
KXATPEXACTMATCH,ATP Exact Match Score,Tennis,US Open Men Singles,score_props,B,9073,58362869.37,True,,not_attempted,,not_attempted_supported_sport,no independent results adapter for this competition in Phase 1 (game_winner only via Kalshi-only path),,,,,,,,not attempted
KXWTAEXACTMATCH,WTA Exact Match Score,Tennis,US Open Women Singles,score_props,B,961,12828914.64,True,,not_attempted,,not_attempted_supported_sport,no independent results adapter for this competition in Phase 1 (game_winner only via Kalshi-only path),,,,,,,,not attempted
KXATPTIEBREAK,Tiebreak to occur in Match,Tennis,,score_props,B,0,0.0,True,,not_attempted,,not_attempted_supported_sport,no traded markets,,,,,,,,not attempted
KXATPSETWINNER,ATP Set Winner,Tennis,Wimbledon Men Singles,segment,B,12494,375618544.9,True,,not_attempted,,not_attempted_supported_sport,no independent results adapter for this competition in Phase 1 (game_winner only via Kalshi-only path),,,,,,,,not attempted
KXWTASETWINNER,WTA Set Winner,Tennis,US Open Women Singles,segment,B,8494,285741552.48,True,,not_attempted,,not_attempted_supported_sport,no independent results adapter for this competition in Phase 1 (game_winner only via Kalshi-only path),,,,,,,,not attempted
KXATPSSPREAD,ATP Set Spread,Tennis,US Open Men Singles,segment,B,191,2122892.55,True,,not_attempted,,not_attempted_supported_sport,no independent results adapter for this competition in Phase 1 (game_winner only via Kalshi-only path),,,,,,,,not attempted
KXATPS1GWINNER,ATP set 1 game winner,Tennis,ATP S-Hertogenbosch,segment,B,16,2026.2,True,,not_attempted,,not_attempted_supported_sport,no independent results adapter for this competition in Phase 1 (game_winner only via Kalshi-only path),,,,,,,,not attempted
KXATPS4GWINNER,ATP set 4 game winner,Tennis,French Open Men Singles,segment,B,5,627.0,True,,not_attempted,,not_attempted_supported_sport,no independent results adapter for this competition in Phase 1 (game_winner only via Kalshi-only path),,,,,,,,not attempted
KXATPS2GWINNER,ATP set 2 game winner,Tennis,ATP Stuttgart,segment,B,2,238.98,True,,not_attempted,,not_attempted_supported_sport,no independent results adapter for this competition in Phase 1 (game_winner only via Kalshi-only path),,,,,,,,not attempted
KXATPS3GWINNER,ATP set 3 game winner,Tennis,ATP S-Hertogenbosch,segment,B,1,8.0,True,,not_attempted,,not_attempted_supported_sport,no independent results adapter for this competition in Phase 1 (game_winner only via Kalshi-only path),,,,,,,,not attempted
KXATPANYSET,ATP Any Set Winner,Tennis,,segment,B,0,0.0,True,,not_attempted,,not_attempted_supported_sport,no traded markets,,,,,,,,not attempted
KXATPS5GWINNER,ATP set 5 game winner,Tennis,,segment,B,0,0.0,True,,not_attempted,,not_attempted_supported_sport,no traded markets,,,,,,,,not attempted
KXBATTLEOFSEXESSET,Battle of the Sexes Set Winner,Tennis,,segment,B,0,0.0,True,,not_attempted,,not_attempted_supported_sport,no traded markets,,,,,,,,not attempted
KXATPGSPREAD,ATP Game Spread,Tennis,US Open Men Singles,spread,B,5740,36560390.15,True,,not_attempted,,not_attempted_supported_sport,no independent results adapter for this competition in Phase 1 (game_winner only via Kalshi-only path),,,,,,,,not attempted
KXATPGAMESPREAD,ATP Game Spread,Tennis,,spread,B,0,0.0,True,,not_attempted,,not_attempted_supported_sport,no traded markets,,,,,,,,not attempted
KXATPEXACTSETS,testing,Tennis,,test_placeholder,E,0,0.0,True,,not_attempted,,not_attempted_supported_sport,out of scope (test),,,,,,,,not attempted
KXATPGTOTAL,ATP Total Games,Tennis,US Open Men Singles,total,B,5644,43848066.14,True,,not_attempted,,not_attempted_supported_sport,no independent results adapter for this competition in Phase 1 (game_winner only via Kalshi-only path),,,,,,,,not attempted
KXWTAGTOTAL,WTA Total Games,Tennis,US Open Women Singles,total,B,1919,12321847.25,True,,not_attempted,,not_attempted_supported_sport,no independent results adapter for this competition in Phase 1 (game_winner only via Kalshi-only path),,,,,,,,not attempted
KXATPTOTALSETS,ATP Total Sets,Tennis,US Open Men Singles,total,B,298,4938750.39,True,,not_attempted,,not_attempted_supported_sport,no independent results adapter for this competition in Phase 1 (game_winner only via Kalshi-only path),,,,,,,,not attempted
KXATPGAMETOTAL,ATP Total Games,Tennis,ATP Indian Wells,total,B,119,244691.0,True,,not_attempted,,not_attempted_supported_sport,no independent results adapter for this competition in Phase 1 (game_winner only via Kalshi-only path),,,,,,,,not attempted
KXATP,Men's Tournament Winner,Tennis,2027 US Open Men's Singles,tournament_outright,C,557,102631749.4,True,,not_attempted,,not_attempted_supported_sport,outright/bracket: few independent outcomes per season; needs prospective capture + simulation,,,,,,,,not attempted
KXWTA,Women's Tournament Winner,Tennis,2026 WTA Athens,tournament_outright,C,371,49939806.21,True,,not_attempted,,not_attempted_supported_sport,outright/bracket: few independent outcomes per season; needs prospective capture + simulation,,,,,,,,not attempted
KXWMENSINGLES,WIMBLEDON men's singles,Tennis,Wimbledon Men's Tennis,tournament_outright,C,134,47419000.0,True,,not_attempted,,not_attempted_supported_sport,outright/bracket: few independent outcomes per season; needs prospective capture + simulation,,,,,,,,not attempted
KXUSOMENSINGLES,US Open men's singles,Tennis,Grand Slam,tournament_outright,C,55,35458687.0,True,,not_attempted,,not_attempted_supported_sport,outright/bracket: few independent outcomes per season; needs prospective capture + simulation,,,,,,,,not attempted
KXFOMENSINGLES,French Open men's singles,Tennis,,tournament_outright,C,106,31816184.0,True,,not_attempted,,not_attempted_supported_sport,outright/bracket: few independent outcomes per season; needs prospective capture + simulation,,,,,,,,not attempted
KXAOMEN,Australian Open Mens,Tennis,Australian Open Men Singles,tournament_outright,C,22,25681248.0,True,,not_attempted,,not_attempted_supported_sport,outright/bracket: few independent outcomes per season; needs prospective capture + simulation,,,,,,,,not attempted
KXUSOWOMENSINGLES,US Open women's singles,Tennis,Grand Slam,tournament_outright,C,59,20050935.0,True,,not_attempted,,not_attempted_supported_sport,outright/bracket: few independent outcomes per season; needs prospective capture + simulation,,,,,,,,not attempted
KXWWOMENSINGLES,Wimbledon women's singles,Tennis,Wimbledon Women's Tennis,tournament_outright,C,131,19616103.0,True,,not_attempted,,not_attempted_supported_sport,outright/bracket: few independent outcomes per season; needs prospective capture + simulation,,,,,,,,not attempted
KXFOWOMENSINGLES,French Open women's singles,Tennis,,tournament_outright,C,120,14650934.0,True,,not_attempted,,not_attempted_supported_sport,outright/bracket: few independent outcomes per season; needs prospective capture + simulation,,,,,,,,not attempted
KXAOWOMEN,Australian Open Womens,Tennis,Australian Open Women Singles,tournament_outright,C,25,12424547.0,True,,not_attempted,,not_attempted_supported_sport,outright/bracket: few independent outcomes per season; needs prospective capture + simulation,,,,,,,,not attempted
KXATPFINALS,ATP Finals Winner,Tennis,ATP World Tour Finals Men Singles,tournament_outright,C,9,2188552.0,True,,not_attempted,,not_attempted_supported_sport,outright/bracket: few independent outcomes per season; needs prospective capture + simulation,,,,,,,,not attempted
KXATPIT,ATP Italian Open,Tennis,,tournament_outright,C,92,1890397.0,True,,not_attempted,,not_attempted_supported_sport,outright/bracket: few independent outcomes per season; needs prospective capture + simulation,,,,,,,,not attempted
KXWTAIT,WTA Italian Open,Tennis,,tournament_outright,C,60,1512683.0,True,,not_attempted,,not_attempted_supported_sport,outright/bracket: few independent outcomes per season; needs prospective capture + simulation,,,,,,,,not attempted
KXATPMIA,ATP Miami,Tennis,,tournament_outright,C,46,931358.0,True,,not_attempted,,not_attempted_supported_sport,outright/bracket: few independent outcomes per season; needs prospective capture + simulation,,,,,,,,not attempted
KXATPMAD,ATP Madrid,Tennis,,tournament_outright,C,58,848228.0,True,,not_attempted,,not_attempted_supported_sport,outright/bracket: few independent outcomes per season; needs prospective capture + simulation,,,,,,,,not attempted
KXATPWTA,Men and Women Tournament Winners,Tennis,US Open Men Singles,tournament_outright,C,53,753548.03,True,,not_attempted,,not_attempted_supported_sport,outright/bracket: few independent outcomes per season; needs prospective capture + simulation,,,,,,,,not attempted
KXATPADVANCE,ATP Stage Qualifiers,Tennis,US Open Men Singles,tournament_outright,C,228,651965.67,True,,not_attempted,,not_attempted_supported_sport,outright/bracket: few independent outcomes per season; needs prospective capture + simulation,,,,,,,,not attempted
KXWTAFINALS,WTA Finals Champion,Tennis,WTA Finals Women Singles,tournament_outright,C,7,575173.0,True,,not_attempted,,not_attempted_supported_sport,outright/bracket: few independent outcomes per season; needs prospective capture + simulation,,,,,,,,not attempted
KXWTAMAD,WTA Madrid,Tennis,,tournament_outright,C,62,571521.0,True,,not_attempted,,not_attempted_supported_sport,outright/bracket: few independent outcomes per season; needs prospective capture + simulation,,,,,,,,not attempted
KXWTAMIA,WTA Miami,Tennis,,tournament_outright,C,30,458161.0,True,,not_attempted,,not_attempted_supported_sport,outright/bracket: few independent outcomes per season; needs prospective capture + simulation,,,,,,,,not attempted
KXATPGRANDSLAM,ATP Grand Slam,Tennis,ATP,tournament_outright,C,15,422908.82,True,,not_attempted,,not_attempted_supported_sport,outright/bracket: few independent outcomes per season; needs prospective capture + simulation,,,,,,,,not attempted
KXDAVISCUPADVANCE,Davis Cup Advance,Tennis,Davis Cup,tournament_outright,C,10,374492.0,True,,not_attempted,,not_attempted_supported_sport,outright/bracket: few independent outcomes per season; needs prospective capture + simulation,,,,,,,,not attempted
KXDAVISCUP,Davis Cup Champions,Tennis,Davis Cup,tournament_outright,C,8,284995.0,True,,not_attempted,,not_attempted_supported_sport,outright/bracket: few independent outcomes per season; needs prospective capture + simulation,,,,,,,,not attempted
KXGRANDSLAM,Grand Slam Wins by Year,Tennis,ATP,tournament_outright,C,6,280158.99,True,,not_attempted,,not_attempted_supported_sport,outright/bracket: few independent outcomes per season; needs prospective capture + simulation,,,,,,,,not attempted
KXUNITEDCUP,United Cup Champions,Tennis,United Cup,tournament_outright,C,18,235201.0,True,,not_attempted,,not_attempted_supported_sport,outright/bracket: few independent outcomes per season; needs prospective capture + simulation,,,,,,,,not attempted
KXWTAADVANCE,WTA Stage Qualifiers,Tennis,US Open Women Singles,tournament_outright,C,169,234456.96,True,,not_attempted,,not_attempted_supported_sport,outright/bracket: few independent outcomes per season; needs prospective capture + simulation,,,,,,,,not attempted
KXATPMC,ATP Monte Carlo,Tennis,,tournament_outright,C,24,208022.0,True,,not_attempted,,not_attempted_supported_sport,outright/bracket: few independent outcomes per season; needs prospective capture + simulation,,,,,,,,not attempted
KXSIXKINGSSLAM,Six Kings Slam Winner,Tennis,Six Kings Slam,tournament_outright,C,6,204755.0,True,,not_attempted,,not_attempted_supported_sport,outright/bracket: few independent outcomes per season; needs prospective capture + simulation,,,,,,,,not attempted
KXWTAGRANDSLAM,WTA Grand Slam,Tennis,WTA,tournament_outright,C,18,153070.99,True,,not_attempted,,not_attempted_supported_sport,outright/bracket: few independent outcomes per season; needs prospective capture + simulation,,,,,,,,not attempted
KXATPIWO,Indian Wells Open,Tennis,,tournament_outright,C,28,149758.0,True,,not_attempted,,not_attempted_supported_sport,outright/bracket: few independent outcomes per season; needs prospective capture + simulation,,,,,,,,not attempted
KXWTAIWO,Indian Wells Open,Tennis,,tournament_outright,C,28,148366.0,True,,not_attempted,,not_attempted_supported_sport,outright/bracket: few independent outcomes per season; needs prospective capture + simulation,,,,,,,,not attempted
KXATPGRANDSLAMFIELD,ATP Grand Slam Field Winner,Tennis,,tournament_outright,C,1,144558.9,True,,not_attempted,,not_attempted_supported_sport,outright/bracket: few independent outcomes per season; needs prospective capture + simulation,,,,,,,,not attempted
KXMCMMEN,ATP Monte-Carlo Masters Winner,Tennis,ATP Monte Carlo,tournament_outright,C,12,110688.0,True,,not_attempted,,not_attempted_supported_sport,outright/bracket: few independent outcomes per season; needs prospective capture + simulation,,,,,,,,not attempted
KXATPRETURN,ATP Player to Return by Date,Tennis,ATP,tournament_outright,C,9,109500.1,True,,not_attempted,,not_attempted_supported_sport,outright/bracket: few independent outcomes per season; needs prospective capture + simulation,,,,,,,,not attempted
KXATPNEXTGEN,ATP Next Gen Finals,Tennis,Next Gen ATP Finals Men Singles,tournament_outright,C,9,95903.0,True,,not_attempted,,not_attempted_supported_sport,outright/bracket: few independent outcomes per season; needs prospective capture + simulation,,,,,,,,not attempted
KXWTATOURNWIN,Will player win tournament,Tennis,WTA,tournament_outright,C,2,87679.81,True,,not_attempted,,not_attempted_supported_sport,outright/bracket: few independent outcomes per season; needs prospective capture + simulation,,,,,,,,not attempted
KXLAVERCUP,Laver Cup,Tennis,Laver Cup,tournament_outright,C,4,72367.29,True,,not_attempted,,not_attempted_supported_sport,outright/bracket: few independent outcomes per season; needs prospective capture + simulation,,,,,,,,not attempted
KXATPAMT,ATP Tour Abierto Mexican Telcel presentado por HSBC,Tennis,,tournament_outright,C,42,60948.0,True,,not_attempted,,not_attempted_supported_sport,outright/bracket: few independent outcomes per season; needs prospective capture + simulation,,,,,,,,not attempted
KXWTADDF,WTA Tour Dubai Duty Free,Tennis,,tournament_outright,C,4,48512.0,True,,not_attempted,,not_attempted_supported_sport,outright/bracket: few independent outcomes per season; needs prospective capture + simulation,,,,,,,,not attempted
KXWTAFINALSQUAL,Will Player Qualify for WTA Finals,Tennis,WTA,tournament_outright,C,13,36481.19,True,,not_attempted,,not_attempted_supported_sport,outright/bracket: few independent outcomes per season; needs prospective capture + simulation,,,,,,,,not attempted
KXDDFWOMENSINGLES,Dubai Duty Free Tennis Championships,Tennis,,tournament_outright,C,32,30216.0,True,,not_attempted,,not_attempted_supported_sport,outright/bracket: few independent outcomes per season; needs prospective capture + simulation,,,,,,,,not attempted
KXGRANDSLAMJFONSECA,Wil Joao Fonseca Win a grand slam,Tennis,ATP,tournament_outright,C,1,29414.05,True,,not_attempted,,not_attempted_supported_sport,outright/bracket: few independent outcomes per season; needs prospective capture + simulation,,,,,,,,not attempted
KXATPMCO,Movistar Chile Open,Tennis,,tournament_outright,C,24,28011.0,True,,not_attempted,,not_attempted_supported_sport,outright/bracket: few independent outcomes per season; needs prospective capture + simulation,,,,,,,,not attempted
KXWTASERENA,Serena Williams WTA,Tennis,,tournament_outright,C,1,27524.77,True,,not_attempted,,not_attempted_supported_sport,outright/bracket: few independent outcomes per season; needs prospective capture + simulation,,,,,,,,not attempted
KXROMENSSINGLES,Rio Open,Tennis,,tournament_outright,C,27,22709.0,True,,not_attempted,,not_attempted_supported_sport,outright/bracket: few independent outcomes per season; needs prospective capture + simulation,,,,,,,,not attempted
KXWTAATX,WTA Tour ATX Open,Tennis,,tournament_outright,C,36,22066.0,True,,not_attempted,,not_attempted_supported_sport,outright/bracket: few independent outcomes per season; needs prospective capture + simulation,,,,,,,,not attempted
KXATPFINALSQUAL,Will Player Qualify for ATP Finals?,Tennis,ATP,tournament_outright,C,14,21267.78,True,,not_attempted,,not_attempted_supported_sport,outright/bracket: few independent outcomes per season; needs prospective capture + simulation,,,,,,,,not attempted
KXWTAMOA,WTA Tour Merida Open Akron,Tennis,,tournament_outright,C,25,21219.0,True,,not_attempted,,not_attempted_supported_sport,outright/bracket: few independent outcomes per season; needs prospective capture + simulation,,,,,,,,not attempted
KXCALCFO,Will Carlos Alcaraz play in French Open,Tennis,,tournament_outright,C,1,15559.48,True,,not_attempted,,not_attempted_supported_sport,outright/bracket: few independent outcomes per season; needs prospective capture + simulation,,,,,,,,not attempted
KXFIRSTUSOPEN,First time US open winner,Tennis,,tournament_outright,C,1,15318.0,True,,not_attempted,,not_attempted_supported_sport,outright/bracket: few independent outcomes per season; needs prospective capture + simulation,,,,,,,,not attempted
KXQOWOMENSINGLES,Qatar Open Women's Singles,Tennis,,tournament_outright,C,7,14442.0,True,,not_attempted,,not_attempted_supported_sport,outright/bracket: few independent outcomes per season; needs prospective capture + simulation,,,,,,,,not attempted
KXQEMOMENSSINGLES,Qatar ExxonMobil Open,Tennis,,tournament_outright,C,21,11188.0,True,,not_attempted,,not_attempted_supported_sport,outright/bracket: few independent outcomes per season; needs prospective capture + simulation,,,,,,,,not attempted
KXATPSETSWEEP,Winner without dropping a set,Tennis,French Open Men Singles,tournament_outright,C,2,6983.44,True,,not_attempted,,not_attempted_supported_sport,outright/bracket: few independent outcomes per season; needs prospective capture + simulation,,,,,,,,not attempted
KXAOMENSINGLES,Argentina Open men's singles,Tennis,,tournament_outright,C,4,4511.0,True,,not_attempted,,not_attempted_supported_sport,outright/bracket: few independent outcomes per season; needs prospective capture + simulation,,,,,,,,not attempted
KXO13MENSINGLES,Open 13 (Marseille) Mens' Singles,Tennis,,tournament_outright,C,2,2553.0,True,,not_attempted,,not_attempted_supported_sport,outright/bracket: few independent outcomes per season; needs prospective capture + simulation,,,,,,,,not attempted
KXSINNERFINISH,Jannik Sinner to Complete Tennis,Tennis,ATP,tournament_outright,C,1,460.76,True,,not_attempted,,not_attempted_supported_sport,outright/bracket: few independent outcomes per season; needs prospective capture + simulation,,,,,,,,not attempted
KXROMENSDOUBLES,Rio Open men Doubles,Tennis,,tournament_outright,C,1,193.0,True,,not_attempted,,not_attempted_supported_sport,outright/bracket: few independent outcomes per season; needs prospective capture + simulation,,,,,,,,not attempted
KXDDFMENSINGLES,Dubai Duty Free Tennis Championships,Tennis,,tournament_outright,C,1,186.0,True,,not_attempted,,not_attempted_supported_sport,outright/bracket: few independent outcomes per season; needs prospective capture + simulation,,,,,,,,not attempted
KXATPGAME,ATP Tennis Winner,Tennis,,tournament_outright,C,0,0.0,True,,not_attempted,,not_attempted_supported_sport,outright/bracket: few independent outcomes per season; needs prospective capture + simulation,,,,,,,,not attempted
KXATPMEN,Mens ATP Tournament Winner,Tennis,,tournament_outright,C,0,0.0,True,,not_attempted,,not_attempted_supported_sport,outright/bracket: few independent outcomes per season; needs prospective capture + simulation,,,,,,,,not attempted
KXATPRANK,ATP #1 Ranked Player,Tennis,,tournament_outright,C,0,0.0,True,,not_attempted,,not_attempted_supported_sport,outright/bracket: few independent outcomes per season; needs prospective capture + simulation,,,,,,,,not attempted
KXATPROUND,Will player reach round?,Tennis,,tournament_outright,C,0,0.0,True,,not_attempted,,not_attempted_supported_sport,outright/bracket: few independent outcomes per season; needs prospective capture + simulation,,,,,,,,not attempted
KXATPWDDF,ATP Tour Dubai Duty Free,Tennis,,tournament_outright,C,0,0.0,True,,not_attempted,,not_attempted_supported_sport,outright/bracket: few independent outcomes per season; needs prospective capture + simulation,,,,,,,,not attempted
KXCHALLENGERMATCH,Challenger ATP ,Tennis,,tournament_outright,C,0,0.0,True,,not_attempted,,not_attempted_supported_sport,outright/bracket: few independent outcomes per season; needs prospective capture + simulation,,,,,,,,not attempted
KXFOPENMENSINGLE,French Open men's singles,Tennis,,tournament_outright,C,0,0.0,True,,not_attempted,,not_attempted_supported_sport,outright/bracket: few independent outcomes per season; needs prospective capture + simulation,,,,,,,,not attempted
KXFOPENWMENSINGLE,French Open women's singles,Tennis,,tournament_outright,C,0,0.0,True,,not_attempted,,not_attempted_supported_sport,outright/bracket: few independent outcomes per season; needs prospective capture + simulation,,,,,,,,not attempted
KXGRANDSLAMSINNERALCARAZ,Sinner Alcaraz grand slam,Tennis,,tournament_outright,C,0,0.0,True,,not_attempted,,not_attempted_supported_sport,outright/bracket: few independent outcomes per season; needs prospective capture + simulation,,,,,,,,not attempted
KXIWMENDOUBLES,Indian Wells Men's Doubles,Tennis,,tournament_outright,C,0,0.0,True,,not_attempted,,not_attempted_supported_sport,outright/bracket: few independent outcomes per season; needs prospective capture + simulation,,,,,,,,not attempted
KXMCMEN,ATP Monte-Carlo Winner,Tennis,,tournament_outright,C,0,0.0,True,,not_attempted,,not_attempted_supported_sport,outright/bracket: few independent outcomes per season; needs prospective capture + simulation,,,,,,,,not attempted
KXMIXEDDOUBLES,Mixed Doubles Tournament Champion,Tennis,,tournament_outright,C,0,0.0,True,,not_attempted,,not_attempted_supported_sport,outright/bracket: few independent outcomes per season; needs prospective capture + simulation,,,,,,,,not attempted
KXTENNISGRANDSLAM,Tennis Grand Slam,Tennis,,tournament_outright,C,0,0.0,True,,not_attempted,,not_attempted_supported_sport,outright/bracket: few independent outcomes per season; needs prospective capture + simulation,,,,,,,,not attempted
KXUNITEDCUPADVANCE,United Cup Advance,Tennis,,tournament_outright,C,0,0.0,True,,not_attempted,,not_attempted_supported_sport,outright/bracket: few independent outcomes per season; needs prospective capture + simulation,,,,,,,,not attempted
KXWIMMEN,Wimbledon Championship Men's,Tennis,,tournament_outright,C,0,0.0,True,,not_attempted,,not_attempted_supported_sport,outright/bracket: few independent outcomes per season; needs prospective capture + simulation,,,,,,,,not attempted
KXWIMWOMEN,Wimbledon Championship Women's,Tennis,,tournament_outright,C,0,0.0,True,,not_attempted,,not_attempted_supported_sport,outright/bracket: few independent outcomes per season; needs prospective capture + simulation,,,,,,,,not attempted
KXWTAGAME,WTA Tennis Winner,Tennis,,tournament_outright,C,0,0.0,True,,not_attempted,,not_attempted_supported_sport,outright/bracket: few independent outcomes per season; needs prospective capture + simulation,,,,,,,,not attempted
KXALLSTARROSTER,All Star Roster,Unassigned,,awards,F,0,0.0,False,,not_attempted,,not_attempted_unsupported_sport,not a sporting outcome (v1 class E),,,,,,,,not attempted
KXMULTIPREPACK,Cross Sport Prepack,Unassigned,Cross-sport,combo_parlay,E,36,1318003.0,False,,not_attempted,,not_attempted_unsupported_sport,not a sporting outcome (v1 class E),,,,,,,,not attempted
KXINTERNETINVITATIONAL,Who will win the Internet Invitational ,Unassigned,,other_novelty,E,47,1404211.0,False,,not_attempted,,not_attempted_unsupported_sport,not a sporting outcome (v1 class E),,,,,,,,not attempted
KXDONATEBEASTWATER,Beast Water,Unassigned,,other_novelty,E,2,7241.0,False,,not_attempted,,not_attempted_unsupported_sport,not a sporting outcome (v1 class E),,,,,,,,not attempted
KXWOTW,Wave of the Winter,Unassigned,,other_novelty,E,10,3776.94,False,,not_attempted,,not_attempted_unsupported_sport,not a sporting outcome (v1 class E),,,,,,,,not attempted
KXFOODCONSUMEDSOURAJI,X,Unassigned,,other_novelty,E,0,0.0,False,,not_attempted,,not_attempted_unsupported_sport,not a sporting outcome (v1 class E),,,,,,,,not attempted
KXMANTIS,Mantis time,Unassigned,,other_novelty,E,0,0.0,False,,not_attempted,,not_attempted_unsupported_sport,not a sporting outcome (v1 class E),,,,,,,,not attempted
KXREBOOT,Reboot,Unassigned,,other_novelty,E,0,0.0,False,,not_attempted,,not_attempted_unsupported_sport,not a sporting outcome (v1 class E),,,,,,,,not attempted
KXCOACHOUTDALWINGS,Chris Koclanes out,Unassigned,,personnel_ops,E,1,5007.0,False,,not_attempted,,not_attempted_unsupported_sport,not a sporting outcome (v1 class E),,,,,,,,not attempted
KXCOACHOUTDALSTARS,Chris Koclanes out,Unassigned,,personnel_ops,E,0,0.0,False,,not_attempted,,not_attempted_unsupported_sport,not a sporting outcome (v1 class E),,,,,,,,not attempted
KXPLAYEROPTION,Player option,Unassigned,,personnel_ops,E,0,0.0,False,,not_attempted,,not_attempted_unsupported_sport,not a sporting outcome (v1 class E),,,,,,,,not attempted
KXNCAAWVMATCH,Women's College Volleyball Match,Volleyball,NCAA Volleyball (W),game_winner,A,1514,1732270.4,True,k_kxncaawvmatch,kalshi_settlement_only,kalshi_settlement_only,kalshi_settlement_only_evaluated,,1688,1550,,,0,1540,770,evaluated
KXVOLLEYBALLMATCH,Volleyball Match,Volleyball,Pan American Cup 2026,game_winner,A,16,2620.58,True,k_kxvolleyballmatch,kalshi_settlement_only,kalshi_settlement_only,kalshi_settlement_only_evaluated,,28,28,,,0,28,14,evaluated
KXNCAAWV,Women's college volleyball champion,Volleyball,NCAA Volleyball (W),tournament_outright,C,11,8085.19,True,,not_attempted,,not_attempted_supported_sport,outright/bracket: few independent outcomes per season; needs prospective capture + simulation,,,,,,,,not attempted
