competition,sport,source,family,series,series_supported,series_unsupported,live_adapter,comparability,frozen,frozen_detail,calibrated,calibration_status,market,market_rule,blend,blend_status,historical_ok_contracts
nba,Basketball,espn_team,game_winner,1,1,0,supported,exact,available,frozen elo model,unavailable,unavailable: training support below threshold,available,candle rule at prediction_as_of (frozen per-event contract rule),unavailable,unavailable: matched training support below threshold,2804
nba,Basketball,espn_team,segment,18,18,0,supported,exact,available,frozen score model,unavailable,unavailable: training support below threshold,unavailable,unavailable: segment markets (quarters/halves/innings): no new historical quotes by scope decision,unavailable,unavailable: segment markets (quarters/halves/innings): no new historical quotes by scope decision,15819
nba,Basketball,espn_team,spread,1,1,0,supported,exact,available,frozen score model,unavailable,unavailable: training support below threshold,available,candle rule at prediction_as_of (frozen per-event contract rule),unavailable,unavailable: matched training support below threshold,16905
nba,Basketball,espn_team,team_total,1,1,0,supported,exact,available,frozen score model,unavailable,unavailable: training support below threshold,available,candle rule at prediction_as_of (frozen per-event contract rule),unavailable,unavailable: matched training support below threshold,9486
nba,Basketball,espn_team,total,1,1,0,supported,exact,available,frozen score model,unavailable,unavailable: training support below threshold,available,candle rule at prediction_as_of (frozen per-event contract rule),unavailable,unavailable: matched training support below threshold,14754
wnba,Basketball,espn_team,game_winner,1,1,0,supported,exact,available,frozen elo model,unavailable,unavailable: validation support below threshold,available,candle rule at prediction_as_of (frozen per-event contract rule),unavailable,unavailable: matched validation support below threshold,1286
wnba,Basketball,espn_team,segment,18,18,0,supported,exact,available,frozen score model,unavailable,unavailable: training support below threshold,unavailable,unavailable: segment markets (quarters/halves/innings): no new historical quotes by scope decision,unavailable,unavailable: segment markets (quarters/halves/innings): no new historical quotes by scope decision,22452
wnba,Basketball,espn_team,spread,1,1,0,supported,exact,available,frozen score model,unavailable,unavailable: training support below threshold,available,candle rule at prediction_as_of (frozen per-event contract rule),unavailable,unavailable: matched training support below threshold,3691
wnba,Basketball,espn_team,team_total,1,1,0,supported,exact,available,frozen score model,unavailable,unavailable: training support below threshold,available,candle rule at prediction_as_of (frozen per-event contract rule),unavailable,unavailable: matched training support below threshold,1981
wnba,Basketball,espn_team,total,1,1,0,supported,exact,available,frozen score model,unavailable,unavailable: training support below threshold,available,candle rule at prediction_as_of (frozen per-event contract rule),unavailable,unavailable: matched training support below threshold,3279
ncaamb,Basketball,espn_team,game_winner,1,1,0,supported,exact,available,frozen elo model,unavailable,unavailable: training support below threshold,available,candle rule at prediction_as_of (frozen per-event contract rule),unavailable,unavailable: matched training support below threshold,10267
ncaamb,Basketball,espn_team,segment,3,3,0,supported,exact,available,frozen score model,unavailable,unavailable: training support below threshold,unavailable,unavailable: segment markets (quarters/halves/innings): no new historical quotes by scope decision,unavailable,unavailable: segment markets (quarters/halves/innings): no new historical quotes by scope decision,24481
ncaamb,Basketball,espn_team,spread,1,1,0,supported,exact,available,frozen score model,unavailable,unavailable: training support below threshold,available,candle rule at prediction_as_of (frozen per-event contract rule),unavailable,unavailable: matched training support below threshold,49318
ncaamb,Basketball,espn_team,total,1,1,0,supported,exact,available,frozen score model,unavailable,unavailable: training support below threshold,available,candle rule at prediction_as_of (frozen per-event contract rule),unavailable,unavailable: matched training support below threshold,48533
ncaawb,Basketball,espn_team,game_winner,1,1,0,supported,exact,available,frozen elo model,unavailable,unavailable: training support below threshold,available,candle rule at prediction_as_of (frozen per-event contract rule),unavailable,unavailable: matched training support below threshold,8010
nfl,Football,espn_team,game_winner,1,1,0,supported,exact,available,frozen elo model,unavailable,unavailable: training support below threshold,available,candle rule at prediction_as_of (frozen per-event contract rule),unavailable,unavailable: matched training support below threshold,690
nfl,Football,espn_team,segment,25,25,0,supported,exact,available,frozen score model,unavailable,unavailable: training support below threshold,unavailable,unavailable: segment markets (quarters/halves/innings): no new historical quotes by scope decision,unavailable,unavailable: segment markets (quarters/halves/innings): no new historical quotes by scope decision,12287
nfl,Football,espn_team,spread,1,1,0,supported,exact,available,frozen score model,unavailable,unavailable: training support below threshold,available,candle rule at prediction_as_of (frozen per-event contract rule),unavailable,unavailable: matched training support below threshold,7602
nfl,Football,espn_team,team_total,1,1,0,supported,exact,available,frozen score model,unavailable,unavailable: training support below threshold,available,candle rule at prediction_as_of (frozen per-event contract rule),unavailable,unavailable: matched training support below threshold,2579
nfl,Football,espn_team,total,1,1,0,supported,exact,available,frozen score model,unavailable,unavailable: training support below threshold,available,candle rule at prediction_as_of (frozen per-event contract rule),unavailable,unavailable: matched training support below threshold,5919
ncaaf,Football,espn_team,game_winner,1,1,0,supported,exact,available,frozen elo model,available,ok,available,candle rule at prediction_as_of (frozen per-event contract rule),available,ok,3170
ncaaf,Football,espn_team,segment,20,20,0,supported,exact,available,frozen score model,unavailable,unavailable: training support below threshold,unavailable,unavailable: segment markets (quarters/halves/innings): no new historical quotes by scope decision,unavailable,unavailable: segment markets (quarters/halves/innings): no new historical quotes by scope decision,38722
ncaaf,Football,espn_team,spread,1,1,0,supported,exact,available,frozen score model,available,ok,available,candle rule at prediction_as_of (frozen per-event contract rule),available,ok,24671
ncaaf,Football,espn_team,team_total,1,1,0,supported,exact,available,frozen score model,unavailable,unavailable: training support below threshold,available,candle rule at prediction_as_of (frozen per-event contract rule),unavailable,unavailable: matched training support below threshold,7999
ncaaf,Football,espn_team,total,1,1,0,supported,exact,available,frozen score model,available,ok,available,candle rule at prediction_as_of (frozen per-event contract rule),available,ok,19050
mlb,Baseball,espn_team,game_winner,1,1,0,supported,exact,available,frozen elo model,unavailable,unavailable: validation support below threshold,available,candle rule at prediction_as_of (frozen per-event contract rule),unavailable,unavailable: matched validation support below threshold,9274
mlb,Baseball,espn_team,segment,5,5,0,supported,exact,available,frozen score model,unavailable,unavailable: training support below threshold,unavailable,unavailable: segment markets (quarters/halves/innings): no new historical quotes by scope decision,unavailable,unavailable: segment markets (quarters/halves/innings): no new historical quotes by scope decision,41427
mlb,Baseball,espn_team,spread,1,1,0,supported,exact,available,frozen score model,unavailable,unavailable: training support below threshold,available,candle rule at prediction_as_of (frozen per-event contract rule),unavailable,unavailable: matched training support below threshold,21100
mlb,Baseball,espn_team,team_total,1,1,0,supported,exact,available,frozen score model,unavailable,unavailable: training support below threshold,available,candle rule at prediction_as_of (frozen per-event contract rule),unavailable,unavailable: matched training support below threshold,33418
mlb,Baseball,espn_team,total,1,1,0,supported,exact,available,frozen score model,unavailable,unavailable: training support below threshold,available,candle rule at prediction_as_of (frozen per-event contract rule),unavailable,unavailable: matched training support below threshold,29994
nhl,Hockey,espn_team,game_winner,1,1,0,supported,exact,available,frozen elo model,unavailable,unavailable: training support below threshold,available,candle rule at prediction_as_of (frozen per-event contract rule),unavailable,unavailable: matched training support below threshold,3060
nhl,Hockey,espn_team,segment,9,9,0,supported,exact,available,frozen score model,unavailable,unavailable: training support below threshold,unavailable,unavailable: segment markets (quarters/halves/innings): no new historical quotes by scope decision,unavailable,unavailable: segment markets (quarters/halves/innings): no new historical quotes by scope decision,1488
nhl,Hockey,espn_team,spread,1,1,0,supported,exact,available,frozen score model,unavailable,unavailable: training support below threshold,available,candle rule at prediction_as_of (frozen per-event contract rule),unavailable,unavailable: matched training support below threshold,5539
nhl,Hockey,espn_team,team_total,1,1,0,supported,exact,available,frozen score model,unavailable,unavailable: training support below threshold,available,candle rule at prediction_as_of (frozen per-event contract rule),unavailable,unavailable: matched training support below threshold,550
nhl,Hockey,espn_team,total,1,1,0,supported,exact,available,frozen score model,unavailable,unavailable: training support below threshold,available,candle rule at prediction_as_of (frozen per-event contract rule),unavailable,unavailable: matched training support below threshold,8340
epl,Soccer,espn_team,game_winner,1,1,0,supported,exact,available,frozen score model,unavailable,unavailable: training support below threshold,available,candle rule at prediction_as_of (frozen per-event contract rule),unavailable,unavailable: matched training support below threshold,1311
epl,Soccer,espn_team,score_props,1,1,0,supported,exact,available,frozen score model,unavailable,unavailable: training support below threshold,unavailable,unavailable: score props: no new historical quotes by scope decision,unavailable,unavailable: score props: no new historical quotes by scope decision,284
epl,Soccer,espn_team,segment,7,7,0,supported,exact,available,frozen score model,unavailable,unavailable: training support below threshold,unavailable,unavailable: segment markets (quarters/halves/innings): no new historical quotes by scope decision,unavailable,unavailable: segment markets (quarters/halves/innings): no new historical quotes by scope decision,1261
epl,Soccer,espn_team,spread,1,1,0,supported,exact,available,frozen score model,unavailable,unavailable: training support below threshold,available,candle rule at prediction_as_of (frozen per-event contract rule),unavailable,unavailable: matched training support below threshold,1328
epl,Soccer,espn_team,team_total,1,1,0,supported,exact,available,frozen score model,unavailable,unavailable: training support below threshold,available,candle rule at prediction_as_of (frozen per-event contract rule),unavailable,unavailable: matched training support below threshold,514
epl,Soccer,espn_team,total,1,1,0,supported,exact,available,frozen score model,unavailable,unavailable: training support below threshold,available,candle rule at prediction_as_of (frozen per-event contract rule),unavailable,unavailable: matched training support below threshold,1287
laliga,Soccer,espn_team,game_winner,1,1,0,supported,exact,available,frozen score model,unavailable,unavailable: training support below threshold,available,candle rule at prediction_as_of (frozen per-event contract rule),unavailable,unavailable: matched training support below threshold,1350
laliga,Soccer,espn_team,score_props,1,1,0,supported,exact,available,frozen score model,unavailable,unavailable: training support below threshold,unavailable,unavailable: score props: no new historical quotes by scope decision,unavailable,unavailable: score props: no new historical quotes by scope decision,327
laliga,Soccer,espn_team,segment,7,7,0,supported,exact,available,frozen score model,unavailable,unavailable: training support below threshold,unavailable,unavailable: segment markets (quarters/halves/innings): no new historical quotes by scope decision,unavailable,unavailable: segment markets (quarters/halves/innings): no new historical quotes by scope decision,1656
laliga,Soccer,espn_team,spread,1,1,0,supported,exact,available,frozen score model,unavailable,unavailable: training support below threshold,available,candle rule at prediction_as_of (frozen per-event contract rule),unavailable,unavailable: matched training support below threshold,1375
laliga,Soccer,espn_team,team_total,1,1,0,supported,exact,available,frozen score model,unavailable,unavailable: training support below threshold,available,candle rule at prediction_as_of (frozen per-event contract rule),unavailable,unavailable: matched training support below threshold,554
laliga,Soccer,espn_team,total,1,1,0,supported,exact,available,frozen score model,unavailable,unavailable: training support below threshold,available,candle rule at prediction_as_of (frozen per-event contract rule),unavailable,unavailable: matched training support below threshold,1421
seriea,Soccer,espn_team,game_winner,1,1,0,supported,exact,available,frozen score model,unavailable,unavailable: training support below threshold,available,candle rule at prediction_as_of (frozen per-event contract rule),unavailable,unavailable: matched training support below threshold,1290
seriea,Soccer,espn_team,score_props,1,1,0,supported,exact,available,frozen score model,unavailable,unavailable: training support below threshold,unavailable,unavailable: score props: no new historical quotes by scope decision,unavailable,unavailable: score props: no new historical quotes by scope decision,317
seriea,Soccer,espn_team,segment,7,7,0,supported,exact,available,frozen score model,unavailable,unavailable: training support below threshold,unavailable,unavailable: segment markets (quarters/halves/innings): no new historical quotes by scope decision,unavailable,unavailable: segment markets (quarters/halves/innings): no new historical quotes by scope decision,1220
seriea,Soccer,espn_team,spread,1,1,0,supported,exact,available,frozen score model,unavailable,unavailable: training support below threshold,available,candle rule at prediction_as_of (frozen per-event contract rule),unavailable,unavailable: matched training support below threshold,1304
seriea,Soccer,espn_team,team_total,1,1,0,supported,exact,available,frozen score model,unavailable,unavailable: training support below threshold,available,candle rule at prediction_as_of (frozen per-event contract rule),unavailable,unavailable: matched training support below threshold,378
seriea,Soccer,espn_team,total,1,1,0,supported,exact,available,frozen score model,unavailable,unavailable: training support below threshold,available,candle rule at prediction_as_of (frozen per-event contract rule),unavailable,unavailable: matched training support below threshold,1293
bundesliga,Soccer,espn_team,game_winner,1,1,0,supported,exact,available,frozen score model,unavailable,unavailable: training support below threshold,available,candle rule at prediction_as_of (frozen per-event contract rule),unavailable,unavailable: matched training support below threshold,1026
bundesliga,Soccer,espn_team,score_props,1,1,0,supported,exact,available,frozen score model,unavailable,unavailable: training support below threshold,unavailable,unavailable: score props: no new historical quotes by scope decision,unavailable,unavailable: score props: no new historical quotes by scope decision,252
bundesliga,Soccer,espn_team,segment,7,7,0,supported,exact,available,frozen score model,unavailable,unavailable: training support below threshold,unavailable,unavailable: segment markets (quarters/halves/innings): no new historical quotes by scope decision,unavailable,unavailable: segment markets (quarters/halves/innings): no new historical quotes by scope decision,885
bundesliga,Soccer,espn_team,spread,1,1,0,supported,exact,available,frozen score model,unavailable,unavailable: training support below threshold,available,candle rule at prediction_as_of (frozen per-event contract rule),unavailable,unavailable: matched training support below threshold,1059
bundesliga,Soccer,espn_team,team_total,1,1,0,supported,exact,available,frozen score model,unavailable,unavailable: training support below threshold,available,candle rule at prediction_as_of (frozen per-event contract rule),unavailable,unavailable: matched training support below threshold,313
bundesliga,Soccer,espn_team,total,1,1,0,supported,exact,available,frozen score model,unavailable,unavailable: training support below threshold,available,candle rule at prediction_as_of (frozen per-event contract rule),unavailable,unavailable: matched training support below threshold,1054
ligue1,Soccer,espn_team,game_winner,1,1,0,supported,exact,available,frozen score model,unavailable,unavailable: training support below threshold,available,candle rule at prediction_as_of (frozen per-event contract rule),unavailable,unavailable: matched training support below threshold,1050
ligue1,Soccer,espn_team,score_props,1,1,0,supported,exact,available,frozen score model,unavailable,unavailable: training support below threshold,unavailable,unavailable: score props: no new historical quotes by scope decision,unavailable,unavailable: score props: no new historical quotes by scope decision,241
ligue1,Soccer,espn_team,segment,7,7,0,supported,exact,available,frozen score model,unavailable,unavailable: training support below threshold,unavailable,unavailable: segment markets (quarters/halves/innings): no new historical quotes by scope decision,unavailable,unavailable: segment markets (quarters/halves/innings): no new historical quotes by scope decision,1008
ligue1,Soccer,espn_team,spread,1,1,0,supported,exact,available,frozen score model,unavailable,unavailable: training support below threshold,available,candle rule at prediction_as_of (frozen per-event contract rule),unavailable,unavailable: matched training support below threshold,999
ligue1,Soccer,espn_team,team_total,1,1,0,supported,exact,available,frozen score model,unavailable,unavailable: training support below threshold,available,candle rule at prediction_as_of (frozen per-event contract rule),unavailable,unavailable: matched training support below threshold,344
ligue1,Soccer,espn_team,total,1,1,0,supported,exact,available,frozen score model,unavailable,unavailable: training support below threshold,available,candle rule at prediction_as_of (frozen per-event contract rule),unavailable,unavailable: matched training support below threshold,1034
mls,Soccer,espn_team,game_winner,1,1,0,supported,exact,available,frozen score model,unavailable,unavailable: validation support below threshold,available,candle rule at prediction_as_of (frozen per-event contract rule),unavailable,unavailable: matched validation support below threshold,2166
mls,Soccer,espn_team,score_props,1,1,0,supported,exact,available,frozen score model,unavailable,unavailable: training support below threshold,unavailable,unavailable: score props: no new historical quotes by scope decision,unavailable,unavailable: score props: no new historical quotes by scope decision,405
mls,Soccer,espn_team,segment,7,7,0,supported,exact,available,frozen score model,unavailable,unavailable: training support below threshold,unavailable,unavailable: segment markets (quarters/halves/innings): no new historical quotes by scope decision,unavailable,unavailable: segment markets (quarters/halves/innings): no new historical quotes by scope decision,2411
mls,Soccer,espn_team,spread,1,1,0,supported,exact,available,frozen score model,unavailable,unavailable: training support below threshold,available,candle rule at prediction_as_of (frozen per-event contract rule),unavailable,unavailable: matched training support below threshold,1742
mls,Soccer,espn_team,team_total,1,1,0,supported,exact,available,frozen score model,unavailable,unavailable: training support below threshold,available,candle rule at prediction_as_of (frozen per-event contract rule),unavailable,unavailable: matched training support below threshold,1490
mls,Soccer,espn_team,total,1,1,0,supported,exact,available,frozen score model,unavailable,unavailable: training support below threshold,available,candle rule at prediction_as_of (frozen per-event contract rule),unavailable,unavailable: matched training support below threshold,2221
eflc,Soccer,espn_team,score_props,1,1,0,supported,exact,available,frozen score model,unavailable,unavailable: training support below threshold,unavailable,unavailable: score props: no new historical quotes by scope decision,unavailable,unavailable: score props: no new historical quotes by scope decision,95
eflc,Soccer,espn_team,segment,4,4,0,supported,exact,available,frozen score model,unavailable,unavailable: training support below threshold,unavailable,unavailable: segment markets (quarters/halves/innings): no new historical quotes by scope decision,unavailable,unavailable: segment markets (quarters/halves/innings): no new historical quotes by scope decision,855
eflc,Soccer,espn_team,spread,1,1,0,supported,exact,available,frozen score model,unavailable,unavailable: training support below threshold,available,candle rule at prediction_as_of (frozen per-event contract rule),unavailable,unavailable: matched training support below threshold,563
eflc,Soccer,espn_team,total,1,1,0,supported,exact,available,frozen score model,unavailable,unavailable: training support below threshold,available,candle rule at prediction_as_of (frozen per-event contract rule),unavailable,unavailable: matched training support below threshold,785
ligamx,Soccer,espn_team,game_winner,1,1,0,supported,exact,available,frozen score model,unavailable,unavailable: training support below threshold,available,candle rule at prediction_as_of (frozen per-event contract rule),unavailable,unavailable: matched training support below threshold,840
ligamx,Soccer,espn_team,score_props,1,1,0,supported,exact,available,frozen score model,unavailable,unavailable: training support below threshold,unavailable,unavailable: score props: no new historical quotes by scope decision,unavailable,unavailable: score props: no new historical quotes by scope decision,88
ligamx,Soccer,espn_team,segment,7,7,0,supported,exact,available,frozen score model,unavailable,unavailable: training support below threshold,unavailable,unavailable: segment markets (quarters/halves/innings): no new historical quotes by scope decision,unavailable,unavailable: segment markets (quarters/halves/innings): no new historical quotes by scope decision,1136
ligamx,Soccer,espn_team,spread,1,1,0,supported,exact,available,frozen score model,unavailable,unavailable: training support below threshold,available,candle rule at prediction_as_of (frozen per-event contract rule),unavailable,unavailable: matched training support below threshold,853
ligamx,Soccer,espn_team,team_total,1,1,0,supported,exact,available,frozen score model,unavailable,unavailable: training support below threshold,available,candle rule at prediction_as_of (frozen per-event contract rule),unavailable,unavailable: matched training support below threshold,674
ligamx,Soccer,espn_team,total,1,1,0,supported,exact,available,frozen score model,unavailable,unavailable: training support below threshold,available,candle rule at prediction_as_of (frozen per-event contract rule),unavailable,unavailable: matched training support below threshold,1025
eredivisie,Soccer,espn_team,game_winner,1,1,0,supported,exact,available,frozen score model,unavailable,unavailable: training support below threshold,available,candle rule at prediction_as_of (frozen per-event contract rule),unavailable,unavailable: matched training support below threshold,834
eredivisie,Soccer,espn_team,score_props,1,1,0,supported,exact,available,frozen score model,unavailable,unavailable: training support below threshold,unavailable,unavailable: score props: no new historical quotes by scope decision,unavailable,unavailable: score props: no new historical quotes by scope decision,62
eredivisie,Soccer,espn_team,segment,4,4,0,supported,exact,available,frozen score model,unavailable,unavailable: training support below threshold,unavailable,unavailable: segment markets (quarters/halves/innings): no new historical quotes by scope decision,unavailable,unavailable: segment markets (quarters/halves/innings): no new historical quotes by scope decision,558
eredivisie,Soccer,espn_team,spread,1,1,0,supported,exact,available,frozen score model,unavailable,unavailable: training support below threshold,available,candle rule at prediction_as_of (frozen per-event contract rule),unavailable,unavailable: matched training support below threshold,483
eredivisie,Soccer,espn_team,total,1,1,0,supported,exact,available,frozen score model,unavailable,unavailable: training support below threshold,available,candle rule at prediction_as_of (frozen per-event contract rule),unavailable,unavailable: matched training support below threshold,634
ligaportugal,Soccer,espn_team,game_winner,1,1,0,supported,exact,available,frozen score model,unavailable,unavailable: training support below threshold,available,candle rule at prediction_as_of (frozen per-event contract rule),unavailable,unavailable: matched training support below threshold,864
ligaportugal,Soccer,espn_team,score_props,1,1,0,supported,exact,available,frozen score model,unavailable,unavailable: training support below threshold,unavailable,unavailable: score props: no new historical quotes by scope decision,unavailable,unavailable: score props: no new historical quotes by scope decision,62
ligaportugal,Soccer,espn_team,segment,4,4,0,supported,exact,available,frozen score model,unavailable,unavailable: training support below threshold,unavailable,unavailable: segment markets (quarters/halves/innings): no new historical quotes by scope decision,unavailable,unavailable: segment markets (quarters/halves/innings): no new historical quotes by scope decision,558
ligaportugal,Soccer,espn_team,spread,1,1,0,supported,exact,available,frozen score model,unavailable,unavailable: training support below threshold,available,candle rule at prediction_as_of (frozen per-event contract rule),unavailable,unavailable: matched training support below threshold,301
ligaportugal,Soccer,espn_team,total,1,1,0,supported,exact,available,frozen score model,unavailable,unavailable: training support below threshold,available,candle rule at prediction_as_of (frozen per-event contract rule),unavailable,unavailable: matched training support below threshold,428
brasileiro,Soccer,espn_team,game_winner,1,1,0,supported,exact,available,frozen score model,unavailable,unavailable: training support below threshold,available,candle rule at prediction_as_of (frozen per-event contract rule),unavailable,unavailable: matched training support below threshold,1113
brasileiro,Soccer,espn_team,score_props,1,1,0,supported,exact,available,frozen score model,unavailable,unavailable: training support below threshold,unavailable,unavailable: score props: no new historical quotes by scope decision,unavailable,unavailable: score props: no new historical quotes by scope decision,109
brasileiro,Soccer,espn_team,segment,4,4,0,supported,exact,available,frozen score model,unavailable,unavailable: training support below threshold,unavailable,unavailable: segment markets (quarters/halves/innings): no new historical quotes by scope decision,unavailable,unavailable: segment markets (quarters/halves/innings): no new historical quotes by scope decision,981
brasileiro,Soccer,espn_team,spread,1,1,0,supported,exact,available,frozen score model,unavailable,unavailable: training support below threshold,available,candle rule at prediction_as_of (frozen per-event contract rule),unavailable,unavailable: matched training support below threshold,1118
brasileiro,Soccer,espn_team,team_total,1,1,0,supported,exact,available,frozen score model,unavailable,unavailable: training support below threshold,available,candle rule at prediction_as_of (frozen per-event contract rule),unavailable,unavailable: matched training support below threshold,808
brasileiro,Soccer,espn_team,total,1,1,0,supported,exact,available,frozen score model,unavailable,unavailable: training support below threshold,available,candle rule at prediction_as_of (frozen per-event contract rule),unavailable,unavailable: matched training support below threshold,1316
argentina,Soccer,espn_team,game_winner,1,1,0,supported,exact,available,frozen score model,unavailable,unavailable: training support below threshold,available,candle rule at prediction_as_of (frozen per-event contract rule),unavailable,unavailable: matched training support below threshold,1272
argentina,Soccer,espn_team,score_props,1,1,0,supported,exact,available,frozen score model,unavailable,unavailable: training support below threshold,unavailable,unavailable: score props: no new historical quotes by scope decision,unavailable,unavailable: score props: no new historical quotes by scope decision,171
argentina,Soccer,espn_team,spread,1,1,0,supported,exact,available,frozen score model,unavailable,unavailable: training support below threshold,available,candle rule at prediction_as_of (frozen per-event contract rule),unavailable,unavailable: matched training support below threshold,737
argentina,Soccer,espn_team,total,1,1,0,supported,exact,available,frozen score model,unavailable,unavailable: training support below threshold,available,candle rule at prediction_as_of (frozen per-event contract rule),unavailable,unavailable: matched training support below threshold,1064
saudi,Soccer,espn_team,game_winner,1,1,0,supported,exact,available,frozen score model,unavailable,unavailable: training support below threshold,available,candle rule at prediction_as_of (frozen per-event contract rule),unavailable,unavailable: matched training support below threshold,900
saudi,Soccer,espn_team,score_props,1,1,0,supported,exact,available,frozen score model,unavailable,unavailable: training support below threshold,unavailable,unavailable: score props: no new historical quotes by scope decision,unavailable,unavailable: score props: no new historical quotes by scope decision,63
saudi,Soccer,espn_team,segment,4,4,0,supported,exact,available,frozen score model,unavailable,unavailable: training support below threshold,unavailable,unavailable: segment markets (quarters/halves/innings): no new historical quotes by scope decision,unavailable,unavailable: segment markets (quarters/halves/innings): no new historical quotes by scope decision,567
saudi,Soccer,espn_team,spread,1,1,0,supported,exact,available,frozen score model,unavailable,unavailable: training support below threshold,available,candle rule at prediction_as_of (frozen per-event contract rule),unavailable,unavailable: matched training support below threshold,819
saudi,Soccer,espn_team,total,1,1,0,supported,exact,available,frozen score model,unavailable,unavailable: training support below threshold,available,candle rule at prediction_as_of (frozen per-event contract rule),unavailable,unavailable: matched training support below threshold,954
ucl,Soccer,espn_team,score_props,1,1,0,supported,exact,available,frozen score model,unavailable,unavailable: training support below threshold,unavailable,unavailable: score props: no new historical quotes by scope decision,unavailable,unavailable: score props: no new historical quotes by scope decision,105
ucl,Soccer,espn_team,segment,7,7,0,supported,exact,available,frozen score model,unavailable,unavailable: training support below threshold,unavailable,unavailable: segment markets (quarters/halves/innings): no new historical quotes by scope decision,unavailable,unavailable: segment markets (quarters/halves/innings): no new historical quotes by scope decision,207
ucl,Soccer,espn_team,spread,1,1,0,supported,exact,available,frozen score model,unavailable,unavailable: training support below threshold,available,candle rule at prediction_as_of (frozen per-event contract rule),unavailable,unavailable: matched training support below threshold,509
ucl,Soccer,espn_team,team_total,1,1,0,supported,exact,available,frozen score model,unavailable,unavailable: training support below threshold,available,candle rule at prediction_as_of (frozen per-event contract rule),unavailable,unavailable: matched training support below threshold,52
ucl,Soccer,espn_team,total,1,1,0,supported,exact,available,frozen score model,unavailable,unavailable: training support below threshold,available,candle rule at prediction_as_of (frozen per-event contract rule),unavailable,unavailable: matched training support below threshold,476
uel,Soccer,espn_team,game_winner,1,1,0,supported,exact,available,frozen score model,unavailable,unavailable: training support below threshold,available,candle rule at prediction_as_of (frozen per-event contract rule),unavailable,unavailable: matched training support below threshold,408
uel,Soccer,espn_team,score_props,1,1,0,supported,exact,available,frozen score model,unavailable,unavailable: training support below threshold,unavailable,unavailable: score props: no new historical quotes by scope decision,unavailable,unavailable: score props: no new historical quotes by scope decision,6
uel,Soccer,espn_team,segment,4,4,0,supported,exact,available,frozen score model,unavailable,unavailable: training support below threshold,unavailable,unavailable: segment markets (quarters/halves/innings): no new historical quotes by scope decision,unavailable,unavailable: segment markets (quarters/halves/innings): no new historical quotes by scope decision,24
uel,Soccer,espn_team,spread,1,1,0,supported,exact,available,frozen score model,unavailable,unavailable: training support below threshold,available,candle rule at prediction_as_of (frozen per-event contract rule),unavailable,unavailable: matched training support below threshold,185
uel,Soccer,espn_team,team_total,1,1,0,supported,exact,available,frozen score model,unavailable,unavailable: training support below threshold,available,candle rule at prediction_as_of (frozen per-event contract rule),unavailable,unavailable: matched training support below threshold,9
uel,Soccer,espn_team,total,1,1,0,supported,exact,available,frozen score model,unavailable,unavailable: training support below threshold,available,candle rule at prediction_as_of (frozen per-event contract rule),unavailable,unavailable: matched training support below threshold,189
uecl,Soccer,espn_team,game_winner,1,1,0,supported,exact,available,frozen score model,unavailable,unavailable: training support below threshold,available,candle rule at prediction_as_of (frozen per-event contract rule),unavailable,unavailable: matched training support below threshold,348
uecl,Soccer,espn_team,score_props,1,1,0,supported,exact,available,frozen score model,unavailable,unavailable: training support below threshold,unavailable,unavailable: score props: no new historical quotes by scope decision,unavailable,unavailable: score props: no new historical quotes by scope decision,5
uecl,Soccer,espn_team,segment,4,1,3,supported,exact,available,frozen score model; series failed or unreconciled in the sports_phase1_v2 gate (never scored),unavailable,unavailable: training support below threshold,unavailable,unavailable: segment markets (quarters/halves/innings): no new historical quotes by scope decision,unavailable,unavailable: segment markets (quarters/halves/innings): no new historical quotes by scope decision,15
uecl,Soccer,espn_team,spread,1,1,0,supported,exact,available,frozen score model,unavailable,unavailable: training support below threshold,available,candle rule at prediction_as_of (frozen per-event contract rule),unavailable,unavailable: matched training support below threshold,20
uecl,Soccer,espn_team,team_total,1,0,1,supported,exact,unavailable,series failed or unreconciled in the sports_phase1_v2 gate (never scored),unavailable,no sports_phase2_v1 group,unavailable,candle rule at prediction_as_of (frozen per-event contract rule),unavailable,no sports_phase2_v1 group,0
uecl,Soccer,espn_team,total,1,1,0,supported,exact,available,frozen score model,unavailable,unavailable: training support below threshold,available,candle rule at prediction_as_of (frozen per-event contract rule),unavailable,unavailable: matched training support below threshold,20
bundesliga2,Soccer,espn_team,game_winner,1,1,0,supported,exact,available,frozen score model,unavailable,unavailable: training support below threshold,available,candle rule at prediction_as_of (frozen per-event contract rule),unavailable,unavailable: matched training support below threshold,513
bundesliga2,Soccer,espn_team,score_props,1,1,0,supported,exact,available,frozen score model,unavailable,unavailable: training support below threshold,unavailable,unavailable: score props: no new historical quotes by scope decision,unavailable,unavailable: score props: no new historical quotes by scope decision,54
bundesliga2,Soccer,espn_team,spread,1,1,0,supported,exact,available,frozen score model,unavailable,unavailable: training support below threshold,available,candle rule at prediction_as_of (frozen per-event contract rule),unavailable,unavailable: matched training support below threshold,257
bundesliga2,Soccer,espn_team,total,1,1,0,supported,exact,available,frozen score model,unavailable,unavailable: training support below threshold,available,candle rule at prediction_as_of (frozen per-event contract rule),unavailable,unavailable: matched training support below threshold,413
ufc,MMA,espn_fight,game_winner,1,1,0,supported,exact,available,frozen elo model,unavailable,unavailable: training support below threshold,available,candle rule at prediction_as_of (frozen per-event contract rule),unavailable,unavailable: matched training support below threshold,1275
ufc,MMA,espn_fight,score_props,1,1,0,supported,exact,available,frozen score model,unavailable,unavailable: training support below threshold,unavailable,unavailable: score props: no new historical quotes by scope decision,unavailable,unavailable: score props: no new historical quotes by scope decision,428
pga,Golf,espn_golf,field_finish,4,4,0,supported,field_assumption_differs,available,frozen score model (prediction-time field; not exactly comparable),unavailable,unavailable: training support below threshold,unavailable,unavailable: field finish (golf/F1): no new historical quotes by scope decision,unavailable,unavailable: field finish (golf/F1): no new historical quotes by scope decision,20750
f1,Motorsport,jolpica,field_finish,4,0,4,unsupported,,unavailable,"live adapter unsupported: the frozen F1 field model needs the race entrant list; Jolpica publishes entrants only with results, so no prediction-time field source exists",unavailable,unavailable: training support below threshold,unavailable,unavailable: field finish (golf/F1): no new historical quotes by scope decision,unavailable,unavailable: field finish (golf/F1): no new historical quotes by scope decision,2190
k_kxaflgame,Aussie Rules,kalshi_only,game_winner,1,1,0,supported,exact,available,frozen elo model,unavailable,unavailable: training support below threshold,available,candle rule at prediction_as_of (frozen per-event contract rule),unavailable,unavailable: matched training support below threshold,430
k_kxnpbgame,Baseball,kalshi_only,game_winner,1,1,0,supported,exact,available,frozen elo model,unavailable,unavailable: training support below threshold,available,candle rule at prediction_as_of (frozen per-event contract rule),unavailable,unavailable: matched training support below threshold,1658
k_kxkbogame,Baseball,kalshi_only,game_winner,1,1,0,supported,exact,available,frozen elo model,unavailable,unavailable: training support below threshold,available,candle rule at prediction_as_of (frozen per-event contract rule),unavailable,unavailable: matched training support below threshold,1364
k_kxwbcgame,Baseball,kalshi_only,game_winner,1,1,0,supported,exact,available,frozen elo model,unavailable,unavailable: training support below threshold,available,candle rule at prediction_as_of (frozen per-event contract rule),unavailable,unavailable: matched training support below threshold,148
k_kxncaabbgame,Baseball,kalshi_only,game_winner,1,1,0,supported,exact,available,frozen elo model,unavailable,unavailable: training support below threshold,available,candle rule at prediction_as_of (frozen per-event contract rule),unavailable,unavailable: matched training support below threshold,14344
k_kxmlbworld,Baseball,kalshi_only,game_winner,1,1,0,supported,exact,available,frozen elo model,unavailable,no sports_phase2_v1 group,available,candle rule at prediction_as_of (frozen per-event contract rule),unavailable,no sports_phase2_v1 group,0
k_kxlmbgame,Baseball,kalshi_only,game_winner,1,1,0,supported,exact,available,frozen elo model,unavailable,unavailable: training support below threshold,available,candle rule at prediction_as_of (frozen per-event contract rule),unavailable,unavailable: matched training support below threshold,808
k_kxncaasbgame,Baseball,kalshi_only,game_winner,1,1,0,supported,exact,available,frozen elo model,unavailable,unavailable: training support below threshold,available,candle rule at prediction_as_of (frozen per-event contract rule),unavailable,unavailable: matched training support below threshold,24
k_kxmilbgame,Baseball,kalshi_only,game_winner,1,1,0,supported,exact,available,frozen elo model,unavailable,no sports_phase2_v1 group,available,candle rule at prediction_as_of (frozen per-event contract rule),unavailable,no sports_phase2_v1 group,0
k_kxnbasummergame,Basketball,kalshi_only,game_winner,1,1,0,supported,exact,available,frozen elo model,unavailable,unavailable: training support below threshold,available,candle rule at prediction_as_of (frozen per-event contract rule),unavailable,unavailable: matched training support below threshold,186
k_kxeuroleaguegame,Basketball,kalshi_only,game_winner,1,1,0,supported,exact,available,frozen elo model,unavailable,unavailable: training support below threshold,available,candle rule at prediction_as_of (frozen per-event contract rule),unavailable,unavailable: matched training support below threshold,682
k_kxwmarmad,Basketball,kalshi_only,game_winner,1,1,0,supported,exact,available,frozen elo model,unavailable,unavailable: training support below threshold,available,candle rule at prediction_as_of (frozen per-event contract rule),unavailable,unavailable: matched training support below threshold,64
k_kxcbagame,Basketball,kalshi_only,game_winner,1,1,0,supported,exact,available,frozen elo model,unavailable,unavailable: training support below threshold,available,candle rule at prediction_as_of (frozen per-event contract rule),unavailable,unavailable: matched training support below threshold,892
k_kxfibagame,Basketball,kalshi_only,game_winner,1,1,0,supported,exact,available,frozen elo model,unavailable,unavailable: training support below threshold,available,candle rule at prediction_as_of (frozen per-event contract rule),unavailable,unavailable: matched training support below threshold,462
k_kxnblgame,Basketball,kalshi_only,game_winner,1,1,0,supported,exact,available,frozen elo model,unavailable,unavailable: training support below threshold,available,candle rule at prediction_as_of (frozen per-event contract rule),unavailable,unavailable: matched training support below threshold,258
k_kxjbleaguegame,Basketball,kalshi_only,game_winner,1,1,0,supported,exact,available,frozen elo model,unavailable,unavailable: training support below threshold,available,candle rule at prediction_as_of (frozen per-event contract rule),unavailable,unavailable: matched training support below threshold,740
k_kxkblgame,Basketball,kalshi_only,game_winner,1,1,0,supported,exact,available,frozen elo model,unavailable,unavailable: training support below threshold,available,candle rule at prediction_as_of (frozen per-event contract rule),unavailable,unavailable: matched training support below threshold,266
k_kxbblgame,Basketball,kalshi_only,game_winner,1,1,0,supported,exact,available,frozen elo model,unavailable,unavailable: training support below threshold,available,candle rule at prediction_as_of (frozen per-event contract rule),unavailable,unavailable: matched training support below threshold,404
k_kxeurocupgame,Basketball,kalshi_only,game_winner,1,1,0,supported,exact,available,frozen elo model,unavailable,unavailable: training support below threshold,available,candle rule at prediction_as_of (frozen per-event contract rule),unavailable,unavailable: matched training support below threshold,258
k_kxlnbpgame,Basketball,kalshi_only,game_winner,1,1,0,supported,exact,available,frozen elo model,unavailable,unavailable: training support below threshold,available,candle rule at prediction_as_of (frozen per-event contract rule),unavailable,unavailable: matched training support below threshold,382
k_kxacbgame,Basketball,kalshi_only,game_winner,1,1,0,supported,exact,available,frozen elo model,unavailable,unavailable: training support below threshold,available,candle rule at prediction_as_of (frozen per-event contract rule),unavailable,unavailable: matched training support below threshold,348
k_kxbslgame,Basketball,kalshi_only,game_winner,1,1,0,supported,exact,available,frozen elo model,unavailable,unavailable: training support below threshold,available,candle rule at prediction_as_of (frozen per-event contract rule),unavailable,unavailable: matched training support below threshold,256
k_kxlnbelitegame,Basketball,kalshi_only,game_winner,1,1,0,supported,exact,available,frozen elo model,unavailable,unavailable: training support below threshold,available,candle rule at prediction_as_of (frozen per-event contract rule),unavailable,unavailable: matched training support below threshold,332
k_kxwfibagame,Basketball,kalshi_only,game_winner,1,1,0,supported,exact,available,frozen elo model,unavailable,unavailable: training support below threshold,available,candle rule at prediction_as_of (frozen per-event contract rule),unavailable,unavailable: matched training support below threshold,72
k_kxislgame,Basketball,kalshi_only,game_winner,1,1,0,supported,exact,available,frozen elo model,unavailable,unavailable: training support below threshold,available,candle rule at prediction_as_of (frozen per-event contract rule),unavailable,unavailable: matched training support below threshold,186
k_kxabagame,Basketball,kalshi_only,game_winner,1,1,0,supported,exact,available,frozen elo model,unavailable,unavailable: training support below threshold,available,candle rule at prediction_as_of (frozen per-event contract rule),unavailable,unavailable: matched training support below threshold,232
k_kxvtbgame,Basketball,kalshi_only,game_winner,1,1,0,supported,exact,available,frozen elo model,unavailable,unavailable: training support below threshold,available,candle rule at prediction_as_of (frozen per-event contract rule),unavailable,unavailable: matched training support below threshold,248
k_kxbbserieagame,Basketball,kalshi_only,game_winner,1,1,0,supported,exact,available,frozen elo model,unavailable,unavailable: training support below threshold,available,candle rule at prediction_as_of (frozen per-event contract rule),unavailable,unavailable: matched training support below threshold,246
k_kxgblgame,Basketball,kalshi_only,game_winner,1,1,0,supported,exact,available,frozen elo model,unavailable,unavailable: training support below threshold,available,candle rule at prediction_as_of (frozen per-event contract rule),unavailable,unavailable: matched training support below threshold,136
k_kxnznblgame,Basketball,kalshi_only,game_winner,1,1,0,supported,exact,available,frozen elo model,unavailable,unavailable: training support below threshold,available,candle rule at prediction_as_of (frozen per-event contract rule),unavailable,unavailable: matched training support below threshold,200
k_kxbsngame,Basketball,kalshi_only,game_winner,1,1,0,supported,exact,available,frozen elo model,unavailable,unavailable: training support below threshold,available,candle rule at prediction_as_of (frozen per-event contract rule),unavailable,unavailable: matched training support below threshold,254
k_kxncaambcbc,Basketball,kalshi_only,game_winner,1,1,0,supported,exact,available,frozen elo model,unavailable,no sports_phase2_v1 group,available,candle rule at prediction_as_of (frozen per-event contract rule),unavailable,no sports_phase2_v1 group,0
k_kxfibaecupgame,Basketball,kalshi_only,game_winner,1,1,0,supported,exact,available,frozen elo model,unavailable,unavailable: training support below threshold,available,candle rule at prediction_as_of (frozen per-event contract rule),unavailable,unavailable: matched training support below threshold,74
k_kxarglnbgame,Basketball,kalshi_only,game_winner,1,1,0,supported,exact,available,frozen elo model,unavailable,unavailable: training support below threshold,available,candle rule at prediction_as_of (frozen per-event contract rule),unavailable,unavailable: matched training support below threshold,460
k_kxpbagame,Basketball,kalshi_only,game_winner,1,1,0,supported,exact,available,frozen elo model,unavailable,unavailable: training support below threshold,available,candle rule at prediction_as_of (frozen per-event contract rule),unavailable,unavailable: matched training support below threshold,60
k_kxnbbgame,Basketball,kalshi_only,game_winner,1,1,0,supported,exact,available,frozen elo model,unavailable,unavailable: training support below threshold,available,candle rule at prediction_as_of (frozen per-event contract rule),unavailable,unavailable: matched training support below threshold,20
k_kxvbagame,Basketball,kalshi_only,game_winner,1,1,0,supported,exact,available,frozen elo model,unavailable,unavailable: training support below threshold,available,candle rule at prediction_as_of (frozen per-event contract rule),unavailable,unavailable: matched training support below threshold,128
k_kxplkgame,Basketball,kalshi_only,game_winner,1,1,0,supported,exact,available,frozen elo model,unavailable,unavailable: training support below threshold,available,candle rule at prediction_as_of (frozen per-event contract rule),unavailable,unavailable: matched training support below threshold,28
k_kxtatumreturn,Basketball,kalshi_only,game_winner,1,1,0,supported,exact,available,frozen elo model,unavailable,no sports_phase2_v1 group,available,candle rule at prediction_as_of (frozen per-event contract rule),unavailable,no sports_phase2_v1 group,0
k_kxbilgame,Basketball,kalshi_only,game_winner,1,1,0,supported,exact,available,frozen elo model,unavailable,no sports_phase2_v1 group,available,candle rule at prediction_as_of (frozen per-event contract rule),unavailable,no sports_phase2_v1 group,0
k_kxspbgame,Basketball,kalshi_only,game_winner,1,1,0,supported,exact,available,frozen elo model,unavailable,unavailable: training support below threshold,available,candle rule at prediction_as_of (frozen per-event contract rule),unavailable,unavailable: matched training support below threshold,34
k_kxnbaallstar,Basketball,kalshi_only,game_winner,1,1,0,supported,exact,available,frozen elo model,unavailable,no sports_phase2_v1 group,available,candle rule at prediction_as_of (frozen per-event contract rule),unavailable,no sports_phase2_v1 group,0
k_kxbbseriebgame,Basketball,kalshi_only,game_winner,1,1,0,supported,exact,available,frozen elo model,unavailable,unavailable: training support below threshold,available,candle rule at prediction_as_of (frozen per-event contract rule),unavailable,unavailable: matched training support below threshold,38
k_kxtbtgame,Basketball,kalshi_only,game_winner,1,1,0,supported,exact,available,frozen elo model,unavailable,unavailable: training support below threshold,available,candle rule at prediction_as_of (frozen per-event contract rule),unavailable,unavailable: matched training support below threshold,42
k_kxsowbballgame,Basketball,kalshi_only,game_winner,1,1,0,supported,exact,available,frozen elo model,unavailable,unavailable: training support below threshold,available,candle rule at prediction_as_of (frozen per-event contract rule),unavailable,unavailable: matched training support below threshold,30
k_kxunrivaledgame,Basketball,kalshi_only,game_winner,1,1,0,supported,exact,available,frozen elo model,unavailable,unavailable: training support below threshold,available,candle rule at prediction_as_of (frozen per-event contract rule),unavailable,unavailable: matched training support below threshold,66
k_kxlpbgame,Basketball,kalshi_only,game_winner,1,1,0,supported,exact,available,frozen elo model,unavailable,unavailable: training support below threshold,available,candle rule at prediction_as_of (frozen per-event contract rule),unavailable,unavailable: matched training support below threshold,14
k_kxkorisliigagame,Basketball,kalshi_only,game_winner,1,1,0,supported,exact,available,frozen elo model,unavailable,unavailable: training support below threshold,available,candle rule at prediction_as_of (frozen per-event contract rule),unavailable,unavailable: matched training support below threshold,32
k_kxbbintlgame,Basketball,kalshi_only,game_winner,1,1,0,supported,exact,available,frozen elo model,unavailable,unavailable: training support below threshold,available,candle rule at prediction_as_of (frozen per-event contract rule),unavailable,unavailable: matched training support below threshold,22
k_kxjudgementdaygame,Basketball,kalshi_only,game_winner,1,1,0,supported,exact,available,frozen elo model,unavailable,no sports_phase2_v1 group,available,candle rule at prediction_as_of (frozen per-event contract rule),unavailable,no sports_phase2_v1 group,0
k_kxczenblgame,Basketball,kalshi_only,game_winner,1,1,0,supported,exact,available,frozen elo model,unavailable,unavailable: training support below threshold,available,candle rule at prediction_as_of (frozen per-event contract rule),unavailable,unavailable: matched training support below threshold,48
k_kxlklgame,Basketball,kalshi_only,game_winner,1,1,0,supported,exact,available,frozen elo model,unavailable,unavailable: training support below threshold,available,candle rule at prediction_as_of (frozen per-event contract rule),unavailable,unavailable: matched training support below threshold,24
k_kxbalgame,Basketball,kalshi_only,game_winner,1,1,0,supported,exact,available,frozen elo model,unavailable,unavailable: training support below threshold,available,candle rule at prediction_as_of (frozen per-event contract rule),unavailable,unavailable: matched training support below threshold,74
k_kxceblgame,Basketball,kalshi_only,game_winner,1,1,0,supported,exact,available,frozen elo model,unavailable,unavailable: training support below threshold,available,candle rule at prediction_as_of (frozen per-event contract rule),unavailable,unavailable: matched training support below threshold,36
k_kxsklgame,Basketball,kalshi_only,game_winner,1,1,0,supported,exact,available,frozen elo model,unavailable,unavailable: training support below threshold,available,candle rule at prediction_as_of (frozen per-event contract rule),unavailable,unavailable: matched training support below threshold,22
k_kxbig3game,Basketball,kalshi_only,game_winner,1,1,0,supported,exact,available,frozen elo model,unavailable,unavailable: training support below threshold,available,candle rule at prediction_as_of (frozen per-event contract rule),unavailable,unavailable: matched training support below threshold,70
k_kxlnbelite2game,Basketball,kalshi_only,game_winner,1,1,0,supported,exact,available,frozen elo model,unavailable,unavailable: training support below threshold,available,candle rule at prediction_as_of (frozen per-event contract rule),unavailable,unavailable: matched training support below threshold,40
k_kxautbslgame,Basketball,kalshi_only,game_winner,1,1,0,supported,exact,available,frozen elo model,unavailable,unavailable: training support below threshold,available,candle rule at prediction_as_of (frozen per-event contract rule),unavailable,unavailable: matched training support below threshold,30
k_kxbilbasketball,Basketball,kalshi_only,game_winner,1,1,0,supported,exact,available,frozen elo model,unavailable,no sports_phase2_v1 group,available,candle rule at prediction_as_of (frozen per-event contract rule),unavailable,no sports_phase2_v1 group,0
k_kxdbbgame,Basketball,kalshi_only,game_winner,1,1,0,supported,exact,available,frozen elo model,unavailable,unavailable: training support below threshold,available,candle rule at prediction_as_of (frozen per-event contract rule),unavailable,unavailable: matched training support below threshold,8
k_kxsblgame,Basketball,kalshi_only,game_winner,1,1,0,supported,exact,available,frozen elo model,unavailable,unavailable: training support below threshold,available,candle rule at prediction_as_of (frozen per-event contract rule),unavailable,unavailable: matched training support below threshold,32
k_kxphklgame,Basketball,kalshi_only,game_winner,1,1,0,supported,exact,available,frozen elo model,unavailable,unavailable: training support below threshold,available,candle rule at prediction_as_of (frozen per-event contract rule),unavailable,unavailable: matched training support below threshold,24
k_kxlbpgame,Basketball,kalshi_only,game_winner,1,1,0,supported,exact,available,frozen elo model,unavailable,unavailable: training support below threshold,available,candle rule at prediction_as_of (frozen per-event contract rule),unavailable,unavailable: matched training support below threshold,20
k_kxsesblgame,Basketball,kalshi_only,game_winner,1,1,0,supported,exact,available,frozen elo model,unavailable,unavailable: training support below threshold,available,candle rule at prediction_as_of (frozen per-event contract rule),unavailable,unavailable: matched training support below threshold,28
k_kxbbseriea2game,Basketball,kalshi_only,game_winner,1,1,0,supported,exact,available,frozen elo model,unavailable,unavailable: training support below threshold,available,candle rule at prediction_as_of (frozen per-event contract rule),unavailable,unavailable: matched training support below threshold,40
k_kxbdsftchallenge,Basketball,kalshi_only,game_winner,1,1,0,supported,exact,available,frozen elo model,unavailable,no sports_phase2_v1 group,available,candle rule at prediction_as_of (frozen per-event contract rule),unavailable,no sports_phase2_v1 group,0
k_kxslbgame,Basketball,kalshi_only,game_winner,1,1,0,supported,exact,available,frozen elo model,unavailable,unavailable: training support below threshold,available,candle rule at prediction_as_of (frozen per-event contract rule),unavailable,unavailable: matched training support below threshold,20
k_kxotdbasketball,Basketball,kalshi_only,game_winner,1,1,0,supported,exact,available,frozen elo model,unavailable,no sports_phase2_v1 group,available,candle rule at prediction_as_of (frozen per-event contract rule),unavailable,no sports_phase2_v1 group,0
k_kxtncbasketball,Basketball,kalshi_only,game_winner,1,1,0,supported,exact,available,frozen elo model,unavailable,no sports_phase2_v1 group,available,candle rule at prediction_as_of (frozen per-event contract rule),unavailable,no sports_phase2_v1 group,0
k_kxfloydtysonfight,Boxing,kalshi_only,game_winner,1,1,0,supported,exact,available,frozen elo model,unavailable,no sports_phase2_v1 group,available,candle rule at prediction_as_of (frozen per-event contract rule),unavailable,no sports_phase2_v1 group,0
k_kxfuryjoshua,Boxing,kalshi_only,game_winner,1,1,0,supported,exact,available,frozen elo model,unavailable,no sports_phase2_v1 group,available,candle rule at prediction_as_of (frozen per-event contract rule),unavailable,no sports_phase2_v1 group,0
k_kxtitledtuesday,Chess,kalshi_only,game_winner,1,1,0,supported,exact,available,frozen elo model,unavailable,no sports_phase2_v1 group,available,candle rule at prediction_as_of (frozen per-event contract rule),unavailable,no sports_phase2_v1 group,0
k_kxchessmatch,Chess,kalshi_only,game_winner,1,1,0,supported,exact,available,frozen elo model,unavailable,no sports_phase2_v1 group,available,candle rule at prediction_as_of (frozen per-event contract rule),unavailable,no sports_phase2_v1 group,0
k_kxiplgame,Cricket,kalshi_only,game_winner,1,1,0,supported,exact,available,frozen elo model,unavailable,unavailable: training support below threshold,available,candle rule at prediction_as_of (frozen per-event contract rule),unavailable,unavailable: matched training support below threshold,146
k_kxt20match,Cricket,kalshi_only,game_winner,1,1,0,supported,exact,available,frozen elo model,unavailable,unavailable: training support below threshold,available,candle rule at prediction_as_of (frozen per-event contract rule),unavailable,unavailable: matched training support below threshold,2728
k_kxodimatch,Cricket,kalshi_only,game_winner,1,1,0,supported,exact,available,frozen elo model,unavailable,unavailable: training support below threshold,available,candle rule at prediction_as_of (frozen per-event contract rule),unavailable,unavailable: matched training support below threshold,278
k_kxcplmatch,Cricket,kalshi_only,game_winner,1,1,0,supported,exact,available,frozen elo model,unavailable,unavailable: training support below threshold,available,candle rule at prediction_as_of (frozen per-event contract rule),unavailable,unavailable: matched training support below threshold,76
k_kxwt20match,Cricket,kalshi_only,game_winner,1,1,0,supported,exact,available,frozen elo model,unavailable,unavailable: training support below threshold,available,candle rule at prediction_as_of (frozen per-event contract rule),unavailable,unavailable: matched training support below threshold,606
k_kxhundredmatch,Cricket,kalshi_only,game_winner,1,1,0,supported,exact,available,frozen elo model,unavailable,unavailable: training support below threshold,available,candle rule at prediction_as_of (frozen per-event contract rule),unavailable,unavailable: matched training support below threshold,56
k_kxwhundredmatch,Cricket,kalshi_only,game_winner,1,1,0,supported,exact,available,frozen elo model,unavailable,unavailable: training support below threshold,available,candle rule at prediction_as_of (frozen per-event contract rule),unavailable,unavailable: matched training support below threshold,52
k_kxtestmatch,Cricket,kalshi_only,game_winner,1,1,0,supported,exact,available,frozen elo model,unavailable,unavailable: training support below threshold,available,candle rule at prediction_as_of (frozen per-event contract rule),unavailable,unavailable: matched training support below threshold,40
k_kxipl,Cricket,kalshi_only,game_winner,1,1,0,supported,exact,available,frozen elo model,unavailable,no sports_phase2_v1 group,available,candle rule at prediction_as_of (frozen per-event contract rule),unavailable,no sports_phase2_v1 group,0
k_kxpslgame,Cricket,kalshi_only,game_winner,1,1,0,supported,exact,available,frozen elo model,unavailable,unavailable: training support below threshold,available,candle rule at prediction_as_of (frozen per-event contract rule),unavailable,unavailable: matched training support below threshold,80
k_kxlplmatch,Cricket,kalshi_only,game_winner,1,1,0,supported,exact,available,frozen elo model,unavailable,unavailable: training support below threshold,available,candle rule at prediction_as_of (frozen per-event contract rule),unavailable,unavailable: matched training support below threshold,26
k_kxcricketodimatch,Cricket,kalshi_only,game_winner,1,1,0,supported,exact,available,frozen elo model,unavailable,unavailable: training support below threshold,available,candle rule at prediction_as_of (frozen per-event contract rule),unavailable,unavailable: matched training support below threshold,46
k_kxwodimatch,Cricket,kalshi_only,game_winner,1,1,0,supported,exact,available,frozen elo model,unavailable,unavailable: training support below threshold,available,candle rule at prediction_as_of (frozen per-event contract rule),unavailable,unavailable: matched training support below threshold,40
k_kxcrickett20imatch,Cricket,kalshi_only,game_winner,1,1,0,supported,exact,available,frozen elo model,unavailable,unavailable: training support below threshold,available,candle rule at prediction_as_of (frozen per-event contract rule),unavailable,unavailable: matched training support below threshold,130
k_kxcrickettestmatch,Cricket,kalshi_only,game_winner,1,1,0,supported,exact,available,frozen elo model,unavailable,unavailable: training support below threshold,available,candle rule at prediction_as_of (frozen per-event contract rule),unavailable,unavailable: matched training support below threshold,10
k_kxwt20worldcup,Cricket,kalshi_only,game_winner,1,1,0,supported,exact,available,frozen elo model,unavailable,no sports_phase2_v1 group,available,candle rule at prediction_as_of (frozen per-event contract rule),unavailable,no sports_phase2_v1 group,0
k_kxwtestmatch,Cricket,kalshi_only,game_winner,1,1,0,supported,exact,available,frozen elo model,unavailable,unavailable: training support below threshold,available,candle rule at prediction_as_of (frozen per-event contract rule),unavailable,unavailable: matched training support below threshold,2
k_kxt20canadamatch,Cricket,kalshi_only,game_winner,1,1,0,supported,exact,available,frozen elo model,unavailable,no sports_phase2_v1 group,available,candle rule at prediction_as_of (frozen per-event contract rule),unavailable,no sports_phase2_v1 group,0
k_kxwplgame,Cricket,kalshi_only,game_winner,1,1,0,supported,exact,available,frozen elo model,unavailable,unavailable: training support below threshold,available,candle rule at prediction_as_of (frozen per-event contract rule),unavailable,unavailable: matched training support below threshold,20
k_kxsshieldmatch,Cricket,kalshi_only,game_winner,1,1,0,supported,exact,available,frozen elo model,unavailable,no sports_phase2_v1 group,available,candle rule at prediction_as_of (frozen per-event contract rule),unavailable,no sports_phase2_v1 group,0
k_kxdartsmatch,Darts,kalshi_only,game_winner,1,1,0,supported,exact,available,frozen elo model,unavailable,unavailable: training support below threshold,available,candle rule at prediction_as_of (frozen per-event contract rule),unavailable,unavailable: matched training support below threshold,1244
k_kxcs2game,Esports,kalshi_only,game_winner,1,1,0,supported,exact,available,frozen elo model,unavailable,unavailable: training support below threshold,available,candle rule at prediction_as_of (frozen per-event contract rule),unavailable,unavailable: matched training support below threshold,6836
k_kxlolgame,Esports,kalshi_only,game_winner,1,1,0,supported,exact,available,frozen elo model,unavailable,unavailable: training support below threshold,available,candle rule at prediction_as_of (frozen per-event contract rule),unavailable,unavailable: matched training support below threshold,3554
k_kxvalorantgame,Esports,kalshi_only,game_winner,1,1,0,supported,exact,available,frozen elo model,unavailable,unavailable: training support below threshold,available,candle rule at prediction_as_of (frozen per-event contract rule),unavailable,unavailable: matched training support below threshold,2424
k_kxdota2game,Esports,kalshi_only,game_winner,1,1,0,supported,exact,available,frozen elo model,unavailable,unavailable: training support below threshold,available,candle rule at prediction_as_of (frozen per-event contract rule),unavailable,unavailable: matched training support below threshold,1802
k_kxcodgame,Esports,kalshi_only,game_winner,1,1,0,supported,exact,available,frozen elo model,unavailable,unavailable: training support below threshold,available,candle rule at prediction_as_of (frozen per-event contract rule),unavailable,unavailable: matched training support below threshold,548
k_kxcsgogame,Esports,kalshi_only,game_winner,1,1,0,supported,exact,available,frozen elo model,unavailable,unavailable: training support below threshold,available,candle rule at prediction_as_of (frozen per-event contract rule),unavailable,unavailable: matched training support below threshold,206
k_kxr6game,Esports,kalshi_only,game_winner,1,1,0,supported,exact,available,frozen elo model,unavailable,unavailable: training support below threshold,available,candle rule at prediction_as_of (frozen per-event contract rule),unavailable,unavailable: matched training support below threshold,804
k_kxlolgames,Esports,kalshi_only,game_winner,1,1,0,supported,exact,available,frozen elo model,unavailable,no sports_phase2_v1 group,available,candle rule at prediction_as_of (frozen per-event contract rule),unavailable,no sports_phase2_v1 group,0
k_kxowgame,Esports,kalshi_only,game_winner,1,1,0,supported,exact,available,frozen elo model,unavailable,unavailable: training support below threshold,available,candle rule at prediction_as_of (frozen per-event contract rule),unavailable,unavailable: matched training support below threshold,572
k_kxrlgame,Esports,kalshi_only,game_winner,1,1,0,supported,exact,available,frozen elo model,unavailable,unavailable: training support below threshold,available,candle rule at prediction_as_of (frozen per-event contract rule),unavailable,unavailable: matched training support below threshold,86
k_kxesoccergame,Esports,kalshi_only,game_winner,1,1,0,supported,exact,available,frozen elo model,unavailable,no sports_phase2_v1 group,available,candle rule at prediction_as_of (frozen per-event contract rule),unavailable,no sports_phase2_v1 group,0
k_kxfortnite,Esports,kalshi_only,game_winner,1,1,0,supported,exact,available,frozen elo model,unavailable,no sports_phase2_v1 group,available,candle rule at prediction_as_of (frozen per-event contract rule),unavailable,no sports_phase2_v1 group,0
k_kxebasketballgame,Esports,kalshi_only,game_winner,1,1,0,supported,exact,available,frozen elo model,unavailable,no sports_phase2_v1 group,available,candle rule at prediction_as_of (frozen per-event contract rule),unavailable,no sports_phase2_v1 group,0
k_kxcflgame,Football,kalshi_only,game_winner,1,1,0,supported,exact,available,frozen elo model,unavailable,unavailable: training support below threshold,available,candle rule at prediction_as_of (frozen per-event contract rule),unavailable,unavailable: matched training support below threshold,138
k_kxuflgame,Football,kalshi_only,game_winner,1,1,0,supported,exact,available,frozen elo model,unavailable,unavailable: training support below threshold,available,candle rule at prediction_as_of (frozen per-event contract rule),unavailable,unavailable: matched training support below threshold,78
k_kx1sthomegame,Football,kalshi_only,game_winner,1,1,0,supported,exact,available,frozen elo model,unavailable,no sports_phase2_v1 group,available,candle rule at prediction_as_of (frozen per-event contract rule),unavailable,no sports_phase2_v1 group,0
k_kxgreycup,Football,kalshi_only,game_winner,1,1,0,supported,exact,available,frozen elo model,unavailable,no sports_phase2_v1 group,available,candle rule at prediction_as_of (frozen per-event contract rule),unavailable,no sports_phase2_v1 group,0
k_kxnflcelebritygame,Football,kalshi_only,game_winner,1,1,0,supported,exact,available,frozen elo model,unavailable,no sports_phase2_v1 group,available,candle rule at prediction_as_of (frozen per-event contract rule),unavailable,no sports_phase2_v1 group,0
k_kxwomhockey,Hockey,kalshi_only,game_winner,1,1,0,supported,exact,available,frozen elo model,unavailable,unavailable: training support below threshold,available,candle rule at prediction_as_of (frozen per-event contract rule),unavailable,unavailable: matched training support below threshold,58
k_kxncaahockeygame,Hockey,kalshi_only,game_winner,1,1,0,supported,exact,available,frozen elo model,unavailable,unavailable: training support below threshold,available,candle rule at prediction_as_of (frozen per-event contract rule),unavailable,unavailable: matched training support below threshold,106
k_kxwowhockey,Hockey,kalshi_only,game_winner,1,1,0,supported,exact,available,frozen elo model,unavailable,unavailable: training support below threshold,available,candle rule at prediction_as_of (frozen per-event contract rule),unavailable,unavailable: matched training support below threshold,54
k_kxahlgame,Hockey,kalshi_only,game_winner,1,1,0,supported,exact,available,frozen elo model,unavailable,unavailable: training support below threshold,available,candle rule at prediction_as_of (frozen per-event contract rule),unavailable,unavailable: matched training support below threshold,1404
k_kxkhlgame,Hockey,kalshi_only,game_winner,1,1,0,supported,exact,available,frozen elo model,unavailable,unavailable: training support below threshold,available,candle rule at prediction_as_of (frozen per-event contract rule),unavailable,unavailable: matched training support below threshold,934
k_kxiihfgame,Hockey,kalshi_only,game_winner,1,1,0,supported,exact,available,frozen elo model,unavailable,unavailable: training support below threshold,available,candle rule at prediction_as_of (frozen per-event contract rule),unavailable,unavailable: matched training support below threshold,154
k_kxshlgame,Hockey,kalshi_only,game_winner,1,1,0,supported,exact,available,frozen elo model,unavailable,unavailable: training support below threshold,available,candle rule at prediction_as_of (frozen per-event contract rule),unavailable,unavailable: matched training support below threshold,432
k_kxliigagame,Hockey,kalshi_only,game_winner,1,1,0,supported,exact,available,frozen elo model,unavailable,unavailable: training support below threshold,available,candle rule at prediction_as_of (frozen per-event contract rule),unavailable,unavailable: matched training support below threshold,494
k_kxnlgame,Hockey,kalshi_only,game_winner,1,1,0,supported,exact,available,frozen elo model,unavailable,unavailable: training support below threshold,available,candle rule at prediction_as_of (frozen per-event contract rule),unavailable,unavailable: matched training support below threshold,292
k_kxelhgame,Hockey,kalshi_only,game_winner,1,1,0,supported,exact,available,frozen elo model,unavailable,unavailable: training support below threshold,available,candle rule at prediction_as_of (frozen per-event contract rule),unavailable,unavailable: matched training support below threshold,282
k_kxdelgame,Hockey,kalshi_only,game_winner,1,1,0,supported,exact,available,frozen elo model,unavailable,unavailable: training support below threshold,available,candle rule at prediction_as_of (frozen per-event contract rule),unavailable,unavailable: matched training support below threshold,284
k_kxncaahgame,Hockey,kalshi_only,game_winner,1,1,0,supported,exact,available,frozen elo model,unavailable,unavailable: training support below threshold,available,candle rule at prediction_as_of (frozen per-event contract rule),unavailable,unavailable: matched training support below threshold,26
k_kxncaamlaxgame,Lacrosse,kalshi_only,game_winner,1,1,0,supported,exact,available,frozen elo model,unavailable,unavailable: training support below threshold,available,candle rule at prediction_as_of (frozen per-event contract rule),unavailable,unavailable: matched training support below threshold,882
k_kxpllgame,Lacrosse,kalshi_only,game_winner,1,1,0,supported,exact,available,frozen elo model,unavailable,unavailable: training support below threshold,available,candle rule at prediction_as_of (frozen per-event contract rule),unavailable,unavailable: matched training support below threshold,106
k_kxwllgame,Lacrosse,kalshi_only,game_winner,1,1,0,supported,exact,available,frozen elo model,unavailable,no sports_phase2_v1 group,available,candle rule at prediction_as_of (frozen per-event contract rule),unavailable,no sports_phase2_v1 group,0
k_kxmmafight,MMA,kalshi_only,game_winner,1,1,0,supported,exact,available,frozen elo model,unavailable,unavailable: training support below threshold,available,candle rule at prediction_as_of (frozen per-event contract rule),unavailable,unavailable: matched training support below threshold,30
k_kxufcoccur,MMA,kalshi_only,game_winner,1,1,0,supported,exact,available,frozen elo model,unavailable,no sports_phase2_v1 group,available,candle rule at prediction_as_of (frozen per-event contract rule),unavailable,no sports_phase2_v1 group,0
k_kxmcgregorfightnext,MMA,kalshi_only,game_winner,1,1,0,supported,exact,available,frozen elo model,unavailable,no sports_phase2_v1 group,available,candle rule at prediction_as_of (frozen per-event contract rule),unavailable,no sports_phase2_v1 group,0
k_kxrugbynrlmatch,Rugby,kalshi_only,game_winner,1,1,0,supported,exact,available,frozen elo model,unavailable,unavailable: training support below threshold,available,candle rule at prediction_as_of (frozen per-event contract rule),unavailable,unavailable: matched training support below threshold,18
k_kxsixnationsmatch,Rugby,kalshi_only,game_winner,1,1,0,supported,exact,available,frozen elo model,unavailable,no sports_phase2_v1 group,available,candle rule at prediction_as_of (frozen per-event contract rule),unavailable,no sports_phase2_v1 group,0
k_kxrugbyeslmatch,Rugby,kalshi_only,game_winner,1,1,0,supported,exact,available,frozen elo model,unavailable,unavailable: training support below threshold,available,candle rule at prediction_as_of (frozen per-event contract rule),unavailable,unavailable: matched training support below threshold,10
k_kxrugbyfra14match,Rugby,kalshi_only,game_winner,1,1,0,supported,exact,available,frozen elo model,unavailable,unavailable: training support below threshold,available,candle rule at prediction_as_of (frozen per-event contract rule),unavailable,unavailable: matched training support below threshold,52
k_kxrugbymlrmatch,Rugby,kalshi_only,game_winner,1,1,0,supported,exact,available,frozen elo model,unavailable,unavailable: training support below threshold,available,candle rule at prediction_as_of (frozen per-event contract rule),unavailable,unavailable: matched training support below threshold,2
k_kxrugbygpremmatch,Rugby,kalshi_only,game_winner,1,1,0,supported,exact,available,frozen elo model,unavailable,unavailable: training support below threshold,available,candle rule at prediction_as_of (frozen per-event contract rule),unavailable,unavailable: matched training support below threshold,8
k_kxpremmatch,Rugby,kalshi_only,game_winner,1,1,0,supported,exact,available,frozen elo model,unavailable,unavailable: training support below threshold,available,candle rule at prediction_as_of (frozen per-event contract rule),unavailable,unavailable: matched training support below threshold,8
k_kxwcgame,Soccer,kalshi_only,game_winner,1,1,0,supported,exact,available,frozen elo model,unavailable,no sports_phase2_v1 group,available,candle rule at prediction_as_of (frozen per-event contract rule),unavailable,no sports_phase2_v1 group,0
k_kxwcadvance,Soccer,kalshi_only,game_winner,1,1,0,supported,exact,available,frozen elo model,unavailable,no sports_phase2_v1 group,available,candle rule at prediction_as_of (frozen per-event contract rule),unavailable,no sports_phase2_v1 group,0
k_kxmenworldcup,Soccer,kalshi_only,game_winner,1,1,0,supported,exact,available,frozen elo model,unavailable,no sports_phase2_v1 group,available,candle rule at prediction_as_of (frozen per-event contract rule),unavailable,no sports_phase2_v1 group,0
k_kxintlfriendlygame,Soccer,kalshi_only,game_winner,1,1,0,supported,exact,available,frozen elo model,unavailable,no sports_phase2_v1 group,available,candle rule at prediction_as_of (frozen per-event contract rule),unavailable,no sports_phase2_v1 group,0
k_kxclubfgame,Soccer,kalshi_only,game_winner,1,1,0,supported,exact,available,frozen elo model,unavailable,no sports_phase2_v1 group,available,candle rule at prediction_as_of (frozen per-event contract rule),unavailable,no sports_phase2_v1 group,0
k_kxuefanlgame,Soccer,kalshi_only,game_winner,1,1,0,supported,exact,available,frozen elo model,unavailable,no sports_phase2_v1 group,available,candle rule at prediction_as_of (frozen per-event contract rule),unavailable,no sports_phase2_v1 group,0
k_kxleaguescupgame,Soccer,kalshi_only,game_winner,1,1,0,supported,exact,available,frozen elo model,unavailable,no sports_phase2_v1 group,available,candle rule at prediction_as_of (frozen per-event contract rule),unavailable,no sports_phase2_v1 group,0
k_kxdimayorgame,Soccer,kalshi_only,game_winner,1,1,0,supported,exact,available,frozen elo model,unavailable,no sports_phase2_v1 group,available,candle rule at prediction_as_of (frozen per-event contract rule),unavailable,no sports_phase2_v1 group,0
k_kxeculpgame,Soccer,kalshi_only,game_winner,1,1,0,supported,exact,available,frozen elo model,unavailable,no sports_phase2_v1 group,available,candle rule at prediction_as_of (frozen per-event contract rule),unavailable,no sports_phase2_v1 group,0
k_kxconcacafnlgame,Soccer,kalshi_only,game_winner,1,1,0,supported,exact,available,frozen elo model,unavailable,no sports_phase2_v1 group,available,candle rule at prediction_as_of (frozen per-event contract rule),unavailable,no sports_phase2_v1 group,0
k_kxafcongame,Soccer,kalshi_only,game_winner,1,1,0,supported,exact,available,frozen elo model,unavailable,no sports_phase2_v1 group,available,candle rule at prediction_as_of (frozen per-event contract rule),unavailable,no sports_phase2_v1 group,0
k_kxbrasileirobgame,Soccer,kalshi_only,game_winner,1,1,0,supported,exact,available,frozen elo model,unavailable,no sports_phase2_v1 group,available,candle rule at prediction_as_of (frozen per-event contract rule),unavailable,no sports_phase2_v1 group,0
k_kxjleaguegame,Soccer,kalshi_only,game_winner,1,1,0,supported,exact,available,frozen elo model,unavailable,no sports_phase2_v1 group,available,candle rule at prediction_as_of (frozen per-event contract rule),unavailable,no sports_phase2_v1 group,0
k_kxsuperliggame,Soccer,kalshi_only,game_winner,1,1,0,supported,exact,available,frozen elo model,unavailable,no sports_phase2_v1 group,available,candle rule at prediction_as_of (frozen per-event contract rule),unavailable,no sports_phase2_v1 group,0
k_kxlaliga2game,Soccer,kalshi_only,game_winner,1,1,0,supported,exact,available,frozen elo model,unavailable,no sports_phase2_v1 group,available,candle rule at prediction_as_of (frozen per-event contract rule),unavailable,no sports_phase2_v1 group,0
k_kxperliga1game,Soccer,kalshi_only,game_winner,1,1,0,supported,exact,available,frozen elo model,unavailable,no sports_phase2_v1 group,available,candle rule at prediction_as_of (frozen per-event contract rule),unavailable,no sports_phase2_v1 group,0
k_kxconmebolsudgame,Soccer,kalshi_only,game_winner,1,1,0,supported,exact,available,frozen elo model,unavailable,no sports_phase2_v1 group,available,candle rule at prediction_as_of (frozen per-event contract rule),unavailable,no sports_phase2_v1 group,0
k_kxaleaguegame,Soccer,kalshi_only,game_winner,1,1,0,supported,exact,available,frozen elo model,unavailable,no sports_phase2_v1 group,available,candle rule at prediction_as_of (frozen per-event contract rule),unavailable,no sports_phase2_v1 group,0
k_kxfifagame,Soccer,kalshi_only,game_winner,1,1,0,supported,exact,available,frozen elo model,unavailable,no sports_phase2_v1 group,available,candle rule at prediction_as_of (frozen per-event contract rule),unavailable,no sports_phase2_v1 group,0
k_kxnwslgame,Soccer,kalshi_only,game_winner,1,1,0,supported,exact,available,frozen elo model,unavailable,no sports_phase2_v1 group,available,candle rule at prediction_as_of (frozen per-event contract rule),unavailable,no sports_phase2_v1 group,0
k_kxconmebollibgame,Soccer,kalshi_only,game_winner,1,1,0,supported,exact,available,frozen elo model,unavailable,no sports_phase2_v1 group,available,candle rule at prediction_as_of (frozen per-event contract rule),unavailable,no sports_phase2_v1 group,0
k_kxapfddhgame,Soccer,kalshi_only,game_winner,1,1,0,supported,exact,available,frozen elo model,unavailable,no sports_phase2_v1 group,available,candle rule at prediction_as_of (frozen per-event contract rule),unavailable,no sports_phase2_v1 group,0
k_kxchnslgame,Soccer,kalshi_only,game_winner,1,1,0,supported,exact,available,frozen elo model,unavailable,no sports_phase2_v1 group,available,candle rule at prediction_as_of (frozen per-event contract rule),unavailable,no sports_phase2_v1 group,0
k_kxurypdgame,Soccer,kalshi_only,game_winner,1,1,0,supported,exact,available,frozen elo model,unavailable,no sports_phase2_v1 group,available,candle rule at prediction_as_of (frozen per-event contract rule),unavailable,no sports_phase2_v1 group,0
k_kxfacupgame,Soccer,kalshi_only,game_winner,1,1,0,supported,exact,available,frozen elo model,unavailable,no sports_phase2_v1 group,available,candle rule at prediction_as_of (frozen per-event contract rule),unavailable,no sports_phase2_v1 group,0
k_kxallsvenskangame,Soccer,kalshi_only,game_winner,1,1,0,supported,exact,available,frozen elo model,unavailable,no sports_phase2_v1 group,available,candle rule at prediction_as_of (frozen per-event contract rule),unavailable,no sports_phase2_v1 group,0
k_kxegyplgame,Soccer,kalshi_only,game_winner,1,1,0,supported,exact,available,frozen elo model,unavailable,no sports_phase2_v1 group,available,candle rule at prediction_as_of (frozen per-event contract rule),unavailable,no sports_phase2_v1 group,0
k_kxchlldpgame,Soccer,kalshi_only,game_winner,1,1,0,supported,exact,available,frozen elo model,unavailable,no sports_phase2_v1 group,available,candle rule at prediction_as_of (frozen per-event contract rule),unavailable,no sports_phase2_v1 group,0
k_kxkleaguegame,Soccer,kalshi_only,game_winner,1,1,0,supported,exact,available,frozen elo model,unavailable,no sports_phase2_v1 group,available,candle rule at prediction_as_of (frozen per-event contract rule),unavailable,no sports_phase2_v1 group,0
k_kxcopadelreygame,Soccer,kalshi_only,game_winner,1,1,0,supported,exact,available,frozen elo model,unavailable,no sports_phase2_v1 group,available,candle rule at prediction_as_of (frozen per-event contract rule),unavailable,no sports_phase2_v1 group,0
k_kxeflcupgame,Soccer,kalshi_only,game_winner,1,1,0,supported,exact,available,frozen elo model,unavailable,no sports_phase2_v1 group,available,candle rule at prediction_as_of (frozen per-event contract rule),unavailable,no sports_phase2_v1 group,0
k_kxekstraklasagame,Soccer,kalshi_only,game_winner,1,1,0,supported,exact,available,frozen elo model,unavailable,no sports_phase2_v1 group,available,candle rule at prediction_as_of (frozen per-event contract rule),unavailable,no sports_phase2_v1 group,0
k_kxeliteseriengame,Soccer,kalshi_only,game_winner,1,1,0,supported,exact,available,frozen elo model,unavailable,no sports_phase2_v1 group,available,candle rule at prediction_as_of (frozen per-event contract rule),unavailable,no sports_phase2_v1 group,0
k_kxscottishpremgame,Soccer,kalshi_only,game_winner,1,1,0,supported,exact,available,frozen elo model,unavailable,no sports_phase2_v1 group,available,candle rule at prediction_as_of (frozen per-event contract rule),unavailable,no sports_phase2_v1 group,0
k_kxbelgianplgame,Soccer,kalshi_only,game_winner,1,1,0,supported,exact,available,frozen elo model,unavailable,no sports_phase2_v1 group,available,candle rule at prediction_as_of (frozen per-event contract rule),unavailable,no sports_phase2_v1 group,0
k_kxdensuperligagame,Soccer,kalshi_only,game_winner,1,1,0,supported,exact,available,frozen elo model,unavailable,no sports_phase2_v1 group,available,candle rule at prediction_as_of (frozen per-event contract rule),unavailable,no sports_phase2_v1 group,0
k_kxaseangame,Soccer,kalshi_only,game_winner,1,1,0,supported,exact,available,frozen elo model,unavailable,no sports_phase2_v1 group,available,candle rule at prediction_as_of (frozen per-event contract rule),unavailable,no sports_phase2_v1 group,0
k_kxligaexpgame,Soccer,kalshi_only,game_winner,1,1,0,supported,exact,available,frozen elo model,unavailable,no sports_phase2_v1 group,available,candle rule at prediction_as_of (frozen per-event contract rule),unavailable,no sports_phase2_v1 group,0
k_kxargnacbgame,Soccer,kalshi_only,game_winner,1,1,0,supported,exact,available,frozen elo model,unavailable,no sports_phase2_v1 group,available,candle rule at prediction_as_of (frozen per-event contract rule),unavailable,no sports_phase2_v1 group,0
k_kxcopadobrasilgame,Soccer,kalshi_only,game_winner,1,1,0,supported,exact,available,frozen elo model,unavailable,no sports_phase2_v1 group,available,candle rule at prediction_as_of (frozen per-event contract rule),unavailable,no sports_phase2_v1 group,0
k_kxswissleaguegame,Soccer,kalshi_only,game_winner,1,1,0,supported,exact,available,frozen elo model,unavailable,no sports_phase2_v1 group,available,candle rule at prediction_as_of (frozen per-event contract rule),unavailable,no sports_phase2_v1 group,0
k_kxclubwcgame,Soccer,kalshi_only,game_winner,1,1,0,supported,exact,available,frozen elo model,unavailable,no sports_phase2_v1 group,available,candle rule at prediction_as_of (frozen per-event contract rule),unavailable,no sports_phase2_v1 group,0
k_kxseriebgame,Soccer,kalshi_only,game_winner,1,1,0,supported,exact,available,frozen elo model,unavailable,no sports_phase2_v1 group,available,candle rule at prediction_as_of (frozen per-event contract rule),unavailable,no sports_phase2_v1 group,0
k_kxbrasileirocgame,Soccer,kalshi_only,game_winner,1,1,0,supported,exact,available,frozen elo model,unavailable,no sports_phase2_v1 group,available,candle rule at prediction_as_of (frozen per-event contract rule),unavailable,no sports_phase2_v1 group,0
k_kxczeflgame,Soccer,kalshi_only,game_winner,1,1,0,supported,exact,available,frozen elo model,unavailable,no sports_phase2_v1 group,available,candle rule at prediction_as_of (frozen per-event contract rule),unavailable,no sports_phase2_v1 group,0
k_kxcoppaitaliagame,Soccer,kalshi_only,game_winner,1,1,0,supported,exact,available,frozen elo model,unavailable,no sports_phase2_v1 group,available,candle rule at prediction_as_of (frozen per-event contract rule),unavailable,no sports_phase2_v1 group,0
k_kxhnlgame,Soccer,kalshi_only,game_winner,1,1,0,supported,exact,available,frozen elo model,unavailable,no sports_phase2_v1 group,available,candle rule at prediction_as_of (frozen per-event contract rule),unavailable,no sports_phase2_v1 group,0
k_kxewslgame,Soccer,kalshi_only,game_winner,1,1,0,supported,exact,available,frozen elo model,unavailable,no sports_phase2_v1 group,available,candle rule at prediction_as_of (frozen per-event contract rule),unavailable,no sports_phase2_v1 group,0
k_kxslgreecegame,Soccer,kalshi_only,game_winner,1,1,0,supported,exact,available,frozen elo model,unavailable,no sports_phase2_v1 group,available,candle rule at prediction_as_of (frozen per-event contract rule),unavailable,no sports_phase2_v1 group,0
k_kxuaeplgame,Soccer,kalshi_only,game_winner,1,1,0,supported,exact,available,frozen elo model,unavailable,no sports_phase2_v1 group,available,candle rule at prediction_as_of (frozen per-event contract rule),unavailable,no sports_phase2_v1 group,0
k_kxbolpdivgame,Soccer,kalshi_only,game_winner,1,1,0,supported,exact,available,frozen elo model,unavailable,no sports_phase2_v1 group,available,candle rule at prediction_as_of (frozen per-event contract rule),unavailable,no sports_phase2_v1 group,0
k_kxcanplgame,Soccer,kalshi_only,game_winner,1,1,0,supported,exact,available,frozen elo model,unavailable,no sports_phase2_v1 group,available,candle rule at prediction_as_of (frozen per-event contract rule),unavailable,no sports_phase2_v1 group,0
k_kxdfbpokalgame,Soccer,kalshi_only,game_winner,1,1,0,supported,exact,available,frozen elo model,unavailable,no sports_phase2_v1 group,available,candle rule at prediction_as_of (frozen per-event contract rule),unavailable,no sports_phase2_v1 group,0
k_kxcoupedefrancegame,Soccer,kalshi_only,game_winner,1,1,0,supported,exact,available,frozen elo model,unavailable,no sports_phase2_v1 group,available,candle rule at prediction_as_of (frozen per-event contract rule),unavailable,no sports_phase2_v1 group,0
k_kxvenfutvegame,Soccer,kalshi_only,game_winner,1,1,0,supported,exact,available,frozen elo model,unavailable,no sports_phase2_v1 group,available,candle rule at prediction_as_of (frozen per-event contract rule),unavailable,no sports_phase2_v1 group,0
k_kxseriecgame,Soccer,kalshi_only,game_winner,1,1,0,supported,exact,available,frozen elo model,unavailable,no sports_phase2_v1 group,available,candle rule at prediction_as_of (frozen per-event contract rule),unavailable,no sports_phase2_v1 group,0
k_kxj2leaguegame,Soccer,kalshi_only,game_winner,1,1,0,supported,exact,available,frozen elo model,unavailable,no sports_phase2_v1 group,available,candle rule at prediction_as_of (frozen per-event contract rule),unavailable,no sports_phase2_v1 group,0
k_kxefll1game,Soccer,kalshi_only,game_winner,1,1,0,supported,exact,available,frozen elo model,unavailable,no sports_phase2_v1 group,available,candle rule at prediction_as_of (frozen per-event contract rule),unavailable,no sports_phase2_v1 group,0
k_kxespsupercupgame,Soccer,kalshi_only,game_winner,1,1,0,supported,exact,available,frozen elo model,unavailable,no sports_phase2_v1 group,available,candle rule at prediction_as_of (frozen per-event contract rule),unavailable,no sports_phase2_v1 group,0
k_kxettangame,Soccer,kalshi_only,game_winner,1,1,0,supported,exact,available,frozen elo model,unavailable,no sports_phase2_v1 group,available,candle rule at prediction_as_of (frozen per-event contract rule),unavailable,no sports_phase2_v1 group,0
k_kxtff1liggame,Soccer,kalshi_only,game_winner,1,1,0,supported,exact,available,frozen elo model,unavailable,no sports_phase2_v1 group,available,candle rule at prediction_as_of (frozen per-event contract rule),unavailable,no sports_phase2_v1 group,0
k_kxtacaportgame,Soccer,kalshi_only,game_winner,1,1,0,supported,exact,available,frozen elo model,unavailable,no sports_phase2_v1 group,available,candle rule at prediction_as_of (frozen per-event contract rule),unavailable,no sports_phase2_v1 group,0
k_kxeerstedivgame,Soccer,kalshi_only,game_winner,1,1,0,supported,exact,available,frozen elo model,unavailable,no sports_phase2_v1 group,available,candle rule at prediction_as_of (frozen per-event contract rule),unavailable,no sports_phase2_v1 group,0
k_kxczefnlgame,Soccer,kalshi_only,game_winner,1,1,0,supported,exact,available,frozen elo model,unavailable,no sports_phase2_v1 group,available,candle rule at prediction_as_of (frozen per-event contract rule),unavailable,no sports_phase2_v1 group,0
k_kxfifawgame,Soccer,kalshi_only,game_winner,1,1,0,supported,exact,available,frozen elo model,unavailable,no sports_phase2_v1 group,available,candle rule at prediction_as_of (frozen per-event contract rule),unavailable,no sports_phase2_v1 group,0
k_kxthail1game,Soccer,kalshi_only,game_winner,1,1,0,supported,exact,available,frozen elo model,unavailable,no sports_phase2_v1 group,available,candle rule at prediction_as_of (frozen per-event contract rule),unavailable,no sports_phase2_v1 group,0
k_kxengnlgame,Soccer,kalshi_only,game_winner,1,1,0,supported,exact,available,frozen elo model,unavailable,no sports_phase2_v1 group,available,candle rule at prediction_as_of (frozen per-event contract rule),unavailable,no sports_phase2_v1 group,0
k_kxlvavirgame,Soccer,kalshi_only,game_winner,1,1,0,supported,exact,available,frozen elo model,unavailable,no sports_phase2_v1 group,available,candle rule at prediction_as_of (frozen per-event contract rule),unavailable,no sports_phase2_v1 group,0
k_kxchnl1game,Soccer,kalshi_only,game_winner,1,1,0,supported,exact,available,frozen elo model,unavailable,no sports_phase2_v1 group,available,candle rule at prediction_as_of (frozen per-event contract rule),unavailable,no sports_phase2_v1 group,0
k_kxfinylgame,Soccer,kalshi_only,game_winner,1,1,0,supported,exact,available,frozen elo model,unavailable,no sports_phase2_v1 group,available,candle rule at prediction_as_of (frozen per-event contract rule),unavailable,no sports_phase2_v1 group,0
k_kxscocupgame,Soccer,kalshi_only,game_winner,1,1,0,supported,exact,available,frozen elo model,unavailable,no sports_phase2_v1 group,available,candle rule at prediction_as_of (frozen per-event contract rule),unavailable,no sports_phase2_v1 group,0
k_kxknvbcupgame,Soccer,kalshi_only,game_winner,1,1,0,supported,exact,available,frozen elo model,unavailable,no sports_phase2_v1 group,available,candle rule at prediction_as_of (frozen per-event contract rule),unavailable,no sports_phase2_v1 group,0
k_kxidnslgame,Soccer,kalshi_only,game_winner,1,1,0,supported,exact,available,frozen elo model,unavailable,no sports_phase2_v1 group,available,candle rule at prediction_as_of (frozen per-event contract rule),unavailable,no sports_phase2_v1 group,0
k_kxligue2game,Soccer,kalshi_only,game_winner,1,1,0,supported,exact,available,frozen elo model,unavailable,no sports_phase2_v1 group,available,candle rule at prediction_as_of (frozen per-event contract rule),unavailable,no sports_phase2_v1 group,0
k_kxsvk2lgame,Soccer,kalshi_only,game_winner,1,1,0,supported,exact,available,frozen elo model,unavailable,no sports_phase2_v1 group,available,candle rule at prediction_as_of (frozen per-event contract rule),unavailable,no sports_phase2_v1 group,0
k_kxgrecupgame,Soccer,kalshi_only,game_winner,1,1,0,supported,exact,available,frozen elo model,unavailable,no sports_phase2_v1 group,available,candle rule at prediction_as_of (frozen per-event contract rule),unavailable,no sports_phase2_v1 group,0
k_kxmyslgame,Soccer,kalshi_only,game_winner,1,1,0,supported,exact,available,frozen elo model,unavailable,no sports_phase2_v1 group,available,candle rule at prediction_as_of (frozen per-event contract rule),unavailable,no sports_phase2_v1 group,0
k_kxfrasupercupgame,Soccer,kalshi_only,game_winner,1,1,0,supported,exact,available,frozen elo model,unavailable,no sports_phase2_v1 group,available,candle rule at prediction_as_of (frozen per-event contract rule),unavailable,no sports_phase2_v1 group,0
k_kxncaamsoccergame,Soccer,kalshi_only,game_winner,1,1,0,supported,exact,available,frozen elo model,unavailable,no sports_phase2_v1 group,available,candle rule at prediction_as_of (frozen per-event contract rule),unavailable,no sports_phase2_v1 group,0
k_kxvleague1game,Soccer,kalshi_only,game_winner,1,1,0,supported,exact,available,frozen elo model,unavailable,no sports_phase2_v1 group,available,candle rule at prediction_as_of (frozen per-event contract rule),unavailable,no sports_phase2_v1 group,0
k_kxisrplgame,Soccer,kalshi_only,game_winner,1,1,0,supported,exact,available,frozen elo model,unavailable,no sports_phase2_v1 group,available,candle rule at prediction_as_of (frozen per-event contract rule),unavailable,no sports_phase2_v1 group,0
k_kxuefascgame,Soccer,kalshi_only,game_winner,1,1,0,supported,exact,available,frozen elo model,unavailable,no sports_phase2_v1 group,available,candle rule at prediction_as_of (frozen per-event contract rule),unavailable,no sports_phase2_v1 group,0
k_kxisrnlgame,Soccer,kalshi_only,game_winner,1,1,0,supported,exact,available,frozen elo model,unavailable,no sports_phase2_v1 group,available,candle rule at prediction_as_of (frozen per-event contract rule),unavailable,no sports_phase2_v1 group,0
k_kxsrbslgame,Soccer,kalshi_only,game_winner,1,1,0,supported,exact,available,frozen elo model,unavailable,no sports_phase2_v1 group,available,candle rule at prediction_as_of (frozen per-event contract rule),unavailable,no sports_phase2_v1 group,0
k_kxger3lgame,Soccer,kalshi_only,game_winner,1,1,0,supported,exact,available,frozen elo model,unavailable,no sports_phase2_v1 group,available,candle rule at prediction_as_of (frozen per-event contract rule),unavailable,no sports_phase2_v1 group,0
k_kxk2leaguegame,Soccer,kalshi_only,game_winner,1,1,0,supported,exact,available,frozen elo model,unavailable,no sports_phase2_v1 group,available,candle rule at prediction_as_of (frozen per-event contract rule),unavailable,no sports_phase2_v1 group,0
k_kxusopencupgame,Soccer,kalshi_only,game_winner,1,1,0,supported,exact,available,frozen elo model,unavailable,no sports_phase2_v1 group,available,candle rule at prediction_as_of (frozen per-event contract rule),unavailable,no sports_phase2_v1 group,0
k_kxuslcupgame,Soccer,kalshi_only,game_winner,1,1,0,supported,exact,available,frozen elo model,unavailable,no sports_phase2_v1 group,available,candle rule at prediction_as_of (frozen per-event contract rule),unavailable,no sports_phase2_v1 group,0
k_kxafcacgame,Soccer,kalshi_only,game_winner,1,1,0,supported,exact,available,frozen elo model,unavailable,no sports_phase2_v1 group,available,candle rule at prediction_as_of (frozen per-event contract rule),unavailable,no sports_phase2_v1 group,0
k_kxserieawgame,Soccer,kalshi_only,game_winner,1,1,0,supported,exact,available,frozen elo model,unavailable,no sports_phase2_v1 group,available,candle rule at prediction_as_of (frozen per-event contract rule),unavailable,no sports_phase2_v1 group,0
k_kxsvnplgame,Soccer,kalshi_only,game_winner,1,1,0,supported,exact,available,frozen elo model,unavailable,no sports_phase2_v1 group,available,candle rule at prediction_as_of (frozen per-event contract rule),unavailable,no sports_phase2_v1 group,0
k_kxengcsgame,Soccer,kalshi_only,game_winner,1,1,0,supported,exact,available,frozen elo model,unavailable,no sports_phase2_v1 group,available,candle rule at prediction_as_of (frozen per-event contract rule),unavailable,no sports_phase2_v1 group,0
k_kxtweededivgame,Soccer,kalshi_only,game_winner,1,1,0,supported,exact,available,frozen elo model,unavailable,no sports_phase2_v1 group,available,candle rule at prediction_as_of (frozen per-event contract rule),unavailable,no sports_phase2_v1 group,0
k_kxeredivisiewgame,Soccer,kalshi_only,game_winner,1,1,0,supported,exact,available,frozen elo model,unavailable,no sports_phase2_v1 group,available,candle rule at prediction_as_of (frozen per-event contract rule),unavailable,no sports_phase2_v1 group,0
k_kxsvkcupgame,Soccer,kalshi_only,game_winner,1,1,0,supported,exact,available,frozen elo model,unavailable,no sports_phase2_v1 group,available,candle rule at prediction_as_of (frozen per-event contract rule),unavailable,no sports_phase2_v1 group,0
k_kxserieccupgame,Soccer,kalshi_only,game_winner,1,1,0,supported,exact,available,frozen elo model,unavailable,no sports_phase2_v1 group,available,candle rule at prediction_as_of (frozen per-event contract rule),unavailable,no sports_phase2_v1 group,0
k_kxinterconcupgame,Soccer,kalshi_only,game_winner,1,1,0,supported,exact,available,frozen elo model,unavailable,no sports_phase2_v1 group,available,candle rule at prediction_as_of (frozen per-event contract rule),unavailable,no sports_phase2_v1 group,0
k_kxgerscgame,Soccer,kalshi_only,game_winner,1,1,0,supported,exact,available,frozen elo model,unavailable,no sports_phase2_v1 group,available,candle rule at prediction_as_of (frozen per-event contract rule),unavailable,no sports_phase2_v1 group,0
k_kxsgpplgame,Soccer,kalshi_only,game_winner,1,1,0,supported,exact,available,frozen elo model,unavailable,no sports_phase2_v1 group,available,candle rule at prediction_as_of (frozen per-event contract rule),unavailable,no sports_phase2_v1 group,0
k_kxballerleaguegame,Soccer,kalshi_only,game_winner,1,1,0,supported,exact,available,frozen elo model,unavailable,no sports_phase2_v1 group,available,candle rule at prediction_as_of (frozen per-event contract rule),unavailable,no sports_phase2_v1 group,0
k_kxmlsastgame,Soccer,kalshi_only,game_winner,1,1,0,supported,exact,available,frozen elo model,unavailable,no sports_phase2_v1 group,available,candle rule at prediction_as_of (frozen per-event contract rule),unavailable,no sports_phase2_v1 group,0
k_kxfroplgame,Soccer,kalshi_only,game_winner,1,1,0,supported,exact,available,frozen elo model,unavailable,no sports_phase2_v1 group,available,candle rule at prediction_as_of (frozen per-event contract rule),unavailable,no sports_phase2_v1 group,0
k_kxefltrophygame,Soccer,kalshi_only,game_winner,1,1,0,supported,exact,available,frozen elo model,unavailable,no sports_phase2_v1 group,available,candle rule at prediction_as_of (frozen per-event contract rule),unavailable,no sports_phase2_v1 group,0
k_kxisrplcupgame,Soccer,kalshi_only,game_winner,1,1,0,supported,exact,available,frozen elo model,unavailable,no sports_phase2_v1 group,available,candle rule at prediction_as_of (frozen per-event contract rule),unavailable,no sports_phase2_v1 group,0
k_kxitasupercupgame,Soccer,kalshi_only,game_winner,1,1,0,supported,exact,available,frozen elo model,unavailable,no sports_phase2_v1 group,available,candle rule at prediction_as_of (frozen per-event contract rule),unavailable,no sports_phase2_v1 group,0
k_kxfifauspullgame,Soccer,kalshi_only,game_winner,1,1,0,supported,exact,available,frozen elo model,unavailable,no sports_phase2_v1 group,available,candle rule at prediction_as_of (frozen per-event contract rule),unavailable,no sports_phase2_v1 group,0
k_kxpppkso,Soccer,kalshi_only,game_winner,1,1,0,supported,exact,available,frozen elo model,unavailable,no sports_phase2_v1 group,available,candle rule at prediction_as_of (frozen per-event contract rule),unavailable,no sports_phase2_v1 group,0
k_kxfrocupgame,Soccer,kalshi_only,game_winner,1,1,0,supported,exact,available,frozen elo model,unavailable,no sports_phase2_v1 group,available,candle rule at prediction_as_of (frozen per-event contract rule),unavailable,no sports_phase2_v1 group,0
k_kxfincupgame,Soccer,kalshi_only,game_winner,1,1,0,supported,exact,available,frozen elo model,unavailable,no sports_phase2_v1 group,available,candle rule at prediction_as_of (frozen per-event contract rule),unavailable,no sports_phase2_v1 group,0
k_kxfinalissimagame,Soccer,kalshi_only,game_winner,1,1,0,supported,exact,available,frozen elo model,unavailable,no sports_phase2_v1 group,available,candle rule at prediction_as_of (frozen per-event contract rule),unavailable,no sports_phase2_v1 group,0
k_kxsquashmatch,Squash,kalshi_only,game_winner,1,1,0,supported,exact,available,frozen elo model,unavailable,unavailable: training support below threshold,available,candle rule at prediction_as_of (frozen per-event contract rule),unavailable,unavailable: matched training support below threshold,338
k_kxttelitematch,Table Tennis,kalshi_only,game_winner,1,1,0,supported,exact,available,frozen elo model,unavailable,unavailable: training support below threshold,available,candle rule at prediction_as_of (frozen per-event contract rule),unavailable,unavailable: matched training support below threshold,22054
k_kxttstarmatch,Table Tennis,kalshi_only,game_winner,1,1,0,supported,exact,available,frozen elo model,unavailable,unavailable: training support below threshold,available,candle rule at prediction_as_of (frozen per-event contract rule),unavailable,unavailable: matched training support below threshold,2194
k_kxtabletennis,Table Tennis,kalshi_only,game_winner,1,1,0,supported,exact,available,frozen elo model,unavailable,unavailable: training support below threshold,available,candle rule at prediction_as_of (frozen per-event contract rule),unavailable,unavailable: matched training support below threshold,4304
k_kxttmatch,Table Tennis,kalshi_only,game_winner,1,1,0,supported,exact,available,frozen elo model,unavailable,unavailable: training support below threshold,available,candle rule at prediction_as_of (frozen per-event contract rule),unavailable,unavailable: matched training support below threshold,466
k_kxtabletennismatch,Table Tennis,kalshi_only,game_winner,1,1,0,supported,exact,available,frozen elo model,unavailable,unavailable: training support below threshold,available,candle rule at prediction_as_of (frozen per-event contract rule),unavailable,unavailable: matched training support below threshold,422
k_kxittfmenmatch,Table Tennis,kalshi_only,game_winner,1,1,0,supported,exact,available,frozen elo model,unavailable,unavailable: training support below threshold,available,candle rule at prediction_as_of (frozen per-event contract rule),unavailable,unavailable: matched training support below threshold,94
k_kxatpmatch,Tennis,kalshi_only,game_winner,1,1,0,supported,exact,available,frozen elo model,available,ok,available,candle rule at prediction_as_of (frozen per-event contract rule),unavailable,unavailable: matched training support below threshold,9232
k_kxatpchallengermatch,Tennis,kalshi_only,game_winner,1,1,0,supported,exact,available,frozen elo model,unavailable,unavailable: training support below threshold,available,candle rule at prediction_as_of (frozen per-event contract rule),unavailable,unavailable: matched training support below threshold,18948
k_kxwtamatch,Tennis,kalshi_only,game_winner,1,1,0,supported,exact,available,frozen elo model,available,ok,available,candle rule at prediction_as_of (frozen per-event contract rule),unavailable,unavailable: matched training support below threshold,9278
k_kxitfmatch,Tennis,kalshi_only,game_winner,1,1,0,supported,exact,available,frozen elo model,unavailable,unavailable: training support below threshold,available,candle rule at prediction_as_of (frozen per-event contract rule),unavailable,unavailable: matched training support below threshold,37764
k_kxitfwmatch,Tennis,kalshi_only,game_winner,1,1,0,supported,exact,available,frozen elo model,unavailable,unavailable: training support below threshold,available,candle rule at prediction_as_of (frozen per-event contract rule),unavailable,unavailable: matched training support below threshold,34142
k_kxwtachallengermatch,Tennis,kalshi_only,game_winner,1,1,0,supported,exact,available,frozen elo model,unavailable,unavailable: training support below threshold,available,candle rule at prediction_as_of (frozen per-event contract rule),unavailable,unavailable: matched training support below threshold,4056
k_kxfomen,Tennis,kalshi_only,game_winner,1,1,0,supported,exact,available,frozen elo model,unavailable,unavailable: training support below threshold,available,candle rule at prediction_as_of (frozen per-event contract rule),unavailable,unavailable: matched training support below threshold,250
k_kxitfdoubles,Tennis,kalshi_only,game_winner,1,1,0,supported,exact,available,frozen elo model,unavailable,unavailable: training support below threshold,available,candle rule at prediction_as_of (frozen per-event contract rule),unavailable,unavailable: matched training support below threshold,5078
k_kxdaviscupmatch,Tennis,kalshi_only,game_winner,1,1,0,supported,exact,available,frozen elo model,unavailable,unavailable: training support below threshold,available,candle rule at prediction_as_of (frozen per-event contract rule),unavailable,unavailable: matched training support below threshold,148
k_kxitfwdoubles,Tennis,kalshi_only,game_winner,1,1,0,supported,exact,available,frozen elo model,unavailable,unavailable: training support below threshold,available,candle rule at prediction_as_of (frozen per-event contract rule),unavailable,unavailable: matched training support below threshold,4234
k_kxwtadoubles,Tennis,kalshi_only,game_winner,1,1,0,supported,exact,available,frozen elo model,unavailable,unavailable: training support below threshold,available,candle rule at prediction_as_of (frozen per-event contract rule),unavailable,unavailable: matched training support below threshold,716
k_kxatpdoubles,Tennis,kalshi_only,game_winner,1,1,0,supported,exact,available,frozen elo model,unavailable,unavailable: training support below threshold,available,candle rule at prediction_as_of (frozen per-event contract rule),unavailable,unavailable: matched training support below threshold,726
k_kxunitedcupmatch,Tennis,kalshi_only,game_winner,1,1,0,supported,exact,available,frozen elo model,unavailable,unavailable: training support below threshold,available,candle rule at prediction_as_of (frozen per-event contract rule),unavailable,unavailable: matched training support below threshold,100
k_kxfowomen,Tennis,kalshi_only,game_winner,1,1,0,supported,exact,available,frozen elo model,unavailable,unavailable: training support below threshold,available,candle rule at prediction_as_of (frozen per-event contract rule),unavailable,unavailable: matched training support below threshold,248
k_kxlavercupmatch,Tennis,kalshi_only,game_winner,1,1,0,supported,exact,available,frozen elo model,unavailable,unavailable: training support below threshold,available,candle rule at prediction_as_of (frozen per-event contract rule),unavailable,unavailable: matched training support below threshold,10
k_kxatpchallengerdoubles,Tennis,kalshi_only,game_winner,1,1,0,supported,exact,available,frozen elo model,unavailable,unavailable: training support below threshold,available,candle rule at prediction_as_of (frozen per-event contract rule),unavailable,unavailable: matched training support below threshold,1186
k_kxiwmen,Tennis,kalshi_only,game_winner,1,1,0,supported,exact,available,frozen elo model,unavailable,no sports_phase2_v1 group,available,candle rule at prediction_as_of (frozen per-event contract rule),unavailable,no sports_phase2_v1 group,0
k_kxmowomen,Tennis,kalshi_only,game_winner,1,1,0,supported,exact,available,frozen elo model,unavailable,no sports_phase2_v1 group,available,candle rule at prediction_as_of (frozen per-event contract rule),unavailable,no sports_phase2_v1 group,0
k_kxiwwomen,Tennis,kalshi_only,game_winner,1,1,0,supported,exact,available,frozen elo model,unavailable,no sports_phase2_v1 group,available,candle rule at prediction_as_of (frozen per-event contract rule),unavailable,no sports_phase2_v1 group,0
k_kxmomen,Tennis,kalshi_only,game_winner,1,1,0,supported,exact,available,frozen elo model,unavailable,no sports_phase2_v1 group,available,candle rule at prediction_as_of (frozen per-event contract rule),unavailable,no sports_phase2_v1 group,0
k_kxmixeddoublesmatch,Tennis,kalshi_only,game_winner,1,1,0,supported,exact,available,frozen elo model,unavailable,unavailable: training support below threshold,available,candle rule at prediction_as_of (frozen per-event contract rule),unavailable,unavailable: matched training support below threshold,42
k_kxbattleofsexes,Tennis,kalshi_only,game_winner,1,1,0,supported,exact,available,frozen elo model,unavailable,unavailable: training support below threshold,available,candle rule at prediction_as_of (frozen per-event contract rule),unavailable,unavailable: matched training support below threshold,2
k_kxlavercupdoublesmatch,Tennis,kalshi_only,game_winner,1,1,0,supported,exact,available,frozen elo model,unavailable,unavailable: training support below threshold,available,candle rule at prediction_as_of (frozen per-event contract rule),unavailable,unavailable: matched training support below threshold,6
k_kxtennisexhibition,Tennis,kalshi_only,game_winner,1,1,0,supported,exact,available,frozen elo model,unavailable,unavailable: training support below threshold,available,candle rule at prediction_as_of (frozen per-event contract rule),unavailable,unavailable: matched training support below threshold,66
k_kxmadmen,Tennis,kalshi_only,game_winner,1,1,0,supported,exact,available,frozen elo model,unavailable,no sports_phase2_v1 group,available,candle rule at prediction_as_of (frozen per-event contract rule),unavailable,no sports_phase2_v1 group,0
k_kxsixkingsslammatch,Tennis,kalshi_only,game_winner,1,1,0,supported,exact,available,frozen elo model,unavailable,unavailable: training support below threshold,available,candle rule at prediction_as_of (frozen per-event contract rule),unavailable,unavailable: matched training support below threshold,4
k_kxexhibitionmen,Tennis,kalshi_only,game_winner,1,1,0,supported,exact,available,frozen elo model,unavailable,unavailable: training support below threshold,available,candle rule at prediction_as_of (frozen per-event contract rule),unavailable,unavailable: matched training support below threshold,2
k_kxmadwomen,Tennis,kalshi_only,game_winner,1,1,0,supported,exact,available,frozen elo model,unavailable,no sports_phase2_v1 group,available,candle rule at prediction_as_of (frozen per-event contract rule),unavailable,no sports_phase2_v1 group,0
k_kxpickleballmatch,Tennis,kalshi_only,game_winner,1,1,0,supported,exact,available,frozen elo model,unavailable,no sports_phase2_v1 group,available,candle rule at prediction_as_of (frozen per-event contract rule),unavailable,no sports_phase2_v1 group,0
k_kxncaawvmatch,Volleyball,kalshi_only,game_winner,1,1,0,supported,exact,available,frozen elo model,unavailable,unavailable: training support below threshold,available,candle rule at prediction_as_of (frozen per-event contract rule),unavailable,unavailable: matched training support below threshold,1550
k_kxvolleyballmatch,Volleyball,kalshi_only,game_winner,1,1,0,supported,exact,available,frozen elo model,unavailable,unavailable: training support below threshold,available,candle rule at prediction_as_of (frozen per-event contract rule),unavailable,unavailable: matched training support below threshold,28
