model,event_ticker,target_date,checkpoint_id,target_regime,replay_mode,month,season,forecast_high_f,actual_high_f,residual_f
gfs_operational_latest,KXHIGHNY-26APR02,2026-04-02,d0_0600,nws_cli_knyc,FULL_OPERATIONAL_REPLAY,4,spring,51.0,51.0,0.0
gfs_operational_latest,KXHIGHNY-26APR03,2026-04-03,d0_0600,nws_cli_knyc,FULL_OPERATIONAL_REPLAY,4,spring,72.3,66.0,-6.299999999999997
gfs_operational_latest,KXHIGHNY-26APR04,2026-04-04,d0_0600,nws_cli_knyc,FULL_OPERATIONAL_REPLAY,4,spring,70.4,73.0,2.5999999999999943
gfs_operational_latest,KXHIGHNY-26APR05,2026-04-05,d0_0600,nws_cli_knyc,FULL_OPERATIONAL_REPLAY,4,spring,57.3,57.0,-0.29999999999999716
gfs_operational_latest,KXHIGHNY-26APR06,2026-04-06,d0_0600,nws_cli_knyc,FULL_OPERATIONAL_REPLAY,4,spring,55.5,56.0,0.5
gfs_operational_latest,KXHIGHNY-26APR07,2026-04-07,d0_0600,nws_cli_knyc,FULL_OPERATIONAL_REPLAY,4,spring,51.5,56.0,4.5
gfs_operational_latest,KXHIGHNY-26APR08,2026-04-08,d0_0600,nws_cli_knyc,FULL_OPERATIONAL_REPLAY,4,spring,50.3,51.0,0.7000000000000028
gfs_operational_latest,KXHIGHNY-26APR09,2026-04-09,d0_0600,nws_cli_knyc,FULL_OPERATIONAL_REPLAY,4,spring,52.3,51.0,-1.2999999999999972
gfs_operational_latest,KXHIGHNY-26APR10,2026-04-10,d0_0600,nws_cli_knyc,FULL_OPERATIONAL_REPLAY,4,spring,63.2,63.0,-0.20000000000000284
gfs_operational_latest,KXHIGHNY-26APR11,2026-04-11,d0_0600,nws_cli_knyc,FULL_OPERATIONAL_REPLAY,4,spring,61.3,63.0,1.7000000000000028
gfs_operational_latest,KXHIGHNY-26APR12,2026-04-12,d0_0600,nws_cli_knyc,FULL_OPERATIONAL_REPLAY,4,spring,56.2,55.0,-1.2000000000000028
gfs_operational_latest,KXHIGHNY-26APR13,2026-04-13,d0_0600,nws_cli_knyc,FULL_OPERATIONAL_REPLAY,4,spring,79.6,79.0,-0.5999999999999943
gfs_operational_latest,KXHIGHNY-26APR14,2026-04-14,d0_0600,nws_cli_knyc,FULL_OPERATIONAL_REPLAY,4,spring,83.4,87.0,3.5999999999999943
gfs_operational_latest,KXHIGHNY-26APR15,2026-04-15,d0_0600,nws_cli_knyc,FULL_OPERATIONAL_REPLAY,4,spring,88.6,90.0,1.4000000000000057
gfs_operational_latest,KXHIGHNY-26APR16,2026-04-16,d0_0600,nws_cli_knyc,FULL_OPERATIONAL_REPLAY,4,spring,88.6,89.0,0.4000000000000057
gfs_operational_latest,KXHIGHNY-26APR17,2026-04-17,d0_0600,nws_cli_knyc,FULL_OPERATIONAL_REPLAY,4,spring,78.9,81.0,2.0999999999999943
gfs_operational_latest,KXHIGHNY-26APR18,2026-04-18,d0_0600,nws_cli_knyc,FULL_OPERATIONAL_REPLAY,4,spring,71.0,66.0,-5.0
gfs_operational_latest,KXHIGHNY-26APR19,2026-04-19,d0_0600,nws_cli_knyc,FULL_OPERATIONAL_REPLAY,4,spring,56.0,53.0,-3.0
gfs_operational_latest,KXHIGHNY-26APR20,2026-04-20,d0_0600,nws_cli_knyc,FULL_OPERATIONAL_REPLAY,4,spring,52.3,51.0,-1.2999999999999972
gfs_operational_latest,KXHIGHNY-26APR21,2026-04-21,d0_0600,nws_cli_knyc,FULL_OPERATIONAL_REPLAY,4,spring,54.2,54.0,-0.20000000000000284
gfs_operational_latest,KXHIGHNY-26APR22,2026-04-22,d0_0600,nws_cli_knyc,FULL_OPERATIONAL_REPLAY,4,spring,50.8,56.0,5.200000000000003
gfs_operational_latest,KXHIGHNY-26APR23,2026-04-23,d0_0600,nws_cli_knyc,FULL_OPERATIONAL_REPLAY,4,spring,71.2,73.0,1.7999999999999972
gfs_operational_latest,KXHIGHNY-26APR24,2026-04-24,d0_0600,nws_cli_knyc,FULL_OPERATIONAL_REPLAY,4,spring,70.1,68.0,-2.0999999999999943
gfs_operational_latest,KXHIGHNY-26APR25,2026-04-25,d0_0600,nws_cli_knyc,FULL_OPERATIONAL_REPLAY,4,spring,50.0,50.0,0.0
gfs_operational_latest,KXHIGHNY-26APR26,2026-04-26,d0_0600,nws_cli_knyc,FULL_OPERATIONAL_REPLAY,4,spring,55.7,57.0,1.2999999999999972
gfs_operational_latest,KXHIGHNY-26APR27,2026-04-27,d0_0600,nws_cli_knyc,FULL_OPERATIONAL_REPLAY,4,spring,67.7,68.0,0.29999999999999716
gfs_operational_latest,KXHIGHNY-26APR28,2026-04-28,d0_0600,nws_cli_knyc,FULL_OPERATIONAL_REPLAY,4,spring,66.3,65.0,-1.2999999999999972
gfs_operational_latest,KXHIGHNY-26APR29,2026-04-29,d0_0600,nws_cli_knyc,FULL_OPERATIONAL_REPLAY,4,spring,62.3,62.0,-0.29999999999999716
gfs_operational_latest,KXHIGHNY-26APR30,2026-04-30,d0_0600,nws_cli_knyc,FULL_OPERATIONAL_REPLAY,4,spring,60.4,60.0,-0.3999999999999986
gfs_operational_latest,KXHIGHNY-26MAY01,2026-05-01,d0_0600,nws_cli_knyc,FULL_OPERATIONAL_REPLAY,5,spring,65.8,64.0,-1.7999999999999972
gfs_operational_latest,KXHIGHNY-26MAY02,2026-05-02,d0_0600,nws_cli_knyc,FULL_OPERATIONAL_REPLAY,5,spring,59.8,61.0,1.2000000000000028
gfs_operational_latest,KXHIGHNY-26MAY03,2026-05-03,d0_0600,nws_cli_knyc,FULL_OPERATIONAL_REPLAY,5,spring,59.8,59.0,-0.7999999999999972
gfs_operational_latest,KXHIGHNY-26MAY04,2026-05-04,d0_0600,nws_cli_knyc,FULL_OPERATIONAL_REPLAY,5,spring,71.5,72.0,0.5
gfs_operational_latest,KXHIGHNY-26MAY05,2026-05-05,d0_0600,nws_cli_knyc,FULL_OPERATIONAL_REPLAY,5,spring,83.4,81.0,-2.4000000000000057
gfs_operational_latest,KXHIGHNY-26MAY06,2026-05-06,d0_0600,nws_cli_knyc,FULL_OPERATIONAL_REPLAY,5,spring,71.9,71.0,-0.9000000000000057
gfs_operational_latest,KXHIGHNY-26MAY07,2026-05-07,d0_0600,nws_cli_knyc,FULL_OPERATIONAL_REPLAY,5,spring,66.3,64.0,-2.299999999999997
gfs_operational_latest,KXHIGHNY-26MAY08,2026-05-08,d0_0600,nws_cli_knyc,FULL_OPERATIONAL_REPLAY,5,spring,64.0,63.0,-1.0
gfs_operational_latest,KXHIGHNY-26MAY09,2026-05-09,d0_0600,nws_cli_knyc,FULL_OPERATIONAL_REPLAY,5,spring,65.8,65.0,-0.7999999999999972
gfs_operational_latest,KXHIGHNY-26MAY10,2026-05-10,d0_0600,nws_cli_knyc,FULL_OPERATIONAL_REPLAY,5,spring,76.6,73.0,-3.5999999999999943
gfs_operational_latest,KXHIGHNY-26MAY11,2026-05-11,d0_0600,nws_cli_knyc,FULL_OPERATIONAL_REPLAY,5,spring,62.7,61.0,-1.7000000000000028
gfs_operational_latest,KXHIGHNY-26MAY12,2026-05-12,d0_0600,nws_cli_knyc,FULL_OPERATIONAL_REPLAY,5,spring,67.7,66.0,-1.7000000000000028
gfs_operational_latest,KXHIGHNY-26MAY13,2026-05-13,d0_0600,nws_cli_knyc,FULL_OPERATIONAL_REPLAY,5,spring,73.9,72.0,-1.9000000000000057
gfs_operational_latest,KXHIGHNY-26MAY14,2026-05-14,d0_0600,nws_cli_knyc,FULL_OPERATIONAL_REPLAY,5,spring,62.7,66.0,3.299999999999997
gfs_operational_latest,KXHIGHNY-26MAY15,2026-05-15,d0_0600,nws_cli_knyc,FULL_OPERATIONAL_REPLAY,5,spring,65.2,66.0,0.7999999999999972
gfs_operational_latest,KXHIGHNY-26MAY16,2026-05-16,d0_0600,nws_cli_knyc,FULL_OPERATIONAL_REPLAY,5,spring,82.0,80.0,-2.0
gfs_operational_latest,KXHIGHNY-26MAY17,2026-05-17,d0_0600,nws_cli_knyc,FULL_OPERATIONAL_REPLAY,5,spring,90.4,87.0,-3.4000000000000057
gfs_operational_latest,KXHIGHNY-26MAY18,2026-05-18,d0_0600,nws_cli_knyc,FULL_OPERATIONAL_REPLAY,5,spring,90.6,88.0,-2.5999999999999943
gfs_operational_latest,KXHIGHNY-26MAY19,2026-05-19,d0_0600,nws_cli_knyc,FULL_OPERATIONAL_REPLAY,5,spring,96.5,93.0,-3.5
gfs_operational_latest,KXHIGHNY-26MAY20,2026-05-20,d0_0600,nws_cli_knyc,FULL_OPERATIONAL_REPLAY,5,spring,95.5,92.0,-3.5
gfs_operational_latest,KXHIGHNY-26MAY21,2026-05-21,d0_0600,nws_cli_knyc,FULL_OPERATIONAL_REPLAY,5,spring,65.0,66.0,1.0
gfs_operational_latest,KXHIGHNY-26MAY22,2026-05-22,d0_0600,nws_cli_knyc,FULL_OPERATIONAL_REPLAY,5,spring,70.3,68.0,-2.299999999999997
gfs_operational_latest,KXHIGHNY-26MAY23,2026-05-23,d0_0600,nws_cli_knyc,FULL_OPERATIONAL_REPLAY,5,spring,58.7,57.0,-1.7000000000000028
gfs_operational_latest,KXHIGHNY-26MAY24,2026-05-24,d0_0600,nws_cli_knyc,FULL_OPERATIONAL_REPLAY,5,spring,55.5,56.0,0.5
gfs_operational_latest,KXHIGHNY-26MAY25,2026-05-25,d0_0600,nws_cli_knyc,FULL_OPERATIONAL_REPLAY,5,spring,73.1,73.0,-0.09999999999999432
gfs_operational_latest,KXHIGHNY-26MAY26,2026-05-26,d0_0600,nws_cli_knyc,FULL_OPERATIONAL_REPLAY,5,spring,83.2,79.0,-4.200000000000003
gfs_operational_latest,KXHIGHNY-26MAY27,2026-05-27,d0_0600,nws_cli_knyc,FULL_OPERATIONAL_REPLAY,5,spring,85.2,81.0,-4.200000000000003
gfs_operational_latest,KXHIGHNY-26MAY28,2026-05-28,d0_0600,nws_cli_knyc,FULL_OPERATIONAL_REPLAY,5,spring,76.2,75.0,-1.2000000000000028
gfs_operational_latest,KXHIGHNY-26MAY29,2026-05-29,d0_0600,nws_cli_knyc,FULL_OPERATIONAL_REPLAY,5,spring,80.2,75.0,-5.200000000000003
gfs_operational_latest,KXHIGHNY-26MAY30,2026-05-30,d0_0600,nws_cli_knyc,FULL_OPERATIONAL_REPLAY,5,spring,68.0,69.0,1.0
gfs_operational_latest,KXHIGHNY-26MAY31,2026-05-31,d0_0600,nws_cli_knyc,FULL_OPERATIONAL_REPLAY,5,spring,77.1,75.0,-2.0999999999999943
gfs_operational_latest,KXHIGHNY-26JUN01,2026-06-01,d0_0600,nws_cli_knyc,FULL_OPERATIONAL_REPLAY,6,summer,75.1,71.0,-4.099999999999994
gfs_operational_latest,KXHIGHNY-26JUN02,2026-06-02,d0_0600,nws_cli_knyc,FULL_OPERATIONAL_REPLAY,6,summer,78.7,76.0,-2.700000000000003
gfs_operational_latest,KXHIGHNY-26JUN03,2026-06-03,d0_0600,nws_cli_knyc,FULL_OPERATIONAL_REPLAY,6,summer,84.5,83.0,-1.5
gfs_operational_latest,KXHIGHNY-26JUN04,2026-06-04,d0_0600,nws_cli_knyc,FULL_OPERATIONAL_REPLAY,6,summer,88.1,86.0,-2.0999999999999943
gfs_operational_latest,KXHIGHNY-26JUN05,2026-06-05,d0_0600,nws_cli_knyc,FULL_OPERATIONAL_REPLAY,6,summer,92.2,88.0,-4.200000000000003
gfs_operational_latest,KXHIGHNY-26JUN06,2026-06-06,d0_0600,nws_cli_knyc,FULL_OPERATIONAL_REPLAY,6,summer,91.7,87.0,-4.700000000000003
gfs_operational_latest,KXHIGHNY-26JUN07,2026-06-07,d0_0600,nws_cli_knyc,FULL_OPERATIONAL_REPLAY,6,summer,83.4,81.0,-2.4000000000000057
gfs_operational_latest,KXHIGHNY-26JUN08,2026-06-08,d0_0600,nws_cli_knyc,FULL_OPERATIONAL_REPLAY,6,summer,79.8,75.0,-4.799999999999997
gfs_operational_latest,KXHIGHNY-26JUN09,2026-06-09,d0_0600,nws_cli_knyc,FULL_OPERATIONAL_REPLAY,6,summer,84.3,79.0,-5.299999999999997
gfs_operational_latest,KXHIGHNY-26JUN10,2026-06-10,d0_0600,nws_cli_knyc,FULL_OPERATIONAL_REPLAY,6,summer,87.9,82.0,-5.900000000000006
gfs_operational_latest,KXHIGHNY-26JUN12,2026-06-12,d0_0600,nws_cli_knyc,FULL_OPERATIONAL_REPLAY,6,summer,99.2,90.0,-9.200000000000003
gfs_operational_latest,KXHIGHNY-26JUN13,2026-06-13,d0_0600,nws_cli_knyc,FULL_OPERATIONAL_REPLAY,6,summer,91.7,85.0,-6.700000000000003
gfs_operational_latest,KXHIGHNY-26JUN14,2026-06-14,d0_0600,nws_cli_knyc,FULL_OPERATIONAL_REPLAY,6,summer,93.3,87.0,-6.299999999999997
gfs_operational_latest,KXHIGHNY-26JUN15,2026-06-15,d0_0600,nws_cli_knyc,FULL_OPERATIONAL_REPLAY,6,summer,81.2,74.0,-7.200000000000003
gfs_operational_latest,KXHIGHNY-26JUN16,2026-06-16,d0_0600,nws_cli_knyc,FULL_OPERATIONAL_REPLAY,6,summer,80.7,76.0,-4.700000000000003
gfs_operational_latest,KXHIGHNY-26JUN17,2026-06-17,d0_0600,nws_cli_knyc,FULL_OPERATIONAL_REPLAY,6,summer,82.7,78.0,-4.700000000000003
gfs_operational_latest,KXHIGHNY-26JUN18,2026-06-18,d0_0600,nws_cli_knyc,FULL_OPERATIONAL_REPLAY,6,summer,89.0,86.0,-3.0
gfs_operational_latest,KXHIGHNY-26JUN19,2026-06-19,d0_0600,nws_cli_knyc,FULL_OPERATIONAL_REPLAY,6,summer,85.6,81.0,-4.599999999999994
gfs_operational_latest,KXHIGHNY-26JUN20,2026-06-20,d0_0600,nws_cli_knyc,FULL_OPERATIONAL_REPLAY,6,summer,84.5,81.0,-3.5
gfs_operational_latest,KXHIGHNY-26JUN21,2026-06-21,d0_0600,nws_cli_knyc,FULL_OPERATIONAL_REPLAY,6,summer,83.0,82.0,-1.0
gfs_operational_latest,KXHIGHNY-26JUN22,2026-06-22,d0_0600,nws_cli_knyc,FULL_OPERATIONAL_REPLAY,6,summer,78.9,73.0,-5.900000000000006
gfs_operational_latest,KXHIGHNY-26JUN23,2026-06-23,d0_0600,nws_cli_knyc,FULL_OPERATIONAL_REPLAY,6,summer,71.5,71.0,-0.5
gfs_operational_latest,KXHIGHNY-26JUN24,2026-06-24,d0_0600,nws_cli_knyc,FULL_OPERATIONAL_REPLAY,6,summer,84.8,82.0,-2.799999999999997
gfs_operational_latest,KXHIGHNY-26JUN25,2026-06-25,d0_0600,nws_cli_knyc,FULL_OPERATIONAL_REPLAY,6,summer,85.7,83.0,-2.700000000000003
gfs_operational_latest,KXHIGHNY-26JUN26,2026-06-26,d0_0600,nws_cli_knyc,FULL_OPERATIONAL_REPLAY,6,summer,87.7,80.0,-7.700000000000003
gfs_operational_latest,KXHIGHNY-26JUN27,2026-06-27,d0_0600,nws_cli_knyc,FULL_OPERATIONAL_REPLAY,6,summer,83.2,78.0,-5.200000000000003
gfs_operational_latest,KXHIGHNY-26JUN28,2026-06-28,d0_0600,nws_cli_knyc,FULL_OPERATIONAL_REPLAY,6,summer,87.4,82.0,-5.400000000000006
gfs_operational_latest,KXHIGHNY-26JUN29,2026-06-29,d0_0600,nws_cli_knyc,FULL_OPERATIONAL_REPLAY,6,summer,90.6,88.0,-2.5999999999999943
gfs_operational_latest,KXHIGHNY-26JUN30,2026-06-30,d0_0600,nws_cli_knyc,FULL_OPERATIONAL_REPLAY,6,summer,92.4,87.0,-5.400000000000006
gfs_operational_latest,KXHIGHNY-26JUL01,2026-07-01,d0_0600,nws_cli_knyc,FULL_OPERATIONAL_REPLAY,7,summer,98.0,93.0,-5.0
gfs_operational_latest,KXHIGHNY-26JUL02,2026-07-02,d0_0600,nws_cli_knyc,FULL_OPERATIONAL_REPLAY,7,summer,105.4,100.0,-5.400000000000006
gfs_operational_latest,KXHIGHNY-26JUL03,2026-07-03,d0_0600,nws_cli_knyc,FULL_OPERATIONAL_REPLAY,7,summer,104.3,98.0,-6.299999999999997
gfs_operational_latest,KXHIGHNY-26JUL04,2026-07-04,d0_0600,nws_cli_knyc,FULL_OPERATIONAL_REPLAY,7,summer,103.0,94.0,-9.0
gfs_operational_latest,KXHIGHNY-26JUL05,2026-07-05,d0_0600,nws_cli_knyc,FULL_OPERATIONAL_REPLAY,7,summer,88.4,81.0,-7.400000000000006
gfs_operational_latest,KXHIGHNY-26JUL06,2026-07-06,d0_0600,nws_cli_knyc,FULL_OPERATIONAL_REPLAY,7,summer,72.6,69.0,-3.5999999999999943
gfs_operational_latest,KXHIGHNY-26JUL07,2026-07-07,d0_0600,nws_cli_knyc,FULL_OPERATIONAL_REPLAY,7,summer,69.7,70.0,0.29999999999999716
gfs_operational_latest,KXHIGHNY-26JUL08,2026-07-08,d0_0600,nws_cli_knyc,FULL_OPERATIONAL_REPLAY,7,summer,88.4,85.0,-3.4000000000000057
gfs_operational_latest,KXHIGHNY-26JUL09,2026-07-09,d0_0600,nws_cli_knyc,FULL_OPERATIONAL_REPLAY,7,summer,91.1,82.0,-9.099999999999994
gfs_operational_latest,KXHIGHNY-26JUL10,2026-07-10,d0_0600,nws_cli_knyc,FULL_OPERATIONAL_REPLAY,7,summer,91.9,85.0,-6.900000000000006
gfs_operational_latest,KXHIGHNY-26JUL11,2026-07-11,d0_0600,nws_cli_knyc,FULL_OPERATIONAL_REPLAY,7,summer,87.4,82.0,-5.400000000000006
gfs_operational_latest,KXHIGHNY-26JUL12,2026-07-12,d0_0600,nws_cli_knyc,FULL_OPERATIONAL_REPLAY,7,summer,88.3,84.0,-4.299999999999997
gfs_operational_latest,KXHIGHNY-26JUL13,2026-07-13,d0_0600,nws_cli_knyc,FULL_OPERATIONAL_REPLAY,7,summer,88.1,84.0,-4.099999999999994
gfs_operational_latest,KXHIGHNY-26JUL14,2026-07-14,d0_0600,nws_cli_knyc,FULL_OPERATIONAL_REPLAY,7,summer,98.9,90.0,-8.900000000000006
gfs_operational_latest,KXHIGHNY-26JUL15,2026-07-15,d0_0600,nws_cli_knyc,FULL_OPERATIONAL_REPLAY,7,summer,100.9,95.0,-5.900000000000006
gfs_operational_latest,KXHIGHNY-26JUL16,2026-07-16,d0_0600,nws_cli_knyc,FULL_OPERATIONAL_REPLAY,7,summer,97.6,85.0,-12.599999999999994
gfs_operational_latest,KXHIGHNY-26JUL17,2026-07-17,d0_0600,nws_cli_knyc,FULL_OPERATIONAL_REPLAY,7,summer,90.4,86.0,-4.400000000000006
gfs_operational_latest,KXHIGHNY-26JUL18,2026-07-18,d0_0600,nws_cli_knyc,FULL_OPERATIONAL_REPLAY,7,summer,82.0,76.0,-6.0
gfs_operational_latest,KXHIGHNY-26JUL19,2026-07-19,d0_0600,nws_cli_knyc,FULL_OPERATIONAL_REPLAY,7,summer,83.6,79.0,-4.599999999999994
gfs_operational_latest,KXHIGHNY-26JUL20,2026-07-20,d0_0600,nws_cli_knyc,FULL_OPERATIONAL_REPLAY,7,summer,85.2,81.0,-4.200000000000003
gfs_operational_latest,KXHIGHNY-26JUL21,2026-07-21,d0_0600,nws_cli_knyc,FULL_OPERATIONAL_REPLAY,7,summer,85.4,81.0,-4.400000000000006
gfs_operational_latest,KXHIGHNY-26JUL22,2026-07-22,d0_0600,nws_cli_knyc,FULL_OPERATIONAL_REPLAY,7,summer,85.2,85.0,-0.20000000000000284
gfs_operational_latest,KXHIGHNY-26JUL23,2026-07-23,d0_0600,nws_cli_knyc,FULL_OPERATIONAL_REPLAY,7,summer,86.3,79.0,-7.299999999999997
gfs_operational_latest,KXHIGHNY-26JUL24,2026-07-24,d0_0600,nws_cli_knyc,FULL_OPERATIONAL_REPLAY,7,summer,87.0,83.0,-4.0
gfs_operational_latest,KXHIGHNY-26JUL25,2026-07-25,d0_0600,nws_cli_knyc,FULL_OPERATIONAL_REPLAY,7,summer,85.2,81.0,-4.200000000000003
gfs_operational_latest,KXHIGHNY-26MAY21,2026-05-21,d0_0900,nws_cli_knyc,FULL_OPERATIONAL_REPLAY,5,spring,66.1,66.0,-0.09999999999999432
gfs_operational_latest,KXHIGHNY-26MAY26,2026-05-26,d0_0900,nws_cli_knyc,FULL_OPERATIONAL_REPLAY,5,spring,83.8,79.0,-4.799999999999997
gfs_operational_latest,KXHIGHNY-26MAY27,2026-05-27,d0_0900,nws_cli_knyc,FULL_OPERATIONAL_REPLAY,5,spring,87.7,81.0,-6.700000000000003
gfs_operational_latest,KXHIGHNY-26MAY28,2026-05-28,d0_0900,nws_cli_knyc,FULL_OPERATIONAL_REPLAY,5,spring,75.8,75.0,-0.7999999999999972
gfs_operational_latest,KXHIGHNY-26MAY29,2026-05-29,d0_0900,nws_cli_knyc,FULL_OPERATIONAL_REPLAY,5,spring,80.3,75.0,-5.299999999999997
gfs_operational_latest,KXHIGHNY-26MAY30,2026-05-30,d0_0900,nws_cli_knyc,FULL_OPERATIONAL_REPLAY,5,spring,68.0,69.0,1.0
gfs_operational_latest,KXHIGHNY-26MAY31,2026-05-31,d0_0900,nws_cli_knyc,FULL_OPERATIONAL_REPLAY,5,spring,76.9,75.0,-1.9000000000000057
gfs_operational_latest,KXHIGHNY-26JUN01,2026-06-01,d0_0900,nws_cli_knyc,FULL_OPERATIONAL_REPLAY,6,summer,74.9,71.0,-3.9000000000000057
gfs_operational_latest,KXHIGHNY-26JUN02,2026-06-02,d0_0900,nws_cli_knyc,FULL_OPERATIONAL_REPLAY,6,summer,78.7,76.0,-2.700000000000003
gfs_operational_latest,KXHIGHNY-26JUN03,2026-06-03,d0_0900,nws_cli_knyc,FULL_OPERATIONAL_REPLAY,6,summer,84.8,83.0,-1.7999999999999972
gfs_operational_latest,KXHIGHNY-26JUN04,2026-06-04,d0_0900,nws_cli_knyc,FULL_OPERATIONAL_REPLAY,6,summer,88.8,86.0,-2.799999999999997
gfs_operational_latest,KXHIGHNY-26JUN05,2026-06-05,d0_0900,nws_cli_knyc,FULL_OPERATIONAL_REPLAY,6,summer,92.6,88.0,-4.599999999999994
gfs_operational_latest,KXHIGHNY-26JUN06,2026-06-06,d0_0900,nws_cli_knyc,FULL_OPERATIONAL_REPLAY,6,summer,91.7,87.0,-4.700000000000003
gfs_operational_latest,KXHIGHNY-26JUN07,2026-06-07,d0_0900,nws_cli_knyc,FULL_OPERATIONAL_REPLAY,6,summer,85.2,81.0,-4.200000000000003
gfs_operational_latest,KXHIGHNY-26JUN08,2026-06-08,d0_0900,nws_cli_knyc,FULL_OPERATIONAL_REPLAY,6,summer,80.0,75.0,-5.0
gfs_operational_latest,KXHIGHNY-26JUN09,2026-06-09,d0_0900,nws_cli_knyc,FULL_OPERATIONAL_REPLAY,6,summer,84.5,79.0,-5.5
gfs_operational_latest,KXHIGHNY-26JUN10,2026-06-10,d0_0900,nws_cli_knyc,FULL_OPERATIONAL_REPLAY,6,summer,87.2,82.0,-5.200000000000003
gfs_operational_latest,KXHIGHNY-26JUN12,2026-06-12,d0_0900,nws_cli_knyc,FULL_OPERATIONAL_REPLAY,6,summer,97.4,90.0,-7.400000000000006
gfs_operational_latest,KXHIGHNY-26JUN13,2026-06-13,d0_0900,nws_cli_knyc,FULL_OPERATIONAL_REPLAY,6,summer,91.9,85.0,-6.900000000000006
gfs_operational_latest,KXHIGHNY-26JUN14,2026-06-14,d0_0900,nws_cli_knyc,FULL_OPERATIONAL_REPLAY,6,summer,92.6,87.0,-5.599999999999994
gfs_operational_latest,KXHIGHNY-26JUN15,2026-06-15,d0_0900,nws_cli_knyc,FULL_OPERATIONAL_REPLAY,6,summer,80.9,74.0,-6.900000000000006
gfs_operational_latest,KXHIGHNY-26JUN16,2026-06-16,d0_0900,nws_cli_knyc,FULL_OPERATIONAL_REPLAY,6,summer,80.9,76.0,-4.900000000000006
gfs_operational_latest,KXHIGHNY-26JUN17,2026-06-17,d0_0900,nws_cli_knyc,FULL_OPERATIONAL_REPLAY,6,summer,81.6,78.0,-3.5999999999999943
gfs_operational_latest,KXHIGHNY-26JUN18,2026-06-18,d0_0900,nws_cli_knyc,FULL_OPERATIONAL_REPLAY,6,summer,89.7,86.0,-3.700000000000003
gfs_operational_latest,KXHIGHNY-26JUN19,2026-06-19,d0_0900,nws_cli_knyc,FULL_OPERATIONAL_REPLAY,6,summer,85.7,81.0,-4.700000000000003
gfs_operational_latest,KXHIGHNY-26JUN20,2026-06-20,d0_0900,nws_cli_knyc,FULL_OPERATIONAL_REPLAY,6,summer,84.7,81.0,-3.700000000000003
gfs_operational_latest,KXHIGHNY-26JUN21,2026-06-21,d0_0900,nws_cli_knyc,FULL_OPERATIONAL_REPLAY,6,summer,82.0,82.0,0.0
gfs_operational_latest,KXHIGHNY-26JUN22,2026-06-22,d0_0900,nws_cli_knyc,FULL_OPERATIONAL_REPLAY,6,summer,77.3,73.0,-4.299999999999997
gfs_operational_latest,KXHIGHNY-26JUN23,2026-06-23,d0_0900,nws_cli_knyc,FULL_OPERATIONAL_REPLAY,6,summer,71.6,71.0,-0.5999999999999943
gfs_operational_latest,KXHIGHNY-26JUN24,2026-06-24,d0_0900,nws_cli_knyc,FULL_OPERATIONAL_REPLAY,6,summer,85.0,82.0,-3.0
gfs_operational_latest,KXHIGHNY-26JUN25,2026-06-25,d0_0900,nws_cli_knyc,FULL_OPERATIONAL_REPLAY,6,summer,86.1,83.0,-3.0999999999999943
gfs_operational_latest,KXHIGHNY-26JUN26,2026-06-26,d0_0900,nws_cli_knyc,FULL_OPERATIONAL_REPLAY,6,summer,87.4,80.0,-7.400000000000006
gfs_operational_latest,KXHIGHNY-26JUN27,2026-06-27,d0_0900,nws_cli_knyc,FULL_OPERATIONAL_REPLAY,6,summer,79.4,78.0,-1.4000000000000057
gfs_operational_latest,KXHIGHNY-26JUN28,2026-06-28,d0_0900,nws_cli_knyc,FULL_OPERATIONAL_REPLAY,6,summer,85.9,82.0,-3.9000000000000057
gfs_operational_latest,KXHIGHNY-26JUN29,2026-06-29,d0_0900,nws_cli_knyc,FULL_OPERATIONAL_REPLAY,6,summer,92.0,88.0,-4.0
gfs_operational_latest,KXHIGHNY-26JUN30,2026-06-30,d0_0900,nws_cli_knyc,FULL_OPERATIONAL_REPLAY,6,summer,92.9,87.0,-5.900000000000006
gfs_operational_latest,KXHIGHNY-26JUL01,2026-07-01,d0_0900,nws_cli_knyc,FULL_OPERATIONAL_REPLAY,7,summer,98.3,93.0,-5.299999999999997
gfs_operational_latest,KXHIGHNY-26JUL02,2026-07-02,d0_0900,nws_cli_knyc,FULL_OPERATIONAL_REPLAY,7,summer,104.8,100.0,-4.799999999999997
gfs_operational_latest,KXHIGHNY-26JUL03,2026-07-03,d0_0900,nws_cli_knyc,FULL_OPERATIONAL_REPLAY,7,summer,104.8,98.0,-6.799999999999997
gfs_operational_latest,KXHIGHNY-26JUL04,2026-07-04,d0_0900,nws_cli_knyc,FULL_OPERATIONAL_REPLAY,7,summer,103.4,94.0,-9.400000000000006
gfs_operational_latest,KXHIGHNY-26JUL05,2026-07-05,d0_0900,nws_cli_knyc,FULL_OPERATIONAL_REPLAY,7,summer,87.2,81.0,-6.200000000000003
gfs_operational_latest,KXHIGHNY-26JUL06,2026-07-06,d0_0900,nws_cli_knyc,FULL_OPERATIONAL_REPLAY,7,summer,72.6,69.0,-3.5999999999999943
gfs_operational_latest,KXHIGHNY-26JUL07,2026-07-07,d0_0900,nws_cli_knyc,FULL_OPERATIONAL_REPLAY,7,summer,69.0,70.0,1.0
gfs_operational_latest,KXHIGHNY-26JUL08,2026-07-08,d0_0900,nws_cli_knyc,FULL_OPERATIONAL_REPLAY,7,summer,88.6,85.0,-3.5999999999999943
gfs_operational_latest,KXHIGHNY-26JUL09,2026-07-09,d0_0900,nws_cli_knyc,FULL_OPERATIONAL_REPLAY,7,summer,87.9,82.0,-5.900000000000006
gfs_operational_latest,KXHIGHNY-26JUL10,2026-07-10,d0_0900,nws_cli_knyc,FULL_OPERATIONAL_REPLAY,7,summer,90.8,85.0,-5.799999999999997
gfs_operational_latest,KXHIGHNY-26JUL11,2026-07-11,d0_0900,nws_cli_knyc,FULL_OPERATIONAL_REPLAY,7,summer,86.6,82.0,-4.599999999999994
gfs_operational_latest,KXHIGHNY-26JUL12,2026-07-12,d0_0900,nws_cli_knyc,FULL_OPERATIONAL_REPLAY,7,summer,88.6,84.0,-4.599999999999994
gfs_operational_latest,KXHIGHNY-26JUL13,2026-07-13,d0_0900,nws_cli_knyc,FULL_OPERATIONAL_REPLAY,7,summer,87.7,84.0,-3.700000000000003
gfs_operational_latest,KXHIGHNY-26JUL14,2026-07-14,d0_0900,nws_cli_knyc,FULL_OPERATIONAL_REPLAY,7,summer,99.6,90.0,-9.599999999999994
gfs_operational_latest,KXHIGHNY-26JUL15,2026-07-15,d0_0900,nws_cli_knyc,FULL_OPERATIONAL_REPLAY,7,summer,101.8,95.0,-6.799999999999997
gfs_operational_latest,KXHIGHNY-26JUL16,2026-07-16,d0_0900,nws_cli_knyc,FULL_OPERATIONAL_REPLAY,7,summer,98.2,85.0,-13.200000000000003
gfs_operational_latest,KXHIGHNY-26JUL17,2026-07-17,d0_0900,nws_cli_knyc,FULL_OPERATIONAL_REPLAY,7,summer,91.3,86.0,-5.299999999999997
gfs_operational_latest,KXHIGHNY-26JUL18,2026-07-18,d0_0900,nws_cli_knyc,FULL_OPERATIONAL_REPLAY,7,summer,82.0,76.0,-6.0
gfs_operational_latest,KXHIGHNY-26JUL19,2026-07-19,d0_0900,nws_cli_knyc,FULL_OPERATIONAL_REPLAY,7,summer,84.8,79.0,-5.799999999999997
gfs_operational_latest,KXHIGHNY-26JUL20,2026-07-20,d0_0900,nws_cli_knyc,FULL_OPERATIONAL_REPLAY,7,summer,85.7,81.0,-4.700000000000003
gfs_operational_latest,KXHIGHNY-26JUL21,2026-07-21,d0_0900,nws_cli_knyc,FULL_OPERATIONAL_REPLAY,7,summer,87.4,81.0,-6.400000000000006
gfs_operational_latest,KXHIGHNY-26JUL22,2026-07-22,d0_0900,nws_cli_knyc,FULL_OPERATIONAL_REPLAY,7,summer,85.9,85.0,-0.9000000000000057
gfs_operational_latest,KXHIGHNY-26JUL23,2026-07-23,d0_0900,nws_cli_knyc,FULL_OPERATIONAL_REPLAY,7,summer,85.7,79.0,-6.700000000000003
gfs_operational_latest,KXHIGHNY-26JUL24,2026-07-24,d0_0900,nws_cli_knyc,FULL_OPERATIONAL_REPLAY,7,summer,87.0,83.0,-4.0
gfs_operational_latest,KXHIGHNY-26JUL25,2026-07-25,d0_0900,nws_cli_knyc,FULL_OPERATIONAL_REPLAY,7,summer,86.1,81.0,-5.099999999999994
gfs_operational_latest,KXHIGHNY-26APR02,2026-04-02,d0_1200,nws_cli_knyc,FULL_OPERATIONAL_REPLAY,4,spring,51.0,51.0,0.0
gfs_operational_latest,KXHIGHNY-26APR03,2026-04-03,d0_1200,nws_cli_knyc,FULL_OPERATIONAL_REPLAY,4,spring,72.1,66.0,-6.099999999999994
gfs_operational_latest,KXHIGHNY-26APR04,2026-04-04,d0_1200,nws_cli_knyc,FULL_OPERATIONAL_REPLAY,4,spring,70.3,73.0,2.700000000000003
gfs_operational_latest,KXHIGHNY-26APR05,2026-04-05,d0_1200,nws_cli_knyc,FULL_OPERATIONAL_REPLAY,4,spring,56.2,57.0,0.7999999999999972
gfs_operational_latest,KXHIGHNY-26APR06,2026-04-06,d0_1200,nws_cli_knyc,FULL_OPERATIONAL_REPLAY,4,spring,55.7,56.0,0.29999999999999716
gfs_operational_latest,KXHIGHNY-26APR07,2026-04-07,d0_1200,nws_cli_knyc,FULL_OPERATIONAL_REPLAY,4,spring,51.5,56.0,4.5
gfs_operational_latest,KXHIGHNY-26APR08,2026-04-08,d0_1200,nws_cli_knyc,FULL_OPERATIONAL_REPLAY,4,spring,50.3,51.0,0.7000000000000028
gfs_operational_latest,KXHIGHNY-26APR09,2026-04-09,d0_1200,nws_cli_knyc,FULL_OPERATIONAL_REPLAY,4,spring,51.5,51.0,-0.5
gfs_operational_latest,KXHIGHNY-26APR10,2026-04-10,d0_1200,nws_cli_knyc,FULL_OPERATIONAL_REPLAY,4,spring,63.6,63.0,-0.6000000000000014
gfs_operational_latest,KXHIGHNY-26APR11,2026-04-11,d0_1200,nws_cli_knyc,FULL_OPERATIONAL_REPLAY,4,spring,61.4,63.0,1.6000000000000014
gfs_operational_latest,KXHIGHNY-26APR12,2026-04-12,d0_1200,nws_cli_knyc,FULL_OPERATIONAL_REPLAY,4,spring,56.0,55.0,-1.0
gfs_operational_latest,KXHIGHNY-26APR13,2026-04-13,d0_1200,nws_cli_knyc,FULL_OPERATIONAL_REPLAY,4,spring,79.4,79.0,-0.4000000000000057
gfs_operational_latest,KXHIGHNY-26APR14,2026-04-14,d0_1200,nws_cli_knyc,FULL_OPERATIONAL_REPLAY,4,spring,84.3,87.0,2.700000000000003
gfs_operational_latest,KXHIGHNY-26APR15,2026-04-15,d0_1200,nws_cli_knyc,FULL_OPERATIONAL_REPLAY,4,spring,87.9,90.0,2.0999999999999943
gfs_operational_latest,KXHIGHNY-26APR16,2026-04-16,d0_1200,nws_cli_knyc,FULL_OPERATIONAL_REPLAY,4,spring,89.3,89.0,-0.29999999999999716
gfs_operational_latest,KXHIGHNY-26APR17,2026-04-17,d0_1200,nws_cli_knyc,FULL_OPERATIONAL_REPLAY,4,spring,77.5,81.0,3.5
gfs_operational_latest,KXHIGHNY-26APR18,2026-04-18,d0_1200,nws_cli_knyc,FULL_OPERATIONAL_REPLAY,4,spring,71.2,66.0,-5.200000000000003
gfs_operational_latest,KXHIGHNY-26APR19,2026-04-19,d0_1200,nws_cli_knyc,FULL_OPERATIONAL_REPLAY,4,spring,53.0,53.0,0.0
gfs_operational_latest,KXHIGHNY-26APR20,2026-04-20,d0_1200,nws_cli_knyc,FULL_OPERATIONAL_REPLAY,4,spring,51.2,51.0,-0.20000000000000284
gfs_operational_latest,KXHIGHNY-26APR21,2026-04-21,d0_1200,nws_cli_knyc,FULL_OPERATIONAL_REPLAY,4,spring,54.1,54.0,-0.10000000000000142
gfs_operational_latest,KXHIGHNY-26APR22,2026-04-22,d0_1200,nws_cli_knyc,FULL_OPERATIONAL_REPLAY,4,spring,52.3,56.0,3.700000000000003
gfs_operational_latest,KXHIGHNY-26APR23,2026-04-23,d0_1200,nws_cli_knyc,FULL_OPERATIONAL_REPLAY,4,spring,71.0,73.0,2.0
gfs_operational_latest,KXHIGHNY-26APR24,2026-04-24,d0_1200,nws_cli_knyc,FULL_OPERATIONAL_REPLAY,4,spring,69.5,68.0,-1.5
gfs_operational_latest,KXHIGHNY-26APR25,2026-04-25,d0_1200,nws_cli_knyc,FULL_OPERATIONAL_REPLAY,4,spring,50.0,50.0,0.0
gfs_operational_latest,KXHIGHNY-26APR26,2026-04-26,d0_1200,nws_cli_knyc,FULL_OPERATIONAL_REPLAY,4,spring,55.3,57.0,1.7000000000000028
gfs_operational_latest,KXHIGHNY-26APR27,2026-04-27,d0_1200,nws_cli_knyc,FULL_OPERATIONAL_REPLAY,4,spring,67.9,68.0,0.09999999999999432
gfs_operational_latest,KXHIGHNY-26APR28,2026-04-28,d0_1200,nws_cli_knyc,FULL_OPERATIONAL_REPLAY,4,spring,66.3,65.0,-1.2999999999999972
gfs_operational_latest,KXHIGHNY-26APR29,2026-04-29,d0_1200,nws_cli_knyc,FULL_OPERATIONAL_REPLAY,4,spring,61.8,62.0,0.20000000000000284
gfs_operational_latest,KXHIGHNY-26APR30,2026-04-30,d0_1200,nws_cli_knyc,FULL_OPERATIONAL_REPLAY,4,spring,61.3,60.0,-1.2999999999999972
gfs_operational_latest,KXHIGHNY-26MAY01,2026-05-01,d0_1200,nws_cli_knyc,FULL_OPERATIONAL_REPLAY,5,spring,66.1,64.0,-2.0999999999999943
gfs_operational_latest,KXHIGHNY-26MAY02,2026-05-02,d0_1200,nws_cli_knyc,FULL_OPERATIONAL_REPLAY,5,spring,59.5,61.0,1.5
gfs_operational_latest,KXHIGHNY-26MAY03,2026-05-03,d0_1200,nws_cli_knyc,FULL_OPERATIONAL_REPLAY,5,spring,60.2,59.0,-1.2000000000000028
gfs_operational_latest,KXHIGHNY-26MAY04,2026-05-04,d0_1200,nws_cli_knyc,FULL_OPERATIONAL_REPLAY,5,spring,71.9,72.0,0.09999999999999432
gfs_operational_latest,KXHIGHNY-26MAY05,2026-05-05,d0_1200,nws_cli_knyc,FULL_OPERATIONAL_REPLAY,5,spring,83.2,81.0,-2.200000000000003
gfs_operational_latest,KXHIGHNY-26MAY06,2026-05-06,d0_1200,nws_cli_knyc,FULL_OPERATIONAL_REPLAY,5,spring,72.4,71.0,-1.4000000000000057
gfs_operational_latest,KXHIGHNY-26MAY07,2026-05-07,d0_1200,nws_cli_knyc,FULL_OPERATIONAL_REPLAY,5,spring,66.5,64.0,-2.5
gfs_operational_latest,KXHIGHNY-26MAY08,2026-05-08,d0_1200,nws_cli_knyc,FULL_OPERATIONAL_REPLAY,5,spring,63.8,63.0,-0.7999999999999972
gfs_operational_latest,KXHIGHNY-26MAY09,2026-05-09,d0_1200,nws_cli_knyc,FULL_OPERATIONAL_REPLAY,5,spring,65.4,65.0,-0.4000000000000057
gfs_operational_latest,KXHIGHNY-26MAY10,2026-05-10,d0_1200,nws_cli_knyc,FULL_OPERATIONAL_REPLAY,5,spring,76.6,73.0,-3.5999999999999943
gfs_operational_latest,KXHIGHNY-26MAY11,2026-05-11,d0_1200,nws_cli_knyc,FULL_OPERATIONAL_REPLAY,5,spring,64.0,61.0,-3.0
gfs_operational_latest,KXHIGHNY-26MAY12,2026-05-12,d0_1200,nws_cli_knyc,FULL_OPERATIONAL_REPLAY,5,spring,67.9,66.0,-1.9000000000000057
gfs_operational_latest,KXHIGHNY-26MAY13,2026-05-13,d0_1200,nws_cli_knyc,FULL_OPERATIONAL_REPLAY,5,spring,74.4,72.0,-2.4000000000000057
gfs_operational_latest,KXHIGHNY-26MAY14,2026-05-14,d0_1200,nws_cli_knyc,FULL_OPERATIONAL_REPLAY,5,spring,66.5,66.0,-0.5
gfs_operational_latest,KXHIGHNY-26MAY15,2026-05-15,d0_1200,nws_cli_knyc,FULL_OPERATIONAL_REPLAY,5,spring,67.6,66.0,-1.5999999999999943
gfs_operational_latest,KXHIGHNY-26MAY16,2026-05-16,d0_1200,nws_cli_knyc,FULL_OPERATIONAL_REPLAY,5,spring,82.1,80.0,-2.0999999999999943
gfs_operational_latest,KXHIGHNY-26MAY17,2026-05-17,d0_1200,nws_cli_knyc,FULL_OPERATIONAL_REPLAY,5,spring,90.8,87.0,-3.799999999999997
gfs_operational_latest,KXHIGHNY-26MAY18,2026-05-18,d0_1200,nws_cli_knyc,FULL_OPERATIONAL_REPLAY,5,spring,91.5,88.0,-3.5
gfs_operational_latest,KXHIGHNY-26MAY19,2026-05-19,d0_1200,nws_cli_knyc,FULL_OPERATIONAL_REPLAY,5,spring,96.7,93.0,-3.700000000000003
gfs_operational_latest,KXHIGHNY-26MAY20,2026-05-20,d0_1200,nws_cli_knyc,FULL_OPERATIONAL_REPLAY,5,spring,95.6,92.0,-3.5999999999999943
gfs_operational_latest,KXHIGHNY-26MAY21,2026-05-21,d0_1200,nws_cli_knyc,FULL_OPERATIONAL_REPLAY,5,spring,65.0,66.0,1.0
gfs_operational_latest,KXHIGHNY-26MAY22,2026-05-22,d0_1200,nws_cli_knyc,FULL_OPERATIONAL_REPLAY,5,spring,70.3,68.0,-2.299999999999997
gfs_operational_latest,KXHIGHNY-26MAY23,2026-05-23,d0_1200,nws_cli_knyc,FULL_OPERATIONAL_REPLAY,5,spring,56.0,57.0,1.0
gfs_operational_latest,KXHIGHNY-26MAY24,2026-05-24,d0_1200,nws_cli_knyc,FULL_OPERATIONAL_REPLAY,5,spring,55.1,56.0,0.8999999999999986
gfs_operational_latest,KXHIGHNY-26MAY25,2026-05-25,d0_1200,nws_cli_knyc,FULL_OPERATIONAL_REPLAY,5,spring,77.3,73.0,-4.299999999999997
gfs_operational_latest,KXHIGHNY-26MAY26,2026-05-26,d0_1200,nws_cli_knyc,FULL_OPERATIONAL_REPLAY,5,spring,83.8,79.0,-4.799999999999997
gfs_operational_latest,KXHIGHNY-26MAY27,2026-05-27,d0_1200,nws_cli_knyc,FULL_OPERATIONAL_REPLAY,5,spring,87.7,81.0,-6.700000000000003
gfs_operational_latest,KXHIGHNY-26MAY28,2026-05-28,d0_1200,nws_cli_knyc,FULL_OPERATIONAL_REPLAY,5,spring,75.5,75.0,-0.5
gfs_operational_latest,KXHIGHNY-26MAY29,2026-05-29,d0_1200,nws_cli_knyc,FULL_OPERATIONAL_REPLAY,5,spring,80.3,75.0,-5.299999999999997
gfs_operational_latest,KXHIGHNY-26MAY30,2026-05-30,d0_1200,nws_cli_knyc,FULL_OPERATIONAL_REPLAY,5,spring,68.0,69.0,1.0
gfs_operational_latest,KXHIGHNY-26MAY31,2026-05-31,d0_1200,nws_cli_knyc,FULL_OPERATIONAL_REPLAY,5,spring,76.9,75.0,-1.9000000000000057
gfs_operational_latest,KXHIGHNY-26JUN01,2026-06-01,d0_1200,nws_cli_knyc,FULL_OPERATIONAL_REPLAY,6,summer,74.9,71.0,-3.9000000000000057
gfs_operational_latest,KXHIGHNY-26JUN02,2026-06-02,d0_1200,nws_cli_knyc,FULL_OPERATIONAL_REPLAY,6,summer,78.7,76.0,-2.700000000000003
gfs_operational_latest,KXHIGHNY-26JUN03,2026-06-03,d0_1200,nws_cli_knyc,FULL_OPERATIONAL_REPLAY,6,summer,84.8,83.0,-1.7999999999999972
gfs_operational_latest,KXHIGHNY-26JUN04,2026-06-04,d0_1200,nws_cli_knyc,FULL_OPERATIONAL_REPLAY,6,summer,88.8,86.0,-2.799999999999997
gfs_operational_latest,KXHIGHNY-26JUN05,2026-06-05,d0_1200,nws_cli_knyc,FULL_OPERATIONAL_REPLAY,6,summer,92.6,88.0,-4.599999999999994
gfs_operational_latest,KXHIGHNY-26JUN06,2026-06-06,d0_1200,nws_cli_knyc,FULL_OPERATIONAL_REPLAY,6,summer,91.7,87.0,-4.700000000000003
gfs_operational_latest,KXHIGHNY-26JUN07,2026-06-07,d0_1200,nws_cli_knyc,FULL_OPERATIONAL_REPLAY,6,summer,85.2,81.0,-4.200000000000003
gfs_operational_latest,KXHIGHNY-26JUN08,2026-06-08,d0_1200,nws_cli_knyc,FULL_OPERATIONAL_REPLAY,6,summer,80.0,75.0,-5.0
gfs_operational_latest,KXHIGHNY-26JUN09,2026-06-09,d0_1200,nws_cli_knyc,FULL_OPERATIONAL_REPLAY,6,summer,84.5,79.0,-5.5
gfs_operational_latest,KXHIGHNY-26JUN10,2026-06-10,d0_1200,nws_cli_knyc,FULL_OPERATIONAL_REPLAY,6,summer,87.2,82.0,-5.200000000000003
gfs_operational_latest,KXHIGHNY-26JUN12,2026-06-12,d0_1200,nws_cli_knyc,FULL_OPERATIONAL_REPLAY,6,summer,97.4,90.0,-7.400000000000006
gfs_operational_latest,KXHIGHNY-26JUN13,2026-06-13,d0_1200,nws_cli_knyc,FULL_OPERATIONAL_REPLAY,6,summer,91.9,85.0,-6.900000000000006
gfs_operational_latest,KXHIGHNY-26JUN14,2026-06-14,d0_1200,nws_cli_knyc,FULL_OPERATIONAL_REPLAY,6,summer,92.6,87.0,-5.599999999999994
gfs_operational_latest,KXHIGHNY-26JUN15,2026-06-15,d0_1200,nws_cli_knyc,FULL_OPERATIONAL_REPLAY,6,summer,80.9,74.0,-6.900000000000006
gfs_operational_latest,KXHIGHNY-26JUN16,2026-06-16,d0_1200,nws_cli_knyc,FULL_OPERATIONAL_REPLAY,6,summer,80.9,76.0,-4.900000000000006
gfs_operational_latest,KXHIGHNY-26JUN17,2026-06-17,d0_1200,nws_cli_knyc,FULL_OPERATIONAL_REPLAY,6,summer,81.6,78.0,-3.5999999999999943
gfs_operational_latest,KXHIGHNY-26JUN18,2026-06-18,d0_1200,nws_cli_knyc,FULL_OPERATIONAL_REPLAY,6,summer,89.7,86.0,-3.700000000000003
gfs_operational_latest,KXHIGHNY-26JUN19,2026-06-19,d0_1200,nws_cli_knyc,FULL_OPERATIONAL_REPLAY,6,summer,85.7,81.0,-4.700000000000003
gfs_operational_latest,KXHIGHNY-26JUN20,2026-06-20,d0_1200,nws_cli_knyc,FULL_OPERATIONAL_REPLAY,6,summer,84.7,81.0,-3.700000000000003
gfs_operational_latest,KXHIGHNY-26JUN21,2026-06-21,d0_1200,nws_cli_knyc,FULL_OPERATIONAL_REPLAY,6,summer,82.0,82.0,0.0
gfs_operational_latest,KXHIGHNY-26JUN22,2026-06-22,d0_1200,nws_cli_knyc,FULL_OPERATIONAL_REPLAY,6,summer,76.2,73.0,-3.200000000000003
gfs_operational_latest,KXHIGHNY-26JUN23,2026-06-23,d0_1200,nws_cli_knyc,FULL_OPERATIONAL_REPLAY,6,summer,71.6,71.0,-0.5999999999999943
gfs_operational_latest,KXHIGHNY-26JUN24,2026-06-24,d0_1200,nws_cli_knyc,FULL_OPERATIONAL_REPLAY,6,summer,85.0,82.0,-3.0
gfs_operational_latest,KXHIGHNY-26JUN25,2026-06-25,d0_1200,nws_cli_knyc,FULL_OPERATIONAL_REPLAY,6,summer,86.1,83.0,-3.0999999999999943
gfs_operational_latest,KXHIGHNY-26JUN26,2026-06-26,d0_1200,nws_cli_knyc,FULL_OPERATIONAL_REPLAY,6,summer,87.4,80.0,-7.400000000000006
gfs_operational_latest,KXHIGHNY-26JUN27,2026-06-27,d0_1200,nws_cli_knyc,FULL_OPERATIONAL_REPLAY,6,summer,79.4,78.0,-1.4000000000000057
gfs_operational_latest,KXHIGHNY-26JUN28,2026-06-28,d0_1200,nws_cli_knyc,FULL_OPERATIONAL_REPLAY,6,summer,85.9,82.0,-3.9000000000000057
gfs_operational_latest,KXHIGHNY-26JUN29,2026-06-29,d0_1200,nws_cli_knyc,FULL_OPERATIONAL_REPLAY,6,summer,92.0,88.0,-4.0
gfs_operational_latest,KXHIGHNY-26JUN30,2026-06-30,d0_1200,nws_cli_knyc,FULL_OPERATIONAL_REPLAY,6,summer,92.9,87.0,-5.900000000000006
gfs_operational_latest,KXHIGHNY-26JUL01,2026-07-01,d0_1200,nws_cli_knyc,FULL_OPERATIONAL_REPLAY,7,summer,98.3,93.0,-5.299999999999997
gfs_operational_latest,KXHIGHNY-26JUL02,2026-07-02,d0_1200,nws_cli_knyc,FULL_OPERATIONAL_REPLAY,7,summer,104.8,100.0,-4.799999999999997
gfs_operational_latest,KXHIGHNY-26JUL03,2026-07-03,d0_1200,nws_cli_knyc,FULL_OPERATIONAL_REPLAY,7,summer,104.8,98.0,-6.799999999999997
gfs_operational_latest,KXHIGHNY-26JUL04,2026-07-04,d0_1200,nws_cli_knyc,FULL_OPERATIONAL_REPLAY,7,summer,103.4,94.0,-9.400000000000006
gfs_operational_latest,KXHIGHNY-26JUL05,2026-07-05,d0_1200,nws_cli_knyc,FULL_OPERATIONAL_REPLAY,7,summer,87.2,81.0,-6.200000000000003
gfs_operational_latest,KXHIGHNY-26JUL06,2026-07-06,d0_1200,nws_cli_knyc,FULL_OPERATIONAL_REPLAY,7,summer,72.6,69.0,-3.5999999999999943
gfs_operational_latest,KXHIGHNY-26JUL07,2026-07-07,d0_1200,nws_cli_knyc,FULL_OPERATIONAL_REPLAY,7,summer,69.0,70.0,1.0
gfs_operational_latest,KXHIGHNY-26JUL08,2026-07-08,d0_1200,nws_cli_knyc,FULL_OPERATIONAL_REPLAY,7,summer,88.6,85.0,-3.5999999999999943
gfs_operational_latest,KXHIGHNY-26JUL09,2026-07-09,d0_1200,nws_cli_knyc,FULL_OPERATIONAL_REPLAY,7,summer,87.9,82.0,-5.900000000000006
gfs_operational_latest,KXHIGHNY-26JUL10,2026-07-10,d0_1200,nws_cli_knyc,FULL_OPERATIONAL_REPLAY,7,summer,90.8,85.0,-5.799999999999997
gfs_operational_latest,KXHIGHNY-26JUL11,2026-07-11,d0_1200,nws_cli_knyc,FULL_OPERATIONAL_REPLAY,7,summer,86.6,82.0,-4.599999999999994
gfs_operational_latest,KXHIGHNY-26JUL12,2026-07-12,d0_1200,nws_cli_knyc,FULL_OPERATIONAL_REPLAY,7,summer,88.6,84.0,-4.599999999999994
gfs_operational_latest,KXHIGHNY-26JUL13,2026-07-13,d0_1200,nws_cli_knyc,FULL_OPERATIONAL_REPLAY,7,summer,87.7,84.0,-3.700000000000003
gfs_operational_latest,KXHIGHNY-26JUL14,2026-07-14,d0_1200,nws_cli_knyc,FULL_OPERATIONAL_REPLAY,7,summer,99.6,90.0,-9.599999999999994
gfs_operational_latest,KXHIGHNY-26JUL15,2026-07-15,d0_1200,nws_cli_knyc,FULL_OPERATIONAL_REPLAY,7,summer,101.8,95.0,-6.799999999999997
gfs_operational_latest,KXHIGHNY-26JUL16,2026-07-16,d0_1200,nws_cli_knyc,FULL_OPERATIONAL_REPLAY,7,summer,98.2,85.0,-13.200000000000003
gfs_operational_latest,KXHIGHNY-26JUL17,2026-07-17,d0_1200,nws_cli_knyc,FULL_OPERATIONAL_REPLAY,7,summer,91.3,86.0,-5.299999999999997
gfs_operational_latest,KXHIGHNY-26JUL18,2026-07-18,d0_1200,nws_cli_knyc,FULL_OPERATIONAL_REPLAY,7,summer,76.0,76.0,0.0
gfs_operational_latest,KXHIGHNY-26JUL19,2026-07-19,d0_1200,nws_cli_knyc,FULL_OPERATIONAL_REPLAY,7,summer,84.8,79.0,-5.799999999999997
gfs_operational_latest,KXHIGHNY-26JUL20,2026-07-20,d0_1200,nws_cli_knyc,FULL_OPERATIONAL_REPLAY,7,summer,85.7,81.0,-4.700000000000003
gfs_operational_latest,KXHIGHNY-26JUL21,2026-07-21,d0_1200,nws_cli_knyc,FULL_OPERATIONAL_REPLAY,7,summer,87.4,81.0,-6.400000000000006
gfs_operational_latest,KXHIGHNY-26JUL22,2026-07-22,d0_1200,nws_cli_knyc,FULL_OPERATIONAL_REPLAY,7,summer,85.9,85.0,-0.9000000000000057
gfs_operational_latest,KXHIGHNY-26JUL23,2026-07-23,d0_1200,nws_cli_knyc,FULL_OPERATIONAL_REPLAY,7,summer,85.7,79.0,-6.700000000000003
gfs_operational_latest,KXHIGHNY-26JUL24,2026-07-24,d0_1200,nws_cli_knyc,FULL_OPERATIONAL_REPLAY,7,summer,87.0,83.0,-4.0
gfs_operational_latest,KXHIGHNY-26JUL25,2026-07-25,d0_1200,nws_cli_knyc,FULL_OPERATIONAL_REPLAY,7,summer,86.1,81.0,-5.099999999999994
gfs_operational_latest,KXHIGHNY-26APR02,2026-04-02,d0_1500,nws_cli_knyc,FULL_OPERATIONAL_REPLAY,4,spring,51.0,51.0,0.0
gfs_operational_latest,KXHIGHNY-26APR03,2026-04-03,d0_1500,nws_cli_knyc,FULL_OPERATIONAL_REPLAY,4,spring,72.1,66.0,-6.099999999999994
gfs_operational_latest,KXHIGHNY-26APR04,2026-04-04,d0_1500,nws_cli_knyc,FULL_OPERATIONAL_REPLAY,4,spring,71.0,73.0,2.0
gfs_operational_latest,KXHIGHNY-26APR05,2026-04-05,d0_1500,nws_cli_knyc,FULL_OPERATIONAL_REPLAY,4,spring,57.0,57.0,0.0
gfs_operational_latest,KXHIGHNY-26APR06,2026-04-06,d0_1500,nws_cli_knyc,FULL_OPERATIONAL_REPLAY,4,spring,55.7,56.0,0.29999999999999716
gfs_operational_latest,KXHIGHNY-26APR07,2026-04-07,d0_1500,nws_cli_knyc,FULL_OPERATIONAL_REPLAY,4,spring,54.0,56.0,2.0
gfs_operational_latest,KXHIGHNY-26APR08,2026-04-08,d0_1500,nws_cli_knyc,FULL_OPERATIONAL_REPLAY,4,spring,50.3,51.0,0.7000000000000028
gfs_operational_latest,KXHIGHNY-26APR09,2026-04-09,d0_1500,nws_cli_knyc,FULL_OPERATIONAL_REPLAY,4,spring,51.5,51.0,-0.5
gfs_operational_latest,KXHIGHNY-26APR10,2026-04-10,d0_1500,nws_cli_knyc,FULL_OPERATIONAL_REPLAY,4,spring,63.6,63.0,-0.6000000000000014
gfs_operational_latest,KXHIGHNY-26APR11,2026-04-11,d0_1500,nws_cli_knyc,FULL_OPERATIONAL_REPLAY,4,spring,62.0,63.0,1.0
gfs_operational_latest,KXHIGHNY-26APR12,2026-04-12,d0_1500,nws_cli_knyc,FULL_OPERATIONAL_REPLAY,4,spring,56.0,55.0,-1.0
gfs_operational_latest,KXHIGHNY-26APR13,2026-04-13,d0_1500,nws_cli_knyc,FULL_OPERATIONAL_REPLAY,4,spring,79.4,79.0,-0.4000000000000057
gfs_operational_latest,KXHIGHNY-26APR14,2026-04-14,d0_1500,nws_cli_knyc,FULL_OPERATIONAL_REPLAY,4,spring,85.0,87.0,2.0
gfs_operational_latest,KXHIGHNY-26APR15,2026-04-15,d0_1500,nws_cli_knyc,FULL_OPERATIONAL_REPLAY,4,spring,87.9,90.0,2.0999999999999943
gfs_operational_latest,KXHIGHNY-26APR16,2026-04-16,d0_1500,nws_cli_knyc,FULL_OPERATIONAL_REPLAY,4,spring,89.3,89.0,-0.29999999999999716
gfs_operational_latest,KXHIGHNY-26APR17,2026-04-17,d0_1500,nws_cli_knyc,FULL_OPERATIONAL_REPLAY,4,spring,80.0,81.0,1.0
gfs_operational_latest,KXHIGHNY-26APR18,2026-04-18,d0_1500,nws_cli_knyc,FULL_OPERATIONAL_REPLAY,4,spring,69.2,66.0,-3.200000000000003
gfs_operational_latest,KXHIGHNY-26APR19,2026-04-19,d0_1500,nws_cli_knyc,FULL_OPERATIONAL_REPLAY,4,spring,53.0,53.0,0.0
gfs_operational_latest,KXHIGHNY-26APR20,2026-04-20,d0_1500,nws_cli_knyc,FULL_OPERATIONAL_REPLAY,4,spring,51.2,51.0,-0.20000000000000284
gfs_operational_latest,KXHIGHNY-26APR21,2026-04-21,d0_1500,nws_cli_knyc,FULL_OPERATIONAL_REPLAY,4,spring,54.1,54.0,-0.10000000000000142
gfs_operational_latest,KXHIGHNY-26APR22,2026-04-22,d0_1500,nws_cli_knyc,FULL_OPERATIONAL_REPLAY,4,spring,54.0,56.0,2.0
gfs_operational_latest,KXHIGHNY-26APR23,2026-04-23,d0_1500,nws_cli_knyc,FULL_OPERATIONAL_REPLAY,4,spring,71.0,73.0,2.0
gfs_operational_latest,KXHIGHNY-26APR24,2026-04-24,d0_1500,nws_cli_knyc,FULL_OPERATIONAL_REPLAY,4,spring,69.5,68.0,-1.5
gfs_operational_latest,KXHIGHNY-26APR25,2026-04-25,d0_1500,nws_cli_knyc,FULL_OPERATIONAL_REPLAY,4,spring,50.0,50.0,0.0
gfs_operational_latest,KXHIGHNY-26APR26,2026-04-26,d0_1500,nws_cli_knyc,FULL_OPERATIONAL_REPLAY,4,spring,55.3,57.0,1.7000000000000028
gfs_operational_latest,KXHIGHNY-26APR27,2026-04-27,d0_1500,nws_cli_knyc,FULL_OPERATIONAL_REPLAY,4,spring,67.9,68.0,0.09999999999999432
gfs_operational_latest,KXHIGHNY-26APR28,2026-04-28,d0_1500,nws_cli_knyc,FULL_OPERATIONAL_REPLAY,4,spring,66.3,65.0,-1.2999999999999972
gfs_operational_latest,KXHIGHNY-26APR29,2026-04-29,d0_1500,nws_cli_knyc,FULL_OPERATIONAL_REPLAY,4,spring,61.1,62.0,0.8999999999999986
gfs_operational_latest,KXHIGHNY-26APR30,2026-04-30,d0_1500,nws_cli_knyc,FULL_OPERATIONAL_REPLAY,4,spring,61.3,60.0,-1.2999999999999972
gfs_operational_latest,KXHIGHNY-26MAY01,2026-05-01,d0_1500,nws_cli_knyc,FULL_OPERATIONAL_REPLAY,5,spring,66.1,64.0,-2.0999999999999943
gfs_operational_latest,KXHIGHNY-26MAY02,2026-05-02,d0_1500,nws_cli_knyc,FULL_OPERATIONAL_REPLAY,5,spring,60.0,61.0,1.0
gfs_operational_latest,KXHIGHNY-26MAY03,2026-05-03,d0_1500,nws_cli_knyc,FULL_OPERATIONAL_REPLAY,5,spring,60.2,59.0,-1.2000000000000028
gfs_operational_latest,KXHIGHNY-26MAY04,2026-05-04,d0_1500,nws_cli_knyc,FULL_OPERATIONAL_REPLAY,5,spring,71.9,72.0,0.09999999999999432
gfs_operational_latest,KXHIGHNY-26MAY05,2026-05-05,d0_1500,nws_cli_knyc,FULL_OPERATIONAL_REPLAY,5,spring,83.2,81.0,-2.200000000000003
gfs_operational_latest,KXHIGHNY-26MAY06,2026-05-06,d0_1500,nws_cli_knyc,FULL_OPERATIONAL_REPLAY,5,spring,71.0,71.0,0.0
gfs_operational_latest,KXHIGHNY-26MAY07,2026-05-07,d0_1500,nws_cli_knyc,FULL_OPERATIONAL_REPLAY,5,spring,66.5,64.0,-2.5
gfs_operational_latest,KXHIGHNY-26MAY08,2026-05-08,d0_1500,nws_cli_knyc,FULL_OPERATIONAL_REPLAY,5,spring,63.6,63.0,-0.6000000000000014
gfs_operational_latest,KXHIGHNY-26MAY09,2026-05-09,d0_1500,nws_cli_knyc,FULL_OPERATIONAL_REPLAY,5,spring,65.0,65.0,0.0
gfs_operational_latest,KXHIGHNY-26MAY10,2026-05-10,d0_1500,nws_cli_knyc,FULL_OPERATIONAL_REPLAY,5,spring,73.5,73.0,-0.5
gfs_operational_latest,KXHIGHNY-26MAY11,2026-05-11,d0_1500,nws_cli_knyc,FULL_OPERATIONAL_REPLAY,5,spring,64.0,61.0,-3.0
gfs_operational_latest,KXHIGHNY-26MAY12,2026-05-12,d0_1500,nws_cli_knyc,FULL_OPERATIONAL_REPLAY,5,spring,67.9,66.0,-1.9000000000000057
gfs_operational_latest,KXHIGHNY-26MAY13,2026-05-13,d0_1500,nws_cli_knyc,FULL_OPERATIONAL_REPLAY,5,spring,72.0,72.0,0.0
gfs_operational_latest,KXHIGHNY-26MAY14,2026-05-14,d0_1500,nws_cli_knyc,FULL_OPERATIONAL_REPLAY,5,spring,66.1,66.0,-0.09999999999999432
gfs_operational_latest,KXHIGHNY-26MAY15,2026-05-15,d0_1500,nws_cli_knyc,FULL_OPERATIONAL_REPLAY,5,spring,67.6,66.0,-1.5999999999999943
gfs_operational_latest,KXHIGHNY-26MAY16,2026-05-16,d0_1500,nws_cli_knyc,FULL_OPERATIONAL_REPLAY,5,spring,82.1,80.0,-2.0999999999999943
gfs_operational_latest,KXHIGHNY-26MAY17,2026-05-17,d0_1500,nws_cli_knyc,FULL_OPERATIONAL_REPLAY,5,spring,90.8,87.0,-3.799999999999997
gfs_operational_latest,KXHIGHNY-26MAY18,2026-05-18,d0_1500,nws_cli_knyc,FULL_OPERATIONAL_REPLAY,5,spring,90.6,88.0,-2.5999999999999943
gfs_operational_latest,KXHIGHNY-26MAY19,2026-05-19,d0_1500,nws_cli_knyc,FULL_OPERATIONAL_REPLAY,5,spring,96.5,93.0,-3.5
gfs_operational_latest,KXHIGHNY-26MAY20,2026-05-20,d0_1500,nws_cli_knyc,FULL_OPERATIONAL_REPLAY,5,spring,95.6,92.0,-3.5999999999999943
gfs_operational_latest,KXHIGHNY-26MAY21,2026-05-21,d0_1500,nws_cli_knyc,FULL_OPERATIONAL_REPLAY,5,spring,65.0,66.0,1.0
gfs_operational_latest,KXHIGHNY-26MAY22,2026-05-22,d0_1500,nws_cli_knyc,FULL_OPERATIONAL_REPLAY,5,spring,70.3,68.0,-2.299999999999997
gfs_operational_latest,KXHIGHNY-26MAY23,2026-05-23,d0_1500,nws_cli_knyc,FULL_OPERATIONAL_REPLAY,5,spring,56.0,57.0,1.0
gfs_operational_latest,KXHIGHNY-26MAY24,2026-05-24,d0_1500,nws_cli_knyc,FULL_OPERATIONAL_REPLAY,5,spring,56.0,56.0,0.0
gfs_operational_latest,KXHIGHNY-26MAY25,2026-05-25,d0_1500,nws_cli_knyc,FULL_OPERATIONAL_REPLAY,5,spring,77.3,73.0,-4.299999999999997
gfs_operational_latest,KXHIGHNY-26MAY26,2026-05-26,d0_1500,nws_cli_knyc,FULL_OPERATIONAL_REPLAY,5,spring,83.8,79.0,-4.799999999999997
gfs_operational_latest,KXHIGHNY-26MAY27,2026-05-27,d0_1500,nws_cli_knyc,FULL_OPERATIONAL_REPLAY,5,spring,87.7,81.0,-6.700000000000003
gfs_operational_latest,KXHIGHNY-26MAY28,2026-05-28,d0_1500,nws_cli_knyc,FULL_OPERATIONAL_REPLAY,5,spring,74.0,75.0,1.0
gfs_operational_latest,KXHIGHNY-26MAY29,2026-05-29,d0_1500,nws_cli_knyc,FULL_OPERATIONAL_REPLAY,5,spring,80.3,75.0,-5.299999999999997
gfs_operational_latest,KXHIGHNY-26MAY30,2026-05-30,d0_1500,nws_cli_knyc,FULL_OPERATIONAL_REPLAY,5,spring,68.0,69.0,1.0
gfs_operational_latest,KXHIGHNY-26MAY31,2026-05-31,d0_1500,nws_cli_knyc,FULL_OPERATIONAL_REPLAY,5,spring,76.9,75.0,-1.9000000000000057
gfs_operational_latest,KXHIGHNY-26JUN01,2026-06-01,d0_1500,nws_cli_knyc,FULL_OPERATIONAL_REPLAY,6,summer,74.9,71.0,-3.9000000000000057
gfs_operational_latest,KXHIGHNY-26JUN02,2026-06-02,d0_1500,nws_cli_knyc,FULL_OPERATIONAL_REPLAY,6,summer,78.7,76.0,-2.700000000000003
gfs_operational_latest,KXHIGHNY-26JUN03,2026-06-03,d0_1500,nws_cli_knyc,FULL_OPERATIONAL_REPLAY,6,summer,84.8,83.0,-1.7999999999999972
gfs_operational_latest,KXHIGHNY-26JUN04,2026-06-04,d0_1500,nws_cli_knyc,FULL_OPERATIONAL_REPLAY,6,summer,88.6,86.0,-2.5999999999999943
gfs_operational_latest,KXHIGHNY-26JUN05,2026-06-05,d0_1500,nws_cli_knyc,FULL_OPERATIONAL_REPLAY,6,summer,92.6,88.0,-4.599999999999994
gfs_operational_latest,KXHIGHNY-26JUN06,2026-06-06,d0_1500,nws_cli_knyc,FULL_OPERATIONAL_REPLAY,6,summer,91.7,87.0,-4.700000000000003
gfs_operational_latest,KXHIGHNY-26JUN07,2026-06-07,d0_1500,nws_cli_knyc,FULL_OPERATIONAL_REPLAY,6,summer,83.6,81.0,-2.5999999999999943
gfs_operational_latest,KXHIGHNY-26JUN08,2026-06-08,d0_1500,nws_cli_knyc,FULL_OPERATIONAL_REPLAY,6,summer,79.4,75.0,-4.400000000000006
gfs_operational_latest,KXHIGHNY-26JUN09,2026-06-09,d0_1500,nws_cli_knyc,FULL_OPERATIONAL_REPLAY,6,summer,84.5,79.0,-5.5
gfs_operational_latest,KXHIGHNY-26JUN10,2026-06-10,d0_1500,nws_cli_knyc,FULL_OPERATIONAL_REPLAY,6,summer,85.4,82.0,-3.4000000000000057
gfs_operational_latest,KXHIGHNY-26JUN12,2026-06-12,d0_1500,nws_cli_knyc,FULL_OPERATIONAL_REPLAY,6,summer,96.5,90.0,-6.5
gfs_operational_latest,KXHIGHNY-26JUN13,2026-06-13,d0_1500,nws_cli_knyc,FULL_OPERATIONAL_REPLAY,6,summer,91.9,85.0,-6.900000000000006
gfs_operational_latest,KXHIGHNY-26JUN14,2026-06-14,d0_1500,nws_cli_knyc,FULL_OPERATIONAL_REPLAY,6,summer,91.5,87.0,-4.5
gfs_operational_latest,KXHIGHNY-26JUN15,2026-06-15,d0_1500,nws_cli_knyc,FULL_OPERATIONAL_REPLAY,6,summer,80.9,74.0,-6.900000000000006
gfs_operational_latest,KXHIGHNY-26JUN16,2026-06-16,d0_1500,nws_cli_knyc,FULL_OPERATIONAL_REPLAY,6,summer,80.9,76.0,-4.900000000000006
gfs_operational_latest,KXHIGHNY-26JUN17,2026-06-17,d0_1500,nws_cli_knyc,FULL_OPERATIONAL_REPLAY,6,summer,76.0,78.0,2.0
gfs_operational_latest,KXHIGHNY-26JUN18,2026-06-18,d0_1500,nws_cli_knyc,FULL_OPERATIONAL_REPLAY,6,summer,89.7,86.0,-3.700000000000003
gfs_operational_latest,KXHIGHNY-26JUN19,2026-06-19,d0_1500,nws_cli_knyc,FULL_OPERATIONAL_REPLAY,6,summer,85.7,81.0,-4.700000000000003
gfs_operational_latest,KXHIGHNY-26JUN20,2026-06-20,d0_1500,nws_cli_knyc,FULL_OPERATIONAL_REPLAY,6,summer,84.7,81.0,-3.700000000000003
gfs_operational_latest,KXHIGHNY-26JUN21,2026-06-21,d0_1500,nws_cli_knyc,FULL_OPERATIONAL_REPLAY,6,summer,81.1,82.0,0.9000000000000057
gfs_operational_latest,KXHIGHNY-26JUN22,2026-06-22,d0_1500,nws_cli_knyc,FULL_OPERATIONAL_REPLAY,6,summer,73.0,73.0,0.0
gfs_operational_latest,KXHIGHNY-26JUN23,2026-06-23,d0_1500,nws_cli_knyc,FULL_OPERATIONAL_REPLAY,6,summer,71.6,71.0,-0.5999999999999943
gfs_operational_latest,KXHIGHNY-26JUN24,2026-06-24,d0_1500,nws_cli_knyc,FULL_OPERATIONAL_REPLAY,6,summer,85.0,82.0,-3.0
gfs_operational_latest,KXHIGHNY-26JUN25,2026-06-25,d0_1500,nws_cli_knyc,FULL_OPERATIONAL_REPLAY,6,summer,85.9,83.0,-2.9000000000000057
gfs_operational_latest,KXHIGHNY-26JUN26,2026-06-26,d0_1500,nws_cli_knyc,FULL_OPERATIONAL_REPLAY,6,summer,87.4,80.0,-7.400000000000006
gfs_operational_latest,KXHIGHNY-26JUN27,2026-06-27,d0_1500,nws_cli_knyc,FULL_OPERATIONAL_REPLAY,6,summer,78.4,78.0,-0.4000000000000057
gfs_operational_latest,KXHIGHNY-26JUN28,2026-06-28,d0_1500,nws_cli_knyc,FULL_OPERATIONAL_REPLAY,6,summer,85.9,82.0,-3.9000000000000057
gfs_operational_latest,KXHIGHNY-26JUN29,2026-06-29,d0_1500,nws_cli_knyc,FULL_OPERATIONAL_REPLAY,6,summer,92.0,88.0,-4.0
gfs_operational_latest,KXHIGHNY-26JUN30,2026-06-30,d0_1500,nws_cli_knyc,FULL_OPERATIONAL_REPLAY,6,summer,88.6,87.0,-1.5999999999999943
gfs_operational_latest,KXHIGHNY-26JUL01,2026-07-01,d0_1500,nws_cli_knyc,FULL_OPERATIONAL_REPLAY,7,summer,98.3,93.0,-5.299999999999997
gfs_operational_latest,KXHIGHNY-26JUL02,2026-07-02,d0_1500,nws_cli_knyc,FULL_OPERATIONAL_REPLAY,7,summer,104.8,100.0,-4.799999999999997
gfs_operational_latest,KXHIGHNY-26JUL03,2026-07-03,d0_1500,nws_cli_knyc,FULL_OPERATIONAL_REPLAY,7,summer,104.8,98.0,-6.799999999999997
gfs_operational_latest,KXHIGHNY-26JUL04,2026-07-04,d0_1500,nws_cli_knyc,FULL_OPERATIONAL_REPLAY,7,summer,103.4,94.0,-9.400000000000006
gfs_operational_latest,KXHIGHNY-26JUL05,2026-07-05,d0_1500,nws_cli_knyc,FULL_OPERATIONAL_REPLAY,7,summer,86.8,81.0,-5.799999999999997
gfs_operational_latest,KXHIGHNY-26JUL06,2026-07-06,d0_1500,nws_cli_knyc,FULL_OPERATIONAL_REPLAY,7,summer,72.6,69.0,-3.5999999999999943
gfs_operational_latest,KXHIGHNY-26JUL07,2026-07-07,d0_1500,nws_cli_knyc,FULL_OPERATIONAL_REPLAY,7,summer,70.0,70.0,0.0
gfs_operational_latest,KXHIGHNY-26JUL08,2026-07-08,d0_1500,nws_cli_knyc,FULL_OPERATIONAL_REPLAY,7,summer,88.6,85.0,-3.5999999999999943
gfs_operational_latest,KXHIGHNY-26JUL09,2026-07-09,d0_1500,nws_cli_knyc,FULL_OPERATIONAL_REPLAY,7,summer,85.6,82.0,-3.5999999999999943
gfs_operational_latest,KXHIGHNY-26JUL10,2026-07-10,d0_1500,nws_cli_knyc,FULL_OPERATIONAL_REPLAY,7,summer,90.8,85.0,-5.799999999999997
gfs_operational_latest,KXHIGHNY-26JUL11,2026-07-11,d0_1500,nws_cli_knyc,FULL_OPERATIONAL_REPLAY,7,summer,86.6,82.0,-4.599999999999994
gfs_operational_latest,KXHIGHNY-26JUL12,2026-07-12,d0_1500,nws_cli_knyc,FULL_OPERATIONAL_REPLAY,7,summer,88.3,84.0,-4.299999999999997
gfs_operational_latest,KXHIGHNY-26JUL13,2026-07-13,d0_1500,nws_cli_knyc,FULL_OPERATIONAL_REPLAY,7,summer,87.0,84.0,-3.0
gfs_operational_latest,KXHIGHNY-26JUL14,2026-07-14,d0_1500,nws_cli_knyc,FULL_OPERATIONAL_REPLAY,7,summer,99.6,90.0,-9.599999999999994
gfs_operational_latest,KXHIGHNY-26JUL15,2026-07-15,d0_1500,nws_cli_knyc,FULL_OPERATIONAL_REPLAY,7,summer,101.8,95.0,-6.799999999999997
gfs_operational_latest,KXHIGHNY-26JUL16,2026-07-16,d0_1500,nws_cli_knyc,FULL_OPERATIONAL_REPLAY,7,summer,98.2,85.0,-13.200000000000003
gfs_operational_latest,KXHIGHNY-26JUL17,2026-07-17,d0_1500,nws_cli_knyc,FULL_OPERATIONAL_REPLAY,7,summer,91.3,86.0,-5.299999999999997
gfs_operational_latest,KXHIGHNY-26JUL18,2026-07-18,d0_1500,nws_cli_knyc,FULL_OPERATIONAL_REPLAY,7,summer,76.0,76.0,0.0
gfs_operational_latest,KXHIGHNY-26JUL19,2026-07-19,d0_1500,nws_cli_knyc,FULL_OPERATIONAL_REPLAY,7,summer,84.8,79.0,-5.799999999999997
gfs_operational_latest,KXHIGHNY-26JUL20,2026-07-20,d0_1500,nws_cli_knyc,FULL_OPERATIONAL_REPLAY,7,summer,85.7,81.0,-4.700000000000003
gfs_operational_latest,KXHIGHNY-26JUL21,2026-07-21,d0_1500,nws_cli_knyc,FULL_OPERATIONAL_REPLAY,7,summer,87.4,81.0,-6.400000000000006
gfs_operational_latest,KXHIGHNY-26JUL22,2026-07-22,d0_1500,nws_cli_knyc,FULL_OPERATIONAL_REPLAY,7,summer,85.2,85.0,-0.20000000000000284
gfs_operational_latest,KXHIGHNY-26JUL23,2026-07-23,d0_1500,nws_cli_knyc,FULL_OPERATIONAL_REPLAY,7,summer,85.7,79.0,-6.700000000000003
gfs_operational_latest,KXHIGHNY-26JUL24,2026-07-24,d0_1500,nws_cli_knyc,FULL_OPERATIONAL_REPLAY,7,summer,87.0,83.0,-4.0
gfs_operational_latest,KXHIGHNY-26JUL25,2026-07-25,d0_1500,nws_cli_knyc,FULL_OPERATIONAL_REPLAY,7,summer,86.1,81.0,-5.099999999999994
gfs_operational_latest,KXHIGHNY-26APR03,2026-04-03,dminus1_1800,nws_cli_knyc,FULL_OPERATIONAL_REPLAY,4,spring,71.7,66.0,-5.700000000000003
gfs_operational_latest,KXHIGHNY-26APR04,2026-04-04,dminus1_1800,nws_cli_knyc,FULL_OPERATIONAL_REPLAY,4,spring,67.7,73.0,5.299999999999997
gfs_operational_latest,KXHIGHNY-26APR05,2026-04-05,dminus1_1800,nws_cli_knyc,FULL_OPERATIONAL_REPLAY,4,spring,60.7,57.0,-3.700000000000003
gfs_operational_latest,KXHIGHNY-26APR06,2026-04-06,dminus1_1800,nws_cli_knyc,FULL_OPERATIONAL_REPLAY,4,spring,55.7,56.0,0.29999999999999716
gfs_operational_latest,KXHIGHNY-26APR07,2026-04-07,dminus1_1800,nws_cli_knyc,FULL_OPERATIONAL_REPLAY,4,spring,51.5,56.0,4.5
gfs_operational_latest,KXHIGHNY-26APR08,2026-04-08,dminus1_1800,nws_cli_knyc,FULL_OPERATIONAL_REPLAY,4,spring,51.2,51.0,-0.20000000000000284
gfs_operational_latest,KXHIGHNY-26APR09,2026-04-09,dminus1_1800,nws_cli_knyc,FULL_OPERATIONAL_REPLAY,4,spring,51.7,51.0,-0.7000000000000028
gfs_operational_latest,KXHIGHNY-26APR10,2026-04-10,dminus1_1800,nws_cli_knyc,FULL_OPERATIONAL_REPLAY,4,spring,64.5,63.0,-1.5
gfs_operational_latest,KXHIGHNY-26APR11,2026-04-11,dminus1_1800,nws_cli_knyc,FULL_OPERATIONAL_REPLAY,4,spring,61.3,63.0,1.7000000000000028
gfs_operational_latest,KXHIGHNY-26APR12,2026-04-12,dminus1_1800,nws_cli_knyc,FULL_OPERATIONAL_REPLAY,4,spring,56.0,55.0,-1.0
gfs_operational_latest,KXHIGHNY-26APR13,2026-04-13,dminus1_1800,nws_cli_knyc,FULL_OPERATIONAL_REPLAY,4,spring,78.2,79.0,0.7999999999999972
gfs_operational_latest,KXHIGHNY-26APR14,2026-04-14,dminus1_1800,nws_cli_knyc,FULL_OPERATIONAL_REPLAY,4,spring,83.8,87.0,3.200000000000003
gfs_operational_latest,KXHIGHNY-26APR15,2026-04-15,dminus1_1800,nws_cli_knyc,FULL_OPERATIONAL_REPLAY,4,spring,88.4,90.0,1.5999999999999943
gfs_operational_latest,KXHIGHNY-26APR16,2026-04-16,dminus1_1800,nws_cli_knyc,FULL_OPERATIONAL_REPLAY,4,spring,87.9,89.0,1.0999999999999943
gfs_operational_latest,KXHIGHNY-26APR17,2026-04-17,dminus1_1800,nws_cli_knyc,FULL_OPERATIONAL_REPLAY,4,spring,76.4,81.0,4.599999999999994
gfs_operational_latest,KXHIGHNY-26APR18,2026-04-18,dminus1_1800,nws_cli_knyc,FULL_OPERATIONAL_REPLAY,4,spring,69.9,66.0,-3.9000000000000057
gfs_operational_latest,KXHIGHNY-26APR19,2026-04-19,dminus1_1800,nws_cli_knyc,FULL_OPERATIONAL_REPLAY,4,spring,55.5,53.0,-2.5
gfs_operational_latest,KXHIGHNY-26APR20,2026-04-20,dminus1_1800,nws_cli_knyc,FULL_OPERATIONAL_REPLAY,4,spring,50.8,51.0,0.20000000000000284
gfs_operational_latest,KXHIGHNY-26APR21,2026-04-21,dminus1_1800,nws_cli_knyc,FULL_OPERATIONAL_REPLAY,4,spring,53.9,54.0,0.10000000000000142
gfs_operational_latest,KXHIGHNY-26APR22,2026-04-22,dminus1_1800,nws_cli_knyc,FULL_OPERATIONAL_REPLAY,4,spring,55.0,56.0,1.0
gfs_operational_latest,KXHIGHNY-26APR23,2026-04-23,dminus1_1800,nws_cli_knyc,FULL_OPERATIONAL_REPLAY,4,spring,71.9,73.0,1.0999999999999943
gfs_operational_latest,KXHIGHNY-26APR24,2026-04-24,dminus1_1800,nws_cli_knyc,FULL_OPERATIONAL_REPLAY,4,spring,63.8,68.0,4.200000000000003
gfs_operational_latest,KXHIGHNY-26APR25,2026-04-25,dminus1_1800,nws_cli_knyc,FULL_OPERATIONAL_REPLAY,4,spring,52.6,50.0,-2.6000000000000014
gfs_operational_latest,KXHIGHNY-26APR26,2026-04-26,dminus1_1800,nws_cli_knyc,FULL_OPERATIONAL_REPLAY,4,spring,55.1,57.0,1.8999999999999986
gfs_operational_latest,KXHIGHNY-26APR27,2026-04-27,dminus1_1800,nws_cli_knyc,FULL_OPERATIONAL_REPLAY,4,spring,66.1,68.0,1.9000000000000057
gfs_operational_latest,KXHIGHNY-26APR28,2026-04-28,dminus1_1800,nws_cli_knyc,FULL_OPERATIONAL_REPLAY,4,spring,64.5,65.0,0.5
gfs_operational_latest,KXHIGHNY-26APR29,2026-04-29,dminus1_1800,nws_cli_knyc,FULL_OPERATIONAL_REPLAY,4,spring,62.7,62.0,-0.7000000000000028
gfs_operational_latest,KXHIGHNY-26APR30,2026-04-30,dminus1_1800,nws_cli_knyc,FULL_OPERATIONAL_REPLAY,4,spring,63.6,60.0,-3.6000000000000014
gfs_operational_latest,KXHIGHNY-26MAY01,2026-05-01,dminus1_1800,nws_cli_knyc,FULL_OPERATIONAL_REPLAY,5,spring,66.1,64.0,-2.0999999999999943
gfs_operational_latest,KXHIGHNY-26MAY02,2026-05-02,dminus1_1800,nws_cli_knyc,FULL_OPERATIONAL_REPLAY,5,spring,59.1,61.0,1.8999999999999986
gfs_operational_latest,KXHIGHNY-26MAY03,2026-05-03,dminus1_1800,nws_cli_knyc,FULL_OPERATIONAL_REPLAY,5,spring,60.2,59.0,-1.2000000000000028
gfs_operational_latest,KXHIGHNY-26MAY04,2026-05-04,dminus1_1800,nws_cli_knyc,FULL_OPERATIONAL_REPLAY,5,spring,71.0,72.0,1.0
gfs_operational_latest,KXHIGHNY-26MAY05,2026-05-05,dminus1_1800,nws_cli_knyc,FULL_OPERATIONAL_REPLAY,5,spring,83.0,81.0,-2.0
gfs_operational_latest,KXHIGHNY-26MAY06,2026-05-06,dminus1_1800,nws_cli_knyc,FULL_OPERATIONAL_REPLAY,5,spring,73.9,71.0,-2.9000000000000057
gfs_operational_latest,KXHIGHNY-26MAY07,2026-05-07,dminus1_1800,nws_cli_knyc,FULL_OPERATIONAL_REPLAY,5,spring,67.7,64.0,-3.700000000000003
gfs_operational_latest,KXHIGHNY-26MAY08,2026-05-08,dminus1_1800,nws_cli_knyc,FULL_OPERATIONAL_REPLAY,5,spring,64.0,63.0,-1.0
gfs_operational_latest,KXHIGHNY-26MAY09,2026-05-09,dminus1_1800,nws_cli_knyc,FULL_OPERATIONAL_REPLAY,5,spring,59.6,65.0,5.399999999999999
gfs_operational_latest,KXHIGHNY-26MAY10,2026-05-10,dminus1_1800,nws_cli_knyc,FULL_OPERATIONAL_REPLAY,5,spring,77.5,73.0,-4.5
gfs_operational_latest,KXHIGHNY-26MAY11,2026-05-11,dminus1_1800,nws_cli_knyc,FULL_OPERATIONAL_REPLAY,5,spring,64.5,61.0,-3.5
gfs_operational_latest,KXHIGHNY-26MAY12,2026-05-12,dminus1_1800,nws_cli_knyc,FULL_OPERATIONAL_REPLAY,5,spring,67.6,66.0,-1.5999999999999943
gfs_operational_latest,KXHIGHNY-26MAY13,2026-05-13,dminus1_1800,nws_cli_knyc,FULL_OPERATIONAL_REPLAY,5,spring,74.2,72.0,-2.200000000000003
gfs_operational_latest,KXHIGHNY-26MAY14,2026-05-14,dminus1_1800,nws_cli_knyc,FULL_OPERATIONAL_REPLAY,5,spring,65.8,66.0,0.20000000000000284
gfs_operational_latest,KXHIGHNY-26MAY15,2026-05-15,dminus1_1800,nws_cli_knyc,FULL_OPERATIONAL_REPLAY,5,spring,67.2,66.0,-1.2000000000000028
gfs_operational_latest,KXHIGHNY-26MAY16,2026-05-16,dminus1_1800,nws_cli_knyc,FULL_OPERATIONAL_REPLAY,5,spring,78.7,80.0,1.2999999999999972
gfs_operational_latest,KXHIGHNY-26MAY17,2026-05-17,dminus1_1800,nws_cli_knyc,FULL_OPERATIONAL_REPLAY,5,spring,91.0,87.0,-4.0
gfs_operational_latest,KXHIGHNY-26MAY18,2026-05-18,dminus1_1800,nws_cli_knyc,FULL_OPERATIONAL_REPLAY,5,spring,88.8,88.0,-0.7999999999999972
gfs_operational_latest,KXHIGHNY-26MAY19,2026-05-19,dminus1_1800,nws_cli_knyc,FULL_OPERATIONAL_REPLAY,5,spring,97.3,93.0,-4.299999999999997
gfs_operational_latest,KXHIGHNY-26MAY20,2026-05-20,dminus1_1800,nws_cli_knyc,FULL_OPERATIONAL_REPLAY,5,spring,95.5,92.0,-3.5
gfs_operational_latest,KXHIGHNY-26MAY21,2026-05-21,dminus1_1800,nws_cli_knyc,FULL_OPERATIONAL_REPLAY,5,spring,65.2,66.0,0.7999999999999972
gfs_operational_latest,KXHIGHNY-26MAY22,2026-05-22,dminus1_1800,nws_cli_knyc,FULL_OPERATIONAL_REPLAY,5,spring,70.4,68.0,-2.4000000000000057
gfs_operational_latest,KXHIGHNY-26MAY23,2026-05-23,dminus1_1800,nws_cli_knyc,FULL_OPERATIONAL_REPLAY,5,spring,58.7,57.0,-1.7000000000000028
gfs_operational_latest,KXHIGHNY-26MAY24,2026-05-24,dminus1_1800,nws_cli_knyc,FULL_OPERATIONAL_REPLAY,5,spring,54.4,56.0,1.6000000000000014
gfs_operational_latest,KXHIGHNY-26MAY25,2026-05-25,dminus1_1800,nws_cli_knyc,FULL_OPERATIONAL_REPLAY,5,spring,71.2,73.0,1.7999999999999972
gfs_operational_latest,KXHIGHNY-26MAY26,2026-05-26,dminus1_1800,nws_cli_knyc,FULL_OPERATIONAL_REPLAY,5,spring,80.0,79.0,-1.0
gfs_operational_latest,KXHIGHNY-26MAY27,2026-05-27,dminus1_1800,nws_cli_knyc,FULL_OPERATIONAL_REPLAY,5,spring,83.9,81.0,-2.9000000000000057
gfs_operational_latest,KXHIGHNY-26MAY28,2026-05-28,dminus1_1800,nws_cli_knyc,FULL_OPERATIONAL_REPLAY,5,spring,75.8,75.0,-0.7999999999999972
gfs_operational_latest,KXHIGHNY-26MAY29,2026-05-29,dminus1_1800,nws_cli_knyc,FULL_OPERATIONAL_REPLAY,5,spring,79.6,75.0,-4.599999999999994
gfs_operational_latest,KXHIGHNY-26MAY30,2026-05-30,dminus1_1800,nws_cli_knyc,FULL_OPERATIONAL_REPLAY,5,spring,65.2,69.0,3.799999999999997
gfs_operational_latest,KXHIGHNY-26MAY31,2026-05-31,dminus1_1800,nws_cli_knyc,FULL_OPERATIONAL_REPLAY,5,spring,75.8,75.0,-0.7999999999999972
gfs_operational_latest,KXHIGHNY-26JUN01,2026-06-01,dminus1_1800,nws_cli_knyc,FULL_OPERATIONAL_REPLAY,6,summer,74.9,71.0,-3.9000000000000057
gfs_operational_latest,KXHIGHNY-26JUN02,2026-06-02,dminus1_1800,nws_cli_knyc,FULL_OPERATIONAL_REPLAY,6,summer,78.4,76.0,-2.4000000000000057
gfs_operational_latest,KXHIGHNY-26JUN03,2026-06-03,dminus1_1800,nws_cli_knyc,FULL_OPERATIONAL_REPLAY,6,summer,83.0,83.0,0.0
gfs_operational_latest,KXHIGHNY-26JUN04,2026-06-04,dminus1_1800,nws_cli_knyc,FULL_OPERATIONAL_REPLAY,6,summer,86.8,86.0,-0.7999999999999972
gfs_operational_latest,KXHIGHNY-26JUN05,2026-06-05,dminus1_1800,nws_cli_knyc,FULL_OPERATIONAL_REPLAY,6,summer,91.5,88.0,-3.5
gfs_operational_latest,KXHIGHNY-26JUN06,2026-06-06,dminus1_1800,nws_cli_knyc,FULL_OPERATIONAL_REPLAY,6,summer,92.4,87.0,-5.400000000000006
gfs_operational_latest,KXHIGHNY-26JUN07,2026-06-07,dminus1_1800,nws_cli_knyc,FULL_OPERATIONAL_REPLAY,6,summer,85.6,81.0,-4.599999999999994
gfs_operational_latest,KXHIGHNY-26JUN08,2026-06-08,dminus1_1800,nws_cli_knyc,FULL_OPERATIONAL_REPLAY,6,summer,80.5,75.0,-5.5
gfs_operational_latest,KXHIGHNY-26JUN09,2026-06-09,dminus1_1800,nws_cli_knyc,FULL_OPERATIONAL_REPLAY,6,summer,85.7,79.0,-6.700000000000003
gfs_operational_latest,KXHIGHNY-26JUN10,2026-06-10,dminus1_1800,nws_cli_knyc,FULL_OPERATIONAL_REPLAY,6,summer,84.5,82.0,-2.5
gfs_operational_latest,KXHIGHNY-26JUN12,2026-06-12,dminus1_1800,nws_cli_knyc,FULL_OPERATIONAL_REPLAY,6,summer,100.0,90.0,-10.0
gfs_operational_latest,KXHIGHNY-26JUN13,2026-06-13,dminus1_1800,nws_cli_knyc,FULL_OPERATIONAL_REPLAY,6,summer,91.0,85.0,-6.0
gfs_operational_latest,KXHIGHNY-26JUN14,2026-06-14,dminus1_1800,nws_cli_knyc,FULL_OPERATIONAL_REPLAY,6,summer,92.8,87.0,-5.799999999999997
gfs_operational_latest,KXHIGHNY-26JUN15,2026-06-15,dminus1_1800,nws_cli_knyc,FULL_OPERATIONAL_REPLAY,6,summer,81.2,74.0,-7.200000000000003
gfs_operational_latest,KXHIGHNY-26JUN16,2026-06-16,dminus1_1800,nws_cli_knyc,FULL_OPERATIONAL_REPLAY,6,summer,81.4,76.0,-5.400000000000006
gfs_operational_latest,KXHIGHNY-26JUN17,2026-06-17,dminus1_1800,nws_cli_knyc,FULL_OPERATIONAL_REPLAY,6,summer,80.5,78.0,-2.5
gfs_operational_latest,KXHIGHNY-26JUN18,2026-06-18,dminus1_1800,nws_cli_knyc,FULL_OPERATIONAL_REPLAY,6,summer,93.7,86.0,-7.700000000000003
gfs_operational_latest,KXHIGHNY-26JUN19,2026-06-19,dminus1_1800,nws_cli_knyc,FULL_OPERATIONAL_REPLAY,6,summer,86.3,81.0,-5.299999999999997
gfs_operational_latest,KXHIGHNY-26JUN20,2026-06-20,dminus1_1800,nws_cli_knyc,FULL_OPERATIONAL_REPLAY,6,summer,84.5,81.0,-3.5
gfs_operational_latest,KXHIGHNY-26JUN21,2026-06-21,dminus1_1800,nws_cli_knyc,FULL_OPERATIONAL_REPLAY,6,summer,83.6,82.0,-1.5999999999999943
gfs_operational_latest,KXHIGHNY-26JUN22,2026-06-22,dminus1_1800,nws_cli_knyc,FULL_OPERATIONAL_REPLAY,6,summer,77.1,73.0,-4.099999999999994
gfs_operational_latest,KXHIGHNY-26JUN23,2026-06-23,dminus1_1800,nws_cli_knyc,FULL_OPERATIONAL_REPLAY,6,summer,71.0,71.0,0.0
gfs_operational_latest,KXHIGHNY-26JUN24,2026-06-24,dminus1_1800,nws_cli_knyc,FULL_OPERATIONAL_REPLAY,6,summer,84.5,82.0,-2.5
gfs_operational_latest,KXHIGHNY-26JUN25,2026-06-25,dminus1_1800,nws_cli_knyc,FULL_OPERATIONAL_REPLAY,6,summer,85.7,83.0,-2.700000000000003
gfs_operational_latest,KXHIGHNY-26JUN26,2026-06-26,dminus1_1800,nws_cli_knyc,FULL_OPERATIONAL_REPLAY,6,summer,84.8,80.0,-4.799999999999997
gfs_operational_latest,KXHIGHNY-26JUN27,2026-06-27,dminus1_1800,nws_cli_knyc,FULL_OPERATIONAL_REPLAY,6,summer,82.3,78.0,-4.299999999999997
gfs_operational_latest,KXHIGHNY-26JUN28,2026-06-28,dminus1_1800,nws_cli_knyc,FULL_OPERATIONAL_REPLAY,6,summer,85.7,82.0,-3.700000000000003
gfs_operational_latest,KXHIGHNY-26JUN29,2026-06-29,dminus1_1800,nws_cli_knyc,FULL_OPERATIONAL_REPLAY,6,summer,91.3,88.0,-3.299999999999997
gfs_operational_latest,KXHIGHNY-26JUN30,2026-06-30,dminus1_1800,nws_cli_knyc,FULL_OPERATIONAL_REPLAY,6,summer,93.7,87.0,-6.700000000000003
gfs_operational_latest,KXHIGHNY-26JUL01,2026-07-01,dminus1_1800,nws_cli_knyc,FULL_OPERATIONAL_REPLAY,7,summer,100.7,93.0,-7.700000000000003
gfs_operational_latest,KXHIGHNY-26JUL02,2026-07-02,dminus1_1800,nws_cli_knyc,FULL_OPERATIONAL_REPLAY,7,summer,105.5,100.0,-5.5
gfs_operational_latest,KXHIGHNY-26JUL03,2026-07-03,dminus1_1800,nws_cli_knyc,FULL_OPERATIONAL_REPLAY,7,summer,105.0,98.0,-7.0
gfs_operational_latest,KXHIGHNY-26JUL04,2026-07-04,dminus1_1800,nws_cli_knyc,FULL_OPERATIONAL_REPLAY,7,summer,101.8,94.0,-7.799999999999997
gfs_operational_latest,KXHIGHNY-26JUL05,2026-07-05,dminus1_1800,nws_cli_knyc,FULL_OPERATIONAL_REPLAY,7,summer,88.6,81.0,-7.599999999999994
gfs_operational_latest,KXHIGHNY-26JUL06,2026-07-06,dminus1_1800,nws_cli_knyc,FULL_OPERATIONAL_REPLAY,7,summer,74.6,69.0,-5.599999999999994
gfs_operational_latest,KXHIGHNY-26JUL07,2026-07-07,dminus1_1800,nws_cli_knyc,FULL_OPERATIONAL_REPLAY,7,summer,67.7,70.0,2.299999999999997
gfs_operational_latest,KXHIGHNY-26JUL08,2026-07-08,dminus1_1800,nws_cli_knyc,FULL_OPERATIONAL_REPLAY,7,summer,87.2,85.0,-2.200000000000003
gfs_operational_latest,KXHIGHNY-26JUL09,2026-07-09,dminus1_1800,nws_cli_knyc,FULL_OPERATIONAL_REPLAY,7,summer,86.3,82.0,-4.299999999999997
gfs_operational_latest,KXHIGHNY-26JUL10,2026-07-10,dminus1_1800,nws_cli_knyc,FULL_OPERATIONAL_REPLAY,7,summer,91.5,85.0,-6.5
gfs_operational_latest,KXHIGHNY-26JUL11,2026-07-11,dminus1_1800,nws_cli_knyc,FULL_OPERATIONAL_REPLAY,7,summer,81.4,82.0,0.5999999999999943
gfs_operational_latest,KXHIGHNY-26JUL12,2026-07-12,dminus1_1800,nws_cli_knyc,FULL_OPERATIONAL_REPLAY,7,summer,87.7,84.0,-3.700000000000003
gfs_operational_latest,KXHIGHNY-26JUL13,2026-07-13,dminus1_1800,nws_cli_knyc,FULL_OPERATIONAL_REPLAY,7,summer,87.4,84.0,-3.4000000000000057
gfs_operational_latest,KXHIGHNY-26JUL14,2026-07-14,dminus1_1800,nws_cli_knyc,FULL_OPERATIONAL_REPLAY,7,summer,97.3,90.0,-7.299999999999997
gfs_operational_latest,KXHIGHNY-26JUL15,2026-07-15,dminus1_1800,nws_cli_knyc,FULL_OPERATIONAL_REPLAY,7,summer,101.0,95.0,-6.0
gfs_operational_latest,KXHIGHNY-26JUL16,2026-07-16,dminus1_1800,nws_cli_knyc,FULL_OPERATIONAL_REPLAY,7,summer,98.3,85.0,-13.299999999999997
gfs_operational_latest,KXHIGHNY-26JUL17,2026-07-17,dminus1_1800,nws_cli_knyc,FULL_OPERATIONAL_REPLAY,7,summer,90.4,86.0,-4.400000000000006
gfs_operational_latest,KXHIGHNY-26JUL18,2026-07-18,dminus1_1800,nws_cli_knyc,FULL_OPERATIONAL_REPLAY,7,summer,83.2,76.0,-7.200000000000003
gfs_operational_latest,KXHIGHNY-26JUL19,2026-07-19,dminus1_1800,nws_cli_knyc,FULL_OPERATIONAL_REPLAY,7,summer,82.5,79.0,-3.5
gfs_operational_latest,KXHIGHNY-26JUL20,2026-07-20,dminus1_1800,nws_cli_knyc,FULL_OPERATIONAL_REPLAY,7,summer,86.8,81.0,-5.799999999999997
gfs_operational_latest,KXHIGHNY-26JUL21,2026-07-21,dminus1_1800,nws_cli_knyc,FULL_OPERATIONAL_REPLAY,7,summer,81.8,81.0,-0.7999999999999972
gfs_operational_latest,KXHIGHNY-26JUL22,2026-07-22,dminus1_1800,nws_cli_knyc,FULL_OPERATIONAL_REPLAY,7,summer,87.9,85.0,-2.9000000000000057
gfs_operational_latest,KXHIGHNY-26JUL23,2026-07-23,dminus1_1800,nws_cli_knyc,FULL_OPERATIONAL_REPLAY,7,summer,85.4,79.0,-6.400000000000006
gfs_operational_latest,KXHIGHNY-26JUL24,2026-07-24,dminus1_1800,nws_cli_knyc,FULL_OPERATIONAL_REPLAY,7,summer,87.2,83.0,-4.200000000000003
gfs_operational_latest,KXHIGHNY-26JUL25,2026-07-25,dminus1_1800,nws_cli_knyc,FULL_OPERATIONAL_REPLAY,7,summer,85.2,81.0,-4.200000000000003
hrrr_operational_latest,KXHIGHNY-26APR02,2026-04-02,d0_0600,nws_cli_knyc,FULL_OPERATIONAL_REPLAY,4,spring,51.0,51.0,0.0
hrrr_operational_latest,KXHIGHNY-26APR03,2026-04-03,d0_0600,nws_cli_knyc,FULL_OPERATIONAL_REPLAY,4,spring,65.7,66.0,0.29999999999999716
hrrr_operational_latest,KXHIGHNY-26APR04,2026-04-04,d0_0600,nws_cli_knyc,FULL_OPERATIONAL_REPLAY,4,spring,72.6,73.0,0.4000000000000057
hrrr_operational_latest,KXHIGHNY-26APR05,2026-04-05,d0_0600,nws_cli_knyc,FULL_OPERATIONAL_REPLAY,4,spring,61.6,57.0,-4.600000000000001
hrrr_operational_latest,KXHIGHNY-26APR06,2026-04-06,d0_0600,nws_cli_knyc,FULL_OPERATIONAL_REPLAY,4,spring,53.0,56.0,3.0
hrrr_operational_latest,KXHIGHNY-26APR07,2026-04-07,d0_0600,nws_cli_knyc,FULL_OPERATIONAL_REPLAY,4,spring,50.2,56.0,5.799999999999997
hrrr_operational_latest,KXHIGHNY-26APR08,2026-04-08,d0_0600,nws_cli_knyc,FULL_OPERATIONAL_REPLAY,4,spring,50.4,51.0,0.6000000000000014
hrrr_operational_latest,KXHIGHNY-26APR09,2026-04-09,d0_0600,nws_cli_knyc,FULL_OPERATIONAL_REPLAY,4,spring,48.2,51.0,2.799999999999997
hrrr_operational_latest,KXHIGHNY-26APR10,2026-04-10,d0_0600,nws_cli_knyc,FULL_OPERATIONAL_REPLAY,4,spring,62.7,63.0,0.29999999999999716
hrrr_operational_latest,KXHIGHNY-26APR11,2026-04-11,d0_0600,nws_cli_knyc,FULL_OPERATIONAL_REPLAY,4,spring,61.7,63.0,1.2999999999999972
hrrr_operational_latest,KXHIGHNY-26APR12,2026-04-12,d0_0600,nws_cli_knyc,FULL_OPERATIONAL_REPLAY,4,spring,55.2,55.0,-0.20000000000000284
hrrr_operational_latest,KXHIGHNY-26APR13,2026-04-13,d0_0600,nws_cli_knyc,FULL_OPERATIONAL_REPLAY,4,spring,83.6,79.0,-4.599999999999994
hrrr_operational_latest,KXHIGHNY-26APR14,2026-04-14,d0_0600,nws_cli_knyc,FULL_OPERATIONAL_REPLAY,4,spring,85.6,87.0,1.4000000000000057
hrrr_operational_latest,KXHIGHNY-26APR15,2026-04-15,d0_0600,nws_cli_knyc,FULL_OPERATIONAL_REPLAY,4,spring,89.0,90.0,1.0
hrrr_operational_latest,KXHIGHNY-26APR16,2026-04-16,d0_0600,nws_cli_knyc,FULL_OPERATIONAL_REPLAY,4,spring,88.3,89.0,0.7000000000000028
hrrr_operational_latest,KXHIGHNY-26APR17,2026-04-17,d0_0600,nws_cli_knyc,FULL_OPERATIONAL_REPLAY,4,spring,77.5,81.0,3.5
hrrr_operational_latest,KXHIGHNY-26APR18,2026-04-18,d0_0600,nws_cli_knyc,FULL_OPERATIONAL_REPLAY,4,spring,65.6,66.0,0.4000000000000057
hrrr_operational_latest,KXHIGHNY-26APR19,2026-04-19,d0_0600,nws_cli_knyc,FULL_OPERATIONAL_REPLAY,4,spring,50.3,53.0,2.700000000000003
hrrr_operational_latest,KXHIGHNY-26APR20,2026-04-20,d0_0600,nws_cli_knyc,FULL_OPERATIONAL_REPLAY,4,spring,47.0,51.0,4.0
hrrr_operational_latest,KXHIGHNY-26APR21,2026-04-21,d0_0600,nws_cli_knyc,FULL_OPERATIONAL_REPLAY,4,spring,53.4,54.0,0.6000000000000014
hrrr_operational_latest,KXHIGHNY-26APR22,2026-04-22,d0_0600,nws_cli_knyc,FULL_OPERATIONAL_REPLAY,4,spring,54.8,56.0,1.2000000000000028
hrrr_operational_latest,KXHIGHNY-26APR23,2026-04-23,d0_0600,nws_cli_knyc,FULL_OPERATIONAL_REPLAY,4,spring,73.9,73.0,-0.9000000000000057
hrrr_operational_latest,KXHIGHNY-26APR24,2026-04-24,d0_0600,nws_cli_knyc,FULL_OPERATIONAL_REPLAY,4,spring,68.3,68.0,-0.29999999999999716
hrrr_operational_latest,KXHIGHNY-26APR25,2026-04-25,d0_0600,nws_cli_knyc,FULL_OPERATIONAL_REPLAY,4,spring,50.0,50.0,0.0
hrrr_operational_latest,KXHIGHNY-26APR26,2026-04-26,d0_0600,nws_cli_knyc,FULL_OPERATIONAL_REPLAY,4,spring,50.0,57.0,7.0
hrrr_operational_latest,KXHIGHNY-26APR27,2026-04-27,d0_0600,nws_cli_knyc,FULL_OPERATIONAL_REPLAY,4,spring,65.0,68.0,3.0
hrrr_operational_latest,KXHIGHNY-26APR28,2026-04-28,d0_0600,nws_cli_knyc,FULL_OPERATIONAL_REPLAY,4,spring,63.3,65.0,1.7000000000000028
hrrr_operational_latest,KXHIGHNY-26APR29,2026-04-29,d0_0600,nws_cli_knyc,FULL_OPERATIONAL_REPLAY,4,spring,57.6,62.0,4.399999999999999
hrrr_operational_latest,KXHIGHNY-26APR30,2026-04-30,d0_0600,nws_cli_knyc,FULL_OPERATIONAL_REPLAY,4,spring,59.2,60.0,0.7999999999999972
hrrr_operational_latest,KXHIGHNY-26MAY01,2026-05-01,d0_0600,nws_cli_knyc,FULL_OPERATIONAL_REPLAY,5,spring,63.9,64.0,0.10000000000000142
hrrr_operational_latest,KXHIGHNY-26MAY02,2026-05-02,d0_0600,nws_cli_knyc,FULL_OPERATIONAL_REPLAY,5,spring,62.9,61.0,-1.8999999999999986
hrrr_operational_latest,KXHIGHNY-26MAY03,2026-05-03,d0_0600,nws_cli_knyc,FULL_OPERATIONAL_REPLAY,5,spring,58.1,59.0,0.8999999999999986
hrrr_operational_latest,KXHIGHNY-26MAY04,2026-05-04,d0_0600,nws_cli_knyc,FULL_OPERATIONAL_REPLAY,5,spring,72.4,72.0,-0.4000000000000057
hrrr_operational_latest,KXHIGHNY-26MAY05,2026-05-05,d0_0600,nws_cli_knyc,FULL_OPERATIONAL_REPLAY,5,spring,83.9,81.0,-2.9000000000000057
hrrr_operational_latest,KXHIGHNY-26MAY06,2026-05-06,d0_0600,nws_cli_knyc,FULL_OPERATIONAL_REPLAY,5,spring,74.8,71.0,-3.799999999999997
hrrr_operational_latest,KXHIGHNY-26MAY07,2026-05-07,d0_0600,nws_cli_knyc,FULL_OPERATIONAL_REPLAY,5,spring,63.6,64.0,0.3999999999999986
hrrr_operational_latest,KXHIGHNY-26MAY08,2026-05-08,d0_0600,nws_cli_knyc,FULL_OPERATIONAL_REPLAY,5,spring,63.5,63.0,-0.5
hrrr_operational_latest,KXHIGHNY-26MAY09,2026-05-09,d0_0600,nws_cli_knyc,FULL_OPERATIONAL_REPLAY,5,spring,70.6,65.0,-5.599999999999994
hrrr_operational_latest,KXHIGHNY-26MAY10,2026-05-10,d0_0600,nws_cli_knyc,FULL_OPERATIONAL_REPLAY,5,spring,75.4,73.0,-2.4000000000000057
hrrr_operational_latest,KXHIGHNY-26MAY11,2026-05-11,d0_0600,nws_cli_knyc,FULL_OPERATIONAL_REPLAY,5,spring,66.6,61.0,-5.599999999999994
hrrr_operational_latest,KXHIGHNY-26MAY12,2026-05-12,d0_0600,nws_cli_knyc,FULL_OPERATIONAL_REPLAY,5,spring,66.6,66.0,-0.5999999999999943
hrrr_operational_latest,KXHIGHNY-26MAY13,2026-05-13,d0_0600,nws_cli_knyc,FULL_OPERATIONAL_REPLAY,5,spring,76.1,72.0,-4.099999999999994
hrrr_operational_latest,KXHIGHNY-26MAY14,2026-05-14,d0_0600,nws_cli_knyc,FULL_OPERATIONAL_REPLAY,5,spring,68.2,66.0,-2.200000000000003
hrrr_operational_latest,KXHIGHNY-26MAY15,2026-05-15,d0_0600,nws_cli_knyc,FULL_OPERATIONAL_REPLAY,5,spring,66.5,66.0,-0.5
hrrr_operational_latest,KXHIGHNY-26MAY16,2026-05-16,d0_0600,nws_cli_knyc,FULL_OPERATIONAL_REPLAY,5,spring,79.4,80.0,0.5999999999999943
hrrr_operational_latest,KXHIGHNY-26MAY17,2026-05-17,d0_0600,nws_cli_knyc,FULL_OPERATIONAL_REPLAY,5,spring,91.0,87.0,-4.0
hrrr_operational_latest,KXHIGHNY-26MAY18,2026-05-18,d0_0600,nws_cli_knyc,FULL_OPERATIONAL_REPLAY,5,spring,90.5,88.0,-2.5
hrrr_operational_latest,KXHIGHNY-26MAY19,2026-05-19,d0_0600,nws_cli_knyc,FULL_OPERATIONAL_REPLAY,5,spring,98.0,93.0,-5.0
hrrr_operational_latest,KXHIGHNY-26MAY20,2026-05-20,d0_0600,nws_cli_knyc,FULL_OPERATIONAL_REPLAY,5,spring,92.8,92.0,-0.7999999999999972
hrrr_operational_latest,KXHIGHNY-26MAY21,2026-05-21,d0_0600,nws_cli_knyc,FULL_OPERATIONAL_REPLAY,5,spring,65.0,66.0,1.0
hrrr_operational_latest,KXHIGHNY-26MAY22,2026-05-22,d0_0600,nws_cli_knyc,FULL_OPERATIONAL_REPLAY,5,spring,70.6,68.0,-2.5999999999999943
hrrr_operational_latest,KXHIGHNY-26MAY23,2026-05-23,d0_0600,nws_cli_knyc,FULL_OPERATIONAL_REPLAY,5,spring,56.1,57.0,0.8999999999999986
hrrr_operational_latest,KXHIGHNY-26MAY24,2026-05-24,d0_0600,nws_cli_knyc,FULL_OPERATIONAL_REPLAY,5,spring,56.6,56.0,-0.6000000000000014
hrrr_operational_latest,KXHIGHNY-26MAY25,2026-05-25,d0_0600,nws_cli_knyc,FULL_OPERATIONAL_REPLAY,5,spring,72.2,73.0,0.7999999999999972
hrrr_operational_latest,KXHIGHNY-26MAY26,2026-05-26,d0_0600,nws_cli_knyc,FULL_OPERATIONAL_REPLAY,5,spring,81.7,79.0,-2.700000000000003
hrrr_operational_latest,KXHIGHNY-26MAY27,2026-05-27,d0_0600,nws_cli_knyc,FULL_OPERATIONAL_REPLAY,5,spring,86.2,81.0,-5.200000000000003
hrrr_operational_latest,KXHIGHNY-26MAY28,2026-05-28,d0_0600,nws_cli_knyc,FULL_OPERATIONAL_REPLAY,5,spring,76.6,75.0,-1.5999999999999943
hrrr_operational_latest,KXHIGHNY-26MAY29,2026-05-29,d0_0600,nws_cli_knyc,FULL_OPERATIONAL_REPLAY,5,spring,78.7,75.0,-3.700000000000003
hrrr_operational_latest,KXHIGHNY-26MAY30,2026-05-30,d0_0600,nws_cli_knyc,FULL_OPERATIONAL_REPLAY,5,spring,68.0,69.0,1.0
hrrr_operational_latest,KXHIGHNY-26MAY31,2026-05-31,d0_0600,nws_cli_knyc,FULL_OPERATIONAL_REPLAY,5,spring,75.1,75.0,-0.09999999999999432
hrrr_operational_latest,KXHIGHNY-26JUN01,2026-06-01,d0_0600,nws_cli_knyc,FULL_OPERATIONAL_REPLAY,6,summer,71.9,71.0,-0.9000000000000057
hrrr_operational_latest,KXHIGHNY-26JUN02,2026-06-02,d0_0600,nws_cli_knyc,FULL_OPERATIONAL_REPLAY,6,summer,75.9,76.0,0.09999999999999432
hrrr_operational_latest,KXHIGHNY-26JUN03,2026-06-03,d0_0600,nws_cli_knyc,FULL_OPERATIONAL_REPLAY,6,summer,83.4,83.0,-0.4000000000000057
hrrr_operational_latest,KXHIGHNY-26JUN04,2026-06-04,d0_0600,nws_cli_knyc,FULL_OPERATIONAL_REPLAY,6,summer,87.2,86.0,-1.2000000000000028
hrrr_operational_latest,KXHIGHNY-26JUN05,2026-06-05,d0_0600,nws_cli_knyc,FULL_OPERATIONAL_REPLAY,6,summer,91.9,88.0,-3.9000000000000057
hrrr_operational_latest,KXHIGHNY-26JUN06,2026-06-06,d0_0600,nws_cli_knyc,FULL_OPERATIONAL_REPLAY,6,summer,92.2,87.0,-5.200000000000003
hrrr_operational_latest,KXHIGHNY-26JUN07,2026-06-07,d0_0600,nws_cli_knyc,FULL_OPERATIONAL_REPLAY,6,summer,84.4,81.0,-3.4000000000000057
hrrr_operational_latest,KXHIGHNY-26JUN08,2026-06-08,d0_0600,nws_cli_knyc,FULL_OPERATIONAL_REPLAY,6,summer,76.9,75.0,-1.9000000000000057
hrrr_operational_latest,KXHIGHNY-26JUN09,2026-06-09,d0_0600,nws_cli_knyc,FULL_OPERATIONAL_REPLAY,6,summer,81.2,79.0,-2.200000000000003
hrrr_operational_latest,KXHIGHNY-26JUN10,2026-06-10,d0_0600,nws_cli_knyc,FULL_OPERATIONAL_REPLAY,6,summer,85.7,82.0,-3.700000000000003
hrrr_operational_latest,KXHIGHNY-26JUN12,2026-06-12,d0_0600,nws_cli_knyc,FULL_OPERATIONAL_REPLAY,6,summer,97.1,90.0,-7.099999999999994
hrrr_operational_latest,KXHIGHNY-26JUN13,2026-06-13,d0_0600,nws_cli_knyc,FULL_OPERATIONAL_REPLAY,6,summer,90.4,85.0,-5.400000000000006
hrrr_operational_latest,KXHIGHNY-26JUN14,2026-06-14,d0_0600,nws_cli_knyc,FULL_OPERATIONAL_REPLAY,6,summer,91.0,87.0,-4.0
hrrr_operational_latest,KXHIGHNY-26JUN15,2026-06-15,d0_0600,nws_cli_knyc,FULL_OPERATIONAL_REPLAY,6,summer,80.2,74.0,-6.200000000000003
hrrr_operational_latest,KXHIGHNY-26JUN16,2026-06-16,d0_0600,nws_cli_knyc,FULL_OPERATIONAL_REPLAY,6,summer,79.5,76.0,-3.5
hrrr_operational_latest,KXHIGHNY-26JUN17,2026-06-17,d0_0600,nws_cli_knyc,FULL_OPERATIONAL_REPLAY,6,summer,80.8,78.0,-2.799999999999997
hrrr_operational_latest,KXHIGHNY-26JUN18,2026-06-18,d0_0600,nws_cli_knyc,FULL_OPERATIONAL_REPLAY,6,summer,91.8,86.0,-5.799999999999997
hrrr_operational_latest,KXHIGHNY-26JUN19,2026-06-19,d0_0600,nws_cli_knyc,FULL_OPERATIONAL_REPLAY,6,summer,85.6,81.0,-4.599999999999994
hrrr_operational_latest,KXHIGHNY-26JUN20,2026-06-20,d0_0600,nws_cli_knyc,FULL_OPERATIONAL_REPLAY,6,summer,84.5,81.0,-3.5
hrrr_operational_latest,KXHIGHNY-26JUN21,2026-06-21,d0_0600,nws_cli_knyc,FULL_OPERATIONAL_REPLAY,6,summer,83.2,82.0,-1.2000000000000028
hrrr_operational_latest,KXHIGHNY-26JUN22,2026-06-22,d0_0600,nws_cli_knyc,FULL_OPERATIONAL_REPLAY,6,summer,80.2,73.0,-7.200000000000003
hrrr_operational_latest,KXHIGHNY-26JUN23,2026-06-23,d0_0600,nws_cli_knyc,FULL_OPERATIONAL_REPLAY,6,summer,71.9,71.0,-0.9000000000000057
hrrr_operational_latest,KXHIGHNY-26JUN24,2026-06-24,d0_0600,nws_cli_knyc,FULL_OPERATIONAL_REPLAY,6,summer,84.2,82.0,-2.200000000000003
hrrr_operational_latest,KXHIGHNY-26JUN25,2026-06-25,d0_0600,nws_cli_knyc,FULL_OPERATIONAL_REPLAY,6,summer,83.8,83.0,-0.7999999999999972
hrrr_operational_latest,KXHIGHNY-26JUN26,2026-06-26,d0_0600,nws_cli_knyc,FULL_OPERATIONAL_REPLAY,6,summer,88.2,80.0,-8.200000000000003
hrrr_operational_latest,KXHIGHNY-26JUN27,2026-06-27,d0_0600,nws_cli_knyc,FULL_OPERATIONAL_REPLAY,6,summer,76.2,78.0,1.7999999999999972
hrrr_operational_latest,KXHIGHNY-26JUN28,2026-06-28,d0_0600,nws_cli_knyc,FULL_OPERATIONAL_REPLAY,6,summer,84.7,82.0,-2.700000000000003
hrrr_operational_latest,KXHIGHNY-26JUN29,2026-06-29,d0_0600,nws_cli_knyc,FULL_OPERATIONAL_REPLAY,6,summer,88.2,88.0,-0.20000000000000284
hrrr_operational_latest,KXHIGHNY-26JUN30,2026-06-30,d0_0600,nws_cli_knyc,FULL_OPERATIONAL_REPLAY,6,summer,90.1,87.0,-3.0999999999999943
hrrr_operational_latest,KXHIGHNY-26JUL01,2026-07-01,d0_0600,nws_cli_knyc,FULL_OPERATIONAL_REPLAY,7,summer,97.8,93.0,-4.799999999999997
hrrr_operational_latest,KXHIGHNY-26JUL02,2026-07-02,d0_0600,nws_cli_knyc,FULL_OPERATIONAL_REPLAY,7,summer,104.0,100.0,-4.0
hrrr_operational_latest,KXHIGHNY-26JUL03,2026-07-03,d0_0600,nws_cli_knyc,FULL_OPERATIONAL_REPLAY,7,summer,104.1,98.0,-6.099999999999994
hrrr_operational_latest,KXHIGHNY-26JUL04,2026-07-04,d0_0600,nws_cli_knyc,FULL_OPERATIONAL_REPLAY,7,summer,97.8,94.0,-3.799999999999997
hrrr_operational_latest,KXHIGHNY-26JUL05,2026-07-05,d0_0600,nws_cli_knyc,FULL_OPERATIONAL_REPLAY,7,summer,87.5,81.0,-6.5
hrrr_operational_latest,KXHIGHNY-26JUL06,2026-07-06,d0_0600,nws_cli_knyc,FULL_OPERATIONAL_REPLAY,7,summer,70.1,69.0,-1.0999999999999943
hrrr_operational_latest,KXHIGHNY-26JUL07,2026-07-07,d0_0600,nws_cli_knyc,FULL_OPERATIONAL_REPLAY,7,summer,69.0,70.0,1.0
hrrr_operational_latest,KXHIGHNY-26JUL08,2026-07-08,d0_0600,nws_cli_knyc,FULL_OPERATIONAL_REPLAY,7,summer,80.0,85.0,5.0
hrrr_operational_latest,KXHIGHNY-26JUL09,2026-07-09,d0_0600,nws_cli_knyc,FULL_OPERATIONAL_REPLAY,7,summer,86.5,82.0,-4.5
hrrr_operational_latest,KXHIGHNY-26JUL10,2026-07-10,d0_0600,nws_cli_knyc,FULL_OPERATIONAL_REPLAY,7,summer,86.6,85.0,-1.5999999999999943
hrrr_operational_latest,KXHIGHNY-26JUL11,2026-07-11,d0_0600,nws_cli_knyc,FULL_OPERATIONAL_REPLAY,7,summer,79.7,82.0,2.299999999999997
hrrr_operational_latest,KXHIGHNY-26JUL12,2026-07-12,d0_0600,nws_cli_knyc,FULL_OPERATIONAL_REPLAY,7,summer,86.1,84.0,-2.0999999999999943
hrrr_operational_latest,KXHIGHNY-26JUL13,2026-07-13,d0_0600,nws_cli_knyc,FULL_OPERATIONAL_REPLAY,7,summer,86.1,84.0,-2.0999999999999943
hrrr_operational_latest,KXHIGHNY-26JUL14,2026-07-14,d0_0600,nws_cli_knyc,FULL_OPERATIONAL_REPLAY,7,summer,95.3,90.0,-5.299999999999997
hrrr_operational_latest,KXHIGHNY-26JUL15,2026-07-15,d0_0600,nws_cli_knyc,FULL_OPERATIONAL_REPLAY,7,summer,98.9,95.0,-3.9000000000000057
hrrr_operational_latest,KXHIGHNY-26JUL16,2026-07-16,d0_0600,nws_cli_knyc,FULL_OPERATIONAL_REPLAY,7,summer,93.8,85.0,-8.799999999999997
hrrr_operational_latest,KXHIGHNY-26JUL17,2026-07-17,d0_0600,nws_cli_knyc,FULL_OPERATIONAL_REPLAY,7,summer,89.9,86.0,-3.9000000000000057
hrrr_operational_latest,KXHIGHNY-26JUL18,2026-07-18,d0_0600,nws_cli_knyc,FULL_OPERATIONAL_REPLAY,7,summer,92.1,76.0,-16.099999999999994
hrrr_operational_latest,KXHIGHNY-26JUL19,2026-07-19,d0_0600,nws_cli_knyc,FULL_OPERATIONAL_REPLAY,7,summer,81.4,79.0,-2.4000000000000057
hrrr_operational_latest,KXHIGHNY-26JUL20,2026-07-20,d0_0600,nws_cli_knyc,FULL_OPERATIONAL_REPLAY,7,summer,82.5,81.0,-1.5
hrrr_operational_latest,KXHIGHNY-26JUL21,2026-07-21,d0_0600,nws_cli_knyc,FULL_OPERATIONAL_REPLAY,7,summer,81.9,81.0,-0.9000000000000057
hrrr_operational_latest,KXHIGHNY-26JUL22,2026-07-22,d0_0600,nws_cli_knyc,FULL_OPERATIONAL_REPLAY,7,summer,88.3,85.0,-3.299999999999997
hrrr_operational_latest,KXHIGHNY-26JUL23,2026-07-23,d0_0600,nws_cli_knyc,FULL_OPERATIONAL_REPLAY,7,summer,82.3,79.0,-3.299999999999997
hrrr_operational_latest,KXHIGHNY-26JUL24,2026-07-24,d0_0600,nws_cli_knyc,FULL_OPERATIONAL_REPLAY,7,summer,82.6,83.0,0.4000000000000057
hrrr_operational_latest,KXHIGHNY-26JUL25,2026-07-25,d0_0600,nws_cli_knyc,FULL_OPERATIONAL_REPLAY,7,summer,83.7,81.0,-2.700000000000003
hrrr_operational_latest,KXHIGHNY-26MAY21,2026-05-21,d0_0900,nws_cli_knyc,FULL_OPERATIONAL_REPLAY,5,spring,65.0,66.0,1.0
hrrr_operational_latest,KXHIGHNY-26MAY26,2026-05-26,d0_0900,nws_cli_knyc,FULL_OPERATIONAL_REPLAY,5,spring,81.7,79.0,-2.700000000000003
hrrr_operational_latest,KXHIGHNY-26MAY27,2026-05-27,d0_0900,nws_cli_knyc,FULL_OPERATIONAL_REPLAY,5,spring,86.2,81.0,-5.200000000000003
hrrr_operational_latest,KXHIGHNY-26MAY28,2026-05-28,d0_0900,nws_cli_knyc,FULL_OPERATIONAL_REPLAY,5,spring,76.6,75.0,-1.5999999999999943
hrrr_operational_latest,KXHIGHNY-26MAY29,2026-05-29,d0_0900,nws_cli_knyc,FULL_OPERATIONAL_REPLAY,5,spring,78.7,75.0,-3.700000000000003
hrrr_operational_latest,KXHIGHNY-26MAY30,2026-05-30,d0_0900,nws_cli_knyc,FULL_OPERATIONAL_REPLAY,5,spring,68.0,69.0,1.0
hrrr_operational_latest,KXHIGHNY-26MAY31,2026-05-31,d0_0900,nws_cli_knyc,FULL_OPERATIONAL_REPLAY,5,spring,75.1,75.0,-0.09999999999999432
hrrr_operational_latest,KXHIGHNY-26JUN01,2026-06-01,d0_0900,nws_cli_knyc,FULL_OPERATIONAL_REPLAY,6,summer,71.9,71.0,-0.9000000000000057
hrrr_operational_latest,KXHIGHNY-26JUN02,2026-06-02,d0_0900,nws_cli_knyc,FULL_OPERATIONAL_REPLAY,6,summer,75.9,76.0,0.09999999999999432
hrrr_operational_latest,KXHIGHNY-26JUN03,2026-06-03,d0_0900,nws_cli_knyc,FULL_OPERATIONAL_REPLAY,6,summer,83.4,83.0,-0.4000000000000057
hrrr_operational_latest,KXHIGHNY-26JUN04,2026-06-04,d0_0900,nws_cli_knyc,FULL_OPERATIONAL_REPLAY,6,summer,87.2,86.0,-1.2000000000000028
hrrr_operational_latest,KXHIGHNY-26JUN05,2026-06-05,d0_0900,nws_cli_knyc,FULL_OPERATIONAL_REPLAY,6,summer,91.9,88.0,-3.9000000000000057
hrrr_operational_latest,KXHIGHNY-26JUN06,2026-06-06,d0_0900,nws_cli_knyc,FULL_OPERATIONAL_REPLAY,6,summer,92.2,87.0,-5.200000000000003
hrrr_operational_latest,KXHIGHNY-26JUN07,2026-06-07,d0_0900,nws_cli_knyc,FULL_OPERATIONAL_REPLAY,6,summer,84.4,81.0,-3.4000000000000057
hrrr_operational_latest,KXHIGHNY-26JUN08,2026-06-08,d0_0900,nws_cli_knyc,FULL_OPERATIONAL_REPLAY,6,summer,76.9,75.0,-1.9000000000000057
hrrr_operational_latest,KXHIGHNY-26JUN09,2026-06-09,d0_0900,nws_cli_knyc,FULL_OPERATIONAL_REPLAY,6,summer,81.2,79.0,-2.200000000000003
hrrr_operational_latest,KXHIGHNY-26JUN10,2026-06-10,d0_0900,nws_cli_knyc,FULL_OPERATIONAL_REPLAY,6,summer,85.7,82.0,-3.700000000000003
hrrr_operational_latest,KXHIGHNY-26JUN12,2026-06-12,d0_0900,nws_cli_knyc,FULL_OPERATIONAL_REPLAY,6,summer,97.1,90.0,-7.099999999999994
hrrr_operational_latest,KXHIGHNY-26JUN13,2026-06-13,d0_0900,nws_cli_knyc,FULL_OPERATIONAL_REPLAY,6,summer,90.4,85.0,-5.400000000000006
hrrr_operational_latest,KXHIGHNY-26JUN14,2026-06-14,d0_0900,nws_cli_knyc,FULL_OPERATIONAL_REPLAY,6,summer,91.0,87.0,-4.0
hrrr_operational_latest,KXHIGHNY-26JUN15,2026-06-15,d0_0900,nws_cli_knyc,FULL_OPERATIONAL_REPLAY,6,summer,80.2,74.0,-6.200000000000003
hrrr_operational_latest,KXHIGHNY-26JUN16,2026-06-16,d0_0900,nws_cli_knyc,FULL_OPERATIONAL_REPLAY,6,summer,79.5,76.0,-3.5
hrrr_operational_latest,KXHIGHNY-26JUN17,2026-06-17,d0_0900,nws_cli_knyc,FULL_OPERATIONAL_REPLAY,6,summer,80.8,78.0,-2.799999999999997
hrrr_operational_latest,KXHIGHNY-26JUN18,2026-06-18,d0_0900,nws_cli_knyc,FULL_OPERATIONAL_REPLAY,6,summer,91.8,86.0,-5.799999999999997
hrrr_operational_latest,KXHIGHNY-26JUN19,2026-06-19,d0_0900,nws_cli_knyc,FULL_OPERATIONAL_REPLAY,6,summer,85.6,81.0,-4.599999999999994
hrrr_operational_latest,KXHIGHNY-26JUN20,2026-06-20,d0_0900,nws_cli_knyc,FULL_OPERATIONAL_REPLAY,6,summer,84.5,81.0,-3.5
hrrr_operational_latest,KXHIGHNY-26JUN21,2026-06-21,d0_0900,nws_cli_knyc,FULL_OPERATIONAL_REPLAY,6,summer,83.2,82.0,-1.2000000000000028
hrrr_operational_latest,KXHIGHNY-26JUN22,2026-06-22,d0_0900,nws_cli_knyc,FULL_OPERATIONAL_REPLAY,6,summer,80.2,73.0,-7.200000000000003
hrrr_operational_latest,KXHIGHNY-26JUN23,2026-06-23,d0_0900,nws_cli_knyc,FULL_OPERATIONAL_REPLAY,6,summer,71.9,71.0,-0.9000000000000057
hrrr_operational_latest,KXHIGHNY-26JUN24,2026-06-24,d0_0900,nws_cli_knyc,FULL_OPERATIONAL_REPLAY,6,summer,84.2,82.0,-2.200000000000003
hrrr_operational_latest,KXHIGHNY-26JUN25,2026-06-25,d0_0900,nws_cli_knyc,FULL_OPERATIONAL_REPLAY,6,summer,83.8,83.0,-0.7999999999999972
hrrr_operational_latest,KXHIGHNY-26JUN26,2026-06-26,d0_0900,nws_cli_knyc,FULL_OPERATIONAL_REPLAY,6,summer,88.2,80.0,-8.200000000000003
hrrr_operational_latest,KXHIGHNY-26JUN27,2026-06-27,d0_0900,nws_cli_knyc,FULL_OPERATIONAL_REPLAY,6,summer,76.2,78.0,1.7999999999999972
hrrr_operational_latest,KXHIGHNY-26JUN28,2026-06-28,d0_0900,nws_cli_knyc,FULL_OPERATIONAL_REPLAY,6,summer,84.7,82.0,-2.700000000000003
hrrr_operational_latest,KXHIGHNY-26JUN29,2026-06-29,d0_0900,nws_cli_knyc,FULL_OPERATIONAL_REPLAY,6,summer,88.2,88.0,-0.20000000000000284
hrrr_operational_latest,KXHIGHNY-26JUN30,2026-06-30,d0_0900,nws_cli_knyc,FULL_OPERATIONAL_REPLAY,6,summer,90.1,87.0,-3.0999999999999943
hrrr_operational_latest,KXHIGHNY-26JUL01,2026-07-01,d0_0900,nws_cli_knyc,FULL_OPERATIONAL_REPLAY,7,summer,97.8,93.0,-4.799999999999997
hrrr_operational_latest,KXHIGHNY-26JUL02,2026-07-02,d0_0900,nws_cli_knyc,FULL_OPERATIONAL_REPLAY,7,summer,104.0,100.0,-4.0
hrrr_operational_latest,KXHIGHNY-26JUL03,2026-07-03,d0_0900,nws_cli_knyc,FULL_OPERATIONAL_REPLAY,7,summer,104.1,98.0,-6.099999999999994
hrrr_operational_latest,KXHIGHNY-26JUL04,2026-07-04,d0_0900,nws_cli_knyc,FULL_OPERATIONAL_REPLAY,7,summer,97.8,94.0,-3.799999999999997
hrrr_operational_latest,KXHIGHNY-26JUL05,2026-07-05,d0_0900,nws_cli_knyc,FULL_OPERATIONAL_REPLAY,7,summer,87.5,81.0,-6.5
hrrr_operational_latest,KXHIGHNY-26JUL06,2026-07-06,d0_0900,nws_cli_knyc,FULL_OPERATIONAL_REPLAY,7,summer,70.1,69.0,-1.0999999999999943
hrrr_operational_latest,KXHIGHNY-26JUL07,2026-07-07,d0_0900,nws_cli_knyc,FULL_OPERATIONAL_REPLAY,7,summer,69.0,70.0,1.0
hrrr_operational_latest,KXHIGHNY-26JUL08,2026-07-08,d0_0900,nws_cli_knyc,FULL_OPERATIONAL_REPLAY,7,summer,80.0,85.0,5.0
hrrr_operational_latest,KXHIGHNY-26JUL09,2026-07-09,d0_0900,nws_cli_knyc,FULL_OPERATIONAL_REPLAY,7,summer,86.5,82.0,-4.5
hrrr_operational_latest,KXHIGHNY-26JUL10,2026-07-10,d0_0900,nws_cli_knyc,FULL_OPERATIONAL_REPLAY,7,summer,86.6,85.0,-1.5999999999999943
hrrr_operational_latest,KXHIGHNY-26JUL11,2026-07-11,d0_0900,nws_cli_knyc,FULL_OPERATIONAL_REPLAY,7,summer,79.7,82.0,2.299999999999997
hrrr_operational_latest,KXHIGHNY-26JUL12,2026-07-12,d0_0900,nws_cli_knyc,FULL_OPERATIONAL_REPLAY,7,summer,86.1,84.0,-2.0999999999999943
hrrr_operational_latest,KXHIGHNY-26JUL13,2026-07-13,d0_0900,nws_cli_knyc,FULL_OPERATIONAL_REPLAY,7,summer,86.1,84.0,-2.0999999999999943
hrrr_operational_latest,KXHIGHNY-26JUL14,2026-07-14,d0_0900,nws_cli_knyc,FULL_OPERATIONAL_REPLAY,7,summer,95.3,90.0,-5.299999999999997
hrrr_operational_latest,KXHIGHNY-26JUL15,2026-07-15,d0_0900,nws_cli_knyc,FULL_OPERATIONAL_REPLAY,7,summer,98.9,95.0,-3.9000000000000057
hrrr_operational_latest,KXHIGHNY-26JUL16,2026-07-16,d0_0900,nws_cli_knyc,FULL_OPERATIONAL_REPLAY,7,summer,93.8,85.0,-8.799999999999997
hrrr_operational_latest,KXHIGHNY-26JUL17,2026-07-17,d0_0900,nws_cli_knyc,FULL_OPERATIONAL_REPLAY,7,summer,89.9,86.0,-3.9000000000000057
hrrr_operational_latest,KXHIGHNY-26JUL18,2026-07-18,d0_0900,nws_cli_knyc,FULL_OPERATIONAL_REPLAY,7,summer,92.1,76.0,-16.099999999999994
hrrr_operational_latest,KXHIGHNY-26JUL19,2026-07-19,d0_0900,nws_cli_knyc,FULL_OPERATIONAL_REPLAY,7,summer,81.4,79.0,-2.4000000000000057
hrrr_operational_latest,KXHIGHNY-26JUL20,2026-07-20,d0_0900,nws_cli_knyc,FULL_OPERATIONAL_REPLAY,7,summer,82.5,81.0,-1.5
hrrr_operational_latest,KXHIGHNY-26JUL21,2026-07-21,d0_0900,nws_cli_knyc,FULL_OPERATIONAL_REPLAY,7,summer,81.9,81.0,-0.9000000000000057
hrrr_operational_latest,KXHIGHNY-26JUL22,2026-07-22,d0_0900,nws_cli_knyc,FULL_OPERATIONAL_REPLAY,7,summer,88.3,85.0,-3.299999999999997
hrrr_operational_latest,KXHIGHNY-26JUL23,2026-07-23,d0_0900,nws_cli_knyc,FULL_OPERATIONAL_REPLAY,7,summer,82.3,79.0,-3.299999999999997
hrrr_operational_latest,KXHIGHNY-26JUL24,2026-07-24,d0_0900,nws_cli_knyc,FULL_OPERATIONAL_REPLAY,7,summer,82.6,83.0,0.4000000000000057
hrrr_operational_latest,KXHIGHNY-26JUL25,2026-07-25,d0_0900,nws_cli_knyc,FULL_OPERATIONAL_REPLAY,7,summer,83.7,81.0,-2.700000000000003
hrrr_operational_latest,KXHIGHNY-26APR02,2026-04-02,d0_1200,nws_cli_knyc,FULL_OPERATIONAL_REPLAY,4,spring,51.0,51.0,0.0
hrrr_operational_latest,KXHIGHNY-26APR03,2026-04-03,d0_1200,nws_cli_knyc,FULL_OPERATIONAL_REPLAY,4,spring,67.0,66.0,-1.0
hrrr_operational_latest,KXHIGHNY-26APR04,2026-04-04,d0_1200,nws_cli_knyc,FULL_OPERATIONAL_REPLAY,4,spring,74.4,73.0,-1.4000000000000057
hrrr_operational_latest,KXHIGHNY-26APR05,2026-04-05,d0_1200,nws_cli_knyc,FULL_OPERATIONAL_REPLAY,4,spring,61.8,57.0,-4.799999999999997
hrrr_operational_latest,KXHIGHNY-26APR06,2026-04-06,d0_1200,nws_cli_knyc,FULL_OPERATIONAL_REPLAY,4,spring,52.7,56.0,3.299999999999997
hrrr_operational_latest,KXHIGHNY-26APR07,2026-04-07,d0_1200,nws_cli_knyc,FULL_OPERATIONAL_REPLAY,4,spring,51.7,56.0,4.299999999999997
hrrr_operational_latest,KXHIGHNY-26APR08,2026-04-08,d0_1200,nws_cli_knyc,FULL_OPERATIONAL_REPLAY,4,spring,50.6,51.0,0.3999999999999986
hrrr_operational_latest,KXHIGHNY-26APR09,2026-04-09,d0_1200,nws_cli_knyc,FULL_OPERATIONAL_REPLAY,4,spring,49.1,51.0,1.8999999999999986
hrrr_operational_latest,KXHIGHNY-26APR10,2026-04-10,d0_1200,nws_cli_knyc,FULL_OPERATIONAL_REPLAY,4,spring,62.7,63.0,0.29999999999999716
hrrr_operational_latest,KXHIGHNY-26APR11,2026-04-11,d0_1200,nws_cli_knyc,FULL_OPERATIONAL_REPLAY,4,spring,61.5,63.0,1.5
hrrr_operational_latest,KXHIGHNY-26APR12,2026-04-12,d0_1200,nws_cli_knyc,FULL_OPERATIONAL_REPLAY,4,spring,56.1,55.0,-1.1000000000000014
hrrr_operational_latest,KXHIGHNY-26APR13,2026-04-13,d0_1200,nws_cli_knyc,FULL_OPERATIONAL_REPLAY,4,spring,82.6,79.0,-3.5999999999999943
hrrr_operational_latest,KXHIGHNY-26APR14,2026-04-14,d0_1200,nws_cli_knyc,FULL_OPERATIONAL_REPLAY,4,spring,86.1,87.0,0.9000000000000057
hrrr_operational_latest,KXHIGHNY-26APR15,2026-04-15,d0_1200,nws_cli_knyc,FULL_OPERATIONAL_REPLAY,4,spring,89.4,90.0,0.5999999999999943
hrrr_operational_latest,KXHIGHNY-26APR16,2026-04-16,d0_1200,nws_cli_knyc,FULL_OPERATIONAL_REPLAY,4,spring,89.2,89.0,-0.20000000000000284
hrrr_operational_latest,KXHIGHNY-26APR17,2026-04-17,d0_1200,nws_cli_knyc,FULL_OPERATIONAL_REPLAY,4,spring,77.6,81.0,3.4000000000000057
hrrr_operational_latest,KXHIGHNY-26APR18,2026-04-18,d0_1200,nws_cli_knyc,FULL_OPERATIONAL_REPLAY,4,spring,64.7,66.0,1.2999999999999972
hrrr_operational_latest,KXHIGHNY-26APR19,2026-04-19,d0_1200,nws_cli_knyc,FULL_OPERATIONAL_REPLAY,4,spring,53.0,53.0,0.0
hrrr_operational_latest,KXHIGHNY-26APR20,2026-04-20,d0_1200,nws_cli_knyc,FULL_OPERATIONAL_REPLAY,4,spring,49.4,51.0,1.6000000000000014
hrrr_operational_latest,KXHIGHNY-26APR21,2026-04-21,d0_1200,nws_cli_knyc,FULL_OPERATIONAL_REPLAY,4,spring,53.5,54.0,0.5
hrrr_operational_latest,KXHIGHNY-26APR22,2026-04-22,d0_1200,nws_cli_knyc,FULL_OPERATIONAL_REPLAY,4,spring,58.7,56.0,-2.700000000000003
hrrr_operational_latest,KXHIGHNY-26APR23,2026-04-23,d0_1200,nws_cli_knyc,FULL_OPERATIONAL_REPLAY,4,spring,73.6,73.0,-0.5999999999999943
hrrr_operational_latest,KXHIGHNY-26APR24,2026-04-24,d0_1200,nws_cli_knyc,FULL_OPERATIONAL_REPLAY,4,spring,67.7,68.0,0.29999999999999716
hrrr_operational_latest,KXHIGHNY-26APR25,2026-04-25,d0_1200,nws_cli_knyc,FULL_OPERATIONAL_REPLAY,4,spring,50.3,50.0,-0.29999999999999716
hrrr_operational_latest,KXHIGHNY-26APR26,2026-04-26,d0_1200,nws_cli_knyc,FULL_OPERATIONAL_REPLAY,4,spring,52.9,57.0,4.100000000000001
hrrr_operational_latest,KXHIGHNY-26APR27,2026-04-27,d0_1200,nws_cli_knyc,FULL_OPERATIONAL_REPLAY,4,spring,65.8,68.0,2.200000000000003
hrrr_operational_latest,KXHIGHNY-26APR28,2026-04-28,d0_1200,nws_cli_knyc,FULL_OPERATIONAL_REPLAY,4,spring,66.9,65.0,-1.9000000000000057
hrrr_operational_latest,KXHIGHNY-26APR29,2026-04-29,d0_1200,nws_cli_knyc,FULL_OPERATIONAL_REPLAY,4,spring,63.3,62.0,-1.2999999999999972
hrrr_operational_latest,KXHIGHNY-26APR30,2026-04-30,d0_1200,nws_cli_knyc,FULL_OPERATIONAL_REPLAY,4,spring,55.8,60.0,4.200000000000003
hrrr_operational_latest,KXHIGHNY-26MAY01,2026-05-01,d0_1200,nws_cli_knyc,FULL_OPERATIONAL_REPLAY,5,spring,64.0,64.0,0.0
hrrr_operational_latest,KXHIGHNY-26MAY02,2026-05-02,d0_1200,nws_cli_knyc,FULL_OPERATIONAL_REPLAY,5,spring,59.6,61.0,1.3999999999999986
hrrr_operational_latest,KXHIGHNY-26MAY03,2026-05-03,d0_1200,nws_cli_knyc,FULL_OPERATIONAL_REPLAY,5,spring,57.9,59.0,1.1000000000000014
hrrr_operational_latest,KXHIGHNY-26MAY04,2026-05-04,d0_1200,nws_cli_knyc,FULL_OPERATIONAL_REPLAY,5,spring,72.8,72.0,-0.7999999999999972
hrrr_operational_latest,KXHIGHNY-26MAY05,2026-05-05,d0_1200,nws_cli_knyc,FULL_OPERATIONAL_REPLAY,5,spring,83.9,81.0,-2.9000000000000057
hrrr_operational_latest,KXHIGHNY-26MAY06,2026-05-06,d0_1200,nws_cli_knyc,FULL_OPERATIONAL_REPLAY,5,spring,74.0,71.0,-3.0
hrrr_operational_latest,KXHIGHNY-26MAY07,2026-05-07,d0_1200,nws_cli_knyc,FULL_OPERATIONAL_REPLAY,5,spring,63.5,64.0,0.5
hrrr_operational_latest,KXHIGHNY-26MAY08,2026-05-08,d0_1200,nws_cli_knyc,FULL_OPERATIONAL_REPLAY,5,spring,62.4,63.0,0.6000000000000014
hrrr_operational_latest,KXHIGHNY-26MAY09,2026-05-09,d0_1200,nws_cli_knyc,FULL_OPERATIONAL_REPLAY,5,spring,71.7,65.0,-6.700000000000003
hrrr_operational_latest,KXHIGHNY-26MAY10,2026-05-10,d0_1200,nws_cli_knyc,FULL_OPERATIONAL_REPLAY,5,spring,70.5,73.0,2.5
hrrr_operational_latest,KXHIGHNY-26MAY11,2026-05-11,d0_1200,nws_cli_knyc,FULL_OPERATIONAL_REPLAY,5,spring,66.5,61.0,-5.5
hrrr_operational_latest,KXHIGHNY-26MAY12,2026-05-12,d0_1200,nws_cli_knyc,FULL_OPERATIONAL_REPLAY,5,spring,67.5,66.0,-1.5
hrrr_operational_latest,KXHIGHNY-26MAY13,2026-05-13,d0_1200,nws_cli_knyc,FULL_OPERATIONAL_REPLAY,5,spring,73.9,72.0,-1.9000000000000057
hrrr_operational_latest,KXHIGHNY-26MAY14,2026-05-14,d0_1200,nws_cli_knyc,FULL_OPERATIONAL_REPLAY,5,spring,66.8,66.0,-0.7999999999999972
hrrr_operational_latest,KXHIGHNY-26MAY15,2026-05-15,d0_1200,nws_cli_knyc,FULL_OPERATIONAL_REPLAY,5,spring,67.4,66.0,-1.4000000000000057
hrrr_operational_latest,KXHIGHNY-26MAY16,2026-05-16,d0_1200,nws_cli_knyc,FULL_OPERATIONAL_REPLAY,5,spring,79.1,80.0,0.9000000000000057
hrrr_operational_latest,KXHIGHNY-26MAY17,2026-05-17,d0_1200,nws_cli_knyc,FULL_OPERATIONAL_REPLAY,5,spring,89.7,87.0,-2.700000000000003
hrrr_operational_latest,KXHIGHNY-26MAY18,2026-05-18,d0_1200,nws_cli_knyc,FULL_OPERATIONAL_REPLAY,5,spring,90.4,88.0,-2.4000000000000057
hrrr_operational_latest,KXHIGHNY-26MAY19,2026-05-19,d0_1200,nws_cli_knyc,FULL_OPERATIONAL_REPLAY,5,spring,96.8,93.0,-3.799999999999997
hrrr_operational_latest,KXHIGHNY-26MAY20,2026-05-20,d0_1200,nws_cli_knyc,FULL_OPERATIONAL_REPLAY,5,spring,93.8,92.0,-1.7999999999999972
hrrr_operational_latest,KXHIGHNY-26MAY21,2026-05-21,d0_1200,nws_cli_knyc,FULL_OPERATIONAL_REPLAY,5,spring,65.0,66.0,1.0
hrrr_operational_latest,KXHIGHNY-26MAY22,2026-05-22,d0_1200,nws_cli_knyc,FULL_OPERATIONAL_REPLAY,5,spring,70.0,68.0,-2.0
hrrr_operational_latest,KXHIGHNY-26MAY23,2026-05-23,d0_1200,nws_cli_knyc,FULL_OPERATIONAL_REPLAY,5,spring,56.0,57.0,1.0
hrrr_operational_latest,KXHIGHNY-26MAY24,2026-05-24,d0_1200,nws_cli_knyc,FULL_OPERATIONAL_REPLAY,5,spring,56.6,56.0,-0.6000000000000014
hrrr_operational_latest,KXHIGHNY-26MAY25,2026-05-25,d0_1200,nws_cli_knyc,FULL_OPERATIONAL_REPLAY,5,spring,72.3,73.0,0.7000000000000028
hrrr_operational_latest,KXHIGHNY-26MAY26,2026-05-26,d0_1200,nws_cli_knyc,FULL_OPERATIONAL_REPLAY,5,spring,81.7,79.0,-2.700000000000003
hrrr_operational_latest,KXHIGHNY-26MAY27,2026-05-27,d0_1200,nws_cli_knyc,FULL_OPERATIONAL_REPLAY,5,spring,86.2,81.0,-5.200000000000003
hrrr_operational_latest,KXHIGHNY-26MAY28,2026-05-28,d0_1200,nws_cli_knyc,FULL_OPERATIONAL_REPLAY,5,spring,76.6,75.0,-1.5999999999999943
hrrr_operational_latest,KXHIGHNY-26MAY29,2026-05-29,d0_1200,nws_cli_knyc,FULL_OPERATIONAL_REPLAY,5,spring,78.7,75.0,-3.700000000000003
hrrr_operational_latest,KXHIGHNY-26MAY30,2026-05-30,d0_1200,nws_cli_knyc,FULL_OPERATIONAL_REPLAY,5,spring,68.0,69.0,1.0
hrrr_operational_latest,KXHIGHNY-26MAY31,2026-05-31,d0_1200,nws_cli_knyc,FULL_OPERATIONAL_REPLAY,5,spring,75.1,75.0,-0.09999999999999432
hrrr_operational_latest,KXHIGHNY-26JUN01,2026-06-01,d0_1200,nws_cli_knyc,FULL_OPERATIONAL_REPLAY,6,summer,71.9,71.0,-0.9000000000000057
hrrr_operational_latest,KXHIGHNY-26JUN02,2026-06-02,d0_1200,nws_cli_knyc,FULL_OPERATIONAL_REPLAY,6,summer,75.9,76.0,0.09999999999999432
hrrr_operational_latest,KXHIGHNY-26JUN03,2026-06-03,d0_1200,nws_cli_knyc,FULL_OPERATIONAL_REPLAY,6,summer,83.4,83.0,-0.4000000000000057
hrrr_operational_latest,KXHIGHNY-26JUN04,2026-06-04,d0_1200,nws_cli_knyc,FULL_OPERATIONAL_REPLAY,6,summer,87.2,86.0,-1.2000000000000028
hrrr_operational_latest,KXHIGHNY-26JUN05,2026-06-05,d0_1200,nws_cli_knyc,FULL_OPERATIONAL_REPLAY,6,summer,91.9,88.0,-3.9000000000000057
hrrr_operational_latest,KXHIGHNY-26JUN06,2026-06-06,d0_1200,nws_cli_knyc,FULL_OPERATIONAL_REPLAY,6,summer,92.2,87.0,-5.200000000000003
hrrr_operational_latest,KXHIGHNY-26JUN07,2026-06-07,d0_1200,nws_cli_knyc,FULL_OPERATIONAL_REPLAY,6,summer,84.4,81.0,-3.4000000000000057
hrrr_operational_latest,KXHIGHNY-26JUN08,2026-06-08,d0_1200,nws_cli_knyc,FULL_OPERATIONAL_REPLAY,6,summer,76.9,75.0,-1.9000000000000057
hrrr_operational_latest,KXHIGHNY-26JUN09,2026-06-09,d0_1200,nws_cli_knyc,FULL_OPERATIONAL_REPLAY,6,summer,81.2,79.0,-2.200000000000003
hrrr_operational_latest,KXHIGHNY-26JUN10,2026-06-10,d0_1200,nws_cli_knyc,FULL_OPERATIONAL_REPLAY,6,summer,85.7,82.0,-3.700000000000003
hrrr_operational_latest,KXHIGHNY-26JUN12,2026-06-12,d0_1200,nws_cli_knyc,FULL_OPERATIONAL_REPLAY,6,summer,97.1,90.0,-7.099999999999994
hrrr_operational_latest,KXHIGHNY-26JUN13,2026-06-13,d0_1200,nws_cli_knyc,FULL_OPERATIONAL_REPLAY,6,summer,90.4,85.0,-5.400000000000006
hrrr_operational_latest,KXHIGHNY-26JUN14,2026-06-14,d0_1200,nws_cli_knyc,FULL_OPERATIONAL_REPLAY,6,summer,91.0,87.0,-4.0
hrrr_operational_latest,KXHIGHNY-26JUN15,2026-06-15,d0_1200,nws_cli_knyc,FULL_OPERATIONAL_REPLAY,6,summer,80.2,74.0,-6.200000000000003
hrrr_operational_latest,KXHIGHNY-26JUN16,2026-06-16,d0_1200,nws_cli_knyc,FULL_OPERATIONAL_REPLAY,6,summer,79.5,76.0,-3.5
hrrr_operational_latest,KXHIGHNY-26JUN17,2026-06-17,d0_1200,nws_cli_knyc,FULL_OPERATIONAL_REPLAY,6,summer,80.8,78.0,-2.799999999999997
hrrr_operational_latest,KXHIGHNY-26JUN18,2026-06-18,d0_1200,nws_cli_knyc,FULL_OPERATIONAL_REPLAY,6,summer,91.8,86.0,-5.799999999999997
hrrr_operational_latest,KXHIGHNY-26JUN19,2026-06-19,d0_1200,nws_cli_knyc,FULL_OPERATIONAL_REPLAY,6,summer,85.6,81.0,-4.599999999999994
hrrr_operational_latest,KXHIGHNY-26JUN20,2026-06-20,d0_1200,nws_cli_knyc,FULL_OPERATIONAL_REPLAY,6,summer,84.5,81.0,-3.5
hrrr_operational_latest,KXHIGHNY-26JUN21,2026-06-21,d0_1200,nws_cli_knyc,FULL_OPERATIONAL_REPLAY,6,summer,83.2,82.0,-1.2000000000000028
hrrr_operational_latest,KXHIGHNY-26JUN22,2026-06-22,d0_1200,nws_cli_knyc,FULL_OPERATIONAL_REPLAY,6,summer,78.4,73.0,-5.400000000000006
hrrr_operational_latest,KXHIGHNY-26JUN23,2026-06-23,d0_1200,nws_cli_knyc,FULL_OPERATIONAL_REPLAY,6,summer,71.9,71.0,-0.9000000000000057
hrrr_operational_latest,KXHIGHNY-26JUN24,2026-06-24,d0_1200,nws_cli_knyc,FULL_OPERATIONAL_REPLAY,6,summer,84.2,82.0,-2.200000000000003
hrrr_operational_latest,KXHIGHNY-26JUN25,2026-06-25,d0_1200,nws_cli_knyc,FULL_OPERATIONAL_REPLAY,6,summer,83.8,83.0,-0.7999999999999972
hrrr_operational_latest,KXHIGHNY-26JUN26,2026-06-26,d0_1200,nws_cli_knyc,FULL_OPERATIONAL_REPLAY,6,summer,88.2,80.0,-8.200000000000003
hrrr_operational_latest,KXHIGHNY-26JUN27,2026-06-27,d0_1200,nws_cli_knyc,FULL_OPERATIONAL_REPLAY,6,summer,77.0,78.0,1.0
hrrr_operational_latest,KXHIGHNY-26JUN28,2026-06-28,d0_1200,nws_cli_knyc,FULL_OPERATIONAL_REPLAY,6,summer,84.7,82.0,-2.700000000000003
hrrr_operational_latest,KXHIGHNY-26JUN29,2026-06-29,d0_1200,nws_cli_knyc,FULL_OPERATIONAL_REPLAY,6,summer,88.2,88.0,-0.20000000000000284
hrrr_operational_latest,KXHIGHNY-26JUN30,2026-06-30,d0_1200,nws_cli_knyc,FULL_OPERATIONAL_REPLAY,6,summer,90.1,87.0,-3.0999999999999943
hrrr_operational_latest,KXHIGHNY-26JUL01,2026-07-01,d0_1200,nws_cli_knyc,FULL_OPERATIONAL_REPLAY,7,summer,97.8,93.0,-4.799999999999997
hrrr_operational_latest,KXHIGHNY-26JUL02,2026-07-02,d0_1200,nws_cli_knyc,FULL_OPERATIONAL_REPLAY,7,summer,104.0,100.0,-4.0
hrrr_operational_latest,KXHIGHNY-26JUL03,2026-07-03,d0_1200,nws_cli_knyc,FULL_OPERATIONAL_REPLAY,7,summer,104.1,98.0,-6.099999999999994
hrrr_operational_latest,KXHIGHNY-26JUL04,2026-07-04,d0_1200,nws_cli_knyc,FULL_OPERATIONAL_REPLAY,7,summer,97.8,94.0,-3.799999999999997
hrrr_operational_latest,KXHIGHNY-26JUL05,2026-07-05,d0_1200,nws_cli_knyc,FULL_OPERATIONAL_REPLAY,7,summer,87.5,81.0,-6.5
hrrr_operational_latest,KXHIGHNY-26JUL06,2026-07-06,d0_1200,nws_cli_knyc,FULL_OPERATIONAL_REPLAY,7,summer,70.1,69.0,-1.0999999999999943
hrrr_operational_latest,KXHIGHNY-26JUL07,2026-07-07,d0_1200,nws_cli_knyc,FULL_OPERATIONAL_REPLAY,7,summer,69.0,70.0,1.0
hrrr_operational_latest,KXHIGHNY-26JUL08,2026-07-08,d0_1200,nws_cli_knyc,FULL_OPERATIONAL_REPLAY,7,summer,80.0,85.0,5.0
hrrr_operational_latest,KXHIGHNY-26JUL09,2026-07-09,d0_1200,nws_cli_knyc,FULL_OPERATIONAL_REPLAY,7,summer,86.5,82.0,-4.5
hrrr_operational_latest,KXHIGHNY-26JUL10,2026-07-10,d0_1200,nws_cli_knyc,FULL_OPERATIONAL_REPLAY,7,summer,86.6,85.0,-1.5999999999999943
hrrr_operational_latest,KXHIGHNY-26JUL11,2026-07-11,d0_1200,nws_cli_knyc,FULL_OPERATIONAL_REPLAY,7,summer,79.7,82.0,2.299999999999997
hrrr_operational_latest,KXHIGHNY-26JUL12,2026-07-12,d0_1200,nws_cli_knyc,FULL_OPERATIONAL_REPLAY,7,summer,86.1,84.0,-2.0999999999999943
hrrr_operational_latest,KXHIGHNY-26JUL13,2026-07-13,d0_1200,nws_cli_knyc,FULL_OPERATIONAL_REPLAY,7,summer,86.1,84.0,-2.0999999999999943
hrrr_operational_latest,KXHIGHNY-26JUL14,2026-07-14,d0_1200,nws_cli_knyc,FULL_OPERATIONAL_REPLAY,7,summer,95.3,90.0,-5.299999999999997
hrrr_operational_latest,KXHIGHNY-26JUL15,2026-07-15,d0_1200,nws_cli_knyc,FULL_OPERATIONAL_REPLAY,7,summer,98.9,95.0,-3.9000000000000057
hrrr_operational_latest,KXHIGHNY-26JUL16,2026-07-16,d0_1200,nws_cli_knyc,FULL_OPERATIONAL_REPLAY,7,summer,93.8,85.0,-8.799999999999997
hrrr_operational_latest,KXHIGHNY-26JUL17,2026-07-17,d0_1200,nws_cli_knyc,FULL_OPERATIONAL_REPLAY,7,summer,89.9,86.0,-3.9000000000000057
hrrr_operational_latest,KXHIGHNY-26JUL18,2026-07-18,d0_1200,nws_cli_knyc,FULL_OPERATIONAL_REPLAY,7,summer,92.1,76.0,-16.099999999999994
hrrr_operational_latest,KXHIGHNY-26JUL19,2026-07-19,d0_1200,nws_cli_knyc,FULL_OPERATIONAL_REPLAY,7,summer,81.4,79.0,-2.4000000000000057
hrrr_operational_latest,KXHIGHNY-26JUL20,2026-07-20,d0_1200,nws_cli_knyc,FULL_OPERATIONAL_REPLAY,7,summer,82.5,81.0,-1.5
hrrr_operational_latest,KXHIGHNY-26JUL21,2026-07-21,d0_1200,nws_cli_knyc,FULL_OPERATIONAL_REPLAY,7,summer,81.9,81.0,-0.9000000000000057
hrrr_operational_latest,KXHIGHNY-26JUL22,2026-07-22,d0_1200,nws_cli_knyc,FULL_OPERATIONAL_REPLAY,7,summer,88.3,85.0,-3.299999999999997
hrrr_operational_latest,KXHIGHNY-26JUL23,2026-07-23,d0_1200,nws_cli_knyc,FULL_OPERATIONAL_REPLAY,7,summer,82.3,79.0,-3.299999999999997
hrrr_operational_latest,KXHIGHNY-26JUL24,2026-07-24,d0_1200,nws_cli_knyc,FULL_OPERATIONAL_REPLAY,7,summer,82.6,83.0,0.4000000000000057
hrrr_operational_latest,KXHIGHNY-26JUL25,2026-07-25,d0_1200,nws_cli_knyc,FULL_OPERATIONAL_REPLAY,7,summer,83.7,81.0,-2.700000000000003
hrrr_operational_latest,KXHIGHNY-26APR02,2026-04-02,d0_1500,nws_cli_knyc,FULL_OPERATIONAL_REPLAY,4,spring,51.0,51.0,0.0
hrrr_operational_latest,KXHIGHNY-26APR03,2026-04-03,d0_1500,nws_cli_knyc,FULL_OPERATIONAL_REPLAY,4,spring,64.7,66.0,1.2999999999999972
hrrr_operational_latest,KXHIGHNY-26APR04,2026-04-04,d0_1500,nws_cli_knyc,FULL_OPERATIONAL_REPLAY,4,spring,74.0,73.0,-1.0
hrrr_operational_latest,KXHIGHNY-26APR05,2026-04-05,d0_1500,nws_cli_knyc,FULL_OPERATIONAL_REPLAY,4,spring,59.9,57.0,-2.8999999999999986
hrrr_operational_latest,KXHIGHNY-26APR06,2026-04-06,d0_1500,nws_cli_knyc,FULL_OPERATIONAL_REPLAY,4,spring,54.5,56.0,1.5
hrrr_operational_latest,KXHIGHNY-26APR07,2026-04-07,d0_1500,nws_cli_knyc,FULL_OPERATIONAL_REPLAY,4,spring,54.0,56.0,2.0
hrrr_operational_latest,KXHIGHNY-26APR08,2026-04-08,d0_1500,nws_cli_knyc,FULL_OPERATIONAL_REPLAY,4,spring,50.9,51.0,0.10000000000000142
hrrr_operational_latest,KXHIGHNY-26APR09,2026-04-09,d0_1500,nws_cli_knyc,FULL_OPERATIONAL_REPLAY,4,spring,49.4,51.0,1.6000000000000014
hrrr_operational_latest,KXHIGHNY-26APR10,2026-04-10,d0_1500,nws_cli_knyc,FULL_OPERATIONAL_REPLAY,4,spring,63.8,63.0,-0.7999999999999972
hrrr_operational_latest,KXHIGHNY-26APR11,2026-04-11,d0_1500,nws_cli_knyc,FULL_OPERATIONAL_REPLAY,4,spring,62.0,63.0,1.0
hrrr_operational_latest,KXHIGHNY-26APR12,2026-04-12,d0_1500,nws_cli_knyc,FULL_OPERATIONAL_REPLAY,4,spring,54.6,55.0,0.3999999999999986
hrrr_operational_latest,KXHIGHNY-26APR13,2026-04-13,d0_1500,nws_cli_knyc,FULL_OPERATIONAL_REPLAY,4,spring,81.0,79.0,-2.0
hrrr_operational_latest,KXHIGHNY-26APR14,2026-04-14,d0_1500,nws_cli_knyc,FULL_OPERATIONAL_REPLAY,4,spring,87.1,87.0,-0.09999999999999432
hrrr_operational_latest,KXHIGHNY-26APR15,2026-04-15,d0_1500,nws_cli_knyc,FULL_OPERATIONAL_REPLAY,4,spring,89.3,90.0,0.7000000000000028
hrrr_operational_latest,KXHIGHNY-26APR16,2026-04-16,d0_1500,nws_cli_knyc,FULL_OPERATIONAL_REPLAY,4,spring,88.9,89.0,0.09999999999999432
hrrr_operational_latest,KXHIGHNY-26APR17,2026-04-17,d0_1500,nws_cli_knyc,FULL_OPERATIONAL_REPLAY,4,spring,80.0,81.0,1.0
hrrr_operational_latest,KXHIGHNY-26APR18,2026-04-18,d0_1500,nws_cli_knyc,FULL_OPERATIONAL_REPLAY,4,spring,65.0,66.0,1.0
hrrr_operational_latest,KXHIGHNY-26APR19,2026-04-19,d0_1500,nws_cli_knyc,FULL_OPERATIONAL_REPLAY,4,spring,53.0,53.0,0.0
hrrr_operational_latest,KXHIGHNY-26APR20,2026-04-20,d0_1500,nws_cli_knyc,FULL_OPERATIONAL_REPLAY,4,spring,50.4,51.0,0.6000000000000014
hrrr_operational_latest,KXHIGHNY-26APR21,2026-04-21,d0_1500,nws_cli_knyc,FULL_OPERATIONAL_REPLAY,4,spring,53.7,54.0,0.29999999999999716
hrrr_operational_latest,KXHIGHNY-26APR22,2026-04-22,d0_1500,nws_cli_knyc,FULL_OPERATIONAL_REPLAY,4,spring,54.6,56.0,1.3999999999999986
hrrr_operational_latest,KXHIGHNY-26APR23,2026-04-23,d0_1500,nws_cli_knyc,FULL_OPERATIONAL_REPLAY,4,spring,73.6,73.0,-0.5999999999999943
hrrr_operational_latest,KXHIGHNY-26APR24,2026-04-24,d0_1500,nws_cli_knyc,FULL_OPERATIONAL_REPLAY,4,spring,67.5,68.0,0.5
hrrr_operational_latest,KXHIGHNY-26APR25,2026-04-25,d0_1500,nws_cli_knyc,FULL_OPERATIONAL_REPLAY,4,spring,50.0,50.0,0.0
hrrr_operational_latest,KXHIGHNY-26APR26,2026-04-26,d0_1500,nws_cli_knyc,FULL_OPERATIONAL_REPLAY,4,spring,55.0,57.0,2.0
hrrr_operational_latest,KXHIGHNY-26APR27,2026-04-27,d0_1500,nws_cli_knyc,FULL_OPERATIONAL_REPLAY,4,spring,67.4,68.0,0.5999999999999943
hrrr_operational_latest,KXHIGHNY-26APR28,2026-04-28,d0_1500,nws_cli_knyc,FULL_OPERATIONAL_REPLAY,4,spring,67.4,65.0,-2.4000000000000057
hrrr_operational_latest,KXHIGHNY-26APR29,2026-04-29,d0_1500,nws_cli_knyc,FULL_OPERATIONAL_REPLAY,4,spring,61.0,62.0,1.0
hrrr_operational_latest,KXHIGHNY-26APR30,2026-04-30,d0_1500,nws_cli_knyc,FULL_OPERATIONAL_REPLAY,4,spring,58.2,60.0,1.7999999999999972
hrrr_operational_latest,KXHIGHNY-26MAY01,2026-05-01,d0_1500,nws_cli_knyc,FULL_OPERATIONAL_REPLAY,5,spring,64.8,64.0,-0.7999999999999972
hrrr_operational_latest,KXHIGHNY-26MAY02,2026-05-02,d0_1500,nws_cli_knyc,FULL_OPERATIONAL_REPLAY,5,spring,60.0,61.0,1.0
hrrr_operational_latest,KXHIGHNY-26MAY03,2026-05-03,d0_1500,nws_cli_knyc,FULL_OPERATIONAL_REPLAY,5,spring,58.8,59.0,0.20000000000000284
hrrr_operational_latest,KXHIGHNY-26MAY04,2026-05-04,d0_1500,nws_cli_knyc,FULL_OPERATIONAL_REPLAY,5,spring,72.8,72.0,-0.7999999999999972
hrrr_operational_latest,KXHIGHNY-26MAY05,2026-05-05,d0_1500,nws_cli_knyc,FULL_OPERATIONAL_REPLAY,5,spring,83.4,81.0,-2.4000000000000057
hrrr_operational_latest,KXHIGHNY-26MAY06,2026-05-06,d0_1500,nws_cli_knyc,FULL_OPERATIONAL_REPLAY,5,spring,71.0,71.0,0.0
hrrr_operational_latest,KXHIGHNY-26MAY07,2026-05-07,d0_1500,nws_cli_knyc,FULL_OPERATIONAL_REPLAY,5,spring,64.3,64.0,-0.29999999999999716
hrrr_operational_latest,KXHIGHNY-26MAY08,2026-05-08,d0_1500,nws_cli_knyc,FULL_OPERATIONAL_REPLAY,5,spring,62.6,63.0,0.3999999999999986
hrrr_operational_latest,KXHIGHNY-26MAY09,2026-05-09,d0_1500,nws_cli_knyc,FULL_OPERATIONAL_REPLAY,5,spring,67.4,65.0,-2.4000000000000057
hrrr_operational_latest,KXHIGHNY-26MAY10,2026-05-10,d0_1500,nws_cli_knyc,FULL_OPERATIONAL_REPLAY,5,spring,72.8,73.0,0.20000000000000284
hrrr_operational_latest,KXHIGHNY-26MAY11,2026-05-11,d0_1500,nws_cli_knyc,FULL_OPERATIONAL_REPLAY,5,spring,65.8,61.0,-4.799999999999997
hrrr_operational_latest,KXHIGHNY-26MAY12,2026-05-12,d0_1500,nws_cli_knyc,FULL_OPERATIONAL_REPLAY,5,spring,67.4,66.0,-1.4000000000000057
hrrr_operational_latest,KXHIGHNY-26MAY13,2026-05-13,d0_1500,nws_cli_knyc,FULL_OPERATIONAL_REPLAY,5,spring,73.2,72.0,-1.2000000000000028
hrrr_operational_latest,KXHIGHNY-26MAY14,2026-05-14,d0_1500,nws_cli_knyc,FULL_OPERATIONAL_REPLAY,5,spring,66.0,66.0,0.0
hrrr_operational_latest,KXHIGHNY-26MAY15,2026-05-15,d0_1500,nws_cli_knyc,FULL_OPERATIONAL_REPLAY,5,spring,68.4,66.0,-2.4000000000000057
hrrr_operational_latest,KXHIGHNY-26MAY16,2026-05-16,d0_1500,nws_cli_knyc,FULL_OPERATIONAL_REPLAY,5,spring,81.9,80.0,-1.9000000000000057
hrrr_operational_latest,KXHIGHNY-26MAY17,2026-05-17,d0_1500,nws_cli_knyc,FULL_OPERATIONAL_REPLAY,5,spring,89.9,87.0,-2.9000000000000057
hrrr_operational_latest,KXHIGHNY-26MAY18,2026-05-18,d0_1500,nws_cli_knyc,FULL_OPERATIONAL_REPLAY,5,spring,88.0,88.0,0.0
hrrr_operational_latest,KXHIGHNY-26MAY19,2026-05-19,d0_1500,nws_cli_knyc,FULL_OPERATIONAL_REPLAY,5,spring,96.4,93.0,-3.4000000000000057
hrrr_operational_latest,KXHIGHNY-26MAY20,2026-05-20,d0_1500,nws_cli_knyc,FULL_OPERATIONAL_REPLAY,5,spring,93.8,92.0,-1.7999999999999972
hrrr_operational_latest,KXHIGHNY-26MAY21,2026-05-21,d0_1500,nws_cli_knyc,FULL_OPERATIONAL_REPLAY,5,spring,65.0,66.0,1.0
hrrr_operational_latest,KXHIGHNY-26MAY22,2026-05-22,d0_1500,nws_cli_knyc,FULL_OPERATIONAL_REPLAY,5,spring,68.5,68.0,-0.5
hrrr_operational_latest,KXHIGHNY-26MAY23,2026-05-23,d0_1500,nws_cli_knyc,FULL_OPERATIONAL_REPLAY,5,spring,56.0,57.0,1.0
hrrr_operational_latest,KXHIGHNY-26MAY24,2026-05-24,d0_1500,nws_cli_knyc,FULL_OPERATIONAL_REPLAY,5,spring,56.4,56.0,-0.3999999999999986
hrrr_operational_latest,KXHIGHNY-26MAY25,2026-05-25,d0_1500,nws_cli_knyc,FULL_OPERATIONAL_REPLAY,5,spring,70.4,73.0,2.5999999999999943
hrrr_operational_latest,KXHIGHNY-26MAY26,2026-05-26,d0_1500,nws_cli_knyc,FULL_OPERATIONAL_REPLAY,5,spring,81.7,79.0,-2.700000000000003
hrrr_operational_latest,KXHIGHNY-26MAY27,2026-05-27,d0_1500,nws_cli_knyc,FULL_OPERATIONAL_REPLAY,5,spring,86.2,81.0,-5.200000000000003
hrrr_operational_latest,KXHIGHNY-26MAY28,2026-05-28,d0_1500,nws_cli_knyc,FULL_OPERATIONAL_REPLAY,5,spring,74.0,75.0,1.0
hrrr_operational_latest,KXHIGHNY-26MAY29,2026-05-29,d0_1500,nws_cli_knyc,FULL_OPERATIONAL_REPLAY,5,spring,78.7,75.0,-3.700000000000003
hrrr_operational_latest,KXHIGHNY-26MAY30,2026-05-30,d0_1500,nws_cli_knyc,FULL_OPERATIONAL_REPLAY,5,spring,68.0,69.0,1.0
hrrr_operational_latest,KXHIGHNY-26MAY31,2026-05-31,d0_1500,nws_cli_knyc,FULL_OPERATIONAL_REPLAY,5,spring,75.1,75.0,-0.09999999999999432
hrrr_operational_latest,KXHIGHNY-26JUN01,2026-06-01,d0_1500,nws_cli_knyc,FULL_OPERATIONAL_REPLAY,6,summer,71.4,71.0,-0.4000000000000057
hrrr_operational_latest,KXHIGHNY-26JUN02,2026-06-02,d0_1500,nws_cli_knyc,FULL_OPERATIONAL_REPLAY,6,summer,75.9,76.0,0.09999999999999432
hrrr_operational_latest,KXHIGHNY-26JUN03,2026-06-03,d0_1500,nws_cli_knyc,FULL_OPERATIONAL_REPLAY,6,summer,83.4,83.0,-0.4000000000000057
hrrr_operational_latest,KXHIGHNY-26JUN04,2026-06-04,d0_1500,nws_cli_knyc,FULL_OPERATIONAL_REPLAY,6,summer,86.9,86.0,-0.9000000000000057
hrrr_operational_latest,KXHIGHNY-26JUN05,2026-06-05,d0_1500,nws_cli_knyc,FULL_OPERATIONAL_REPLAY,6,summer,91.9,88.0,-3.9000000000000057
hrrr_operational_latest,KXHIGHNY-26JUN06,2026-06-06,d0_1500,nws_cli_knyc,FULL_OPERATIONAL_REPLAY,6,summer,92.2,87.0,-5.200000000000003
hrrr_operational_latest,KXHIGHNY-26JUN07,2026-06-07,d0_1500,nws_cli_knyc,FULL_OPERATIONAL_REPLAY,6,summer,84.4,81.0,-3.4000000000000057
hrrr_operational_latest,KXHIGHNY-26JUN08,2026-06-08,d0_1500,nws_cli_knyc,FULL_OPERATIONAL_REPLAY,6,summer,74.1,75.0,0.9000000000000057
hrrr_operational_latest,KXHIGHNY-26JUN09,2026-06-09,d0_1500,nws_cli_knyc,FULL_OPERATIONAL_REPLAY,6,summer,81.2,79.0,-2.200000000000003
hrrr_operational_latest,KXHIGHNY-26JUN10,2026-06-10,d0_1500,nws_cli_knyc,FULL_OPERATIONAL_REPLAY,6,summer,82.9,82.0,-0.9000000000000057
hrrr_operational_latest,KXHIGHNY-26JUN12,2026-06-12,d0_1500,nws_cli_knyc,FULL_OPERATIONAL_REPLAY,6,summer,97.1,90.0,-7.099999999999994
hrrr_operational_latest,KXHIGHNY-26JUN13,2026-06-13,d0_1500,nws_cli_knyc,FULL_OPERATIONAL_REPLAY,6,summer,90.4,85.0,-5.400000000000006
hrrr_operational_latest,KXHIGHNY-26JUN14,2026-06-14,d0_1500,nws_cli_knyc,FULL_OPERATIONAL_REPLAY,6,summer,90.3,87.0,-3.299999999999997
hrrr_operational_latest,KXHIGHNY-26JUN15,2026-06-15,d0_1500,nws_cli_knyc,FULL_OPERATIONAL_REPLAY,6,summer,80.2,74.0,-6.200000000000003
hrrr_operational_latest,KXHIGHNY-26JUN16,2026-06-16,d0_1500,nws_cli_knyc,FULL_OPERATIONAL_REPLAY,6,summer,79.5,76.0,-3.5
hrrr_operational_latest,KXHIGHNY-26JUN17,2026-06-17,d0_1500,nws_cli_knyc,FULL_OPERATIONAL_REPLAY,6,summer,76.0,78.0,2.0
hrrr_operational_latest,KXHIGHNY-26JUN18,2026-06-18,d0_1500,nws_cli_knyc,FULL_OPERATIONAL_REPLAY,6,summer,91.8,86.0,-5.799999999999997
hrrr_operational_latest,KXHIGHNY-26JUN19,2026-06-19,d0_1500,nws_cli_knyc,FULL_OPERATIONAL_REPLAY,6,summer,85.6,81.0,-4.599999999999994
hrrr_operational_latest,KXHIGHNY-26JUN20,2026-06-20,d0_1500,nws_cli_knyc,FULL_OPERATIONAL_REPLAY,6,summer,84.5,81.0,-3.5
hrrr_operational_latest,KXHIGHNY-26JUN21,2026-06-21,d0_1500,nws_cli_knyc,FULL_OPERATIONAL_REPLAY,6,summer,83.2,82.0,-1.2000000000000028
hrrr_operational_latest,KXHIGHNY-26JUN22,2026-06-22,d0_1500,nws_cli_knyc,FULL_OPERATIONAL_REPLAY,6,summer,78.4,73.0,-5.400000000000006
hrrr_operational_latest,KXHIGHNY-26JUN23,2026-06-23,d0_1500,nws_cli_knyc,FULL_OPERATIONAL_REPLAY,6,summer,71.9,71.0,-0.9000000000000057
hrrr_operational_latest,KXHIGHNY-26JUN24,2026-06-24,d0_1500,nws_cli_knyc,FULL_OPERATIONAL_REPLAY,6,summer,84.2,82.0,-2.200000000000003
hrrr_operational_latest,KXHIGHNY-26JUN25,2026-06-25,d0_1500,nws_cli_knyc,FULL_OPERATIONAL_REPLAY,6,summer,82.1,83.0,0.9000000000000057
hrrr_operational_latest,KXHIGHNY-26JUN26,2026-06-26,d0_1500,nws_cli_knyc,FULL_OPERATIONAL_REPLAY,6,summer,88.2,80.0,-8.200000000000003
hrrr_operational_latest,KXHIGHNY-26JUN27,2026-06-27,d0_1500,nws_cli_knyc,FULL_OPERATIONAL_REPLAY,6,summer,77.0,78.0,1.0
hrrr_operational_latest,KXHIGHNY-26JUN28,2026-06-28,d0_1500,nws_cli_knyc,FULL_OPERATIONAL_REPLAY,6,summer,83.2,82.0,-1.2000000000000028
hrrr_operational_latest,KXHIGHNY-26JUN29,2026-06-29,d0_1500,nws_cli_knyc,FULL_OPERATIONAL_REPLAY,6,summer,88.1,88.0,-0.09999999999999432
hrrr_operational_latest,KXHIGHNY-26JUN30,2026-06-30,d0_1500,nws_cli_knyc,FULL_OPERATIONAL_REPLAY,6,summer,90.1,87.0,-3.0999999999999943
hrrr_operational_latest,KXHIGHNY-26JUL01,2026-07-01,d0_1500,nws_cli_knyc,FULL_OPERATIONAL_REPLAY,7,summer,97.8,93.0,-4.799999999999997
hrrr_operational_latest,KXHIGHNY-26JUL02,2026-07-02,d0_1500,nws_cli_knyc,FULL_OPERATIONAL_REPLAY,7,summer,104.0,100.0,-4.0
hrrr_operational_latest,KXHIGHNY-26JUL03,2026-07-03,d0_1500,nws_cli_knyc,FULL_OPERATIONAL_REPLAY,7,summer,104.1,98.0,-6.099999999999994
hrrr_operational_latest,KXHIGHNY-26JUL04,2026-07-04,d0_1500,nws_cli_knyc,FULL_OPERATIONAL_REPLAY,7,summer,97.8,94.0,-3.799999999999997
hrrr_operational_latest,KXHIGHNY-26JUL05,2026-07-05,d0_1500,nws_cli_knyc,FULL_OPERATIONAL_REPLAY,7,summer,87.5,81.0,-6.5
hrrr_operational_latest,KXHIGHNY-26JUL06,2026-07-06,d0_1500,nws_cli_knyc,FULL_OPERATIONAL_REPLAY,7,summer,70.0,69.0,-1.0
hrrr_operational_latest,KXHIGHNY-26JUL07,2026-07-07,d0_1500,nws_cli_knyc,FULL_OPERATIONAL_REPLAY,7,summer,70.0,70.0,0.0
hrrr_operational_latest,KXHIGHNY-26JUL08,2026-07-08,d0_1500,nws_cli_knyc,FULL_OPERATIONAL_REPLAY,7,summer,85.0,85.0,0.0
hrrr_operational_latest,KXHIGHNY-26JUL09,2026-07-09,d0_1500,nws_cli_knyc,FULL_OPERATIONAL_REPLAY,7,summer,81.5,82.0,0.5
hrrr_operational_latest,KXHIGHNY-26JUL10,2026-07-10,d0_1500,nws_cli_knyc,FULL_OPERATIONAL_REPLAY,7,summer,86.6,85.0,-1.5999999999999943
hrrr_operational_latest,KXHIGHNY-26JUL11,2026-07-11,d0_1500,nws_cli_knyc,FULL_OPERATIONAL_REPLAY,7,summer,78.8,82.0,3.200000000000003
hrrr_operational_latest,KXHIGHNY-26JUL12,2026-07-12,d0_1500,nws_cli_knyc,FULL_OPERATIONAL_REPLAY,7,summer,84.9,84.0,-0.9000000000000057
hrrr_operational_latest,KXHIGHNY-26JUL13,2026-07-13,d0_1500,nws_cli_knyc,FULL_OPERATIONAL_REPLAY,7,summer,85.9,84.0,-1.9000000000000057
hrrr_operational_latest,KXHIGHNY-26JUL14,2026-07-14,d0_1500,nws_cli_knyc,FULL_OPERATIONAL_REPLAY,7,summer,95.3,90.0,-5.299999999999997
hrrr_operational_latest,KXHIGHNY-26JUL15,2026-07-15,d0_1500,nws_cli_knyc,FULL_OPERATIONAL_REPLAY,7,summer,98.9,95.0,-3.9000000000000057
hrrr_operational_latest,KXHIGHNY-26JUL16,2026-07-16,d0_1500,nws_cli_knyc,FULL_OPERATIONAL_REPLAY,7,summer,93.8,85.0,-8.799999999999997
hrrr_operational_latest,KXHIGHNY-26JUL17,2026-07-17,d0_1500,nws_cli_knyc,FULL_OPERATIONAL_REPLAY,7,summer,89.9,86.0,-3.9000000000000057
hrrr_operational_latest,KXHIGHNY-26JUL18,2026-07-18,d0_1500,nws_cli_knyc,FULL_OPERATIONAL_REPLAY,7,summer,92.1,76.0,-16.099999999999994
hrrr_operational_latest,KXHIGHNY-26JUL19,2026-07-19,d0_1500,nws_cli_knyc,FULL_OPERATIONAL_REPLAY,7,summer,81.4,79.0,-2.4000000000000057
hrrr_operational_latest,KXHIGHNY-26JUL20,2026-07-20,d0_1500,nws_cli_knyc,FULL_OPERATIONAL_REPLAY,7,summer,82.5,81.0,-1.5
hrrr_operational_latest,KXHIGHNY-26JUL21,2026-07-21,d0_1500,nws_cli_knyc,FULL_OPERATIONAL_REPLAY,7,summer,81.9,81.0,-0.9000000000000057
hrrr_operational_latest,KXHIGHNY-26JUL22,2026-07-22,d0_1500,nws_cli_knyc,FULL_OPERATIONAL_REPLAY,7,summer,88.3,85.0,-3.299999999999997
hrrr_operational_latest,KXHIGHNY-26JUL23,2026-07-23,d0_1500,nws_cli_knyc,FULL_OPERATIONAL_REPLAY,7,summer,82.3,79.0,-3.299999999999997
hrrr_operational_latest,KXHIGHNY-26JUL24,2026-07-24,d0_1500,nws_cli_knyc,FULL_OPERATIONAL_REPLAY,7,summer,81.1,83.0,1.9000000000000057
hrrr_operational_latest,KXHIGHNY-26JUL25,2026-07-25,d0_1500,nws_cli_knyc,FULL_OPERATIONAL_REPLAY,7,summer,82.7,81.0,-1.7000000000000028
hrrr_operational_latest,KXHIGHNY-26APR03,2026-04-03,dminus1_1800,nws_cli_knyc,FULL_OPERATIONAL_REPLAY,4,spring,61.8,66.0,4.200000000000003
hrrr_operational_latest,KXHIGHNY-26APR04,2026-04-04,dminus1_1800,nws_cli_knyc,FULL_OPERATIONAL_REPLAY,4,spring,71.4,73.0,1.5999999999999943
hrrr_operational_latest,KXHIGHNY-26APR05,2026-04-05,dminus1_1800,nws_cli_knyc,FULL_OPERATIONAL_REPLAY,4,spring,66.7,57.0,-9.700000000000003
hrrr_operational_latest,KXHIGHNY-26APR06,2026-04-06,dminus1_1800,nws_cli_knyc,FULL_OPERATIONAL_REPLAY,4,spring,51.5,56.0,4.5
hrrr_operational_latest,KXHIGHNY-26APR07,2026-04-07,dminus1_1800,nws_cli_knyc,FULL_OPERATIONAL_REPLAY,4,spring,50.0,56.0,6.0
hrrr_operational_latest,KXHIGHNY-26APR08,2026-04-08,dminus1_1800,nws_cli_knyc,FULL_OPERATIONAL_REPLAY,4,spring,49.7,51.0,1.2999999999999972
hrrr_operational_latest,KXHIGHNY-26APR09,2026-04-09,dminus1_1800,nws_cli_knyc,FULL_OPERATIONAL_REPLAY,4,spring,46.3,51.0,4.700000000000003
hrrr_operational_latest,KXHIGHNY-26APR10,2026-04-10,dminus1_1800,nws_cli_knyc,FULL_OPERATIONAL_REPLAY,4,spring,63.3,63.0,-0.29999999999999716
hrrr_operational_latest,KXHIGHNY-26APR11,2026-04-11,dminus1_1800,nws_cli_knyc,FULL_OPERATIONAL_REPLAY,4,spring,60.2,63.0,2.799999999999997
hrrr_operational_latest,KXHIGHNY-26APR12,2026-04-12,dminus1_1800,nws_cli_knyc,FULL_OPERATIONAL_REPLAY,4,spring,54.8,55.0,0.20000000000000284
hrrr_operational_latest,KXHIGHNY-26APR13,2026-04-13,dminus1_1800,nws_cli_knyc,FULL_OPERATIONAL_REPLAY,4,spring,80.8,79.0,-1.7999999999999972
hrrr_operational_latest,KXHIGHNY-26APR14,2026-04-14,dminus1_1800,nws_cli_knyc,FULL_OPERATIONAL_REPLAY,4,spring,85.6,87.0,1.4000000000000057
hrrr_operational_latest,KXHIGHNY-26APR15,2026-04-15,dminus1_1800,nws_cli_knyc,FULL_OPERATIONAL_REPLAY,4,spring,88.4,90.0,1.5999999999999943
hrrr_operational_latest,KXHIGHNY-26APR16,2026-04-16,dminus1_1800,nws_cli_knyc,FULL_OPERATIONAL_REPLAY,4,spring,88.8,89.0,0.20000000000000284
hrrr_operational_latest,KXHIGHNY-26APR17,2026-04-17,dminus1_1800,nws_cli_knyc,FULL_OPERATIONAL_REPLAY,4,spring,76.7,81.0,4.299999999999997
hrrr_operational_latest,KXHIGHNY-26APR18,2026-04-18,dminus1_1800,nws_cli_knyc,FULL_OPERATIONAL_REPLAY,4,spring,61.6,66.0,4.399999999999999
hrrr_operational_latest,KXHIGHNY-26APR19,2026-04-19,dminus1_1800,nws_cli_knyc,FULL_OPERATIONAL_REPLAY,4,spring,50.9,53.0,2.1000000000000014
hrrr_operational_latest,KXHIGHNY-26APR20,2026-04-20,dminus1_1800,nws_cli_knyc,FULL_OPERATIONAL_REPLAY,4,spring,47.2,51.0,3.799999999999997
hrrr_operational_latest,KXHIGHNY-26APR21,2026-04-21,dminus1_1800,nws_cli_knyc,FULL_OPERATIONAL_REPLAY,4,spring,52.7,54.0,1.2999999999999972
hrrr_operational_latest,KXHIGHNY-26APR22,2026-04-22,dminus1_1800,nws_cli_knyc,FULL_OPERATIONAL_REPLAY,4,spring,52.4,56.0,3.6000000000000014
hrrr_operational_latest,KXHIGHNY-26APR23,2026-04-23,dminus1_1800,nws_cli_knyc,FULL_OPERATIONAL_REPLAY,4,spring,74.7,73.0,-1.7000000000000028
hrrr_operational_latest,KXHIGHNY-26APR24,2026-04-24,dminus1_1800,nws_cli_knyc,FULL_OPERATIONAL_REPLAY,4,spring,66.7,68.0,1.2999999999999972
hrrr_operational_latest,KXHIGHNY-26APR25,2026-04-25,dminus1_1800,nws_cli_knyc,FULL_OPERATIONAL_REPLAY,4,spring,47.9,50.0,2.1000000000000014
hrrr_operational_latest,KXHIGHNY-26APR26,2026-04-26,dminus1_1800,nws_cli_knyc,FULL_OPERATIONAL_REPLAY,4,spring,52.1,57.0,4.899999999999999
hrrr_operational_latest,KXHIGHNY-26APR27,2026-04-27,dminus1_1800,nws_cli_knyc,FULL_OPERATIONAL_REPLAY,4,spring,64.5,68.0,3.5
hrrr_operational_latest,KXHIGHNY-26APR28,2026-04-28,dminus1_1800,nws_cli_knyc,FULL_OPERATIONAL_REPLAY,4,spring,63.5,65.0,1.5
hrrr_operational_latest,KXHIGHNY-26APR29,2026-04-29,dminus1_1800,nws_cli_knyc,FULL_OPERATIONAL_REPLAY,4,spring,62.1,62.0,-0.10000000000000142
hrrr_operational_latest,KXHIGHNY-26APR30,2026-04-30,dminus1_1800,nws_cli_knyc,FULL_OPERATIONAL_REPLAY,4,spring,56.4,60.0,3.6000000000000014
hrrr_operational_latest,KXHIGHNY-26MAY01,2026-05-01,dminus1_1800,nws_cli_knyc,FULL_OPERATIONAL_REPLAY,5,spring,62.9,64.0,1.1000000000000014
hrrr_operational_latest,KXHIGHNY-26MAY02,2026-05-02,dminus1_1800,nws_cli_knyc,FULL_OPERATIONAL_REPLAY,5,spring,59.7,61.0,1.2999999999999972
hrrr_operational_latest,KXHIGHNY-26MAY03,2026-05-03,dminus1_1800,nws_cli_knyc,FULL_OPERATIONAL_REPLAY,5,spring,57.4,59.0,1.6000000000000014
hrrr_operational_latest,KXHIGHNY-26MAY04,2026-05-04,dminus1_1800,nws_cli_knyc,FULL_OPERATIONAL_REPLAY,5,spring,71.8,72.0,0.20000000000000284
hrrr_operational_latest,KXHIGHNY-26MAY05,2026-05-05,dminus1_1800,nws_cli_knyc,FULL_OPERATIONAL_REPLAY,5,spring,83.5,81.0,-2.5
hrrr_operational_latest,KXHIGHNY-26MAY06,2026-05-06,dminus1_1800,nws_cli_knyc,FULL_OPERATIONAL_REPLAY,5,spring,75.5,71.0,-4.5
hrrr_operational_latest,KXHIGHNY-26MAY07,2026-05-07,dminus1_1800,nws_cli_knyc,FULL_OPERATIONAL_REPLAY,5,spring,62.8,64.0,1.2000000000000028
hrrr_operational_latest,KXHIGHNY-26MAY08,2026-05-08,dminus1_1800,nws_cli_knyc,FULL_OPERATIONAL_REPLAY,5,spring,61.5,63.0,1.5
hrrr_operational_latest,KXHIGHNY-26MAY09,2026-05-09,dminus1_1800,nws_cli_knyc,FULL_OPERATIONAL_REPLAY,5,spring,68.8,65.0,-3.799999999999997
hrrr_operational_latest,KXHIGHNY-26MAY10,2026-05-10,dminus1_1800,nws_cli_knyc,FULL_OPERATIONAL_REPLAY,5,spring,70.5,73.0,2.5
hrrr_operational_latest,KXHIGHNY-26MAY11,2026-05-11,dminus1_1800,nws_cli_knyc,FULL_OPERATIONAL_REPLAY,5,spring,64.9,61.0,-3.9000000000000057
hrrr_operational_latest,KXHIGHNY-26MAY12,2026-05-12,dminus1_1800,nws_cli_knyc,FULL_OPERATIONAL_REPLAY,5,spring,66.4,66.0,-0.4000000000000057
hrrr_operational_latest,KXHIGHNY-26MAY13,2026-05-13,dminus1_1800,nws_cli_knyc,FULL_OPERATIONAL_REPLAY,5,spring,73.1,72.0,-1.0999999999999943
hrrr_operational_latest,KXHIGHNY-26MAY14,2026-05-14,dminus1_1800,nws_cli_knyc,FULL_OPERATIONAL_REPLAY,5,spring,60.3,66.0,5.700000000000003
hrrr_operational_latest,KXHIGHNY-26MAY15,2026-05-15,dminus1_1800,nws_cli_knyc,FULL_OPERATIONAL_REPLAY,5,spring,66.7,66.0,-0.7000000000000028
hrrr_operational_latest,KXHIGHNY-26MAY16,2026-05-16,dminus1_1800,nws_cli_knyc,FULL_OPERATIONAL_REPLAY,5,spring,78.9,80.0,1.0999999999999943
hrrr_operational_latest,KXHIGHNY-26MAY17,2026-05-17,dminus1_1800,nws_cli_knyc,FULL_OPERATIONAL_REPLAY,5,spring,90.1,87.0,-3.0999999999999943
hrrr_operational_latest,KXHIGHNY-26MAY18,2026-05-18,dminus1_1800,nws_cli_knyc,FULL_OPERATIONAL_REPLAY,5,spring,89.2,88.0,-1.2000000000000028
hrrr_operational_latest,KXHIGHNY-26MAY19,2026-05-19,dminus1_1800,nws_cli_knyc,FULL_OPERATIONAL_REPLAY,5,spring,97.3,93.0,-4.299999999999997
hrrr_operational_latest,KXHIGHNY-26MAY20,2026-05-20,dminus1_1800,nws_cli_knyc,FULL_OPERATIONAL_REPLAY,5,spring,93.8,92.0,-1.7999999999999972
hrrr_operational_latest,KXHIGHNY-26MAY21,2026-05-21,dminus1_1800,nws_cli_knyc,FULL_OPERATIONAL_REPLAY,5,spring,69.2,66.0,-3.200000000000003
hrrr_operational_latest,KXHIGHNY-26MAY22,2026-05-22,dminus1_1800,nws_cli_knyc,FULL_OPERATIONAL_REPLAY,5,spring,69.2,68.0,-1.2000000000000028
hrrr_operational_latest,KXHIGHNY-26MAY23,2026-05-23,dminus1_1800,nws_cli_knyc,FULL_OPERATIONAL_REPLAY,5,spring,60.0,57.0,-3.0
hrrr_operational_latest,KXHIGHNY-26MAY24,2026-05-24,dminus1_1800,nws_cli_knyc,FULL_OPERATIONAL_REPLAY,5,spring,55.8,56.0,0.20000000000000284
hrrr_operational_latest,KXHIGHNY-26MAY25,2026-05-25,dminus1_1800,nws_cli_knyc,FULL_OPERATIONAL_REPLAY,5,spring,69.9,73.0,3.0999999999999943
hrrr_operational_latest,KXHIGHNY-26MAY26,2026-05-26,dminus1_1800,nws_cli_knyc,FULL_OPERATIONAL_REPLAY,5,spring,78.2,79.0,0.7999999999999972
hrrr_operational_latest,KXHIGHNY-26MAY27,2026-05-27,dminus1_1800,nws_cli_knyc,FULL_OPERATIONAL_REPLAY,5,spring,86.3,81.0,-5.299999999999997
hrrr_operational_latest,KXHIGHNY-26MAY28,2026-05-28,dminus1_1800,nws_cli_knyc,FULL_OPERATIONAL_REPLAY,5,spring,74.6,75.0,0.4000000000000057
hrrr_operational_latest,KXHIGHNY-26MAY29,2026-05-29,dminus1_1800,nws_cli_knyc,FULL_OPERATIONAL_REPLAY,5,spring,77.7,75.0,-2.700000000000003
hrrr_operational_latest,KXHIGHNY-26MAY30,2026-05-30,dminus1_1800,nws_cli_knyc,FULL_OPERATIONAL_REPLAY,5,spring,66.8,69.0,2.200000000000003
hrrr_operational_latest,KXHIGHNY-26MAY31,2026-05-31,dminus1_1800,nws_cli_knyc,FULL_OPERATIONAL_REPLAY,5,spring,74.6,75.0,0.4000000000000057
hrrr_operational_latest,KXHIGHNY-26JUN01,2026-06-01,dminus1_1800,nws_cli_knyc,FULL_OPERATIONAL_REPLAY,6,summer,71.4,71.0,-0.4000000000000057
hrrr_operational_latest,KXHIGHNY-26JUN02,2026-06-02,dminus1_1800,nws_cli_knyc,FULL_OPERATIONAL_REPLAY,6,summer,75.5,76.0,0.5
hrrr_operational_latest,KXHIGHNY-26JUN03,2026-06-03,dminus1_1800,nws_cli_knyc,FULL_OPERATIONAL_REPLAY,6,summer,82.4,83.0,0.5999999999999943
hrrr_operational_latest,KXHIGHNY-26JUN04,2026-06-04,dminus1_1800,nws_cli_knyc,FULL_OPERATIONAL_REPLAY,6,summer,88.0,86.0,-2.0
hrrr_operational_latest,KXHIGHNY-26JUN05,2026-06-05,dminus1_1800,nws_cli_knyc,FULL_OPERATIONAL_REPLAY,6,summer,91.9,88.0,-3.9000000000000057
hrrr_operational_latest,KXHIGHNY-26JUN06,2026-06-06,dminus1_1800,nws_cli_knyc,FULL_OPERATIONAL_REPLAY,6,summer,93.6,87.0,-6.599999999999994
hrrr_operational_latest,KXHIGHNY-26JUN07,2026-06-07,dminus1_1800,nws_cli_knyc,FULL_OPERATIONAL_REPLAY,6,summer,84.4,81.0,-3.4000000000000057
hrrr_operational_latest,KXHIGHNY-26JUN08,2026-06-08,dminus1_1800,nws_cli_knyc,FULL_OPERATIONAL_REPLAY,6,summer,76.4,75.0,-1.4000000000000057
hrrr_operational_latest,KXHIGHNY-26JUN09,2026-06-09,dminus1_1800,nws_cli_knyc,FULL_OPERATIONAL_REPLAY,6,summer,80.3,79.0,-1.2999999999999972
hrrr_operational_latest,KXHIGHNY-26JUN10,2026-06-10,dminus1_1800,nws_cli_knyc,FULL_OPERATIONAL_REPLAY,6,summer,83.6,82.0,-1.5999999999999943
hrrr_operational_latest,KXHIGHNY-26JUN12,2026-06-12,dminus1_1800,nws_cli_knyc,FULL_OPERATIONAL_REPLAY,6,summer,96.2,90.0,-6.200000000000003
hrrr_operational_latest,KXHIGHNY-26JUN13,2026-06-13,dminus1_1800,nws_cli_knyc,FULL_OPERATIONAL_REPLAY,6,summer,88.8,85.0,-3.799999999999997
hrrr_operational_latest,KXHIGHNY-26JUN14,2026-06-14,dminus1_1800,nws_cli_knyc,FULL_OPERATIONAL_REPLAY,6,summer,93.6,87.0,-6.599999999999994
hrrr_operational_latest,KXHIGHNY-26JUN15,2026-06-15,dminus1_1800,nws_cli_knyc,FULL_OPERATIONAL_REPLAY,6,summer,78.5,74.0,-4.5
hrrr_operational_latest,KXHIGHNY-26JUN16,2026-06-16,dminus1_1800,nws_cli_knyc,FULL_OPERATIONAL_REPLAY,6,summer,79.6,76.0,-3.5999999999999943
hrrr_operational_latest,KXHIGHNY-26JUN17,2026-06-17,dminus1_1800,nws_cli_knyc,FULL_OPERATIONAL_REPLAY,6,summer,79.0,78.0,-1.0
hrrr_operational_latest,KXHIGHNY-26JUN18,2026-06-18,dminus1_1800,nws_cli_knyc,FULL_OPERATIONAL_REPLAY,6,summer,86.8,86.0,-0.7999999999999972
hrrr_operational_latest,KXHIGHNY-26JUN19,2026-06-19,dminus1_1800,nws_cli_knyc,FULL_OPERATIONAL_REPLAY,6,summer,84.4,81.0,-3.4000000000000057
hrrr_operational_latest,KXHIGHNY-26JUN20,2026-06-20,dminus1_1800,nws_cli_knyc,FULL_OPERATIONAL_REPLAY,6,summer,83.7,81.0,-2.700000000000003
hrrr_operational_latest,KXHIGHNY-26JUN21,2026-06-21,dminus1_1800,nws_cli_knyc,FULL_OPERATIONAL_REPLAY,6,summer,82.6,82.0,-0.5999999999999943
hrrr_operational_latest,KXHIGHNY-26JUN22,2026-06-22,dminus1_1800,nws_cli_knyc,FULL_OPERATIONAL_REPLAY,6,summer,78.8,73.0,-5.799999999999997
hrrr_operational_latest,KXHIGHNY-26JUN23,2026-06-23,dminus1_1800,nws_cli_knyc,FULL_OPERATIONAL_REPLAY,6,summer,74.5,71.0,-3.5
hrrr_operational_latest,KXHIGHNY-26JUN24,2026-06-24,dminus1_1800,nws_cli_knyc,FULL_OPERATIONAL_REPLAY,6,summer,83.9,82.0,-1.9000000000000057
hrrr_operational_latest,KXHIGHNY-26JUN25,2026-06-25,dminus1_1800,nws_cli_knyc,FULL_OPERATIONAL_REPLAY,6,summer,85.8,83.0,-2.799999999999997
hrrr_operational_latest,KXHIGHNY-26JUN26,2026-06-26,dminus1_1800,nws_cli_knyc,FULL_OPERATIONAL_REPLAY,6,summer,88.3,80.0,-8.299999999999997
hrrr_operational_latest,KXHIGHNY-26JUN27,2026-06-27,dminus1_1800,nws_cli_knyc,FULL_OPERATIONAL_REPLAY,6,summer,81.3,78.0,-3.299999999999997
hrrr_operational_latest,KXHIGHNY-26JUN28,2026-06-28,dminus1_1800,nws_cli_knyc,FULL_OPERATIONAL_REPLAY,6,summer,83.0,82.0,-1.0
hrrr_operational_latest,KXHIGHNY-26JUN29,2026-06-29,dminus1_1800,nws_cli_knyc,FULL_OPERATIONAL_REPLAY,6,summer,89.2,88.0,-1.2000000000000028
hrrr_operational_latest,KXHIGHNY-26JUN30,2026-06-30,dminus1_1800,nws_cli_knyc,FULL_OPERATIONAL_REPLAY,6,summer,91.9,87.0,-4.900000000000006
hrrr_operational_latest,KXHIGHNY-26JUL01,2026-07-01,dminus1_1800,nws_cli_knyc,FULL_OPERATIONAL_REPLAY,7,summer,97.8,93.0,-4.799999999999997
hrrr_operational_latest,KXHIGHNY-26JUL02,2026-07-02,dminus1_1800,nws_cli_knyc,FULL_OPERATIONAL_REPLAY,7,summer,103.4,100.0,-3.4000000000000057
hrrr_operational_latest,KXHIGHNY-26JUL03,2026-07-03,dminus1_1800,nws_cli_knyc,FULL_OPERATIONAL_REPLAY,7,summer,104.8,98.0,-6.799999999999997
hrrr_operational_latest,KXHIGHNY-26JUL04,2026-07-04,dminus1_1800,nws_cli_knyc,FULL_OPERATIONAL_REPLAY,7,summer,100.7,94.0,-6.700000000000003
hrrr_operational_latest,KXHIGHNY-26JUL05,2026-07-05,dminus1_1800,nws_cli_knyc,FULL_OPERATIONAL_REPLAY,7,summer,84.8,81.0,-3.799999999999997
hrrr_operational_latest,KXHIGHNY-26JUL06,2026-07-06,dminus1_1800,nws_cli_knyc,FULL_OPERATIONAL_REPLAY,7,summer,71.0,69.0,-2.0
hrrr_operational_latest,KXHIGHNY-26JUL07,2026-07-07,dminus1_1800,nws_cli_knyc,FULL_OPERATIONAL_REPLAY,7,summer,75.7,70.0,-5.700000000000003
hrrr_operational_latest,KXHIGHNY-26JUL08,2026-07-08,dminus1_1800,nws_cli_knyc,FULL_OPERATIONAL_REPLAY,7,summer,81.6,85.0,3.4000000000000057
hrrr_operational_latest,KXHIGHNY-26JUL09,2026-07-09,dminus1_1800,nws_cli_knyc,FULL_OPERATIONAL_REPLAY,7,summer,80.4,82.0,1.5999999999999943
hrrr_operational_latest,KXHIGHNY-26JUL10,2026-07-10,dminus1_1800,nws_cli_knyc,FULL_OPERATIONAL_REPLAY,7,summer,88.2,85.0,-3.200000000000003
hrrr_operational_latest,KXHIGHNY-26JUL11,2026-07-11,dminus1_1800,nws_cli_knyc,FULL_OPERATIONAL_REPLAY,7,summer,78.7,82.0,3.299999999999997
hrrr_operational_latest,KXHIGHNY-26JUL12,2026-07-12,dminus1_1800,nws_cli_knyc,FULL_OPERATIONAL_REPLAY,7,summer,85.9,84.0,-1.9000000000000057
hrrr_operational_latest,KXHIGHNY-26JUL13,2026-07-13,dminus1_1800,nws_cli_knyc,FULL_OPERATIONAL_REPLAY,7,summer,86.1,84.0,-2.0999999999999943
hrrr_operational_latest,KXHIGHNY-26JUL14,2026-07-14,dminus1_1800,nws_cli_knyc,FULL_OPERATIONAL_REPLAY,7,summer,95.8,90.0,-5.799999999999997
hrrr_operational_latest,KXHIGHNY-26JUL15,2026-07-15,dminus1_1800,nws_cli_knyc,FULL_OPERATIONAL_REPLAY,7,summer,99.5,95.0,-4.5
hrrr_operational_latest,KXHIGHNY-26JUL16,2026-07-16,dminus1_1800,nws_cli_knyc,FULL_OPERATIONAL_REPLAY,7,summer,93.8,85.0,-8.799999999999997
hrrr_operational_latest,KXHIGHNY-26JUL17,2026-07-17,dminus1_1800,nws_cli_knyc,FULL_OPERATIONAL_REPLAY,7,summer,88.6,86.0,-2.5999999999999943
hrrr_operational_latest,KXHIGHNY-26JUL18,2026-07-18,dminus1_1800,nws_cli_knyc,FULL_OPERATIONAL_REPLAY,7,summer,91.4,76.0,-15.400000000000006
hrrr_operational_latest,KXHIGHNY-26JUL19,2026-07-19,dminus1_1800,nws_cli_knyc,FULL_OPERATIONAL_REPLAY,7,summer,79.5,79.0,-0.5
hrrr_operational_latest,KXHIGHNY-26JUL20,2026-07-20,dminus1_1800,nws_cli_knyc,FULL_OPERATIONAL_REPLAY,7,summer,83.0,81.0,-2.0
hrrr_operational_latest,KXHIGHNY-26JUL21,2026-07-21,dminus1_1800,nws_cli_knyc,FULL_OPERATIONAL_REPLAY,7,summer,80.3,81.0,0.7000000000000028
hrrr_operational_latest,KXHIGHNY-26JUL22,2026-07-22,dminus1_1800,nws_cli_knyc,FULL_OPERATIONAL_REPLAY,7,summer,85.6,85.0,-0.5999999999999943
hrrr_operational_latest,KXHIGHNY-26JUL23,2026-07-23,dminus1_1800,nws_cli_knyc,FULL_OPERATIONAL_REPLAY,7,summer,81.6,79.0,-2.5999999999999943
hrrr_operational_latest,KXHIGHNY-26JUL24,2026-07-24,dminus1_1800,nws_cli_knyc,FULL_OPERATIONAL_REPLAY,7,summer,84.4,83.0,-1.4000000000000057
hrrr_operational_latest,KXHIGHNY-26JUL25,2026-07-25,dminus1_1800,nws_cli_knyc,FULL_OPERATIONAL_REPLAY,7,summer,83.2,81.0,-2.200000000000003
